instance,tree_file,inference_time_seconds
exon_1000.fasta,exon_1000.tre,1.672576
exon_10000.fasta,exon_10000.tre,0.356655
exon_10001.fasta,exon_10001.tre,0.908683
exon_10002.fasta,exon_10002.tre,0.580646
exon_10003.fasta,exon_10003.tre,0.317052
exon_10004.fasta,exon_10004.tre,0.649781
exon_10005.fasta,exon_10005.tre,0.449115
exon_10006.fasta,exon_10006.tre,0.502549
exon_10007.fasta,exon_10007.tre,0.540309
exon_10008.fasta,exon_10008.tre,0.373686
exon_10009.fasta,exon_10009.tre,0.490294
exon_1001.fasta,exon_1001.tre,0.830403
exon_10010.fasta,exon_10010.tre,0.617194
exon_10011.fasta,exon_10011.tre,0.455930
exon_10012.fasta,exon_10012.tre,0.385424
exon_10013.fasta,exon_10013.tre,0.464150
exon_10014.fasta,exon_10014.tre,0.482969
exon_10015.fasta,exon_10015.tre,0.338533
exon_10016.fasta,exon_10016.tre,0.645913
exon_10017.fasta,exon_10017.tre,0.520443
exon_10018.fasta,exon_10018.tre,0.459659
exon_10019.fasta,exon_10019.tre,0.326909
exon_10022.fasta,exon_10022.tre,0.710615
exon_10023.fasta,exon_10023.tre,0.865380
exon_10024.fasta,exon_10024.tre,0.620278
exon_10025.fasta,exon_10025.tre,0.494853
exon_10026.fasta,exon_10026.tre,1.975426
exon_10027.fasta,exon_10027.tre,0.801491
exon_10028.fasta,exon_10028.tre,0.427498
exon_10029.fasta,exon_10029.tre,0.786818
exon_10031.fasta,exon_10031.tre,0.366652
exon_10032.fasta,exon_10032.tre,0.821283
exon_10034.fasta,exon_10034.tre,0.621725
exon_10035.fasta,exon_10035.tre,0.401204
exon_10036.fasta,exon_10036.tre,0.503065
exon_1004.fasta,exon_1004.tre,0.473236
exon_10041.fasta,exon_10041.tre,0.486971
exon_10043.fasta,exon_10043.tre,1.061287
exon_10044.fasta,exon_10044.tre,0.692543
exon_10045.fasta,exon_10045.tre,0.524634
exon_10046.fasta,exon_10046.tre,1.744931
exon_10047.fasta,exon_10047.tre,0.716885
exon_10048.fasta,exon_10048.tre,0.385994
exon_10049.fasta,exon_10049.tre,0.598722
exon_1005.fasta,exon_1005.tre,0.439372
exon_10050.fasta,exon_10050.tre,0.518998
exon_10052.fasta,exon_10052.tre,0.528620
exon_10053.fasta,exon_10053.tre,0.851214
exon_10056.fasta,exon_10056.tre,0.590978
exon_10057.fasta,exon_10057.tre,0.576668
exon_10059.fasta,exon_10059.tre,0.741890
exon_1006.fasta,exon_1006.tre,0.786609
exon_10060.fasta,exon_10060.tre,0.877300
exon_10062.fasta,exon_10062.tre,2.538953
exon_10063.fasta,exon_10063.tre,0.473465
exon_10065.fasta,exon_10065.tre,0.681555
exon_10066.fasta,exon_10066.tre,0.486939
exon_10067.fasta,exon_10067.tre,0.623267
exon_10068.fasta,exon_10068.tre,0.511668
exon_10069.fasta,exon_10069.tre,0.609061
exon_10070.fasta,exon_10070.tre,0.402899
exon_10072.fasta,exon_10072.tre,0.557685
exon_10073.fasta,exon_10073.tre,0.889128
exon_10074.fasta,exon_10074.tre,0.707240
exon_10075.fasta,exon_10075.tre,0.413613
exon_10076.fasta,exon_10076.tre,1.055208
exon_10077.fasta,exon_10077.tre,0.367184
exon_10079.fasta,exon_10079.tre,0.597180
exon_10080.fasta,exon_10080.tre,0.555156
exon_10081.fasta,exon_10081.tre,0.560577
exon_10082.fasta,exon_10082.tre,0.473500
exon_10083.fasta,exon_10083.tre,0.514464
exon_10085.fasta,exon_10085.tre,0.488358
exon_10086.fasta,exon_10086.tre,0.673166
exon_10087.fasta,exon_10087.tre,0.621728
exon_10088.fasta,exon_10088.tre,0.950609
exon_1009.fasta,exon_1009.tre,0.614117
exon_10090.fasta,exon_10090.tre,0.421566
exon_10091.fasta,exon_10091.tre,0.959109
exon_10092.fasta,exon_10092.tre,0.444132
exon_10093.fasta,exon_10093.tre,0.474640
exon_10094.fasta,exon_10094.tre,0.359601
exon_10095.fasta,exon_10095.tre,0.485824
exon_10096.fasta,exon_10096.tre,0.463501
exon_10098.fasta,exon_10098.tre,0.333652
exon_10099.fasta,exon_10099.tre,0.454581
exon_10100.fasta,exon_10100.tre,0.467890
exon_10103.fasta,exon_10103.tre,0.648989
exon_10105.fasta,exon_10105.tre,0.333622
exon_10106.fasta,exon_10106.tre,0.511320
exon_10107.fasta,exon_10107.tre,0.471231
exon_10108.fasta,exon_10108.tre,0.466138
exon_10109.fasta,exon_10109.tre,0.429196
exon_10110.fasta,exon_10110.tre,0.495929
exon_10112.fasta,exon_10112.tre,0.401373
exon_10113.fasta,exon_10113.tre,0.517696
exon_10114.fasta,exon_10114.tre,0.483679
exon_10115.fasta,exon_10115.tre,1.837690
exon_10116.fasta,exon_10116.tre,0.622418
exon_10117.fasta,exon_10117.tre,0.685229
exon_10118.fasta,exon_10118.tre,0.601840
exon_10120.fasta,exon_10120.tre,6.900512
exon_10122.fasta,exon_10122.tre,0.414068
exon_10124.fasta,exon_10124.tre,0.716796
exon_10125.fasta,exon_10125.tre,0.415378
exon_10128.fasta,exon_10128.tre,0.633236
exon_10129.fasta,exon_10129.tre,0.337346
exon_1013.fasta,exon_1013.tre,0.501652
exon_10132.fasta,exon_10132.tre,1.049335
exon_10133.fasta,exon_10133.tre,0.599709
exon_10134.fasta,exon_10134.tre,0.893802
exon_10135.fasta,exon_10135.tre,0.349083
exon_10136.fasta,exon_10136.tre,1.464365
exon_10137.fasta,exon_10137.tre,0.479115
exon_10138.fasta,exon_10138.tre,0.675711
exon_10139.fasta,exon_10139.tre,0.413373
exon_1014.fasta,exon_1014.tre,0.620532
exon_10140.fasta,exon_10140.tre,0.563032
exon_10141.fasta,exon_10141.tre,1.120593
exon_10142.fasta,exon_10142.tre,0.663486
exon_10145.fasta,exon_10145.tre,0.523203
exon_10146.fasta,exon_10146.tre,0.784465
exon_10148.fasta,exon_10148.tre,0.480594
exon_10149.fasta,exon_10149.tre,0.466842
exon_1015.fasta,exon_1015.tre,5.829153
exon_10150.fasta,exon_10150.tre,0.372484
exon_10151.fasta,exon_10151.tre,0.503314
exon_10155.fasta,exon_10155.tre,0.647726
exon_10159.fasta,exon_10159.tre,0.651402
exon_1016.fasta,exon_1016.tre,0.849552
exon_10161.fasta,exon_10161.tre,0.650344
exon_10162.fasta,exon_10162.tre,0.586988
exon_10164.fasta,exon_10164.tre,0.946695
exon_10165.fasta,exon_10165.tre,0.645605
exon_10167.fasta,exon_10167.tre,0.564836
exon_10168.fasta,exon_10168.tre,0.566644
exon_10169.fasta,exon_10169.tre,0.532401
exon_10174.fasta,exon_10174.tre,0.993261
exon_10175.fasta,exon_10175.tre,0.563210
exon_10176.fasta,exon_10176.tre,0.498190
exon_10178.fasta,exon_10178.tre,0.511587
exon_10180.fasta,exon_10180.tre,0.298711
exon_10181.fasta,exon_10181.tre,0.649447
exon_10182.fasta,exon_10182.tre,0.505325
exon_10183.fasta,exon_10183.tre,0.814737
exon_10184.fasta,exon_10184.tre,0.595022
exon_10185.fasta,exon_10185.tre,0.359753
exon_10186.fasta,exon_10186.tre,0.490129
exon_10187.fasta,exon_10187.tre,0.306322
exon_10188.fasta,exon_10188.tre,0.634632
exon_10190.fasta,exon_10190.tre,0.639812
exon_10191.fasta,exon_10191.tre,0.543799
exon_10192.fasta,exon_10192.tre,0.573042
exon_10193.fasta,exon_10193.tre,1.237673
exon_10195.fasta,exon_10195.tre,0.379876
exon_10196.fasta,exon_10196.tre,0.672837
exon_10197.fasta,exon_10197.tre,0.496132
exon_10198.fasta,exon_10198.tre,0.502955
exon_10199.fasta,exon_10199.tre,0.648068
exon_102.fasta,exon_102.tre,0.470272
exon_1020.fasta,exon_1020.tre,0.668718
exon_10200.fasta,exon_10200.tre,0.692740
exon_10203.fasta,exon_10203.tre,1.074018
exon_10205.fasta,exon_10205.tre,0.550562
exon_10206.fasta,exon_10206.tre,0.389420
exon_10207.fasta,exon_10207.tre,0.701762
exon_10208.fasta,exon_10208.tre,0.595801
exon_1021.fasta,exon_1021.tre,0.393599
exon_10210.fasta,exon_10210.tre,0.626047
exon_10211.fasta,exon_10211.tre,0.645493
exon_10212.fasta,exon_10212.tre,0.899407
exon_10214.fasta,exon_10214.tre,0.525940
exon_10215.fasta,exon_10215.tre,0.523334
exon_10216.fasta,exon_10216.tre,0.509962
exon_10217.fasta,exon_10217.tre,0.499558
exon_10218.fasta,exon_10218.tre,0.839320
exon_10219.fasta,exon_10219.tre,0.584437
exon_1022.fasta,exon_1022.tre,0.513701
exon_10221.fasta,exon_10221.tre,0.633278
exon_10222.fasta,exon_10222.tre,0.536390
exon_10223.fasta,exon_10223.tre,0.666152
exon_10224.fasta,exon_10224.tre,0.473272
exon_10225.fasta,exon_10225.tre,0.386871
exon_10226.fasta,exon_10226.tre,0.533768
exon_10227.fasta,exon_10227.tre,1.177019
exon_10228.fasta,exon_10228.tre,0.886439
exon_10229.fasta,exon_10229.tre,0.540096
exon_10230.fasta,exon_10230.tre,0.519272
exon_10231.fasta,exon_10231.tre,0.788383
exon_10232.fasta,exon_10232.tre,0.512753
exon_10234.fasta,exon_10234.tre,1.433107
exon_10235.fasta,exon_10235.tre,0.502316
exon_10236.fasta,exon_10236.tre,0.446625
exon_10237.fasta,exon_10237.tre,0.566040
exon_10238.fasta,exon_10238.tre,0.492006
exon_10239.fasta,exon_10239.tre,0.456759
exon_1024.fasta,exon_1024.tre,0.313466
exon_10240.fasta,exon_10240.tre,0.657743
exon_10241.fasta,exon_10241.tre,0.587190
exon_10242.fasta,exon_10242.tre,0.851270
exon_10243.fasta,exon_10243.tre,0.483070
exon_10244.fasta,exon_10244.tre,0.515131
exon_10245.fasta,exon_10245.tre,0.579077
exon_10246.fasta,exon_10246.tre,0.598766
exon_10247.fasta,exon_10247.tre,0.875278
exon_10248.fasta,exon_10248.tre,0.514386
exon_10249.fasta,exon_10249.tre,0.565293
exon_1025.fasta,exon_1025.tre,0.671457
exon_10250.fasta,exon_10250.tre,0.596656
exon_10251.fasta,exon_10251.tre,0.497815
exon_10252.fasta,exon_10252.tre,0.589653
exon_10254.fasta,exon_10254.tre,0.822985
exon_10255.fasta,exon_10255.tre,0.508435
exon_10256.fasta,exon_10256.tre,0.473240
exon_10258.fasta,exon_10258.tre,0.943163
exon_10259.fasta,exon_10259.tre,0.419290
exon_1026.fasta,exon_1026.tre,0.643614
exon_10260.fasta,exon_10260.tre,0.469267
exon_10261.fasta,exon_10261.tre,0.432899
exon_10262.fasta,exon_10262.tre,0.531222
exon_10265.fasta,exon_10265.tre,0.760414
exon_10266.fasta,exon_10266.tre,0.449731
exon_10268.fasta,exon_10268.tre,0.599539
exon_1027.fasta,exon_1027.tre,0.946368
exon_10270.fasta,exon_10270.tre,0.400019
exon_10271.fasta,exon_10271.tre,0.397707
exon_10272.fasta,exon_10272.tre,0.516360
exon_10274.fasta,exon_10274.tre,0.502583
exon_10275.fasta,exon_10275.tre,0.537904
exon_10276.fasta,exon_10276.tre,0.520094
exon_10277.fasta,exon_10277.tre,0.510237
exon_10278.fasta,exon_10278.tre,0.479988
exon_10279.fasta,exon_10279.tre,0.730493
exon_1028.fasta,exon_1028.tre,0.514998
exon_10280.fasta,exon_10280.tre,0.296540
exon_10281.fasta,exon_10281.tre,0.376508
exon_10283.fasta,exon_10283.tre,0.498777
exon_10286.fasta,exon_10286.tre,0.940259
exon_10287.fasta,exon_10287.tre,0.467811
exon_10288.fasta,exon_10288.tre,0.549718
exon_10289.fasta,exon_10289.tre,0.658568
exon_1029.fasta,exon_1029.tre,0.391877
exon_10290.fasta,exon_10290.tre,0.419121
exon_10291.fasta,exon_10291.tre,0.700794
exon_10292.fasta,exon_10292.tre,0.573910
exon_10294.fasta,exon_10294.tre,0.402703
exon_10295.fasta,exon_10295.tre,0.418738
exon_10297.fasta,exon_10297.tre,1.147543
exon_10298.fasta,exon_10298.tre,0.542220
exon_1030.fasta,exon_1030.tre,0.589079
exon_10300.fasta,exon_10300.tre,0.471512
exon_10301.fasta,exon_10301.tre,1.032099
exon_10302.fasta,exon_10302.tre,0.479149
exon_10303.fasta,exon_10303.tre,0.730580
exon_10304.fasta,exon_10304.tre,0.611557
exon_10305.fasta,exon_10305.tre,0.503429
exon_10306.fasta,exon_10306.tre,0.514952
exon_10307.fasta,exon_10307.tre,0.473788
exon_10309.fasta,exon_10309.tre,0.455686
exon_10310.fasta,exon_10310.tre,0.422492
exon_10311.fasta,exon_10311.tre,1.733695
exon_10313.fasta,exon_10313.tre,0.606897
exon_10315.fasta,exon_10315.tre,0.552110
exon_10318.fasta,exon_10318.tre,0.344045
exon_10319.fasta,exon_10319.tre,0.394153
exon_10320.fasta,exon_10320.tre,0.514269
exon_10322.fasta,exon_10322.tre,0.976530
exon_10323.fasta,exon_10323.tre,0.356194
exon_10324.fasta,exon_10324.tre,0.579257
exon_10326.fasta,exon_10326.tre,0.411252
exon_10327.fasta,exon_10327.tre,0.520713
exon_10328.fasta,exon_10328.tre,1.592944
exon_10329.fasta,exon_10329.tre,0.528542
exon_10331.fasta,exon_10331.tre,0.554137
exon_10332.fasta,exon_10332.tre,0.485209
exon_10333.fasta,exon_10333.tre,0.702975
exon_10334.fasta,exon_10334.tre,1.142170
exon_10337.fasta,exon_10337.tre,0.365940
exon_10338.fasta,exon_10338.tre,0.665060
exon_10341.fasta,exon_10341.tre,0.523658
exon_10342.fasta,exon_10342.tre,0.631700
exon_10343.fasta,exon_10343.tre,0.520703
exon_10344.fasta,exon_10344.tre,0.652626
exon_10345.fasta,exon_10345.tre,0.492174
exon_10346.fasta,exon_10346.tre,0.486218
exon_10347.fasta,exon_10347.tre,0.508212
exon_10348.fasta,exon_10348.tre,0.667594
exon_10349.fasta,exon_10349.tre,0.607400
exon_1035.fasta,exon_1035.tre,0.522687
exon_10350.fasta,exon_10350.tre,0.564134
exon_10351.fasta,exon_10351.tre,0.581004
exon_10352.fasta,exon_10352.tre,0.657080
exon_10354.fasta,exon_10354.tre,0.611982
exon_10356.fasta,exon_10356.tre,0.592388
exon_10359.fasta,exon_10359.tre,0.399534
exon_1036.fasta,exon_1036.tre,0.520663
exon_10360.fasta,exon_10360.tre,0.560098
exon_10361.fasta,exon_10361.tre,0.876327
exon_10362.fasta,exon_10362.tre,0.918064
exon_10363.fasta,exon_10363.tre,0.313191
exon_10364.fasta,exon_10364.tre,0.321362
exon_10367.fasta,exon_10367.tre,0.693993
exon_10369.fasta,exon_10369.tre,0.534088
exon_1037.fasta,exon_1037.tre,0.520803
exon_10371.fasta,exon_10371.tre,0.536008
exon_10372.fasta,exon_10372.tre,0.603159
exon_10374.fasta,exon_10374.tre,0.534718
exon_10375.fasta,exon_10375.tre,0.642859
exon_10376.fasta,exon_10376.tre,1.017716
exon_10377.fasta,exon_10377.tre,0.523741
exon_10378.fasta,exon_10378.tre,0.658387
exon_10379.fasta,exon_10379.tre,0.375450
exon_1038.fasta,exon_1038.tre,0.600438
exon_10381.fasta,exon_10381.tre,0.508702
exon_10382.fasta,exon_10382.tre,0.429621
exon_10383.fasta,exon_10383.tre,0.599056
exon_10385.fasta,exon_10385.tre,0.397479
exon_1039.fasta,exon_1039.tre,0.622914
exon_10390.fasta,exon_10390.tre,0.503156
exon_10391.fasta,exon_10391.tre,0.560534
exon_10392.fasta,exon_10392.tre,0.543581
exon_10393.fasta,exon_10393.tre,0.564918
exon_10394.fasta,exon_10394.tre,0.650615
exon_10395.fasta,exon_10395.tre,0.538635
exon_10396.fasta,exon_10396.tre,0.839514
exon_10397.fasta,exon_10397.tre,0.432335
exon_10398.fasta,exon_10398.tre,0.621713
exon_10399.fasta,exon_10399.tre,1.190963
exon_1040.fasta,exon_1040.tre,0.373929
exon_10400.fasta,exon_10400.tre,0.643973
exon_10401.fasta,exon_10401.tre,0.704757
exon_10402.fasta,exon_10402.tre,0.807189
exon_10404.fasta,exon_10404.tre,0.548180
exon_10405.fasta,exon_10405.tre,0.513956
exon_10406.fasta,exon_10406.tre,0.496825
exon_10407.fasta,exon_10407.tre,0.577297
exon_10408.fasta,exon_10408.tre,0.693686
exon_10409.fasta,exon_10409.tre,0.409027
exon_10410.fasta,exon_10410.tre,0.583548
exon_10412.fasta,exon_10412.tre,0.506003
exon_10413.fasta,exon_10413.tre,0.495487
exon_10414.fasta,exon_10414.tre,0.377277
exon_10415.fasta,exon_10415.tre,0.568459
exon_10416.fasta,exon_10416.tre,0.607782
exon_10417.fasta,exon_10417.tre,0.449435
exon_10418.fasta,exon_10418.tre,0.415220
exon_10419.fasta,exon_10419.tre,0.702220
exon_1042.fasta,exon_1042.tre,0.510003
exon_10420.fasta,exon_10420.tre,0.373052
exon_10421.fasta,exon_10421.tre,0.824999
exon_10422.fasta,exon_10422.tre,1.057512
exon_10423.fasta,exon_10423.tre,0.643222
exon_10424.fasta,exon_10424.tre,0.917732
exon_10425.fasta,exon_10425.tre,0.565857
exon_10426.fasta,exon_10426.tre,0.866247
exon_10427.fasta,exon_10427.tre,0.373285
exon_10428.fasta,exon_10428.tre,0.401079
exon_10429.fasta,exon_10429.tre,1.702794
exon_1043.fasta,exon_1043.tre,0.687557
exon_10430.fasta,exon_10430.tre,0.631064
exon_10431.fasta,exon_10431.tre,0.500957
exon_10432.fasta,exon_10432.tre,0.858366
exon_10433.fasta,exon_10433.tre,0.809276
exon_10434.fasta,exon_10434.tre,0.778979
exon_10435.fasta,exon_10435.tre,0.340779
exon_10437.fasta,exon_10437.tre,0.558708
exon_10438.fasta,exon_10438.tre,0.396335
exon_1044.fasta,exon_1044.tre,1.149998
exon_10442.fasta,exon_10442.tre,0.581796
exon_10443.fasta,exon_10443.tre,1.356216
exon_10444.fasta,exon_10444.tre,0.631934
exon_10445.fasta,exon_10445.tre,0.400344
exon_10446.fasta,exon_10446.tre,0.400865
exon_10447.fasta,exon_10447.tre,0.514438
exon_10448.fasta,exon_10448.tre,1.107435
exon_10449.fasta,exon_10449.tre,0.762798
exon_1045.fasta,exon_1045.tre,0.587528
exon_10450.fasta,exon_10450.tre,0.541017
exon_10451.fasta,exon_10451.tre,0.394573
exon_10452.fasta,exon_10452.tre,0.546540
exon_10453.fasta,exon_10453.tre,0.925389
exon_10454.fasta,exon_10454.tre,0.572706
exon_10455.fasta,exon_10455.tre,1.800405
exon_10456.fasta,exon_10456.tre,0.317203
exon_10457.fasta,exon_10457.tre,0.468900
exon_10459.fasta,exon_10459.tre,0.472449
exon_1046.fasta,exon_1046.tre,0.633921
exon_10460.fasta,exon_10460.tre,0.666717
exon_10461.fasta,exon_10461.tre,0.410154
exon_10462.fasta,exon_10462.tre,0.381069
exon_10464.fasta,exon_10464.tre,0.429666
exon_10465.fasta,exon_10465.tre,0.490515
exon_10466.fasta,exon_10466.tre,0.530693
exon_10467.fasta,exon_10467.tre,0.329611
exon_10468.fasta,exon_10468.tre,0.571534
exon_10469.fasta,exon_10469.tre,0.546294
exon_1047.fasta,exon_1047.tre,0.677632
exon_10470.fasta,exon_10470.tre,0.483256
exon_10471.fasta,exon_10471.tre,0.512199
exon_10472.fasta,exon_10472.tre,0.535960
exon_10474.fasta,exon_10474.tre,0.609797
exon_10475.fasta,exon_10475.tre,0.625138
exon_10476.fasta,exon_10476.tre,1.423186
exon_10477.fasta,exon_10477.tre,0.615658
exon_10478.fasta,exon_10478.tre,0.890454
exon_10479.fasta,exon_10479.tre,0.451751
exon_10481.fasta,exon_10481.tre,0.481236
exon_10484.fasta,exon_10484.tre,0.585463
exon_10485.fasta,exon_10485.tre,0.579157
exon_10486.fasta,exon_10486.tre,0.489740
exon_1049.fasta,exon_1049.tre,1.789783
exon_10492.fasta,exon_10492.tre,0.413496
exon_10493.fasta,exon_10493.tre,0.544000
exon_10494.fasta,exon_10494.tre,0.421144
exon_10495.fasta,exon_10495.tre,0.454238
exon_10496.fasta,exon_10496.tre,0.577728
exon_10497.fasta,exon_10497.tre,0.663435
exon_10498.fasta,exon_10498.tre,0.452304
exon_10499.fasta,exon_10499.tre,0.464013
exon_105.fasta,exon_105.tre,0.726167
exon_1050.fasta,exon_1050.tre,0.506739
exon_10501.fasta,exon_10501.tre,0.559421
exon_10503.fasta,exon_10503.tre,0.512102
exon_10504.fasta,exon_10504.tre,0.509636
exon_10506.fasta,exon_10506.tre,1.015251
exon_10507.fasta,exon_10507.tre,0.432890
exon_10508.fasta,exon_10508.tre,0.404860
exon_10509.fasta,exon_10509.tre,0.459908
exon_1051.fasta,exon_1051.tre,0.606188
exon_10511.fasta,exon_10511.tre,0.579087
exon_10512.fasta,exon_10512.tre,0.783652
exon_10516.fasta,exon_10516.tre,0.689435
exon_10517.fasta,exon_10517.tre,0.670849
exon_10518.fasta,exon_10518.tre,0.464792
exon_10519.fasta,exon_10519.tre,0.372400
exon_10520.fasta,exon_10520.tre,0.483102
exon_10521.fasta,exon_10521.tre,0.565277
exon_10522.fasta,exon_10522.tre,0.534726
exon_10523.fasta,exon_10523.tre,0.720380
exon_10524.fasta,exon_10524.tre,0.676578
exon_10526.fasta,exon_10526.tre,0.502584
exon_10528.fasta,exon_10528.tre,0.676242
exon_10531.fasta,exon_10531.tre,2.068239
exon_10532.fasta,exon_10532.tre,0.585664
exon_10534.fasta,exon_10534.tre,0.394080
exon_10535.fasta,exon_10535.tre,0.750968
exon_10536.fasta,exon_10536.tre,0.691834
exon_10537.fasta,exon_10537.tre,0.624826
exon_10538.fasta,exon_10538.tre,0.552446
exon_10539.fasta,exon_10539.tre,0.557515
exon_1054.fasta,exon_1054.tre,0.610013
exon_10540.fasta,exon_10540.tre,0.690662
exon_10543.fasta,exon_10543.tre,0.681467
exon_10544.fasta,exon_10544.tre,0.519919
exon_10545.fasta,exon_10545.tre,0.772239
exon_10546.fasta,exon_10546.tre,0.394226
exon_10548.fasta,exon_10548.tre,0.464738
exon_10549.fasta,exon_10549.tre,0.526503
exon_1055.fasta,exon_1055.tre,0.507855
exon_10550.fasta,exon_10550.tre,0.582443
exon_10553.fasta,exon_10553.tre,0.409521
exon_10555.fasta,exon_10555.tre,0.613031
exon_10556.fasta,exon_10556.tre,0.624699
exon_10557.fasta,exon_10557.tre,0.463367
exon_10558.fasta,exon_10558.tre,0.804134
exon_1056.fasta,exon_1056.tre,0.402094
exon_10560.fasta,exon_10560.tre,0.750323
exon_10561.fasta,exon_10561.tre,0.513833
exon_10563.fasta,exon_10563.tre,0.400510
exon_10564.fasta,exon_10564.tre,0.579875
exon_10565.fasta,exon_10565.tre,1.941043
exon_10567.fasta,exon_10567.tre,0.640486
exon_10568.fasta,exon_10568.tre,0.463867
exon_10570.fasta,exon_10570.tre,0.413105
exon_10572.fasta,exon_10572.tre,0.350890
exon_10573.fasta,exon_10573.tre,0.453617
exon_10574.fasta,exon_10574.tre,0.453820
exon_10575.fasta,exon_10575.tre,0.537394
exon_10576.fasta,exon_10576.tre,1.228698
exon_10577.fasta,exon_10577.tre,0.377654
exon_10578.fasta,exon_10578.tre,0.361401
exon_10579.fasta,exon_10579.tre,2.353242
exon_10580.fasta,exon_10580.tre,0.845161
exon_10582.fasta,exon_10582.tre,0.491170
exon_10584.fasta,exon_10584.tre,0.466748
exon_10585.fasta,exon_10585.tre,0.826048
exon_10586.fasta,exon_10586.tre,0.677002
exon_10587.fasta,exon_10587.tre,0.589003
exon_1059.fasta,exon_1059.tre,0.488732
exon_10590.fasta,exon_10590.tre,0.466924
exon_10591.fasta,exon_10591.tre,0.842951
exon_10592.fasta,exon_10592.tre,0.636884
exon_10593.fasta,exon_10593.tre,0.498862
exon_10596.fasta,exon_10596.tre,0.587089
exon_10597.fasta,exon_10597.tre,0.481878
exon_10598.fasta,exon_10598.tre,0.879082
exon_10599.fasta,exon_10599.tre,0.457158
exon_1060.fasta,exon_1060.tre,0.423149
exon_10600.fasta,exon_10600.tre,0.489147
exon_10601.fasta,exon_10601.tre,0.659361
exon_10604.fasta,exon_10604.tre,0.396824
exon_10605.fasta,exon_10605.tre,0.590814
exon_10606.fasta,exon_10606.tre,0.497430
exon_10608.fasta,exon_10608.tre,0.523043
exon_10609.fasta,exon_10609.tre,0.684693
exon_10611.fasta,exon_10611.tre,0.296789
exon_10613.fasta,exon_10613.tre,0.397099
exon_10614.fasta,exon_10614.tre,0.320036
exon_10615.fasta,exon_10615.tre,0.487380
exon_10616.fasta,exon_10616.tre,0.472695
exon_10617.fasta,exon_10617.tre,0.514516
exon_10618.fasta,exon_10618.tre,0.359250
exon_10619.fasta,exon_10619.tre,1.384533
exon_1062.fasta,exon_1062.tre,0.555283
exon_10620.fasta,exon_10620.tre,1.201190
exon_10621.fasta,exon_10621.tre,0.519444
exon_10622.fasta,exon_10622.tre,0.599100
exon_10623.fasta,exon_10623.tre,0.403962
exon_10624.fasta,exon_10624.tre,0.560030
exon_10625.fasta,exon_10625.tre,0.832805
exon_10626.fasta,exon_10626.tre,0.834006
exon_10629.fasta,exon_10629.tre,0.463491
exon_1063.fasta,exon_1063.tre,0.412376
exon_10630.fasta,exon_10630.tre,0.533998
exon_10631.fasta,exon_10631.tre,0.542334
exon_10632.fasta,exon_10632.tre,0.446522
exon_10634.fasta,exon_10634.tre,0.557441
exon_10636.fasta,exon_10636.tre,0.474621
exon_10638.fasta,exon_10638.tre,0.552157
exon_10639.fasta,exon_10639.tre,0.403385
exon_10640.fasta,exon_10640.tre,0.485510
exon_10642.fasta,exon_10642.tre,0.496017
exon_10644.fasta,exon_10644.tre,0.543169
exon_10645.fasta,exon_10645.tre,0.477480
exon_10647.fasta,exon_10647.tre,0.283788
exon_10649.fasta,exon_10649.tre,0.633676
exon_10650.fasta,exon_10650.tre,0.657248
exon_10651.fasta,exon_10651.tre,0.479373
exon_10652.fasta,exon_10652.tre,0.505042
exon_10653.fasta,exon_10653.tre,0.561569
exon_10654.fasta,exon_10654.tre,0.584905
exon_10655.fasta,exon_10655.tre,0.714960
exon_10656.fasta,exon_10656.tre,0.416923
exon_10657.fasta,exon_10657.tre,0.421969
exon_10658.fasta,exon_10658.tre,0.478168
exon_10659.fasta,exon_10659.tre,0.649111
exon_1066.fasta,exon_1066.tre,0.586304
exon_10663.fasta,exon_10663.tre,0.427255
exon_10666.fasta,exon_10666.tre,0.667831
exon_10667.fasta,exon_10667.tre,0.993688
exon_10669.fasta,exon_10669.tre,0.386362
exon_1067.fasta,exon_1067.tre,0.492171
exon_10670.fasta,exon_10670.tre,2.034709
exon_10671.fasta,exon_10671.tre,0.523262
exon_10673.fasta,exon_10673.tre,0.653898
exon_10675.fasta,exon_10675.tre,0.414213
exon_10676.fasta,exon_10676.tre,2.045312
exon_10677.fasta,exon_10677.tre,0.613622
exon_10678.fasta,exon_10678.tre,0.499722
exon_10679.fasta,exon_10679.tre,0.454536
exon_1068.fasta,exon_1068.tre,0.395264
exon_10680.fasta,exon_10680.tre,0.531960
exon_10681.fasta,exon_10681.tre,0.643757
exon_10682.fasta,exon_10682.tre,0.686639
exon_10686.fasta,exon_10686.tre,0.336931
exon_10688.fasta,exon_10688.tre,0.735135
exon_10689.fasta,exon_10689.tre,0.441128
exon_10690.fasta,exon_10690.tre,0.601184
exon_10691.fasta,exon_10691.tre,0.634294
exon_10692.fasta,exon_10692.tre,1.544190
exon_10693.fasta,exon_10693.tre,0.428412
exon_10694.fasta,exon_10694.tre,0.648015
exon_10695.fasta,exon_10695.tre,0.488905
exon_10696.fasta,exon_10696.tre,0.794199
exon_10697.fasta,exon_10697.tre,0.412580
exon_10698.fasta,exon_10698.tre,0.639610
exon_10699.fasta,exon_10699.tre,0.539619
exon_107.fasta,exon_107.tre,0.478405
exon_10700.fasta,exon_10700.tre,0.526205
exon_10703.fasta,exon_10703.tre,0.511426
exon_10705.fasta,exon_10705.tre,0.407822
exon_10706.fasta,exon_10706.tre,0.552862
exon_10707.fasta,exon_10707.tre,1.058928
exon_10708.fasta,exon_10708.tre,0.600801
exon_10709.fasta,exon_10709.tre,0.611148
exon_1071.fasta,exon_1071.tre,0.626837
exon_10710.fasta,exon_10710.tre,0.516666
exon_10711.fasta,exon_10711.tre,0.549598
exon_10712.fasta,exon_10712.tre,0.397969
exon_10713.fasta,exon_10713.tre,0.655622
exon_10714.fasta,exon_10714.tre,0.347535
exon_10715.fasta,exon_10715.tre,0.392321
exon_10717.fasta,exon_10717.tre,0.660913
exon_10718.fasta,exon_10718.tre,0.288782
exon_10719.fasta,exon_10719.tre,0.689905
exon_10720.fasta,exon_10720.tre,0.756367
exon_10721.fasta,exon_10721.tre,0.350626
exon_10722.fasta,exon_10722.tre,0.574513
exon_10723.fasta,exon_10723.tre,0.566582
exon_10725.fasta,exon_10725.tre,0.661781
exon_10726.fasta,exon_10726.tre,0.435855
exon_10727.fasta,exon_10727.tre,1.844686
exon_10728.fasta,exon_10728.tre,0.470731
exon_10729.fasta,exon_10729.tre,0.390143
exon_10731.fasta,exon_10731.tre,0.493179
exon_10732.fasta,exon_10732.tre,0.317210
exon_10733.fasta,exon_10733.tre,1.456544
exon_10734.fasta,exon_10734.tre,0.719691
exon_10735.fasta,exon_10735.tre,0.617379
exon_10736.fasta,exon_10736.tre,0.453093
exon_10737.fasta,exon_10737.tre,0.503882
exon_10738.fasta,exon_10738.tre,0.484464
exon_10739.fasta,exon_10739.tre,0.347137
exon_10740.fasta,exon_10740.tre,0.538363
exon_10741.fasta,exon_10741.tre,0.569231
exon_10742.fasta,exon_10742.tre,0.741208
exon_10743.fasta,exon_10743.tre,0.427859
exon_10745.fasta,exon_10745.tre,0.339860
exon_10746.fasta,exon_10746.tre,0.470396
exon_10748.fasta,exon_10748.tre,0.616366
exon_10749.fasta,exon_10749.tre,2.042808
exon_10750.fasta,exon_10750.tre,0.507746
exon_10752.fasta,exon_10752.tre,0.411835
exon_10753.fasta,exon_10753.tre,0.600258
exon_10754.fasta,exon_10754.tre,0.538977
exon_10755.fasta,exon_10755.tre,0.524199
exon_10756.fasta,exon_10756.tre,0.724062
exon_10760.fasta,exon_10760.tre,0.425757
exon_10761.fasta,exon_10761.tre,0.590946
exon_10763.fasta,exon_10763.tre,0.551282
exon_10765.fasta,exon_10765.tre,1.163361
exon_10766.fasta,exon_10766.tre,0.375094
exon_10767.fasta,exon_10767.tre,0.420279
exon_10769.fasta,exon_10769.tre,0.519248
exon_1077.fasta,exon_1077.tre,0.552470
exon_10770.fasta,exon_10770.tre,0.725497
exon_10771.fasta,exon_10771.tre,0.496991
exon_10772.fasta,exon_10772.tre,0.333991
exon_10773.fasta,exon_10773.tre,0.525694
exon_10774.fasta,exon_10774.tre,0.954522
exon_10775.fasta,exon_10775.tre,0.709680
exon_10776.fasta,exon_10776.tre,0.438214
exon_10777.fasta,exon_10777.tre,0.375583
exon_10779.fasta,exon_10779.tre,0.344127
exon_1078.fasta,exon_1078.tre,0.763385
exon_10780.fasta,exon_10780.tre,0.688243
exon_10784.fasta,exon_10784.tre,0.852993
exon_10786.fasta,exon_10786.tre,0.550518
exon_10787.fasta,exon_10787.tre,0.433973
exon_1079.fasta,exon_1079.tre,0.604651
exon_10790.fasta,exon_10790.tre,0.562612
exon_10791.fasta,exon_10791.tre,0.453457
exon_10792.fasta,exon_10792.tre,0.420117
exon_10793.fasta,exon_10793.tre,0.950019
exon_10795.fasta,exon_10795.tre,0.324722
exon_10797.fasta,exon_10797.tre,0.688269
exon_108.fasta,exon_108.tre,0.852555
exon_10800.fasta,exon_10800.tre,0.360694
exon_10801.fasta,exon_10801.tre,0.559548
exon_10802.fasta,exon_10802.tre,0.393590
exon_10804.fasta,exon_10804.tre,0.551662
exon_10805.fasta,exon_10805.tre,0.568749
exon_10806.fasta,exon_10806.tre,2.338556
exon_10807.fasta,exon_10807.tre,0.380091
exon_10811.fasta,exon_10811.tre,0.546652
exon_10812.fasta,exon_10812.tre,0.667179
exon_10814.fasta,exon_10814.tre,0.615850
exon_10815.fasta,exon_10815.tre,0.586905
exon_10818.fasta,exon_10818.tre,0.474531
exon_10819.fasta,exon_10819.tre,0.514013
exon_1082.fasta,exon_1082.tre,0.575490
exon_10820.fasta,exon_10820.tre,0.607549
exon_10821.fasta,exon_10821.tre,0.475893
exon_10822.fasta,exon_10822.tre,0.448408
exon_10823.fasta,exon_10823.tre,0.473424
exon_10825.fasta,exon_10825.tre,1.051016
exon_10827.fasta,exon_10827.tre,0.540142
exon_10828.fasta,exon_10828.tre,0.316232
exon_1083.fasta,exon_1083.tre,0.356380
exon_10830.fasta,exon_10830.tre,0.638771
exon_10832.fasta,exon_10832.tre,1.761354
exon_10834.fasta,exon_10834.tre,0.469759
exon_10835.fasta,exon_10835.tre,0.613449
exon_10836.fasta,exon_10836.tre,0.750983
exon_10837.fasta,exon_10837.tre,0.697977
exon_10839.fasta,exon_10839.tre,0.405910
exon_10840.fasta,exon_10840.tre,0.586318
exon_10842.fasta,exon_10842.tre,1.045078
exon_10843.fasta,exon_10843.tre,1.460095
exon_10844.fasta,exon_10844.tre,0.430053
exon_10845.fasta,exon_10845.tre,0.377519
exon_10847.fasta,exon_10847.tre,0.400085
exon_10848.fasta,exon_10848.tre,0.357507
exon_1085.fasta,exon_1085.tre,0.610888
exon_10850.fasta,exon_10850.tre,0.520663
exon_10852.fasta,exon_10852.tre,0.902395
exon_10855.fasta,exon_10855.tre,0.387483
exon_10857.fasta,exon_10857.tre,0.583636
exon_10858.fasta,exon_10858.tre,0.492622
exon_10860.fasta,exon_10860.tre,0.395213
exon_10862.fasta,exon_10862.tre,0.306820
exon_10863.fasta,exon_10863.tre,0.486175
exon_10864.fasta,exon_10864.tre,0.363893
exon_10865.fasta,exon_10865.tre,0.945316
exon_10866.fasta,exon_10866.tre,0.920406
exon_10867.fasta,exon_10867.tre,0.524906
exon_10868.fasta,exon_10868.tre,0.587216
exon_10869.fasta,exon_10869.tre,0.684362
exon_1087.fasta,exon_1087.tre,0.723544
exon_10870.fasta,exon_10870.tre,1.465056
exon_10871.fasta,exon_10871.tre,0.382315
exon_10872.fasta,exon_10872.tre,0.542384
exon_10875.fasta,exon_10875.tre,0.511186
exon_10876.fasta,exon_10876.tre,0.527885
exon_10877.fasta,exon_10877.tre,0.667288
exon_10879.fasta,exon_10879.tre,0.668705
exon_10881.fasta,exon_10881.tre,0.722617
exon_10882.fasta,exon_10882.tre,0.481996
exon_10883.fasta,exon_10883.tre,0.693928
exon_10884.fasta,exon_10884.tre,0.593709
exon_10887.fasta,exon_10887.tre,0.575920
exon_10888.fasta,exon_10888.tre,0.643032
exon_10889.fasta,exon_10889.tre,0.466901
exon_1089.fasta,exon_1089.tre,0.547529
exon_10891.fasta,exon_10891.tre,0.616239
exon_10892.fasta,exon_10892.tre,0.591306
exon_10893.fasta,exon_10893.tre,0.336041
exon_10894.fasta,exon_10894.tre,1.668533
exon_10895.fasta,exon_10895.tre,0.570465
exon_10897.fasta,exon_10897.tre,0.513248
exon_10898.fasta,exon_10898.tre,1.084689
exon_10899.fasta,exon_10899.tre,0.420937
exon_10901.fasta,exon_10901.tre,0.457706
exon_10902.fasta,exon_10902.tre,0.414871
exon_10903.fasta,exon_10903.tre,0.500862
exon_10904.fasta,exon_10904.tre,0.563717
exon_10905.fasta,exon_10905.tre,0.381301
exon_10906.fasta,exon_10906.tre,0.569614
exon_10908.fasta,exon_10908.tre,0.701600
exon_10909.fasta,exon_10909.tre,0.538961
exon_1091.fasta,exon_1091.tre,0.803047
exon_10910.fasta,exon_10910.tre,0.401349
exon_10911.fasta,exon_10911.tre,0.452485
exon_10912.fasta,exon_10912.tre,0.778908
exon_10913.fasta,exon_10913.tre,0.515058
exon_10915.fasta,exon_10915.tre,0.920137
exon_10917.fasta,exon_10917.tre,0.461951
exon_10918.fasta,exon_10918.tre,0.571409
exon_10919.fasta,exon_10919.tre,0.483251
exon_1092.fasta,exon_1092.tre,0.368276
exon_10920.fasta,exon_10920.tre,0.529717
exon_10921.fasta,exon_10921.tre,0.311046
exon_10922.fasta,exon_10922.tre,0.806018
exon_10923.fasta,exon_10923.tre,0.478235
exon_10924.fasta,exon_10924.tre,0.452362
exon_10925.fasta,exon_10925.tre,0.438233
exon_10926.fasta,exon_10926.tre,0.901324
exon_10929.fasta,exon_10929.tre,0.703506
exon_10930.fasta,exon_10930.tre,0.557873
exon_10933.fasta,exon_10933.tre,0.466679
exon_10934.fasta,exon_10934.tre,0.596344
exon_10935.fasta,exon_10935.tre,0.943381
exon_10939.fasta,exon_10939.tre,0.640514
exon_1094.fasta,exon_1094.tre,1.150815
exon_10940.fasta,exon_10940.tre,0.514728
exon_10942.fasta,exon_10942.tre,0.677092
exon_10945.fasta,exon_10945.tre,0.481769
exon_10946.fasta,exon_10946.tre,0.603870
exon_10947.fasta,exon_10947.tre,0.498535
exon_10949.fasta,exon_10949.tre,0.689950
exon_10950.fasta,exon_10950.tre,0.378593
exon_10951.fasta,exon_10951.tre,0.626452
exon_10952.fasta,exon_10952.tre,0.324368
exon_10953.fasta,exon_10953.tre,0.375930
exon_10954.fasta,exon_10954.tre,0.403489
exon_10955.fasta,exon_10955.tre,0.582108
exon_10956.fasta,exon_10956.tre,0.602203
exon_10957.fasta,exon_10957.tre,0.674131
exon_10958.fasta,exon_10958.tre,0.434675
exon_10959.fasta,exon_10959.tre,0.523753
exon_1096.fasta,exon_1096.tre,0.537012
exon_10963.fasta,exon_10963.tre,0.548972
exon_10965.fasta,exon_10965.tre,0.390558
exon_10966.fasta,exon_10966.tre,0.519453
exon_10967.fasta,exon_10967.tre,0.475723
exon_10968.fasta,exon_10968.tre,0.352528
exon_1097.fasta,exon_1097.tre,0.636838
exon_10970.fasta,exon_10970.tre,0.618110
exon_10971.fasta,exon_10971.tre,0.550396
exon_10972.fasta,exon_10972.tre,0.320311
exon_10973.fasta,exon_10973.tre,0.606958
exon_10974.fasta,exon_10974.tre,0.462582
exon_10975.fasta,exon_10975.tre,0.400305
exon_10977.fasta,exon_10977.tre,0.577927
exon_10978.fasta,exon_10978.tre,0.586987
exon_10979.fasta,exon_10979.tre,0.491064
exon_1098.fasta,exon_1098.tre,0.487456
exon_10980.fasta,exon_10980.tre,0.918810
exon_10981.fasta,exon_10981.tre,0.470912
exon_10983.fasta,exon_10983.tre,0.622834
exon_10985.fasta,exon_10985.tre,0.286033
exon_10986.fasta,exon_10986.tre,0.512085
exon_10987.fasta,exon_10987.tre,0.560985
exon_10988.fasta,exon_10988.tre,0.341953
exon_10989.fasta,exon_10989.tre,0.842777
exon_1099.fasta,exon_1099.tre,0.733207
exon_10990.fasta,exon_10990.tre,0.703375
exon_10992.fasta,exon_10992.tre,0.543589
exon_10994.fasta,exon_10994.tre,0.570685
exon_10995.fasta,exon_10995.tre,1.014966
exon_10996.fasta,exon_10996.tre,0.502540
exon_10997.fasta,exon_10997.tre,0.444529
exon_10998.fasta,exon_10998.tre,0.474898
exon_10999.fasta,exon_10999.tre,0.482110
exon_110.fasta,exon_110.tre,0.594946
exon_1100.fasta,exon_1100.tre,0.487879
exon_11000.fasta,exon_11000.tre,0.543089
exon_11002.fasta,exon_11002.tre,0.536761
exon_11003.fasta,exon_11003.tre,1.618517
exon_11004.fasta,exon_11004.tre,0.362539
exon_11005.fasta,exon_11005.tre,0.391370
exon_11007.fasta,exon_11007.tre,0.783253
exon_11008.fasta,exon_11008.tre,0.353757
exon_11009.fasta,exon_11009.tre,0.481392
exon_11010.fasta,exon_11010.tre,0.333477
exon_11011.fasta,exon_11011.tre,2.086183
exon_11012.fasta,exon_11012.tre,0.530694
exon_11014.fasta,exon_11014.tre,0.482437
exon_11015.fasta,exon_11015.tre,0.654097
exon_11016.fasta,exon_11016.tre,0.482618
exon_11017.fasta,exon_11017.tre,0.528496
exon_11018.fasta,exon_11018.tre,0.736789
exon_11019.fasta,exon_11019.tre,0.500409
exon_11020.fasta,exon_11020.tre,0.508509
exon_11021.fasta,exon_11021.tre,0.642934
exon_11022.fasta,exon_11022.tre,0.662321
exon_11023.fasta,exon_11023.tre,0.587908
exon_11024.fasta,exon_11024.tre,0.456987
exon_11025.fasta,exon_11025.tre,0.380503
exon_11026.fasta,exon_11026.tre,0.543318
exon_11027.fasta,exon_11027.tre,0.397998
exon_11028.fasta,exon_11028.tre,0.941513
exon_11029.fasta,exon_11029.tre,0.664201
exon_1103.fasta,exon_1103.tre,0.529455
exon_11030.fasta,exon_11030.tre,0.454277
exon_11033.fasta,exon_11033.tre,0.528812
exon_11034.fasta,exon_11034.tre,0.470868
exon_11035.fasta,exon_11035.tre,0.648501
exon_11037.fasta,exon_11037.tre,0.362090
exon_11038.fasta,exon_11038.tre,1.515468
exon_11039.fasta,exon_11039.tre,0.382358
exon_1104.fasta,exon_1104.tre,0.549135
exon_11042.fasta,exon_11042.tre,0.533413
exon_11043.fasta,exon_11043.tre,1.007821
exon_11044.fasta,exon_11044.tre,0.777955
exon_11045.fasta,exon_11045.tre,0.498761
exon_11046.fasta,exon_11046.tre,0.595672
exon_11048.fasta,exon_11048.tre,1.185221
exon_11050.fasta,exon_11050.tre,0.571323
exon_11051.fasta,exon_11051.tre,0.543865
exon_11052.fasta,exon_11052.tre,0.406014
exon_11053.fasta,exon_11053.tre,0.621888
exon_11054.fasta,exon_11054.tre,0.550132
exon_11057.fasta,exon_11057.tre,0.497139
exon_11058.fasta,exon_11058.tre,0.432592
exon_11061.fasta,exon_11061.tre,0.870425
exon_11065.fasta,exon_11065.tre,0.517540
exon_11067.fasta,exon_11067.tre,0.495531
exon_11068.fasta,exon_11068.tre,1.550549
exon_1107.fasta,exon_1107.tre,0.659456
exon_11070.fasta,exon_11070.tre,2.797093
exon_11071.fasta,exon_11071.tre,0.730239
exon_11072.fasta,exon_11072.tre,0.537753
exon_11073.fasta,exon_11073.tre,0.512995
exon_11075.fasta,exon_11075.tre,0.578572
exon_11076.fasta,exon_11076.tre,0.526622
exon_11077.fasta,exon_11077.tre,0.528352
exon_11078.fasta,exon_11078.tre,0.490230
exon_11080.fasta,exon_11080.tre,0.320511
exon_11084.fasta,exon_11084.tre,0.680907
exon_11085.fasta,exon_11085.tre,0.919791
exon_11086.fasta,exon_11086.tre,0.374274
exon_11087.fasta,exon_11087.tre,0.536349
exon_11088.fasta,exon_11088.tre,0.580823
exon_11089.fasta,exon_11089.tre,0.424716
exon_11090.fasta,exon_11090.tre,1.063078
exon_11091.fasta,exon_11091.tre,1.082781
exon_11092.fasta,exon_11092.tre,0.488936
exon_11093.fasta,exon_11093.tre,0.405137
exon_11094.fasta,exon_11094.tre,0.505195
exon_11096.fasta,exon_11096.tre,0.584439
exon_11097.fasta,exon_11097.tre,0.478749
exon_11098.fasta,exon_11098.tre,0.396594
exon_11099.fasta,exon_11099.tre,0.731455
exon_11100.fasta,exon_11100.tre,0.557943
exon_11101.fasta,exon_11101.tre,0.484584
exon_11102.fasta,exon_11102.tre,0.326539
exon_11103.fasta,exon_11103.tre,0.431703
exon_11104.fasta,exon_11104.tre,0.478401
exon_11106.fasta,exon_11106.tre,0.389959
exon_11107.fasta,exon_11107.tre,0.340863
exon_11108.fasta,exon_11108.tre,0.415965
exon_11109.fasta,exon_11109.tre,0.403873
exon_1111.fasta,exon_1111.tre,0.542481
exon_11114.fasta,exon_11114.tre,0.576312
exon_11116.fasta,exon_11116.tre,0.633973
exon_11117.fasta,exon_11117.tre,0.608580
exon_11118.fasta,exon_11118.tre,0.509276
exon_11119.fasta,exon_11119.tre,0.399947
exon_11120.fasta,exon_11120.tre,0.368654
exon_11121.fasta,exon_11121.tre,0.632794
exon_11123.fasta,exon_11123.tre,0.312722
exon_11124.fasta,exon_11124.tre,1.217842
exon_11125.fasta,exon_11125.tre,0.480758
exon_11127.fasta,exon_11127.tre,0.519145
exon_11128.fasta,exon_11128.tre,0.409963
exon_1113.fasta,exon_1113.tre,0.704222
exon_11130.fasta,exon_11130.tre,1.235409
exon_11131.fasta,exon_11131.tre,0.674610
exon_11132.fasta,exon_11132.tre,0.430098
exon_11133.fasta,exon_11133.tre,0.346146
exon_11134.fasta,exon_11134.tre,0.562766
exon_11136.fasta,exon_11136.tre,0.887866
exon_11137.fasta,exon_11137.tre,0.378099
exon_11138.fasta,exon_11138.tre,0.552634
exon_11139.fasta,exon_11139.tre,0.334725
exon_11140.fasta,exon_11140.tre,0.650575
exon_11141.fasta,exon_11141.tre,0.465399
exon_11143.fasta,exon_11143.tre,1.163100
exon_11144.fasta,exon_11144.tre,0.408496
exon_11146.fasta,exon_11146.tre,0.494088
exon_11147.fasta,exon_11147.tre,0.523623
exon_11148.fasta,exon_11148.tre,8.319218
exon_11149.fasta,exon_11149.tre,0.499331
exon_11150.fasta,exon_11150.tre,0.462468
exon_11151.fasta,exon_11151.tre,0.513477
exon_11153.fasta,exon_11153.tre,2.029569
exon_11154.fasta,exon_11154.tre,0.625179
exon_11155.fasta,exon_11155.tre,0.525886
exon_11156.fasta,exon_11156.tre,0.470805
exon_11158.fasta,exon_11158.tre,0.468100
exon_11159.fasta,exon_11159.tre,0.361386
exon_1116.fasta,exon_1116.tre,0.391628
exon_11162.fasta,exon_11162.tre,0.323672
exon_11163.fasta,exon_11163.tre,0.456039
exon_11164.fasta,exon_11164.tre,1.003287
exon_11165.fasta,exon_11165.tre,0.647450
exon_11166.fasta,exon_11166.tre,0.390810
exon_11167.fasta,exon_11167.tre,0.497534
exon_11168.fasta,exon_11168.tre,1.092215
exon_1117.fasta,exon_1117.tre,0.445160
exon_11171.fasta,exon_11171.tre,0.373746
exon_11172.fasta,exon_11172.tre,0.805207
exon_11173.fasta,exon_11173.tre,0.353582
exon_11174.fasta,exon_11174.tre,0.356189
exon_11175.fasta,exon_11175.tre,0.412373
exon_11176.fasta,exon_11176.tre,0.402654
exon_11178.fasta,exon_11178.tre,0.806039
exon_11179.fasta,exon_11179.tre,0.454537
exon_11180.fasta,exon_11180.tre,0.487490
exon_11181.fasta,exon_11181.tre,0.441122
exon_11182.fasta,exon_11182.tre,0.478921
exon_11183.fasta,exon_11183.tre,0.826466
exon_11184.fasta,exon_11184.tre,0.606807
exon_11185.fasta,exon_11185.tre,0.423324
exon_11186.fasta,exon_11186.tre,0.532366
exon_11187.fasta,exon_11187.tre,0.338216
exon_11188.fasta,exon_11188.tre,0.587086
exon_1119.fasta,exon_1119.tre,0.356806
exon_11190.fasta,exon_11190.tre,0.326408
exon_11192.fasta,exon_11192.tre,0.888543
exon_11193.fasta,exon_11193.tre,0.533592
exon_11194.fasta,exon_11194.tre,0.604964
exon_11195.fasta,exon_11195.tre,0.668061
exon_11196.fasta,exon_11196.tre,0.679754
exon_11197.fasta,exon_11197.tre,0.489641
exon_1120.fasta,exon_1120.tre,0.422900
exon_11200.fasta,exon_11200.tre,0.676788
exon_11202.fasta,exon_11202.tre,0.406232
exon_11204.fasta,exon_11204.tre,0.887638
exon_11205.fasta,exon_11205.tre,1.726846
exon_11206.fasta,exon_11206.tre,0.441032
exon_11208.fasta,exon_11208.tre,0.685087
exon_11209.fasta,exon_11209.tre,0.712790
exon_11210.fasta,exon_11210.tre,1.334908
exon_11211.fasta,exon_11211.tre,0.461999
exon_11212.fasta,exon_11212.tre,0.513613
exon_11213.fasta,exon_11213.tre,0.546706
exon_11214.fasta,exon_11214.tre,0.560498
exon_11215.fasta,exon_11215.tre,0.562399
exon_11216.fasta,exon_11216.tre,0.499801
exon_11217.fasta,exon_11217.tre,0.634837
exon_11218.fasta,exon_11218.tre,0.488640
exon_11219.fasta,exon_11219.tre,0.650274
exon_11221.fasta,exon_11221.tre,0.393285
exon_11222.fasta,exon_11222.tre,0.592023
exon_11223.fasta,exon_11223.tre,0.704638
exon_11224.fasta,exon_11224.tre,0.471319
exon_11225.fasta,exon_11225.tre,0.387872
exon_11226.fasta,exon_11226.tre,0.680810
exon_11227.fasta,exon_11227.tre,0.690862
exon_11229.fasta,exon_11229.tre,0.535266
exon_1123.fasta,exon_1123.tre,0.499358
exon_11230.fasta,exon_11230.tre,0.560984
exon_11231.fasta,exon_11231.tre,0.492804
exon_11232.fasta,exon_11232.tre,1.032027
exon_11233.fasta,exon_11233.tre,0.599993
exon_11234.fasta,exon_11234.tre,0.521778
exon_11235.fasta,exon_11235.tre,0.784064
exon_11236.fasta,exon_11236.tre,0.392401
exon_11237.fasta,exon_11237.tre,0.673740
exon_11238.fasta,exon_11238.tre,0.584647
exon_11239.fasta,exon_11239.tre,0.572308
exon_1124.fasta,exon_1124.tre,1.029760
exon_11241.fasta,exon_11241.tre,0.512776
exon_11242.fasta,exon_11242.tre,0.366306
exon_11243.fasta,exon_11243.tre,0.419681
exon_11245.fasta,exon_11245.tre,0.362551
exon_11246.fasta,exon_11246.tre,0.636554
exon_11247.fasta,exon_11247.tre,0.533831
exon_11248.fasta,exon_11248.tre,0.697637
exon_11249.fasta,exon_11249.tre,0.525972
exon_1125.fasta,exon_1125.tre,0.364655
exon_11252.fasta,exon_11252.tre,0.593094
exon_11253.fasta,exon_11253.tre,0.726531
exon_11254.fasta,exon_11254.tre,0.483459
exon_11255.fasta,exon_11255.tre,0.421284
exon_11256.fasta,exon_11256.tre,0.438189
exon_11257.fasta,exon_11257.tre,0.531411
exon_11258.fasta,exon_11258.tre,0.532442
exon_11260.fasta,exon_11260.tre,0.553404
exon_11263.fasta,exon_11263.tre,0.746623
exon_11265.fasta,exon_11265.tre,0.603271
exon_11266.fasta,exon_11266.tre,0.475768
exon_11267.fasta,exon_11267.tre,0.467405
exon_11268.fasta,exon_11268.tre,0.538809
exon_11269.fasta,exon_11269.tre,0.622726
exon_11270.fasta,exon_11270.tre,0.452735
exon_11271.fasta,exon_11271.tre,0.484908
exon_11272.fasta,exon_11272.tre,0.663796
exon_11274.fasta,exon_11274.tre,0.403828
exon_11275.fasta,exon_11275.tre,0.490267
exon_11276.fasta,exon_11276.tre,0.853102
exon_11278.fasta,exon_11278.tre,0.334889
exon_11279.fasta,exon_11279.tre,0.364157
exon_11280.fasta,exon_11280.tre,0.403652
exon_11281.fasta,exon_11281.tre,0.368810
exon_11282.fasta,exon_11282.tre,0.443746
exon_11284.fasta,exon_11284.tre,0.402686
exon_11285.fasta,exon_11285.tre,0.466613
exon_11286.fasta,exon_11286.tre,0.485065
exon_11287.fasta,exon_11287.tre,0.508569
exon_11288.fasta,exon_11288.tre,1.045826
exon_11289.fasta,exon_11289.tre,0.398104
exon_1129.fasta,exon_1129.tre,0.539288
exon_11290.fasta,exon_11290.tre,0.532684
exon_11291.fasta,exon_11291.tre,0.425022
exon_11292.fasta,exon_11292.tre,0.792429
exon_11295.fasta,exon_11295.tre,1.160385
exon_11296.fasta,exon_11296.tre,0.408128
exon_11298.fasta,exon_11298.tre,0.332719
exon_11299.fasta,exon_11299.tre,0.681842
exon_1130.fasta,exon_1130.tre,0.508408
exon_11301.fasta,exon_11301.tre,0.719054
exon_11302.fasta,exon_11302.tre,0.377460
exon_11303.fasta,exon_11303.tre,1.563687
exon_11304.fasta,exon_11304.tre,0.580562
exon_11305.fasta,exon_11305.tre,0.337411
exon_11306.fasta,exon_11306.tre,0.476765
exon_11308.fasta,exon_11308.tre,0.826713
exon_11309.fasta,exon_11309.tre,0.420510
exon_1131.fasta,exon_1131.tre,0.456869
exon_11310.fasta,exon_11310.tre,0.677240
exon_11311.fasta,exon_11311.tre,0.703640
exon_11312.fasta,exon_11312.tre,0.397470
exon_11313.fasta,exon_11313.tre,0.323809
exon_11314.fasta,exon_11314.tre,1.098115
exon_11316.fasta,exon_11316.tre,0.677898
exon_11317.fasta,exon_11317.tre,0.322709
exon_11318.fasta,exon_11318.tre,0.534012
exon_11319.fasta,exon_11319.tre,0.863965
exon_1132.fasta,exon_1132.tre,0.655586
exon_11320.fasta,exon_11320.tre,0.398941
exon_11321.fasta,exon_11321.tre,0.528106
exon_11323.fasta,exon_11323.tre,0.558092
exon_11324.fasta,exon_11324.tre,0.648375
exon_11325.fasta,exon_11325.tre,0.506069
exon_11326.fasta,exon_11326.tre,0.486441
exon_11328.fasta,exon_11328.tre,0.558460
exon_1133.fasta,exon_1133.tre,0.385432
exon_11331.fasta,exon_11331.tre,0.310343
exon_11332.fasta,exon_11332.tre,0.410091
exon_11333.fasta,exon_11333.tre,0.563613
exon_11334.fasta,exon_11334.tre,0.623101
exon_11336.fasta,exon_11336.tre,0.982224
exon_11339.fasta,exon_11339.tre,0.452232
exon_1134.fasta,exon_1134.tre,0.505569
exon_11341.fasta,exon_11341.tre,0.632369
exon_11342.fasta,exon_11342.tre,0.666354
exon_11344.fasta,exon_11344.tre,0.414563
exon_11345.fasta,exon_11345.tre,0.400554
exon_11349.fasta,exon_11349.tre,0.560759
exon_1135.fasta,exon_1135.tre,0.752805
exon_11351.fasta,exon_11351.tre,0.409643
exon_11352.fasta,exon_11352.tre,1.020243
exon_11353.fasta,exon_11353.tre,0.601556
exon_11354.fasta,exon_11354.tre,0.485690
exon_11355.fasta,exon_11355.tre,0.721047
exon_11356.fasta,exon_11356.tre,1.350698
exon_11357.fasta,exon_11357.tre,1.720955
exon_11358.fasta,exon_11358.tre,0.466831
exon_11359.fasta,exon_11359.tre,0.622637
exon_11360.fasta,exon_11360.tre,0.706568
exon_11361.fasta,exon_11361.tre,0.526483
exon_11362.fasta,exon_11362.tre,0.492197
exon_11363.fasta,exon_11363.tre,0.413415
exon_11364.fasta,exon_11364.tre,0.369102
exon_11365.fasta,exon_11365.tre,0.317459
exon_11366.fasta,exon_11366.tre,0.372421
exon_11367.fasta,exon_11367.tre,0.438043
exon_11368.fasta,exon_11368.tre,0.408538
exon_11369.fasta,exon_11369.tre,0.467379
exon_1137.fasta,exon_1137.tre,0.526231
exon_11370.fasta,exon_11370.tre,0.314936
exon_11371.fasta,exon_11371.tre,0.501847
exon_11372.fasta,exon_11372.tre,0.480655
exon_11375.fasta,exon_11375.tre,0.342930
exon_11376.fasta,exon_11376.tre,0.395746
exon_11377.fasta,exon_11377.tre,0.585767
exon_11378.fasta,exon_11378.tre,0.646218
exon_11379.fasta,exon_11379.tre,0.367327
exon_11380.fasta,exon_11380.tre,0.373282
exon_11381.fasta,exon_11381.tre,0.494154
exon_11382.fasta,exon_11382.tre,0.556920
exon_11386.fasta,exon_11386.tre,0.574437
exon_11388.fasta,exon_11388.tre,0.559363
exon_11389.fasta,exon_11389.tre,0.508533
exon_1139.fasta,exon_1139.tre,0.593552
exon_11391.fasta,exon_11391.tre,0.981154
exon_11394.fasta,exon_11394.tre,1.774681
exon_11395.fasta,exon_11395.tre,0.540985
exon_11397.fasta,exon_11397.tre,0.622073
exon_114.fasta,exon_114.tre,0.351699
exon_11401.fasta,exon_11401.tre,0.524345
exon_11402.fasta,exon_11402.tre,0.590987
exon_11403.fasta,exon_11403.tre,0.599076
exon_11404.fasta,exon_11404.tre,0.590189
exon_11405.fasta,exon_11405.tre,0.330423
exon_11407.fasta,exon_11407.tre,0.562960
exon_11408.fasta,exon_11408.tre,0.498697
exon_1141.fasta,exon_1141.tre,2.912808
exon_11413.fasta,exon_11413.tre,0.389671
exon_11415.fasta,exon_11415.tre,0.454151
exon_11416.fasta,exon_11416.tre,0.907579
exon_11417.fasta,exon_11417.tre,0.647501
exon_11418.fasta,exon_11418.tre,0.381948
exon_11419.fasta,exon_11419.tre,0.443219
exon_11420.fasta,exon_11420.tre,0.680486
exon_11421.fasta,exon_11421.tre,0.612213
exon_11422.fasta,exon_11422.tre,0.661566
exon_11424.fasta,exon_11424.tre,0.557380
exon_11425.fasta,exon_11425.tre,0.610823
exon_11426.fasta,exon_11426.tre,0.389939
exon_11429.fasta,exon_11429.tre,0.456687
exon_11430.fasta,exon_11430.tre,0.693114
exon_11432.fasta,exon_11432.tre,0.765126
exon_11433.fasta,exon_11433.tre,0.457816
exon_11434.fasta,exon_11434.tre,0.466299
exon_11435.fasta,exon_11435.tre,0.548144
exon_11436.fasta,exon_11436.tre,0.380729
exon_11437.fasta,exon_11437.tre,0.423845
exon_11438.fasta,exon_11438.tre,1.058820
exon_11439.fasta,exon_11439.tre,0.524724
exon_1144.fasta,exon_1144.tre,0.604283
exon_11441.fasta,exon_11441.tre,0.623605
exon_11444.fasta,exon_11444.tre,0.543753
exon_11445.fasta,exon_11445.tre,0.652707
exon_11446.fasta,exon_11446.tre,0.500325
exon_11447.fasta,exon_11447.tre,0.520957
exon_11449.fasta,exon_11449.tre,0.703315
exon_11450.fasta,exon_11450.tre,0.319356
exon_11451.fasta,exon_11451.tre,0.483042
exon_11452.fasta,exon_11452.tre,0.385404
exon_11453.fasta,exon_11453.tre,0.667512
exon_11456.fasta,exon_11456.tre,0.515682
exon_11457.fasta,exon_11457.tre,0.523899
exon_11458.fasta,exon_11458.tre,0.368785
exon_1146.fasta,exon_1146.tre,0.606097
exon_11460.fasta,exon_11460.tre,0.494213
exon_11461.fasta,exon_11461.tre,0.485010
exon_11462.fasta,exon_11462.tre,0.408523
exon_11463.fasta,exon_11463.tre,0.414139
exon_11464.fasta,exon_11464.tre,0.457047
exon_11465.fasta,exon_11465.tre,0.561483
exon_11466.fasta,exon_11466.tre,0.300190
exon_11467.fasta,exon_11467.tre,0.428253
exon_11469.fasta,exon_11469.tre,0.572183
exon_1147.fasta,exon_1147.tre,0.870056
exon_11470.fasta,exon_11470.tre,0.891090
exon_11472.fasta,exon_11472.tre,0.477970
exon_11473.fasta,exon_11473.tre,0.306444
exon_11474.fasta,exon_11474.tre,0.581489
exon_11475.fasta,exon_11475.tre,0.516702
exon_11476.fasta,exon_11476.tre,0.670118
exon_11477.fasta,exon_11477.tre,0.839876
exon_11478.fasta,exon_11478.tre,0.356473
exon_11479.fasta,exon_11479.tre,0.308992
exon_11481.fasta,exon_11481.tre,0.823240
exon_11482.fasta,exon_11482.tre,0.540740
exon_11483.fasta,exon_11483.tre,0.695456
exon_11484.fasta,exon_11484.tre,0.463274
exon_11485.fasta,exon_11485.tre,0.521070
exon_11486.fasta,exon_11486.tre,0.561502
exon_11487.fasta,exon_11487.tre,0.569034
exon_11488.fasta,exon_11488.tre,0.928064
exon_11489.fasta,exon_11489.tre,0.586852
exon_1149.fasta,exon_1149.tre,0.537125
exon_11490.fasta,exon_11490.tre,0.632456
exon_11491.fasta,exon_11491.tre,0.436812
exon_11492.fasta,exon_11492.tre,0.486492
exon_11493.fasta,exon_11493.tre,0.455705
exon_11494.fasta,exon_11494.tre,0.501355
exon_11496.fasta,exon_11496.tre,0.507203
exon_11497.fasta,exon_11497.tre,0.529134
exon_11498.fasta,exon_11498.tre,0.545762
exon_115.fasta,exon_115.tre,0.601792
exon_11501.fasta,exon_11501.tre,0.367258
exon_11502.fasta,exon_11502.tre,0.568696
exon_11503.fasta,exon_11503.tre,0.921911
exon_11504.fasta,exon_11504.tre,0.355676
exon_11506.fasta,exon_11506.tre,0.467715
exon_11507.fasta,exon_11507.tre,0.746169
exon_11508.fasta,exon_11508.tre,0.549930
exon_11509.fasta,exon_11509.tre,0.509008
exon_11510.fasta,exon_11510.tre,0.698519
exon_11514.fasta,exon_11514.tre,0.681200
exon_11515.fasta,exon_11515.tre,0.848850
exon_11516.fasta,exon_11516.tre,1.477308
exon_11517.fasta,exon_11517.tre,0.413696
exon_11519.fasta,exon_11519.tre,0.409262
exon_1152.fasta,exon_1152.tre,2.892055
exon_11520.fasta,exon_11520.tre,1.137303
exon_11521.fasta,exon_11521.tre,0.877504
exon_11524.fasta,exon_11524.tre,0.506732
exon_11525.fasta,exon_11525.tre,0.525646
exon_11526.fasta,exon_11526.tre,0.466288
exon_11527.fasta,exon_11527.tre,0.565544
exon_11528.fasta,exon_11528.tre,0.539699
exon_11530.fasta,exon_11530.tre,0.573222
exon_11532.fasta,exon_11532.tre,1.575875
exon_11533.fasta,exon_11533.tre,2.654043
exon_11536.fasta,exon_11536.tre,0.447146
exon_11537.fasta,exon_11537.tre,0.411566
exon_11538.fasta,exon_11538.tre,0.512933
exon_11539.fasta,exon_11539.tre,0.310112
exon_11540.fasta,exon_11540.tre,0.495707
exon_11542.fasta,exon_11542.tre,0.381979
exon_11543.fasta,exon_11543.tre,0.707753
exon_11545.fasta,exon_11545.tre,0.473575
exon_11546.fasta,exon_11546.tre,0.407218
exon_11548.fasta,exon_11548.tre,0.453749
exon_1155.fasta,exon_1155.tre,0.658388
exon_11550.fasta,exon_11550.tre,0.417791
exon_11552.fasta,exon_11552.tre,0.555347
exon_11553.fasta,exon_11553.tre,0.349178
exon_11556.fasta,exon_11556.tre,0.360487
exon_11557.fasta,exon_11557.tre,0.441857
exon_11559.fasta,exon_11559.tre,0.457363
exon_11563.fasta,exon_11563.tre,0.592117
exon_11564.fasta,exon_11564.tre,0.352646
exon_11565.fasta,exon_11565.tre,0.559057
exon_11567.fasta,exon_11567.tre,0.363304
exon_11571.fasta,exon_11571.tre,0.484529
exon_11572.fasta,exon_11572.tre,0.517711
exon_11574.fasta,exon_11574.tre,0.533044
exon_11576.fasta,exon_11576.tre,0.418141
exon_11578.fasta,exon_11578.tre,0.412719
exon_11579.fasta,exon_11579.tre,0.488268
exon_1158.fasta,exon_1158.tre,0.542882
exon_11580.fasta,exon_11580.tre,0.400398
exon_11581.fasta,exon_11581.tre,0.408514
exon_11582.fasta,exon_11582.tre,0.605748
exon_11583.fasta,exon_11583.tre,0.541208
exon_11584.fasta,exon_11584.tre,0.722124
exon_11585.fasta,exon_11585.tre,0.353813
exon_11586.fasta,exon_11586.tre,0.459990
exon_11588.fasta,exon_11588.tre,0.462826
exon_11589.fasta,exon_11589.tre,0.540461
exon_11590.fasta,exon_11590.tre,0.594465
exon_11592.fasta,exon_11592.tre,0.321014
exon_116.fasta,exon_116.tre,0.577515
exon_11601.fasta,exon_11601.tre,0.399520
exon_11602.fasta,exon_11602.tre,0.500970
exon_11603.fasta,exon_11603.tre,0.479211
exon_11604.fasta,exon_11604.tre,0.670886
exon_11608.fasta,exon_11608.tre,0.537267
exon_11609.fasta,exon_11609.tre,0.506600
exon_11611.fasta,exon_11611.tre,0.595818
exon_11619.fasta,exon_11619.tre,0.491319
exon_1162.fasta,exon_1162.tre,0.494568
exon_11621.fasta,exon_11621.tre,0.878549
exon_11622.fasta,exon_11622.tre,0.566366
exon_11623.fasta,exon_11623.tre,0.792113
exon_11626.fasta,exon_11626.tre,0.510800
exon_11629.fasta,exon_11629.tre,0.704421
exon_11632.fasta,exon_11632.tre,0.370667
exon_11633.fasta,exon_11633.tre,0.698990
exon_11634.fasta,exon_11634.tre,0.513876
exon_11635.fasta,exon_11635.tre,0.590481
exon_11638.fasta,exon_11638.tre,0.368424
exon_11642.fasta,exon_11642.tre,0.389897
exon_11643.fasta,exon_11643.tre,0.468924
exon_11644.fasta,exon_11644.tre,0.963420
exon_11645.fasta,exon_11645.tre,0.510184
exon_11646.fasta,exon_11646.tre,0.430927
exon_11647.fasta,exon_11647.tre,0.725910
exon_11648.fasta,exon_11648.tre,0.444171
exon_11652.fasta,exon_11652.tre,0.773185
exon_11654.fasta,exon_11654.tre,0.521986
exon_11655.fasta,exon_11655.tre,0.486336
exon_11656.fasta,exon_11656.tre,0.478642
exon_11657.fasta,exon_11657.tre,0.395831
exon_1166.fasta,exon_1166.tre,0.830596
exon_11660.fasta,exon_11660.tre,0.325722
exon_11661.fasta,exon_11661.tre,0.482923
exon_11662.fasta,exon_11662.tre,0.494148
exon_11663.fasta,exon_11663.tre,0.718607
exon_11667.fasta,exon_11667.tre,0.394545
exon_11669.fasta,exon_11669.tre,0.617052
exon_11670.fasta,exon_11670.tre,0.320005
exon_11671.fasta,exon_11671.tre,0.463955
exon_11673.fasta,exon_11673.tre,0.549685
exon_11674.fasta,exon_11674.tre,0.425416
exon_11675.fasta,exon_11675.tre,0.363773
exon_11677.fasta,exon_11677.tre,0.504743
exon_11678.fasta,exon_11678.tre,0.527514
exon_11679.fasta,exon_11679.tre,0.501233
exon_1168.fasta,exon_1168.tre,0.589401
exon_11681.fasta,exon_11681.tre,0.463979
exon_11683.fasta,exon_11683.tre,0.391176
exon_11686.fasta,exon_11686.tre,0.919200
exon_11687.fasta,exon_11687.tre,0.640801
exon_11688.fasta,exon_11688.tre,0.378281
exon_1169.fasta,exon_1169.tre,0.545917
exon_11691.fasta,exon_11691.tre,0.619557
exon_11692.fasta,exon_11692.tre,0.409765
exon_11693.fasta,exon_11693.tre,0.417181
exon_11694.fasta,exon_11694.tre,0.692240
exon_11695.fasta,exon_11695.tre,0.497324
exon_11696.fasta,exon_11696.tre,0.383425
exon_11698.fasta,exon_11698.tre,0.855390
exon_11699.fasta,exon_11699.tre,0.575794
exon_11700.fasta,exon_11700.tre,1.379682
exon_11702.fasta,exon_11702.tre,0.445017
exon_11704.fasta,exon_11704.tre,0.392806
exon_11705.fasta,exon_11705.tre,0.522145
exon_11706.fasta,exon_11706.tre,0.643983
exon_11708.fasta,exon_11708.tre,0.493919
exon_11709.fasta,exon_11709.tre,0.927857
exon_11710.fasta,exon_11710.tre,0.550929
exon_11711.fasta,exon_11711.tre,0.539423
exon_11713.fasta,exon_11713.tre,0.577571
exon_11714.fasta,exon_11714.tre,0.527425
exon_11716.fasta,exon_11716.tre,0.558151
exon_11717.fasta,exon_11717.tre,0.646222
exon_11718.fasta,exon_11718.tre,0.344915
exon_1172.fasta,exon_1172.tre,0.643532
exon_11721.fasta,exon_11721.tre,0.722146
exon_11722.fasta,exon_11722.tre,0.628495
exon_11725.fasta,exon_11725.tre,0.624967
exon_11727.fasta,exon_11727.tre,0.663759
exon_11728.fasta,exon_11728.tre,0.402251
exon_11729.fasta,exon_11729.tre,0.566285
exon_1173.fasta,exon_1173.tre,3.353740
exon_11730.fasta,exon_11730.tre,0.397822
exon_11731.fasta,exon_11731.tre,0.627606
exon_11732.fasta,exon_11732.tre,0.504903
exon_11733.fasta,exon_11733.tre,0.706212
exon_11734.fasta,exon_11734.tre,1.012078
exon_11735.fasta,exon_11735.tre,0.566187
exon_11736.fasta,exon_11736.tre,0.635499
exon_11737.fasta,exon_11737.tre,1.319968
exon_11738.fasta,exon_11738.tre,0.547881
exon_11739.fasta,exon_11739.tre,0.698114
exon_11743.fasta,exon_11743.tre,0.544059
exon_11744.fasta,exon_11744.tre,2.776504
exon_11745.fasta,exon_11745.tre,0.430839
exon_11746.fasta,exon_11746.tre,0.483277
exon_11747.fasta,exon_11747.tre,0.741863
exon_11750.fasta,exon_11750.tre,0.332245
exon_11751.fasta,exon_11751.tre,0.409164
exon_11752.fasta,exon_11752.tre,0.365271
exon_11753.fasta,exon_11753.tre,2.413876
exon_11754.fasta,exon_11754.tre,0.497769
exon_11756.fasta,exon_11756.tre,0.636328
exon_11757.fasta,exon_11757.tre,0.690130
exon_11759.fasta,exon_11759.tre,0.464081
exon_1176.fasta,exon_1176.tre,0.516383
exon_11760.fasta,exon_11760.tre,0.535260
exon_11762.fasta,exon_11762.tre,0.536538
exon_11764.fasta,exon_11764.tre,0.785496
exon_11766.fasta,exon_11766.tre,0.481565
exon_11767.fasta,exon_11767.tre,0.476646
exon_11770.fasta,exon_11770.tre,0.401954
exon_11772.fasta,exon_11772.tre,0.640346
exon_11775.fasta,exon_11775.tre,0.374768
exon_11776.fasta,exon_11776.tre,0.357986
exon_11778.fasta,exon_11778.tre,0.464945
exon_11779.fasta,exon_11779.tre,0.850927
exon_1178.fasta,exon_1178.tre,0.537843
exon_11781.fasta,exon_11781.tre,0.556916
exon_11783.fasta,exon_11783.tre,0.400832
exon_11784.fasta,exon_11784.tre,0.604715
exon_11785.fasta,exon_11785.tre,0.508884
exon_11788.fasta,exon_11788.tre,0.656236
exon_11789.fasta,exon_11789.tre,0.518254
exon_11790.fasta,exon_11790.tre,0.395495
exon_11791.fasta,exon_11791.tre,0.574963
exon_11792.fasta,exon_11792.tre,0.542587
exon_11793.fasta,exon_11793.tre,0.626181
exon_11794.fasta,exon_11794.tre,0.604267
exon_11795.fasta,exon_11795.tre,0.397787
exon_11796.fasta,exon_11796.tre,0.368489
exon_11797.fasta,exon_11797.tre,0.586901
exon_11798.fasta,exon_11798.tre,0.353589
exon_1180.fasta,exon_1180.tre,0.682608
exon_11801.fasta,exon_11801.tre,0.434953
exon_11802.fasta,exon_11802.tre,0.662016
exon_11805.fasta,exon_11805.tre,0.530529
exon_1181.fasta,exon_1181.tre,0.609061
exon_11810.fasta,exon_11810.tre,0.318924
exon_11811.fasta,exon_11811.tre,0.399167
exon_11812.fasta,exon_11812.tre,0.472410
exon_11813.fasta,exon_11813.tre,0.532462
exon_11814.fasta,exon_11814.tre,0.334363
exon_11815.fasta,exon_11815.tre,1.133587
exon_11816.fasta,exon_11816.tre,0.417672
exon_11819.fasta,exon_11819.tre,0.919397
exon_1182.fasta,exon_1182.tre,1.238506
exon_11820.fasta,exon_11820.tre,0.785514
exon_11822.fasta,exon_11822.tre,0.647370
exon_11823.fasta,exon_11823.tre,0.390210
exon_11825.fasta,exon_11825.tre,0.311710
exon_11828.fasta,exon_11828.tre,0.766936
exon_1183.fasta,exon_1183.tre,0.556916
exon_11832.fasta,exon_11832.tre,0.571053
exon_11833.fasta,exon_11833.tre,0.410229
exon_11834.fasta,exon_11834.tre,0.342667
exon_11835.fasta,exon_11835.tre,0.625144
exon_11838.fasta,exon_11838.tre,0.510496
exon_11839.fasta,exon_11839.tre,0.802000
exon_11840.fasta,exon_11840.tre,0.784667
exon_11842.fasta,exon_11842.tre,0.514410
exon_11844.fasta,exon_11844.tre,0.741078
exon_11846.fasta,exon_11846.tre,0.557091
exon_11847.fasta,exon_11847.tre,0.534506
exon_11848.fasta,exon_11848.tre,0.367445
exon_11849.fasta,exon_11849.tre,0.923300
exon_11853.fasta,exon_11853.tre,0.801833
exon_11854.fasta,exon_11854.tre,0.436623
exon_11855.fasta,exon_11855.tre,0.640840
exon_11856.fasta,exon_11856.tre,0.553689
exon_11858.fasta,exon_11858.tre,0.340979
exon_1186.fasta,exon_1186.tre,0.546683
exon_11860.fasta,exon_11860.tre,0.544630
exon_11861.fasta,exon_11861.tre,0.490601
exon_11863.fasta,exon_11863.tre,0.518884
exon_11864.fasta,exon_11864.tre,0.540926
exon_11865.fasta,exon_11865.tre,0.673837
exon_11866.fasta,exon_11866.tre,0.472283
exon_11868.fasta,exon_11868.tre,0.613045
exon_11869.fasta,exon_11869.tre,0.463119
exon_11870.fasta,exon_11870.tre,0.556890
exon_11872.fasta,exon_11872.tre,0.521894
exon_11875.fasta,exon_11875.tre,0.678668
exon_11876.fasta,exon_11876.tre,0.573276
exon_11877.fasta,exon_11877.tre,0.623293
exon_11878.fasta,exon_11878.tre,0.497505
exon_11879.fasta,exon_11879.tre,0.463451
exon_11881.fasta,exon_11881.tre,0.456419
exon_11884.fasta,exon_11884.tre,0.908056
exon_11885.fasta,exon_11885.tre,0.611143
exon_11886.fasta,exon_11886.tre,0.557091
exon_11889.fasta,exon_11889.tre,0.454753
exon_1189.fasta,exon_1189.tre,0.483039
exon_11890.fasta,exon_11890.tre,0.399917
exon_11891.fasta,exon_11891.tre,0.327033
exon_11893.fasta,exon_11893.tre,1.070713
exon_11894.fasta,exon_11894.tre,0.325027
exon_11895.fasta,exon_11895.tre,0.392644
exon_11897.fasta,exon_11897.tre,0.414405
exon_11899.fasta,exon_11899.tre,0.671200
exon_1190.fasta,exon_1190.tre,0.996480
exon_11900.fasta,exon_11900.tre,0.345432
exon_11901.fasta,exon_11901.tre,0.406983
exon_11903.fasta,exon_11903.tre,1.576759
exon_11905.fasta,exon_11905.tre,0.412513
exon_11906.fasta,exon_11906.tre,0.574343
exon_11907.fasta,exon_11907.tre,0.549443
exon_11908.fasta,exon_11908.tre,0.524544
exon_11909.fasta,exon_11909.tre,0.555607
exon_11910.fasta,exon_11910.tre,0.964995
exon_11911.fasta,exon_11911.tre,0.629922
exon_11912.fasta,exon_11912.tre,0.468020
exon_11913.fasta,exon_11913.tre,0.633203
exon_11914.fasta,exon_11914.tre,0.355764
exon_11916.fasta,exon_11916.tre,0.300649
exon_11917.fasta,exon_11917.tre,0.288102
exon_11918.fasta,exon_11918.tre,0.328004
exon_11919.fasta,exon_11919.tre,0.493539
exon_1192.fasta,exon_1192.tre,1.274721
exon_11920.fasta,exon_11920.tre,0.685716
exon_11921.fasta,exon_11921.tre,0.548512
exon_11923.fasta,exon_11923.tre,0.347204
exon_11925.fasta,exon_11925.tre,0.462218
exon_11926.fasta,exon_11926.tre,0.374829
exon_11927.fasta,exon_11927.tre,0.450485
exon_11929.fasta,exon_11929.tre,0.506459
exon_1193.fasta,exon_1193.tre,0.536313
exon_11930.fasta,exon_11930.tre,1.905339
exon_11931.fasta,exon_11931.tre,0.442258
exon_11932.fasta,exon_11932.tre,0.426634
exon_11934.fasta,exon_11934.tre,0.782774
exon_11936.fasta,exon_11936.tre,0.375098
exon_11937.fasta,exon_11937.tre,1.043187
exon_1194.fasta,exon_1194.tre,0.898904
exon_11942.fasta,exon_11942.tre,0.500809
exon_11943.fasta,exon_11943.tre,0.420348
exon_11944.fasta,exon_11944.tre,0.428183
exon_11945.fasta,exon_11945.tre,0.467657
exon_11947.fasta,exon_11947.tre,0.475757
exon_11948.fasta,exon_11948.tre,0.659369
exon_11949.fasta,exon_11949.tre,0.825469
exon_1195.fasta,exon_1195.tre,0.450133
exon_11951.fasta,exon_11951.tre,0.401968
exon_11954.fasta,exon_11954.tre,0.579931
exon_11955.fasta,exon_11955.tre,0.451009
exon_11956.fasta,exon_11956.tre,0.476546
exon_11957.fasta,exon_11957.tre,0.443246
exon_11958.fasta,exon_11958.tre,0.270322
exon_1196.fasta,exon_1196.tre,0.906347
exon_11962.fasta,exon_11962.tre,1.048331
exon_11964.fasta,exon_11964.tre,0.511907
exon_11965.fasta,exon_11965.tre,0.890437
exon_11966.fasta,exon_11966.tre,3.423336
exon_11967.fasta,exon_11967.tre,0.519964
exon_11969.fasta,exon_11969.tre,0.492292
exon_1197.fasta,exon_1197.tre,0.378366
exon_11971.fasta,exon_11971.tre,0.675912
exon_11972.fasta,exon_11972.tre,0.362837
exon_11974.fasta,exon_11974.tre,0.396621
exon_11976.fasta,exon_11976.tre,0.557083
exon_11977.fasta,exon_11977.tre,0.409632
exon_11979.fasta,exon_11979.tre,0.615849
exon_1198.fasta,exon_1198.tre,0.694261
exon_11982.fasta,exon_11982.tre,0.817632
exon_11983.fasta,exon_11983.tre,0.606701
exon_11984.fasta,exon_11984.tre,0.509943
exon_11988.fasta,exon_11988.tre,0.396424
exon_11990.fasta,exon_11990.tre,0.398629
exon_11991.fasta,exon_11991.tre,0.539587
exon_11992.fasta,exon_11992.tre,0.481648
exon_11994.fasta,exon_11994.tre,0.717984
exon_11995.fasta,exon_11995.tre,0.535820
exon_11996.fasta,exon_11996.tre,1.316021
exon_11997.fasta,exon_11997.tre,0.433855
exon_11999.fasta,exon_11999.tre,0.323428
exon_12.fasta,exon_12.tre,0.401112
exon_1200.fasta,exon_1200.tre,1.685784
exon_12002.fasta,exon_12002.tre,0.518712
exon_12003.fasta,exon_12003.tre,0.473697
exon_12004.fasta,exon_12004.tre,0.448363
exon_12007.fasta,exon_12007.tre,0.578436
exon_12008.fasta,exon_12008.tre,0.565222
exon_12009.fasta,exon_12009.tre,0.740832
exon_12012.fasta,exon_12012.tre,0.691273
exon_12014.fasta,exon_12014.tre,0.511605
exon_12015.fasta,exon_12015.tre,0.412654
exon_12016.fasta,exon_12016.tre,0.508115
exon_12018.fasta,exon_12018.tre,0.428423
exon_12021.fasta,exon_12021.tre,0.495154
exon_12023.fasta,exon_12023.tre,1.202435
exon_12025.fasta,exon_12025.tre,0.594335
exon_12026.fasta,exon_12026.tre,0.311204
exon_12028.fasta,exon_12028.tre,0.568043
exon_12030.fasta,exon_12030.tre,0.587297
exon_12031.fasta,exon_12031.tre,0.560241
exon_12032.fasta,exon_12032.tre,0.596535
exon_12033.fasta,exon_12033.tre,0.411657
exon_12034.fasta,exon_12034.tre,0.679584
exon_12035.fasta,exon_12035.tre,2.413299
exon_12038.fasta,exon_12038.tre,0.596514
exon_12039.fasta,exon_12039.tre,0.329955
exon_1204.fasta,exon_1204.tre,0.660732
exon_12041.fasta,exon_12041.tre,0.610687
exon_12042.fasta,exon_12042.tre,0.447212
exon_12043.fasta,exon_12043.tre,0.652101
exon_12044.fasta,exon_12044.tre,0.296649
exon_12045.fasta,exon_12045.tre,0.701276
exon_12047.fasta,exon_12047.tre,0.397110
exon_12049.fasta,exon_12049.tre,0.577786
exon_12051.fasta,exon_12051.tre,0.553171
exon_12052.fasta,exon_12052.tre,0.530212
exon_12053.fasta,exon_12053.tre,0.373136
exon_12054.fasta,exon_12054.tre,0.623385
exon_12055.fasta,exon_12055.tre,0.548784
exon_12056.fasta,exon_12056.tre,0.806072
exon_12061.fasta,exon_12061.tre,0.513205
exon_12062.fasta,exon_12062.tre,0.526875
exon_12064.fasta,exon_12064.tre,0.301691
exon_12065.fasta,exon_12065.tre,0.451629
exon_12066.fasta,exon_12066.tre,0.566198
exon_12068.fasta,exon_12068.tre,0.505643
exon_12069.fasta,exon_12069.tre,0.446510
exon_1207.fasta,exon_1207.tre,0.877736
exon_12071.fasta,exon_12071.tre,0.615697
exon_12077.fasta,exon_12077.tre,0.571063
exon_12078.fasta,exon_12078.tre,0.599696
exon_12079.fasta,exon_12079.tre,0.566831
exon_12080.fasta,exon_12080.tre,0.546314
exon_12082.fasta,exon_12082.tre,0.303151
exon_12083.fasta,exon_12083.tre,0.503339
exon_12084.fasta,exon_12084.tre,0.646374
exon_12086.fasta,exon_12086.tre,0.955166
exon_12087.fasta,exon_12087.tre,0.474363
exon_12088.fasta,exon_12088.tre,0.715401
exon_12089.fasta,exon_12089.tre,0.593831
exon_12090.fasta,exon_12090.tre,0.490705
exon_12091.fasta,exon_12091.tre,0.954261
exon_12093.fasta,exon_12093.tre,0.542682
exon_12094.fasta,exon_12094.tre,0.331590
exon_12095.fasta,exon_12095.tre,0.472199
exon_12096.fasta,exon_12096.tre,0.757266
exon_12098.fasta,exon_12098.tre,1.315974
exon_12099.fasta,exon_12099.tre,0.472859
exon_12100.fasta,exon_12100.tre,0.319032
exon_12101.fasta,exon_12101.tre,0.520487
exon_12103.fasta,exon_12103.tre,0.483359
exon_12105.fasta,exon_12105.tre,0.640859
exon_12106.fasta,exon_12106.tre,0.476311
exon_12108.fasta,exon_12108.tre,0.536227
exon_12109.fasta,exon_12109.tre,1.770205
exon_1211.fasta,exon_1211.tre,0.648546
exon_12110.fasta,exon_12110.tre,0.567813
exon_12111.fasta,exon_12111.tre,0.663073
exon_12112.fasta,exon_12112.tre,0.357964
exon_12114.fasta,exon_12114.tre,0.355747
exon_12115.fasta,exon_12115.tre,0.574134
exon_12116.fasta,exon_12116.tre,0.665356
exon_12117.fasta,exon_12117.tre,0.501371
exon_12119.fasta,exon_12119.tre,0.580076
exon_1212.fasta,exon_1212.tre,0.478459
exon_12120.fasta,exon_12120.tre,0.527234
exon_12121.fasta,exon_12121.tre,0.339986
exon_12122.fasta,exon_12122.tre,0.420938
exon_12123.fasta,exon_12123.tre,4.126609
exon_12125.fasta,exon_12125.tre,0.610763
exon_12126.fasta,exon_12126.tre,0.480107
exon_12127.fasta,exon_12127.tre,0.386917
exon_12128.fasta,exon_12128.tre,0.631486
exon_1213.fasta,exon_1213.tre,0.502810
exon_12130.fasta,exon_12130.tre,0.491096
exon_12131.fasta,exon_12131.tre,0.561559
exon_12132.fasta,exon_12132.tre,0.578898
exon_12133.fasta,exon_12133.tre,0.507877
exon_12134.fasta,exon_12134.tre,0.545783
exon_12136.fasta,exon_12136.tre,0.582970
exon_12137.fasta,exon_12137.tre,0.564734
exon_12138.fasta,exon_12138.tre,0.481174
exon_12139.fasta,exon_12139.tre,0.635916
exon_1214.fasta,exon_1214.tre,0.487897
exon_12140.fasta,exon_12140.tre,0.676739
exon_12142.fasta,exon_12142.tre,0.477357
exon_12144.fasta,exon_12144.tre,0.473512
exon_12145.fasta,exon_12145.tre,1.721619
exon_12146.fasta,exon_12146.tre,0.532627
exon_12147.fasta,exon_12147.tre,0.753829
exon_12148.fasta,exon_12148.tre,0.535092
exon_12149.fasta,exon_12149.tre,0.479307
exon_12150.fasta,exon_12150.tre,0.781122
exon_12153.fasta,exon_12153.tre,0.470625
exon_12154.fasta,exon_12154.tre,0.784872
exon_12156.fasta,exon_12156.tre,0.959583
exon_12157.fasta,exon_12157.tre,0.614835
exon_12158.fasta,exon_12158.tre,1.215924
exon_12159.fasta,exon_12159.tre,0.523904
exon_12161.fasta,exon_12161.tre,0.548081
exon_12162.fasta,exon_12162.tre,0.509502
exon_12163.fasta,exon_12163.tre,0.465669
exon_12165.fasta,exon_12165.tre,0.591559
exon_12166.fasta,exon_12166.tre,0.614785
exon_12167.fasta,exon_12167.tre,0.333453
exon_12168.fasta,exon_12168.tre,0.768582
exon_12169.fasta,exon_12169.tre,1.138150
exon_12170.fasta,exon_12170.tre,0.444455
exon_12171.fasta,exon_12171.tre,0.656627
exon_12173.fasta,exon_12173.tre,0.375639
exon_12176.fasta,exon_12176.tre,0.353506
exon_12178.fasta,exon_12178.tre,0.439227
exon_1218.fasta,exon_1218.tre,0.386061
exon_12180.fasta,exon_12180.tre,0.506921
exon_12181.fasta,exon_12181.tre,0.546584
exon_12183.fasta,exon_12183.tre,0.662780
exon_12184.fasta,exon_12184.tre,0.496052
exon_12186.fasta,exon_12186.tre,0.564181
exon_12187.fasta,exon_12187.tre,0.515516
exon_12188.fasta,exon_12188.tre,0.456409
exon_12189.fasta,exon_12189.tre,0.342537
exon_12190.fasta,exon_12190.tre,0.334445
exon_12193.fasta,exon_12193.tre,0.441986
exon_12195.fasta,exon_12195.tre,2.444934
exon_12196.fasta,exon_12196.tre,0.537413
exon_12198.fasta,exon_12198.tre,0.501980
exon_122.fasta,exon_122.tre,0.536556
exon_12200.fasta,exon_12200.tre,0.426755
exon_12202.fasta,exon_12202.tre,0.544367
exon_12203.fasta,exon_12203.tre,0.476311
exon_12204.fasta,exon_12204.tre,0.540073
exon_12205.fasta,exon_12205.tre,0.509506
exon_12206.fasta,exon_12206.tre,0.410956
exon_12208.fasta,exon_12208.tre,0.305579
exon_12209.fasta,exon_12209.tre,0.346969
exon_12210.fasta,exon_12210.tre,0.588023
exon_12211.fasta,exon_12211.tre,0.435320
exon_12213.fasta,exon_12213.tre,0.471247
exon_12214.fasta,exon_12214.tre,0.576496
exon_12216.fasta,exon_12216.tre,0.305121
exon_12217.fasta,exon_12217.tre,0.478995
exon_12219.fasta,exon_12219.tre,0.725976
exon_12220.fasta,exon_12220.tre,0.466215
exon_12221.fasta,exon_12221.tre,1.396768
exon_12222.fasta,exon_12222.tre,0.447021
exon_12223.fasta,exon_12223.tre,0.407430
exon_12225.fasta,exon_12225.tre,0.485125
exon_12226.fasta,exon_12226.tre,0.482064
exon_12227.fasta,exon_12227.tre,0.949824
exon_12228.fasta,exon_12228.tre,0.471890
exon_12230.fasta,exon_12230.tre,0.468899
exon_12231.fasta,exon_12231.tre,0.586847
exon_12232.fasta,exon_12232.tre,0.401547
exon_12234.fasta,exon_12234.tre,0.467517
exon_12235.fasta,exon_12235.tre,1.115001
exon_12236.fasta,exon_12236.tre,0.367605
exon_12237.fasta,exon_12237.tre,0.590683
exon_12238.fasta,exon_12238.tre,0.510265
exon_12239.fasta,exon_12239.tre,0.476788
exon_12240.fasta,exon_12240.tre,0.482246
exon_12241.fasta,exon_12241.tre,0.726757
exon_12242.fasta,exon_12242.tre,0.419444
exon_12243.fasta,exon_12243.tre,0.474638
exon_12244.fasta,exon_12244.tre,0.476991
exon_12245.fasta,exon_12245.tre,0.368677
exon_12246.fasta,exon_12246.tre,0.495980
exon_12247.fasta,exon_12247.tre,0.387172
exon_12248.fasta,exon_12248.tre,0.738788
exon_12250.fasta,exon_12250.tre,0.423123
exon_12253.fasta,exon_12253.tre,0.544518
exon_12254.fasta,exon_12254.tre,0.692080
exon_12255.fasta,exon_12255.tre,0.543550
exon_12256.fasta,exon_12256.tre,0.628524
exon_12257.fasta,exon_12257.tre,0.511622
exon_1226.fasta,exon_1226.tre,0.496155
exon_12261.fasta,exon_12261.tre,0.775576
exon_12262.fasta,exon_12262.tre,0.382705
exon_12263.fasta,exon_12263.tre,0.627762
exon_12264.fasta,exon_12264.tre,0.398318
exon_12265.fasta,exon_12265.tre,0.514819
exon_12266.fasta,exon_12266.tre,0.632704
exon_12269.fasta,exon_12269.tre,0.652293
exon_12270.fasta,exon_12270.tre,0.550638
exon_12271.fasta,exon_12271.tre,0.451247
exon_12272.fasta,exon_12272.tre,0.420743
exon_12273.fasta,exon_12273.tre,0.692200
exon_12277.fasta,exon_12277.tre,0.415023
exon_12278.fasta,exon_12278.tre,0.533805
exon_12279.fasta,exon_12279.tre,0.489412
exon_12280.fasta,exon_12280.tre,0.480487
exon_12281.fasta,exon_12281.tre,0.502655
exon_12282.fasta,exon_12282.tre,0.562807
exon_12283.fasta,exon_12283.tre,0.548238
exon_12285.fasta,exon_12285.tre,0.517672
exon_12286.fasta,exon_12286.tre,0.472619
exon_12287.fasta,exon_12287.tre,0.479794
exon_12288.fasta,exon_12288.tre,0.712083
exon_12289.fasta,exon_12289.tre,0.472729
exon_1229.fasta,exon_1229.tre,0.498312
exon_12290.fasta,exon_12290.tre,0.603805
exon_12292.fasta,exon_12292.tre,0.371149
exon_12293.fasta,exon_12293.tre,0.576367
exon_12294.fasta,exon_12294.tre,0.650394
exon_12295.fasta,exon_12295.tre,0.493278
exon_12296.fasta,exon_12296.tre,0.585533
exon_12297.fasta,exon_12297.tre,0.558630
exon_12298.fasta,exon_12298.tre,0.806054
exon_12299.fasta,exon_12299.tre,0.625541
exon_1230.fasta,exon_1230.tre,0.548968
exon_12300.fasta,exon_12300.tre,0.552183
exon_12301.fasta,exon_12301.tre,1.017098
exon_12302.fasta,exon_12302.tre,0.373553
exon_12304.fasta,exon_12304.tre,0.299943
exon_12306.fasta,exon_12306.tre,0.839419
exon_12307.fasta,exon_12307.tre,0.323014
exon_12308.fasta,exon_12308.tre,0.917996
exon_12309.fasta,exon_12309.tre,0.462309
exon_12310.fasta,exon_12310.tre,3.867881
exon_12311.fasta,exon_12311.tre,0.486211
exon_12314.fasta,exon_12314.tre,0.808710
exon_12315.fasta,exon_12315.tre,0.730557
exon_12316.fasta,exon_12316.tre,1.310538
exon_12317.fasta,exon_12317.tre,0.519132
exon_12318.fasta,exon_12318.tre,0.514268
exon_12319.fasta,exon_12319.tre,0.486532
exon_12320.fasta,exon_12320.tre,0.538037
exon_12321.fasta,exon_12321.tre,0.545272
exon_12322.fasta,exon_12322.tre,0.397342
exon_12324.fasta,exon_12324.tre,0.475247
exon_12325.fasta,exon_12325.tre,0.439074
exon_12326.fasta,exon_12326.tre,0.693731
exon_12328.fasta,exon_12328.tre,0.529788
exon_12329.fasta,exon_12329.tre,0.948170
exon_12332.fasta,exon_12332.tre,0.522861
exon_12334.fasta,exon_12334.tre,0.661889
exon_12335.fasta,exon_12335.tre,0.331296
exon_12336.fasta,exon_12336.tre,1.023984
exon_12337.fasta,exon_12337.tre,0.595405
exon_12339.fasta,exon_12339.tre,0.450322
exon_1234.fasta,exon_1234.tre,0.409123
exon_12343.fasta,exon_12343.tre,0.442366
exon_12344.fasta,exon_12344.tre,0.508322
exon_12345.fasta,exon_12345.tre,0.517575
exon_12346.fasta,exon_12346.tre,0.586436
exon_12347.fasta,exon_12347.tre,0.503317
exon_12348.fasta,exon_12348.tre,0.424119
exon_12349.fasta,exon_12349.tre,0.757733
exon_1235.fasta,exon_1235.tre,0.319834
exon_12352.fasta,exon_12352.tre,0.487134
exon_12356.fasta,exon_12356.tre,0.520014
exon_12357.fasta,exon_12357.tre,0.480223
exon_12360.fasta,exon_12360.tre,0.768497
exon_12364.fasta,exon_12364.tre,0.486693
exon_12368.fasta,exon_12368.tre,0.726321
exon_12369.fasta,exon_12369.tre,0.536886
exon_1237.fasta,exon_1237.tre,0.700984
exon_12370.fasta,exon_12370.tre,0.575884
exon_12371.fasta,exon_12371.tre,0.365117
exon_12373.fasta,exon_12373.tre,0.375187
exon_12374.fasta,exon_12374.tre,0.295227
exon_12377.fasta,exon_12377.tre,0.480224
exon_12378.fasta,exon_12378.tre,0.610079
exon_12380.fasta,exon_12380.tre,0.276130
exon_12381.fasta,exon_12381.tre,0.826396
exon_12382.fasta,exon_12382.tre,0.455892
exon_12383.fasta,exon_12383.tre,0.420368
exon_12384.fasta,exon_12384.tre,0.470356
exon_12385.fasta,exon_12385.tre,0.535010
exon_12386.fasta,exon_12386.tre,0.574419
exon_12387.fasta,exon_12387.tre,0.482731
exon_12388.fasta,exon_12388.tre,0.619064
exon_12389.fasta,exon_12389.tre,0.489806
exon_12391.fasta,exon_12391.tre,0.682402
exon_12393.fasta,exon_12393.tre,0.549210
exon_12395.fasta,exon_12395.tre,0.670025
exon_12396.fasta,exon_12396.tre,0.590677
exon_12397.fasta,exon_12397.tre,0.535312
exon_12398.fasta,exon_12398.tre,1.042318
exon_12401.fasta,exon_12401.tre,4.949311
exon_12403.fasta,exon_12403.tre,0.493429
exon_12404.fasta,exon_12404.tre,0.303554
exon_12405.fasta,exon_12405.tre,0.486663
exon_12406.fasta,exon_12406.tre,0.715370
exon_12407.fasta,exon_12407.tre,0.417827
exon_12409.fasta,exon_12409.tre,0.637899
exon_1241.fasta,exon_1241.tre,0.875272
exon_12411.fasta,exon_12411.tre,0.907723
exon_12412.fasta,exon_12412.tre,0.339552
exon_12413.fasta,exon_12413.tre,0.523856
exon_12414.fasta,exon_12414.tre,0.494968
exon_12415.fasta,exon_12415.tre,0.340450
exon_12416.fasta,exon_12416.tre,0.751171
exon_12417.fasta,exon_12417.tre,0.504180
exon_12418.fasta,exon_12418.tre,0.638783
exon_12419.fasta,exon_12419.tre,0.499757
exon_1242.fasta,exon_1242.tre,0.524142
exon_12420.fasta,exon_12420.tre,0.506631
exon_12421.fasta,exon_12421.tre,0.398263
exon_12422.fasta,exon_12422.tre,0.571542
exon_12423.fasta,exon_12423.tre,0.815549
exon_12424.fasta,exon_12424.tre,0.524786
exon_12425.fasta,exon_12425.tre,0.297574
exon_12426.fasta,exon_12426.tre,0.500930
exon_12427.fasta,exon_12427.tre,0.501835
exon_12429.fasta,exon_12429.tre,0.465876
exon_1243.fasta,exon_1243.tre,0.463861
exon_12430.fasta,exon_12430.tre,0.583562
exon_12431.fasta,exon_12431.tre,0.342676
exon_12432.fasta,exon_12432.tre,0.615457
exon_12433.fasta,exon_12433.tre,0.405472
exon_12435.fasta,exon_12435.tre,0.345464
exon_12436.fasta,exon_12436.tre,0.528311
exon_12437.fasta,exon_12437.tre,0.342647
exon_12438.fasta,exon_12438.tre,0.359544
exon_12439.fasta,exon_12439.tre,0.768140
exon_1244.fasta,exon_1244.tre,0.760292
exon_12441.fasta,exon_12441.tre,0.491116
exon_12442.fasta,exon_12442.tre,0.545006
exon_12443.fasta,exon_12443.tre,0.464962
exon_12444.fasta,exon_12444.tre,0.532591
exon_12445.fasta,exon_12445.tre,0.492936
exon_12446.fasta,exon_12446.tre,0.419425
exon_12447.fasta,exon_12447.tre,0.464530
exon_12448.fasta,exon_12448.tre,0.580242
exon_12452.fasta,exon_12452.tre,0.487977
exon_12453.fasta,exon_12453.tre,0.793499
exon_12455.fasta,exon_12455.tre,0.367795
exon_12456.fasta,exon_12456.tre,0.559230
exon_12457.fasta,exon_12457.tre,0.481304
exon_12458.fasta,exon_12458.tre,0.652202
exon_12459.fasta,exon_12459.tre,0.546299
exon_1246.fasta,exon_1246.tre,9.188660
exon_12460.fasta,exon_12460.tre,0.636821
exon_12461.fasta,exon_12461.tre,0.420585
exon_12462.fasta,exon_12462.tre,0.594419
exon_12463.fasta,exon_12463.tre,0.557225
exon_12464.fasta,exon_12464.tre,0.393724
exon_12466.fasta,exon_12466.tre,0.480614
exon_12467.fasta,exon_12467.tre,0.634551
exon_12469.fasta,exon_12469.tre,0.534461
exon_1247.fasta,exon_1247.tre,0.547425
exon_12470.fasta,exon_12470.tre,0.528117
exon_12473.fasta,exon_12473.tre,0.575657
exon_12474.fasta,exon_12474.tre,0.433333
exon_12475.fasta,exon_12475.tre,2.665759
exon_12476.fasta,exon_12476.tre,0.424851
exon_12477.fasta,exon_12477.tre,0.436729
exon_12478.fasta,exon_12478.tre,1.157717
exon_12479.fasta,exon_12479.tre,0.472237
exon_1248.fasta,exon_1248.tre,0.818155
exon_12481.fasta,exon_12481.tre,0.473783
exon_12483.fasta,exon_12483.tre,0.467149
exon_12484.fasta,exon_12484.tre,0.453349
exon_12486.fasta,exon_12486.tre,0.745217
exon_12487.fasta,exon_12487.tre,0.570940
exon_12488.fasta,exon_12488.tre,0.500179
exon_12489.fasta,exon_12489.tre,0.488804
exon_12490.fasta,exon_12490.tre,1.554011
exon_12491.fasta,exon_12491.tre,1.205954
exon_12492.fasta,exon_12492.tre,0.492270
exon_12493.fasta,exon_12493.tre,0.549064
exon_12494.fasta,exon_12494.tre,0.473909
exon_12495.fasta,exon_12495.tre,0.647302
exon_12496.fasta,exon_12496.tre,0.609401
exon_12497.fasta,exon_12497.tre,0.618815
exon_12499.fasta,exon_12499.tre,0.584459
exon_12501.fasta,exon_12501.tre,0.346623
exon_12502.fasta,exon_12502.tre,0.698560
exon_12503.fasta,exon_12503.tre,0.698052
exon_12504.fasta,exon_12504.tre,0.427242
exon_12505.fasta,exon_12505.tre,0.579070
exon_12506.fasta,exon_12506.tre,0.593221
exon_12507.fasta,exon_12507.tre,0.703549
exon_12508.fasta,exon_12508.tre,0.496495
exon_12509.fasta,exon_12509.tre,0.484071
exon_1251.fasta,exon_1251.tre,0.372957
exon_12510.fasta,exon_12510.tre,0.493611
exon_12511.fasta,exon_12511.tre,0.479565
exon_12512.fasta,exon_12512.tre,0.537329
exon_12513.fasta,exon_12513.tre,0.316540
exon_12514.fasta,exon_12514.tre,1.854790
exon_12516.fasta,exon_12516.tre,0.559914
exon_12517.fasta,exon_12517.tre,0.648042
exon_12518.fasta,exon_12518.tre,1.397923
exon_12519.fasta,exon_12519.tre,0.439892
exon_1252.fasta,exon_1252.tre,0.417848
exon_12520.fasta,exon_12520.tre,0.565665
exon_12522.fasta,exon_12522.tre,3.045347
exon_12523.fasta,exon_12523.tre,0.978732
exon_12524.fasta,exon_12524.tre,0.856025
exon_12525.fasta,exon_12525.tre,0.512263
exon_12526.fasta,exon_12526.tre,0.423967
exon_12527.fasta,exon_12527.tre,0.436490
exon_12528.fasta,exon_12528.tre,0.335866
exon_12529.fasta,exon_12529.tre,0.476953
exon_12532.fasta,exon_12532.tre,0.540623
exon_12533.fasta,exon_12533.tre,0.472951
exon_12534.fasta,exon_12534.tre,0.575104
exon_12536.fasta,exon_12536.tre,0.548653
exon_12537.fasta,exon_12537.tre,0.314167
exon_12538.fasta,exon_12538.tre,1.506343
exon_12539.fasta,exon_12539.tre,0.306075
exon_1254.fasta,exon_1254.tre,0.465971
exon_12542.fasta,exon_12542.tre,0.398712
exon_12544.fasta,exon_12544.tre,0.365380
exon_12548.fasta,exon_12548.tre,0.379797
exon_12549.fasta,exon_12549.tre,0.812076
exon_1255.fasta,exon_1255.tre,1.489020
exon_12550.fasta,exon_12550.tre,0.775131
exon_12551.fasta,exon_12551.tre,0.618459
exon_12552.fasta,exon_12552.tre,0.403915
exon_12554.fasta,exon_12554.tre,3.168844
exon_12555.fasta,exon_12555.tre,0.449729
exon_12557.fasta,exon_12557.tre,0.703079
exon_12558.fasta,exon_12558.tre,0.525084
exon_12559.fasta,exon_12559.tre,0.471163
exon_1256.fasta,exon_1256.tre,0.583063
exon_12561.fasta,exon_12561.tre,0.538679
exon_12562.fasta,exon_12562.tre,0.340015
exon_12564.fasta,exon_12564.tre,0.822240
exon_12565.fasta,exon_12565.tre,0.424068
exon_12566.fasta,exon_12566.tre,0.714469
exon_12567.fasta,exon_12567.tre,0.865913
exon_12569.fasta,exon_12569.tre,0.486020
exon_12570.fasta,exon_12570.tre,0.388526
exon_12571.fasta,exon_12571.tre,0.370489
exon_12572.fasta,exon_12572.tre,0.521715
exon_12573.fasta,exon_12573.tre,0.345829
exon_12574.fasta,exon_12574.tre,0.472997
exon_12575.fasta,exon_12575.tre,0.601132
exon_12576.fasta,exon_12576.tre,0.511576
exon_12577.fasta,exon_12577.tre,0.557918
exon_12578.fasta,exon_12578.tre,0.412428
exon_12579.fasta,exon_12579.tre,0.624735
exon_12580.fasta,exon_12580.tre,0.461683
exon_12583.fasta,exon_12583.tre,0.395874
exon_12584.fasta,exon_12584.tre,0.536004
exon_12585.fasta,exon_12585.tre,0.624431
exon_12586.fasta,exon_12586.tre,0.416320
exon_12587.fasta,exon_12587.tre,1.097841
exon_12588.fasta,exon_12588.tre,0.579085
exon_1259.fasta,exon_1259.tre,0.556173
exon_12590.fasta,exon_12590.tre,0.409950
exon_12591.fasta,exon_12591.tre,0.482841
exon_12593.fasta,exon_12593.tre,0.565806
exon_12594.fasta,exon_12594.tre,0.567143
exon_12595.fasta,exon_12595.tre,0.566625
exon_12596.fasta,exon_12596.tre,0.889054
exon_12597.fasta,exon_12597.tre,0.347545
exon_12598.fasta,exon_12598.tre,0.355024
exon_12600.fasta,exon_12600.tre,0.584456
exon_12603.fasta,exon_12603.tre,0.366304
exon_12604.fasta,exon_12604.tre,0.446725
exon_12605.fasta,exon_12605.tre,0.643157
exon_12606.fasta,exon_12606.tre,0.670260
exon_12611.fasta,exon_12611.tre,0.488075
exon_12613.fasta,exon_12613.tre,0.537086
exon_12614.fasta,exon_12614.tre,0.512465
exon_12615.fasta,exon_12615.tre,0.387288
exon_12617.fasta,exon_12617.tre,1.189708
exon_12618.fasta,exon_12618.tre,0.547300
exon_12619.fasta,exon_12619.tre,0.392214
exon_12620.fasta,exon_12620.tre,0.678197
exon_12621.fasta,exon_12621.tre,0.470900
exon_12624.fasta,exon_12624.tre,0.450501
exon_12625.fasta,exon_12625.tre,0.486620
exon_12626.fasta,exon_12626.tre,0.483638
exon_12627.fasta,exon_12627.tre,0.543654
exon_12629.fasta,exon_12629.tre,0.367658
exon_1263.fasta,exon_1263.tre,0.404727
exon_12630.fasta,exon_12630.tre,0.523333
exon_12631.fasta,exon_12631.tre,0.486719
exon_12632.fasta,exon_12632.tre,0.480129
exon_12633.fasta,exon_12633.tre,0.428068
exon_12636.fasta,exon_12636.tre,0.401804
exon_12637.fasta,exon_12637.tre,0.431370
exon_12638.fasta,exon_12638.tre,0.503694
exon_12639.fasta,exon_12639.tre,0.563133
exon_1264.fasta,exon_1264.tre,0.490806
exon_12640.fasta,exon_12640.tre,0.345138
exon_12641.fasta,exon_12641.tre,0.581522
exon_12642.fasta,exon_12642.tre,0.489640
exon_12643.fasta,exon_12643.tre,0.508834
exon_12644.fasta,exon_12644.tre,1.997896
exon_12645.fasta,exon_12645.tre,0.370254
exon_12646.fasta,exon_12646.tre,0.415563
exon_12647.fasta,exon_12647.tre,0.411202
exon_12648.fasta,exon_12648.tre,0.435864
exon_12649.fasta,exon_12649.tre,0.411641
exon_1265.fasta,exon_1265.tre,0.595088
exon_12653.fasta,exon_12653.tre,0.534387
exon_12654.fasta,exon_12654.tre,0.348866
exon_12655.fasta,exon_12655.tre,0.848624
exon_12656.fasta,exon_12656.tre,0.609630
exon_12661.fasta,exon_12661.tre,0.426110
exon_12663.fasta,exon_12663.tre,0.623893
exon_12664.fasta,exon_12664.tre,0.480361
exon_12665.fasta,exon_12665.tre,0.952705
exon_12666.fasta,exon_12666.tre,0.511033
exon_12667.fasta,exon_12667.tre,0.612885
exon_12668.fasta,exon_12668.tre,0.511616
exon_12669.fasta,exon_12669.tre,0.411566
exon_12670.fasta,exon_12670.tre,0.477659
exon_12671.fasta,exon_12671.tre,0.663871
exon_12673.fasta,exon_12673.tre,0.766043
exon_12674.fasta,exon_12674.tre,0.658112
exon_12675.fasta,exon_12675.tre,0.535681
exon_12677.fasta,exon_12677.tre,0.359463
exon_12678.fasta,exon_12678.tre,0.518858
exon_1268.fasta,exon_1268.tre,0.358353
exon_12680.fasta,exon_12680.tre,0.404110
exon_12681.fasta,exon_12681.tre,0.702623
exon_12682.fasta,exon_12682.tre,0.499505
exon_12683.fasta,exon_12683.tre,0.464835
exon_12684.fasta,exon_12684.tre,0.626961
exon_12685.fasta,exon_12685.tre,0.524875
exon_12686.fasta,exon_12686.tre,0.372123
exon_12687.fasta,exon_12687.tre,0.386397
exon_12689.fasta,exon_12689.tre,0.650519
exon_1269.fasta,exon_1269.tre,0.620914
exon_12690.fasta,exon_12690.tre,0.361156
exon_12691.fasta,exon_12691.tre,1.224579
exon_12692.fasta,exon_12692.tre,0.666141
exon_12694.fasta,exon_12694.tre,0.376901
exon_12696.fasta,exon_12696.tre,0.448332
exon_12698.fasta,exon_12698.tre,0.385184
exon_12699.fasta,exon_12699.tre,0.638234
exon_12700.fasta,exon_12700.tre,0.465338
exon_12701.fasta,exon_12701.tre,0.469885
exon_12703.fasta,exon_12703.tre,0.475439
exon_12704.fasta,exon_12704.tre,0.467900
exon_12706.fasta,exon_12706.tre,0.712301
exon_12707.fasta,exon_12707.tre,0.653144
exon_12709.fasta,exon_12709.tre,0.495844
exon_12710.fasta,exon_12710.tre,0.453079
exon_12711.fasta,exon_12711.tre,0.615842
exon_12712.fasta,exon_12712.tre,0.479917
exon_12714.fasta,exon_12714.tre,0.513227
exon_12715.fasta,exon_12715.tre,0.684752
exon_12716.fasta,exon_12716.tre,0.640235
exon_12717.fasta,exon_12717.tre,1.004630
exon_12718.fasta,exon_12718.tre,0.684176
exon_12719.fasta,exon_12719.tre,0.537088
exon_1272.fasta,exon_1272.tre,0.556010
exon_12722.fasta,exon_12722.tre,0.573583
exon_12723.fasta,exon_12723.tre,0.391654
exon_12724.fasta,exon_12724.tre,0.650156
exon_12725.fasta,exon_12725.tre,0.613666
exon_12726.fasta,exon_12726.tre,0.502105
exon_12728.fasta,exon_12728.tre,0.392575
exon_12730.fasta,exon_12730.tre,0.703711
exon_12731.fasta,exon_12731.tre,0.450585
exon_12733.fasta,exon_12733.tre,0.610811
exon_12734.fasta,exon_12734.tre,0.555236
exon_12735.fasta,exon_12735.tre,0.484069
exon_12737.fasta,exon_12737.tre,0.768371
exon_12738.fasta,exon_12738.tre,0.384501
exon_12739.fasta,exon_12739.tre,0.551867
exon_1274.fasta,exon_1274.tre,0.927921
exon_12740.fasta,exon_12740.tre,0.498584
exon_12741.fasta,exon_12741.tre,0.693464
exon_12743.fasta,exon_12743.tre,0.917755
exon_12744.fasta,exon_12744.tre,0.456591
exon_12745.fasta,exon_12745.tre,0.882642
exon_12746.fasta,exon_12746.tre,0.490265
exon_12748.fasta,exon_12748.tre,0.487193
exon_12749.fasta,exon_12749.tre,7.237268
exon_12750.fasta,exon_12750.tre,0.679323
exon_12751.fasta,exon_12751.tre,0.537549
exon_12752.fasta,exon_12752.tre,0.819133
exon_12753.fasta,exon_12753.tre,0.466743
exon_12754.fasta,exon_12754.tre,0.502056
exon_12755.fasta,exon_12755.tre,0.635451
exon_12756.fasta,exon_12756.tre,0.328615
exon_12757.fasta,exon_12757.tre,0.348057
exon_12758.fasta,exon_12758.tre,0.489635
exon_12759.fasta,exon_12759.tre,0.492570
exon_1276.fasta,exon_1276.tre,0.803141
exon_12760.fasta,exon_12760.tre,0.491010
exon_12761.fasta,exon_12761.tre,0.528502
exon_12762.fasta,exon_12762.tre,0.562658
exon_12764.fasta,exon_12764.tre,1.007666
exon_12765.fasta,exon_12765.tre,0.380212
exon_12767.fasta,exon_12767.tre,0.718585
exon_12768.fasta,exon_12768.tre,0.566888
exon_12769.fasta,exon_12769.tre,0.533093
exon_1277.fasta,exon_1277.tre,0.486693
exon_12770.fasta,exon_12770.tre,0.473872
exon_12771.fasta,exon_12771.tre,0.584832
exon_12772.fasta,exon_12772.tre,0.372955
exon_12773.fasta,exon_12773.tre,0.539825
exon_12775.fasta,exon_12775.tre,0.493673
exon_12776.fasta,exon_12776.tre,0.517843
exon_12777.fasta,exon_12777.tre,0.479679
exon_12778.fasta,exon_12778.tre,0.452748
exon_12779.fasta,exon_12779.tre,0.568162
exon_1278.fasta,exon_1278.tre,0.362992
exon_12780.fasta,exon_12780.tre,0.504661
exon_12781.fasta,exon_12781.tre,0.494357
exon_12782.fasta,exon_12782.tre,0.496314
exon_12783.fasta,exon_12783.tre,0.409068
exon_12784.fasta,exon_12784.tre,0.505317
exon_12786.fasta,exon_12786.tre,0.798090
exon_12787.fasta,exon_12787.tre,1.070881
exon_12788.fasta,exon_12788.tre,0.340753
exon_12789.fasta,exon_12789.tre,0.655520
exon_12791.fasta,exon_12791.tre,0.678898
exon_12793.fasta,exon_12793.tre,0.927821
exon_12794.fasta,exon_12794.tre,0.499358
exon_12798.fasta,exon_12798.tre,0.744417
exon_12799.fasta,exon_12799.tre,0.799040
exon_1280.fasta,exon_1280.tre,0.574022
exon_12800.fasta,exon_12800.tre,3.336059
exon_12804.fasta,exon_12804.tre,0.515806
exon_12805.fasta,exon_12805.tre,0.543719
exon_12807.fasta,exon_12807.tre,0.490825
exon_12808.fasta,exon_12808.tre,0.378646
exon_12809.fasta,exon_12809.tre,0.477263
exon_1281.fasta,exon_1281.tre,0.523607
exon_12810.fasta,exon_12810.tre,0.427106
exon_12811.fasta,exon_12811.tre,0.289917
exon_12812.fasta,exon_12812.tre,0.392781
exon_12813.fasta,exon_12813.tre,0.471479
exon_12814.fasta,exon_12814.tre,0.502611
exon_12815.fasta,exon_12815.tre,0.502307
exon_12816.fasta,exon_12816.tre,0.494719
exon_12817.fasta,exon_12817.tre,0.368480
exon_12818.fasta,exon_12818.tre,0.335878
exon_12819.fasta,exon_12819.tre,0.425040
exon_12822.fasta,exon_12822.tre,0.635214
exon_12824.fasta,exon_12824.tre,0.534000
exon_12826.fasta,exon_12826.tre,1.555124
exon_12827.fasta,exon_12827.tre,0.486657
exon_12829.fasta,exon_12829.tre,0.702780
exon_1283.fasta,exon_1283.tre,0.708191
exon_12830.fasta,exon_12830.tre,0.518881
exon_12832.fasta,exon_12832.tre,0.564096
exon_12833.fasta,exon_12833.tre,0.465090
exon_12834.fasta,exon_12834.tre,0.625130
exon_12835.fasta,exon_12835.tre,0.482439
exon_12836.fasta,exon_12836.tre,0.699918
exon_12837.fasta,exon_12837.tre,0.748339
exon_12838.fasta,exon_12838.tre,0.504363
exon_12839.fasta,exon_12839.tre,0.404667
exon_12840.fasta,exon_12840.tre,0.904861
exon_12841.fasta,exon_12841.tre,0.505117
exon_12842.fasta,exon_12842.tre,0.453438
exon_12844.fasta,exon_12844.tre,0.495626
exon_12845.fasta,exon_12845.tre,0.722169
exon_12846.fasta,exon_12846.tre,0.663269
exon_12848.fasta,exon_12848.tre,0.776090
exon_12849.fasta,exon_12849.tre,0.567502
exon_12850.fasta,exon_12850.tre,0.548066
exon_12852.fasta,exon_12852.tre,0.380414
exon_12853.fasta,exon_12853.tre,1.036658
exon_12855.fasta,exon_12855.tre,0.476975
exon_12857.fasta,exon_12857.tre,0.409863
exon_12858.fasta,exon_12858.tre,0.347985
exon_12859.fasta,exon_12859.tre,0.944723
exon_1286.fasta,exon_1286.tre,0.425769
exon_12860.fasta,exon_12860.tre,0.546950
exon_12862.fasta,exon_12862.tre,0.398225
exon_12863.fasta,exon_12863.tre,0.594522
exon_12864.fasta,exon_12864.tre,0.474568
exon_12865.fasta,exon_12865.tre,0.503098
exon_12866.fasta,exon_12866.tre,0.459189
exon_12868.fasta,exon_12868.tre,0.577098
exon_12869.fasta,exon_12869.tre,0.579400
exon_1287.fasta,exon_1287.tre,0.799778
exon_12870.fasta,exon_12870.tre,0.457608
exon_12871.fasta,exon_12871.tre,0.451707
exon_12873.fasta,exon_12873.tre,0.778673
exon_12874.fasta,exon_12874.tre,0.569874
exon_12875.fasta,exon_12875.tre,0.622586
exon_12876.fasta,exon_12876.tre,0.553362
exon_12877.fasta,exon_12877.tre,0.428497
exon_12878.fasta,exon_12878.tre,0.473058
exon_12879.fasta,exon_12879.tre,0.314600
exon_1288.fasta,exon_1288.tre,0.330756
exon_12880.fasta,exon_12880.tre,0.471648
exon_12881.fasta,exon_12881.tre,0.537780
exon_12887.fasta,exon_12887.tre,0.457327
exon_12889.fasta,exon_12889.tre,0.447369
exon_12890.fasta,exon_12890.tre,0.483600
exon_12891.fasta,exon_12891.tre,0.460706
exon_12892.fasta,exon_12892.tre,0.507188
exon_12893.fasta,exon_12893.tre,0.391445
exon_12896.fasta,exon_12896.tre,0.590572
exon_12898.fasta,exon_12898.tre,0.471019
exon_129.fasta,exon_129.tre,1.102056
exon_12901.fasta,exon_12901.tre,0.938427
exon_12903.fasta,exon_12903.tre,0.539176
exon_12904.fasta,exon_12904.tre,0.472288
exon_12905.fasta,exon_12905.tre,0.567820
exon_12908.fasta,exon_12908.tre,0.882616
exon_12909.fasta,exon_12909.tre,0.932328
exon_1291.fasta,exon_1291.tre,0.499516
exon_12912.fasta,exon_12912.tre,0.498756
exon_12913.fasta,exon_12913.tre,0.404866
exon_12914.fasta,exon_12914.tre,1.968676
exon_12915.fasta,exon_12915.tre,0.423470
exon_12916.fasta,exon_12916.tre,0.410261
exon_12917.fasta,exon_12917.tre,1.011642
exon_12918.fasta,exon_12918.tre,0.505176
exon_12920.fasta,exon_12920.tre,0.715602
exon_12921.fasta,exon_12921.tre,0.722480
exon_12923.fasta,exon_12923.tre,0.848267
exon_12924.fasta,exon_12924.tre,0.470713
exon_12925.fasta,exon_12925.tre,0.611540
exon_12926.fasta,exon_12926.tre,0.531351
exon_12927.fasta,exon_12927.tre,0.646706
exon_12930.fasta,exon_12930.tre,0.435054
exon_12931.fasta,exon_12931.tre,0.542548
exon_12933.fasta,exon_12933.tre,0.446255
exon_12934.fasta,exon_12934.tre,0.469187
exon_12935.fasta,exon_12935.tre,0.629791
exon_12936.fasta,exon_12936.tre,0.524833
exon_12937.fasta,exon_12937.tre,0.517749
exon_12938.fasta,exon_12938.tre,0.446838
exon_12939.fasta,exon_12939.tre,0.523259
exon_1294.fasta,exon_1294.tre,0.570415
exon_12940.fasta,exon_12940.tre,0.473123
exon_12941.fasta,exon_12941.tre,0.901022
exon_12942.fasta,exon_12942.tre,0.574458
exon_12943.fasta,exon_12943.tre,0.553771
exon_12944.fasta,exon_12944.tre,0.402460
exon_12945.fasta,exon_12945.tre,0.524252
exon_12946.fasta,exon_12946.tre,0.885999
exon_12947.fasta,exon_12947.tre,0.501244
exon_12948.fasta,exon_12948.tre,0.464952
exon_12949.fasta,exon_12949.tre,0.546112
exon_1295.fasta,exon_1295.tre,0.567100
exon_12950.fasta,exon_12950.tre,0.671927
exon_12951.fasta,exon_12951.tre,0.569174
exon_12952.fasta,exon_12952.tre,0.636240
exon_12953.fasta,exon_12953.tre,0.390527
exon_12954.fasta,exon_12954.tre,0.548975
exon_12955.fasta,exon_12955.tre,0.454303
exon_12956.fasta,exon_12956.tre,0.337663
exon_12957.fasta,exon_12957.tre,0.703233
exon_12958.fasta,exon_12958.tre,0.533421
exon_12959.fasta,exon_12959.tre,0.382423
exon_1296.fasta,exon_1296.tre,0.765420
exon_12960.fasta,exon_12960.tre,0.807905
exon_12961.fasta,exon_12961.tre,1.517884
exon_12962.fasta,exon_12962.tre,0.693226
exon_12963.fasta,exon_12963.tre,0.490277
exon_12964.fasta,exon_12964.tre,0.497482
exon_12966.fasta,exon_12966.tre,0.467588
exon_12967.fasta,exon_12967.tre,0.599776
exon_12968.fasta,exon_12968.tre,0.629966
exon_12969.fasta,exon_12969.tre,4.907792
exon_1297.fasta,exon_1297.tre,0.573654
exon_12970.fasta,exon_12970.tre,0.689861
exon_12971.fasta,exon_12971.tre,0.401002
exon_12972.fasta,exon_12972.tre,0.551806
exon_12974.fasta,exon_12974.tre,0.570660
exon_12975.fasta,exon_12975.tre,0.643184
exon_12977.fasta,exon_12977.tre,0.602989
exon_12978.fasta,exon_12978.tre,0.410152
exon_12979.fasta,exon_12979.tre,0.602953
exon_12980.fasta,exon_12980.tre,0.540054
exon_12982.fasta,exon_12982.tre,0.678887
exon_12983.fasta,exon_12983.tre,0.593345
exon_12984.fasta,exon_12984.tre,0.576492
exon_12985.fasta,exon_12985.tre,0.601435
exon_12988.fasta,exon_12988.tre,0.489108
exon_12991.fasta,exon_12991.tre,0.469453
exon_12992.fasta,exon_12992.tre,0.468681
exon_12993.fasta,exon_12993.tre,0.330691
exon_12995.fasta,exon_12995.tre,0.413025
exon_12996.fasta,exon_12996.tre,0.771385
exon_12997.fasta,exon_12997.tre,0.453013
exon_12998.fasta,exon_12998.tre,0.575213
exon_13000.fasta,exon_13000.tre,0.602902
exon_13001.fasta,exon_13001.tre,0.350142
exon_13002.fasta,exon_13002.tre,0.511580
exon_13003.fasta,exon_13003.tre,1.286541
exon_13005.fasta,exon_13005.tre,0.686336
exon_13007.fasta,exon_13007.tre,0.498620
exon_13008.fasta,exon_13008.tre,0.670403
exon_13009.fasta,exon_13009.tre,0.654789
exon_13010.fasta,exon_13010.tre,0.556871
exon_13011.fasta,exon_13011.tre,0.616460
exon_13012.fasta,exon_13012.tre,0.653131
exon_13013.fasta,exon_13013.tre,0.670547
exon_13016.fasta,exon_13016.tre,0.568228
exon_13017.fasta,exon_13017.tre,0.474945
exon_13018.fasta,exon_13018.tre,0.557527
exon_13019.fasta,exon_13019.tre,0.409924
exon_1302.fasta,exon_1302.tre,0.565456
exon_13020.fasta,exon_13020.tre,0.397524
exon_13021.fasta,exon_13021.tre,0.679111
exon_13022.fasta,exon_13022.tre,0.388109
exon_13023.fasta,exon_13023.tre,0.592444
exon_13024.fasta,exon_13024.tre,0.471179
exon_13025.fasta,exon_13025.tre,0.419330
exon_13026.fasta,exon_13026.tre,0.428161
exon_13028.fasta,exon_13028.tre,0.438336
exon_1303.fasta,exon_1303.tre,0.465214
exon_13030.fasta,exon_13030.tre,0.476671
exon_13032.fasta,exon_13032.tre,0.389440
exon_13034.fasta,exon_13034.tre,0.385559
exon_13035.fasta,exon_13035.tre,0.648813
exon_13036.fasta,exon_13036.tre,0.389777
exon_13038.fasta,exon_13038.tre,0.391621
exon_13040.fasta,exon_13040.tre,0.450078
exon_13041.fasta,exon_13041.tre,0.801494
exon_13042.fasta,exon_13042.tre,0.459223
exon_13044.fasta,exon_13044.tre,0.514600
exon_13046.fasta,exon_13046.tre,0.469336
exon_13047.fasta,exon_13047.tre,0.409939
exon_13048.fasta,exon_13048.tre,0.539905
exon_13052.fasta,exon_13052.tre,0.711107
exon_13054.fasta,exon_13054.tre,0.373361
exon_1306.fasta,exon_1306.tre,0.454968
exon_13066.fasta,exon_13066.tre,0.414059
exon_13067.fasta,exon_13067.tre,0.496894
exon_13068.fasta,exon_13068.tre,0.405187
exon_13069.fasta,exon_13069.tre,0.554927
exon_1307.fasta,exon_1307.tre,0.480489
exon_13070.fasta,exon_13070.tre,0.425834
exon_13071.fasta,exon_13071.tre,0.406892
exon_13072.fasta,exon_13072.tre,0.546243
exon_13073.fasta,exon_13073.tre,0.593775
exon_13074.fasta,exon_13074.tre,0.373193
exon_13076.fasta,exon_13076.tre,0.708290
exon_13079.fasta,exon_13079.tre,0.370577
exon_1308.fasta,exon_1308.tre,0.578799
exon_13080.fasta,exon_13080.tre,0.486084
exon_13081.fasta,exon_13081.tre,0.409691
exon_13086.fasta,exon_13086.tre,0.508368
exon_13087.fasta,exon_13087.tre,0.490062
exon_13088.fasta,exon_13088.tre,0.427885
exon_13090.fasta,exon_13090.tre,0.387387
exon_13092.fasta,exon_13092.tre,0.486622
exon_13095.fasta,exon_13095.tre,0.303245
exon_13098.fasta,exon_13098.tre,0.343331
exon_13100.fasta,exon_13100.tre,0.292736
exon_13101.fasta,exon_13101.tre,0.456997
exon_13108.fasta,exon_13108.tre,0.373061
exon_13109.fasta,exon_13109.tre,0.351764
exon_1311.fasta,exon_1311.tre,0.666036
exon_13111.fasta,exon_13111.tre,0.291435
exon_13115.fasta,exon_13115.tre,0.561161
exon_13119.fasta,exon_13119.tre,0.464971
exon_1312.fasta,exon_1312.tre,0.586564
exon_13123.fasta,exon_13123.tre,0.529889
exon_13124.fasta,exon_13124.tre,0.436190
exon_13127.fasta,exon_13127.tre,0.340837
exon_13128.fasta,exon_13128.tre,0.398259
exon_1313.fasta,exon_1313.tre,0.622764
exon_13132.fasta,exon_13132.tre,0.917536
exon_13133.fasta,exon_13133.tre,0.472702
exon_13135.fasta,exon_13135.tre,0.359545
exon_13137.fasta,exon_13137.tre,0.391241
exon_13139.fasta,exon_13139.tre,0.563595
exon_13141.fasta,exon_13141.tre,0.580481
exon_13142.fasta,exon_13142.tre,0.371304
exon_13143.fasta,exon_13143.tre,0.362769
exon_13144.fasta,exon_13144.tre,0.483523
exon_13146.fasta,exon_13146.tre,0.409405
exon_13147.fasta,exon_13147.tre,0.472348
exon_13148.fasta,exon_13148.tre,0.306804
exon_13149.fasta,exon_13149.tre,0.310634
exon_1315.fasta,exon_1315.tre,0.615800
exon_13151.fasta,exon_13151.tre,0.439321
exon_13152.fasta,exon_13152.tre,0.490818
exon_13153.fasta,exon_13153.tre,0.481264
exon_13154.fasta,exon_13154.tre,0.504614
exon_13155.fasta,exon_13155.tre,0.485983
exon_13156.fasta,exon_13156.tre,0.352804
exon_13159.fasta,exon_13159.tre,0.401821
exon_1316.fasta,exon_1316.tre,0.616148
exon_13160.fasta,exon_13160.tre,0.378671
exon_13161.fasta,exon_13161.tre,0.373038
exon_13162.fasta,exon_13162.tre,0.443344
exon_13163.fasta,exon_13163.tre,0.721349
exon_13164.fasta,exon_13164.tre,0.340140
exon_13167.fasta,exon_13167.tre,0.358160
exon_13169.fasta,exon_13169.tre,0.542094
exon_13170.fasta,exon_13170.tre,0.525496
exon_13171.fasta,exon_13171.tre,0.370039
exon_13172.fasta,exon_13172.tre,0.354615
exon_13173.fasta,exon_13173.tre,0.408155
exon_13174.fasta,exon_13174.tre,0.516872
exon_13175.fasta,exon_13175.tre,0.530436
exon_13176.fasta,exon_13176.tre,0.515057
exon_13177.fasta,exon_13177.tre,0.482710
exon_13178.fasta,exon_13178.tre,0.383189
exon_1318.fasta,exon_1318.tre,0.511309
exon_13180.fasta,exon_13180.tre,0.474140
exon_13181.fasta,exon_13181.tre,0.358404
exon_13182.fasta,exon_13182.tre,0.399988
exon_13183.fasta,exon_13183.tre,0.504617
exon_13186.fasta,exon_13186.tre,0.415575
exon_13188.fasta,exon_13188.tre,0.315927
exon_13189.fasta,exon_13189.tre,0.502176
exon_1319.fasta,exon_1319.tre,0.591757
exon_13192.fasta,exon_13192.tre,0.433682
exon_13193.fasta,exon_13193.tre,0.255455
exon_13194.fasta,exon_13194.tre,0.353737
exon_13195.fasta,exon_13195.tre,0.452020
exon_13197.fasta,exon_13197.tre,0.358642
exon_13198.fasta,exon_13198.tre,0.479467
exon_13199.fasta,exon_13199.tre,0.371279
exon_1320.fasta,exon_1320.tre,0.496500
exon_13201.fasta,exon_13201.tre,0.522249
exon_13202.fasta,exon_13202.tre,0.622829
exon_13205.fasta,exon_13205.tre,0.392687
exon_13206.fasta,exon_13206.tre,0.564792
exon_13208.fasta,exon_13208.tre,0.841153
exon_13209.fasta,exon_13209.tre,0.310651
exon_13210.fasta,exon_13210.tre,0.449320
exon_13211.fasta,exon_13211.tre,0.359696
exon_13212.fasta,exon_13212.tre,0.511640
exon_13215.fasta,exon_13215.tre,0.666060
exon_13216.fasta,exon_13216.tre,0.614517
exon_13217.fasta,exon_13217.tre,0.654628
exon_13218.fasta,exon_13218.tre,0.281404
exon_13220.fasta,exon_13220.tre,0.465376
exon_13221.fasta,exon_13221.tre,0.341578
exon_13222.fasta,exon_13222.tre,0.530396
exon_13223.fasta,exon_13223.tre,0.333234
exon_13224.fasta,exon_13224.tre,0.336231
exon_13227.fasta,exon_13227.tre,0.314976
exon_13229.fasta,exon_13229.tre,0.456022
exon_1323.fasta,exon_1323.tre,0.488524
exon_13231.fasta,exon_13231.tre,0.570695
exon_13233.fasta,exon_13233.tre,0.492334
exon_13235.fasta,exon_13235.tre,0.348856
exon_13236.fasta,exon_13236.tre,0.506908
exon_13237.fasta,exon_13237.tre,0.364935
exon_13239.fasta,exon_13239.tre,0.466677
exon_13240.fasta,exon_13240.tre,0.278756
exon_13241.fasta,exon_13241.tre,0.422668
exon_13244.fasta,exon_13244.tre,0.484758
exon_13245.fasta,exon_13245.tre,0.357707
exon_13246.fasta,exon_13246.tre,0.418451
exon_13248.fasta,exon_13248.tre,0.504773
exon_13250.fasta,exon_13250.tre,0.375652
exon_13251.fasta,exon_13251.tre,0.602278
exon_13252.fasta,exon_13252.tre,0.501755
exon_13253.fasta,exon_13253.tre,0.391842
exon_13254.fasta,exon_13254.tre,0.479829
exon_13255.fasta,exon_13255.tre,0.474259
exon_13256.fasta,exon_13256.tre,0.324963
exon_13257.fasta,exon_13257.tre,0.351382
exon_13258.fasta,exon_13258.tre,0.430094
exon_13259.fasta,exon_13259.tre,0.673160
exon_13261.fasta,exon_13261.tre,0.741507
exon_13262.fasta,exon_13262.tre,0.405695
exon_13263.fasta,exon_13263.tre,0.370077
exon_13265.fasta,exon_13265.tre,0.344906
exon_13266.fasta,exon_13266.tre,0.345299
exon_13267.fasta,exon_13267.tre,0.353743
exon_13269.fasta,exon_13269.tre,0.522861
exon_1327.fasta,exon_1327.tre,0.428989
exon_13270.fasta,exon_13270.tre,0.623802
exon_13271.fasta,exon_13271.tre,0.316232
exon_13272.fasta,exon_13272.tre,0.485138
exon_13273.fasta,exon_13273.tre,0.328587
exon_13276.fasta,exon_13276.tre,0.513847
exon_13279.fasta,exon_13279.tre,0.541006
exon_1328.fasta,exon_1328.tre,0.832673
exon_13281.fasta,exon_13281.tre,0.475173
exon_13282.fasta,exon_13282.tre,0.496665
exon_13283.fasta,exon_13283.tre,0.348388
exon_13284.fasta,exon_13284.tre,0.502194
exon_13285.fasta,exon_13285.tre,0.509037
exon_13286.fasta,exon_13286.tre,0.599638
exon_13287.fasta,exon_13287.tre,0.515516
exon_13289.fasta,exon_13289.tre,0.527950
exon_13293.fasta,exon_13293.tre,0.383529
exon_13294.fasta,exon_13294.tre,0.470875
exon_13295.fasta,exon_13295.tre,0.298201
exon_13297.fasta,exon_13297.tre,0.303924
exon_13298.fasta,exon_13298.tre,0.313027
exon_13299.fasta,exon_13299.tre,0.293775
exon_133.fasta,exon_133.tre,0.341493
exon_1330.fasta,exon_1330.tre,1.110051
exon_13301.fasta,exon_13301.tre,0.531979
exon_13302.fasta,exon_13302.tre,0.693179
exon_13303.fasta,exon_13303.tre,0.432559
exon_13305.fasta,exon_13305.tre,0.485006
exon_13306.fasta,exon_13306.tre,0.303028
exon_13307.fasta,exon_13307.tre,0.553486
exon_13308.fasta,exon_13308.tre,0.415530
exon_13309.fasta,exon_13309.tre,0.307034
exon_13310.fasta,exon_13310.tre,0.356962
exon_13313.fasta,exon_13313.tre,0.323701
exon_13314.fasta,exon_13314.tre,0.512191
exon_13315.fasta,exon_13315.tre,0.526429
exon_13318.fasta,exon_13318.tre,0.434120
exon_13319.fasta,exon_13319.tre,0.343995
exon_1332.fasta,exon_1332.tre,0.555494
exon_13320.fasta,exon_13320.tre,0.558991
exon_13322.fasta,exon_13322.tre,0.375320
exon_13323.fasta,exon_13323.tre,0.687137
exon_13324.fasta,exon_13324.tre,0.494648
exon_13325.fasta,exon_13325.tre,0.447320
exon_13326.fasta,exon_13326.tre,0.541576
exon_13327.fasta,exon_13327.tre,0.349347
exon_13328.fasta,exon_13328.tre,0.455757
exon_13329.fasta,exon_13329.tre,0.486153
exon_1333.fasta,exon_1333.tre,0.510228
exon_13330.fasta,exon_13330.tre,0.389145
exon_13333.fasta,exon_13333.tre,0.328314
exon_13335.fasta,exon_13335.tre,0.334537
exon_13336.fasta,exon_13336.tre,0.317440
exon_13337.fasta,exon_13337.tre,0.518168
exon_13338.fasta,exon_13338.tre,0.509038
exon_1334.fasta,exon_1334.tre,0.525702
exon_13341.fasta,exon_13341.tre,0.515571
exon_13342.fasta,exon_13342.tre,0.295103
exon_13343.fasta,exon_13343.tre,0.405323
exon_13344.fasta,exon_13344.tre,0.535400
exon_13345.fasta,exon_13345.tre,0.342847
exon_13346.fasta,exon_13346.tre,0.462489
exon_13347.fasta,exon_13347.tre,0.898105
exon_13350.fasta,exon_13350.tre,0.419362
exon_13352.fasta,exon_13352.tre,0.453049
exon_13353.fasta,exon_13353.tre,0.377376
exon_13356.fasta,exon_13356.tre,0.513169
exon_13357.fasta,exon_13357.tre,0.319105
exon_13358.fasta,exon_13358.tre,0.485445
exon_13359.fasta,exon_13359.tre,0.393855
exon_13360.fasta,exon_13360.tre,0.503063
exon_13361.fasta,exon_13361.tre,0.318335
exon_13362.fasta,exon_13362.tre,0.391635
exon_13364.fasta,exon_13364.tre,0.499627
exon_13365.fasta,exon_13365.tre,0.622353
exon_13366.fasta,exon_13366.tre,0.497145
exon_13367.fasta,exon_13367.tre,0.479546
exon_13368.fasta,exon_13368.tre,0.543373
exon_1337.fasta,exon_1337.tre,0.545155
exon_13371.fasta,exon_13371.tre,0.367929
exon_13374.fasta,exon_13374.tre,0.434549
exon_13375.fasta,exon_13375.tre,0.466139
exon_13376.fasta,exon_13376.tre,0.493534
exon_13377.fasta,exon_13377.tre,0.360431
exon_13378.fasta,exon_13378.tre,0.402967
exon_13379.fasta,exon_13379.tre,0.469898
exon_1338.fasta,exon_1338.tre,0.770462
exon_13380.fasta,exon_13380.tre,0.537307
exon_13382.fasta,exon_13382.tre,0.494037
exon_13383.fasta,exon_13383.tre,0.336109
exon_13386.fasta,exon_13386.tre,0.416741
exon_13387.fasta,exon_13387.tre,0.420933
exon_13388.fasta,exon_13388.tre,0.404009
exon_13389.fasta,exon_13389.tre,0.492573
exon_13392.fasta,exon_13392.tre,0.491876
exon_13394.fasta,exon_13394.tre,0.528113
exon_13395.fasta,exon_13395.tre,0.505120
exon_13396.fasta,exon_13396.tre,0.365067
exon_13397.fasta,exon_13397.tre,0.523444
exon_13398.fasta,exon_13398.tre,0.313998
exon_13399.fasta,exon_13399.tre,0.345351
exon_1340.fasta,exon_1340.tre,1.063063
exon_13400.fasta,exon_13400.tre,0.374025
exon_13401.fasta,exon_13401.tre,0.324211
exon_13402.fasta,exon_13402.tre,0.455417
exon_13403.fasta,exon_13403.tre,0.349545
exon_13404.fasta,exon_13404.tre,0.413719
exon_13405.fasta,exon_13405.tre,0.447070
exon_13406.fasta,exon_13406.tre,0.544704
exon_13408.fasta,exon_13408.tre,0.321253
exon_13409.fasta,exon_13409.tre,0.377005
exon_13410.fasta,exon_13410.tre,0.295954
exon_13411.fasta,exon_13411.tre,0.467156
exon_13412.fasta,exon_13412.tre,0.419134
exon_13413.fasta,exon_13413.tre,0.676132
exon_13414.fasta,exon_13414.tre,0.323458
exon_13415.fasta,exon_13415.tre,0.515532
exon_13416.fasta,exon_13416.tre,0.405705
exon_13417.fasta,exon_13417.tre,0.587112
exon_13418.fasta,exon_13418.tre,0.519255
exon_13419.fasta,exon_13419.tre,1.013708
exon_1342.fasta,exon_1342.tre,0.434561
exon_13420.fasta,exon_13420.tre,0.343904
exon_13421.fasta,exon_13421.tre,0.370078
exon_13422.fasta,exon_13422.tre,0.529105
exon_13423.fasta,exon_13423.tre,0.575302
exon_13425.fasta,exon_13425.tre,0.402356
exon_13426.fasta,exon_13426.tre,0.475266
exon_13428.fasta,exon_13428.tre,0.347361
exon_1343.fasta,exon_1343.tre,0.400950
exon_13430.fasta,exon_13430.tre,0.833892
exon_13431.fasta,exon_13431.tre,0.481471
exon_13433.fasta,exon_13433.tre,0.548577
exon_13435.fasta,exon_13435.tre,0.402695
exon_13436.fasta,exon_13436.tre,0.443071
exon_13438.fasta,exon_13438.tre,0.328213
exon_13439.fasta,exon_13439.tre,0.488152
exon_13440.fasta,exon_13440.tre,0.570825
exon_13441.fasta,exon_13441.tre,0.350168
exon_13443.fasta,exon_13443.tre,0.473855
exon_13444.fasta,exon_13444.tre,0.634796
exon_13445.fasta,exon_13445.tre,0.287761
exon_13446.fasta,exon_13446.tre,0.282140
exon_13447.fasta,exon_13447.tre,0.316822
exon_13448.fasta,exon_13448.tre,0.416343
exon_13449.fasta,exon_13449.tre,0.359955
exon_13450.fasta,exon_13450.tre,0.352877
exon_13451.fasta,exon_13451.tre,0.608405
exon_13452.fasta,exon_13452.tre,0.499004
exon_13453.fasta,exon_13453.tre,0.397980
exon_13456.fasta,exon_13456.tre,0.417206
exon_13457.fasta,exon_13457.tre,0.690980
exon_13458.fasta,exon_13458.tre,0.580702
exon_13459.fasta,exon_13459.tre,0.475063
exon_1346.fasta,exon_1346.tre,0.383127
exon_13460.fasta,exon_13460.tre,0.399591
exon_13461.fasta,exon_13461.tre,1.442527
exon_13462.fasta,exon_13462.tre,0.383431
exon_13463.fasta,exon_13463.tre,0.341821
exon_13464.fasta,exon_13464.tre,0.356208
exon_13465.fasta,exon_13465.tre,0.663487
exon_13467.fasta,exon_13467.tre,0.711285
exon_13468.fasta,exon_13468.tre,0.565563
exon_13469.fasta,exon_13469.tre,0.494195
exon_1347.fasta,exon_1347.tre,0.450633
exon_13470.fasta,exon_13470.tre,1.067358
exon_13471.fasta,exon_13471.tre,0.473209
exon_13472.fasta,exon_13472.tre,0.630495
exon_13473.fasta,exon_13473.tre,0.509443
exon_13475.fasta,exon_13475.tre,0.561148
exon_13478.fasta,exon_13478.tre,0.404284
exon_13479.fasta,exon_13479.tre,0.524450
exon_13480.fasta,exon_13480.tre,0.729980
exon_13481.fasta,exon_13481.tre,0.532129
exon_13483.fasta,exon_13483.tre,0.553104
exon_13484.fasta,exon_13484.tre,0.486169
exon_13485.fasta,exon_13485.tre,0.372550
exon_13486.fasta,exon_13486.tre,0.395822
exon_13487.fasta,exon_13487.tre,2.059129
exon_13488.fasta,exon_13488.tre,0.380169
exon_1349.fasta,exon_1349.tre,0.555346
exon_13490.fasta,exon_13490.tre,0.686546
exon_13491.fasta,exon_13491.tre,0.580344
exon_13492.fasta,exon_13492.tre,0.656839
exon_13493.fasta,exon_13493.tre,0.354220
exon_13494.fasta,exon_13494.tre,0.455945
exon_13496.fasta,exon_13496.tre,0.412541
exon_13497.fasta,exon_13497.tre,0.714734
exon_13499.fasta,exon_13499.tre,0.471307
exon_13500.fasta,exon_13500.tre,0.383744
exon_13501.fasta,exon_13501.tre,0.500586
exon_13502.fasta,exon_13502.tre,0.396437
exon_13503.fasta,exon_13503.tre,0.289622
exon_13504.fasta,exon_13504.tre,0.785870
exon_13506.fasta,exon_13506.tre,0.470688
exon_13507.fasta,exon_13507.tre,0.359205
exon_13509.fasta,exon_13509.tre,0.515444
exon_1351.fasta,exon_1351.tre,0.396385
exon_13510.fasta,exon_13510.tre,0.320896
exon_13511.fasta,exon_13511.tre,0.419588
exon_13512.fasta,exon_13512.tre,0.371990
exon_13513.fasta,exon_13513.tre,0.377438
exon_13515.fasta,exon_13515.tre,0.651228
exon_13520.fasta,exon_13520.tre,0.524397
exon_13521.fasta,exon_13521.tre,0.510074
exon_13524.fasta,exon_13524.tre,0.475185
exon_13526.fasta,exon_13526.tre,0.478906
exon_13528.fasta,exon_13528.tre,0.364158
exon_13529.fasta,exon_13529.tre,0.349828
exon_1353.fasta,exon_1353.tre,0.660785
exon_13530.fasta,exon_13530.tre,0.461490
exon_13533.fasta,exon_13533.tre,0.327357
exon_13536.fasta,exon_13536.tre,0.340249
exon_13538.fasta,exon_13538.tre,0.464007
exon_13539.fasta,exon_13539.tre,0.409250
exon_13541.fasta,exon_13541.tre,0.437053
exon_13542.fasta,exon_13542.tre,0.367726
exon_13543.fasta,exon_13543.tre,0.354085
exon_13544.fasta,exon_13544.tre,0.598511
exon_13546.fasta,exon_13546.tre,0.990581
exon_13548.fasta,exon_13548.tre,0.467372
exon_13549.fasta,exon_13549.tre,1.431690
exon_1355.fasta,exon_1355.tre,0.436486
exon_13551.fasta,exon_13551.tre,0.359007
exon_13555.fasta,exon_13555.tre,0.555308
exon_13558.fasta,exon_13558.tre,0.576128
exon_13560.fasta,exon_13560.tre,0.394898
exon_13561.fasta,exon_13561.tre,0.323617
exon_13562.fasta,exon_13562.tre,0.610891
exon_13563.fasta,exon_13563.tre,1.167057
exon_13564.fasta,exon_13564.tre,0.398606
exon_13565.fasta,exon_13565.tre,0.477652
exon_13566.fasta,exon_13566.tre,0.450340
exon_13567.fasta,exon_13567.tre,0.411868
exon_13571.fasta,exon_13571.tre,0.330787
exon_13572.fasta,exon_13572.tre,0.506080
exon_13573.fasta,exon_13573.tre,0.344860
exon_13575.fasta,exon_13575.tre,0.629611
exon_13576.fasta,exon_13576.tre,0.416695
exon_13578.fasta,exon_13578.tre,0.452425
exon_13579.fasta,exon_13579.tre,0.349574
exon_13580.fasta,exon_13580.tre,0.327051
exon_13581.fasta,exon_13581.tre,0.858900
exon_13584.fasta,exon_13584.tre,0.307033
exon_13585.fasta,exon_13585.tre,0.523768
exon_13586.fasta,exon_13586.tre,0.492111
exon_13587.fasta,exon_13587.tre,0.401120
exon_13588.fasta,exon_13588.tre,0.487302
exon_13591.fasta,exon_13591.tre,0.444082
exon_13593.fasta,exon_13593.tre,0.600556
exon_13595.fasta,exon_13595.tre,0.493878
exon_13596.fasta,exon_13596.tre,0.834276
exon_13597.fasta,exon_13597.tre,0.366945
exon_13598.fasta,exon_13598.tre,0.705100
exon_13599.fasta,exon_13599.tre,0.546057
exon_13600.fasta,exon_13600.tre,0.536524
exon_13601.fasta,exon_13601.tre,0.306698
exon_13606.fasta,exon_13606.tre,0.382711
exon_13607.fasta,exon_13607.tre,0.511095
exon_13608.fasta,exon_13608.tre,0.550540
exon_13609.fasta,exon_13609.tre,0.444581
exon_1361.fasta,exon_1361.tre,5.975307
exon_13612.fasta,exon_13612.tre,0.463517
exon_13614.fasta,exon_13614.tre,0.590837
exon_13616.fasta,exon_13616.tre,0.343993
exon_13617.fasta,exon_13617.tre,0.404146
exon_13618.fasta,exon_13618.tre,0.993603
exon_13621.fasta,exon_13621.tre,0.685492
exon_13622.fasta,exon_13622.tre,0.599911
exon_13623.fasta,exon_13623.tre,0.514336
exon_13625.fasta,exon_13625.tre,0.422315
exon_13626.fasta,exon_13626.tre,0.500906
exon_13627.fasta,exon_13627.tre,0.402382
exon_13628.fasta,exon_13628.tre,0.607846
exon_13629.fasta,exon_13629.tre,0.568537
exon_1363.fasta,exon_1363.tre,0.504838
exon_13630.fasta,exon_13630.tre,0.514190
exon_13631.fasta,exon_13631.tre,0.324078
exon_13632.fasta,exon_13632.tre,0.595254
exon_13633.fasta,exon_13633.tre,0.304348
exon_13634.fasta,exon_13634.tre,0.406907
exon_13635.fasta,exon_13635.tre,0.328618
exon_13636.fasta,exon_13636.tre,0.478425
exon_13637.fasta,exon_13637.tre,0.327142
exon_13638.fasta,exon_13638.tre,0.368972
exon_13639.fasta,exon_13639.tre,0.484295
exon_1364.fasta,exon_1364.tre,0.463113
exon_13640.fasta,exon_13640.tre,0.273886
exon_13641.fasta,exon_13641.tre,0.602007
exon_13642.fasta,exon_13642.tre,0.360457
exon_13644.fasta,exon_13644.tre,0.592234
exon_13645.fasta,exon_13645.tre,0.397364
exon_13646.fasta,exon_13646.tre,0.467692
exon_13647.fasta,exon_13647.tre,0.348705
exon_13648.fasta,exon_13648.tre,1.253412
exon_13649.fasta,exon_13649.tre,0.581495
exon_13650.fasta,exon_13650.tre,0.563710
exon_13651.fasta,exon_13651.tre,0.745609
exon_13652.fasta,exon_13652.tre,0.391864
exon_13653.fasta,exon_13653.tre,0.496674
exon_13654.fasta,exon_13654.tre,0.452341
exon_13655.fasta,exon_13655.tre,0.459527
exon_13656.fasta,exon_13656.tre,0.350346
exon_13657.fasta,exon_13657.tre,0.285151
exon_13658.fasta,exon_13658.tre,0.455586
exon_13661.fasta,exon_13661.tre,0.602228
exon_13663.fasta,exon_13663.tre,0.433131
exon_13664.fasta,exon_13664.tre,0.338581
exon_13666.fasta,exon_13666.tre,0.324827
exon_13670.fasta,exon_13670.tre,0.393406
exon_13671.fasta,exon_13671.tre,0.274355
exon_13673.fasta,exon_13673.tre,0.517532
exon_13675.fasta,exon_13675.tre,0.379270
exon_13677.fasta,exon_13677.tre,0.483107
exon_13678.fasta,exon_13678.tre,0.582028
exon_13679.fasta,exon_13679.tre,0.322476
exon_1368.fasta,exon_1368.tre,0.416522
exon_13680.fasta,exon_13680.tre,0.376629
exon_13681.fasta,exon_13681.tre,0.341671
exon_13683.fasta,exon_13683.tre,0.350503
exon_13686.fasta,exon_13686.tre,0.656317
exon_13688.fasta,exon_13688.tre,0.402158
exon_13691.fasta,exon_13691.tre,0.417480
exon_13694.fasta,exon_13694.tre,0.333816
exon_13695.fasta,exon_13695.tre,0.332332
exon_13698.fasta,exon_13698.tre,0.308227
exon_13700.fasta,exon_13700.tre,0.350169
exon_13701.fasta,exon_13701.tre,0.455676
exon_1371.fasta,exon_1371.tre,0.379668
exon_13726.fasta,exon_13726.tre,0.418267
exon_13747.fasta,exon_13747.tre,0.642218
exon_13749.fasta,exon_13749.tre,0.487751
exon_13751.fasta,exon_13751.tre,0.974011
exon_13754.fasta,exon_13754.tre,0.335580
exon_13755.fasta,exon_13755.tre,0.558840
exon_13757.fasta,exon_13757.tre,0.392909
exon_13758.fasta,exon_13758.tre,2.077600
exon_13760.fasta,exon_13760.tre,0.678030
exon_13761.fasta,exon_13761.tre,0.379133
exon_13763.fasta,exon_13763.tre,0.559390
exon_13772.fasta,exon_13772.tre,0.560389
exon_13773.fasta,exon_13773.tre,0.307110
exon_13774.fasta,exon_13774.tre,0.353317
exon_13775.fasta,exon_13775.tre,0.358577
exon_13776.fasta,exon_13776.tre,0.445579
exon_13777.fasta,exon_13777.tre,0.421561
exon_13778.fasta,exon_13778.tre,0.485579
exon_13779.fasta,exon_13779.tre,0.354054
exon_1378.fasta,exon_1378.tre,0.571738
exon_13780.fasta,exon_13780.tre,0.348721
exon_13781.fasta,exon_13781.tre,0.414777
exon_13782.fasta,exon_13782.tre,0.371093
exon_13783.fasta,exon_13783.tre,0.346152
exon_13785.fasta,exon_13785.tre,0.363294
exon_13786.fasta,exon_13786.tre,0.443755
exon_13787.fasta,exon_13787.tre,0.489648
exon_13789.fasta,exon_13789.tre,0.579658
exon_13790.fasta,exon_13790.tre,0.488462
exon_13791.fasta,exon_13791.tre,0.493995
exon_13792.fasta,exon_13792.tre,0.485624
exon_13793.fasta,exon_13793.tre,0.368771
exon_13794.fasta,exon_13794.tre,0.486175
exon_13795.fasta,exon_13795.tre,0.343153
exon_13796.fasta,exon_13796.tre,0.317327
exon_13797.fasta,exon_13797.tre,0.965726
exon_13798.fasta,exon_13798.tre,0.486058
exon_13799.fasta,exon_13799.tre,0.592865
exon_138.fasta,exon_138.tre,0.356279
exon_1380.fasta,exon_1380.tre,0.378938
exon_13800.fasta,exon_13800.tre,0.526474
exon_13801.fasta,exon_13801.tre,0.676629
exon_13802.fasta,exon_13802.tre,0.490362
exon_13803.fasta,exon_13803.tre,1.107868
exon_13806.fasta,exon_13806.tre,0.536746
exon_13807.fasta,exon_13807.tre,0.589615
exon_13808.fasta,exon_13808.tre,0.480703
exon_13809.fasta,exon_13809.tre,0.441512
exon_1381.fasta,exon_1381.tre,0.303663
exon_13812.fasta,exon_13812.tre,0.491630
exon_13813.fasta,exon_13813.tre,0.353946
exon_13814.fasta,exon_13814.tre,0.431415
exon_13815.fasta,exon_13815.tre,0.544158
exon_1382.fasta,exon_1382.tre,0.467180
exon_13820.fasta,exon_13820.tre,0.338192
exon_13821.fasta,exon_13821.tre,0.509783
exon_13823.fasta,exon_13823.tre,0.599420
exon_13824.fasta,exon_13824.tre,0.414964
exon_13825.fasta,exon_13825.tre,0.304311
exon_13826.fasta,exon_13826.tre,0.490162
exon_13827.fasta,exon_13827.tre,0.372280
exon_13828.fasta,exon_13828.tre,0.364747
exon_1383.fasta,exon_1383.tre,0.571891
exon_13830.fasta,exon_13830.tre,0.587274
exon_13832.fasta,exon_13832.tre,0.608179
exon_13833.fasta,exon_13833.tre,0.753587
exon_13834.fasta,exon_13834.tre,0.446157
exon_13835.fasta,exon_13835.tre,0.377468
exon_13836.fasta,exon_13836.tre,0.684137
exon_13842.fasta,exon_13842.tre,0.459468
exon_13843.fasta,exon_13843.tre,0.431066
exon_13844.fasta,exon_13844.tre,0.513671
exon_13846.fasta,exon_13846.tre,0.475743
exon_13847.fasta,exon_13847.tre,0.386097
exon_13848.fasta,exon_13848.tre,0.348068
exon_13849.fasta,exon_13849.tre,0.416396
exon_1385.fasta,exon_1385.tre,0.847167
exon_13852.fasta,exon_13852.tre,1.446708
exon_13853.fasta,exon_13853.tre,0.480633
exon_13855.fasta,exon_13855.tre,0.587520
exon_13856.fasta,exon_13856.tre,0.547028
exon_13857.fasta,exon_13857.tre,0.460345
exon_13859.fasta,exon_13859.tre,0.965485
exon_1386.fasta,exon_1386.tre,0.607445
exon_13861.fasta,exon_13861.tre,0.515726
exon_13862.fasta,exon_13862.tre,0.400478
exon_13863.fasta,exon_13863.tre,0.462013
exon_13866.fasta,exon_13866.tre,0.751019
exon_13867.fasta,exon_13867.tre,0.358675
exon_13870.fasta,exon_13870.tre,0.788388
exon_13874.fasta,exon_13874.tre,0.578501
exon_13875.fasta,exon_13875.tre,1.063091
exon_13876.fasta,exon_13876.tre,0.536381
exon_13877.fasta,exon_13877.tre,0.645094
exon_13878.fasta,exon_13878.tre,0.545769
exon_13879.fasta,exon_13879.tre,0.581474
exon_13880.fasta,exon_13880.tre,0.324724
exon_13881.fasta,exon_13881.tre,0.515468
exon_13882.fasta,exon_13882.tre,0.305017
exon_13884.fasta,exon_13884.tre,0.602085
exon_13885.fasta,exon_13885.tre,0.485209
exon_13886.fasta,exon_13886.tre,0.465673
exon_13888.fasta,exon_13888.tre,0.555314
exon_1389.fasta,exon_1389.tre,0.667481
exon_13890.fasta,exon_13890.tre,0.522218
exon_13893.fasta,exon_13893.tre,0.355190
exon_13895.fasta,exon_13895.tre,0.526172
exon_13896.fasta,exon_13896.tre,0.957275
exon_13897.fasta,exon_13897.tre,0.400983
exon_139.fasta,exon_139.tre,0.615269
exon_13901.fasta,exon_13901.tre,0.712017
exon_13902.fasta,exon_13902.tre,0.571383
exon_13903.fasta,exon_13903.tre,0.430951
exon_13905.fasta,exon_13905.tre,0.652751
exon_13906.fasta,exon_13906.tre,1.015749
exon_13908.fasta,exon_13908.tre,0.673458
exon_1391.fasta,exon_1391.tre,0.412089
exon_13910.fasta,exon_13910.tre,0.382592
exon_13911.fasta,exon_13911.tre,0.553894
exon_13912.fasta,exon_13912.tre,0.422658
exon_13913.fasta,exon_13913.tre,0.683185
exon_13914.fasta,exon_13914.tre,0.653795
exon_13918.fasta,exon_13918.tre,0.377702
exon_13919.fasta,exon_13919.tre,0.527952
exon_1392.fasta,exon_1392.tre,0.407275
exon_13920.fasta,exon_13920.tre,0.375522
exon_13921.fasta,exon_13921.tre,0.366618
exon_13922.fasta,exon_13922.tre,0.503805
exon_13923.fasta,exon_13923.tre,0.510062
exon_13924.fasta,exon_13924.tre,0.547318
exon_13925.fasta,exon_13925.tre,0.466655
exon_13926.fasta,exon_13926.tre,0.424617
exon_13928.fasta,exon_13928.tre,0.578611
exon_13929.fasta,exon_13929.tre,0.478329
exon_13931.fasta,exon_13931.tre,0.282006
exon_13932.fasta,exon_13932.tre,0.314134
exon_13933.fasta,exon_13933.tre,0.362915
exon_13934.fasta,exon_13934.tre,0.303567
exon_13935.fasta,exon_13935.tre,0.350824
exon_13936.fasta,exon_13936.tre,0.307593
exon_13939.fasta,exon_13939.tre,0.396605
exon_13940.fasta,exon_13940.tre,0.653966
exon_13941.fasta,exon_13941.tre,0.473449
exon_13943.fasta,exon_13943.tre,0.666332
exon_13944.fasta,exon_13944.tre,0.560598
exon_13948.fasta,exon_13948.tre,0.484440
exon_13949.fasta,exon_13949.tre,0.389848
exon_1395.fasta,exon_1395.tre,0.837314
exon_13952.fasta,exon_13952.tre,0.425858
exon_13953.fasta,exon_13953.tre,2.258397
exon_13954.fasta,exon_13954.tre,0.477364
exon_13956.fasta,exon_13956.tre,0.535067
exon_13957.fasta,exon_13957.tre,0.706311
exon_13960.fasta,exon_13960.tre,0.341864
exon_13961.fasta,exon_13961.tre,0.410427
exon_13962.fasta,exon_13962.tre,1.401522
exon_13965.fasta,exon_13965.tre,0.905574
exon_13966.fasta,exon_13966.tre,0.495790
exon_13967.fasta,exon_13967.tre,0.497387
exon_13968.fasta,exon_13968.tre,0.358384
exon_13969.fasta,exon_13969.tre,0.497040
exon_13971.fasta,exon_13971.tre,0.936484
exon_13972.fasta,exon_13972.tre,0.303147
exon_13973.fasta,exon_13973.tre,0.688103
exon_13974.fasta,exon_13974.tre,0.346807
exon_13975.fasta,exon_13975.tre,0.745082
exon_13976.fasta,exon_13976.tre,1.042153
exon_13977.fasta,exon_13977.tre,0.415840
exon_13979.fasta,exon_13979.tre,0.629148
exon_13980.fasta,exon_13980.tre,0.415903
exon_13981.fasta,exon_13981.tre,0.561704
exon_13983.fasta,exon_13983.tre,0.474797
exon_13984.fasta,exon_13984.tre,0.394215
exon_13985.fasta,exon_13985.tre,0.628418
exon_13986.fasta,exon_13986.tre,0.473379
exon_13989.fasta,exon_13989.tre,0.485158
exon_1399.fasta,exon_1399.tre,0.504357
exon_13991.fasta,exon_13991.tre,0.339496
exon_13993.fasta,exon_13993.tre,0.433484
exon_13994.fasta,exon_13994.tre,0.745517
exon_13995.fasta,exon_13995.tre,0.328037
exon_13996.fasta,exon_13996.tre,0.486945
exon_13997.fasta,exon_13997.tre,0.521872
exon_13998.fasta,exon_13998.tre,0.534905
exon_13999.fasta,exon_13999.tre,0.352951
exon_1400.fasta,exon_1400.tre,0.488849
exon_14000.fasta,exon_14000.tre,0.539479
exon_14001.fasta,exon_14001.tre,0.478369
exon_14002.fasta,exon_14002.tre,0.576826
exon_14006.fasta,exon_14006.tre,0.406144
exon_14008.fasta,exon_14008.tre,0.460077
exon_14009.fasta,exon_14009.tre,0.380738
exon_14011.fasta,exon_14011.tre,0.571966
exon_14012.fasta,exon_14012.tre,0.381807
exon_14013.fasta,exon_14013.tre,0.331605
exon_14014.fasta,exon_14014.tre,0.291862
exon_14015.fasta,exon_14015.tre,0.464406
exon_14016.fasta,exon_14016.tre,0.546118
exon_14017.fasta,exon_14017.tre,0.490022
exon_14019.fasta,exon_14019.tre,0.514035
exon_14020.fasta,exon_14020.tre,0.513871
exon_14024.fasta,exon_14024.tre,0.409176
exon_14027.fasta,exon_14027.tre,0.515741
exon_14029.fasta,exon_14029.tre,0.472522
exon_14030.fasta,exon_14030.tre,0.329508
exon_14031.fasta,exon_14031.tre,0.596983
exon_14033.fasta,exon_14033.tre,0.401957
exon_14034.fasta,exon_14034.tre,0.645792
exon_14038.fasta,exon_14038.tre,0.991826
exon_14039.fasta,exon_14039.tre,0.505073
exon_1404.fasta,exon_1404.tre,0.915810
exon_14040.fasta,exon_14040.tre,0.384686
exon_14041.fasta,exon_14041.tre,0.586937
exon_14043.fasta,exon_14043.tre,0.993877
exon_14045.fasta,exon_14045.tre,0.474103
exon_14046.fasta,exon_14046.tre,0.446355
exon_14047.fasta,exon_14047.tre,0.356344
exon_14049.fasta,exon_14049.tre,0.451686
exon_1405.fasta,exon_1405.tre,0.347561
exon_14050.fasta,exon_14050.tre,0.511903
exon_14051.fasta,exon_14051.tre,0.339047
exon_14053.fasta,exon_14053.tre,0.488333
exon_14056.fasta,exon_14056.tre,0.635994
exon_14057.fasta,exon_14057.tre,0.606014
exon_14058.fasta,exon_14058.tre,0.625463
exon_14059.fasta,exon_14059.tre,0.721422
exon_14067.fasta,exon_14067.tre,0.438454
exon_14068.fasta,exon_14068.tre,0.310056
exon_14069.fasta,exon_14069.tre,0.386055
exon_14071.fasta,exon_14071.tre,0.329529
exon_14074.fasta,exon_14074.tre,0.442304
exon_14076.fasta,exon_14076.tre,0.639168
exon_14077.fasta,exon_14077.tre,0.376833
exon_1408.fasta,exon_1408.tre,0.494380
exon_14081.fasta,exon_14081.tre,0.514314
exon_14083.fasta,exon_14083.tre,0.659253
exon_14086.fasta,exon_14086.tre,0.371880
exon_14087.fasta,exon_14087.tre,0.560919
exon_14091.fasta,exon_14091.tre,0.485722
exon_14093.fasta,exon_14093.tre,0.614520
exon_14094.fasta,exon_14094.tre,0.524900
exon_14095.fasta,exon_14095.tre,0.639713
exon_14096.fasta,exon_14096.tre,0.332821
exon_14097.fasta,exon_14097.tre,0.469088
exon_14098.fasta,exon_14098.tre,0.661844
exon_14099.fasta,exon_14099.tre,0.473704
exon_141.fasta,exon_141.tre,0.360830
exon_14101.fasta,exon_14101.tre,0.439010
exon_14102.fasta,exon_14102.tre,0.376067
exon_14104.fasta,exon_14104.tre,0.410302
exon_14105.fasta,exon_14105.tre,0.355524
exon_14106.fasta,exon_14106.tre,0.523322
exon_14107.fasta,exon_14107.tre,0.492134
exon_14109.fasta,exon_14109.tre,0.598422
exon_1411.fasta,exon_1411.tre,0.474216
exon_14110.fasta,exon_14110.tre,0.734673
exon_14111.fasta,exon_14111.tre,0.782665
exon_14113.fasta,exon_14113.tre,0.786917
exon_14114.fasta,exon_14114.tre,0.515345
exon_14116.fasta,exon_14116.tre,0.429924
exon_14118.fasta,exon_14118.tre,0.668331
exon_14119.fasta,exon_14119.tre,0.478729
exon_1412.fasta,exon_1412.tre,0.360063
exon_14122.fasta,exon_14122.tre,0.615216
exon_14128.fasta,exon_14128.tre,1.134844
exon_1413.fasta,exon_1413.tre,0.415690
exon_14130.fasta,exon_14130.tre,0.576451
exon_14131.fasta,exon_14131.tre,0.449460
exon_14132.fasta,exon_14132.tre,0.485779
exon_14133.fasta,exon_14133.tre,0.304315
exon_14135.fasta,exon_14135.tre,0.498971
exon_14136.fasta,exon_14136.tre,0.459575
exon_14139.fasta,exon_14139.tre,0.572052
exon_1414.fasta,exon_1414.tre,0.701061
exon_14140.fasta,exon_14140.tre,0.619370
exon_14141.fasta,exon_14141.tre,0.349347
exon_14142.fasta,exon_14142.tre,0.552311
exon_14143.fasta,exon_14143.tre,0.607502
exon_14144.fasta,exon_14144.tre,0.490355
exon_14145.fasta,exon_14145.tre,0.857001
exon_14146.fasta,exon_14146.tre,2.546453
exon_14148.fasta,exon_14148.tre,0.922821
exon_14149.fasta,exon_14149.tre,0.593204
exon_14150.fasta,exon_14150.tre,0.611511
exon_14151.fasta,exon_14151.tre,0.414045
exon_14152.fasta,exon_14152.tre,1.030339
exon_14154.fasta,exon_14154.tre,0.353505
exon_14155.fasta,exon_14155.tre,0.897047
exon_14158.fasta,exon_14158.tre,0.416235
exon_14161.fasta,exon_14161.tre,0.724343
exon_14163.fasta,exon_14163.tre,0.555924
exon_14164.fasta,exon_14164.tre,0.549466
exon_14165.fasta,exon_14165.tre,0.301659
exon_14166.fasta,exon_14166.tre,0.494122
exon_14167.fasta,exon_14167.tre,0.642765
exon_14168.fasta,exon_14168.tre,0.503345
exon_14169.fasta,exon_14169.tre,1.160852
exon_14171.fasta,exon_14171.tre,0.424397
exon_14173.fasta,exon_14173.tre,0.507830
exon_14177.fasta,exon_14177.tre,1.081810
exon_14179.fasta,exon_14179.tre,0.623573
exon_14180.fasta,exon_14180.tre,0.577485
exon_14181.fasta,exon_14181.tre,0.807665
exon_14182.fasta,exon_14182.tre,0.526269
exon_14185.fasta,exon_14185.tre,0.610142
exon_14186.fasta,exon_14186.tre,0.306093
exon_14187.fasta,exon_14187.tre,0.486372
exon_14193.fasta,exon_14193.tre,0.603748
exon_14194.fasta,exon_14194.tre,0.570699
exon_14195.fasta,exon_14195.tre,0.506646
exon_14197.fasta,exon_14197.tre,0.390096
exon_14198.fasta,exon_14198.tre,0.577978
exon_142.fasta,exon_142.tre,0.617004
exon_1420.fasta,exon_1420.tre,0.654643
exon_14203.fasta,exon_14203.tre,0.423034
exon_14204.fasta,exon_14204.tre,0.554789
exon_14207.fasta,exon_14207.tre,0.338937
exon_14208.fasta,exon_14208.tre,0.551435
exon_1421.fasta,exon_1421.tre,1.327172
exon_14210.fasta,exon_14210.tre,0.664705
exon_14211.fasta,exon_14211.tre,0.743726
exon_14213.fasta,exon_14213.tre,0.496915
exon_14214.fasta,exon_14214.tre,0.324447
exon_14215.fasta,exon_14215.tre,2.757423
exon_14216.fasta,exon_14216.tre,0.377168
exon_1422.fasta,exon_1422.tre,0.663397
exon_14220.fasta,exon_14220.tre,0.372541
exon_14222.fasta,exon_14222.tre,0.414617
exon_14224.fasta,exon_14224.tre,0.503522
exon_14225.fasta,exon_14225.tre,0.647689
exon_14226.fasta,exon_14226.tre,0.462755
exon_14227.fasta,exon_14227.tre,0.579835
exon_14228.fasta,exon_14228.tre,0.394830
exon_14229.fasta,exon_14229.tre,0.406257
exon_14230.fasta,exon_14230.tre,0.436946
exon_14231.fasta,exon_14231.tre,0.578921
exon_14232.fasta,exon_14232.tre,0.389770
exon_14233.fasta,exon_14233.tre,0.318282
exon_14234.fasta,exon_14234.tre,1.475052
exon_14235.fasta,exon_14235.tre,0.570398
exon_14236.fasta,exon_14236.tre,0.616491
exon_14237.fasta,exon_14237.tre,0.620079
exon_14238.fasta,exon_14238.tre,0.621264
exon_1424.fasta,exon_1424.tre,0.629126
exon_14242.fasta,exon_14242.tre,0.439650
exon_14243.fasta,exon_14243.tre,0.699462
exon_14244.fasta,exon_14244.tre,0.316858
exon_14245.fasta,exon_14245.tre,0.425630
exon_14246.fasta,exon_14246.tre,0.315578
exon_14247.fasta,exon_14247.tre,0.378095
exon_14248.fasta,exon_14248.tre,0.583365
exon_14250.fasta,exon_14250.tre,0.665224
exon_14252.fasta,exon_14252.tre,0.674302
exon_14254.fasta,exon_14254.tre,0.495223
exon_14256.fasta,exon_14256.tre,0.579590
exon_14257.fasta,exon_14257.tre,0.578062
exon_14258.fasta,exon_14258.tre,0.866130
exon_14259.fasta,exon_14259.tre,0.442734
exon_14260.fasta,exon_14260.tre,0.392845
exon_14261.fasta,exon_14261.tre,0.321431
exon_14263.fasta,exon_14263.tre,0.624084
exon_14266.fasta,exon_14266.tre,0.411084
exon_14269.fasta,exon_14269.tre,0.408904
exon_14271.fasta,exon_14271.tre,0.329425
exon_14273.fasta,exon_14273.tre,0.304033
exon_14275.fasta,exon_14275.tre,0.324633
exon_14278.fasta,exon_14278.tre,0.352744
exon_14279.fasta,exon_14279.tre,0.490973
exon_14282.fasta,exon_14282.tre,0.425407
exon_14284.fasta,exon_14284.tre,1.068671
exon_14285.fasta,exon_14285.tre,0.591477
exon_14288.fasta,exon_14288.tre,0.546203
exon_1429.fasta,exon_1429.tre,0.491364
exon_14290.fasta,exon_14290.tre,0.600791
exon_14291.fasta,exon_14291.tre,0.598821
exon_14292.fasta,exon_14292.tre,0.572441
exon_14294.fasta,exon_14294.tre,0.996628
exon_14296.fasta,exon_14296.tre,0.389437
exon_14298.fasta,exon_14298.tre,0.329706
exon_14300.fasta,exon_14300.tre,0.373663
exon_14301.fasta,exon_14301.tre,0.486987
exon_14308.fasta,exon_14308.tre,0.612798
exon_14309.fasta,exon_14309.tre,0.466520
exon_1431.fasta,exon_1431.tre,2.440337
exon_14310.fasta,exon_14310.tre,0.372087
exon_14314.fasta,exon_14314.tre,0.418320
exon_14315.fasta,exon_14315.tre,0.368629
exon_14316.fasta,exon_14316.tre,0.475776
exon_14318.fasta,exon_14318.tre,0.504717
exon_1432.fasta,exon_1432.tre,0.475625
exon_14320.fasta,exon_14320.tre,0.508227
exon_14322.fasta,exon_14322.tre,0.492002
exon_14327.fasta,exon_14327.tre,0.496678
exon_14328.fasta,exon_14328.tre,0.773908
exon_1433.fasta,exon_1433.tre,0.647727
exon_14331.fasta,exon_14331.tre,0.494092
exon_14333.fasta,exon_14333.tre,0.445722
exon_14334.fasta,exon_14334.tre,0.462285
exon_14335.fasta,exon_14335.tre,0.478888
exon_14336.fasta,exon_14336.tre,0.587823
exon_14337.fasta,exon_14337.tre,0.652145
exon_14339.fasta,exon_14339.tre,0.530974
exon_1434.fasta,exon_1434.tre,0.681102
exon_14341.fasta,exon_14341.tre,0.416978
exon_14342.fasta,exon_14342.tre,0.328298
exon_14345.fasta,exon_14345.tre,0.396971
exon_14346.fasta,exon_14346.tre,0.556333
exon_14347.fasta,exon_14347.tre,0.480918
exon_14350.fasta,exon_14350.tre,0.714002
exon_14351.fasta,exon_14351.tre,0.389086
exon_14356.fasta,exon_14356.tre,0.500089
exon_14357.fasta,exon_14357.tre,0.533009
exon_14358.fasta,exon_14358.tre,0.525613
exon_14361.fasta,exon_14361.tre,0.478835
exon_14363.fasta,exon_14363.tre,1.172206
exon_14364.fasta,exon_14364.tre,0.375783
exon_14365.fasta,exon_14365.tre,0.515696
exon_14368.fasta,exon_14368.tre,0.744107
exon_14369.fasta,exon_14369.tre,0.561835
exon_14373.fasta,exon_14373.tre,0.529879
exon_14375.fasta,exon_14375.tre,0.894101
exon_14376.fasta,exon_14376.tre,0.478797
exon_14377.fasta,exon_14377.tre,0.973033
exon_14378.fasta,exon_14378.tre,0.491630
exon_1438.fasta,exon_1438.tre,0.562913
exon_14381.fasta,exon_14381.tre,0.574952
exon_14383.fasta,exon_14383.tre,0.784646
exon_14384.fasta,exon_14384.tre,0.330271
exon_14385.fasta,exon_14385.tre,0.420352
exon_14387.fasta,exon_14387.tre,0.331665
exon_14389.fasta,exon_14389.tre,0.661812
exon_14391.fasta,exon_14391.tre,0.549376
exon_14395.fasta,exon_14395.tre,0.498574
exon_14396.fasta,exon_14396.tre,0.354696
exon_14399.fasta,exon_14399.tre,0.572219
exon_144.fasta,exon_144.tre,0.485998
exon_14400.fasta,exon_14400.tre,1.189161
exon_14402.fasta,exon_14402.tre,0.335665
exon_14403.fasta,exon_14403.tre,0.424543
exon_14406.fasta,exon_14406.tre,0.330532
exon_14408.fasta,exon_14408.tre,0.515352
exon_14409.fasta,exon_14409.tre,0.565474
exon_1441.fasta,exon_1441.tre,1.685995
exon_14411.fasta,exon_14411.tre,0.609257
exon_14412.fasta,exon_14412.tre,0.405022
exon_14414.fasta,exon_14414.tre,0.512436
exon_14415.fasta,exon_14415.tre,0.633347
exon_14416.fasta,exon_14416.tre,0.344549
exon_14417.fasta,exon_14417.tre,0.473956
exon_14419.fasta,exon_14419.tre,0.478859
exon_1442.fasta,exon_1442.tre,0.485425
exon_14421.fasta,exon_14421.tre,0.475725
exon_14423.fasta,exon_14423.tre,0.918372
exon_14424.fasta,exon_14424.tre,0.674937
exon_14426.fasta,exon_14426.tre,0.364035
exon_14428.fasta,exon_14428.tre,0.557229
exon_14429.fasta,exon_14429.tre,0.406328
exon_14430.fasta,exon_14430.tre,1.359140
exon_14431.fasta,exon_14431.tre,0.580289
exon_14434.fasta,exon_14434.tre,2.423798
exon_14435.fasta,exon_14435.tre,0.487145
exon_14436.fasta,exon_14436.tre,0.316499
exon_14437.fasta,exon_14437.tre,1.000811
exon_14438.fasta,exon_14438.tre,0.380456
exon_14439.fasta,exon_14439.tre,0.469752
exon_1444.fasta,exon_1444.tre,0.597080
exon_14442.fasta,exon_14442.tre,0.511799
exon_14443.fasta,exon_14443.tre,0.704249
exon_14445.fasta,exon_14445.tre,0.424258
exon_14446.fasta,exon_14446.tre,0.541033
exon_14447.fasta,exon_14447.tre,0.470985
exon_14448.fasta,exon_14448.tre,0.490633
exon_1445.fasta,exon_1445.tre,0.545996
exon_14450.fasta,exon_14450.tre,0.341366
exon_14451.fasta,exon_14451.tre,0.572694
exon_14452.fasta,exon_14452.tre,0.367284
exon_14454.fasta,exon_14454.tre,0.592861
exon_1446.fasta,exon_1446.tre,0.603941
exon_14463.fasta,exon_14463.tre,0.667294
exon_14464.fasta,exon_14464.tre,0.398271
exon_14465.fasta,exon_14465.tre,0.279686
exon_14467.fasta,exon_14467.tre,0.360212
exon_14469.fasta,exon_14469.tre,0.388129
exon_14471.fasta,exon_14471.tre,0.531723
exon_14472.fasta,exon_14472.tre,0.459511
exon_14475.fasta,exon_14475.tre,0.524627
exon_14476.fasta,exon_14476.tre,0.747663
exon_14478.fasta,exon_14478.tre,0.487863
exon_14479.fasta,exon_14479.tre,0.633131
exon_14480.fasta,exon_14480.tre,0.612118
exon_14481.fasta,exon_14481.tre,0.368652
exon_14482.fasta,exon_14482.tre,0.928189
exon_14484.fasta,exon_14484.tre,0.525199
exon_14485.fasta,exon_14485.tre,0.273414
exon_14486.fasta,exon_14486.tre,0.385356
exon_14489.fasta,exon_14489.tre,0.505835
exon_14491.fasta,exon_14491.tre,0.382199
exon_14493.fasta,exon_14493.tre,0.667742
exon_14494.fasta,exon_14494.tre,0.367342
exon_14496.fasta,exon_14496.tre,0.530258
exon_14497.fasta,exon_14497.tre,1.834026
exon_14498.fasta,exon_14498.tre,0.403720
exon_14499.fasta,exon_14499.tre,0.417562
exon_14501.fasta,exon_14501.tre,0.480293
exon_14502.fasta,exon_14502.tre,0.503044
exon_14508.fasta,exon_14508.tre,0.553127
exon_14513.fasta,exon_14513.tre,0.431941
exon_14516.fasta,exon_14516.tre,0.505130
exon_14517.fasta,exon_14517.tre,0.386813
exon_14518.fasta,exon_14518.tre,0.760901
exon_1452.fasta,exon_1452.tre,0.682659
exon_14520.fasta,exon_14520.tre,0.798076
exon_14524.fasta,exon_14524.tre,0.397082
exon_14526.fasta,exon_14526.tre,0.353394
exon_14528.fasta,exon_14528.tre,0.559259
exon_14533.fasta,exon_14533.tre,0.291676
exon_14534.fasta,exon_14534.tre,0.733313
exon_14535.fasta,exon_14535.tre,0.318368
exon_14541.fasta,exon_14541.tre,0.521171
exon_14545.fasta,exon_14545.tre,0.514890
exon_14546.fasta,exon_14546.tre,0.408766
exon_14547.fasta,exon_14547.tre,0.298983
exon_1455.fasta,exon_1455.tre,0.458078
exon_14551.fasta,exon_14551.tre,0.479203
exon_14553.fasta,exon_14553.tre,0.668319
exon_14554.fasta,exon_14554.tre,0.408508
exon_14556.fasta,exon_14556.tre,0.644188
exon_14560.fasta,exon_14560.tre,0.531288
exon_14561.fasta,exon_14561.tre,0.489752
exon_14562.fasta,exon_14562.tre,0.502438
exon_14563.fasta,exon_14563.tre,0.488955
exon_14564.fasta,exon_14564.tre,0.289587
exon_14565.fasta,exon_14565.tre,0.529566
exon_14569.fasta,exon_14569.tre,0.460264
exon_1457.fasta,exon_1457.tre,0.567042
exon_14570.fasta,exon_14570.tre,0.553727
exon_14571.fasta,exon_14571.tre,0.676198
exon_14572.fasta,exon_14572.tre,0.441987
exon_14574.fasta,exon_14574.tre,0.504710
exon_14575.fasta,exon_14575.tre,0.475943
exon_14577.fasta,exon_14577.tre,0.350619
exon_14578.fasta,exon_14578.tre,0.323119
exon_14580.fasta,exon_14580.tre,0.473238
exon_14583.fasta,exon_14583.tre,0.473896
exon_14584.fasta,exon_14584.tre,0.359521
exon_14585.fasta,exon_14585.tre,0.408272
exon_14586.fasta,exon_14586.tre,0.551070
exon_14589.fasta,exon_14589.tre,0.345751
exon_1459.fasta,exon_1459.tre,0.624222
exon_14593.fasta,exon_14593.tre,0.563950
exon_14594.fasta,exon_14594.tre,0.322907
exon_14595.fasta,exon_14595.tre,0.492560
exon_14596.fasta,exon_14596.tre,0.586166
exon_14597.fasta,exon_14597.tre,0.493236
exon_14598.fasta,exon_14598.tre,0.385887
exon_1460.fasta,exon_1460.tre,0.530834
exon_14600.fasta,exon_14600.tre,0.364460
exon_14602.fasta,exon_14602.tre,0.743071
exon_14604.fasta,exon_14604.tre,0.484714
exon_14605.fasta,exon_14605.tre,0.478470
exon_14606.fasta,exon_14606.tre,0.390034
exon_14608.fasta,exon_14608.tre,1.287719
exon_14610.fasta,exon_14610.tre,0.565968
exon_14611.fasta,exon_14611.tre,0.533783
exon_14614.fasta,exon_14614.tre,1.110043
exon_14615.fasta,exon_14615.tre,0.333411
exon_14616.fasta,exon_14616.tre,0.308323
exon_14617.fasta,exon_14617.tre,0.321594
exon_14618.fasta,exon_14618.tre,0.291254
exon_14619.fasta,exon_14619.tre,0.308187
exon_1462.fasta,exon_1462.tre,0.634762
exon_14622.fasta,exon_14622.tre,0.283547
exon_14623.fasta,exon_14623.tre,0.337692
exon_14624.fasta,exon_14624.tre,0.330331
exon_14625.fasta,exon_14625.tre,1.043407
exon_14626.fasta,exon_14626.tre,0.427907
exon_14628.fasta,exon_14628.tre,0.351511
exon_14630.fasta,exon_14630.tre,0.288997
exon_14631.fasta,exon_14631.tre,0.338947
exon_14632.fasta,exon_14632.tre,0.603022
exon_14633.fasta,exon_14633.tre,0.363183
exon_14634.fasta,exon_14634.tre,0.487381
exon_14637.fasta,exon_14637.tre,0.350148
exon_14638.fasta,exon_14638.tre,0.476819
exon_1465.fasta,exon_1465.tre,0.529667
exon_1466.fasta,exon_1466.tre,0.780003
exon_1468.fasta,exon_1468.tre,0.555829
exon_1469.fasta,exon_1469.tre,0.411735
exon_1470.fasta,exon_1470.tre,0.464529
exon_1471.fasta,exon_1471.tre,0.520369
exon_1472.fasta,exon_1472.tre,0.461744
exon_1473.fasta,exon_1473.tre,0.884827
exon_1475.fasta,exon_1475.tre,0.695280
exon_1476.fasta,exon_1476.tre,0.535707
exon_1477.fasta,exon_1477.tre,0.749887
exon_1478.fasta,exon_1478.tre,0.376139
exon_1479.fasta,exon_1479.tre,0.570362
exon_148.fasta,exon_148.tre,1.414063
exon_1480.fasta,exon_1480.tre,1.037359
exon_1482.fasta,exon_1482.tre,0.502368
exon_1485.fasta,exon_1485.tre,0.528912
exon_1487.fasta,exon_1487.tre,0.965759
exon_1488.fasta,exon_1488.tre,0.558904
exon_149.fasta,exon_149.tre,0.536136
exon_1491.fasta,exon_1491.tre,0.555787
exon_1493.fasta,exon_1493.tre,0.441435
exon_1494.fasta,exon_1494.tre,0.591575
exon_1495.fasta,exon_1495.tre,0.513970
exon_1496.fasta,exon_1496.tre,0.765968
exon_1497.fasta,exon_1497.tre,0.533810
exon_1498.fasta,exon_1498.tre,0.378289
exon_1499.fasta,exon_1499.tre,0.559783
exon_15.fasta,exon_15.tre,0.713836
exon_1500.fasta,exon_1500.tre,0.669955
exon_1501.fasta,exon_1501.tre,0.564621
exon_1502.fasta,exon_1502.tre,0.516765
exon_1505.fasta,exon_1505.tre,0.651741
exon_1506.fasta,exon_1506.tre,0.628328
exon_1507.fasta,exon_1507.tre,0.722249
exon_1509.fasta,exon_1509.tre,0.332078
exon_1511.fasta,exon_1511.tre,0.397060
exon_1515.fasta,exon_1515.tre,0.588696
exon_1517.fasta,exon_1517.tre,0.626336
exon_1518.fasta,exon_1518.tre,0.501739
exon_152.fasta,exon_152.tre,0.312845
exon_1521.fasta,exon_1521.tre,0.474745
exon_1522.fasta,exon_1522.tre,0.367327
exon_1523.fasta,exon_1523.tre,0.487546
exon_1524.fasta,exon_1524.tre,1.041411
exon_1525.fasta,exon_1525.tre,0.548731
exon_1527.fasta,exon_1527.tre,0.555640
exon_1529.fasta,exon_1529.tre,0.778647
exon_1530.fasta,exon_1530.tre,1.006117
exon_1531.fasta,exon_1531.tre,0.737485
exon_1532.fasta,exon_1532.tre,0.903656
exon_1536.fasta,exon_1536.tre,0.598719
exon_1537.fasta,exon_1537.tre,0.480566
exon_1542.fasta,exon_1542.tre,0.814138
exon_1543.fasta,exon_1543.tre,0.354859
exon_1544.fasta,exon_1544.tre,0.619166
exon_1548.fasta,exon_1548.tre,0.541941
exon_1549.fasta,exon_1549.tre,1.689366
exon_1550.fasta,exon_1550.tre,0.464812
exon_1552.fasta,exon_1552.tre,0.558230
exon_1556.fasta,exon_1556.tre,1.517714
exon_1558.fasta,exon_1558.tre,0.496387
exon_1559.fasta,exon_1559.tre,0.691578
exon_1562.fasta,exon_1562.tre,0.620829
exon_1566.fasta,exon_1566.tre,0.594122
exon_1567.fasta,exon_1567.tre,0.518993
exon_1568.fasta,exon_1568.tre,0.626121
exon_1569.fasta,exon_1569.tre,0.469482
exon_1573.fasta,exon_1573.tre,0.466272
exon_1574.fasta,exon_1574.tre,0.473715
exon_1575.fasta,exon_1575.tre,0.578222
exon_1576.fasta,exon_1576.tre,0.469898
exon_1577.fasta,exon_1577.tre,0.635362
exon_1578.fasta,exon_1578.tre,0.571778
exon_1579.fasta,exon_1579.tre,0.532696
exon_158.fasta,exon_158.tre,0.714293
exon_1584.fasta,exon_1584.tre,0.516100
exon_1585.fasta,exon_1585.tre,0.581603
exon_1587.fasta,exon_1587.tre,0.554764
exon_1588.fasta,exon_1588.tre,0.361775
exon_1590.fasta,exon_1590.tre,0.490376
exon_1596.fasta,exon_1596.tre,0.644036
exon_1597.fasta,exon_1597.tre,0.427818
exon_1599.fasta,exon_1599.tre,0.647261
exon_16.fasta,exon_16.tre,0.872462
exon_1600.fasta,exon_1600.tre,0.516248
exon_1603.fasta,exon_1603.tre,0.497421
exon_1604.fasta,exon_1604.tre,0.464805
exon_1607.fasta,exon_1607.tre,0.902755
exon_1608.fasta,exon_1608.tre,0.820325
exon_161.fasta,exon_161.tre,0.644696
exon_1610.fasta,exon_1610.tre,1.498689
exon_1611.fasta,exon_1611.tre,0.600291
exon_1612.fasta,exon_1612.tre,0.526154
exon_1614.fasta,exon_1614.tre,0.502297
exon_1618.fasta,exon_1618.tre,0.548375
exon_1619.fasta,exon_1619.tre,0.611824
exon_1622.fasta,exon_1622.tre,0.727122
exon_1625.fasta,exon_1625.tre,0.580402
exon_1626.fasta,exon_1626.tre,0.851466
exon_1628.fasta,exon_1628.tre,0.412825
exon_1629.fasta,exon_1629.tre,0.475726
exon_163.fasta,exon_163.tre,0.485415
exon_1631.fasta,exon_1631.tre,0.812670
exon_1632.fasta,exon_1632.tre,0.514076
exon_1635.fasta,exon_1635.tre,0.526256
exon_1637.fasta,exon_1637.tre,0.384210
exon_1638.fasta,exon_1638.tre,0.482619
exon_1639.fasta,exon_1639.tre,0.535889
exon_1642.fasta,exon_1642.tre,0.375283
exon_1645.fasta,exon_1645.tre,0.538561
exon_1647.fasta,exon_1647.tre,0.512142
exon_1648.fasta,exon_1648.tre,0.375319
exon_165.fasta,exon_165.tre,0.623373
exon_1651.fasta,exon_1651.tre,0.939416
exon_1654.fasta,exon_1654.tre,0.513597
exon_1655.fasta,exon_1655.tre,0.491767
exon_1656.fasta,exon_1656.tre,0.683888
exon_1658.fasta,exon_1658.tre,0.564226
exon_1659.fasta,exon_1659.tre,0.526022
exon_1663.fasta,exon_1663.tre,0.493224
exon_1664.fasta,exon_1664.tre,0.614480
exon_1665.fasta,exon_1665.tre,0.520202
exon_1666.fasta,exon_1666.tre,0.631210
exon_1671.fasta,exon_1671.tre,0.779894
exon_1672.fasta,exon_1672.tre,0.587017
exon_1674.fasta,exon_1674.tre,0.565835
exon_1677.fasta,exon_1677.tre,0.455005
exon_1678.fasta,exon_1678.tre,0.534519
exon_1681.fasta,exon_1681.tre,0.486616
exon_1682.fasta,exon_1682.tre,0.849748
exon_1684.fasta,exon_1684.tre,0.637775
exon_1685.fasta,exon_1685.tre,0.557695
exon_1688.fasta,exon_1688.tre,0.556600
exon_1689.fasta,exon_1689.tre,0.645759
exon_1691.fasta,exon_1691.tre,0.652138
exon_1694.fasta,exon_1694.tre,0.495813
exon_1695.fasta,exon_1695.tre,0.541850
exon_1697.fasta,exon_1697.tre,0.485524
exon_1698.fasta,exon_1698.tre,0.543898
exon_1700.fasta,exon_1700.tre,0.557437
exon_1701.fasta,exon_1701.tre,0.587504
exon_1703.fasta,exon_1703.tre,0.781302
exon_1704.fasta,exon_1704.tre,0.765177
exon_1705.fasta,exon_1705.tre,0.595020
exon_1708.fasta,exon_1708.tre,0.674364
exon_1709.fasta,exon_1709.tre,0.905639
exon_171.fasta,exon_171.tre,0.467876
exon_1711.fasta,exon_1711.tre,0.624658
exon_1714.fasta,exon_1714.tre,0.484307
exon_1717.fasta,exon_1717.tre,0.460342
exon_1718.fasta,exon_1718.tre,0.507923
exon_1720.fasta,exon_1720.tre,0.610753
exon_1721.fasta,exon_1721.tre,0.462683
exon_1723.fasta,exon_1723.tre,0.839587
exon_1725.fasta,exon_1725.tre,0.579582
exon_1728.fasta,exon_1728.tre,0.782675
exon_1729.fasta,exon_1729.tre,0.517254
exon_1731.fasta,exon_1731.tre,0.366051
exon_1732.fasta,exon_1732.tre,1.210769
exon_1734.fasta,exon_1734.tre,0.420996
exon_174.fasta,exon_174.tre,0.349176
exon_1743.fasta,exon_1743.tre,1.035070
exon_1745.fasta,exon_1745.tre,0.391131
exon_1746.fasta,exon_1746.tre,0.393903
exon_1748.fasta,exon_1748.tre,0.573618
exon_1749.fasta,exon_1749.tre,0.510985
exon_175.fasta,exon_175.tre,0.533299
exon_1752.fasta,exon_1752.tre,0.369783
exon_1754.fasta,exon_1754.tre,0.655693
exon_1756.fasta,exon_1756.tre,0.682110
exon_1757.fasta,exon_1757.tre,0.631462
exon_1759.fasta,exon_1759.tre,0.506992
exon_1760.fasta,exon_1760.tre,0.706330
exon_1762.fasta,exon_1762.tre,0.374266
exon_1763.fasta,exon_1763.tre,0.465266
exon_1764.fasta,exon_1764.tre,0.401479
exon_1766.fasta,exon_1766.tre,0.528368
exon_1767.fasta,exon_1767.tre,0.389416
exon_1768.fasta,exon_1768.tre,0.468611
exon_1769.fasta,exon_1769.tre,0.610134
exon_177.fasta,exon_177.tre,0.513149
exon_1770.fasta,exon_1770.tre,0.757570
exon_1775.fasta,exon_1775.tre,0.399097
exon_1776.fasta,exon_1776.tre,0.467986
exon_1777.fasta,exon_1777.tre,0.575737
exon_1778.fasta,exon_1778.tre,0.399456
exon_1779.fasta,exon_1779.tre,2.394645
exon_178.fasta,exon_178.tre,0.598134
exon_1781.fasta,exon_1781.tre,1.301843
exon_1782.fasta,exon_1782.tre,0.723359
exon_1784.fasta,exon_1784.tre,1.550127
exon_1786.fasta,exon_1786.tre,0.608281
exon_1789.fasta,exon_1789.tre,0.477639
exon_1794.fasta,exon_1794.tre,0.478632
exon_1797.fasta,exon_1797.tre,0.746318
exon_1798.fasta,exon_1798.tre,0.478410
exon_1802.fasta,exon_1802.tre,0.397465
exon_1804.fasta,exon_1804.tre,0.324050
exon_1806.fasta,exon_1806.tre,0.638641
exon_1810.fasta,exon_1810.tre,0.463298
exon_1812.fasta,exon_1812.tre,0.548010
exon_1813.fasta,exon_1813.tre,1.224265
exon_1814.fasta,exon_1814.tre,0.814207
exon_1815.fasta,exon_1815.tre,0.575083
exon_1819.fasta,exon_1819.tre,0.869473
exon_1820.fasta,exon_1820.tre,0.590785
exon_1822.fasta,exon_1822.tre,0.677012
exon_1823.fasta,exon_1823.tre,0.588209
exon_1824.fasta,exon_1824.tre,1.303235
exon_1825.fasta,exon_1825.tre,0.477436
exon_1826.fasta,exon_1826.tre,0.666020
exon_1827.fasta,exon_1827.tre,0.565286
exon_1829.fasta,exon_1829.tre,0.565180
exon_183.fasta,exon_183.tre,1.784094
exon_1832.fasta,exon_1832.tre,0.466241
exon_1834.fasta,exon_1834.tre,0.673049
exon_1835.fasta,exon_1835.tre,0.672243
exon_1836.fasta,exon_1836.tre,1.181178
exon_1838.fasta,exon_1838.tre,0.474451
exon_1842.fasta,exon_1842.tre,0.439998
exon_1843.fasta,exon_1843.tre,0.693279
exon_1844.fasta,exon_1844.tre,1.075988
exon_1845.fasta,exon_1845.tre,0.417679
exon_1848.fasta,exon_1848.tre,0.579115
exon_1850.fasta,exon_1850.tre,1.101216
exon_1851.fasta,exon_1851.tre,1.035370
exon_1852.fasta,exon_1852.tre,0.564765
exon_1857.fasta,exon_1857.tre,1.176201
exon_1858.fasta,exon_1858.tre,0.587276
exon_1859.fasta,exon_1859.tre,0.889403
exon_1861.fasta,exon_1861.tre,0.623724
exon_1862.fasta,exon_1862.tre,0.407968
exon_1863.fasta,exon_1863.tre,0.539793
exon_1864.fasta,exon_1864.tre,0.596572
exon_1867.fasta,exon_1867.tre,1.149205
exon_1868.fasta,exon_1868.tre,0.476640
exon_1870.fasta,exon_1870.tre,0.482676
exon_1871.fasta,exon_1871.tre,0.486726
exon_1879.fasta,exon_1879.tre,0.429632
exon_1881.fasta,exon_1881.tre,0.610277
exon_1883.fasta,exon_1883.tre,0.455431
exon_1886.fasta,exon_1886.tre,0.521331
exon_1887.fasta,exon_1887.tre,0.540776
exon_189.fasta,exon_189.tre,0.557729
exon_1892.fasta,exon_1892.tre,0.623761
exon_1893.fasta,exon_1893.tre,0.391434
exon_1894.fasta,exon_1894.tre,0.738110
exon_1896.fasta,exon_1896.tre,0.484977
exon_1902.fasta,exon_1902.tre,0.498624
exon_1905.fasta,exon_1905.tre,0.509035
exon_1906.fasta,exon_1906.tre,0.845916
exon_1907.fasta,exon_1907.tre,0.946263
exon_1908.fasta,exon_1908.tre,0.400963
exon_1909.fasta,exon_1909.tre,0.734416
exon_191.fasta,exon_191.tre,0.562762
exon_1912.fasta,exon_1912.tre,0.793282
exon_1913.fasta,exon_1913.tre,0.803215
exon_1915.fasta,exon_1915.tre,0.514413
exon_1916.fasta,exon_1916.tre,0.515219
exon_1917.fasta,exon_1917.tre,0.518891
exon_1918.fasta,exon_1918.tre,0.574602
exon_1919.fasta,exon_1919.tre,0.350927
exon_1920.fasta,exon_1920.tre,0.600741
exon_1922.fasta,exon_1922.tre,0.350998
exon_1923.fasta,exon_1923.tre,0.636969
exon_1924.fasta,exon_1924.tre,0.464457
exon_1926.fasta,exon_1926.tre,0.925182
exon_1928.fasta,exon_1928.tre,0.372235
exon_1930.fasta,exon_1930.tre,1.109185
exon_1931.fasta,exon_1931.tre,0.451154
exon_1934.fasta,exon_1934.tre,0.417258
exon_1935.fasta,exon_1935.tre,0.737245
exon_1936.fasta,exon_1936.tre,0.507870
exon_1938.fasta,exon_1938.tre,0.654678
exon_1939.fasta,exon_1939.tre,0.855405
exon_1944.fasta,exon_1944.tre,0.666897
exon_1945.fasta,exon_1945.tre,0.754329
exon_1948.fasta,exon_1948.tre,0.711397
exon_1952.fasta,exon_1952.tre,0.481372
exon_1953.fasta,exon_1953.tre,0.637375
exon_1955.fasta,exon_1955.tre,0.512705
exon_1956.fasta,exon_1956.tre,0.554504
exon_1958.fasta,exon_1958.tre,0.827691
exon_1959.fasta,exon_1959.tre,0.555559
exon_196.fasta,exon_196.tre,0.804095
exon_1960.fasta,exon_1960.tre,0.398669
exon_1961.fasta,exon_1961.tre,0.707140
exon_1962.fasta,exon_1962.tre,0.553981
exon_1966.fasta,exon_1966.tre,0.538535
exon_197.fasta,exon_197.tre,0.389890
exon_1970.fasta,exon_1970.tre,0.384534
exon_1971.fasta,exon_1971.tre,0.335739
exon_1972.fasta,exon_1972.tre,0.531979
exon_1973.fasta,exon_1973.tre,0.451144
exon_1974.fasta,exon_1974.tre,1.248734
exon_1975.fasta,exon_1975.tre,0.457589
exon_1976.fasta,exon_1976.tre,0.601337
exon_198.fasta,exon_198.tre,0.390130
exon_1980.fasta,exon_1980.tre,0.605940
exon_1984.fasta,exon_1984.tre,0.480218
exon_1987.fasta,exon_1987.tre,1.125166
exon_1988.fasta,exon_1988.tre,0.472537
exon_1990.fasta,exon_1990.tre,0.525857
exon_1991.fasta,exon_1991.tre,0.509958
exon_1995.fasta,exon_1995.tre,0.476855
exon_1997.fasta,exon_1997.tre,0.406429
exon_1998.fasta,exon_1998.tre,0.414586
exon_20.fasta,exon_20.tre,0.541686
exon_2002.fasta,exon_2002.tre,0.583562
exon_2003.fasta,exon_2003.tre,0.366698
exon_2004.fasta,exon_2004.tre,0.473477
exon_2005.fasta,exon_2005.tre,0.609429
exon_2006.fasta,exon_2006.tre,0.495550
exon_2007.fasta,exon_2007.tre,0.406227
exon_2008.fasta,exon_2008.tre,0.633656
exon_2009.fasta,exon_2009.tre,0.307845
exon_201.fasta,exon_201.tre,0.570338
exon_2010.fasta,exon_2010.tre,0.542226
exon_2015.fasta,exon_2015.tre,0.487331
exon_2017.fasta,exon_2017.tre,0.415589
exon_2018.fasta,exon_2018.tre,2.152330
exon_2021.fasta,exon_2021.tre,0.402638
exon_2022.fasta,exon_2022.tre,0.949533
exon_2023.fasta,exon_2023.tre,0.554286
exon_2025.fasta,exon_2025.tre,0.821639
exon_2027.fasta,exon_2027.tre,0.436057
exon_2028.fasta,exon_2028.tre,0.621320
exon_2029.fasta,exon_2029.tre,0.495151
exon_2032.fasta,exon_2032.tre,0.527367
exon_2033.fasta,exon_2033.tre,0.872496
exon_2036.fasta,exon_2036.tre,0.665974
exon_2037.fasta,exon_2037.tre,0.449365
exon_2038.fasta,exon_2038.tre,0.488122
exon_2039.fasta,exon_2039.tre,0.485141
exon_2040.fasta,exon_2040.tre,0.712639
exon_2042.fasta,exon_2042.tre,0.584040
exon_2043.fasta,exon_2043.tre,0.519193
exon_2045.fasta,exon_2045.tre,0.902979
exon_2058.fasta,exon_2058.tre,0.413743
exon_2059.fasta,exon_2059.tre,0.485009
exon_206.fasta,exon_206.tre,0.498368
exon_2061.fasta,exon_2061.tre,0.511786
exon_2062.fasta,exon_2062.tre,0.671829
exon_2064.fasta,exon_2064.tre,0.359050
exon_2065.fasta,exon_2065.tre,1.013607
exon_2066.fasta,exon_2066.tre,1.091352
exon_2068.fasta,exon_2068.tre,0.405581
exon_207.fasta,exon_207.tre,0.491227
exon_2071.fasta,exon_2071.tre,0.474679
exon_2072.fasta,exon_2072.tre,0.598256
exon_2073.fasta,exon_2073.tre,0.533036
exon_2076.fasta,exon_2076.tre,0.515047
exon_2077.fasta,exon_2077.tre,0.315365
exon_2080.fasta,exon_2080.tre,0.482620
exon_2081.fasta,exon_2081.tre,0.595106
exon_2082.fasta,exon_2082.tre,0.473240
exon_2083.fasta,exon_2083.tre,0.709726
exon_2086.fasta,exon_2086.tre,1.056618
exon_2088.fasta,exon_2088.tre,0.433819
exon_2089.fasta,exon_2089.tre,0.528824
exon_2090.fasta,exon_2090.tre,0.936793
exon_2091.fasta,exon_2091.tre,0.676977
exon_2092.fasta,exon_2092.tre,0.672382
exon_2097.fasta,exon_2097.tre,0.534602
exon_210.fasta,exon_210.tre,0.501623
exon_2109.fasta,exon_2109.tre,0.538092
exon_2112.fasta,exon_2112.tre,1.431269
exon_2114.fasta,exon_2114.tre,0.643979
exon_2116.fasta,exon_2116.tre,0.637368
exon_2117.fasta,exon_2117.tre,0.530221
exon_2119.fasta,exon_2119.tre,0.493623
exon_212.fasta,exon_212.tre,0.581928
exon_2125.fasta,exon_2125.tre,1.078746
exon_2127.fasta,exon_2127.tre,0.575167
exon_2128.fasta,exon_2128.tre,0.522505
exon_2129.fasta,exon_2129.tre,0.422157
exon_2130.fasta,exon_2130.tre,0.341115
exon_2133.fasta,exon_2133.tre,0.745947
exon_2137.fasta,exon_2137.tre,0.418988
exon_2138.fasta,exon_2138.tre,0.495406
exon_2139.fasta,exon_2139.tre,0.627478
exon_214.fasta,exon_214.tre,0.488578
exon_2142.fasta,exon_2142.tre,0.517498
exon_2143.fasta,exon_2143.tre,0.465913
exon_2144.fasta,exon_2144.tre,0.947658
exon_2146.fasta,exon_2146.tre,0.673714
exon_2149.fasta,exon_2149.tre,0.478883
exon_2150.fasta,exon_2150.tre,0.572344
exon_2153.fasta,exon_2153.tre,0.711889
exon_2159.fasta,exon_2159.tre,0.371239
exon_216.fasta,exon_216.tre,0.606730
exon_2163.fasta,exon_2163.tre,0.582578
exon_217.fasta,exon_217.tre,0.435979
exon_2170.fasta,exon_2170.tre,0.635288
exon_2174.fasta,exon_2174.tre,0.882609
exon_2177.fasta,exon_2177.tre,0.538870
exon_2178.fasta,exon_2178.tre,0.627793
exon_218.fasta,exon_218.tre,0.571703
exon_2180.fasta,exon_2180.tre,0.535402
exon_2181.fasta,exon_2181.tre,0.677485
exon_2182.fasta,exon_2182.tre,0.450162
exon_2184.fasta,exon_2184.tre,0.539420
exon_2187.fasta,exon_2187.tre,0.644903
exon_2188.fasta,exon_2188.tre,0.511662
exon_219.fasta,exon_219.tre,0.481204
exon_2190.fasta,exon_2190.tre,0.398065
exon_2191.fasta,exon_2191.tre,0.343291
exon_2193.fasta,exon_2193.tre,0.628407
exon_2194.fasta,exon_2194.tre,0.517943
exon_2195.fasta,exon_2195.tre,0.675388
exon_2197.fasta,exon_2197.tre,1.727283
exon_2198.fasta,exon_2198.tre,0.450876
exon_2199.fasta,exon_2199.tre,0.407399
exon_2200.fasta,exon_2200.tre,0.514144
exon_2201.fasta,exon_2201.tre,0.633150
exon_2202.fasta,exon_2202.tre,0.785248
exon_2204.fasta,exon_2204.tre,0.500798
exon_2205.fasta,exon_2205.tre,0.452390
exon_2215.fasta,exon_2215.tre,1.731205
exon_2217.fasta,exon_2217.tre,0.527875
exon_2222.fasta,exon_2222.tre,0.493800
exon_2224.fasta,exon_2224.tre,0.642527
exon_2225.fasta,exon_2225.tre,0.772691
exon_2226.fasta,exon_2226.tre,0.484317
exon_2227.fasta,exon_2227.tre,0.623623
exon_2228.fasta,exon_2228.tre,0.606016
exon_223.fasta,exon_223.tre,0.468702
exon_2230.fasta,exon_2230.tre,0.650490
exon_2231.fasta,exon_2231.tre,0.424554
exon_2237.fasta,exon_2237.tre,0.973965
exon_2238.fasta,exon_2238.tre,0.521321
exon_2239.fasta,exon_2239.tre,0.641437
exon_224.fasta,exon_224.tre,0.479402
exon_2240.fasta,exon_2240.tre,1.357888
exon_2241.fasta,exon_2241.tre,0.414672
exon_2242.fasta,exon_2242.tre,0.413710
exon_2243.fasta,exon_2243.tre,0.489167
exon_2244.fasta,exon_2244.tre,0.552319
exon_2246.fasta,exon_2246.tre,0.682545
exon_2247.fasta,exon_2247.tre,0.299814
exon_2248.fasta,exon_2248.tre,0.488705
exon_225.fasta,exon_225.tre,0.699111
exon_2252.fasta,exon_2252.tre,0.709235
exon_2255.fasta,exon_2255.tre,0.337708
exon_2256.fasta,exon_2256.tre,0.423005
exon_2258.fasta,exon_2258.tre,0.547762
exon_226.fasta,exon_226.tre,0.436590
exon_2261.fasta,exon_2261.tre,0.370987
exon_2264.fasta,exon_2264.tre,0.714175
exon_2266.fasta,exon_2266.tre,0.487425
exon_2267.fasta,exon_2267.tre,0.822484
exon_2268.fasta,exon_2268.tre,0.606184
exon_2269.fasta,exon_2269.tre,0.689285
exon_2276.fasta,exon_2276.tre,0.747935
exon_2278.fasta,exon_2278.tre,0.410971
exon_2279.fasta,exon_2279.tre,0.372331
exon_2282.fasta,exon_2282.tre,0.505869
exon_2283.fasta,exon_2283.tre,0.371759
exon_2286.fasta,exon_2286.tre,0.743735
exon_2287.fasta,exon_2287.tre,0.358255
exon_2288.fasta,exon_2288.tre,0.555299
exon_2289.fasta,exon_2289.tre,0.506561
exon_2290.fasta,exon_2290.tre,0.648042
exon_2293.fasta,exon_2293.tre,0.602120
exon_2295.fasta,exon_2295.tre,0.506563
exon_2298.fasta,exon_2298.tre,0.482591
exon_2299.fasta,exon_2299.tre,0.643810
exon_2301.fasta,exon_2301.tre,0.483894
exon_2303.fasta,exon_2303.tre,3.179180
exon_2306.fasta,exon_2306.tre,0.406816
exon_2310.fasta,exon_2310.tre,0.462222
exon_2313.fasta,exon_2313.tre,0.417838
exon_2314.fasta,exon_2314.tre,0.632383
exon_2316.fasta,exon_2316.tre,0.350614
exon_2321.fasta,exon_2321.tre,0.532743
exon_2327.fasta,exon_2327.tre,0.566868
exon_2328.fasta,exon_2328.tre,2.097867
exon_2329.fasta,exon_2329.tre,0.455711
exon_2330.fasta,exon_2330.tre,0.345756
exon_2331.fasta,exon_2331.tre,0.486303
exon_2333.fasta,exon_2333.tre,0.593445
exon_2334.fasta,exon_2334.tre,0.463249
exon_234.fasta,exon_234.tre,0.549568
exon_2340.fasta,exon_2340.tre,2.293543
exon_2341.fasta,exon_2341.tre,0.730882
exon_2342.fasta,exon_2342.tre,0.479914
exon_2343.fasta,exon_2343.tre,1.800212
exon_2344.fasta,exon_2344.tre,0.378033
exon_2345.fasta,exon_2345.tre,0.430274
exon_2347.fasta,exon_2347.tre,0.408775
exon_2349.fasta,exon_2349.tre,0.396712
exon_235.fasta,exon_235.tre,0.530743
exon_2351.fasta,exon_2351.tre,0.424312
exon_2352.fasta,exon_2352.tre,0.484641
exon_2353.fasta,exon_2353.tre,0.668157
exon_2355.fasta,exon_2355.tre,0.406137
exon_2356.fasta,exon_2356.tre,0.269683
exon_2357.fasta,exon_2357.tre,0.507403
exon_2358.fasta,exon_2358.tre,0.472747
exon_2361.fasta,exon_2361.tre,0.397325
exon_2363.fasta,exon_2363.tre,0.482777
exon_2364.fasta,exon_2364.tre,0.514248
exon_2365.fasta,exon_2365.tre,0.442465
exon_2368.fasta,exon_2368.tre,0.478964
exon_2369.fasta,exon_2369.tre,0.678961
exon_2370.fasta,exon_2370.tre,0.628489
exon_2371.fasta,exon_2371.tre,0.490378
exon_2373.fasta,exon_2373.tre,0.941136
exon_2375.fasta,exon_2375.tre,0.578309
exon_2376.fasta,exon_2376.tre,0.721602
exon_2378.fasta,exon_2378.tre,0.477332
exon_2381.fasta,exon_2381.tre,0.743260
exon_2382.fasta,exon_2382.tre,0.514088
exon_2383.fasta,exon_2383.tre,1.455718
exon_2384.fasta,exon_2384.tre,0.900896
exon_2386.fasta,exon_2386.tre,0.561138
exon_2389.fasta,exon_2389.tre,0.646523
exon_239.fasta,exon_239.tre,0.510303
exon_2390.fasta,exon_2390.tre,0.571404
exon_2392.fasta,exon_2392.tre,0.559537
exon_2395.fasta,exon_2395.tre,0.512235
exon_2396.fasta,exon_2396.tre,0.711101
exon_2398.fasta,exon_2398.tre,0.544856
exon_2399.fasta,exon_2399.tre,0.486742
exon_2400.fasta,exon_2400.tre,0.604662
exon_2403.fasta,exon_2403.tre,0.606299
exon_2404.fasta,exon_2404.tre,0.597316
exon_2407.fasta,exon_2407.tre,1.105428
exon_2410.fasta,exon_2410.tre,0.590830
exon_2411.fasta,exon_2411.tre,0.331549
exon_2415.fasta,exon_2415.tre,1.173440
exon_2416.fasta,exon_2416.tre,0.718940
exon_2417.fasta,exon_2417.tre,0.491945
exon_2418.fasta,exon_2418.tre,0.368068
exon_242.fasta,exon_242.tre,1.126991
exon_2420.fasta,exon_2420.tre,0.914217
exon_2423.fasta,exon_2423.tre,0.509842
exon_2424.fasta,exon_2424.tre,0.524713
exon_2425.fasta,exon_2425.tre,0.413059
exon_2426.fasta,exon_2426.tre,0.522567
exon_2427.fasta,exon_2427.tre,0.379786
exon_2428.fasta,exon_2428.tre,0.711266
exon_2430.fasta,exon_2430.tre,0.771653
exon_2432.fasta,exon_2432.tre,0.562916
exon_2433.fasta,exon_2433.tre,0.420038
exon_2435.fasta,exon_2435.tre,0.650699
exon_2437.fasta,exon_2437.tre,0.343498
exon_2438.fasta,exon_2438.tre,0.736303
exon_244.fasta,exon_244.tre,0.625682
exon_2443.fasta,exon_2443.tre,0.522168
exon_2450.fasta,exon_2450.tre,0.607786
exon_2451.fasta,exon_2451.tre,0.476019
exon_2454.fasta,exon_2454.tre,0.469534
exon_2458.fasta,exon_2458.tre,0.475542
exon_246.fasta,exon_246.tre,0.575575
exon_2462.fasta,exon_2462.tre,0.628664
exon_2464.fasta,exon_2464.tre,0.564087
exon_2465.fasta,exon_2465.tre,0.589600
exon_2466.fasta,exon_2466.tre,0.720162
exon_2467.fasta,exon_2467.tre,0.833555
exon_2469.fasta,exon_2469.tre,0.506325
exon_2471.fasta,exon_2471.tre,0.843284
exon_2476.fasta,exon_2476.tre,0.534258
exon_2477.fasta,exon_2477.tre,0.398028
exon_2480.fasta,exon_2480.tre,0.399896
exon_2481.fasta,exon_2481.tre,0.521068
exon_2482.fasta,exon_2482.tre,0.640286
exon_2485.fasta,exon_2485.tre,0.411767
exon_2491.fasta,exon_2491.tre,0.737723
exon_2493.fasta,exon_2493.tre,0.605692
exon_2494.fasta,exon_2494.tre,0.481665
exon_2495.fasta,exon_2495.tre,0.507784
exon_2501.fasta,exon_2501.tre,0.367309
exon_2502.fasta,exon_2502.tre,0.480287
exon_2505.fasta,exon_2505.tre,0.425385
exon_2506.fasta,exon_2506.tre,0.568773
exon_2509.fasta,exon_2509.tre,0.558897
exon_2511.fasta,exon_2511.tre,0.558979
exon_2513.fasta,exon_2513.tre,1.068615
exon_2514.fasta,exon_2514.tre,0.806503
exon_2515.fasta,exon_2515.tre,0.506389
exon_2516.fasta,exon_2516.tre,0.476441
exon_2517.fasta,exon_2517.tre,0.472687
exon_252.fasta,exon_252.tre,0.330562
exon_2520.fasta,exon_2520.tre,0.572830
exon_2522.fasta,exon_2522.tre,0.654162
exon_2527.fasta,exon_2527.tre,0.600128
exon_2533.fasta,exon_2533.tre,0.359864
exon_2534.fasta,exon_2534.tre,0.594635
exon_2535.fasta,exon_2535.tre,0.453996
exon_2537.fasta,exon_2537.tre,0.529027
exon_254.fasta,exon_254.tre,0.495743
exon_2540.fasta,exon_2540.tre,0.564432
exon_2542.fasta,exon_2542.tre,0.480036
exon_2544.fasta,exon_2544.tre,0.431093
exon_2546.fasta,exon_2546.tre,0.550723
exon_2547.fasta,exon_2547.tre,0.718951
exon_2549.fasta,exon_2549.tre,0.503635
exon_2550.fasta,exon_2550.tre,0.824305
exon_2551.fasta,exon_2551.tre,1.018531
exon_2552.fasta,exon_2552.tre,0.532493
exon_2553.fasta,exon_2553.tre,1.200205
exon_2554.fasta,exon_2554.tre,0.598147
exon_2556.fasta,exon_2556.tre,0.520077
exon_2557.fasta,exon_2557.tre,0.524286
exon_2558.fasta,exon_2558.tre,0.553461
exon_2560.fasta,exon_2560.tre,0.556444
exon_2561.fasta,exon_2561.tre,0.404542
exon_2563.fasta,exon_2563.tre,0.480830
exon_2564.fasta,exon_2564.tre,0.512538
exon_2565.fasta,exon_2565.tre,0.624591
exon_2567.fasta,exon_2567.tre,0.610018
exon_2569.fasta,exon_2569.tre,0.417501
exon_257.fasta,exon_257.tre,0.589745
exon_2572.fasta,exon_2572.tre,0.493657
exon_2574.fasta,exon_2574.tre,0.396449
exon_2575.fasta,exon_2575.tre,0.876406
exon_2576.fasta,exon_2576.tre,0.499127
exon_2577.fasta,exon_2577.tre,0.648870
exon_2578.fasta,exon_2578.tre,0.524268
exon_2579.fasta,exon_2579.tre,0.534966
exon_2581.fasta,exon_2581.tre,0.558759
exon_2582.fasta,exon_2582.tre,0.679465
exon_2584.fasta,exon_2584.tre,0.345761
exon_2586.fasta,exon_2586.tre,0.477996
exon_2587.fasta,exon_2587.tre,0.623723
exon_2592.fasta,exon_2592.tre,0.625410
exon_2596.fasta,exon_2596.tre,0.482823
exon_2597.fasta,exon_2597.tre,0.504911
exon_260.fasta,exon_260.tre,0.503497
exon_2601.fasta,exon_2601.tre,0.458459
exon_2602.fasta,exon_2602.tre,0.500946
exon_2604.fasta,exon_2604.tre,0.595184
exon_2607.fasta,exon_2607.tre,2.775270
exon_2609.fasta,exon_2609.tre,0.425552
exon_2610.fasta,exon_2610.tre,0.572081
exon_2612.fasta,exon_2612.tre,0.631656
exon_2613.fasta,exon_2613.tre,0.587254
exon_2614.fasta,exon_2614.tre,0.484395
exon_2616.fasta,exon_2616.tre,0.511890
exon_2618.fasta,exon_2618.tre,0.448989
exon_2619.fasta,exon_2619.tre,0.933643
exon_2620.fasta,exon_2620.tre,0.641529
exon_2622.fasta,exon_2622.tre,0.566102
exon_2623.fasta,exon_2623.tre,0.604325
exon_2624.fasta,exon_2624.tre,1.711937
exon_2625.fasta,exon_2625.tre,1.177613
exon_2631.fasta,exon_2631.tre,0.447375
exon_2633.fasta,exon_2633.tre,0.564086
exon_2634.fasta,exon_2634.tre,0.390749
exon_2638.fasta,exon_2638.tre,0.508338
exon_2639.fasta,exon_2639.tre,0.788166
exon_264.fasta,exon_264.tre,0.528355
exon_2640.fasta,exon_2640.tre,0.500396
exon_2642.fasta,exon_2642.tre,0.581546
exon_2643.fasta,exon_2643.tre,0.674567
exon_2644.fasta,exon_2644.tre,1.501175
exon_2645.fasta,exon_2645.tre,2.035074
exon_2649.fasta,exon_2649.tre,0.575590
exon_2654.fasta,exon_2654.tre,0.651687
exon_2655.fasta,exon_2655.tre,1.126582
exon_2660.fasta,exon_2660.tre,0.566734
exon_2661.fasta,exon_2661.tre,0.753545
exon_2662.fasta,exon_2662.tre,0.612040
exon_2663.fasta,exon_2663.tre,0.653266
exon_2664.fasta,exon_2664.tre,0.497364
exon_2666.fasta,exon_2666.tre,0.431367
exon_2667.fasta,exon_2667.tre,0.974390
exon_2668.fasta,exon_2668.tre,0.909810
exon_2669.fasta,exon_2669.tre,0.589765
exon_267.fasta,exon_267.tre,0.593553
exon_2675.fasta,exon_2675.tre,1.616017
exon_2677.fasta,exon_2677.tre,0.704142
exon_2678.fasta,exon_2678.tre,0.600974
exon_2679.fasta,exon_2679.tre,0.472134
exon_268.fasta,exon_268.tre,0.524565
exon_2682.fasta,exon_2682.tre,0.600150
exon_2684.fasta,exon_2684.tre,0.340797
exon_2685.fasta,exon_2685.tre,0.579582
exon_2686.fasta,exon_2686.tre,0.378948
exon_2687.fasta,exon_2687.tre,0.307792
exon_2689.fasta,exon_2689.tre,1.093803
exon_2690.fasta,exon_2690.tre,0.585931
exon_2691.fasta,exon_2691.tre,0.600527
exon_2692.fasta,exon_2692.tre,0.474513
exon_2693.fasta,exon_2693.tre,0.655588
exon_2694.fasta,exon_2694.tre,0.556973
exon_2695.fasta,exon_2695.tre,0.578297
exon_2696.fasta,exon_2696.tre,0.512015
exon_2698.fasta,exon_2698.tre,0.584218
exon_2699.fasta,exon_2699.tre,0.535846
exon_2701.fasta,exon_2701.tre,0.557227
exon_2702.fasta,exon_2702.tre,1.018164
exon_2704.fasta,exon_2704.tre,0.830132
exon_2707.fasta,exon_2707.tre,1.467141
exon_2708.fasta,exon_2708.tre,0.659738
exon_2709.fasta,exon_2709.tre,0.586910
exon_2711.fasta,exon_2711.tre,0.400649
exon_2712.fasta,exon_2712.tre,1.971943
exon_2714.fasta,exon_2714.tre,0.492219
exon_2717.fasta,exon_2717.tre,0.519858
exon_2718.fasta,exon_2718.tre,0.570592
exon_2719.fasta,exon_2719.tre,0.516372
exon_2720.fasta,exon_2720.tre,0.381693
exon_2721.fasta,exon_2721.tre,0.619861
exon_2723.fasta,exon_2723.tre,0.528436
exon_2727.fasta,exon_2727.tre,0.619373
exon_2728.fasta,exon_2728.tre,0.504202
exon_2729.fasta,exon_2729.tre,0.618594
exon_2732.fasta,exon_2732.tre,0.458820
exon_2733.fasta,exon_2733.tre,0.768101
exon_2734.fasta,exon_2734.tre,0.453189
exon_2735.fasta,exon_2735.tre,0.550863
exon_2736.fasta,exon_2736.tre,0.322056
exon_2741.fasta,exon_2741.tre,0.537872
exon_2742.fasta,exon_2742.tre,0.396129
exon_2743.fasta,exon_2743.tre,0.549541
exon_2745.fasta,exon_2745.tre,0.496721
exon_2746.fasta,exon_2746.tre,0.432086
exon_2747.fasta,exon_2747.tre,0.400397
exon_2748.fasta,exon_2748.tre,0.375851
exon_2752.fasta,exon_2752.tre,0.494032
exon_2753.fasta,exon_2753.tre,1.297052
exon_2755.fasta,exon_2755.tre,0.503088
exon_2757.fasta,exon_2757.tre,0.587178
exon_2759.fasta,exon_2759.tre,0.542088
exon_2761.fasta,exon_2761.tre,1.053010
exon_2762.fasta,exon_2762.tre,0.625252
exon_2763.fasta,exon_2763.tre,0.538901
exon_2765.fasta,exon_2765.tre,0.504998
exon_2766.fasta,exon_2766.tre,0.530958
exon_277.fasta,exon_277.tre,0.377205
exon_2770.fasta,exon_2770.tre,0.523614
exon_2771.fasta,exon_2771.tre,0.512635
exon_2773.fasta,exon_2773.tre,0.504141
exon_2774.fasta,exon_2774.tre,0.667430
exon_2778.fasta,exon_2778.tre,0.385625
exon_2779.fasta,exon_2779.tre,0.629639
exon_278.fasta,exon_278.tre,0.620793
exon_2781.fasta,exon_2781.tre,0.588289
exon_2782.fasta,exon_2782.tre,0.572510
exon_2784.fasta,exon_2784.tre,0.676427
exon_2785.fasta,exon_2785.tre,0.634354
exon_2786.fasta,exon_2786.tre,0.407486
exon_2787.fasta,exon_2787.tre,0.573251
exon_2788.fasta,exon_2788.tre,0.785992
exon_2789.fasta,exon_2789.tre,0.399597
exon_2790.fasta,exon_2790.tre,0.495937
exon_2792.fasta,exon_2792.tre,0.574522
exon_2793.fasta,exon_2793.tre,0.681886
exon_2794.fasta,exon_2794.tre,0.514600
exon_2795.fasta,exon_2795.tre,0.464761
exon_2796.fasta,exon_2796.tre,0.588009
exon_2798.fasta,exon_2798.tre,0.694356
exon_28.fasta,exon_28.tre,0.303586
exon_2800.fasta,exon_2800.tre,0.470380
exon_2801.fasta,exon_2801.tre,0.520339
exon_2803.fasta,exon_2803.tre,0.379529
exon_2805.fasta,exon_2805.tre,0.538497
exon_2807.fasta,exon_2807.tre,0.786527
exon_2808.fasta,exon_2808.tre,0.662727
exon_2811.fasta,exon_2811.tre,0.326288
exon_2812.fasta,exon_2812.tre,0.677832
exon_2814.fasta,exon_2814.tre,1.184257
exon_282.fasta,exon_282.tre,0.645420
exon_2820.fasta,exon_2820.tre,0.604418
exon_2824.fasta,exon_2824.tre,0.407328
exon_2825.fasta,exon_2825.tre,0.385685
exon_2828.fasta,exon_2828.tre,0.634088
exon_283.fasta,exon_283.tre,0.554040
exon_2830.fasta,exon_2830.tre,0.783741
exon_2831.fasta,exon_2831.tre,0.628687
exon_2834.fasta,exon_2834.tre,0.484609
exon_2835.fasta,exon_2835.tre,0.759524
exon_2836.fasta,exon_2836.tre,0.604254
exon_2837.fasta,exon_2837.tre,0.547782
exon_2838.fasta,exon_2838.tre,0.632555
exon_284.fasta,exon_284.tre,0.496694
exon_2840.fasta,exon_2840.tre,0.565922
exon_2842.fasta,exon_2842.tre,0.760329
exon_2843.fasta,exon_2843.tre,0.396327
exon_2844.fasta,exon_2844.tre,1.008213
exon_2845.fasta,exon_2845.tre,0.478923
exon_2846.fasta,exon_2846.tre,0.646780
exon_2848.fasta,exon_2848.tre,0.601542
exon_2849.fasta,exon_2849.tre,0.659647
exon_285.fasta,exon_285.tre,0.414830
exon_2850.fasta,exon_2850.tre,0.699509
exon_2851.fasta,exon_2851.tre,0.676930
exon_2855.fasta,exon_2855.tre,1.079199
exon_2856.fasta,exon_2856.tre,0.518237
exon_2857.fasta,exon_2857.tre,0.659870
exon_2858.fasta,exon_2858.tre,0.578210
exon_2861.fasta,exon_2861.tre,0.571674
exon_2862.fasta,exon_2862.tre,0.703324
exon_2864.fasta,exon_2864.tre,0.567375
exon_2865.fasta,exon_2865.tre,0.504845
exon_2866.fasta,exon_2866.tre,0.753850
exon_2868.fasta,exon_2868.tre,0.433933
exon_2873.fasta,exon_2873.tre,0.572268
exon_2875.fasta,exon_2875.tre,0.483446
exon_2876.fasta,exon_2876.tre,0.572101
exon_2877.fasta,exon_2877.tre,0.555512
exon_2878.fasta,exon_2878.tre,0.527991
exon_288.fasta,exon_288.tre,0.605046
exon_2883.fasta,exon_2883.tre,0.550363
exon_2884.fasta,exon_2884.tre,0.612354
exon_2888.fasta,exon_2888.tre,0.594455
exon_2892.fasta,exon_2892.tre,1.106617
exon_2893.fasta,exon_2893.tre,0.657643
exon_2896.fasta,exon_2896.tre,0.364306
exon_2897.fasta,exon_2897.tre,0.536187
exon_290.fasta,exon_290.tre,0.453816
exon_2900.fasta,exon_2900.tre,0.670211
exon_2901.fasta,exon_2901.tre,0.818290
exon_2902.fasta,exon_2902.tre,0.564822
exon_2903.fasta,exon_2903.tre,0.435710
exon_2905.fasta,exon_2905.tre,0.378878
exon_2906.fasta,exon_2906.tre,0.398866
exon_2909.fasta,exon_2909.tre,0.347507
exon_2910.fasta,exon_2910.tre,1.489890
exon_2912.fasta,exon_2912.tre,0.615004
exon_2914.fasta,exon_2914.tre,1.582498
exon_2915.fasta,exon_2915.tre,0.499775
exon_2916.fasta,exon_2916.tre,0.563404
exon_2917.fasta,exon_2917.tre,0.629035
exon_2918.fasta,exon_2918.tre,0.580654
exon_2919.fasta,exon_2919.tre,0.426960
exon_2920.fasta,exon_2920.tre,0.521901
exon_2925.fasta,exon_2925.tre,0.700170
exon_2926.fasta,exon_2926.tre,0.374164
exon_2927.fasta,exon_2927.tre,0.430979
exon_2928.fasta,exon_2928.tre,0.529217
exon_2930.fasta,exon_2930.tre,0.515502
exon_2931.fasta,exon_2931.tre,1.010584
exon_2933.fasta,exon_2933.tre,0.717871
exon_2934.fasta,exon_2934.tre,0.565779
exon_2936.fasta,exon_2936.tre,0.646710
exon_2940.fasta,exon_2940.tre,0.567197
exon_2941.fasta,exon_2941.tre,0.700063
exon_2943.fasta,exon_2943.tre,1.317916
exon_2944.fasta,exon_2944.tre,1.315339
exon_2945.fasta,exon_2945.tre,0.531785
exon_2948.fasta,exon_2948.tre,0.366498
exon_2949.fasta,exon_2949.tre,0.781265
exon_295.fasta,exon_295.tre,0.750894
exon_2951.fasta,exon_2951.tre,0.570964
exon_2952.fasta,exon_2952.tre,0.526845
exon_2953.fasta,exon_2953.tre,0.482384
exon_2954.fasta,exon_2954.tre,0.457788
exon_2955.fasta,exon_2955.tre,0.454334
exon_2957.fasta,exon_2957.tre,0.766127
exon_2958.fasta,exon_2958.tre,0.474688
exon_2959.fasta,exon_2959.tre,0.525903
exon_296.fasta,exon_296.tre,0.476590
exon_2962.fasta,exon_2962.tre,0.347513
exon_2964.fasta,exon_2964.tre,0.642605
exon_2966.fasta,exon_2966.tre,1.185142
exon_2967.fasta,exon_2967.tre,0.502580
exon_2969.fasta,exon_2969.tre,0.401475
exon_2970.fasta,exon_2970.tre,0.482431
exon_2971.fasta,exon_2971.tre,0.460105
exon_2974.fasta,exon_2974.tre,0.511321
exon_2976.fasta,exon_2976.tre,0.549617
exon_2977.fasta,exon_2977.tre,0.517985
exon_2979.fasta,exon_2979.tre,0.569708
exon_2980.fasta,exon_2980.tre,0.851868
exon_2981.fasta,exon_2981.tre,1.474833
exon_2982.fasta,exon_2982.tre,0.677584
exon_2984.fasta,exon_2984.tre,0.541134
exon_2989.fasta,exon_2989.tre,1.156227
exon_2990.fasta,exon_2990.tre,1.191881
exon_2995.fasta,exon_2995.tre,0.419107
exon_2997.fasta,exon_2997.tre,0.511558
exon_2999.fasta,exon_2999.tre,0.444369
exon_30.fasta,exon_30.tre,0.497287
exon_3003.fasta,exon_3003.tre,0.461460
exon_3004.fasta,exon_3004.tre,0.689445
exon_3006.fasta,exon_3006.tre,0.572838
exon_3007.fasta,exon_3007.tre,0.477478
exon_3008.fasta,exon_3008.tre,0.506922
exon_3009.fasta,exon_3009.tre,0.491769
exon_301.fasta,exon_301.tre,0.397779
exon_3010.fasta,exon_3010.tre,0.580212
exon_3011.fasta,exon_3011.tre,0.326976
exon_3015.fasta,exon_3015.tre,1.382355
exon_3016.fasta,exon_3016.tre,0.538682
exon_3017.fasta,exon_3017.tre,0.563754
exon_3019.fasta,exon_3019.tre,0.381885
exon_3020.fasta,exon_3020.tre,0.566225
exon_3022.fasta,exon_3022.tre,0.672539
exon_3023.fasta,exon_3023.tre,0.397645
exon_3025.fasta,exon_3025.tre,0.524571
exon_3028.fasta,exon_3028.tre,0.416945
exon_3029.fasta,exon_3029.tre,0.530092
exon_303.fasta,exon_303.tre,0.409961
exon_3030.fasta,exon_3030.tre,0.517725
exon_3031.fasta,exon_3031.tre,0.489315
exon_3032.fasta,exon_3032.tre,0.656833
exon_3033.fasta,exon_3033.tre,0.700776
exon_3034.fasta,exon_3034.tre,0.669111
exon_3039.fasta,exon_3039.tre,0.472838
exon_3042.fasta,exon_3042.tre,0.518387
exon_3044.fasta,exon_3044.tre,0.602066
exon_3045.fasta,exon_3045.tre,0.531810
exon_3046.fasta,exon_3046.tre,0.394360
exon_3048.fasta,exon_3048.tre,0.491495
exon_3052.fasta,exon_3052.tre,0.375102
exon_3053.fasta,exon_3053.tre,0.511151
exon_3054.fasta,exon_3054.tre,0.622802
exon_3055.fasta,exon_3055.tre,0.814025
exon_3056.fasta,exon_3056.tre,0.517220
exon_3058.fasta,exon_3058.tre,0.379256
exon_3060.fasta,exon_3060.tre,3.306667
exon_3063.fasta,exon_3063.tre,0.323845
exon_3064.fasta,exon_3064.tre,0.561675
exon_3066.fasta,exon_3066.tre,0.386697
exon_3067.fasta,exon_3067.tre,0.852538
exon_3068.fasta,exon_3068.tre,0.659586
exon_3069.fasta,exon_3069.tre,0.580328
exon_3072.fasta,exon_3072.tre,0.522130
exon_3074.fasta,exon_3074.tre,0.594701
exon_3076.fasta,exon_3076.tre,0.445439
exon_3079.fasta,exon_3079.tre,0.523076
exon_308.fasta,exon_308.tre,0.835832
exon_3080.fasta,exon_3080.tre,0.843058
exon_3083.fasta,exon_3083.tre,0.768470
exon_3084.fasta,exon_3084.tre,0.614199
exon_3085.fasta,exon_3085.tre,0.579787
exon_3086.fasta,exon_3086.tre,0.521169
exon_3088.fasta,exon_3088.tre,0.636268
exon_3091.fasta,exon_3091.tre,0.475681
exon_3092.fasta,exon_3092.tre,1.692247
exon_3093.fasta,exon_3093.tre,0.372905
exon_3094.fasta,exon_3094.tre,0.505729
exon_3095.fasta,exon_3095.tre,0.559688
exon_3097.fasta,exon_3097.tre,0.568454
exon_3098.fasta,exon_3098.tre,0.627322
exon_3100.fasta,exon_3100.tre,0.535216
exon_3102.fasta,exon_3102.tre,1.175054
exon_3104.fasta,exon_3104.tre,0.635762
exon_3105.fasta,exon_3105.tre,0.490474
exon_3106.fasta,exon_3106.tre,0.722292
exon_3108.fasta,exon_3108.tre,0.662488
exon_3109.fasta,exon_3109.tre,0.881948
exon_311.fasta,exon_311.tre,0.807991
exon_3115.fasta,exon_3115.tre,0.471898
exon_3116.fasta,exon_3116.tre,0.459474
exon_3118.fasta,exon_3118.tre,0.376054
exon_3119.fasta,exon_3119.tre,0.815994
exon_3121.fasta,exon_3121.tre,0.403715
exon_3122.fasta,exon_3122.tre,0.662658
exon_3123.fasta,exon_3123.tre,2.028752
exon_3125.fasta,exon_3125.tre,0.511228
exon_3126.fasta,exon_3126.tre,0.518822
exon_3129.fasta,exon_3129.tre,0.492794
exon_3130.fasta,exon_3130.tre,0.426325
exon_3135.fasta,exon_3135.tre,1.911629
exon_3136.fasta,exon_3136.tre,0.904096
exon_3137.fasta,exon_3137.tre,0.414887
exon_3138.fasta,exon_3138.tre,0.505158
exon_314.fasta,exon_314.tre,0.454992
exon_3140.fasta,exon_3140.tre,0.487731
exon_3144.fasta,exon_3144.tre,0.663728
exon_3146.fasta,exon_3146.tre,0.552565
exon_3147.fasta,exon_3147.tre,0.403334
exon_3149.fasta,exon_3149.tre,0.401084
exon_3151.fasta,exon_3151.tre,0.604872
exon_3152.fasta,exon_3152.tre,0.414426
exon_3153.fasta,exon_3153.tre,0.628526
exon_3155.fasta,exon_3155.tre,0.511000
exon_3157.fasta,exon_3157.tre,0.738695
exon_3159.fasta,exon_3159.tre,0.467117
exon_316.fasta,exon_316.tre,0.752031
exon_3160.fasta,exon_3160.tre,0.331600
exon_3166.fasta,exon_3166.tre,0.475217
exon_3167.fasta,exon_3167.tre,0.505027
exon_3171.fasta,exon_3171.tre,0.561343
exon_3172.fasta,exon_3172.tre,0.559342
exon_3174.fasta,exon_3174.tre,0.526806
exon_3175.fasta,exon_3175.tre,0.550550
exon_3176.fasta,exon_3176.tre,0.695470
exon_3177.fasta,exon_3177.tre,0.506750
exon_3178.fasta,exon_3178.tre,0.655704
exon_3182.fasta,exon_3182.tre,0.487804
exon_3184.fasta,exon_3184.tre,0.401953
exon_3185.fasta,exon_3185.tre,0.553896
exon_3186.fasta,exon_3186.tre,0.549604
exon_3187.fasta,exon_3187.tre,0.418510
exon_3188.fasta,exon_3188.tre,0.521513
exon_319.fasta,exon_319.tre,1.724257
exon_3192.fasta,exon_3192.tre,0.722553
exon_3195.fasta,exon_3195.tre,0.662074
exon_3197.fasta,exon_3197.tre,0.520341
exon_3198.fasta,exon_3198.tre,1.542195
exon_3199.fasta,exon_3199.tre,0.503134
exon_320.fasta,exon_320.tre,0.476371
exon_3200.fasta,exon_3200.tre,0.472402
exon_3202.fasta,exon_3202.tre,1.138983
exon_3203.fasta,exon_3203.tre,0.725327
exon_3204.fasta,exon_3204.tre,0.567226
exon_3206.fasta,exon_3206.tre,0.546506
exon_3207.fasta,exon_3207.tre,0.404188
exon_3208.fasta,exon_3208.tre,0.676516
exon_3209.fasta,exon_3209.tre,1.508964
exon_3210.fasta,exon_3210.tre,1.173775
exon_3211.fasta,exon_3211.tre,0.543349
exon_3213.fasta,exon_3213.tre,0.665007
exon_3214.fasta,exon_3214.tre,0.384366
exon_3215.fasta,exon_3215.tre,0.402896
exon_3216.fasta,exon_3216.tre,0.518960
exon_3217.fasta,exon_3217.tre,0.323362
exon_3218.fasta,exon_3218.tre,0.402359
exon_3219.fasta,exon_3219.tre,0.674542
exon_322.fasta,exon_322.tre,0.839766
exon_3220.fasta,exon_3220.tre,0.672752
exon_3221.fasta,exon_3221.tre,0.285728
exon_3222.fasta,exon_3222.tre,1.078598
exon_3224.fasta,exon_3224.tre,0.508407
exon_3225.fasta,exon_3225.tre,0.563425
exon_3227.fasta,exon_3227.tre,0.494640
exon_3230.fasta,exon_3230.tre,0.520168
exon_3234.fasta,exon_3234.tre,0.473397
exon_3240.fasta,exon_3240.tre,0.892983
exon_3242.fasta,exon_3242.tre,0.752999
exon_3243.fasta,exon_3243.tre,0.793256
exon_3245.fasta,exon_3245.tre,1.051471
exon_3247.fasta,exon_3247.tre,0.640815
exon_3249.fasta,exon_3249.tre,0.601489
exon_325.fasta,exon_325.tre,0.401900
exon_3250.fasta,exon_3250.tre,0.344889
exon_3253.fasta,exon_3253.tre,0.444444
exon_3257.fasta,exon_3257.tre,0.330220
exon_3259.fasta,exon_3259.tre,0.379439
exon_3260.fasta,exon_3260.tre,1.239023
exon_3261.fasta,exon_3261.tre,0.683983
exon_3269.fasta,exon_3269.tre,0.545535
exon_3272.fasta,exon_3272.tre,0.368379
exon_3274.fasta,exon_3274.tre,0.568890
exon_3275.fasta,exon_3275.tre,0.507662
exon_3277.fasta,exon_3277.tre,0.379303
exon_3278.fasta,exon_3278.tre,7.476179
exon_3279.fasta,exon_3279.tre,0.603444
exon_3280.fasta,exon_3280.tre,0.429850
exon_3281.fasta,exon_3281.tre,0.469055
exon_3282.fasta,exon_3282.tre,0.624553
exon_3283.fasta,exon_3283.tre,0.593270
exon_3284.fasta,exon_3284.tre,0.394092
exon_3285.fasta,exon_3285.tre,0.588759
exon_3286.fasta,exon_3286.tre,0.745988
exon_3288.fasta,exon_3288.tre,0.516241
exon_3289.fasta,exon_3289.tre,0.595116
exon_329.fasta,exon_329.tre,0.648351
exon_3291.fasta,exon_3291.tre,0.568718
exon_3292.fasta,exon_3292.tre,0.427583
exon_3295.fasta,exon_3295.tre,0.621935
exon_3296.fasta,exon_3296.tre,0.599052
exon_3297.fasta,exon_3297.tre,0.552476
exon_3298.fasta,exon_3298.tre,0.487486
exon_330.fasta,exon_330.tre,0.611865
exon_3306.fasta,exon_3306.tre,1.022201
exon_3307.fasta,exon_3307.tre,0.414752
exon_3308.fasta,exon_3308.tre,2.261445
exon_331.fasta,exon_331.tre,0.347544
exon_3311.fasta,exon_3311.tre,1.064577
exon_3314.fasta,exon_3314.tre,0.513395
exon_3315.fasta,exon_3315.tre,0.567170
exon_3319.fasta,exon_3319.tre,0.641296
exon_332.fasta,exon_332.tre,0.926341
exon_3320.fasta,exon_3320.tre,0.540127
exon_3324.fasta,exon_3324.tre,0.705814
exon_3325.fasta,exon_3325.tre,0.493521
exon_3329.fasta,exon_3329.tre,0.503821
exon_333.fasta,exon_333.tre,1.022903
exon_3331.fasta,exon_3331.tre,0.406183
exon_3332.fasta,exon_3332.tre,0.460583
exon_3333.fasta,exon_3333.tre,0.614595
exon_3334.fasta,exon_3334.tre,0.381917
exon_3336.fasta,exon_3336.tre,0.458152
exon_3340.fasta,exon_3340.tre,0.482846
exon_3343.fasta,exon_3343.tre,0.547312
exon_3348.fasta,exon_3348.tre,0.667057
exon_3350.fasta,exon_3350.tre,0.585422
exon_3352.fasta,exon_3352.tre,0.532982
exon_3354.fasta,exon_3354.tre,0.538908
exon_3356.fasta,exon_3356.tre,0.338914
exon_3357.fasta,exon_3357.tre,0.599935
exon_3359.fasta,exon_3359.tre,0.657051
exon_3360.fasta,exon_3360.tre,0.479048
exon_3361.fasta,exon_3361.tre,0.403021
exon_3363.fasta,exon_3363.tre,0.720010
exon_3367.fasta,exon_3367.tre,0.596887
exon_3376.fasta,exon_3376.tre,0.578986
exon_3377.fasta,exon_3377.tre,0.470403
exon_3378.fasta,exon_3378.tre,0.595324
exon_338.fasta,exon_338.tre,0.604482
exon_3380.fasta,exon_3380.tre,0.547933
exon_3383.fasta,exon_3383.tre,0.661275
exon_3385.fasta,exon_3385.tre,0.361199
exon_3386.fasta,exon_3386.tre,0.400279
exon_3389.fasta,exon_3389.tre,0.490638
exon_339.fasta,exon_339.tre,0.411924
exon_3391.fasta,exon_3391.tre,0.458685
exon_3398.fasta,exon_3398.tre,0.343497
exon_3400.fasta,exon_3400.tre,0.572391
exon_3401.fasta,exon_3401.tre,1.163196
exon_3405.fasta,exon_3405.tre,0.635248
exon_3407.fasta,exon_3407.tre,0.594379
exon_3408.fasta,exon_3408.tre,0.437964
exon_3409.fasta,exon_3409.tre,0.933008
exon_341.fasta,exon_341.tre,0.311910
exon_3412.fasta,exon_3412.tre,0.468608
exon_3414.fasta,exon_3414.tre,1.001594
exon_3415.fasta,exon_3415.tre,0.564590
exon_3417.fasta,exon_3417.tre,0.769843
exon_3419.fasta,exon_3419.tre,0.828669
exon_342.fasta,exon_342.tre,0.623382
exon_3420.fasta,exon_3420.tre,0.362815
exon_3421.fasta,exon_3421.tre,0.444685
exon_3422.fasta,exon_3422.tre,2.270919
exon_3424.fasta,exon_3424.tre,0.635693
exon_3425.fasta,exon_3425.tre,0.485922
exon_3426.fasta,exon_3426.tre,0.650349
exon_3428.fasta,exon_3428.tre,0.629971
exon_3429.fasta,exon_3429.tre,0.604202
exon_3430.fasta,exon_3430.tre,0.823890
exon_3435.fasta,exon_3435.tre,0.502200
exon_3438.fasta,exon_3438.tre,0.663546
exon_3440.fasta,exon_3440.tre,0.661037
exon_3441.fasta,exon_3441.tre,0.648155
exon_3442.fasta,exon_3442.tre,0.464439
exon_3443.fasta,exon_3443.tre,0.460279
exon_3446.fasta,exon_3446.tre,2.710508
exon_3447.fasta,exon_3447.tre,0.628197
exon_3449.fasta,exon_3449.tre,0.480840
exon_3450.fasta,exon_3450.tre,0.593251
exon_3451.fasta,exon_3451.tre,0.394499
exon_3456.fasta,exon_3456.tre,0.506149
exon_3457.fasta,exon_3457.tre,0.579015
exon_3458.fasta,exon_3458.tre,0.567893
exon_3460.fasta,exon_3460.tre,0.488309
exon_3462.fasta,exon_3462.tre,1.009965
exon_3463.fasta,exon_3463.tre,0.505721
exon_3466.fasta,exon_3466.tre,0.526503
exon_3467.fasta,exon_3467.tre,0.487057
exon_3468.fasta,exon_3468.tre,1.282968
exon_3471.fasta,exon_3471.tre,0.398605
exon_3472.fasta,exon_3472.tre,0.652121
exon_3473.fasta,exon_3473.tre,0.384195
exon_3476.fasta,exon_3476.tre,0.449777
exon_3477.fasta,exon_3477.tre,0.498220
exon_3478.fasta,exon_3478.tre,0.602710
exon_3479.fasta,exon_3479.tre,0.504312
exon_3481.fasta,exon_3481.tre,1.382391
exon_3482.fasta,exon_3482.tre,0.519359
exon_3483.fasta,exon_3483.tre,0.521320
exon_3485.fasta,exon_3485.tre,0.570208
exon_3488.fasta,exon_3488.tre,1.623411
exon_3489.fasta,exon_3489.tre,0.503751
exon_3490.fasta,exon_3490.tre,0.656063
exon_3491.fasta,exon_3491.tre,0.685519
exon_3496.fasta,exon_3496.tre,1.344195
exon_3497.fasta,exon_3497.tre,0.366446
exon_3498.fasta,exon_3498.tre,0.495477
exon_350.fasta,exon_350.tre,0.606414
exon_3500.fasta,exon_3500.tre,1.681380
exon_3504.fasta,exon_3504.tre,0.624384
exon_3507.fasta,exon_3507.tre,1.210943
exon_3508.fasta,exon_3508.tre,0.548851
exon_3509.fasta,exon_3509.tre,0.667730
exon_351.fasta,exon_351.tre,0.434719
exon_3510.fasta,exon_3510.tre,0.779990
exon_3513.fasta,exon_3513.tre,0.654986
exon_3514.fasta,exon_3514.tre,0.475044
exon_3515.fasta,exon_3515.tre,0.302735
exon_3520.fasta,exon_3520.tre,0.503627
exon_3522.fasta,exon_3522.tre,0.511210
exon_3527.fasta,exon_3527.tre,0.505281
exon_3528.fasta,exon_3528.tre,0.453996
exon_3530.fasta,exon_3530.tre,0.998580
exon_3531.fasta,exon_3531.tre,0.694906
exon_3533.fasta,exon_3533.tre,0.650570
exon_3535.fasta,exon_3535.tre,0.405204
exon_3537.fasta,exon_3537.tre,0.548111
exon_3538.fasta,exon_3538.tre,0.617613
exon_3539.fasta,exon_3539.tre,0.551793
exon_3540.fasta,exon_3540.tre,0.593415
exon_3541.fasta,exon_3541.tre,0.556386
exon_3542.fasta,exon_3542.tre,0.552531
exon_3543.fasta,exon_3543.tre,0.509171
exon_3545.fasta,exon_3545.tre,0.675764
exon_3548.fasta,exon_3548.tre,0.631558
exon_3549.fasta,exon_3549.tre,0.452912
exon_355.fasta,exon_355.tre,0.491910
exon_3551.fasta,exon_3551.tre,0.490648
exon_3552.fasta,exon_3552.tre,0.483545
exon_3557.fasta,exon_3557.tre,0.506601
exon_356.fasta,exon_356.tre,0.429210
exon_3562.fasta,exon_3562.tre,0.738945
exon_3563.fasta,exon_3563.tre,1.537738
exon_357.fasta,exon_357.tre,0.407826
exon_3570.fasta,exon_3570.tre,2.844942
exon_3571.fasta,exon_3571.tre,1.100725
exon_3572.fasta,exon_3572.tre,0.592575
exon_3573.fasta,exon_3573.tre,0.388717
exon_3575.fasta,exon_3575.tre,0.565285
exon_3578.fasta,exon_3578.tre,0.545796
exon_3581.fasta,exon_3581.tre,0.400409
exon_3583.fasta,exon_3583.tre,0.626163
exon_3585.fasta,exon_3585.tre,0.413821
exon_3586.fasta,exon_3586.tre,1.783095
exon_3587.fasta,exon_3587.tre,1.442959
exon_3588.fasta,exon_3588.tre,0.607377
exon_3589.fasta,exon_3589.tre,2.442504
exon_3592.fasta,exon_3592.tre,0.580755
exon_3594.fasta,exon_3594.tre,0.661419
exon_3595.fasta,exon_3595.tre,0.512907
exon_3598.fasta,exon_3598.tre,1.186143
exon_360.fasta,exon_360.tre,0.518000
exon_3600.fasta,exon_3600.tre,0.538016
exon_3602.fasta,exon_3602.tre,0.796738
exon_3603.fasta,exon_3603.tre,0.547787
exon_3604.fasta,exon_3604.tre,0.641137
exon_3605.fasta,exon_3605.tre,0.578779
exon_3606.fasta,exon_3606.tre,0.570902
exon_3612.fasta,exon_3612.tre,0.893104
exon_3613.fasta,exon_3613.tre,0.536467
exon_3618.fasta,exon_3618.tre,0.424363
exon_3622.fasta,exon_3622.tre,0.525697
exon_3631.fasta,exon_3631.tre,0.493378
exon_3633.fasta,exon_3633.tre,0.356789
exon_3634.fasta,exon_3634.tre,0.367734
exon_3635.fasta,exon_3635.tre,0.666338
exon_3637.fasta,exon_3637.tre,0.553816
exon_3638.fasta,exon_3638.tre,0.489410
exon_364.fasta,exon_364.tre,0.679453
exon_3640.fasta,exon_3640.tre,0.750921
exon_3641.fasta,exon_3641.tre,0.371149
exon_3642.fasta,exon_3642.tre,0.516801
exon_3645.fasta,exon_3645.tre,0.458893
exon_3646.fasta,exon_3646.tre,0.547273
exon_3651.fasta,exon_3651.tre,1.170361
exon_3652.fasta,exon_3652.tre,0.570246
exon_3653.fasta,exon_3653.tre,0.780907
exon_3656.fasta,exon_3656.tre,0.492714
exon_3657.fasta,exon_3657.tre,0.388291
exon_3658.fasta,exon_3658.tre,1.048983
exon_3659.fasta,exon_3659.tre,0.603064
exon_3660.fasta,exon_3660.tre,0.405834
exon_3662.fasta,exon_3662.tre,0.306589
exon_3663.fasta,exon_3663.tre,0.650730
exon_3664.fasta,exon_3664.tre,0.332618
exon_3667.fasta,exon_3667.tre,0.508305
exon_3668.fasta,exon_3668.tre,0.553446
exon_3669.fasta,exon_3669.tre,0.564868
exon_367.fasta,exon_367.tre,0.531212
exon_3671.fasta,exon_3671.tre,0.400318
exon_3674.fasta,exon_3674.tre,0.605993
exon_3675.fasta,exon_3675.tre,0.623251
exon_3677.fasta,exon_3677.tre,0.563328
exon_3680.fasta,exon_3680.tre,0.533761
exon_3682.fasta,exon_3682.tre,0.499611
exon_3684.fasta,exon_3684.tre,0.454725
exon_3688.fasta,exon_3688.tre,0.664012
exon_3689.fasta,exon_3689.tre,1.242032
exon_369.fasta,exon_369.tre,1.114773
exon_3690.fasta,exon_3690.tre,0.408106
exon_3694.fasta,exon_3694.tre,0.643283
exon_3695.fasta,exon_3695.tre,0.608977
exon_3696.fasta,exon_3696.tre,2.632952
exon_3697.fasta,exon_3697.tre,0.381409
exon_3698.fasta,exon_3698.tre,0.608905
exon_3699.fasta,exon_3699.tre,0.405409
exon_37.fasta,exon_37.tre,0.468297
exon_370.fasta,exon_370.tre,0.523143
exon_3700.fasta,exon_3700.tre,0.479261
exon_3701.fasta,exon_3701.tre,1.498955
exon_3703.fasta,exon_3703.tre,1.067657
exon_3705.fasta,exon_3705.tre,0.405418
exon_3706.fasta,exon_3706.tre,0.683421
exon_3707.fasta,exon_3707.tre,0.571259
exon_3708.fasta,exon_3708.tre,0.494296
exon_3709.fasta,exon_3709.tre,0.691025
exon_371.fasta,exon_371.tre,0.444734
exon_3710.fasta,exon_3710.tre,0.433775
exon_3712.fasta,exon_3712.tre,0.526678
exon_3713.fasta,exon_3713.tre,1.021309
exon_3714.fasta,exon_3714.tre,0.567872
exon_3716.fasta,exon_3716.tre,0.466330
exon_3717.fasta,exon_3717.tre,1.992978
exon_3720.fasta,exon_3720.tre,0.541295
exon_3721.fasta,exon_3721.tre,1.220221
exon_3722.fasta,exon_3722.tre,0.529853
exon_3723.fasta,exon_3723.tre,0.489730
exon_3724.fasta,exon_3724.tre,0.578106
exon_3726.fasta,exon_3726.tre,0.458886
exon_3727.fasta,exon_3727.tre,1.150616
exon_3729.fasta,exon_3729.tre,0.539952
exon_373.fasta,exon_373.tre,0.470479
exon_3730.fasta,exon_3730.tre,0.658147
exon_3731.fasta,exon_3731.tre,0.432775
exon_3732.fasta,exon_3732.tre,0.386481
exon_3734.fasta,exon_3734.tre,0.522275
exon_3735.fasta,exon_3735.tre,0.440299
exon_3737.fasta,exon_3737.tre,0.746802
exon_3738.fasta,exon_3738.tre,0.425627
exon_3740.fasta,exon_3740.tre,0.406275
exon_3741.fasta,exon_3741.tre,0.467784
exon_3742.fasta,exon_3742.tre,0.612375
exon_3743.fasta,exon_3743.tre,0.493366
exon_3746.fasta,exon_3746.tre,0.541837
exon_3747.fasta,exon_3747.tre,0.998440
exon_3749.fasta,exon_3749.tre,0.302826
exon_3752.fasta,exon_3752.tre,0.529657
exon_3753.fasta,exon_3753.tre,0.595599
exon_3755.fasta,exon_3755.tre,0.500017
exon_3757.fasta,exon_3757.tre,0.453556
exon_376.fasta,exon_376.tre,0.650178
exon_3762.fasta,exon_3762.tre,0.931252
exon_3764.fasta,exon_3764.tre,0.501177
exon_3765.fasta,exon_3765.tre,0.698874
exon_3766.fasta,exon_3766.tre,0.518396
exon_3767.fasta,exon_3767.tre,0.474164
exon_3768.fasta,exon_3768.tre,0.419976
exon_3769.fasta,exon_3769.tre,0.497841
exon_377.fasta,exon_377.tre,0.521637
exon_3770.fasta,exon_3770.tre,0.417404
exon_3771.fasta,exon_3771.tre,0.476855
exon_3772.fasta,exon_3772.tre,0.449672
exon_3773.fasta,exon_3773.tre,0.531251
exon_3775.fasta,exon_3775.tre,0.366016
exon_3776.fasta,exon_3776.tre,0.575938
exon_3781.fasta,exon_3781.tre,0.376153
exon_3782.fasta,exon_3782.tre,0.523160
exon_3789.fasta,exon_3789.tre,0.562285
exon_3790.fasta,exon_3790.tre,0.509502
exon_3793.fasta,exon_3793.tre,0.475229
exon_3794.fasta,exon_3794.tre,0.529392
exon_3795.fasta,exon_3795.tre,0.514986
exon_3797.fasta,exon_3797.tre,0.504246
exon_380.fasta,exon_380.tre,0.513842
exon_3801.fasta,exon_3801.tre,0.619290
exon_3803.fasta,exon_3803.tre,0.499131
exon_3804.fasta,exon_3804.tre,0.378351
exon_3806.fasta,exon_3806.tre,0.495902
exon_381.fasta,exon_381.tre,0.512277
exon_3810.fasta,exon_3810.tre,0.438628
exon_3812.fasta,exon_3812.tre,0.446534
exon_3816.fasta,exon_3816.tre,0.502936
exon_3817.fasta,exon_3817.tre,0.558430
exon_3818.fasta,exon_3818.tre,0.573638
exon_382.fasta,exon_382.tre,0.584114
exon_3820.fasta,exon_3820.tre,0.481941
exon_3823.fasta,exon_3823.tre,0.450237
exon_3824.fasta,exon_3824.tre,0.845546
exon_3827.fasta,exon_3827.tre,0.375220
exon_3832.fasta,exon_3832.tre,0.587563
exon_3833.fasta,exon_3833.tre,0.549339
exon_3841.fasta,exon_3841.tre,0.463077
exon_3842.fasta,exon_3842.tre,0.670985
exon_3845.fasta,exon_3845.tre,0.724083
exon_3846.fasta,exon_3846.tre,0.607680
exon_3848.fasta,exon_3848.tre,0.391300
exon_3849.fasta,exon_3849.tre,0.633533
exon_385.fasta,exon_385.tre,0.476442
exon_3850.fasta,exon_3850.tre,0.527619
exon_3852.fasta,exon_3852.tre,1.090641
exon_3853.fasta,exon_3853.tre,0.604106
exon_3857.fasta,exon_3857.tre,0.497940
exon_386.fasta,exon_386.tre,0.549213
exon_3861.fasta,exon_3861.tre,0.829854
exon_3862.fasta,exon_3862.tre,0.516196
exon_3863.fasta,exon_3863.tre,0.451493
exon_3864.fasta,exon_3864.tre,0.510692
exon_3867.fasta,exon_3867.tre,0.523932
exon_3868.fasta,exon_3868.tre,0.936631
exon_3869.fasta,exon_3869.tre,0.900653
exon_3870.fasta,exon_3870.tre,1.129291
exon_3871.fasta,exon_3871.tre,0.600224
exon_3872.fasta,exon_3872.tre,0.849195
exon_3873.fasta,exon_3873.tre,0.604868
exon_3874.fasta,exon_3874.tre,0.795599
exon_3875.fasta,exon_3875.tre,0.517718
exon_3877.fasta,exon_3877.tre,1.036801
exon_3879.fasta,exon_3879.tre,0.456596
exon_3880.fasta,exon_3880.tre,0.522113
exon_3882.fasta,exon_3882.tre,0.639996
exon_3884.fasta,exon_3884.tre,1.269913
exon_3885.fasta,exon_3885.tre,0.544888
exon_3886.fasta,exon_3886.tre,0.520596
exon_3887.fasta,exon_3887.tre,0.485382
exon_3888.fasta,exon_3888.tre,0.633050
exon_3889.fasta,exon_3889.tre,3.116641
exon_389.fasta,exon_389.tre,0.493968
exon_3891.fasta,exon_3891.tre,0.594176
exon_3894.fasta,exon_3894.tre,1.034752
exon_3895.fasta,exon_3895.tre,0.487737
exon_3898.fasta,exon_3898.tre,0.508854
exon_39.fasta,exon_39.tre,0.344657
exon_3900.fasta,exon_3900.tre,0.368917
exon_3901.fasta,exon_3901.tre,0.356817
exon_3902.fasta,exon_3902.tre,0.497844
exon_3907.fasta,exon_3907.tre,0.589816
exon_3908.fasta,exon_3908.tre,0.499176
exon_3909.fasta,exon_3909.tre,0.488542
exon_391.fasta,exon_391.tre,0.509260
exon_3912.fasta,exon_3912.tre,0.588332
exon_3913.fasta,exon_3913.tre,0.367546
exon_3914.fasta,exon_3914.tre,0.370438
exon_3919.fasta,exon_3919.tre,0.679895
exon_392.fasta,exon_392.tre,0.447465
exon_3920.fasta,exon_3920.tre,0.367736
exon_3921.fasta,exon_3921.tre,0.539270
exon_3922.fasta,exon_3922.tre,0.673848
exon_3923.fasta,exon_3923.tre,0.496220
exon_3926.fasta,exon_3926.tre,0.611426
exon_3927.fasta,exon_3927.tre,0.380834
exon_393.fasta,exon_393.tre,0.590728
exon_3931.fasta,exon_3931.tre,0.902881
exon_3932.fasta,exon_3932.tre,0.331794
exon_3934.fasta,exon_3934.tre,0.662472
exon_3938.fasta,exon_3938.tre,0.635868
exon_3939.fasta,exon_3939.tre,0.473537
exon_3946.fasta,exon_3946.tre,0.518270
exon_3947.fasta,exon_3947.tre,0.667764
exon_3948.fasta,exon_3948.tre,0.768813
exon_3949.fasta,exon_3949.tre,0.606822
exon_395.fasta,exon_395.tre,0.380481
exon_3950.fasta,exon_3950.tre,0.731519
exon_3951.fasta,exon_3951.tre,0.533886
exon_3953.fasta,exon_3953.tre,0.574360
exon_3954.fasta,exon_3954.tre,0.536821
exon_3955.fasta,exon_3955.tre,0.783355
exon_3956.fasta,exon_3956.tre,0.338520
exon_3957.fasta,exon_3957.tre,0.632725
exon_3959.fasta,exon_3959.tre,0.483108
exon_3961.fasta,exon_3961.tre,0.554870
exon_3962.fasta,exon_3962.tre,1.891368
exon_3964.fasta,exon_3964.tre,0.567268
exon_3966.fasta,exon_3966.tre,0.419269
exon_3967.fasta,exon_3967.tre,0.412294
exon_3969.fasta,exon_3969.tre,0.412311
exon_3971.fasta,exon_3971.tre,0.663990
exon_3973.fasta,exon_3973.tre,0.686590
exon_3976.fasta,exon_3976.tre,0.855186
exon_3977.fasta,exon_3977.tre,0.357124
exon_3979.fasta,exon_3979.tre,0.577228
exon_3981.fasta,exon_3981.tre,0.506228
exon_3983.fasta,exon_3983.tre,0.449710
exon_3984.fasta,exon_3984.tre,0.551100
exon_3985.fasta,exon_3985.tre,0.315576
exon_3988.fasta,exon_3988.tre,0.358694
exon_399.fasta,exon_399.tre,0.661755
exon_3994.fasta,exon_3994.tre,0.746368
exon_3995.fasta,exon_3995.tre,0.558017
exon_3997.fasta,exon_3997.tre,0.703995
exon_3999.fasta,exon_3999.tre,1.214862
exon_4001.fasta,exon_4001.tre,0.552547
exon_4004.fasta,exon_4004.tre,0.497540
exon_4005.fasta,exon_4005.tre,0.583026
exon_401.fasta,exon_401.tre,0.561761
exon_4013.fasta,exon_4013.tre,0.523057
exon_4021.fasta,exon_4021.tre,0.452763
exon_4031.fasta,exon_4031.tre,0.652016
exon_4039.fasta,exon_4039.tre,1.382384
exon_4042.fasta,exon_4042.tre,0.464400
exon_4044.fasta,exon_4044.tre,0.756691
exon_4045.fasta,exon_4045.tre,0.522791
exon_405.fasta,exon_405.tre,0.572061
exon_4050.fasta,exon_4050.tre,0.464421
exon_4052.fasta,exon_4052.tre,0.532487
exon_4055.fasta,exon_4055.tre,0.606519
exon_4059.fasta,exon_4059.tre,0.425525
exon_4061.fasta,exon_4061.tre,0.517270
exon_4066.fasta,exon_4066.tre,0.699129
exon_4075.fasta,exon_4075.tre,0.545285
exon_4084.fasta,exon_4084.tre,0.449560
exon_4085.fasta,exon_4085.tre,0.408317
exon_4087.fasta,exon_4087.tre,0.531464
exon_409.fasta,exon_409.tre,0.755201
exon_4093.fasta,exon_4093.tre,2.022492
exon_4094.fasta,exon_4094.tre,0.386798
exon_4098.fasta,exon_4098.tre,0.393209
exon_4099.fasta,exon_4099.tre,1.132350
exon_410.fasta,exon_410.tre,0.514655
exon_4100.fasta,exon_4100.tre,0.481781
exon_4102.fasta,exon_4102.tre,0.509978
exon_4103.fasta,exon_4103.tre,0.622483
exon_4104.fasta,exon_4104.tre,0.490023
exon_4110.fasta,exon_4110.tre,1.033078
exon_4111.fasta,exon_4111.tre,0.554560
exon_4112.fasta,exon_4112.tre,0.550207
exon_4114.fasta,exon_4114.tre,0.508609
exon_4115.fasta,exon_4115.tre,0.324889
exon_4116.fasta,exon_4116.tre,0.458273
exon_4117.fasta,exon_4117.tre,0.457259
exon_4118.fasta,exon_4118.tre,0.625033
exon_4119.fasta,exon_4119.tre,1.195935
exon_4120.fasta,exon_4120.tre,0.529749
exon_4121.fasta,exon_4121.tre,0.540271
exon_4123.fasta,exon_4123.tre,0.460569
exon_4125.fasta,exon_4125.tre,0.375798
exon_4126.fasta,exon_4126.tre,0.522263
exon_4129.fasta,exon_4129.tre,0.522971
exon_413.fasta,exon_413.tre,0.484368
exon_4130.fasta,exon_4130.tre,0.519286
exon_4138.fasta,exon_4138.tre,0.478341
exon_4140.fasta,exon_4140.tre,0.375392
exon_4143.fasta,exon_4143.tre,0.667174
exon_4145.fasta,exon_4145.tre,0.494480
exon_4146.fasta,exon_4146.tre,0.401475
exon_4147.fasta,exon_4147.tre,0.406857
exon_415.fasta,exon_415.tre,0.575081
exon_4151.fasta,exon_4151.tre,0.693153
exon_4154.fasta,exon_4154.tre,0.508677
exon_4156.fasta,exon_4156.tre,0.525655
exon_4164.fasta,exon_4164.tre,0.510909
exon_4165.fasta,exon_4165.tre,0.445906
exon_4169.fasta,exon_4169.tre,1.248451
exon_417.fasta,exon_417.tre,0.822182
exon_4170.fasta,exon_4170.tre,0.747837
exon_4171.fasta,exon_4171.tre,0.597910
exon_4173.fasta,exon_4173.tre,0.789997
exon_4175.fasta,exon_4175.tre,0.525928
exon_4177.fasta,exon_4177.tre,0.412054
exon_4178.fasta,exon_4178.tre,1.032427
exon_4179.fasta,exon_4179.tre,0.519016
exon_418.fasta,exon_418.tre,0.573596
exon_4181.fasta,exon_4181.tre,0.548130
exon_4182.fasta,exon_4182.tre,0.716527
exon_4187.fasta,exon_4187.tre,0.633430
exon_4188.fasta,exon_4188.tre,0.482810
exon_4192.fasta,exon_4192.tre,0.477720
exon_4193.fasta,exon_4193.tre,0.591826
exon_4196.fasta,exon_4196.tre,0.388178
exon_4197.fasta,exon_4197.tre,0.601520
exon_4198.fasta,exon_4198.tre,0.386694
exon_4202.fasta,exon_4202.tre,0.600020
exon_4204.fasta,exon_4204.tre,0.377313
exon_4205.fasta,exon_4205.tre,0.574189
exon_4208.fasta,exon_4208.tre,0.546729
exon_421.fasta,exon_421.tre,0.580679
exon_4211.fasta,exon_4211.tre,0.608260
exon_4212.fasta,exon_4212.tre,0.367381
exon_4213.fasta,exon_4213.tre,0.484169
exon_4214.fasta,exon_4214.tre,0.593883
exon_4216.fasta,exon_4216.tre,0.517034
exon_422.fasta,exon_422.tre,0.477721
exon_4220.fasta,exon_4220.tre,0.607808
exon_4222.fasta,exon_4222.tre,0.506207
exon_4224.fasta,exon_4224.tre,0.581084
exon_4225.fasta,exon_4225.tre,0.403112
exon_4227.fasta,exon_4227.tre,0.495820
exon_4228.fasta,exon_4228.tre,0.389322
exon_423.fasta,exon_423.tre,0.499358
exon_4231.fasta,exon_4231.tre,0.640194
exon_4234.fasta,exon_4234.tre,0.347254
exon_4235.fasta,exon_4235.tre,0.742762
exon_4239.fasta,exon_4239.tre,0.492139
exon_424.fasta,exon_424.tre,0.356867
exon_4241.fasta,exon_4241.tre,0.830309
exon_4242.fasta,exon_4242.tre,0.499441
exon_4243.fasta,exon_4243.tre,0.560608
exon_4244.fasta,exon_4244.tre,0.462224
exon_4256.fasta,exon_4256.tre,0.504332
exon_4259.fasta,exon_4259.tre,0.474324
exon_426.fasta,exon_426.tre,0.451475
exon_4260.fasta,exon_4260.tre,0.468496
exon_4268.fasta,exon_4268.tre,0.432838
exon_4269.fasta,exon_4269.tre,0.521437
exon_427.fasta,exon_427.tre,0.425029
exon_4270.fasta,exon_4270.tre,0.544020
exon_4271.fasta,exon_4271.tre,0.565392
exon_4272.fasta,exon_4272.tre,0.638494
exon_4274.fasta,exon_4274.tre,0.516450
exon_4275.fasta,exon_4275.tre,0.407505
exon_4280.fasta,exon_4280.tre,0.343512
exon_4281.fasta,exon_4281.tre,1.242741
exon_4282.fasta,exon_4282.tre,0.868750
exon_4287.fasta,exon_4287.tre,0.578294
exon_4288.fasta,exon_4288.tre,1.264728
exon_429.fasta,exon_429.tre,0.519653
exon_4295.fasta,exon_4295.tre,0.465951
exon_4296.fasta,exon_4296.tre,0.520795
exon_4299.fasta,exon_4299.tre,0.656360
exon_4302.fasta,exon_4302.tre,0.687256
exon_4305.fasta,exon_4305.tre,0.301369
exon_4307.fasta,exon_4307.tre,0.566177
exon_4310.fasta,exon_4310.tre,0.577146
exon_4312.fasta,exon_4312.tre,0.441539
exon_4313.fasta,exon_4313.tre,0.506950
exon_4314.fasta,exon_4314.tre,0.546276
exon_4315.fasta,exon_4315.tre,3.483110
exon_4319.fasta,exon_4319.tre,0.451444
exon_432.fasta,exon_432.tre,0.680928
exon_4324.fasta,exon_4324.tre,0.421023
exon_4326.fasta,exon_4326.tre,0.553362
exon_4340.fasta,exon_4340.tre,0.531897
exon_4342.fasta,exon_4342.tre,0.592119
exon_4345.fasta,exon_4345.tre,2.133778
exon_4346.fasta,exon_4346.tre,0.388743
exon_4347.fasta,exon_4347.tre,0.366159
exon_4348.fasta,exon_4348.tre,0.391338
exon_4349.fasta,exon_4349.tre,0.724624
exon_435.fasta,exon_435.tre,0.359272
exon_4354.fasta,exon_4354.tre,0.542249
exon_4356.fasta,exon_4356.tre,1.348728
exon_4357.fasta,exon_4357.tre,0.862042
exon_436.fasta,exon_436.tre,0.837924
exon_4363.fasta,exon_4363.tre,0.465742
exon_4364.fasta,exon_4364.tre,0.687329
exon_4366.fasta,exon_4366.tre,1.074777
exon_437.fasta,exon_437.tre,0.459662
exon_4371.fasta,exon_4371.tre,0.705301
exon_4373.fasta,exon_4373.tre,0.585507
exon_4375.fasta,exon_4375.tre,0.571173
exon_438.fasta,exon_438.tre,0.396681
exon_4381.fasta,exon_4381.tre,0.454911
exon_4385.fasta,exon_4385.tre,0.448398
exon_4386.fasta,exon_4386.tre,0.381087
exon_4387.fasta,exon_4387.tre,0.484227
exon_4391.fasta,exon_4391.tre,0.514582
exon_4392.fasta,exon_4392.tre,0.635809
exon_4393.fasta,exon_4393.tre,0.408494
exon_4398.fasta,exon_4398.tre,0.739735
exon_44.fasta,exon_44.tre,0.601140
exon_4401.fasta,exon_4401.tre,0.489743
exon_4402.fasta,exon_4402.tre,0.502779
exon_4404.fasta,exon_4404.tre,0.524360
exon_4406.fasta,exon_4406.tre,0.502922
exon_4409.fasta,exon_4409.tre,0.968087
exon_4413.fasta,exon_4413.tre,0.394428
exon_4414.fasta,exon_4414.tre,0.587716
exon_4416.fasta,exon_4416.tre,0.389807
exon_4417.fasta,exon_4417.tre,0.360349
exon_4419.fasta,exon_4419.tre,0.880078
exon_4421.fasta,exon_4421.tre,0.552698
exon_4425.fasta,exon_4425.tre,0.521793
exon_4426.fasta,exon_4426.tre,0.696035
exon_4429.fasta,exon_4429.tre,0.605124
exon_4431.fasta,exon_4431.tre,0.375646
exon_4432.fasta,exon_4432.tre,0.579602
exon_4436.fasta,exon_4436.tre,0.445997
exon_4439.fasta,exon_4439.tre,0.812364
exon_444.fasta,exon_444.tre,0.376029
exon_4443.fasta,exon_4443.tre,0.591236
exon_4444.fasta,exon_4444.tre,0.464855
exon_4446.fasta,exon_4446.tre,0.459069
exon_4448.fasta,exon_4448.tre,0.643074
exon_4449.fasta,exon_4449.tre,0.502078
exon_4450.fasta,exon_4450.tre,0.426876
exon_4452.fasta,exon_4452.tre,1.028130
exon_4453.fasta,exon_4453.tre,1.109226
exon_4454.fasta,exon_4454.tre,0.418823
exon_4455.fasta,exon_4455.tre,0.541220
exon_4456.fasta,exon_4456.tre,1.366092
exon_4458.fasta,exon_4458.tre,0.842571
exon_446.fasta,exon_446.tre,0.543840
exon_4464.fasta,exon_4464.tre,0.532390
exon_4468.fasta,exon_4468.tre,1.234138
exon_447.fasta,exon_447.tre,1.019961
exon_4474.fasta,exon_4474.tre,0.514785
exon_4475.fasta,exon_4475.tre,0.541240
exon_4476.fasta,exon_4476.tre,0.745410
exon_4478.fasta,exon_4478.tre,0.602290
exon_4479.fasta,exon_4479.tre,0.960830
exon_448.fasta,exon_448.tre,0.349617
exon_4480.fasta,exon_4480.tre,0.605749
exon_4487.fasta,exon_4487.tre,0.747929
exon_449.fasta,exon_449.tre,0.461905
exon_4496.fasta,exon_4496.tre,0.587027
exon_4497.fasta,exon_4497.tre,0.525050
exon_4499.fasta,exon_4499.tre,0.516017
exon_4500.fasta,exon_4500.tre,0.358934
exon_4502.fasta,exon_4502.tre,0.541322
exon_4504.fasta,exon_4504.tre,0.562718
exon_4506.fasta,exon_4506.tre,1.044513
exon_4507.fasta,exon_4507.tre,0.619873
exon_4509.fasta,exon_4509.tre,0.619841
exon_451.fasta,exon_451.tre,0.516077
exon_4510.fasta,exon_4510.tre,0.479068
exon_4512.fasta,exon_4512.tre,0.276369
exon_4513.fasta,exon_4513.tre,0.524348
exon_4515.fasta,exon_4515.tre,0.600395
exon_4521.fasta,exon_4521.tre,0.479319
exon_4523.fasta,exon_4523.tre,0.643600
exon_4527.fasta,exon_4527.tre,0.371093
exon_4529.fasta,exon_4529.tre,0.484154
exon_453.fasta,exon_453.tre,0.562971
exon_4530.fasta,exon_4530.tre,0.728216
exon_4532.fasta,exon_4532.tre,0.576626
exon_4534.fasta,exon_4534.tre,0.734597
exon_4537.fasta,exon_4537.tre,0.555622
exon_4539.fasta,exon_4539.tre,0.387479
exon_4543.fasta,exon_4543.tre,0.496714
exon_4549.fasta,exon_4549.tre,0.447443
exon_4551.fasta,exon_4551.tre,0.422543
exon_4553.fasta,exon_4553.tre,0.418429
exon_4554.fasta,exon_4554.tre,0.516069
exon_4556.fasta,exon_4556.tre,2.534655
exon_4557.fasta,exon_4557.tre,0.422440
exon_4559.fasta,exon_4559.tre,0.679030
exon_4561.fasta,exon_4561.tre,0.634765
exon_4562.fasta,exon_4562.tre,0.462555
exon_4563.fasta,exon_4563.tre,0.525851
exon_4564.fasta,exon_4564.tre,0.471120
exon_4565.fasta,exon_4565.tre,0.526481
exon_4566.fasta,exon_4566.tre,0.504935
exon_4567.fasta,exon_4567.tre,0.415038
exon_4572.fasta,exon_4572.tre,0.609820
exon_4573.fasta,exon_4573.tre,0.677266
exon_4576.fasta,exon_4576.tre,1.279070
exon_4577.fasta,exon_4577.tre,0.426653
exon_4580.fasta,exon_4580.tre,0.552691
exon_4581.fasta,exon_4581.tre,0.506684
exon_4586.fasta,exon_4586.tre,0.613844
exon_4587.fasta,exon_4587.tre,0.526632
exon_4590.fasta,exon_4590.tre,0.441289
exon_4591.fasta,exon_4591.tre,0.514370
exon_4594.fasta,exon_4594.tre,1.898866
exon_4597.fasta,exon_4597.tre,0.433797
exon_4599.fasta,exon_4599.tre,0.429454
exon_4600.fasta,exon_4600.tre,0.473478
exon_4604.fasta,exon_4604.tre,0.348391
exon_4605.fasta,exon_4605.tre,0.370812
exon_4606.fasta,exon_4606.tre,0.564008
exon_461.fasta,exon_461.tre,0.546971
exon_4610.fasta,exon_4610.tre,0.527328
exon_4611.fasta,exon_4611.tre,0.503225
exon_4613.fasta,exon_4613.tre,0.443115
exon_4614.fasta,exon_4614.tre,1.369447
exon_4615.fasta,exon_4615.tre,0.671289
exon_4616.fasta,exon_4616.tre,0.471263
exon_4617.fasta,exon_4617.tre,0.479545
exon_4619.fasta,exon_4619.tre,0.427805
exon_4622.fasta,exon_4622.tre,0.467023
exon_4625.fasta,exon_4625.tre,0.467800
exon_4626.fasta,exon_4626.tre,0.339289
exon_4627.fasta,exon_4627.tre,0.463261
exon_4629.fasta,exon_4629.tre,0.407914
exon_4630.fasta,exon_4630.tre,0.423450
exon_4631.fasta,exon_4631.tre,0.517798
exon_4632.fasta,exon_4632.tre,0.582711
exon_4635.fasta,exon_4635.tre,0.409481
exon_4636.fasta,exon_4636.tre,0.752102
exon_4639.fasta,exon_4639.tre,0.640012
exon_464.fasta,exon_464.tre,1.108334
exon_4641.fasta,exon_4641.tre,0.491698
exon_4643.fasta,exon_4643.tre,0.322778
exon_4644.fasta,exon_4644.tre,0.828596
exon_4645.fasta,exon_4645.tre,0.508394
exon_4648.fasta,exon_4648.tre,0.644715
exon_4650.fasta,exon_4650.tre,1.223558
exon_4651.fasta,exon_4651.tre,0.405637
exon_4654.fasta,exon_4654.tre,0.337043
exon_4655.fasta,exon_4655.tre,0.650098
exon_4657.fasta,exon_4657.tre,0.905333
exon_4658.fasta,exon_4658.tre,0.477303
exon_466.fasta,exon_466.tre,0.775645
exon_4660.fasta,exon_4660.tre,0.482883
exon_4661.fasta,exon_4661.tre,0.575745
exon_4662.fasta,exon_4662.tre,0.548390
exon_4663.fasta,exon_4663.tre,2.322008
exon_4666.fasta,exon_4666.tre,0.504714
exon_4668.fasta,exon_4668.tre,0.959791
exon_4669.fasta,exon_4669.tre,0.593853
exon_467.fasta,exon_467.tre,0.503247
exon_4670.fasta,exon_4670.tre,0.628494
exon_4671.fasta,exon_4671.tre,0.488028
exon_4672.fasta,exon_4672.tre,0.548038
exon_4673.fasta,exon_4673.tre,0.483619
exon_4674.fasta,exon_4674.tre,0.503274
exon_4675.fasta,exon_4675.tre,0.781097
exon_4676.fasta,exon_4676.tre,0.401054
exon_4681.fasta,exon_4681.tre,0.944886
exon_4682.fasta,exon_4682.tre,0.476884
exon_4683.fasta,exon_4683.tre,0.397772
exon_4686.fasta,exon_4686.tre,0.649122
exon_4687.fasta,exon_4687.tre,0.526306
exon_4688.fasta,exon_4688.tre,0.339111
exon_4689.fasta,exon_4689.tre,0.526195
exon_4690.fasta,exon_4690.tre,0.413634
exon_4691.fasta,exon_4691.tre,0.344949
exon_4693.fasta,exon_4693.tre,0.463143
exon_4694.fasta,exon_4694.tre,0.380036
exon_4699.fasta,exon_4699.tre,0.507465
exon_470.fasta,exon_470.tre,0.689383
exon_4701.fasta,exon_4701.tre,0.466692
exon_4706.fasta,exon_4706.tre,0.500398
exon_4707.fasta,exon_4707.tre,0.511634
exon_4710.fasta,exon_4710.tre,0.479643
exon_4711.fasta,exon_4711.tre,0.513752
exon_4713.fasta,exon_4713.tre,0.472491
exon_4719.fasta,exon_4719.tre,0.497447
exon_4720.fasta,exon_4720.tre,0.613796
exon_4731.fasta,exon_4731.tre,0.443676
exon_4733.fasta,exon_4733.tre,0.349887
exon_4737.fasta,exon_4737.tre,0.475277
exon_4743.fasta,exon_4743.tre,0.920576
exon_4744.fasta,exon_4744.tre,0.651124
exon_4745.fasta,exon_4745.tre,0.357092
exon_4749.fasta,exon_4749.tre,0.462479
exon_475.fasta,exon_475.tre,0.434013
exon_4752.fasta,exon_4752.tre,0.569496
exon_4763.fasta,exon_4763.tre,0.592551
exon_4764.fasta,exon_4764.tre,1.439681
exon_4766.fasta,exon_4766.tre,0.569453
exon_4768.fasta,exon_4768.tre,0.688768
exon_4769.fasta,exon_4769.tre,0.528466
exon_477.fasta,exon_477.tre,0.460860
exon_4771.fasta,exon_4771.tre,0.819238
exon_4772.fasta,exon_4772.tre,0.382182
exon_4775.fasta,exon_4775.tre,0.929745
exon_4778.fasta,exon_4778.tre,0.432728
exon_4780.fasta,exon_4780.tre,1.244738
exon_4781.fasta,exon_4781.tre,0.485535
exon_4782.fasta,exon_4782.tre,0.650934
exon_4783.fasta,exon_4783.tre,0.641964
exon_4784.fasta,exon_4784.tre,0.388456
exon_4785.fasta,exon_4785.tre,0.458276
exon_4789.fasta,exon_4789.tre,0.623322
exon_4790.fasta,exon_4790.tre,0.497910
exon_4791.fasta,exon_4791.tre,0.458706
exon_4792.fasta,exon_4792.tre,0.344234
exon_4794.fasta,exon_4794.tre,0.503336
exon_4797.fasta,exon_4797.tre,0.512101
exon_4798.fasta,exon_4798.tre,0.675355
exon_4799.fasta,exon_4799.tre,0.966464
exon_480.fasta,exon_480.tre,0.661480
exon_4802.fasta,exon_4802.tre,0.698895
exon_4805.fasta,exon_4805.tre,0.350121
exon_4807.fasta,exon_4807.tre,0.360262
exon_4808.fasta,exon_4808.tre,0.766934
exon_4809.fasta,exon_4809.tre,0.426884
exon_481.fasta,exon_481.tre,0.397783
exon_4811.fasta,exon_4811.tre,0.528950
exon_4814.fasta,exon_4814.tre,0.452148
exon_4818.fasta,exon_4818.tre,0.691674
exon_4819.fasta,exon_4819.tre,0.444097
exon_482.fasta,exon_482.tre,1.428042
exon_4823.fasta,exon_4823.tre,1.569504
exon_4825.fasta,exon_4825.tre,0.414305
exon_4827.fasta,exon_4827.tre,0.808829
exon_483.fasta,exon_483.tre,0.553802
exon_4834.fasta,exon_4834.tre,0.582090
exon_4835.fasta,exon_4835.tre,0.668686
exon_4838.fasta,exon_4838.tre,1.366105
exon_4839.fasta,exon_4839.tre,0.630583
exon_484.fasta,exon_484.tre,0.437469
exon_4840.fasta,exon_4840.tre,0.539830
exon_4842.fasta,exon_4842.tre,0.408619
exon_4843.fasta,exon_4843.tre,0.666451
exon_4844.fasta,exon_4844.tre,0.520573
exon_485.fasta,exon_485.tre,0.402806
exon_4851.fasta,exon_4851.tre,0.417725
exon_4852.fasta,exon_4852.tre,0.921727
exon_4857.fasta,exon_4857.tre,0.309546
exon_4860.fasta,exon_4860.tre,0.425513
exon_4863.fasta,exon_4863.tre,0.363527
exon_4865.fasta,exon_4865.tre,0.512449
exon_4872.fasta,exon_4872.tre,0.428631
exon_4877.fasta,exon_4877.tre,0.530446
exon_4879.fasta,exon_4879.tre,0.496477
exon_488.fasta,exon_488.tre,0.613123
exon_4880.fasta,exon_4880.tre,0.534694
exon_4881.fasta,exon_4881.tre,0.474754
exon_4885.fasta,exon_4885.tre,0.484983
exon_4886.fasta,exon_4886.tre,0.507288
exon_4887.fasta,exon_4887.tre,0.636785
exon_4888.fasta,exon_4888.tre,0.488915
exon_4889.fasta,exon_4889.tre,5.355253
exon_489.fasta,exon_489.tre,0.480249
exon_4892.fasta,exon_4892.tre,0.631298
exon_4893.fasta,exon_4893.tre,0.600293
exon_4895.fasta,exon_4895.tre,0.641428
exon_4897.fasta,exon_4897.tre,0.571357
exon_4900.fasta,exon_4900.tre,0.476653
exon_4902.fasta,exon_4902.tre,0.343925
exon_4903.fasta,exon_4903.tre,0.423328
exon_4904.fasta,exon_4904.tre,0.703963
exon_4905.fasta,exon_4905.tre,0.582943
exon_4906.fasta,exon_4906.tre,1.048705
exon_4907.fasta,exon_4907.tre,0.486972
exon_4910.fasta,exon_4910.tre,1.574887
exon_4912.fasta,exon_4912.tre,0.514787
exon_4914.fasta,exon_4914.tre,0.604159
exon_4916.fasta,exon_4916.tre,0.558538
exon_4917.fasta,exon_4917.tre,0.526255
exon_4919.fasta,exon_4919.tre,1.195272
exon_492.fasta,exon_492.tre,0.633404
exon_4920.fasta,exon_4920.tre,0.706726
exon_4921.fasta,exon_4921.tre,0.559103
exon_4923.fasta,exon_4923.tre,0.547695
exon_4925.fasta,exon_4925.tre,0.426940
exon_4926.fasta,exon_4926.tre,0.325881
exon_4927.fasta,exon_4927.tre,1.438931
exon_493.fasta,exon_493.tre,0.424809
exon_4930.fasta,exon_4930.tre,0.520831
exon_4931.fasta,exon_4931.tre,0.704662
exon_4932.fasta,exon_4932.tre,0.504989
exon_4933.fasta,exon_4933.tre,0.664763
exon_4934.fasta,exon_4934.tre,0.663674
exon_4939.fasta,exon_4939.tre,0.469916
exon_494.fasta,exon_494.tre,0.416667
exon_4940.fasta,exon_4940.tre,0.513232
exon_4941.fasta,exon_4941.tre,0.526361
exon_4942.fasta,exon_4942.tre,0.780366
exon_4944.fasta,exon_4944.tre,1.077091
exon_4945.fasta,exon_4945.tre,0.540826
exon_4946.fasta,exon_4946.tre,0.531316
exon_4948.fasta,exon_4948.tre,0.385595
exon_4949.fasta,exon_4949.tre,0.624724
exon_4951.fasta,exon_4951.tre,0.471537
exon_4952.fasta,exon_4952.tre,0.573765
exon_496.fasta,exon_496.tre,0.959448
exon_4963.fasta,exon_4963.tre,0.422797
exon_4965.fasta,exon_4965.tre,0.500776
exon_4966.fasta,exon_4966.tre,0.560429
exon_4968.fasta,exon_4968.tre,0.319871
exon_497.fasta,exon_497.tre,0.563557
exon_4971.fasta,exon_4971.tre,0.557130
exon_4972.fasta,exon_4972.tre,0.592743
exon_4975.fasta,exon_4975.tre,0.442981
exon_4978.fasta,exon_4978.tre,0.461421
exon_4979.fasta,exon_4979.tre,0.503738
exon_498.fasta,exon_498.tre,0.547605
exon_4981.fasta,exon_4981.tre,0.462726
exon_4982.fasta,exon_4982.tre,0.687035
exon_4984.fasta,exon_4984.tre,1.511010
exon_4987.fasta,exon_4987.tre,0.552778
exon_4989.fasta,exon_4989.tre,0.526644
exon_499.fasta,exon_499.tre,0.472020
exon_4992.fasta,exon_4992.tre,0.557815
exon_4993.fasta,exon_4993.tre,0.450945
exon_4994.fasta,exon_4994.tre,0.670060
exon_4997.fasta,exon_4997.tre,0.440935
exon_4998.fasta,exon_4998.tre,0.568034
exon_4999.fasta,exon_4999.tre,1.206764
exon_5.fasta,exon_5.tre,0.647787
exon_5001.fasta,exon_5001.tre,0.499584
exon_5002.fasta,exon_5002.tre,0.318520
exon_5003.fasta,exon_5003.tre,0.469887
exon_5004.fasta,exon_5004.tre,0.555175
exon_5006.fasta,exon_5006.tre,0.649723
exon_5007.fasta,exon_5007.tre,0.472784
exon_5008.fasta,exon_5008.tre,0.451846
exon_5009.fasta,exon_5009.tre,0.633175
exon_5013.fasta,exon_5013.tre,0.372881
exon_5014.fasta,exon_5014.tre,0.384617
exon_5015.fasta,exon_5015.tre,0.514260
exon_5016.fasta,exon_5016.tre,0.358387
exon_5017.fasta,exon_5017.tre,0.980596
exon_5018.fasta,exon_5018.tre,0.346081
exon_5020.fasta,exon_5020.tre,1.205082
exon_5022.fasta,exon_5022.tre,0.313256
exon_5023.fasta,exon_5023.tre,0.501852
exon_5027.fasta,exon_5027.tre,0.576595
exon_5028.fasta,exon_5028.tre,6.778189
exon_5029.fasta,exon_5029.tre,0.376260
exon_5030.fasta,exon_5030.tre,0.946935
exon_5031.fasta,exon_5031.tre,0.528408
exon_5032.fasta,exon_5032.tre,0.683540
exon_5036.fasta,exon_5036.tre,0.686681
exon_5037.fasta,exon_5037.tre,0.644755
exon_504.fasta,exon_504.tre,0.592520
exon_5040.fasta,exon_5040.tre,0.484738
exon_5041.fasta,exon_5041.tre,0.401854
exon_5042.fasta,exon_5042.tre,0.485712
exon_5044.fasta,exon_5044.tre,0.427063
exon_5048.fasta,exon_5048.tre,0.475551
exon_505.fasta,exon_505.tre,0.531795
exon_5050.fasta,exon_5050.tre,0.404235
exon_5051.fasta,exon_5051.tre,0.505479
exon_5052.fasta,exon_5052.tre,0.551925
exon_5053.fasta,exon_5053.tre,0.459806
exon_5054.fasta,exon_5054.tre,0.807390
exon_5056.fasta,exon_5056.tre,0.544736
exon_5060.fasta,exon_5060.tre,0.473024
exon_5063.fasta,exon_5063.tre,0.590841
exon_5064.fasta,exon_5064.tre,0.588167
exon_507.fasta,exon_507.tre,0.528164
exon_5070.fasta,exon_5070.tre,0.519616
exon_5071.fasta,exon_5071.tre,0.486567
exon_5073.fasta,exon_5073.tre,1.455882
exon_5075.fasta,exon_5075.tre,0.537786
exon_5078.fasta,exon_5078.tre,0.491481
exon_508.fasta,exon_508.tre,0.510069
exon_5084.fasta,exon_5084.tre,0.515861
exon_51.fasta,exon_51.tre,0.529160
exon_510.fasta,exon_510.tre,0.552708
exon_5103.fasta,exon_5103.tre,0.371537
exon_5104.fasta,exon_5104.tre,0.330677
exon_5107.fasta,exon_5107.tre,0.343000
exon_5109.fasta,exon_5109.tre,0.489092
exon_511.fasta,exon_511.tre,0.640453
exon_5110.fasta,exon_5110.tre,0.364197
exon_5111.fasta,exon_5111.tre,0.880266
exon_5114.fasta,exon_5114.tre,0.551497
exon_512.fasta,exon_512.tre,0.514203
exon_5124.fasta,exon_5124.tre,0.375117
exon_5131.fasta,exon_5131.tre,0.337868
exon_5134.fasta,exon_5134.tre,0.489693
exon_5136.fasta,exon_5136.tre,0.541343
exon_514.fasta,exon_514.tre,0.618939
exon_5142.fasta,exon_5142.tre,0.592551
exon_5147.fasta,exon_5147.tre,0.574166
exon_5149.fasta,exon_5149.tre,0.560777
exon_515.fasta,exon_515.tre,0.586064
exon_5159.fasta,exon_5159.tre,0.297299
exon_516.fasta,exon_516.tre,0.401247
exon_5167.fasta,exon_5167.tre,0.371312
exon_5177.fasta,exon_5177.tre,1.016723
exon_518.fasta,exon_518.tre,0.331907
exon_5180.fasta,exon_5180.tre,0.447112
exon_5183.fasta,exon_5183.tre,0.873734
exon_5184.fasta,exon_5184.tre,0.331502
exon_5188.fasta,exon_5188.tre,1.071877
exon_519.fasta,exon_519.tre,0.546389
exon_5192.fasta,exon_5192.tre,0.547582
exon_5194.fasta,exon_5194.tre,0.537751
exon_5198.fasta,exon_5198.tre,0.423531
exon_520.fasta,exon_520.tre,0.415415
exon_521.fasta,exon_521.tre,0.616075
exon_5218.fasta,exon_5218.tre,0.397466
exon_5219.fasta,exon_5219.tre,0.565561
exon_5220.fasta,exon_5220.tre,0.273236
exon_5230.fasta,exon_5230.tre,0.569602
exon_5235.fasta,exon_5235.tre,0.702211
exon_5239.fasta,exon_5239.tre,0.351959
exon_524.fasta,exon_524.tre,0.514956
exon_5240.fasta,exon_5240.tre,0.457376
exon_5243.fasta,exon_5243.tre,0.312336
exon_5246.fasta,exon_5246.tre,0.379311
exon_525.fasta,exon_525.tre,0.822936
exon_526.fasta,exon_526.tre,0.513185
exon_5264.fasta,exon_5264.tre,0.556920
exon_5268.fasta,exon_5268.tre,0.408267
exon_527.fasta,exon_527.tre,0.530249
exon_5279.fasta,exon_5279.tre,0.511926
exon_5281.fasta,exon_5281.tre,0.408862
exon_5284.fasta,exon_5284.tre,0.419064
exon_5286.fasta,exon_5286.tre,0.562554
exon_5290.fasta,exon_5290.tre,0.630731
exon_5291.fasta,exon_5291.tre,1.035695
exon_5293.fasta,exon_5293.tre,0.499497
exon_5298.fasta,exon_5298.tre,0.478666
exon_5299.fasta,exon_5299.tre,0.480616
exon_53.fasta,exon_53.tre,0.359813
exon_5303.fasta,exon_5303.tre,0.404738
exon_5309.fasta,exon_5309.tre,0.602783
exon_5311.fasta,exon_5311.tre,0.617551
exon_5315.fasta,exon_5315.tre,0.401760
exon_5318.fasta,exon_5318.tre,0.395744
exon_5320.fasta,exon_5320.tre,0.531816
exon_5326.fasta,exon_5326.tre,0.529485
exon_5329.fasta,exon_5329.tre,0.548185
exon_533.fasta,exon_533.tre,1.108626
exon_5331.fasta,exon_5331.tre,0.325668
exon_5339.fasta,exon_5339.tre,0.480264
exon_534.fasta,exon_534.tre,0.656758
exon_5353.fasta,exon_5353.tre,0.615511
exon_536.fasta,exon_536.tre,0.602308
exon_5364.fasta,exon_5364.tre,0.354843
exon_5365.fasta,exon_5365.tre,0.690875
exon_5366.fasta,exon_5366.tre,0.483048
exon_5367.fasta,exon_5367.tre,0.556354
exon_5369.fasta,exon_5369.tre,0.555978
exon_5373.fasta,exon_5373.tre,0.484201
exon_5375.fasta,exon_5375.tre,0.443021
exon_5386.fasta,exon_5386.tre,0.396142
exon_5392.fasta,exon_5392.tre,0.627430
exon_5396.fasta,exon_5396.tre,0.351824
exon_5399.fasta,exon_5399.tre,0.346170
exon_54.fasta,exon_54.tre,3.293839
exon_5400.fasta,exon_5400.tre,0.627217
exon_5407.fasta,exon_5407.tre,0.447926
exon_5410.fasta,exon_5410.tre,0.486626
exon_5411.fasta,exon_5411.tre,0.479461
exon_5419.fasta,exon_5419.tre,0.499565
exon_5420.fasta,exon_5420.tre,0.328270
exon_5425.fasta,exon_5425.tre,0.505278
exon_5432.fasta,exon_5432.tre,0.620147
exon_5449.fasta,exon_5449.tre,0.369336
exon_5453.fasta,exon_5453.tre,0.595523
exon_5460.fasta,exon_5460.tre,0.482961
exon_5462.fasta,exon_5462.tre,0.383126
exon_5464.fasta,exon_5464.tre,0.695724
exon_5469.fasta,exon_5469.tre,1.091021
exon_5472.fasta,exon_5472.tre,0.488486
exon_5481.fasta,exon_5481.tre,0.374784
exon_5483.fasta,exon_5483.tre,0.446555
exon_5489.fasta,exon_5489.tre,0.443180
exon_549.fasta,exon_549.tre,0.616610
exon_5490.fasta,exon_5490.tre,0.463256
exon_5492.fasta,exon_5492.tre,0.479870
exon_5494.fasta,exon_5494.tre,0.436285
exon_5498.fasta,exon_5498.tre,0.412976
exon_5499.fasta,exon_5499.tre,1.053905
exon_550.fasta,exon_550.tre,0.532673
exon_5504.fasta,exon_5504.tre,0.484270
exon_551.fasta,exon_551.tre,0.573777
exon_5510.fasta,exon_5510.tre,0.413190
exon_5512.fasta,exon_5512.tre,0.479286
exon_5513.fasta,exon_5513.tre,0.435238
exon_5518.fasta,exon_5518.tre,1.211386
exon_5521.fasta,exon_5521.tre,0.553667
exon_5527.fasta,exon_5527.tre,0.305309
exon_5528.fasta,exon_5528.tre,0.493842
exon_553.fasta,exon_553.tre,0.513150
exon_5530.fasta,exon_5530.tre,0.429656
exon_5531.fasta,exon_5531.tre,0.702036
exon_5532.fasta,exon_5532.tre,0.343359
exon_5536.fasta,exon_5536.tre,0.646588
exon_5539.fasta,exon_5539.tre,0.487656
exon_5541.fasta,exon_5541.tre,0.796581
exon_5543.fasta,exon_5543.tre,0.450391
exon_5545.fasta,exon_5545.tre,0.539885
exon_5546.fasta,exon_5546.tre,0.375381
exon_5547.fasta,exon_5547.tre,0.477815
exon_5548.fasta,exon_5548.tre,0.607225
exon_5549.fasta,exon_5549.tre,0.419059
exon_5553.fasta,exon_5553.tre,0.321624
exon_5554.fasta,exon_5554.tre,0.553705
exon_5559.fasta,exon_5559.tre,0.561148
exon_5561.fasta,exon_5561.tre,0.423812
exon_5562.fasta,exon_5562.tre,0.520598
exon_5565.fasta,exon_5565.tre,0.359015
exon_5566.fasta,exon_5566.tre,0.354930
exon_557.fasta,exon_557.tre,1.420158
exon_5576.fasta,exon_5576.tre,0.618349
exon_559.fasta,exon_559.tre,0.427892
exon_5596.fasta,exon_5596.tre,1.151636
exon_5597.fasta,exon_5597.tre,0.502331
exon_56.fasta,exon_56.tre,0.504308
exon_560.fasta,exon_560.tre,0.500378
exon_5602.fasta,exon_5602.tre,0.602939
exon_5606.fasta,exon_5606.tre,1.719496
exon_5610.fasta,exon_5610.tre,0.387777
exon_5613.fasta,exon_5613.tre,0.351243
exon_563.fasta,exon_563.tre,0.631149
exon_5631.fasta,exon_5631.tre,0.485740
exon_5634.fasta,exon_5634.tre,0.406053
exon_5638.fasta,exon_5638.tre,0.374298
exon_5640.fasta,exon_5640.tre,0.427317
exon_5641.fasta,exon_5641.tre,0.539015
exon_5643.fasta,exon_5643.tre,0.443739
exon_5646.fasta,exon_5646.tre,0.559360
exon_565.fasta,exon_565.tre,0.448354
exon_5650.fasta,exon_5650.tre,0.421616
exon_5654.fasta,exon_5654.tre,0.321849
exon_5656.fasta,exon_5656.tre,0.337682
exon_5658.fasta,exon_5658.tre,0.443953
exon_5664.fasta,exon_5664.tre,0.362956
exon_5667.fasta,exon_5667.tre,0.309715
exon_5670.fasta,exon_5670.tre,0.625164
exon_5675.fasta,exon_5675.tre,0.569434
exon_5681.fasta,exon_5681.tre,0.752648
exon_5683.fasta,exon_5683.tre,0.532882
exon_5686.fasta,exon_5686.tre,0.497917
exon_5689.fasta,exon_5689.tre,0.396732
exon_569.fasta,exon_569.tre,1.014954
exon_5697.fasta,exon_5697.tre,0.647996
exon_5699.fasta,exon_5699.tre,0.888516
exon_57.fasta,exon_57.tre,0.403587
exon_570.fasta,exon_570.tre,1.110144
exon_5702.fasta,exon_5702.tre,0.458167
exon_5703.fasta,exon_5703.tre,0.504306
exon_5705.fasta,exon_5705.tre,0.638409
exon_5707.fasta,exon_5707.tre,0.620948
exon_5711.fasta,exon_5711.tre,0.395257
exon_5717.fasta,exon_5717.tre,0.491970
exon_5718.fasta,exon_5718.tre,0.439405
exon_572.fasta,exon_572.tre,0.781531
exon_5722.fasta,exon_5722.tre,0.474359
exon_5725.fasta,exon_5725.tre,0.496678
exon_5727.fasta,exon_5727.tre,0.497857
exon_5731.fasta,exon_5731.tre,0.531220
exon_574.fasta,exon_574.tre,0.417374
exon_5741.fasta,exon_5741.tre,0.648408
exon_5743.fasta,exon_5743.tre,0.369740
exon_5744.fasta,exon_5744.tre,0.574889
exon_5745.fasta,exon_5745.tre,0.487573
exon_5746.fasta,exon_5746.tre,0.653395
exon_5749.fasta,exon_5749.tre,0.432736
exon_575.fasta,exon_575.tre,0.514167
exon_5750.fasta,exon_5750.tre,0.366416
exon_5754.fasta,exon_5754.tre,0.549747
exon_576.fasta,exon_576.tre,0.646647
exon_5767.fasta,exon_5767.tre,0.393227
exon_5770.fasta,exon_5770.tre,0.454422
exon_5773.fasta,exon_5773.tre,0.530689
exon_5779.fasta,exon_5779.tre,0.771459
exon_5790.fasta,exon_5790.tre,0.303077
exon_5798.fasta,exon_5798.tre,0.329962
exon_580.fasta,exon_580.tre,0.362081
exon_5802.fasta,exon_5802.tre,0.359069
exon_581.fasta,exon_581.tre,0.707752
exon_582.fasta,exon_582.tre,1.035651
exon_5822.fasta,exon_5822.tre,0.316428
exon_583.fasta,exon_583.tre,1.407658
exon_5832.fasta,exon_5832.tre,0.398250
exon_587.fasta,exon_587.tre,0.542686
exon_589.fasta,exon_589.tre,0.385655
exon_592.fasta,exon_592.tre,0.550990
exon_5925.fasta,exon_5925.tre,0.372317
exon_5939.fasta,exon_5939.tre,0.505636
exon_5941.fasta,exon_5941.tre,0.333701
exon_5943.fasta,exon_5943.tre,0.560354
exon_5955.fasta,exon_5955.tre,0.469259
exon_5956.fasta,exon_5956.tre,0.474193
exon_596.fasta,exon_596.tre,0.620664
exon_5966.fasta,exon_5966.tre,0.616086
exon_5973.fasta,exon_5973.tre,0.517370
exon_5978.fasta,exon_5978.tre,0.574127
exon_598.fasta,exon_598.tre,0.605611
exon_5985.fasta,exon_5985.tre,0.388818
exon_5986.fasta,exon_5986.tre,0.742060
exon_5987.fasta,exon_5987.tre,0.602263
exon_5988.fasta,exon_5988.tre,0.494574
exon_599.fasta,exon_599.tre,1.056956
exon_5997.fasta,exon_5997.tre,0.495538
exon_5999.fasta,exon_5999.tre,0.475148
exon_600.fasta,exon_600.tre,0.699240
exon_6003.fasta,exon_6003.tre,0.499502
exon_6004.fasta,exon_6004.tre,0.353175
exon_6005.fasta,exon_6005.tre,0.579586
exon_6006.fasta,exon_6006.tre,0.482935
exon_6007.fasta,exon_6007.tre,0.401080
exon_6008.fasta,exon_6008.tre,0.582564
exon_6009.fasta,exon_6009.tre,0.481289
exon_601.fasta,exon_601.tre,0.601970
exon_6011.fasta,exon_6011.tre,0.547960
exon_6014.fasta,exon_6014.tre,0.469687
exon_6015.fasta,exon_6015.tre,0.341329
exon_6016.fasta,exon_6016.tre,0.386854
exon_6017.fasta,exon_6017.tre,0.672318
exon_6018.fasta,exon_6018.tre,0.330595
exon_602.fasta,exon_602.tre,0.547837
exon_6020.fasta,exon_6020.tre,0.477133
exon_6025.fasta,exon_6025.tre,0.286923
exon_6029.fasta,exon_6029.tre,0.446056
exon_6035.fasta,exon_6035.tre,0.341816
exon_6038.fasta,exon_6038.tre,0.478335
exon_604.fasta,exon_604.tre,0.449870
exon_6048.fasta,exon_6048.tre,0.729074
exon_605.fasta,exon_605.tre,0.677819
exon_6054.fasta,exon_6054.tre,0.322389
exon_6058.fasta,exon_6058.tre,1.364491
exon_6062.fasta,exon_6062.tre,0.418603
exon_6065.fasta,exon_6065.tre,0.801665
exon_6067.fasta,exon_6067.tre,0.886213
exon_6069.fasta,exon_6069.tre,0.398174
exon_6070.fasta,exon_6070.tre,0.628402
exon_6073.fasta,exon_6073.tre,0.664020
exon_6074.fasta,exon_6074.tre,0.667583
exon_6075.fasta,exon_6075.tre,0.360515
exon_6078.fasta,exon_6078.tre,0.594049
exon_6083.fasta,exon_6083.tre,0.362871
exon_6088.fasta,exon_6088.tre,0.527108
exon_6089.fasta,exon_6089.tre,0.686348
exon_6090.fasta,exon_6090.tre,0.460717
exon_6098.fasta,exon_6098.tre,0.513284
exon_6101.fasta,exon_6101.tre,0.365667
exon_6103.fasta,exon_6103.tre,0.615591
exon_6109.fasta,exon_6109.tre,0.737007
exon_611.fasta,exon_611.tre,0.493700
exon_6110.fasta,exon_6110.tre,0.508576
exon_6115.fasta,exon_6115.tre,0.629079
exon_6117.fasta,exon_6117.tre,1.431498
exon_6118.fasta,exon_6118.tre,0.515837
exon_6119.fasta,exon_6119.tre,0.414905
exon_6120.fasta,exon_6120.tre,2.209115
exon_6122.fasta,exon_6122.tre,0.537268
exon_6128.fasta,exon_6128.tre,0.496617
exon_6130.fasta,exon_6130.tre,0.561846
exon_6136.fasta,exon_6136.tre,0.346343
exon_6140.fasta,exon_6140.tre,0.569542
exon_6142.fasta,exon_6142.tre,0.645257
exon_6144.fasta,exon_6144.tre,0.376538
exon_6153.fasta,exon_6153.tre,0.704178
exon_6155.fasta,exon_6155.tre,0.993588
exon_6156.fasta,exon_6156.tre,0.445504
exon_6157.fasta,exon_6157.tre,0.511664
exon_6158.fasta,exon_6158.tre,7.435300
exon_6160.fasta,exon_6160.tre,0.567106
exon_6162.fasta,exon_6162.tre,0.743144
exon_617.fasta,exon_617.tre,0.349900
exon_6172.fasta,exon_6172.tre,0.678415
exon_6173.fasta,exon_6173.tre,0.291543
exon_6181.fasta,exon_6181.tre,0.706035
exon_6182.fasta,exon_6182.tre,0.368470
exon_6184.fasta,exon_6184.tre,0.509215
exon_6185.fasta,exon_6185.tre,0.419623
exon_6189.fasta,exon_6189.tre,0.959144
exon_619.fasta,exon_619.tre,0.480903
exon_6191.fasta,exon_6191.tre,1.064091
exon_62.fasta,exon_62.tre,0.405640
exon_620.fasta,exon_620.tre,0.640553
exon_6200.fasta,exon_6200.tre,0.437874
exon_6201.fasta,exon_6201.tre,0.509665
exon_6208.fasta,exon_6208.tre,0.420476
exon_6209.fasta,exon_6209.tre,0.310263
exon_621.fasta,exon_621.tre,0.923202
exon_6211.fasta,exon_6211.tre,0.959747
exon_6214.fasta,exon_6214.tre,0.455499
exon_6217.fasta,exon_6217.tre,0.733731
exon_622.fasta,exon_622.tre,1.488353
exon_6222.fasta,exon_6222.tre,0.937883
exon_6230.fasta,exon_6230.tre,0.569424
exon_6231.fasta,exon_6231.tre,0.487899
exon_6232.fasta,exon_6232.tre,0.364215
exon_6235.fasta,exon_6235.tre,0.522962
exon_6236.fasta,exon_6236.tre,0.600907
exon_6237.fasta,exon_6237.tre,0.497410
exon_6238.fasta,exon_6238.tre,0.757938
exon_6242.fasta,exon_6242.tre,0.556778
exon_6244.fasta,exon_6244.tre,0.473950
exon_6246.fasta,exon_6246.tre,0.500905
exon_6249.fasta,exon_6249.tre,2.742750
exon_6253.fasta,exon_6253.tre,0.424963
exon_6254.fasta,exon_6254.tre,0.460516
exon_6255.fasta,exon_6255.tre,0.305631
exon_6256.fasta,exon_6256.tre,0.349311
exon_6259.fasta,exon_6259.tre,0.535572
exon_6260.fasta,exon_6260.tre,0.493196
exon_6269.fasta,exon_6269.tre,0.455278
exon_627.fasta,exon_627.tre,0.598980
exon_6270.fasta,exon_6270.tre,0.422294
exon_6272.fasta,exon_6272.tre,0.326975
exon_6275.fasta,exon_6275.tre,0.321657
exon_6278.fasta,exon_6278.tre,0.502099
exon_6284.fasta,exon_6284.tre,0.336266
exon_6288.fasta,exon_6288.tre,0.300545
exon_629.fasta,exon_629.tre,0.488509
exon_6300.fasta,exon_6300.tre,0.409929
exon_631.fasta,exon_631.tre,2.269879
exon_6310.fasta,exon_6310.tre,0.418387
exon_6317.fasta,exon_6317.tre,0.664397
exon_6318.fasta,exon_6318.tre,0.417407
exon_632.fasta,exon_632.tre,0.534621
exon_6320.fasta,exon_6320.tre,0.632182
exon_6325.fasta,exon_6325.tre,0.339250
exon_6329.fasta,exon_6329.tre,0.570786
exon_633.fasta,exon_633.tre,0.545645
exon_6330.fasta,exon_6330.tre,0.318888
exon_6333.fasta,exon_6333.tre,0.382573
exon_6339.fasta,exon_6339.tre,0.441364
exon_634.fasta,exon_634.tre,0.814721
exon_6343.fasta,exon_6343.tre,0.508653
exon_6346.fasta,exon_6346.tre,0.600489
exon_6348.fasta,exon_6348.tre,0.484413
exon_635.fasta,exon_635.tre,0.578969
exon_6351.fasta,exon_6351.tre,0.596825
exon_6357.fasta,exon_6357.tre,0.584291
exon_636.fasta,exon_636.tre,0.492502
exon_6367.fasta,exon_6367.tre,0.627589
exon_6368.fasta,exon_6368.tre,0.318899
exon_6369.fasta,exon_6369.tre,1.175358
exon_6372.fasta,exon_6372.tre,0.492009
exon_6376.fasta,exon_6376.tre,0.694175
exon_6378.fasta,exon_6378.tre,0.351825
exon_6384.fasta,exon_6384.tre,0.487872
exon_6386.fasta,exon_6386.tre,0.480459
exon_6389.fasta,exon_6389.tre,0.458610
exon_639.fasta,exon_639.tre,0.495313
exon_6396.fasta,exon_6396.tre,0.401318
exon_64.fasta,exon_64.tre,0.690437
exon_640.fasta,exon_640.tre,0.574408
exon_6401.fasta,exon_6401.tre,0.312968
exon_6403.fasta,exon_6403.tre,0.917430
exon_6406.fasta,exon_6406.tre,0.500510
exon_6408.fasta,exon_6408.tre,0.430526
exon_641.fasta,exon_641.tre,0.601005
exon_6411.fasta,exon_6411.tre,0.484829
exon_6418.fasta,exon_6418.tre,0.538121
exon_642.fasta,exon_642.tre,0.597242
exon_6424.fasta,exon_6424.tre,1.609105
exon_6425.fasta,exon_6425.tre,0.481575
exon_6429.fasta,exon_6429.tre,0.400440
exon_643.fasta,exon_643.tre,1.176687
exon_6433.fasta,exon_6433.tre,0.471086
exon_6435.fasta,exon_6435.tre,0.516566
exon_6437.fasta,exon_6437.tre,0.496405
exon_644.fasta,exon_644.tre,0.818754
exon_6441.fasta,exon_6441.tre,0.536786
exon_6446.fasta,exon_6446.tre,0.300838
exon_6448.fasta,exon_6448.tre,0.550115
exon_6449.fasta,exon_6449.tre,1.652249
exon_6455.fasta,exon_6455.tre,0.627641
exon_6457.fasta,exon_6457.tre,0.393546
exon_646.fasta,exon_646.tre,0.710572
exon_6462.fasta,exon_6462.tre,0.707738
exon_6463.fasta,exon_6463.tre,0.721218
exon_6475.fasta,exon_6475.tre,1.650764
exon_6476.fasta,exon_6476.tre,0.356176
exon_648.fasta,exon_648.tre,0.466404
exon_6480.fasta,exon_6480.tre,0.540005
exon_6481.fasta,exon_6481.tre,0.507103
exon_6487.fasta,exon_6487.tre,0.352562
exon_6490.fasta,exon_6490.tre,0.374482
exon_6491.fasta,exon_6491.tre,0.287541
exon_6492.fasta,exon_6492.tre,0.317080
exon_6493.fasta,exon_6493.tre,0.415621
exon_6494.fasta,exon_6494.tre,0.398607
exon_6495.fasta,exon_6495.tre,0.357919
exon_6499.fasta,exon_6499.tre,0.503095
exon_6501.fasta,exon_6501.tre,0.332157
exon_6502.fasta,exon_6502.tre,0.828322
exon_6505.fasta,exon_6505.tre,0.400607
exon_6509.fasta,exon_6509.tre,0.664396
exon_6512.fasta,exon_6512.tre,0.368758
exon_6513.fasta,exon_6513.tre,0.736882
exon_6517.fasta,exon_6517.tre,0.718059
exon_6521.fasta,exon_6521.tre,0.803452
exon_6522.fasta,exon_6522.tre,0.590634
exon_6525.fasta,exon_6525.tre,0.420077
exon_6527.fasta,exon_6527.tre,0.473428
exon_6528.fasta,exon_6528.tre,0.483425
exon_6529.fasta,exon_6529.tre,0.487911
exon_653.fasta,exon_653.tre,0.579421
exon_6530.fasta,exon_6530.tre,0.427406
exon_6536.fasta,exon_6536.tre,0.567840
exon_6539.fasta,exon_6539.tre,0.529870
exon_6540.fasta,exon_6540.tre,0.350209
exon_6541.fasta,exon_6541.tre,0.600343
exon_6546.fasta,exon_6546.tre,0.677975
exon_6551.fasta,exon_6551.tre,0.470150
exon_6552.fasta,exon_6552.tre,1.030442
exon_6555.fasta,exon_6555.tre,1.064491
exon_6559.fasta,exon_6559.tre,0.662031
exon_6560.fasta,exon_6560.tre,1.869103
exon_6562.fasta,exon_6562.tre,1.111125
exon_6569.fasta,exon_6569.tre,0.523231
exon_657.fasta,exon_657.tre,0.608245
exon_659.fasta,exon_659.tre,0.525446
exon_6592.fasta,exon_6592.tre,0.569818
exon_6600.fasta,exon_6600.tre,0.823437
exon_6605.fasta,exon_6605.tre,0.494147
exon_6609.fasta,exon_6609.tre,0.381154
exon_661.fasta,exon_661.tre,0.554416
exon_6614.fasta,exon_6614.tre,0.388144
exon_6618.fasta,exon_6618.tre,0.559511
exon_662.fasta,exon_662.tre,0.716856
exon_6625.fasta,exon_6625.tre,0.633769
exon_6626.fasta,exon_6626.tre,0.580747
exon_6627.fasta,exon_6627.tre,0.600552
exon_6628.fasta,exon_6628.tre,0.385661
exon_6629.fasta,exon_6629.tre,0.558745
exon_663.fasta,exon_663.tre,1.215006
exon_6632.fasta,exon_6632.tre,0.494916
exon_6634.fasta,exon_6634.tre,0.518285
exon_6635.fasta,exon_6635.tre,0.679138
exon_664.fasta,exon_664.tre,0.496073
exon_6642.fasta,exon_6642.tre,0.298951
exon_6647.fasta,exon_6647.tre,0.736033
exon_6649.fasta,exon_6649.tre,0.465230
exon_665.fasta,exon_665.tre,0.600500
exon_6650.fasta,exon_6650.tre,0.947001
exon_6659.fasta,exon_6659.tre,0.433854
exon_6660.fasta,exon_6660.tre,0.836969
exon_6665.fasta,exon_6665.tre,0.369163
exon_6666.fasta,exon_6666.tre,0.626764
exon_6672.fasta,exon_6672.tre,0.360137
exon_6673.fasta,exon_6673.tre,0.735482
exon_6677.fasta,exon_6677.tre,0.561795
exon_6679.fasta,exon_6679.tre,0.324671
exon_6680.fasta,exon_6680.tre,0.526170
exon_6688.fasta,exon_6688.tre,0.552727
exon_6689.fasta,exon_6689.tre,0.323610
exon_6690.fasta,exon_6690.tre,0.384542
exon_6696.fasta,exon_6696.tre,0.939134
exon_6697.fasta,exon_6697.tre,0.470947
exon_670.fasta,exon_670.tre,0.684622
exon_6704.fasta,exon_6704.tre,0.422424
exon_671.fasta,exon_671.tre,3.032340
exon_6712.fasta,exon_6712.tre,1.075592
exon_6714.fasta,exon_6714.tre,0.832786
exon_6720.fasta,exon_6720.tre,0.398577
exon_6723.fasta,exon_6723.tre,0.645521
exon_6725.fasta,exon_6725.tre,1.462363
exon_6728.fasta,exon_6728.tre,0.523810
exon_6730.fasta,exon_6730.tre,0.490606
exon_6731.fasta,exon_6731.tre,0.675789
exon_6732.fasta,exon_6732.tre,0.472368
exon_6739.fasta,exon_6739.tre,0.549572
exon_674.fasta,exon_674.tre,0.679306
exon_6740.fasta,exon_6740.tre,0.980166
exon_6743.fasta,exon_6743.tre,0.932264
exon_6745.fasta,exon_6745.tre,0.409393
exon_6747.fasta,exon_6747.tre,0.790305
exon_675.fasta,exon_675.tre,0.505305
exon_6753.fasta,exon_6753.tre,0.613195
exon_676.fasta,exon_676.tre,0.540046
exon_6762.fasta,exon_6762.tre,0.450551
exon_6763.fasta,exon_6763.tre,0.454119
exon_6766.fasta,exon_6766.tre,0.539631
exon_6767.fasta,exon_6767.tre,0.622221
exon_677.fasta,exon_677.tre,0.600170
exon_6770.fasta,exon_6770.tre,0.345834
exon_6771.fasta,exon_6771.tre,0.359177
exon_6773.fasta,exon_6773.tre,0.486303
exon_6774.fasta,exon_6774.tre,0.546814
exon_6777.fasta,exon_6777.tre,0.385004
exon_678.fasta,exon_678.tre,0.402385
exon_6786.fasta,exon_6786.tre,0.827525
exon_6791.fasta,exon_6791.tre,0.456616
exon_6794.fasta,exon_6794.tre,0.374534
exon_6795.fasta,exon_6795.tre,0.483028
exon_6808.fasta,exon_6808.tre,0.306825
exon_6810.fasta,exon_6810.tre,0.357845
exon_6811.fasta,exon_6811.tre,2.570608
exon_6812.fasta,exon_6812.tre,0.390997
exon_6813.fasta,exon_6813.tre,0.390300
exon_6818.fasta,exon_6818.tre,0.428731
exon_682.fasta,exon_682.tre,0.555328
exon_6830.fasta,exon_6830.tre,0.383887
exon_6835.fasta,exon_6835.tre,0.736969
exon_6836.fasta,exon_6836.tre,0.512100
exon_6837.fasta,exon_6837.tre,0.792751
exon_6838.fasta,exon_6838.tre,0.483689
exon_6839.fasta,exon_6839.tre,0.531833
exon_684.fasta,exon_684.tre,0.834455
exon_6841.fasta,exon_6841.tre,0.474574
exon_6848.fasta,exon_6848.tre,0.645615
exon_6849.fasta,exon_6849.tre,0.445804
exon_6850.fasta,exon_6850.tre,0.417217
exon_6851.fasta,exon_6851.tre,0.488308
exon_6852.fasta,exon_6852.tre,0.499816
exon_6854.fasta,exon_6854.tre,0.982746
exon_6857.fasta,exon_6857.tre,0.659326
exon_6859.fasta,exon_6859.tre,0.570363
exon_686.fasta,exon_686.tre,0.570457
exon_6861.fasta,exon_6861.tre,0.349859
exon_6869.fasta,exon_6869.tre,0.468309
exon_687.fasta,exon_687.tre,0.659374
exon_6874.fasta,exon_6874.tre,0.532951
exon_6878.fasta,exon_6878.tre,0.937216
exon_688.fasta,exon_688.tre,0.493347
exon_6884.fasta,exon_6884.tre,0.720654
exon_6903.fasta,exon_6903.tre,0.527596
exon_6913.fasta,exon_6913.tre,0.556303
exon_692.fasta,exon_692.tre,0.870484
exon_6928.fasta,exon_6928.tre,0.558089
exon_6929.fasta,exon_6929.tre,0.614212
exon_693.fasta,exon_693.tre,0.550850
exon_6934.fasta,exon_6934.tre,0.385040
exon_6939.fasta,exon_6939.tre,0.391928
exon_695.fasta,exon_695.tre,1.441404
exon_6951.fasta,exon_6951.tre,0.685518
exon_6956.fasta,exon_6956.tre,0.364164
exon_6964.fasta,exon_6964.tre,1.683981
exon_6966.fasta,exon_6966.tre,0.475978
exon_6969.fasta,exon_6969.tre,0.522042
exon_697.fasta,exon_697.tre,0.614514
exon_6970.fasta,exon_6970.tre,0.899728
exon_6973.fasta,exon_6973.tre,2.358167
exon_6974.fasta,exon_6974.tre,0.318747
exon_699.fasta,exon_699.tre,1.123556
exon_6991.fasta,exon_6991.tre,0.387756
exon_6995.fasta,exon_6995.tre,0.356711
exon_6999.fasta,exon_6999.tre,0.454886
exon_700.fasta,exon_700.tre,0.479852
exon_7006.fasta,exon_7006.tre,0.410740
exon_7011.fasta,exon_7011.tre,0.326287
exon_702.fasta,exon_702.tre,0.542729
exon_7020.fasta,exon_7020.tre,0.448194
exon_7023.fasta,exon_7023.tre,0.635614
exon_7028.fasta,exon_7028.tre,0.832357
exon_703.fasta,exon_703.tre,1.779945
exon_7031.fasta,exon_7031.tre,0.469870
exon_7032.fasta,exon_7032.tre,0.330143
exon_7046.fasta,exon_7046.tre,1.109447
exon_705.fasta,exon_705.tre,0.857266
exon_7052.fasta,exon_7052.tre,1.011983
exon_7053.fasta,exon_7053.tre,0.607157
exon_7058.fasta,exon_7058.tre,0.544759
exon_7059.fasta,exon_7059.tre,0.478530
exon_7062.fasta,exon_7062.tre,0.391019
exon_7074.fasta,exon_7074.tre,0.441782
exon_7079.fasta,exon_7079.tre,0.560934
exon_7095.fasta,exon_7095.tre,0.472063
exon_710.fasta,exon_710.tre,0.619279
exon_711.fasta,exon_711.tre,0.441094
exon_7111.fasta,exon_7111.tre,0.349422
exon_7113.fasta,exon_7113.tre,0.568115
exon_7115.fasta,exon_7115.tre,0.400664
exon_7116.fasta,exon_7116.tre,0.496472
exon_7117.fasta,exon_7117.tre,0.410809
exon_712.fasta,exon_712.tre,0.693169
exon_7121.fasta,exon_7121.tre,0.360398
exon_7122.fasta,exon_7122.tre,0.429872
exon_7124.fasta,exon_7124.tre,0.466894
exon_7126.fasta,exon_7126.tre,0.604259
exon_7127.fasta,exon_7127.tre,0.347444
exon_7132.fasta,exon_7132.tre,0.355954
exon_7136.fasta,exon_7136.tre,0.459040
exon_7140.fasta,exon_7140.tre,0.443281
exon_7141.fasta,exon_7141.tre,0.594341
exon_7143.fasta,exon_7143.tre,1.647718
exon_7147.fasta,exon_7147.tre,0.528765
exon_715.fasta,exon_715.tre,0.844438
exon_7150.fasta,exon_7150.tre,0.470986
exon_7152.fasta,exon_7152.tre,0.665009
exon_7158.fasta,exon_7158.tre,0.384327
exon_7160.fasta,exon_7160.tre,0.548661
exon_7162.fasta,exon_7162.tre,0.373028
exon_7164.fasta,exon_7164.tre,2.158384
exon_7165.fasta,exon_7165.tre,0.426693
exon_7166.fasta,exon_7166.tre,0.282221
exon_7168.fasta,exon_7168.tre,0.525461
exon_7169.fasta,exon_7169.tre,0.357066
exon_717.fasta,exon_717.tre,0.674365
exon_7171.fasta,exon_7171.tre,0.513485
exon_7172.fasta,exon_7172.tre,1.229419
exon_7173.fasta,exon_7173.tre,0.762229
exon_7174.fasta,exon_7174.tre,0.512732
exon_7178.fasta,exon_7178.tre,0.405522
exon_7184.fasta,exon_7184.tre,0.358557
exon_7186.fasta,exon_7186.tre,0.486778
exon_7189.fasta,exon_7189.tre,0.618018
exon_7192.fasta,exon_7192.tre,0.510867
exon_7193.fasta,exon_7193.tre,0.641403
exon_7194.fasta,exon_7194.tre,0.675860
exon_7197.fasta,exon_7197.tre,0.453682
exon_7201.fasta,exon_7201.tre,0.635972
exon_7203.fasta,exon_7203.tre,0.580522
exon_7204.fasta,exon_7204.tre,0.569013
exon_7205.fasta,exon_7205.tre,0.325560
exon_7206.fasta,exon_7206.tre,0.686155
exon_721.fasta,exon_721.tre,0.530618
exon_7210.fasta,exon_7210.tre,0.300724
exon_7211.fasta,exon_7211.tre,0.493355
exon_7214.fasta,exon_7214.tre,0.682788
exon_7217.fasta,exon_7217.tre,0.454055
exon_7218.fasta,exon_7218.tre,0.621917
exon_7219.fasta,exon_7219.tre,0.504104
exon_722.fasta,exon_722.tre,0.820135
exon_7221.fasta,exon_7221.tre,0.561105
exon_7223.fasta,exon_7223.tre,0.641659
exon_7224.fasta,exon_7224.tre,0.377290
exon_7226.fasta,exon_7226.tre,0.575468
exon_7227.fasta,exon_7227.tre,0.378455
exon_7228.fasta,exon_7228.tre,0.470879
exon_7230.fasta,exon_7230.tre,1.063754
exon_7231.fasta,exon_7231.tre,0.351578
exon_7232.fasta,exon_7232.tre,0.667572
exon_7233.fasta,exon_7233.tre,0.414943
exon_7234.fasta,exon_7234.tre,0.551532
exon_7236.fasta,exon_7236.tre,0.999147
exon_7237.fasta,exon_7237.tre,0.512681
exon_724.fasta,exon_724.tre,0.648313
exon_7240.fasta,exon_7240.tre,0.379072
exon_7241.fasta,exon_7241.tre,0.362741
exon_7242.fasta,exon_7242.tre,0.676427
exon_7245.fasta,exon_7245.tre,0.408324
exon_7246.fasta,exon_7246.tre,0.534952
exon_7247.fasta,exon_7247.tre,0.509010
exon_7248.fasta,exon_7248.tre,0.584156
exon_7249.fasta,exon_7249.tre,0.451136
exon_725.fasta,exon_725.tre,0.478348
exon_7251.fasta,exon_7251.tre,0.518758
exon_7253.fasta,exon_7253.tre,0.444869
exon_7254.fasta,exon_7254.tre,0.556096
exon_7257.fasta,exon_7257.tre,0.373759
exon_7258.fasta,exon_7258.tre,1.436479
exon_7261.fasta,exon_7261.tre,0.532344
exon_7262.fasta,exon_7262.tre,0.873161
exon_7263.fasta,exon_7263.tre,0.550629
exon_7264.fasta,exon_7264.tre,0.559966
exon_7268.fasta,exon_7268.tre,0.468991
exon_7271.fasta,exon_7271.tre,0.700491
exon_7272.fasta,exon_7272.tre,0.833889
exon_7274.fasta,exon_7274.tre,0.475592
exon_7276.fasta,exon_7276.tre,0.360969
exon_7278.fasta,exon_7278.tre,0.557433
exon_7279.fasta,exon_7279.tre,0.503306
exon_7280.fasta,exon_7280.tre,0.418231
exon_7281.fasta,exon_7281.tre,0.495259
exon_7283.fasta,exon_7283.tre,0.662373
exon_7284.fasta,exon_7284.tre,0.294320
exon_7285.fasta,exon_7285.tre,0.607750
exon_7287.fasta,exon_7287.tre,0.519404
exon_729.fasta,exon_729.tre,0.591947
exon_7291.fasta,exon_7291.tre,0.484715
exon_7292.fasta,exon_7292.tre,0.908302
exon_7293.fasta,exon_7293.tre,0.334670
exon_7294.fasta,exon_7294.tre,0.487811
exon_7295.fasta,exon_7295.tre,0.500619
exon_7296.fasta,exon_7296.tre,1.140597
exon_7298.fasta,exon_7298.tre,0.543724
exon_7299.fasta,exon_7299.tre,0.535543
exon_730.fasta,exon_730.tre,0.516241
exon_7300.fasta,exon_7300.tre,0.626748
exon_7302.fasta,exon_7302.tre,0.454093
exon_7303.fasta,exon_7303.tre,0.581416
exon_7304.fasta,exon_7304.tre,0.536070
exon_7306.fasta,exon_7306.tre,0.504134
exon_7309.fasta,exon_7309.tre,0.407652
exon_7311.fasta,exon_7311.tre,0.575719
exon_7314.fasta,exon_7314.tre,0.689349
exon_7316.fasta,exon_7316.tre,0.510539
exon_7317.fasta,exon_7317.tre,0.519448
exon_732.fasta,exon_732.tre,0.474746
exon_7320.fasta,exon_7320.tre,0.570526
exon_7322.fasta,exon_7322.tre,0.532925
exon_7323.fasta,exon_7323.tre,0.515262
exon_7325.fasta,exon_7325.tre,0.562890
exon_733.fasta,exon_733.tre,0.582206
exon_7330.fasta,exon_7330.tre,0.317034
exon_7331.fasta,exon_7331.tre,0.435721
exon_7341.fasta,exon_7341.tre,0.657003
exon_7342.fasta,exon_7342.tre,0.552040
exon_7343.fasta,exon_7343.tre,0.365435
exon_7344.fasta,exon_7344.tre,0.682160
exon_7346.fasta,exon_7346.tre,0.634883
exon_7347.fasta,exon_7347.tre,0.496593
exon_7348.fasta,exon_7348.tre,0.339847
exon_7349.fasta,exon_7349.tre,1.382754
exon_7350.fasta,exon_7350.tre,0.515960
exon_7351.fasta,exon_7351.tre,0.452195
exon_7352.fasta,exon_7352.tre,0.629436
exon_7354.fasta,exon_7354.tre,0.725316
exon_7359.fasta,exon_7359.tre,0.484800
exon_736.fasta,exon_736.tre,3.440289
exon_7360.fasta,exon_7360.tre,0.850688
exon_7362.fasta,exon_7362.tre,0.642057
exon_7364.fasta,exon_7364.tre,0.333049
exon_7366.fasta,exon_7366.tre,0.580254
exon_7367.fasta,exon_7367.tre,0.644185
exon_737.fasta,exon_737.tre,3.468807
exon_7371.fasta,exon_7371.tre,0.853733
exon_7372.fasta,exon_7372.tre,0.278759
exon_7373.fasta,exon_7373.tre,0.324253
exon_7377.fasta,exon_7377.tre,0.642916
exon_7378.fasta,exon_7378.tre,0.456251
exon_7380.fasta,exon_7380.tre,0.820097
exon_7382.fasta,exon_7382.tre,0.396767
exon_7383.fasta,exon_7383.tre,0.530350
exon_7385.fasta,exon_7385.tre,0.338289
exon_7386.fasta,exon_7386.tre,0.376909
exon_7387.fasta,exon_7387.tre,0.636857
exon_7389.fasta,exon_7389.tre,0.786880
exon_7390.fasta,exon_7390.tre,0.484256
exon_7391.fasta,exon_7391.tre,0.463431
exon_7392.fasta,exon_7392.tre,0.556277
exon_7395.fasta,exon_7395.tre,0.492116
exon_7396.fasta,exon_7396.tre,0.450469
exon_7397.fasta,exon_7397.tre,0.969336
exon_7398.fasta,exon_7398.tre,0.435718
exon_7399.fasta,exon_7399.tre,0.489617
exon_74.fasta,exon_74.tre,0.336693
exon_740.fasta,exon_740.tre,1.196720
exon_7401.fasta,exon_7401.tre,0.616585
exon_7403.fasta,exon_7403.tre,0.527708
exon_7405.fasta,exon_7405.tre,1.394951
exon_7406.fasta,exon_7406.tre,0.926862
exon_7409.fasta,exon_7409.tre,0.526232
exon_741.fasta,exon_741.tre,0.797675
exon_7410.fasta,exon_7410.tre,0.550762
exon_7411.fasta,exon_7411.tre,0.497328
exon_7412.fasta,exon_7412.tre,0.934849
exon_7413.fasta,exon_7413.tre,0.553459
exon_7414.fasta,exon_7414.tre,0.600965
exon_7415.fasta,exon_7415.tre,0.545953
exon_7417.fasta,exon_7417.tre,0.376438
exon_742.fasta,exon_742.tre,6.208448
exon_7421.fasta,exon_7421.tre,1.006924
exon_7422.fasta,exon_7422.tre,0.420475
exon_7424.fasta,exon_7424.tre,0.595786
exon_7425.fasta,exon_7425.tre,0.586040
exon_7427.fasta,exon_7427.tre,1.005634
exon_7428.fasta,exon_7428.tre,0.546989
exon_7431.fasta,exon_7431.tre,1.754583
exon_7432.fasta,exon_7432.tre,1.152291
exon_7433.fasta,exon_7433.tre,0.468144
exon_7434.fasta,exon_7434.tre,0.431076
exon_7435.fasta,exon_7435.tre,0.510509
exon_7438.fasta,exon_7438.tre,0.697674
exon_7439.fasta,exon_7439.tre,0.633151
exon_744.fasta,exon_744.tre,0.550802
exon_7440.fasta,exon_7440.tre,0.393350
exon_7441.fasta,exon_7441.tre,0.560312
exon_7442.fasta,exon_7442.tre,0.571122
exon_7443.fasta,exon_7443.tre,0.633005
exon_7445.fasta,exon_7445.tre,0.563054
exon_7446.fasta,exon_7446.tre,0.355178
exon_7448.fasta,exon_7448.tre,0.488539
exon_745.fasta,exon_745.tre,0.386516
exon_7454.fasta,exon_7454.tre,2.042294
exon_7455.fasta,exon_7455.tre,0.502381
exon_7456.fasta,exon_7456.tre,0.536519
exon_7457.fasta,exon_7457.tre,0.550088
exon_7458.fasta,exon_7458.tre,0.578414
exon_7459.fasta,exon_7459.tre,0.601135
exon_746.fasta,exon_746.tre,0.720174
exon_7461.fasta,exon_7461.tre,0.542171
exon_7462.fasta,exon_7462.tre,0.553998
exon_7463.fasta,exon_7463.tre,0.413977
exon_7464.fasta,exon_7464.tre,0.519493
exon_7467.fasta,exon_7467.tre,0.421668
exon_7468.fasta,exon_7468.tre,0.519177
exon_7469.fasta,exon_7469.tre,0.486589
exon_747.fasta,exon_747.tre,2.490475
exon_7471.fasta,exon_7471.tre,0.420695
exon_7472.fasta,exon_7472.tre,0.683727
exon_7474.fasta,exon_7474.tre,0.483425
exon_7475.fasta,exon_7475.tre,0.350314
exon_7476.fasta,exon_7476.tre,0.503522
exon_7477.fasta,exon_7477.tre,0.625149
exon_7479.fasta,exon_7479.tre,0.426951
exon_748.fasta,exon_748.tre,0.586775
exon_7480.fasta,exon_7480.tre,0.374963
exon_7481.fasta,exon_7481.tre,0.511916
exon_7482.fasta,exon_7482.tre,1.007209
exon_7483.fasta,exon_7483.tre,0.596130
exon_7484.fasta,exon_7484.tre,0.481076
exon_7485.fasta,exon_7485.tre,0.786392
exon_7486.fasta,exon_7486.tre,0.406043
exon_7487.fasta,exon_7487.tre,0.394443
exon_7488.fasta,exon_7488.tre,0.344100
exon_749.fasta,exon_749.tre,0.423411
exon_7490.fasta,exon_7490.tre,0.378133
exon_7491.fasta,exon_7491.tre,0.718069
exon_7492.fasta,exon_7492.tre,0.538998
exon_7493.fasta,exon_7493.tre,0.601424
exon_7494.fasta,exon_7494.tre,0.502689
exon_7495.fasta,exon_7495.tre,0.310438
exon_7496.fasta,exon_7496.tre,0.595850
exon_7498.fasta,exon_7498.tre,0.573075
exon_7499.fasta,exon_7499.tre,0.662831
exon_7500.fasta,exon_7500.tre,0.504952
exon_7501.fasta,exon_7501.tre,0.500067
exon_7503.fasta,exon_7503.tre,0.478424
exon_7505.fasta,exon_7505.tre,0.357054
exon_7506.fasta,exon_7506.tre,0.592268
exon_7507.fasta,exon_7507.tre,0.633827
exon_7508.fasta,exon_7508.tre,0.319156
exon_751.fasta,exon_751.tre,0.459983
exon_7512.fasta,exon_7512.tre,0.406283
exon_7515.fasta,exon_7515.tre,0.485622
exon_7517.fasta,exon_7517.tre,0.356696
exon_7518.fasta,exon_7518.tre,0.544393
exon_7519.fasta,exon_7519.tre,0.653539
exon_7520.fasta,exon_7520.tre,0.633031
exon_7521.fasta,exon_7521.tre,0.507814
exon_7522.fasta,exon_7522.tre,0.537556
exon_7523.fasta,exon_7523.tre,0.580463
exon_7524.fasta,exon_7524.tre,0.622475
exon_7525.fasta,exon_7525.tre,0.393270
exon_7526.fasta,exon_7526.tre,0.583914
exon_7527.fasta,exon_7527.tre,0.325484
exon_7528.fasta,exon_7528.tre,0.513059
exon_7529.fasta,exon_7529.tre,0.588180
exon_7530.fasta,exon_7530.tre,0.403882
exon_7531.fasta,exon_7531.tre,0.493890
exon_7532.fasta,exon_7532.tre,1.271599
exon_7534.fasta,exon_7534.tre,0.534184
exon_7535.fasta,exon_7535.tre,0.410815
exon_7537.fasta,exon_7537.tre,0.514463
exon_7538.fasta,exon_7538.tre,0.414380
exon_7539.fasta,exon_7539.tre,0.309976
exon_7540.fasta,exon_7540.tre,0.530536
exon_7542.fasta,exon_7542.tre,0.397158
exon_7545.fasta,exon_7545.tre,1.147990
exon_7546.fasta,exon_7546.tre,0.656604
exon_7547.fasta,exon_7547.tre,0.500358
exon_7548.fasta,exon_7548.tre,1.566000
exon_755.fasta,exon_755.tre,0.477467
exon_7550.fasta,exon_7550.tre,0.564039
exon_7551.fasta,exon_7551.tre,0.678888
exon_7552.fasta,exon_7552.tre,0.498885
exon_7554.fasta,exon_7554.tre,0.329596
exon_7555.fasta,exon_7555.tre,0.542399
exon_7556.fasta,exon_7556.tre,0.434293
exon_7557.fasta,exon_7557.tre,0.562460
exon_7558.fasta,exon_7558.tre,0.457714
exon_7559.fasta,exon_7559.tre,0.625925
exon_756.fasta,exon_756.tre,0.908956
exon_7560.fasta,exon_7560.tre,1.680345
exon_7561.fasta,exon_7561.tre,0.371629
exon_7565.fasta,exon_7565.tre,0.443995
exon_7566.fasta,exon_7566.tre,0.611788
exon_7567.fasta,exon_7567.tre,0.483076
exon_7569.fasta,exon_7569.tre,0.605242
exon_7570.fasta,exon_7570.tre,0.351723
exon_7571.fasta,exon_7571.tre,0.467508
exon_7573.fasta,exon_7573.tre,0.586354
exon_7574.fasta,exon_7574.tre,0.623916
exon_7575.fasta,exon_7575.tre,0.537100
exon_7577.fasta,exon_7577.tre,0.683073
exon_7578.fasta,exon_7578.tre,0.427721
exon_7582.fasta,exon_7582.tre,0.377706
exon_7583.fasta,exon_7583.tre,0.439296
exon_7584.fasta,exon_7584.tre,0.578792
exon_7586.fasta,exon_7586.tre,0.536818
exon_7587.fasta,exon_7587.tre,0.564224
exon_7589.fasta,exon_7589.tre,0.420927
exon_7590.fasta,exon_7590.tre,1.106316
exon_7591.fasta,exon_7591.tre,0.402308
exon_7593.fasta,exon_7593.tre,0.596434
exon_7594.fasta,exon_7594.tre,0.374358
exon_7595.fasta,exon_7595.tre,0.464224
exon_7596.fasta,exon_7596.tre,0.970177
exon_7598.fasta,exon_7598.tre,0.476813
exon_7599.fasta,exon_7599.tre,0.782088
exon_76.fasta,exon_76.tre,0.483527
exon_760.fasta,exon_760.tre,0.461517
exon_7600.fasta,exon_7600.tre,0.444947
exon_7601.fasta,exon_7601.tre,0.712693
exon_7603.fasta,exon_7603.tre,0.660794
exon_7604.fasta,exon_7604.tre,0.593992
exon_7605.fasta,exon_7605.tre,0.448961
exon_7606.fasta,exon_7606.tre,0.477891
exon_7607.fasta,exon_7607.tre,0.552814
exon_7608.fasta,exon_7608.tre,0.333906
exon_7609.fasta,exon_7609.tre,0.598991
exon_761.fasta,exon_761.tre,0.463844
exon_7610.fasta,exon_7610.tre,0.488340
exon_7612.fasta,exon_7612.tre,0.625147
exon_7613.fasta,exon_7613.tre,0.557029
exon_7614.fasta,exon_7614.tre,0.437199
exon_7615.fasta,exon_7615.tre,0.355864
exon_7618.fasta,exon_7618.tre,0.570953
exon_7619.fasta,exon_7619.tre,0.613120
exon_7620.fasta,exon_7620.tre,0.509674
exon_7622.fasta,exon_7622.tre,0.485335
exon_7623.fasta,exon_7623.tre,0.334849
exon_7626.fasta,exon_7626.tre,0.310009
exon_7628.fasta,exon_7628.tre,0.595350
exon_763.fasta,exon_763.tre,0.604172
exon_7630.fasta,exon_7630.tre,0.532957
exon_7631.fasta,exon_7631.tre,0.558529
exon_7633.fasta,exon_7633.tre,0.594612
exon_7635.fasta,exon_7635.tre,0.727027
exon_7636.fasta,exon_7636.tre,0.452240
exon_7638.fasta,exon_7638.tre,0.515392
exon_7639.fasta,exon_7639.tre,0.698044
exon_764.fasta,exon_764.tre,1.568549
exon_7641.fasta,exon_7641.tre,0.491359
exon_7643.fasta,exon_7643.tre,1.557166
exon_7644.fasta,exon_7644.tre,0.666687
exon_7646.fasta,exon_7646.tre,0.557154
exon_7647.fasta,exon_7647.tre,0.661873
exon_7648.fasta,exon_7648.tre,0.431364
exon_7651.fasta,exon_7651.tre,0.591392
exon_7652.fasta,exon_7652.tre,0.504711
exon_7654.fasta,exon_7654.tre,0.378377
exon_7655.fasta,exon_7655.tre,0.573346
exon_7657.fasta,exon_7657.tre,0.470745
exon_7658.fasta,exon_7658.tre,0.495764
exon_7659.fasta,exon_7659.tre,0.578581
exon_7660.fasta,exon_7660.tre,0.549293
exon_7661.fasta,exon_7661.tre,0.543287
exon_7662.fasta,exon_7662.tre,0.333280
exon_7664.fasta,exon_7664.tre,0.522412
exon_7665.fasta,exon_7665.tre,0.591719
exon_7667.fasta,exon_7667.tre,0.410260
exon_7668.fasta,exon_7668.tre,0.541858
exon_7669.fasta,exon_7669.tre,0.393482
exon_7671.fasta,exon_7671.tre,0.560912
exon_7672.fasta,exon_7672.tre,0.654124
exon_7673.fasta,exon_7673.tre,0.791395
exon_7674.fasta,exon_7674.tre,0.314094
exon_7675.fasta,exon_7675.tre,0.386951
exon_7676.fasta,exon_7676.tre,0.520844
exon_7677.fasta,exon_7677.tre,0.467577
exon_7679.fasta,exon_7679.tre,0.613055
exon_7680.fasta,exon_7680.tre,0.464161
exon_7682.fasta,exon_7682.tre,0.305216
exon_7683.fasta,exon_7683.tre,0.530734
exon_7685.fasta,exon_7685.tre,0.641699
exon_7686.fasta,exon_7686.tre,0.468099
exon_7687.fasta,exon_7687.tre,0.632929
exon_7688.fasta,exon_7688.tre,0.406313
exon_7692.fasta,exon_7692.tre,0.491726
exon_7693.fasta,exon_7693.tre,0.364327
exon_7694.fasta,exon_7694.tre,0.461948
exon_7695.fasta,exon_7695.tre,2.020200
exon_7696.fasta,exon_7696.tre,0.650944
exon_7697.fasta,exon_7697.tre,0.537838
exon_7698.fasta,exon_7698.tre,0.350877
exon_7699.fasta,exon_7699.tre,0.405778
exon_7700.fasta,exon_7700.tre,0.639045
exon_7701.fasta,exon_7701.tre,0.697161
exon_7703.fasta,exon_7703.tre,0.562062
exon_7704.fasta,exon_7704.tre,0.408010
exon_7706.fasta,exon_7706.tre,0.415807
exon_7707.fasta,exon_7707.tre,0.774623
exon_7709.fasta,exon_7709.tre,0.832537
exon_771.fasta,exon_771.tre,0.450574
exon_7710.fasta,exon_7710.tre,1.395304
exon_7712.fasta,exon_7712.tre,0.586468
exon_7713.fasta,exon_7713.tre,0.586469
exon_7715.fasta,exon_7715.tre,0.611307
exon_7716.fasta,exon_7716.tre,0.487885
exon_7720.fasta,exon_7720.tre,0.411742
exon_7722.fasta,exon_7722.tre,0.404623
exon_7723.fasta,exon_7723.tre,0.978123
exon_7724.fasta,exon_7724.tre,0.639333
exon_7725.fasta,exon_7725.tre,0.586918
exon_7726.fasta,exon_7726.tre,0.424153
exon_7728.fasta,exon_7728.tre,0.585546
exon_7729.fasta,exon_7729.tre,0.514814
exon_773.fasta,exon_773.tre,0.464986
exon_7731.fasta,exon_7731.tre,0.475163
exon_7732.fasta,exon_7732.tre,0.338241
exon_7734.fasta,exon_7734.tre,0.410272
exon_7735.fasta,exon_7735.tre,1.004493
exon_7736.fasta,exon_7736.tre,0.524141
exon_7739.fasta,exon_7739.tre,0.581604
exon_774.fasta,exon_774.tre,0.511709
exon_7740.fasta,exon_7740.tre,0.479228
exon_7742.fasta,exon_7742.tre,0.733106
exon_7743.fasta,exon_7743.tre,0.501133
exon_7744.fasta,exon_7744.tre,0.571960
exon_7746.fasta,exon_7746.tre,0.469915
exon_7749.fasta,exon_7749.tre,0.611683
exon_7750.fasta,exon_7750.tre,0.489181
exon_7751.fasta,exon_7751.tre,0.523299
exon_7752.fasta,exon_7752.tre,0.581604
exon_7753.fasta,exon_7753.tre,0.361548
exon_7754.fasta,exon_7754.tre,0.561675
exon_7755.fasta,exon_7755.tre,0.587515
exon_7756.fasta,exon_7756.tre,0.674288
exon_7757.fasta,exon_7757.tre,0.568602
exon_7758.fasta,exon_7758.tre,0.402569
exon_7759.fasta,exon_7759.tre,0.456475
exon_7761.fasta,exon_7761.tre,1.282110
exon_7762.fasta,exon_7762.tre,0.857900
exon_7763.fasta,exon_7763.tre,0.623098
exon_7764.fasta,exon_7764.tre,0.837595
exon_7765.fasta,exon_7765.tre,0.481693
exon_7766.fasta,exon_7766.tre,1.350710
exon_7767.fasta,exon_7767.tre,0.896113
exon_7771.fasta,exon_7771.tre,0.555684
exon_7772.fasta,exon_7772.tre,0.675749
exon_7773.fasta,exon_7773.tre,0.504027
exon_7774.fasta,exon_7774.tre,0.654412
exon_7775.fasta,exon_7775.tre,0.511658
exon_7776.fasta,exon_7776.tre,0.519911
exon_7778.fasta,exon_7778.tre,0.407982
exon_778.fasta,exon_778.tre,0.515033
exon_7781.fasta,exon_7781.tre,1.176154
exon_7785.fasta,exon_7785.tre,0.584566
exon_7786.fasta,exon_7786.tre,0.392842
exon_7787.fasta,exon_7787.tre,0.613312
exon_7789.fasta,exon_7789.tre,0.366121
exon_7791.fasta,exon_7791.tre,0.503631
exon_7792.fasta,exon_7792.tre,1.635293
exon_7793.fasta,exon_7793.tre,0.584815
exon_7794.fasta,exon_7794.tre,0.517814
exon_7795.fasta,exon_7795.tre,0.370143
exon_7799.fasta,exon_7799.tre,0.552357
exon_78.fasta,exon_78.tre,0.706600
exon_7800.fasta,exon_7800.tre,0.633504
exon_7801.fasta,exon_7801.tre,0.408367
exon_7802.fasta,exon_7802.tre,1.456309
exon_7804.fasta,exon_7804.tre,0.438629
exon_7805.fasta,exon_7805.tre,0.466536
exon_7806.fasta,exon_7806.tre,0.468446
exon_7807.fasta,exon_7807.tre,0.421242
exon_7808.fasta,exon_7808.tre,0.462596
exon_781.fasta,exon_781.tre,0.493041
exon_7810.fasta,exon_7810.tre,0.301342
exon_7811.fasta,exon_7811.tre,0.573765
exon_7812.fasta,exon_7812.tre,0.328679
exon_7813.fasta,exon_7813.tre,0.541706
exon_7814.fasta,exon_7814.tre,0.486652
exon_7815.fasta,exon_7815.tre,0.537898
exon_7818.fasta,exon_7818.tre,0.539504
exon_7819.fasta,exon_7819.tre,0.478720
exon_782.fasta,exon_782.tre,1.089909
exon_7820.fasta,exon_7820.tre,0.628745
exon_7821.fasta,exon_7821.tre,0.462487
exon_7822.fasta,exon_7822.tre,0.478878
exon_7823.fasta,exon_7823.tre,0.655854
exon_7826.fasta,exon_7826.tre,0.722916
exon_7827.fasta,exon_7827.tre,0.526204
exon_7829.fasta,exon_7829.tre,0.429703
exon_7830.fasta,exon_7830.tre,0.523997
exon_7831.fasta,exon_7831.tre,0.545753
exon_7832.fasta,exon_7832.tre,0.374625
exon_7833.fasta,exon_7833.tre,0.488684
exon_7834.fasta,exon_7834.tre,0.768928
exon_7835.fasta,exon_7835.tre,0.711946
exon_7837.fasta,exon_7837.tre,0.283020
exon_7839.fasta,exon_7839.tre,0.488024
exon_784.fasta,exon_784.tre,0.700871
exon_7840.fasta,exon_7840.tre,0.497619
exon_7841.fasta,exon_7841.tre,0.562421
exon_7842.fasta,exon_7842.tre,0.544126
exon_7843.fasta,exon_7843.tre,0.450730
exon_7844.fasta,exon_7844.tre,0.515832
exon_7845.fasta,exon_7845.tre,1.206247
exon_7846.fasta,exon_7846.tre,0.473087
exon_7848.fasta,exon_7848.tre,0.376953
exon_7849.fasta,exon_7849.tre,0.312501
exon_7856.fasta,exon_7856.tre,0.525924
exon_7857.fasta,exon_7857.tre,0.386398
exon_7858.fasta,exon_7858.tre,0.435272
exon_7859.fasta,exon_7859.tre,0.481914
exon_786.fasta,exon_786.tre,0.562509
exon_7860.fasta,exon_7860.tre,0.490666
exon_7861.fasta,exon_7861.tre,0.487464
exon_7862.fasta,exon_7862.tre,0.686683
exon_7863.fasta,exon_7863.tre,0.485603
exon_7864.fasta,exon_7864.tre,0.327799
exon_7865.fasta,exon_7865.tre,0.631072
exon_7867.fasta,exon_7867.tre,0.397629
exon_7868.fasta,exon_7868.tre,0.418676
exon_7869.fasta,exon_7869.tre,0.555637
exon_7870.fasta,exon_7870.tre,0.522297
exon_7872.fasta,exon_7872.tre,0.502340
exon_7875.fasta,exon_7875.tre,0.548726
exon_7877.fasta,exon_7877.tre,0.528982
exon_7878.fasta,exon_7878.tre,0.635898
exon_7879.fasta,exon_7879.tre,0.416861
exon_7880.fasta,exon_7880.tre,0.631183
exon_7881.fasta,exon_7881.tre,0.720366
exon_7882.fasta,exon_7882.tre,1.231009
exon_7884.fasta,exon_7884.tre,0.597207
exon_7886.fasta,exon_7886.tre,0.492582
exon_7887.fasta,exon_7887.tre,0.622488
exon_7888.fasta,exon_7888.tre,0.488016
exon_7889.fasta,exon_7889.tre,0.425807
exon_789.fasta,exon_789.tre,0.576287
exon_7890.fasta,exon_7890.tre,0.755048
exon_7891.fasta,exon_7891.tre,0.894270
exon_7892.fasta,exon_7892.tre,0.519094
exon_7894.fasta,exon_7894.tre,0.442531
exon_7895.fasta,exon_7895.tre,0.660372
exon_7896.fasta,exon_7896.tre,0.543763
exon_7898.fasta,exon_7898.tre,0.427964
exon_7899.fasta,exon_7899.tre,0.348709
exon_79.fasta,exon_79.tre,2.255173
exon_7900.fasta,exon_7900.tre,1.490015
exon_7903.fasta,exon_7903.tre,0.524499
exon_7904.fasta,exon_7904.tre,0.376598
exon_7905.fasta,exon_7905.tre,0.558451
exon_7906.fasta,exon_7906.tre,0.682024
exon_7907.fasta,exon_7907.tre,0.335226
exon_7908.fasta,exon_7908.tre,0.310187
exon_7912.fasta,exon_7912.tre,0.361254
exon_7914.fasta,exon_7914.tre,0.478353
exon_7915.fasta,exon_7915.tre,0.465689
exon_7916.fasta,exon_7916.tre,0.479181
exon_7917.fasta,exon_7917.tre,0.408207
exon_7918.fasta,exon_7918.tre,1.738245
exon_792.fasta,exon_792.tre,0.793533
exon_7920.fasta,exon_7920.tre,0.396777
exon_7922.fasta,exon_7922.tre,0.450579
exon_7923.fasta,exon_7923.tre,0.407508
exon_7924.fasta,exon_7924.tre,0.469427
exon_7926.fasta,exon_7926.tre,0.511497
exon_7928.fasta,exon_7928.tre,0.575609
exon_7929.fasta,exon_7929.tre,0.508773
exon_7931.fasta,exon_7931.tre,0.882130
exon_7932.fasta,exon_7932.tre,0.543829
exon_7933.fasta,exon_7933.tre,0.600997
exon_7934.fasta,exon_7934.tre,0.521155
exon_7936.fasta,exon_7936.tre,0.467208
exon_7937.fasta,exon_7937.tre,0.608151
exon_7940.fasta,exon_7940.tre,2.252076
exon_7942.fasta,exon_7942.tre,0.513175
exon_7943.fasta,exon_7943.tre,0.470310
exon_7944.fasta,exon_7944.tre,0.579395
exon_7945.fasta,exon_7945.tre,0.504977
exon_7947.fasta,exon_7947.tre,0.480690
exon_7948.fasta,exon_7948.tre,0.711645
exon_7949.fasta,exon_7949.tre,0.428198
exon_795.fasta,exon_795.tre,0.493710
exon_7954.fasta,exon_7954.tre,0.521554
exon_7955.fasta,exon_7955.tre,0.632088
exon_7956.fasta,exon_7956.tre,0.463299
exon_7957.fasta,exon_7957.tre,0.528900
exon_7958.fasta,exon_7958.tre,0.476378
exon_7959.fasta,exon_7959.tre,0.599510
exon_7960.fasta,exon_7960.tre,0.310491
exon_7962.fasta,exon_7962.tre,0.511857
exon_7963.fasta,exon_7963.tre,0.589411
exon_7964.fasta,exon_7964.tre,0.498905
exon_7968.fasta,exon_7968.tre,1.035216
exon_7969.fasta,exon_7969.tre,2.523382
exon_7970.fasta,exon_7970.tre,0.438796
exon_7971.fasta,exon_7971.tre,0.454153
exon_7975.fasta,exon_7975.tre,0.459008
exon_7976.fasta,exon_7976.tre,0.426468
exon_7977.fasta,exon_7977.tre,0.780419
exon_7979.fasta,exon_7979.tre,0.577897
exon_7980.fasta,exon_7980.tre,0.585676
exon_7981.fasta,exon_7981.tre,0.537221
exon_7982.fasta,exon_7982.tre,0.669023
exon_7983.fasta,exon_7983.tre,0.472739
exon_7984.fasta,exon_7984.tre,0.337648
exon_7985.fasta,exon_7985.tre,0.868092
exon_7986.fasta,exon_7986.tre,0.453600
exon_7987.fasta,exon_7987.tre,0.313168
exon_7988.fasta,exon_7988.tre,0.666740
exon_7989.fasta,exon_7989.tre,0.358289
exon_799.fasta,exon_799.tre,0.492250
exon_7990.fasta,exon_7990.tre,0.402516
exon_7993.fasta,exon_7993.tre,0.504453
exon_7994.fasta,exon_7994.tre,0.974795
exon_7995.fasta,exon_7995.tre,0.499104
exon_7996.fasta,exon_7996.tre,0.601852
exon_7997.fasta,exon_7997.tre,0.470166
exon_7999.fasta,exon_7999.tre,0.455531
exon_8000.fasta,exon_8000.tre,0.524240
exon_8001.fasta,exon_8001.tre,0.493022
exon_8004.fasta,exon_8004.tre,0.626108
exon_8005.fasta,exon_8005.tre,0.499068
exon_8006.fasta,exon_8006.tre,0.494855
exon_8007.fasta,exon_8007.tre,0.381975
exon_8008.fasta,exon_8008.tre,0.528968
exon_8009.fasta,exon_8009.tre,0.587811
exon_801.fasta,exon_801.tre,0.675614
exon_8011.fasta,exon_8011.tre,0.407813
exon_8012.fasta,exon_8012.tre,0.608198
exon_8013.fasta,exon_8013.tre,0.557747
exon_8014.fasta,exon_8014.tre,1.245567
exon_8015.fasta,exon_8015.tre,0.418292
exon_8017.fasta,exon_8017.tre,0.594710
exon_8022.fasta,exon_8022.tre,0.879462
exon_8024.fasta,exon_8024.tre,0.377357
exon_8027.fasta,exon_8027.tre,0.582603
exon_8029.fasta,exon_8029.tre,0.532256
exon_8030.fasta,exon_8030.tre,0.440041
exon_8031.fasta,exon_8031.tre,0.391200
exon_8032.fasta,exon_8032.tre,1.173252
exon_8033.fasta,exon_8033.tre,0.461772
exon_8034.fasta,exon_8034.tre,0.531283
exon_8035.fasta,exon_8035.tre,0.478667
exon_8036.fasta,exon_8036.tre,0.495665
exon_8037.fasta,exon_8037.tre,0.402251
exon_8040.fasta,exon_8040.tre,0.459836
exon_8041.fasta,exon_8041.tre,0.629971
exon_8042.fasta,exon_8042.tre,0.356298
exon_8043.fasta,exon_8043.tre,0.496653
exon_8044.fasta,exon_8044.tre,0.502517
exon_8045.fasta,exon_8045.tre,0.376194
exon_8048.fasta,exon_8048.tre,0.343209
exon_8049.fasta,exon_8049.tre,0.524355
exon_8051.fasta,exon_8051.tre,0.623022
exon_8052.fasta,exon_8052.tre,0.781566
exon_8055.fasta,exon_8055.tre,0.633554
exon_8056.fasta,exon_8056.tre,0.513273
exon_8057.fasta,exon_8057.tre,0.429867
exon_8058.fasta,exon_8058.tre,1.024032
exon_8059.fasta,exon_8059.tre,0.725760
exon_8060.fasta,exon_8060.tre,0.455864
exon_8061.fasta,exon_8061.tre,0.646274
exon_8063.fasta,exon_8063.tre,0.388819
exon_8064.fasta,exon_8064.tre,0.381785
exon_8065.fasta,exon_8065.tre,0.600572
exon_8066.fasta,exon_8066.tre,0.515668
exon_8067.fasta,exon_8067.tre,0.798630
exon_8068.fasta,exon_8068.tre,0.522637
exon_8069.fasta,exon_8069.tre,0.568716
exon_8070.fasta,exon_8070.tre,0.927824
exon_8072.fasta,exon_8072.tre,1.332571
exon_8073.fasta,exon_8073.tre,0.610699
exon_8075.fasta,exon_8075.tre,0.398732
exon_8077.fasta,exon_8077.tre,0.536922
exon_8078.fasta,exon_8078.tre,0.501099
exon_8079.fasta,exon_8079.tre,0.470849
exon_8081.fasta,exon_8081.tre,0.472262
exon_8082.fasta,exon_8082.tre,0.653104
exon_8083.fasta,exon_8083.tre,0.471914
exon_8084.fasta,exon_8084.tre,2.556831
exon_8085.fasta,exon_8085.tre,0.464740
exon_8086.fasta,exon_8086.tre,0.415478
exon_8088.fasta,exon_8088.tre,0.836713
exon_8089.fasta,exon_8089.tre,0.392282
exon_8090.fasta,exon_8090.tre,0.495583
exon_8091.fasta,exon_8091.tre,0.447148
exon_8093.fasta,exon_8093.tre,0.478455
exon_8094.fasta,exon_8094.tre,0.567792
exon_8095.fasta,exon_8095.tre,0.612045
exon_8097.fasta,exon_8097.tre,0.547555
exon_8098.fasta,exon_8098.tre,8.215107
exon_81.fasta,exon_81.tre,0.542731
exon_8102.fasta,exon_8102.tre,1.220508
exon_8103.fasta,exon_8103.tre,0.894773
exon_8104.fasta,exon_8104.tre,0.646117
exon_8106.fasta,exon_8106.tre,0.502627
exon_8107.fasta,exon_8107.tre,0.551515
exon_8109.fasta,exon_8109.tre,0.522606
exon_8110.fasta,exon_8110.tre,0.575614
exon_8112.fasta,exon_8112.tre,0.366245
exon_8113.fasta,exon_8113.tre,0.356118
exon_8114.fasta,exon_8114.tre,0.563904
exon_8116.fasta,exon_8116.tre,0.543082
exon_8117.fasta,exon_8117.tre,0.573241
exon_8118.fasta,exon_8118.tre,0.527723
exon_8119.fasta,exon_8119.tre,0.500247
exon_812.fasta,exon_812.tre,1.080898
exon_8120.fasta,exon_8120.tre,0.678939
exon_8121.fasta,exon_8121.tre,0.860256
exon_8123.fasta,exon_8123.tre,0.369932
exon_8124.fasta,exon_8124.tre,0.556237
exon_8125.fasta,exon_8125.tre,0.539434
exon_8126.fasta,exon_8126.tre,0.641515
exon_8127.fasta,exon_8127.tre,0.349865
exon_8130.fasta,exon_8130.tre,0.415063
exon_8132.fasta,exon_8132.tre,0.955861
exon_8133.fasta,exon_8133.tre,0.781245
exon_8134.fasta,exon_8134.tre,1.554532
exon_8136.fasta,exon_8136.tre,0.583929
exon_8139.fasta,exon_8139.tre,0.467789
exon_8140.fasta,exon_8140.tre,1.040184
exon_8141.fasta,exon_8141.tre,1.061075
exon_8143.fasta,exon_8143.tre,0.535382
exon_8145.fasta,exon_8145.tre,0.470487
exon_8146.fasta,exon_8146.tre,0.402176
exon_8147.fasta,exon_8147.tre,0.668751
exon_815.fasta,exon_815.tre,1.274383
exon_8150.fasta,exon_8150.tre,0.525592
exon_8151.fasta,exon_8151.tre,0.619801
exon_8153.fasta,exon_8153.tre,0.327521
exon_8155.fasta,exon_8155.tre,0.962234
exon_8157.fasta,exon_8157.tre,0.591295
exon_8158.fasta,exon_8158.tre,0.528296
exon_8159.fasta,exon_8159.tre,0.573780
exon_816.fasta,exon_816.tre,0.425314
exon_8160.fasta,exon_8160.tre,0.529059
exon_8161.fasta,exon_8161.tre,0.621869
exon_8162.fasta,exon_8162.tre,0.483293
exon_8164.fasta,exon_8164.tre,0.661621
exon_8165.fasta,exon_8165.tre,0.672818
exon_8166.fasta,exon_8166.tre,0.540740
exon_8167.fasta,exon_8167.tre,1.198205
exon_8168.fasta,exon_8168.tre,0.644480
exon_8170.fasta,exon_8170.tre,0.599243
exon_8171.fasta,exon_8171.tre,0.498425
exon_8172.fasta,exon_8172.tre,0.496128
exon_8174.fasta,exon_8174.tre,0.533775
exon_8176.fasta,exon_8176.tre,0.403448
exon_818.fasta,exon_818.tre,0.448092
exon_8180.fasta,exon_8180.tre,0.497904
exon_8181.fasta,exon_8181.tre,0.448233
exon_8182.fasta,exon_8182.tre,0.590038
exon_8183.fasta,exon_8183.tre,0.478529
exon_8187.fasta,exon_8187.tre,0.509848
exon_8189.fasta,exon_8189.tre,0.673446
exon_8190.fasta,exon_8190.tre,0.459834
exon_8191.fasta,exon_8191.tre,0.490365
exon_8192.fasta,exon_8192.tre,0.382807
exon_8193.fasta,exon_8193.tre,0.436227
exon_8194.fasta,exon_8194.tre,0.394002
exon_8195.fasta,exon_8195.tre,0.656433
exon_8196.fasta,exon_8196.tre,0.684472
exon_8198.fasta,exon_8198.tre,0.318527
exon_8199.fasta,exon_8199.tre,0.514935
exon_82.fasta,exon_82.tre,0.486753
exon_820.fasta,exon_820.tre,0.944956
exon_8200.fasta,exon_8200.tre,0.519627
exon_8201.fasta,exon_8201.tre,0.783148
exon_8202.fasta,exon_8202.tre,0.480269
exon_8203.fasta,exon_8203.tre,0.562265
exon_8204.fasta,exon_8204.tre,0.522121
exon_8205.fasta,exon_8205.tre,0.737885
exon_8208.fasta,exon_8208.tre,0.643063
exon_8210.fasta,exon_8210.tre,0.568329
exon_8211.fasta,exon_8211.tre,2.012272
exon_8213.fasta,exon_8213.tre,0.430673
exon_8214.fasta,exon_8214.tre,0.432290
exon_8215.fasta,exon_8215.tre,0.409622
exon_8216.fasta,exon_8216.tre,0.591066
exon_8217.fasta,exon_8217.tre,0.666408
exon_8218.fasta,exon_8218.tre,0.482207
exon_8219.fasta,exon_8219.tre,1.226159
exon_8220.fasta,exon_8220.tre,0.401341
exon_8221.fasta,exon_8221.tre,1.274035
exon_8222.fasta,exon_8222.tre,0.661453
exon_8223.fasta,exon_8223.tre,0.411312
exon_8225.fasta,exon_8225.tre,0.534482
exon_8226.fasta,exon_8226.tre,0.471829
exon_8227.fasta,exon_8227.tre,0.543994
exon_8228.fasta,exon_8228.tre,0.556936
exon_8229.fasta,exon_8229.tre,0.476321
exon_8230.fasta,exon_8230.tre,0.924360
exon_8232.fasta,exon_8232.tre,1.624338
exon_8234.fasta,exon_8234.tre,0.418217
exon_8236.fasta,exon_8236.tre,0.434638
exon_8237.fasta,exon_8237.tre,0.354751
exon_8238.fasta,exon_8238.tre,0.406267
exon_8239.fasta,exon_8239.tre,0.759082
exon_8240.fasta,exon_8240.tre,0.649670
exon_8242.fasta,exon_8242.tre,0.478645
exon_8244.fasta,exon_8244.tre,0.505430
exon_8246.fasta,exon_8246.tre,0.490347
exon_8247.fasta,exon_8247.tre,1.084691
exon_8249.fasta,exon_8249.tre,0.795986
exon_825.fasta,exon_825.tre,0.930561
exon_8250.fasta,exon_8250.tre,0.597712
exon_8251.fasta,exon_8251.tre,0.297498
exon_8252.fasta,exon_8252.tre,1.002829
exon_8255.fasta,exon_8255.tre,0.362294
exon_8257.fasta,exon_8257.tre,0.350710
exon_8259.fasta,exon_8259.tre,0.311299
exon_826.fasta,exon_826.tre,0.310830
exon_8260.fasta,exon_8260.tre,1.341458
exon_8261.fasta,exon_8261.tre,0.580561
exon_8262.fasta,exon_8262.tre,0.741530
exon_8263.fasta,exon_8263.tre,0.624511
exon_8264.fasta,exon_8264.tre,0.455187
exon_8266.fasta,exon_8266.tre,0.598923
exon_8267.fasta,exon_8267.tre,0.401135
exon_8268.fasta,exon_8268.tre,0.910478
exon_8270.fasta,exon_8270.tre,0.570247
exon_8271.fasta,exon_8271.tre,0.474902
exon_8272.fasta,exon_8272.tre,0.592879
exon_8273.fasta,exon_8273.tre,0.528529
exon_8274.fasta,exon_8274.tre,0.409865
exon_8275.fasta,exon_8275.tre,1.269276
exon_8276.fasta,exon_8276.tre,0.633042
exon_8278.fasta,exon_8278.tre,0.387039
exon_8279.fasta,exon_8279.tre,0.425210
exon_828.fasta,exon_828.tre,0.479751
exon_8280.fasta,exon_8280.tre,0.628512
exon_8281.fasta,exon_8281.tre,0.635655
exon_8282.fasta,exon_8282.tre,0.597133
exon_8283.fasta,exon_8283.tre,0.466155
exon_8284.fasta,exon_8284.tre,0.452352
exon_8285.fasta,exon_8285.tre,0.637700
exon_8286.fasta,exon_8286.tre,0.541124
exon_8287.fasta,exon_8287.tre,0.403225
exon_8288.fasta,exon_8288.tre,0.377807
exon_8289.fasta,exon_8289.tre,4.396434
exon_829.fasta,exon_829.tre,0.473339
exon_8292.fasta,exon_8292.tre,0.349751
exon_8294.fasta,exon_8294.tre,0.477456
exon_8295.fasta,exon_8295.tre,0.380876
exon_8296.fasta,exon_8296.tre,0.494339
exon_8297.fasta,exon_8297.tre,0.652285
exon_8298.fasta,exon_8298.tre,0.611937
exon_8299.fasta,exon_8299.tre,0.468394
exon_8300.fasta,exon_8300.tre,3.862465
exon_8301.fasta,exon_8301.tre,0.488448
exon_8303.fasta,exon_8303.tre,0.547863
exon_8304.fasta,exon_8304.tre,0.454058
exon_8305.fasta,exon_8305.tre,0.368022
exon_8306.fasta,exon_8306.tre,0.308034
exon_8307.fasta,exon_8307.tre,0.851086
exon_8308.fasta,exon_8308.tre,1.594248
exon_8309.fasta,exon_8309.tre,0.361350
exon_8311.fasta,exon_8311.tre,0.730526
exon_8313.fasta,exon_8313.tre,0.658017
exon_8314.fasta,exon_8314.tre,0.609601
exon_8319.fasta,exon_8319.tre,0.391390
exon_832.fasta,exon_832.tre,0.742963
exon_8320.fasta,exon_8320.tre,0.582597
exon_8321.fasta,exon_8321.tre,0.312847
exon_8322.fasta,exon_8322.tre,0.624255
exon_8323.fasta,exon_8323.tre,0.823631
exon_8324.fasta,exon_8324.tre,0.615090
exon_8325.fasta,exon_8325.tre,0.618468
exon_8326.fasta,exon_8326.tre,0.405479
exon_8327.fasta,exon_8327.tre,0.590949
exon_8328.fasta,exon_8328.tre,0.350334
exon_8329.fasta,exon_8329.tre,0.496672
exon_8330.fasta,exon_8330.tre,0.585752
exon_8331.fasta,exon_8331.tre,0.494158
exon_8332.fasta,exon_8332.tre,0.475162
exon_8333.fasta,exon_8333.tre,0.444290
exon_8335.fasta,exon_8335.tre,1.086046
exon_8337.fasta,exon_8337.tre,0.606091
exon_8338.fasta,exon_8338.tre,0.581487
exon_8339.fasta,exon_8339.tre,0.576619
exon_8340.fasta,exon_8340.tre,0.843966
exon_8341.fasta,exon_8341.tre,0.739432
exon_8342.fasta,exon_8342.tre,0.577527
exon_8345.fasta,exon_8345.tre,0.566491
exon_8346.fasta,exon_8346.tre,0.462535
exon_8347.fasta,exon_8347.tre,0.512499
exon_8348.fasta,exon_8348.tre,2.134378
exon_8349.fasta,exon_8349.tre,0.661206
exon_835.fasta,exon_835.tre,0.617156
exon_8350.fasta,exon_8350.tre,0.432445
exon_8351.fasta,exon_8351.tre,0.957850
exon_8352.fasta,exon_8352.tre,0.521707
exon_8353.fasta,exon_8353.tre,0.477873
exon_8354.fasta,exon_8354.tre,0.467203
exon_8355.fasta,exon_8355.tre,0.513572
exon_8356.fasta,exon_8356.tre,0.456691
exon_8357.fasta,exon_8357.tre,0.620203
exon_8358.fasta,exon_8358.tre,0.376718
exon_8359.fasta,exon_8359.tre,0.605275
exon_8360.fasta,exon_8360.tre,0.411976
exon_8361.fasta,exon_8361.tre,0.388973
exon_8362.fasta,exon_8362.tre,0.846474
exon_8363.fasta,exon_8363.tre,0.359519
exon_8365.fasta,exon_8365.tre,0.429277
exon_8366.fasta,exon_8366.tre,0.465048
exon_8367.fasta,exon_8367.tre,0.316993
exon_8368.fasta,exon_8368.tre,1.407456
exon_8369.fasta,exon_8369.tre,0.560980
exon_8370.fasta,exon_8370.tre,0.491698
exon_8371.fasta,exon_8371.tre,0.591122
exon_8373.fasta,exon_8373.tre,0.653248
exon_8374.fasta,exon_8374.tre,1.087814
exon_8375.fasta,exon_8375.tre,0.334537
exon_8376.fasta,exon_8376.tre,0.695496
exon_8378.fasta,exon_8378.tre,0.498297
exon_8379.fasta,exon_8379.tre,0.600143
exon_838.fasta,exon_838.tre,0.563038
exon_8380.fasta,exon_8380.tre,0.498366
exon_8381.fasta,exon_8381.tre,0.523650
exon_8384.fasta,exon_8384.tre,0.766931
exon_8386.fasta,exon_8386.tre,0.351112
exon_8387.fasta,exon_8387.tre,0.603996
exon_8388.fasta,exon_8388.tre,0.510132
exon_8389.fasta,exon_8389.tre,0.676131
exon_8390.fasta,exon_8390.tre,0.896779
exon_8392.fasta,exon_8392.tre,0.326936
exon_8393.fasta,exon_8393.tre,0.805837
exon_8395.fasta,exon_8395.tre,0.616503
exon_8396.fasta,exon_8396.tre,1.017283
exon_8397.fasta,exon_8397.tre,0.375528
exon_8398.fasta,exon_8398.tre,0.548672
exon_84.fasta,exon_84.tre,0.535995
exon_8401.fasta,exon_8401.tre,0.538445
exon_8403.fasta,exon_8403.tre,0.509278
exon_8404.fasta,exon_8404.tre,0.385742
exon_8405.fasta,exon_8405.tre,0.608884
exon_8406.fasta,exon_8406.tre,0.599768
exon_8407.fasta,exon_8407.tre,0.623395
exon_8409.fasta,exon_8409.tre,0.500572
exon_8410.fasta,exon_8410.tre,0.532403
exon_8411.fasta,exon_8411.tre,0.454563
exon_8412.fasta,exon_8412.tre,0.440099
exon_8413.fasta,exon_8413.tre,0.476607
exon_8414.fasta,exon_8414.tre,0.396142
exon_8415.fasta,exon_8415.tre,0.488148
exon_8416.fasta,exon_8416.tre,0.433684
exon_8417.fasta,exon_8417.tre,0.577390
exon_8418.fasta,exon_8418.tre,0.356725
exon_8419.fasta,exon_8419.tre,0.645272
exon_842.fasta,exon_842.tre,0.491840
exon_8420.fasta,exon_8420.tre,0.361826
exon_8421.fasta,exon_8421.tre,0.611731
exon_8422.fasta,exon_8422.tre,0.405414
exon_8423.fasta,exon_8423.tre,0.552967
exon_8424.fasta,exon_8424.tre,0.550721
exon_8427.fasta,exon_8427.tre,0.547009
exon_8428.fasta,exon_8428.tre,0.589420
exon_8429.fasta,exon_8429.tre,6.964185
exon_843.fasta,exon_843.tre,0.751530
exon_8430.fasta,exon_8430.tre,0.481729
exon_8432.fasta,exon_8432.tre,1.035352
exon_8433.fasta,exon_8433.tre,0.603456
exon_8435.fasta,exon_8435.tre,0.487677
exon_8436.fasta,exon_8436.tre,1.462843
exon_8438.fasta,exon_8438.tre,0.432866
exon_8439.fasta,exon_8439.tre,0.489350
exon_844.fasta,exon_844.tre,0.429985
exon_8441.fasta,exon_8441.tre,0.717151
exon_8443.fasta,exon_8443.tre,0.483444
exon_8444.fasta,exon_8444.tre,0.671786
exon_8445.fasta,exon_8445.tre,0.339646
exon_8448.fasta,exon_8448.tre,0.976086
exon_8449.fasta,exon_8449.tre,0.354210
exon_8450.fasta,exon_8450.tre,0.500157
exon_8451.fasta,exon_8451.tre,0.525174
exon_8453.fasta,exon_8453.tre,0.485252
exon_8454.fasta,exon_8454.tre,0.536756
exon_8455.fasta,exon_8455.tre,0.895943
exon_8457.fasta,exon_8457.tre,0.345919
exon_8458.fasta,exon_8458.tre,0.662306
exon_8462.fasta,exon_8462.tre,1.045854
exon_8463.fasta,exon_8463.tre,0.715635
exon_8464.fasta,exon_8464.tre,0.991583
exon_8465.fasta,exon_8465.tre,0.486328
exon_8466.fasta,exon_8466.tre,0.347640
exon_8467.fasta,exon_8467.tre,0.435345
exon_8469.fasta,exon_8469.tre,0.577517
exon_8470.fasta,exon_8470.tre,0.457731
exon_8471.fasta,exon_8471.tre,0.562478
exon_8472.fasta,exon_8472.tre,0.640218
exon_8473.fasta,exon_8473.tre,0.734486
exon_8475.fasta,exon_8475.tre,0.407756
exon_8476.fasta,exon_8476.tre,0.416898
exon_8477.fasta,exon_8477.tre,0.295194
exon_8478.fasta,exon_8478.tre,0.611933
exon_8479.fasta,exon_8479.tre,0.588593
exon_8480.fasta,exon_8480.tre,0.579551
exon_8481.fasta,exon_8481.tre,0.580720
exon_8482.fasta,exon_8482.tre,0.356994
exon_8483.fasta,exon_8483.tre,0.529648
exon_8484.fasta,exon_8484.tre,4.839051
exon_8486.fasta,exon_8486.tre,0.400509
exon_8487.fasta,exon_8487.tre,0.588753
exon_849.fasta,exon_849.tre,0.627447
exon_8490.fasta,exon_8490.tre,1.123593
exon_8493.fasta,exon_8493.tre,0.612194
exon_8494.fasta,exon_8494.tre,2.455195
exon_8496.fasta,exon_8496.tre,0.473714
exon_8497.fasta,exon_8497.tre,0.374909
exon_8498.fasta,exon_8498.tre,0.593394
exon_8499.fasta,exon_8499.tre,0.476068
exon_850.fasta,exon_850.tre,0.471093
exon_8500.fasta,exon_8500.tre,0.542104
exon_8501.fasta,exon_8501.tre,0.508498
exon_8503.fasta,exon_8503.tre,0.401424
exon_8505.fasta,exon_8505.tre,0.553401
exon_8506.fasta,exon_8506.tre,0.587049
exon_8507.fasta,exon_8507.tre,0.564530
exon_851.fasta,exon_851.tre,0.399593
exon_8510.fasta,exon_8510.tre,0.307498
exon_8511.fasta,exon_8511.tre,0.762140
exon_8512.fasta,exon_8512.tre,1.252915
exon_8513.fasta,exon_8513.tre,0.932173
exon_8514.fasta,exon_8514.tre,0.397819
exon_8515.fasta,exon_8515.tre,0.423956
exon_8516.fasta,exon_8516.tre,0.646508
exon_8517.fasta,exon_8517.tre,0.839283
exon_8518.fasta,exon_8518.tre,0.556491
exon_8519.fasta,exon_8519.tre,0.342835
exon_852.fasta,exon_852.tre,0.613986
exon_8520.fasta,exon_8520.tre,0.876563
exon_8521.fasta,exon_8521.tre,1.057760
exon_8522.fasta,exon_8522.tre,0.409470
exon_8523.fasta,exon_8523.tre,0.538152
exon_8524.fasta,exon_8524.tre,0.668654
exon_8526.fasta,exon_8526.tre,0.427810
exon_8527.fasta,exon_8527.tre,0.970830
exon_8528.fasta,exon_8528.tre,0.473318
exon_8531.fasta,exon_8531.tre,1.320669
exon_8532.fasta,exon_8532.tre,0.498580
exon_8534.fasta,exon_8534.tre,0.684398
exon_8535.fasta,exon_8535.tre,0.913755
exon_8536.fasta,exon_8536.tre,0.695042
exon_8537.fasta,exon_8537.tre,0.408045
exon_8539.fasta,exon_8539.tre,0.912832
exon_854.fasta,exon_854.tre,0.602945
exon_8541.fasta,exon_8541.tre,0.559995
exon_8542.fasta,exon_8542.tre,0.730468
exon_8543.fasta,exon_8543.tre,0.543931
exon_8545.fasta,exon_8545.tre,0.358958
exon_8546.fasta,exon_8546.tre,0.625314
exon_8547.fasta,exon_8547.tre,0.564317
exon_8548.fasta,exon_8548.tre,0.461601
exon_8549.fasta,exon_8549.tre,0.507038
exon_855.fasta,exon_855.tre,0.511840
exon_8550.fasta,exon_8550.tre,0.347553
exon_8551.fasta,exon_8551.tre,0.864820
exon_8552.fasta,exon_8552.tre,2.678390
exon_8553.fasta,exon_8553.tre,0.507631
exon_8554.fasta,exon_8554.tre,1.033406
exon_8556.fasta,exon_8556.tre,0.676774
exon_8557.fasta,exon_8557.tre,0.524058
exon_8558.fasta,exon_8558.tre,0.535880
exon_8559.fasta,exon_8559.tre,0.357262
exon_8560.fasta,exon_8560.tre,0.435714
exon_8561.fasta,exon_8561.tre,0.697262
exon_8562.fasta,exon_8562.tre,1.212005
exon_8564.fasta,exon_8564.tre,0.405367
exon_8565.fasta,exon_8565.tre,0.663913
exon_8566.fasta,exon_8566.tre,0.775334
exon_8568.fasta,exon_8568.tre,0.425985
exon_8569.fasta,exon_8569.tre,0.436633
exon_8571.fasta,exon_8571.tre,0.503366
exon_8572.fasta,exon_8572.tre,0.533295
exon_8573.fasta,exon_8573.tre,0.367690
exon_8574.fasta,exon_8574.tre,0.605609
exon_8575.fasta,exon_8575.tre,0.382652
exon_8576.fasta,exon_8576.tre,0.557173
exon_8577.fasta,exon_8577.tre,0.476432
exon_8579.fasta,exon_8579.tre,0.359518
exon_858.fasta,exon_858.tre,0.864621
exon_8580.fasta,exon_8580.tre,0.924559
exon_8581.fasta,exon_8581.tre,0.640197
exon_8582.fasta,exon_8582.tre,0.427173
exon_8583.fasta,exon_8583.tre,0.394624
exon_8586.fasta,exon_8586.tre,0.616754
exon_8587.fasta,exon_8587.tre,0.839987
exon_8589.fasta,exon_8589.tre,0.529639
exon_859.fasta,exon_859.tre,0.390071
exon_8591.fasta,exon_8591.tre,0.736871
exon_8592.fasta,exon_8592.tre,0.566828
exon_8594.fasta,exon_8594.tre,0.706301
exon_8595.fasta,exon_8595.tre,0.603489
exon_8598.fasta,exon_8598.tre,0.421492
exon_8599.fasta,exon_8599.tre,0.550273
exon_860.fasta,exon_860.tre,0.449894
exon_8600.fasta,exon_8600.tre,0.649952
exon_8602.fasta,exon_8602.tre,0.396751
exon_8603.fasta,exon_8603.tre,0.350293
exon_8604.fasta,exon_8604.tre,0.548428
exon_8605.fasta,exon_8605.tre,0.968567
exon_8606.fasta,exon_8606.tre,0.526390
exon_8607.fasta,exon_8607.tre,0.665168
exon_8608.fasta,exon_8608.tre,0.794585
exon_8609.fasta,exon_8609.tre,0.351304
exon_8610.fasta,exon_8610.tre,0.338542
exon_8611.fasta,exon_8611.tre,0.413138
exon_8612.fasta,exon_8612.tre,0.500126
exon_8613.fasta,exon_8613.tre,0.641413
exon_8615.fasta,exon_8615.tre,0.402552
exon_8617.fasta,exon_8617.tre,0.579686
exon_8618.fasta,exon_8618.tre,0.407785
exon_862.fasta,exon_862.tre,1.877528
exon_8620.fasta,exon_8620.tre,0.604162
exon_8621.fasta,exon_8621.tre,0.449388
exon_8623.fasta,exon_8623.tre,0.420326
exon_8625.fasta,exon_8625.tre,0.489095
exon_8626.fasta,exon_8626.tre,0.586337
exon_8627.fasta,exon_8627.tre,0.535951
exon_8628.fasta,exon_8628.tre,0.635464
exon_8629.fasta,exon_8629.tre,0.357368
exon_863.fasta,exon_863.tre,0.506104
exon_8630.fasta,exon_8630.tre,0.936490
exon_8633.fasta,exon_8633.tre,0.478825
exon_8634.fasta,exon_8634.tre,0.329312
exon_8635.fasta,exon_8635.tre,0.335733
exon_8636.fasta,exon_8636.tre,0.359291
exon_8637.fasta,exon_8637.tre,0.387920
exon_8639.fasta,exon_8639.tre,0.543390
exon_864.fasta,exon_864.tre,0.539793
exon_8640.fasta,exon_8640.tre,0.537632
exon_8641.fasta,exon_8641.tre,0.324898
exon_8642.fasta,exon_8642.tre,0.481004
exon_8643.fasta,exon_8643.tre,0.350640
exon_8644.fasta,exon_8644.tre,0.590552
exon_8646.fasta,exon_8646.tre,0.566612
exon_8648.fasta,exon_8648.tre,0.401497
exon_8649.fasta,exon_8649.tre,0.592155
exon_8651.fasta,exon_8651.tre,0.540898
exon_8653.fasta,exon_8653.tre,0.554155
exon_8654.fasta,exon_8654.tre,0.448513
exon_8655.fasta,exon_8655.tre,0.470953
exon_8656.fasta,exon_8656.tre,0.456213
exon_8658.fasta,exon_8658.tre,0.497996
exon_8659.fasta,exon_8659.tre,0.996853
exon_866.fasta,exon_866.tre,0.938388
exon_8660.fasta,exon_8660.tre,0.322055
exon_8662.fasta,exon_8662.tre,0.602417
exon_8663.fasta,exon_8663.tre,0.399092
exon_8664.fasta,exon_8664.tre,0.634478
exon_8665.fasta,exon_8665.tre,0.387336
exon_8666.fasta,exon_8666.tre,1.658906
exon_8667.fasta,exon_8667.tre,0.521368
exon_8668.fasta,exon_8668.tre,0.555883
exon_8669.fasta,exon_8669.tre,0.559671
exon_8671.fasta,exon_8671.tre,0.588177
exon_8673.fasta,exon_8673.tre,0.470798
exon_8674.fasta,exon_8674.tre,0.519563
exon_8675.fasta,exon_8675.tre,0.484058
exon_8676.fasta,exon_8676.tre,0.632176
exon_8677.fasta,exon_8677.tre,0.404705
exon_8679.fasta,exon_8679.tre,1.211425
exon_868.fasta,exon_868.tre,0.593307
exon_8680.fasta,exon_8680.tre,0.488339
exon_8681.fasta,exon_8681.tre,0.368237
exon_8682.fasta,exon_8682.tre,0.535422
exon_8683.fasta,exon_8683.tre,0.906060
exon_8685.fasta,exon_8685.tre,0.377645
exon_8686.fasta,exon_8686.tre,0.797857
exon_8688.fasta,exon_8688.tre,0.507937
exon_869.fasta,exon_869.tre,0.520257
exon_8690.fasta,exon_8690.tre,0.512866
exon_8691.fasta,exon_8691.tre,0.446302
exon_8692.fasta,exon_8692.tre,0.458016
exon_8694.fasta,exon_8694.tre,0.520183
exon_8695.fasta,exon_8695.tre,0.309722
exon_8696.fasta,exon_8696.tre,0.644141
exon_8697.fasta,exon_8697.tre,0.545125
exon_8698.fasta,exon_8698.tre,0.465986
exon_8699.fasta,exon_8699.tre,0.518075
exon_870.fasta,exon_870.tre,0.482538
exon_8700.fasta,exon_8700.tre,0.626258
exon_8701.fasta,exon_8701.tre,0.543863
exon_8702.fasta,exon_8702.tre,0.517100
exon_8703.fasta,exon_8703.tre,0.360911
exon_8704.fasta,exon_8704.tre,0.462737
exon_8706.fasta,exon_8706.tre,0.727948
exon_8707.fasta,exon_8707.tre,0.796398
exon_8708.fasta,exon_8708.tre,0.363874
exon_871.fasta,exon_871.tre,0.864565
exon_8712.fasta,exon_8712.tre,0.566769
exon_8713.fasta,exon_8713.tre,0.860582
exon_8714.fasta,exon_8714.tre,0.455922
exon_8715.fasta,exon_8715.tre,0.602889
exon_8716.fasta,exon_8716.tre,0.532523
exon_8717.fasta,exon_8717.tre,0.676060
exon_8719.fasta,exon_8719.tre,0.439794
exon_8720.fasta,exon_8720.tre,1.749938
exon_8721.fasta,exon_8721.tre,0.659796
exon_8722.fasta,exon_8722.tre,0.447854
exon_8723.fasta,exon_8723.tre,1.571815
exon_8724.fasta,exon_8724.tre,0.523865
exon_8726.fasta,exon_8726.tre,0.526012
exon_8727.fasta,exon_8727.tre,0.357949
exon_8728.fasta,exon_8728.tre,0.513428
exon_8729.fasta,exon_8729.tre,0.953146
exon_8731.fasta,exon_8731.tre,0.524497
exon_8732.fasta,exon_8732.tre,0.558245
exon_8735.fasta,exon_8735.tre,0.610931
exon_8736.fasta,exon_8736.tre,0.579544
exon_8738.fasta,exon_8738.tre,0.606701
exon_8742.fasta,exon_8742.tre,0.381312
exon_8743.fasta,exon_8743.tre,0.572424
exon_8744.fasta,exon_8744.tre,0.908712
exon_8745.fasta,exon_8745.tre,0.506758
exon_8746.fasta,exon_8746.tre,0.430311
exon_8747.fasta,exon_8747.tre,0.461500
exon_8748.fasta,exon_8748.tre,0.528621
exon_8749.fasta,exon_8749.tre,0.408886
exon_8750.fasta,exon_8750.tre,0.702317
exon_8752.fasta,exon_8752.tre,2.306790
exon_8753.fasta,exon_8753.tre,0.366545
exon_8754.fasta,exon_8754.tre,0.653850
exon_8755.fasta,exon_8755.tre,0.489571
exon_8756.fasta,exon_8756.tre,0.654228
exon_8758.fasta,exon_8758.tre,0.560941
exon_8759.fasta,exon_8759.tre,0.499269
exon_8760.fasta,exon_8760.tre,0.609640
exon_8761.fasta,exon_8761.tre,0.750687
exon_8763.fasta,exon_8763.tre,0.627176
exon_8766.fasta,exon_8766.tre,0.395568
exon_8768.fasta,exon_8768.tre,0.399756
exon_8769.fasta,exon_8769.tre,0.422132
exon_877.fasta,exon_877.tre,0.666447
exon_8770.fasta,exon_8770.tre,1.092072
exon_8771.fasta,exon_8771.tre,0.546626
exon_8772.fasta,exon_8772.tre,0.486521
exon_8773.fasta,exon_8773.tre,0.512403
exon_8774.fasta,exon_8774.tre,0.618434
exon_8775.fasta,exon_8775.tre,1.444341
exon_8776.fasta,exon_8776.tre,0.659304
exon_8777.fasta,exon_8777.tre,0.542844
exon_8778.fasta,exon_8778.tre,0.605570
exon_8779.fasta,exon_8779.tre,0.628481
exon_878.fasta,exon_878.tre,0.565870
exon_8780.fasta,exon_8780.tre,0.591171
exon_8782.fasta,exon_8782.tre,0.496724
exon_8783.fasta,exon_8783.tre,0.495253
exon_8785.fasta,exon_8785.tre,0.489962
exon_8787.fasta,exon_8787.tre,0.603478
exon_8788.fasta,exon_8788.tre,0.530018
exon_879.fasta,exon_879.tre,0.380909
exon_8790.fasta,exon_8790.tre,0.567923
exon_8791.fasta,exon_8791.tre,0.666120
exon_8792.fasta,exon_8792.tre,0.540824
exon_8794.fasta,exon_8794.tre,0.384163
exon_8795.fasta,exon_8795.tre,0.425723
exon_8796.fasta,exon_8796.tre,1.462487
exon_8797.fasta,exon_8797.tre,0.608108
exon_8799.fasta,exon_8799.tre,0.351475
exon_88.fasta,exon_88.tre,0.517936
exon_880.fasta,exon_880.tre,0.617393
exon_8800.fasta,exon_8800.tre,0.507082
exon_8801.fasta,exon_8801.tre,0.478397
exon_8802.fasta,exon_8802.tre,0.566318
exon_8803.fasta,exon_8803.tre,0.470021
exon_8804.fasta,exon_8804.tre,0.821159
exon_8807.fasta,exon_8807.tre,0.454291
exon_8808.fasta,exon_8808.tre,0.336637
exon_8809.fasta,exon_8809.tre,0.326580
exon_8811.fasta,exon_8811.tre,0.614605
exon_8813.fasta,exon_8813.tre,0.582935
exon_8814.fasta,exon_8814.tre,0.504386
exon_8815.fasta,exon_8815.tre,1.450598
exon_8816.fasta,exon_8816.tre,0.573148
exon_8818.fasta,exon_8818.tre,0.478579
exon_8820.fasta,exon_8820.tre,0.528733
exon_8821.fasta,exon_8821.tre,0.523576
exon_8825.fasta,exon_8825.tre,0.710350
exon_8827.fasta,exon_8827.tre,0.465773
exon_8828.fasta,exon_8828.tre,2.571505
exon_8829.fasta,exon_8829.tre,0.598458
exon_883.fasta,exon_883.tre,1.270944
exon_8831.fasta,exon_8831.tre,0.602801
exon_8832.fasta,exon_8832.tre,0.376696
exon_8833.fasta,exon_8833.tre,0.709188
exon_8834.fasta,exon_8834.tre,1.133308
exon_8836.fasta,exon_8836.tre,0.525687
exon_8837.fasta,exon_8837.tre,0.525193
exon_8838.fasta,exon_8838.tre,1.389560
exon_8839.fasta,exon_8839.tre,0.615560
exon_8840.fasta,exon_8840.tre,1.848906
exon_8841.fasta,exon_8841.tre,0.600524
exon_8843.fasta,exon_8843.tre,0.481426
exon_8844.fasta,exon_8844.tre,0.477826
exon_8845.fasta,exon_8845.tre,0.403926
exon_8846.fasta,exon_8846.tre,0.526958
exon_8847.fasta,exon_8847.tre,0.397094
exon_8848.fasta,exon_8848.tre,0.527999
exon_8849.fasta,exon_8849.tre,0.574429
exon_885.fasta,exon_885.tre,0.497844
exon_8851.fasta,exon_8851.tre,0.435184
exon_8852.fasta,exon_8852.tre,0.471510
exon_8854.fasta,exon_8854.tre,0.737688
exon_8857.fasta,exon_8857.tre,0.551803
exon_8858.fasta,exon_8858.tre,2.986560
exon_8859.fasta,exon_8859.tre,0.593807
exon_8860.fasta,exon_8860.tre,0.771718
exon_8861.fasta,exon_8861.tre,1.127442
exon_8862.fasta,exon_8862.tre,0.322352
exon_8863.fasta,exon_8863.tre,0.449923
exon_8864.fasta,exon_8864.tre,0.515673
exon_8865.fasta,exon_8865.tre,0.634278
exon_8866.fasta,exon_8866.tre,0.561010
exon_8867.fasta,exon_8867.tre,0.482223
exon_8868.fasta,exon_8868.tre,0.473501
exon_8869.fasta,exon_8869.tre,0.514028
exon_8870.fasta,exon_8870.tre,0.480910
exon_8871.fasta,exon_8871.tre,0.580836
exon_8872.fasta,exon_8872.tre,0.429291
exon_8873.fasta,exon_8873.tre,0.315275
exon_8874.fasta,exon_8874.tre,0.463823
exon_8876.fasta,exon_8876.tre,1.081591
exon_8877.fasta,exon_8877.tre,0.584611
exon_8878.fasta,exon_8878.tre,0.752310
exon_8879.fasta,exon_8879.tre,0.750439
exon_888.fasta,exon_888.tre,0.373354
exon_8880.fasta,exon_8880.tre,0.785156
exon_8883.fasta,exon_8883.tre,0.561087
exon_8884.fasta,exon_8884.tre,0.489869
exon_8885.fasta,exon_8885.tre,0.483393
exon_8886.fasta,exon_8886.tre,0.605626
exon_8887.fasta,exon_8887.tre,1.050449
exon_8888.fasta,exon_8888.tre,0.579360
exon_8889.fasta,exon_8889.tre,0.706141
exon_8890.fasta,exon_8890.tre,0.489199
exon_8894.fasta,exon_8894.tre,1.835652
exon_8895.fasta,exon_8895.tre,0.475465
exon_8896.fasta,exon_8896.tre,0.416093
exon_8897.fasta,exon_8897.tre,0.475040
exon_89.fasta,exon_89.tre,0.466271
exon_890.fasta,exon_890.tre,0.483698
exon_8901.fasta,exon_8901.tre,0.575758
exon_8903.fasta,exon_8903.tre,0.506004
exon_8904.fasta,exon_8904.tre,0.683321
exon_8905.fasta,exon_8905.tre,0.383065
exon_8906.fasta,exon_8906.tre,0.353159
exon_8907.fasta,exon_8907.tre,0.628123
exon_8908.fasta,exon_8908.tre,0.377389
exon_8909.fasta,exon_8909.tre,2.699263
exon_8912.fasta,exon_8912.tre,1.083644
exon_8913.fasta,exon_8913.tre,0.470222
exon_8914.fasta,exon_8914.tre,0.531347
exon_8915.fasta,exon_8915.tre,0.571410
exon_8916.fasta,exon_8916.tre,0.588463
exon_8917.fasta,exon_8917.tre,0.323062
exon_8918.fasta,exon_8918.tre,0.500691
exon_8919.fasta,exon_8919.tre,0.501002
exon_8920.fasta,exon_8920.tre,0.415621
exon_8921.fasta,exon_8921.tre,0.520755
exon_8922.fasta,exon_8922.tre,0.334638
exon_8923.fasta,exon_8923.tre,0.429600
exon_8924.fasta,exon_8924.tre,0.480298
exon_8925.fasta,exon_8925.tre,0.526853
exon_8926.fasta,exon_8926.tre,1.000498
exon_8927.fasta,exon_8927.tre,0.919084
exon_8929.fasta,exon_8929.tre,0.407455
exon_893.fasta,exon_893.tre,0.362021
exon_8930.fasta,exon_8930.tre,0.503256
exon_8931.fasta,exon_8931.tre,0.350254
exon_8932.fasta,exon_8932.tre,0.398613
exon_8933.fasta,exon_8933.tre,0.558403
exon_8935.fasta,exon_8935.tre,0.355199
exon_8937.fasta,exon_8937.tre,0.547500
exon_8939.fasta,exon_8939.tre,0.603936
exon_8940.fasta,exon_8940.tre,0.645660
exon_8942.fasta,exon_8942.tre,0.833090
exon_8943.fasta,exon_8943.tre,0.401507
exon_8944.fasta,exon_8944.tre,0.399086
exon_8945.fasta,exon_8945.tre,0.735463
exon_8946.fasta,exon_8946.tre,0.499879
exon_8947.fasta,exon_8947.tre,0.535465
exon_8948.fasta,exon_8948.tre,0.537614
exon_8949.fasta,exon_8949.tre,0.461478
exon_895.fasta,exon_895.tre,0.477653
exon_8950.fasta,exon_8950.tre,0.337497
exon_8952.fasta,exon_8952.tre,0.611614
exon_8954.fasta,exon_8954.tre,1.337150
exon_8955.fasta,exon_8955.tre,0.919293
exon_8956.fasta,exon_8956.tre,0.547888
exon_8957.fasta,exon_8957.tre,0.517674
exon_8958.fasta,exon_8958.tre,0.356903
exon_8959.fasta,exon_8959.tre,0.376617
exon_8961.fasta,exon_8961.tre,0.707498
exon_8965.fasta,exon_8965.tre,0.358147
exon_8966.fasta,exon_8966.tre,0.517486
exon_8967.fasta,exon_8967.tre,0.526159
exon_8968.fasta,exon_8968.tre,0.553808
exon_8969.fasta,exon_8969.tre,0.514024
exon_8971.fasta,exon_8971.tre,0.555594
exon_8972.fasta,exon_8972.tre,0.557521
exon_8973.fasta,exon_8973.tre,0.461140
exon_8974.fasta,exon_8974.tre,0.350050
exon_8977.fasta,exon_8977.tre,0.478897
exon_8979.fasta,exon_8979.tre,0.541031
exon_898.fasta,exon_898.tre,0.686904
exon_8980.fasta,exon_8980.tre,0.716134
exon_8981.fasta,exon_8981.tre,0.616488
exon_8982.fasta,exon_8982.tre,0.454768
exon_8983.fasta,exon_8983.tre,0.577228
exon_8984.fasta,exon_8984.tre,0.591959
exon_8985.fasta,exon_8985.tre,0.559320
exon_8986.fasta,exon_8986.tre,0.517157
exon_8987.fasta,exon_8987.tre,1.174675
exon_8988.fasta,exon_8988.tre,0.660532
exon_8989.fasta,exon_8989.tre,0.311168
exon_8991.fasta,exon_8991.tre,0.473150
exon_8992.fasta,exon_8992.tre,0.427723
exon_8994.fasta,exon_8994.tre,0.525267
exon_8995.fasta,exon_8995.tre,0.374179
exon_8996.fasta,exon_8996.tre,0.567446
exon_8997.fasta,exon_8997.tre,0.320762
exon_8998.fasta,exon_8998.tre,0.593350
exon_8999.fasta,exon_8999.tre,0.612177
exon_90.fasta,exon_90.tre,0.528451
exon_9000.fasta,exon_9000.tre,0.545497
exon_9002.fasta,exon_9002.tre,0.659945
exon_9004.fasta,exon_9004.tre,0.584394
exon_9005.fasta,exon_9005.tre,0.478852
exon_9006.fasta,exon_9006.tre,0.491082
exon_9008.fasta,exon_9008.tre,0.369199
exon_9009.fasta,exon_9009.tre,0.575822
exon_9010.fasta,exon_9010.tre,0.489660
exon_9011.fasta,exon_9011.tre,0.569811
exon_9012.fasta,exon_9012.tre,1.150700
exon_9013.fasta,exon_9013.tre,0.457929
exon_9014.fasta,exon_9014.tre,0.326146
exon_9015.fasta,exon_9015.tre,0.558933
exon_9019.fasta,exon_9019.tre,0.578253
exon_9020.fasta,exon_9020.tre,1.445480
exon_9021.fasta,exon_9021.tre,1.131398
exon_9022.fasta,exon_9022.tre,0.545130
exon_9023.fasta,exon_9023.tre,0.557875
exon_9024.fasta,exon_9024.tre,0.536663
exon_9025.fasta,exon_9025.tre,0.529680
exon_9026.fasta,exon_9026.tre,0.480159
exon_9028.fasta,exon_9028.tre,0.490493
exon_9029.fasta,exon_9029.tre,0.426597
exon_903.fasta,exon_903.tre,0.543786
exon_9030.fasta,exon_9030.tre,0.719235
exon_9031.fasta,exon_9031.tre,0.675695
exon_9032.fasta,exon_9032.tre,0.766116
exon_9033.fasta,exon_9033.tre,0.552685
exon_9034.fasta,exon_9034.tre,0.905288
exon_9035.fasta,exon_9035.tre,0.798965
exon_9036.fasta,exon_9036.tre,0.355461
exon_9038.fasta,exon_9038.tre,0.500367
exon_9039.fasta,exon_9039.tre,0.321982
exon_9040.fasta,exon_9040.tre,0.814408
exon_9041.fasta,exon_9041.tre,0.640577
exon_9042.fasta,exon_9042.tre,0.598447
exon_9043.fasta,exon_9043.tre,0.535170
exon_9044.fasta,exon_9044.tre,0.483753
exon_9045.fasta,exon_9045.tre,0.507123
exon_9047.fasta,exon_9047.tre,0.400552
exon_9049.fasta,exon_9049.tre,0.542904
exon_9053.fasta,exon_9053.tre,0.495364
exon_9056.fasta,exon_9056.tre,0.483359
exon_9057.fasta,exon_9057.tre,1.712357
exon_9058.fasta,exon_9058.tre,0.634479
exon_9062.fasta,exon_9062.tre,0.564584
exon_9063.fasta,exon_9063.tre,0.490259
exon_9064.fasta,exon_9064.tre,0.363735
exon_9065.fasta,exon_9065.tre,0.614967
exon_9066.fasta,exon_9066.tre,0.569095
exon_9068.fasta,exon_9068.tre,0.497962
exon_9069.fasta,exon_9069.tre,0.707302
exon_907.fasta,exon_907.tre,0.613463
exon_9070.fasta,exon_9070.tre,0.397539
exon_9071.fasta,exon_9071.tre,1.581960
exon_9073.fasta,exon_9073.tre,0.511903
exon_9074.fasta,exon_9074.tre,0.579750
exon_9075.fasta,exon_9075.tre,1.610092
exon_9077.fasta,exon_9077.tre,0.575922
exon_9078.fasta,exon_9078.tre,0.467262
exon_9079.fasta,exon_9079.tre,0.413823
exon_908.fasta,exon_908.tre,0.637928
exon_9082.fasta,exon_9082.tre,1.441356
exon_9083.fasta,exon_9083.tre,0.485340
exon_9084.fasta,exon_9084.tre,0.519399
exon_9085.fasta,exon_9085.tre,0.648245
exon_9087.fasta,exon_9087.tre,0.466008
exon_9088.fasta,exon_9088.tre,0.424134
exon_9090.fasta,exon_9090.tre,0.357244
exon_9091.fasta,exon_9091.tre,0.653637
exon_9093.fasta,exon_9093.tre,0.423533
exon_9094.fasta,exon_9094.tre,0.702393
exon_9098.fasta,exon_9098.tre,0.485060
exon_91.fasta,exon_91.tre,0.600322
exon_910.fasta,exon_910.tre,0.410412
exon_9100.fasta,exon_9100.tre,0.620682
exon_9101.fasta,exon_9101.tre,0.503595
exon_9103.fasta,exon_9103.tre,0.497715
exon_9105.fasta,exon_9105.tre,3.088687
exon_9106.fasta,exon_9106.tre,0.480481
exon_9107.fasta,exon_9107.tre,0.549119
exon_9110.fasta,exon_9110.tre,0.552096
exon_9114.fasta,exon_9114.tre,0.487961
exon_9115.fasta,exon_9115.tre,0.577171
exon_9117.fasta,exon_9117.tre,0.550411
exon_9118.fasta,exon_9118.tre,0.845468
exon_9119.fasta,exon_9119.tre,0.506283
exon_9121.fasta,exon_9121.tre,0.306670
exon_9123.fasta,exon_9123.tre,0.540519
exon_9125.fasta,exon_9125.tre,0.600224
exon_9126.fasta,exon_9126.tre,0.322394
exon_9129.fasta,exon_9129.tre,0.537039
exon_9130.fasta,exon_9130.tre,0.690609
exon_9132.fasta,exon_9132.tre,0.554852
exon_9133.fasta,exon_9133.tre,0.564533
exon_9134.fasta,exon_9134.tre,0.566325
exon_9135.fasta,exon_9135.tre,0.679849
exon_9136.fasta,exon_9136.tre,0.511607
exon_9137.fasta,exon_9137.tre,0.528032
exon_9138.fasta,exon_9138.tre,0.695772
exon_9139.fasta,exon_9139.tre,0.440825
exon_914.fasta,exon_914.tre,0.468232
exon_9141.fasta,exon_9141.tre,0.529477
exon_9142.fasta,exon_9142.tre,0.431750
exon_9144.fasta,exon_9144.tre,0.616781
exon_9145.fasta,exon_9145.tre,0.663855
exon_9147.fasta,exon_9147.tre,0.647427
exon_9148.fasta,exon_9148.tre,0.649942
exon_915.fasta,exon_915.tre,0.764122
exon_9150.fasta,exon_9150.tre,0.567728
exon_9151.fasta,exon_9151.tre,0.385308
exon_9152.fasta,exon_9152.tre,0.508890
exon_9153.fasta,exon_9153.tre,0.324631
exon_9154.fasta,exon_9154.tre,0.446828
exon_9155.fasta,exon_9155.tre,0.489146
exon_9156.fasta,exon_9156.tre,0.420288
exon_9157.fasta,exon_9157.tre,0.821438
exon_9158.fasta,exon_9158.tre,0.750982
exon_9159.fasta,exon_9159.tre,0.455389
exon_916.fasta,exon_916.tre,0.708853
exon_9162.fasta,exon_9162.tre,0.550720
exon_9164.fasta,exon_9164.tre,0.495148
exon_9166.fasta,exon_9166.tre,0.558033
exon_9167.fasta,exon_9167.tre,0.419275
exon_9168.fasta,exon_9168.tre,0.513297
exon_9169.fasta,exon_9169.tre,0.524499
exon_917.fasta,exon_917.tre,0.509484
exon_9170.fasta,exon_9170.tre,0.791196
exon_9171.fasta,exon_9171.tre,0.405735
exon_9172.fasta,exon_9172.tre,0.920290
exon_9173.fasta,exon_9173.tre,0.358311
exon_9174.fasta,exon_9174.tre,0.516439
exon_9175.fasta,exon_9175.tre,0.412369
exon_9176.fasta,exon_9176.tre,0.394848
exon_9177.fasta,exon_9177.tre,1.186532
exon_9178.fasta,exon_9178.tre,0.454262
exon_9179.fasta,exon_9179.tre,0.577216
exon_918.fasta,exon_918.tre,0.656886
exon_9180.fasta,exon_9180.tre,0.457420
exon_9182.fasta,exon_9182.tre,0.606480
exon_9183.fasta,exon_9183.tre,0.547400
exon_9184.fasta,exon_9184.tre,0.631864
exon_9185.fasta,exon_9185.tre,0.376021
exon_9186.fasta,exon_9186.tre,0.686258
exon_9187.fasta,exon_9187.tre,0.506968
exon_9188.fasta,exon_9188.tre,0.630831
exon_919.fasta,exon_919.tre,0.355468
exon_9190.fasta,exon_9190.tre,0.356840
exon_9191.fasta,exon_9191.tre,0.776347
exon_9192.fasta,exon_9192.tre,0.408192
exon_9193.fasta,exon_9193.tre,0.528130
exon_9196.fasta,exon_9196.tre,0.493840
exon_9197.fasta,exon_9197.tre,0.528671
exon_920.fasta,exon_920.tre,0.618914
exon_9200.fasta,exon_9200.tre,0.369105
exon_9201.fasta,exon_9201.tre,1.728267
exon_9203.fasta,exon_9203.tre,0.526255
exon_9205.fasta,exon_9205.tre,0.551993
exon_9206.fasta,exon_9206.tre,0.566038
exon_9207.fasta,exon_9207.tre,0.613463
exon_9208.fasta,exon_9208.tre,0.506252
exon_9209.fasta,exon_9209.tre,0.580022
exon_921.fasta,exon_921.tre,0.418884
exon_9213.fasta,exon_9213.tre,0.595475
exon_9214.fasta,exon_9214.tre,0.443455
exon_9215.fasta,exon_9215.tre,0.480115
exon_9216.fasta,exon_9216.tre,0.403599
exon_9217.fasta,exon_9217.tre,0.412379
exon_9218.fasta,exon_9218.tre,0.513049
exon_9219.fasta,exon_9219.tre,0.778077
exon_9220.fasta,exon_9220.tre,1.783939
exon_9223.fasta,exon_9223.tre,1.966791
exon_9224.fasta,exon_9224.tre,0.482332
exon_9225.fasta,exon_9225.tre,0.520509
exon_9226.fasta,exon_9226.tre,0.485826
exon_9227.fasta,exon_9227.tre,0.411376
exon_9228.fasta,exon_9228.tre,0.427187
exon_9229.fasta,exon_9229.tre,0.559813
exon_923.fasta,exon_923.tre,2.072188
exon_9230.fasta,exon_9230.tre,0.615487
exon_9231.fasta,exon_9231.tre,0.706898
exon_9232.fasta,exon_9232.tre,0.490235
exon_9234.fasta,exon_9234.tre,0.383906
exon_9235.fasta,exon_9235.tre,0.571617
exon_9236.fasta,exon_9236.tre,0.353229
exon_924.fasta,exon_924.tre,0.525985
exon_9240.fasta,exon_9240.tre,0.624422
exon_9241.fasta,exon_9241.tre,0.639735
exon_9242.fasta,exon_9242.tre,0.706295
exon_9243.fasta,exon_9243.tre,0.522423
exon_9244.fasta,exon_9244.tre,0.500513
exon_9246.fasta,exon_9246.tre,0.574667
exon_9247.fasta,exon_9247.tre,0.458814
exon_9248.fasta,exon_9248.tre,0.349593
exon_9249.fasta,exon_9249.tre,0.666251
exon_925.fasta,exon_925.tre,0.621637
exon_9250.fasta,exon_9250.tre,0.586610
exon_9251.fasta,exon_9251.tre,0.765606
exon_9252.fasta,exon_9252.tre,0.415382
exon_9253.fasta,exon_9253.tre,0.552987
exon_9254.fasta,exon_9254.tre,0.704815
exon_9255.fasta,exon_9255.tre,0.526445
exon_9257.fasta,exon_9257.tre,0.466901
exon_9258.fasta,exon_9258.tre,0.526192
exon_9259.fasta,exon_9259.tre,0.410316
exon_926.fasta,exon_926.tre,0.469246
exon_9260.fasta,exon_9260.tre,0.678025
exon_9261.fasta,exon_9261.tre,0.338136
exon_9262.fasta,exon_9262.tre,0.553886
exon_9263.fasta,exon_9263.tre,0.663640
exon_9264.fasta,exon_9264.tre,0.573807
exon_9266.fasta,exon_9266.tre,1.217117
exon_9267.fasta,exon_9267.tre,0.440059
exon_9269.fasta,exon_9269.tre,1.370327
exon_9272.fasta,exon_9272.tre,0.470671
exon_9273.fasta,exon_9273.tre,1.202284
exon_9277.fasta,exon_9277.tre,0.448945
exon_9278.fasta,exon_9278.tre,0.703186
exon_9279.fasta,exon_9279.tre,0.535850
exon_9281.fasta,exon_9281.tre,0.593014
exon_9283.fasta,exon_9283.tre,0.709341
exon_9284.fasta,exon_9284.tre,0.475871
exon_9285.fasta,exon_9285.tre,0.329891
exon_9286.fasta,exon_9286.tre,1.000777
exon_9287.fasta,exon_9287.tre,0.468532
exon_9288.fasta,exon_9288.tre,1.084892
exon_9289.fasta,exon_9289.tre,0.617302
exon_9293.fasta,exon_9293.tre,0.413591
exon_9294.fasta,exon_9294.tre,0.470179
exon_9296.fasta,exon_9296.tre,0.561339
exon_9297.fasta,exon_9297.tre,0.795751
exon_9298.fasta,exon_9298.tre,0.591517
exon_93.fasta,exon_93.tre,0.433737
exon_930.fasta,exon_930.tre,0.360911
exon_9300.fasta,exon_9300.tre,0.612326
exon_9301.fasta,exon_9301.tre,0.381147
exon_9306.fasta,exon_9306.tre,0.558665
exon_9307.fasta,exon_9307.tre,0.673052
exon_9308.fasta,exon_9308.tre,1.429111
exon_9309.fasta,exon_9309.tre,0.737739
exon_931.fasta,exon_931.tre,0.466772
exon_9310.fasta,exon_9310.tre,0.518267
exon_9311.fasta,exon_9311.tre,0.482318
exon_9315.fasta,exon_9315.tre,0.427184
exon_9316.fasta,exon_9316.tre,0.540200
exon_9317.fasta,exon_9317.tre,0.958787
exon_9320.fasta,exon_9320.tre,0.408067
exon_9321.fasta,exon_9321.tre,0.377580
exon_9324.fasta,exon_9324.tre,0.799059
exon_9325.fasta,exon_9325.tre,0.489946
exon_9326.fasta,exon_9326.tre,0.640542
exon_9328.fasta,exon_9328.tre,4.531746
exon_9331.fasta,exon_9331.tre,0.844296
exon_9332.fasta,exon_9332.tre,0.515603
exon_9334.fasta,exon_9334.tre,0.652719
exon_9336.fasta,exon_9336.tre,1.158247
exon_9338.fasta,exon_9338.tre,0.558058
exon_9340.fasta,exon_9340.tre,0.424604
exon_9341.fasta,exon_9341.tre,0.569270
exon_9342.fasta,exon_9342.tre,0.674250
exon_9343.fasta,exon_9343.tre,0.587282
exon_9344.fasta,exon_9344.tre,0.385007
exon_9345.fasta,exon_9345.tre,0.369812
exon_9346.fasta,exon_9346.tre,0.790374
exon_9347.fasta,exon_9347.tre,0.514807
exon_9349.fasta,exon_9349.tre,0.598119
exon_9350.fasta,exon_9350.tre,0.385308
exon_9352.fasta,exon_9352.tre,0.462392
exon_9353.fasta,exon_9353.tre,0.467715
exon_9354.fasta,exon_9354.tre,0.406647
exon_9355.fasta,exon_9355.tre,0.571150
exon_9356.fasta,exon_9356.tre,0.553347
exon_9357.fasta,exon_9357.tre,0.869964
exon_9359.fasta,exon_9359.tre,0.685169
exon_936.fasta,exon_936.tre,1.100856
exon_9361.fasta,exon_9361.tre,0.354691
exon_9362.fasta,exon_9362.tre,1.725394
exon_9364.fasta,exon_9364.tre,0.621959
exon_9365.fasta,exon_9365.tre,0.461231
exon_9366.fasta,exon_9366.tre,0.489596
exon_9367.fasta,exon_9367.tre,1.713212
exon_9368.fasta,exon_9368.tre,0.403556
exon_9369.fasta,exon_9369.tre,0.464635
exon_9370.fasta,exon_9370.tre,1.362080
exon_9371.fasta,exon_9371.tre,0.667311
exon_9372.fasta,exon_9372.tre,0.560278
exon_9373.fasta,exon_9373.tre,0.664876
exon_9374.fasta,exon_9374.tre,0.447186
exon_9375.fasta,exon_9375.tre,0.662038
exon_9377.fasta,exon_9377.tre,0.683829
exon_9378.fasta,exon_9378.tre,0.413393
exon_9379.fasta,exon_9379.tre,0.646048
exon_938.fasta,exon_938.tre,0.625482
exon_9382.fasta,exon_9382.tre,0.557625
exon_9383.fasta,exon_9383.tre,0.416995
exon_9384.fasta,exon_9384.tre,0.655406
exon_9387.fasta,exon_9387.tre,0.890567
exon_9388.fasta,exon_9388.tre,0.554066
exon_9389.fasta,exon_9389.tre,0.673757
exon_9390.fasta,exon_9390.tre,1.116917
exon_9394.fasta,exon_9394.tre,0.299028
exon_9395.fasta,exon_9395.tre,0.613439
exon_9396.fasta,exon_9396.tre,0.502252
exon_9397.fasta,exon_9397.tre,0.468390
exon_9398.fasta,exon_9398.tre,0.510769
exon_940.fasta,exon_940.tre,1.798792
exon_9400.fasta,exon_9400.tre,1.103549
exon_9401.fasta,exon_9401.tre,0.451629
exon_9402.fasta,exon_9402.tre,0.577356
exon_9403.fasta,exon_9403.tre,0.499144
exon_9404.fasta,exon_9404.tre,0.370862
exon_9405.fasta,exon_9405.tre,0.680977
exon_9407.fasta,exon_9407.tre,1.397645
exon_9408.fasta,exon_9408.tre,0.526373
exon_941.fasta,exon_941.tre,0.503882
exon_9410.fasta,exon_9410.tre,0.516577
exon_9412.fasta,exon_9412.tre,0.544410
exon_9413.fasta,exon_9413.tre,0.500140
exon_9414.fasta,exon_9414.tre,0.545057
exon_9415.fasta,exon_9415.tre,0.491353
exon_9417.fasta,exon_9417.tre,1.039579
exon_9418.fasta,exon_9418.tre,0.357440
exon_9419.fasta,exon_9419.tre,0.717547
exon_942.fasta,exon_942.tre,0.800348
exon_9420.fasta,exon_9420.tre,0.347767
exon_9421.fasta,exon_9421.tre,0.628183
exon_9423.fasta,exon_9423.tre,0.527597
exon_9424.fasta,exon_9424.tre,0.727152
exon_9425.fasta,exon_9425.tre,2.023789
exon_9427.fasta,exon_9427.tre,0.687939
exon_9430.fasta,exon_9430.tre,0.391904
exon_9433.fasta,exon_9433.tre,0.413774
exon_9436.fasta,exon_9436.tre,0.352761
exon_9437.fasta,exon_9437.tre,0.369988
exon_9438.fasta,exon_9438.tre,0.686599
exon_9439.fasta,exon_9439.tre,0.424000
exon_9441.fasta,exon_9441.tre,0.565462
exon_9442.fasta,exon_9442.tre,1.138018
exon_9443.fasta,exon_9443.tre,0.357538
exon_9444.fasta,exon_9444.tre,0.529270
exon_9445.fasta,exon_9445.tre,0.378504
exon_9448.fasta,exon_9448.tre,0.346720
exon_9450.fasta,exon_9450.tre,0.342552
exon_9452.fasta,exon_9452.tre,0.568041
exon_9453.fasta,exon_9453.tre,0.406788
exon_9455.fasta,exon_9455.tre,0.616998
exon_9457.fasta,exon_9457.tre,0.586215
exon_9460.fasta,exon_9460.tre,0.782041
exon_9461.fasta,exon_9461.tre,0.422807
exon_9462.fasta,exon_9462.tre,0.481154
exon_9463.fasta,exon_9463.tre,0.666103
exon_9464.fasta,exon_9464.tre,0.638472
exon_9465.fasta,exon_9465.tre,0.506307
exon_9466.fasta,exon_9466.tre,0.399559
exon_9467.fasta,exon_9467.tre,0.531792
exon_947.fasta,exon_947.tre,0.562516
exon_9471.fasta,exon_9471.tre,0.516714
exon_9472.fasta,exon_9472.tre,0.362732
exon_9473.fasta,exon_9473.tre,0.487662
exon_9474.fasta,exon_9474.tre,0.426419
exon_9476.fasta,exon_9476.tre,0.718217
exon_9478.fasta,exon_9478.tre,0.616352
exon_9479.fasta,exon_9479.tre,0.349152
exon_9480.fasta,exon_9480.tre,0.385924
exon_9481.fasta,exon_9481.tre,0.548401
exon_9482.fasta,exon_9482.tre,0.361300
exon_9483.fasta,exon_9483.tre,0.461194
exon_9484.fasta,exon_9484.tre,0.722876
exon_9485.fasta,exon_9485.tre,0.514205
exon_9487.fasta,exon_9487.tre,0.456883
exon_9488.fasta,exon_9488.tre,0.366139
exon_9489.fasta,exon_9489.tre,0.526266
exon_9490.fasta,exon_9490.tre,0.539606
exon_9491.fasta,exon_9491.tre,0.650549
exon_9492.fasta,exon_9492.tre,0.425843
exon_9493.fasta,exon_9493.tre,2.181947
exon_9494.fasta,exon_9494.tre,0.670155
exon_9495.fasta,exon_9495.tre,0.320003
exon_9496.fasta,exon_9496.tre,0.669323
exon_9498.fasta,exon_9498.tre,0.360337
exon_9499.fasta,exon_9499.tre,1.248646
exon_9502.fasta,exon_9502.tre,1.267492
exon_9503.fasta,exon_9503.tre,0.496237
exon_9504.fasta,exon_9504.tre,0.551746
exon_9505.fasta,exon_9505.tre,0.659167
exon_9506.fasta,exon_9506.tre,0.876465
exon_9507.fasta,exon_9507.tre,0.512130
exon_9509.fasta,exon_9509.tre,0.630016
exon_9511.fasta,exon_9511.tre,0.472003
exon_9512.fasta,exon_9512.tre,0.561490
exon_9514.fasta,exon_9514.tre,1.514479
exon_9515.fasta,exon_9515.tre,0.713455
exon_9517.fasta,exon_9517.tre,0.620714
exon_9518.fasta,exon_9518.tre,0.358515
exon_9519.fasta,exon_9519.tre,0.877503
exon_952.fasta,exon_952.tre,0.492477
exon_9520.fasta,exon_9520.tre,0.384820
exon_9521.fasta,exon_9521.tre,0.567418
exon_9524.fasta,exon_9524.tre,0.397091
exon_9525.fasta,exon_9525.tre,0.844282
exon_9526.fasta,exon_9526.tre,0.539539
exon_9527.fasta,exon_9527.tre,0.747297
exon_9528.fasta,exon_9528.tre,0.421754
exon_9529.fasta,exon_9529.tre,0.401738
exon_953.fasta,exon_953.tre,0.408914
exon_9530.fasta,exon_9530.tre,0.925637
exon_9531.fasta,exon_9531.tre,0.546041
exon_9532.fasta,exon_9532.tre,0.670449
exon_9533.fasta,exon_9533.tre,0.519672
exon_9534.fasta,exon_9534.tre,0.386417
exon_9535.fasta,exon_9535.tre,0.600634
exon_9536.fasta,exon_9536.tre,0.415171
exon_9537.fasta,exon_9537.tre,0.361461
exon_9539.fasta,exon_9539.tre,0.558665
exon_954.fasta,exon_954.tre,0.505662
exon_9540.fasta,exon_9540.tre,0.648581
exon_9541.fasta,exon_9541.tre,1.928415
exon_9543.fasta,exon_9543.tre,0.331614
exon_9545.fasta,exon_9545.tre,0.347706
exon_9546.fasta,exon_9546.tre,0.365211
exon_9547.fasta,exon_9547.tre,0.688655
exon_9549.fasta,exon_9549.tre,0.666543
exon_9551.fasta,exon_9551.tre,0.415368
exon_9554.fasta,exon_9554.tre,0.705038
exon_9555.fasta,exon_9555.tre,0.497999
exon_9556.fasta,exon_9556.tre,0.553254
exon_9557.fasta,exon_9557.tre,0.545177
exon_9558.fasta,exon_9558.tre,0.484705
exon_9559.fasta,exon_9559.tre,0.337758
exon_956.fasta,exon_956.tre,0.565611
exon_9560.fasta,exon_9560.tre,0.430145
exon_9561.fasta,exon_9561.tre,0.738084
exon_9562.fasta,exon_9562.tre,0.422568
exon_9563.fasta,exon_9563.tre,0.491360
exon_9564.fasta,exon_9564.tre,0.797945
exon_9565.fasta,exon_9565.tre,0.477117
exon_9566.fasta,exon_9566.tre,0.570978
exon_9567.fasta,exon_9567.tre,0.464163
exon_9568.fasta,exon_9568.tre,0.756979
exon_9569.fasta,exon_9569.tre,0.445842
exon_9570.fasta,exon_9570.tre,0.632802
exon_9571.fasta,exon_9571.tre,0.354112
exon_9572.fasta,exon_9572.tre,0.702733
exon_9573.fasta,exon_9573.tre,0.693287
exon_9575.fasta,exon_9575.tre,0.561327
exon_9577.fasta,exon_9577.tre,0.573390
exon_9578.fasta,exon_9578.tre,0.404651
exon_9579.fasta,exon_9579.tre,0.567879
exon_958.fasta,exon_958.tre,0.484840
exon_9580.fasta,exon_9580.tre,0.796727
exon_9583.fasta,exon_9583.tre,0.491699
exon_9584.fasta,exon_9584.tre,1.032342
exon_9585.fasta,exon_9585.tre,0.389790
exon_9587.fasta,exon_9587.tre,0.732050
exon_9588.fasta,exon_9588.tre,0.549347
exon_9589.fasta,exon_9589.tre,0.554961
exon_959.fasta,exon_959.tre,0.505284
exon_9590.fasta,exon_9590.tre,0.642075
exon_9591.fasta,exon_9591.tre,1.512747
exon_9592.fasta,exon_9592.tre,0.479201
exon_9594.fasta,exon_9594.tre,0.500282
exon_9595.fasta,exon_9595.tre,0.610141
exon_9596.fasta,exon_9596.tre,0.501235
exon_9597.fasta,exon_9597.tre,1.071510
exon_9598.fasta,exon_9598.tre,0.503542
exon_9599.fasta,exon_9599.tre,0.576267
exon_960.fasta,exon_960.tre,0.593482
exon_9600.fasta,exon_9600.tre,1.187156
exon_9601.fasta,exon_9601.tre,0.672733
exon_9602.fasta,exon_9602.tre,0.547314
exon_9603.fasta,exon_9603.tre,0.538019
exon_9604.fasta,exon_9604.tre,0.365676
exon_9605.fasta,exon_9605.tre,0.510438
exon_9606.fasta,exon_9606.tre,0.552666
exon_9607.fasta,exon_9607.tre,0.657397
exon_9608.fasta,exon_9608.tre,0.548527
exon_9609.fasta,exon_9609.tre,0.378323
exon_961.fasta,exon_961.tre,0.327837
exon_9610.fasta,exon_9610.tre,0.357690
exon_9611.fasta,exon_9611.tre,0.576373
exon_9612.fasta,exon_9612.tre,0.728643
exon_9613.fasta,exon_9613.tre,0.623260
exon_9614.fasta,exon_9614.tre,0.367830
exon_9615.fasta,exon_9615.tre,0.634613
exon_9616.fasta,exon_9616.tre,0.640294
exon_9617.fasta,exon_9617.tre,0.414489
exon_9618.fasta,exon_9618.tre,0.916975
exon_962.fasta,exon_962.tre,0.427182
exon_9620.fasta,exon_9620.tre,0.517055
exon_9621.fasta,exon_9621.tre,0.550148
exon_9625.fasta,exon_9625.tre,0.421505
exon_9626.fasta,exon_9626.tre,0.613044
exon_9627.fasta,exon_9627.tre,0.404331
exon_9629.fasta,exon_9629.tre,0.435821
exon_9630.fasta,exon_9630.tre,0.547557
exon_9632.fasta,exon_9632.tre,0.765039
exon_9633.fasta,exon_9633.tre,1.261678
exon_9634.fasta,exon_9634.tre,0.546520
exon_9635.fasta,exon_9635.tre,0.447381
exon_9636.fasta,exon_9636.tre,0.546365
exon_9637.fasta,exon_9637.tre,2.672267
exon_9639.fasta,exon_9639.tre,1.750996
exon_9642.fasta,exon_9642.tre,0.561975
exon_9643.fasta,exon_9643.tre,0.729339
exon_9644.fasta,exon_9644.tre,0.736183
exon_9645.fasta,exon_9645.tre,0.333164
exon_9646.fasta,exon_9646.tre,0.578430
exon_9647.fasta,exon_9647.tre,0.349900
exon_9648.fasta,exon_9648.tre,0.512766
exon_9649.fasta,exon_9649.tre,0.611545
exon_965.fasta,exon_965.tre,0.440696
exon_9651.fasta,exon_9651.tre,0.626006
exon_9653.fasta,exon_9653.tre,0.455964
exon_9654.fasta,exon_9654.tre,0.561214
exon_9655.fasta,exon_9655.tre,0.661234
exon_9658.fasta,exon_9658.tre,0.593332
exon_9659.fasta,exon_9659.tre,0.995214
exon_966.fasta,exon_966.tre,0.408602
exon_9660.fasta,exon_9660.tre,0.868441
exon_9663.fasta,exon_9663.tre,0.356848
exon_9664.fasta,exon_9664.tre,0.498086
exon_9666.fasta,exon_9666.tre,0.543667
exon_9668.fasta,exon_9668.tre,0.323048
exon_9670.fasta,exon_9670.tre,0.711334
exon_9672.fasta,exon_9672.tre,0.406376
exon_9673.fasta,exon_9673.tre,0.457447
exon_9674.fasta,exon_9674.tre,0.490411
exon_9675.fasta,exon_9675.tre,0.704688
exon_9676.fasta,exon_9676.tre,0.471917
exon_9678.fasta,exon_9678.tre,1.383019
exon_9680.fasta,exon_9680.tre,0.551482
exon_9681.fasta,exon_9681.tre,0.939077
exon_9682.fasta,exon_9682.tre,0.420400
exon_9686.fasta,exon_9686.tre,0.616754
exon_9687.fasta,exon_9687.tre,0.590154
exon_9688.fasta,exon_9688.tre,0.664611
exon_9689.fasta,exon_9689.tre,0.512488
exon_969.fasta,exon_969.tre,1.158913
exon_9690.fasta,exon_9690.tre,0.584444
exon_9692.fasta,exon_9692.tre,0.389552
exon_9696.fasta,exon_9696.tre,0.674417
exon_9697.fasta,exon_9697.tre,0.774977
exon_9699.fasta,exon_9699.tre,0.627148
exon_9701.fasta,exon_9701.tre,0.863935
exon_9702.fasta,exon_9702.tre,0.638217
exon_9703.fasta,exon_9703.tre,0.342917
exon_9705.fasta,exon_9705.tre,0.928644
exon_9706.fasta,exon_9706.tre,0.345664
exon_9707.fasta,exon_9707.tre,0.794888
exon_9708.fasta,exon_9708.tre,0.502517
exon_9710.fasta,exon_9710.tre,0.598152
exon_9711.fasta,exon_9711.tre,0.529634
exon_9712.fasta,exon_9712.tre,0.476905
exon_9714.fasta,exon_9714.tre,0.402824
exon_9717.fasta,exon_9717.tre,0.399643
exon_9719.fasta,exon_9719.tre,0.568120
exon_9721.fasta,exon_9721.tre,0.366165
exon_9722.fasta,exon_9722.tre,0.531919
exon_9724.fasta,exon_9724.tre,0.458645
exon_9725.fasta,exon_9725.tre,1.132710
exon_9726.fasta,exon_9726.tre,0.580449
exon_9727.fasta,exon_9727.tre,0.431104
exon_9728.fasta,exon_9728.tre,0.383977
exon_9729.fasta,exon_9729.tre,0.575830
exon_9730.fasta,exon_9730.tre,0.675433
exon_9731.fasta,exon_9731.tre,0.541895
exon_9732.fasta,exon_9732.tre,0.632718
exon_9733.fasta,exon_9733.tre,0.475260
exon_9734.fasta,exon_9734.tre,0.516064
exon_9735.fasta,exon_9735.tre,0.504914
exon_9737.fasta,exon_9737.tre,0.396757
exon_9738.fasta,exon_9738.tre,0.525909
exon_9739.fasta,exon_9739.tre,0.461682
exon_974.fasta,exon_974.tre,0.413244
exon_9741.fasta,exon_9741.tre,0.611067
exon_9743.fasta,exon_9743.tre,0.355906
exon_9744.fasta,exon_9744.tre,0.568700
exon_9745.fasta,exon_9745.tre,0.563922
exon_9747.fasta,exon_9747.tre,1.832284
exon_9748.fasta,exon_9748.tre,0.615265
exon_9749.fasta,exon_9749.tre,0.396885
exon_975.fasta,exon_975.tre,0.459339
exon_9750.fasta,exon_9750.tre,0.378442
exon_9751.fasta,exon_9751.tre,0.886415
exon_9752.fasta,exon_9752.tre,0.669960
exon_9755.fasta,exon_9755.tre,0.481614
exon_9757.fasta,exon_9757.tre,0.444618
exon_9759.fasta,exon_9759.tre,0.492833
exon_976.fasta,exon_976.tre,0.674863
exon_9760.fasta,exon_9760.tre,0.610948
exon_9763.fasta,exon_9763.tre,1.472100
exon_9765.fasta,exon_9765.tre,0.400215
exon_9769.fasta,exon_9769.tre,0.607884
exon_977.fasta,exon_977.tre,0.528670
exon_9770.fasta,exon_9770.tre,2.684999
exon_9773.fasta,exon_9773.tre,1.730915
exon_9774.fasta,exon_9774.tre,0.764217
exon_9775.fasta,exon_9775.tre,0.551464
exon_9777.fasta,exon_9777.tre,0.532015
exon_9778.fasta,exon_9778.tre,1.373809
exon_9781.fasta,exon_9781.tre,1.638630
exon_9782.fasta,exon_9782.tre,0.404499
exon_9783.fasta,exon_9783.tre,1.136985
exon_9785.fasta,exon_9785.tre,0.471107
exon_9786.fasta,exon_9786.tre,0.556377
exon_9787.fasta,exon_9787.tre,0.535119
exon_9788.fasta,exon_9788.tre,0.517717
exon_9789.fasta,exon_9789.tre,0.504888
exon_979.fasta,exon_979.tre,0.456342
exon_9790.fasta,exon_9790.tre,0.543421
exon_9791.fasta,exon_9791.tre,0.408979
exon_9793.fasta,exon_9793.tre,0.740971
exon_9794.fasta,exon_9794.tre,0.502263
exon_9795.fasta,exon_9795.tre,0.340909
exon_9796.fasta,exon_9796.tre,0.520257
exon_9797.fasta,exon_9797.tre,0.562485
exon_9798.fasta,exon_9798.tre,0.619490
exon_9799.fasta,exon_9799.tre,2.289570
exon_98.fasta,exon_98.tre,0.609439
exon_980.fasta,exon_980.tre,0.416138
exon_9800.fasta,exon_9800.tre,0.330986
exon_9802.fasta,exon_9802.tre,0.452978
exon_9803.fasta,exon_9803.tre,0.589034
exon_9804.fasta,exon_9804.tre,0.490265
exon_9805.fasta,exon_9805.tre,0.427947
exon_9808.fasta,exon_9808.tre,0.636226
exon_9809.fasta,exon_9809.tre,1.068438
exon_9810.fasta,exon_9810.tre,0.495251
exon_9811.fasta,exon_9811.tre,0.504002
exon_9812.fasta,exon_9812.tre,0.492687
exon_9814.fasta,exon_9814.tre,0.662551
exon_9815.fasta,exon_9815.tre,0.529904
exon_9817.fasta,exon_9817.tre,0.621423
exon_9818.fasta,exon_9818.tre,0.552482
exon_9819.fasta,exon_9819.tre,0.452760
exon_9820.fasta,exon_9820.tre,0.368341
exon_9821.fasta,exon_9821.tre,0.496676
exon_9823.fasta,exon_9823.tre,0.829877
exon_9825.fasta,exon_9825.tre,0.547273
exon_9828.fasta,exon_9828.tre,0.534605
exon_9829.fasta,exon_9829.tre,0.545906
exon_983.fasta,exon_983.tre,0.786676
exon_9830.fasta,exon_9830.tre,0.739087
exon_9831.fasta,exon_9831.tre,0.690742
exon_9834.fasta,exon_9834.tre,1.146880
exon_9836.fasta,exon_9836.tre,0.601153
exon_9837.fasta,exon_9837.tre,0.506063
exon_9838.fasta,exon_9838.tre,0.555647
exon_9839.fasta,exon_9839.tre,0.358051
exon_984.fasta,exon_984.tre,0.631742
exon_9840.fasta,exon_9840.tre,0.632093
exon_9841.fasta,exon_9841.tre,0.534797
exon_9844.fasta,exon_9844.tre,0.698656
exon_9847.fasta,exon_9847.tre,0.327466
exon_9848.fasta,exon_9848.tre,0.467575
exon_9849.fasta,exon_9849.tre,1.287859
exon_985.fasta,exon_985.tre,0.493963
exon_9850.fasta,exon_9850.tre,0.829218
exon_9853.fasta,exon_9853.tre,0.369103
exon_9854.fasta,exon_9854.tre,0.403777
exon_9855.fasta,exon_9855.tre,0.561378
exon_9856.fasta,exon_9856.tre,0.553931
exon_9858.fasta,exon_9858.tre,0.412952
exon_9859.fasta,exon_9859.tre,0.747273
exon_9860.fasta,exon_9860.tre,0.624448
exon_9861.fasta,exon_9861.tre,0.634883
exon_9863.fasta,exon_9863.tre,1.915769
exon_9864.fasta,exon_9864.tre,0.587303
exon_9865.fasta,exon_9865.tre,0.633851
exon_9867.fasta,exon_9867.tre,0.476394
exon_9868.fasta,exon_9868.tre,0.656770
exon_9869.fasta,exon_9869.tre,0.721079
exon_987.fasta,exon_987.tre,0.594548
exon_9872.fasta,exon_9872.tre,0.474765
exon_9873.fasta,exon_9873.tre,0.697671
exon_9874.fasta,exon_9874.tre,0.538746
exon_9875.fasta,exon_9875.tre,0.607766
exon_9876.fasta,exon_9876.tre,0.654555
exon_9877.fasta,exon_9877.tre,0.833082
exon_988.fasta,exon_988.tre,0.475250
exon_9880.fasta,exon_9880.tre,0.414907
exon_9881.fasta,exon_9881.tre,0.715876
exon_9882.fasta,exon_9882.tre,0.496307
exon_9884.fasta,exon_9884.tre,0.478107
exon_9885.fasta,exon_9885.tre,0.879126
exon_9886.fasta,exon_9886.tre,0.585444
exon_9887.fasta,exon_9887.tre,0.394903
exon_9888.fasta,exon_9888.tre,0.580689
exon_9889.fasta,exon_9889.tre,0.592496
exon_989.fasta,exon_989.tre,0.571034
exon_9890.fasta,exon_9890.tre,0.407512
exon_9891.fasta,exon_9891.tre,0.527454
exon_9892.fasta,exon_9892.tre,0.513262
exon_9893.fasta,exon_9893.tre,0.520360
exon_9894.fasta,exon_9894.tre,1.478311
exon_9895.fasta,exon_9895.tre,0.717784
exon_9897.fasta,exon_9897.tre,0.531095
exon_9898.fasta,exon_9898.tre,0.586510
exon_99.fasta,exon_99.tre,0.488759
exon_990.fasta,exon_990.tre,0.536474
exon_9900.fasta,exon_9900.tre,0.495966
exon_9901.fasta,exon_9901.tre,0.369912
exon_9902.fasta,exon_9902.tre,0.560984
exon_9904.fasta,exon_9904.tre,0.607309
exon_9905.fasta,exon_9905.tre,1.056371
exon_9908.fasta,exon_9908.tre,1.532959
exon_9909.fasta,exon_9909.tre,0.485564
exon_991.fasta,exon_991.tre,0.532971
exon_9910.fasta,exon_9910.tre,0.756113
exon_9911.fasta,exon_9911.tre,0.510670
exon_9912.fasta,exon_9912.tre,0.417992
exon_9914.fasta,exon_9914.tre,0.492455
exon_9915.fasta,exon_9915.tre,0.530643
exon_9916.fasta,exon_9916.tre,0.365729
exon_9917.fasta,exon_9917.tre,0.514691
exon_9918.fasta,exon_9918.tre,0.638266
exon_9919.fasta,exon_9919.tre,0.657478
exon_9920.fasta,exon_9920.tre,0.507421
exon_9921.fasta,exon_9921.tre,0.418180
exon_9924.fasta,exon_9924.tre,0.524247
exon_9925.fasta,exon_9925.tre,0.594300
exon_9926.fasta,exon_9926.tre,0.512522
exon_9927.fasta,exon_9927.tre,0.586871
exon_9928.fasta,exon_9928.tre,0.667479
exon_9929.fasta,exon_9929.tre,0.901629
exon_9930.fasta,exon_9930.tre,0.436857
exon_9931.fasta,exon_9931.tre,0.818464
exon_9932.fasta,exon_9932.tre,0.651233
exon_9933.fasta,exon_9933.tre,0.581589
exon_9935.fasta,exon_9935.tre,0.521042
exon_9936.fasta,exon_9936.tre,0.718612
exon_9938.fasta,exon_9938.tre,0.540887
exon_9939.fasta,exon_9939.tre,1.183117
exon_994.fasta,exon_994.tre,0.688924
exon_9940.fasta,exon_9940.tre,0.653600
exon_9941.fasta,exon_9941.tre,1.092114
exon_9942.fasta,exon_9942.tre,0.503413
exon_9945.fasta,exon_9945.tre,0.714557
exon_9947.fasta,exon_9947.tre,0.576631
exon_9949.fasta,exon_9949.tre,0.656311
exon_995.fasta,exon_995.tre,0.388049
exon_9950.fasta,exon_9950.tre,0.379443
exon_9951.fasta,exon_9951.tre,0.369551
exon_9953.fasta,exon_9953.tre,0.385178
exon_9954.fasta,exon_9954.tre,0.390286
exon_9955.fasta,exon_9955.tre,0.491561
exon_9956.fasta,exon_9956.tre,0.458306
exon_9958.fasta,exon_9958.tre,0.411311
exon_9959.fasta,exon_9959.tre,0.480639
exon_996.fasta,exon_996.tre,0.727641
exon_9960.fasta,exon_9960.tre,0.520523
exon_9961.fasta,exon_9961.tre,0.426628
exon_9962.fasta,exon_9962.tre,0.421664
exon_9963.fasta,exon_9963.tre,0.518160
exon_9964.fasta,exon_9964.tre,0.516390
exon_9965.fasta,exon_9965.tre,0.506999
exon_9966.fasta,exon_9966.tre,0.569936
exon_9969.fasta,exon_9969.tre,0.506555
exon_997.fasta,exon_997.tre,0.585806
exon_9970.fasta,exon_9970.tre,0.608089
exon_9971.fasta,exon_9971.tre,0.479433
exon_9973.fasta,exon_9973.tre,0.740364
exon_9974.fasta,exon_9974.tre,0.597963
exon_9975.fasta,exon_9975.tre,0.655757
exon_9977.fasta,exon_9977.tre,0.554528
exon_9978.fasta,exon_9978.tre,0.598874
exon_9979.fasta,exon_9979.tre,0.310297
exon_9983.fasta,exon_9983.tre,0.672525
exon_9984.fasta,exon_9984.tre,0.514344
exon_9985.fasta,exon_9985.tre,0.586717
exon_9986.fasta,exon_9986.tre,0.747380
exon_9988.fasta,exon_9988.tre,0.594600
exon_9991.fasta,exon_9991.tre,0.776215
exon_9992.fasta,exon_9992.tre,0.499238
exon_9994.fasta,exon_9994.tre,0.340054
exon_9995.fasta,exon_9995.tre,0.478644
exon_9996.fasta,exon_9996.tre,0.390456
exon_9998.fasta,exon_9998.tre,0.356263
exon_9999.fasta,exon_9999.tre,0.734108
intron_1000.fasta,intron_1000.tre,0.355363
intron_10002.fasta,intron_10002.tre,11.171278
intron_10006.fasta,intron_10006.tre,0.414837
intron_10007.fasta,intron_10007.tre,21.257170
intron_10008.fasta,intron_10008.tre,0.955205
intron_10009.fasta,intron_10009.tre,4.324243
intron_1001.fasta,intron_1001.tre,11.355201
intron_10011.fasta,intron_10011.tre,8.489981
intron_10015.fasta,intron_10015.tre,0.476433
intron_10016.fasta,intron_10016.tre,15.688875
intron_10018.fasta,intron_10018.tre,1.460046
intron_10024.fasta,intron_10024.tre,8.144197
intron_10031.fasta,intron_10031.tre,7.141174
intron_10035.fasta,intron_10035.tre,0.830594
intron_10043.fasta,intron_10043.tre,1.457269
intron_10049.fasta,intron_10049.tre,4.292564
intron_1006.fasta,intron_1006.tre,4.480920
intron_10068.fasta,intron_10068.tre,4.211318
intron_10077.fasta,intron_10077.tre,0.801960
intron_10079.fasta,intron_10079.tre,0.457651
intron_10081.fasta,intron_10081.tre,1.988159
intron_10086.fasta,intron_10086.tre,0.330884
intron_10109.fasta,intron_10109.tre,0.709383
intron_10122.fasta,intron_10122.tre,0.911343
intron_10128.fasta,intron_10128.tre,0.455845
intron_1013.fasta,intron_1013.tre,9.906656
intron_10139.fasta,intron_10139.tre,1.446368
intron_10140.fasta,intron_10140.tre,2.321109
intron_1015.fasta,intron_1015.tre,0.507284
intron_10151.fasta,intron_10151.tre,4.556924
intron_10159.fasta,intron_10159.tre,16.699376
intron_10161.fasta,intron_10161.tre,0.260938
intron_10167.fasta,intron_10167.tre,0.768485
intron_10169.fasta,intron_10169.tre,0.365692
intron_10178.fasta,intron_10178.tre,21.476029
intron_10185.fasta,intron_10185.tre,0.962842
intron_10191.fasta,intron_10191.tre,4.378861
intron_10196.fasta,intron_10196.tre,15.133849
intron_1020.fasta,intron_1020.tre,0.355141
intron_10207.fasta,intron_10207.tre,1.404472
intron_1021.fasta,intron_1021.tre,1.377852
intron_10210.fasta,intron_10210.tre,7.060291
intron_10212.fasta,intron_10212.tre,0.594815
intron_10216.fasta,intron_10216.tre,1.229411
intron_10219.fasta,intron_10219.tre,5.058284
intron_1022.fasta,intron_1022.tre,8.215911
intron_10225.fasta,intron_10225.tre,1.228497
intron_10228.fasta,intron_10228.tre,8.099802
intron_10230.fasta,intron_10230.tre,1.266100
intron_10232.fasta,intron_10232.tre,3.628563
intron_10235.fasta,intron_10235.tre,11.070849
intron_10238.fasta,intron_10238.tre,15.602112
intron_10240.fasta,intron_10240.tre,3.525905
intron_10244.fasta,intron_10244.tre,8.678710
intron_10245.fasta,intron_10245.tre,7.149343
intron_10255.fasta,intron_10255.tre,0.608815
intron_1026.fasta,intron_1026.tre,0.521493
intron_10262.fasta,intron_10262.tre,4.436823
intron_10266.fasta,intron_10266.tre,15.404330
intron_10276.fasta,intron_10276.tre,1.595108
intron_1028.fasta,intron_1028.tre,0.764458
intron_10288.fasta,intron_10288.tre,1.553370
intron_10291.fasta,intron_10291.tre,4.766328
intron_10292.fasta,intron_10292.tre,1.820993
intron_1030.fasta,intron_1030.tre,0.664658
intron_10300.fasta,intron_10300.tre,0.638933
intron_10306.fasta,intron_10306.tre,11.021532
intron_10307.fasta,intron_10307.tre,1.604492
intron_10310.fasta,intron_10310.tre,2.344246
intron_10313.fasta,intron_10313.tre,0.485960
intron_10315.fasta,intron_10315.tre,3.161330
intron_10318.fasta,intron_10318.tre,1.800497
intron_10319.fasta,intron_10319.tre,0.943346
intron_10322.fasta,intron_10322.tre,0.588587
intron_10327.fasta,intron_10327.tre,0.442680
intron_10333.fasta,intron_10333.tre,1.007334
intron_10337.fasta,intron_10337.tre,1.986086
intron_10338.fasta,intron_10338.tre,11.349219
intron_10343.fasta,intron_10343.tre,1.207440
intron_10345.fasta,intron_10345.tre,5.949145
intron_10347.fasta,intron_10347.tre,0.758238
intron_10350.fasta,intron_10350.tre,1.230147
intron_10371.fasta,intron_10371.tre,0.625074
intron_10375.fasta,intron_10375.tre,6.192593
intron_1038.fasta,intron_1038.tre,0.986317
intron_10381.fasta,intron_10381.tre,0.754964
intron_10383.fasta,intron_10383.tre,2.599751
intron_10385.fasta,intron_10385.tre,1.453668
intron_1039.fasta,intron_1039.tre,0.342486
intron_10390.fasta,intron_10390.tre,18.518821
intron_10395.fasta,intron_10395.tre,0.272686
intron_10408.fasta,intron_10408.tre,7.388365
intron_10409.fasta,intron_10409.tre,8.231407
intron_10413.fasta,intron_10413.tre,5.634445
intron_10417.fasta,intron_10417.tre,6.605368
intron_10423.fasta,intron_10423.tre,11.361962
intron_10426.fasta,intron_10426.tre,2.450125
intron_10438.fasta,intron_10438.tre,8.176360
intron_1044.fasta,intron_1044.tre,0.334244
intron_10449.fasta,intron_10449.tre,2.272763
intron_10451.fasta,intron_10451.tre,0.466630
intron_10452.fasta,intron_10452.tre,4.841805
intron_10454.fasta,intron_10454.tre,1.386758
intron_10456.fasta,intron_10456.tre,3.527430
intron_10462.fasta,intron_10462.tre,0.945498
intron_1047.fasta,intron_1047.tre,0.432541
intron_10471.fasta,intron_10471.tre,3.429210
intron_10472.fasta,intron_10472.tre,4.047803
intron_1048.fasta,intron_1048.tre,0.401796
intron_10486.fasta,intron_10486.tre,5.471707
intron_1049.fasta,intron_1049.tre,2.772109
intron_10492.fasta,intron_10492.tre,5.543038
intron_10493.fasta,intron_10493.tre,2.135389
intron_10495.fasta,intron_10495.tre,1.813036
intron_10496.fasta,intron_10496.tre,13.216090
intron_10499.fasta,intron_10499.tre,0.420368
intron_10506.fasta,intron_10506.tre,1.322231
intron_10518.fasta,intron_10518.tre,5.236177
intron_10521.fasta,intron_10521.tre,3.093557
intron_10530.fasta,intron_10530.tre,0.528206
intron_10534.fasta,intron_10534.tre,2.457470
intron_10535.fasta,intron_10535.tre,16.693963
intron_10537.fasta,intron_10537.tre,19.470276
intron_10538.fasta,intron_10538.tre,11.180597
intron_10540.fasta,intron_10540.tre,13.965919
intron_10544.fasta,intron_10544.tre,0.655551
intron_1055.fasta,intron_1055.tre,0.277278
intron_10555.fasta,intron_10555.tre,4.660070
intron_10563.fasta,intron_10563.tre,1.266322
intron_10567.fasta,intron_10567.tre,3.523778
intron_10574.fasta,intron_10574.tre,1.308885
intron_10578.fasta,intron_10578.tre,0.460999
intron_10582.fasta,intron_10582.tre,4.866794
intron_10587.fasta,intron_10587.tre,1.680454
intron_1059.fasta,intron_1059.tre,16.187301
intron_10591.fasta,intron_10591.tre,4.853119
intron_10599.fasta,intron_10599.tre,2.832715
intron_10600.fasta,intron_10600.tre,2.681105
intron_10608.fasta,intron_10608.tre,2.861615
intron_10615.fasta,intron_10615.tre,2.475207
intron_10623.fasta,intron_10623.tre,2.070999
intron_10634.fasta,intron_10634.tre,0.595180
intron_10636.fasta,intron_10636.tre,3.198215
intron_10639.fasta,intron_10639.tre,1.736859
intron_10650.fasta,intron_10650.tre,9.043638
intron_10653.fasta,intron_10653.tre,0.505707
intron_10654.fasta,intron_10654.tre,3.548206
intron_10656.fasta,intron_10656.tre,1.548457
intron_10669.fasta,intron_10669.tre,2.867090
intron_1067.fasta,intron_1067.tre,0.369201
intron_10671.fasta,intron_10671.tre,11.292886
intron_10680.fasta,intron_10680.tre,2.540948
intron_10682.fasta,intron_10682.tre,1.387770
intron_10689.fasta,intron_10689.tre,0.723168
intron_10690.fasta,intron_10690.tre,0.969351
intron_10693.fasta,intron_10693.tre,10.568911
intron_10694.fasta,intron_10694.tre,1.683056
intron_10700.fasta,intron_10700.tre,2.326264
intron_10703.fasta,intron_10703.tre,2.178905
intron_10706.fasta,intron_10706.tre,20.529252
intron_10708.fasta,intron_10708.tre,8.018481
intron_10709.fasta,intron_10709.tre,9.769990
intron_1071.fasta,intron_1071.tre,4.497099
intron_10713.fasta,intron_10713.tre,4.186756
intron_10720.fasta,intron_10720.tre,5.124413
intron_10721.fasta,intron_10721.tre,1.095882
intron_10722.fasta,intron_10722.tre,2.900883
intron_10728.fasta,intron_10728.tre,4.947290
intron_10729.fasta,intron_10729.tre,1.307506
intron_10736.fasta,intron_10736.tre,0.750791
intron_10739.fasta,intron_10739.tre,0.617428
intron_10740.fasta,intron_10740.tre,2.665542
intron_10741.fasta,intron_10741.tre,2.561071
intron_10743.fasta,intron_10743.tre,0.789884
intron_10756.fasta,intron_10756.tre,6.545437
intron_10765.fasta,intron_10765.tre,0.933229
intron_10775.fasta,intron_10775.tre,15.997864
intron_10777.fasta,intron_10777.tre,6.535647
intron_10779.fasta,intron_10779.tre,0.809025
intron_1078.fasta,intron_1078.tre,0.766310
intron_10786.fasta,intron_10786.tre,10.937359
intron_10792.fasta,intron_10792.tre,1.257282
intron_108.fasta,intron_108.tre,3.035104
intron_10814.fasta,intron_10814.tre,8.548954
intron_10825.fasta,intron_10825.tre,11.983344
intron_10828.fasta,intron_10828.tre,9.717419
intron_1083.fasta,intron_1083.tre,1.229421
intron_10840.fasta,intron_10840.tre,4.160406
intron_10842.fasta,intron_10842.tre,9.778507
intron_10843.fasta,intron_10843.tre,9.857611
intron_10847.fasta,intron_10847.tre,16.207690
intron_10848.fasta,intron_10848.tre,0.620394
intron_10864.fasta,intron_10864.tre,0.501686
intron_10871.fasta,intron_10871.tre,3.454185
intron_10887.fasta,intron_10887.tre,5.004901
intron_10894.fasta,intron_10894.tre,0.486215
intron_10897.fasta,intron_10897.tre,8.672538
intron_10899.fasta,intron_10899.tre,2.711917
intron_10902.fasta,intron_10902.tre,1.781255
intron_10905.fasta,intron_10905.tre,1.486498
intron_10908.fasta,intron_10908.tre,9.716716
intron_10909.fasta,intron_10909.tre,18.471910
intron_10912.fasta,intron_10912.tre,1.505623
intron_10920.fasta,intron_10920.tre,0.454003
intron_10923.fasta,intron_10923.tre,3.064296
intron_10925.fasta,intron_10925.tre,0.352887
intron_10933.fasta,intron_10933.tre,0.381948
intron_10935.fasta,intron_10935.tre,1.789270
intron_1094.fasta,intron_1094.tre,16.124633
intron_10951.fasta,intron_10951.tre,20.369995
intron_10957.fasta,intron_10957.tre,1.621144
intron_10966.fasta,intron_10966.tre,6.974048
intron_10972.fasta,intron_10972.tre,0.625082
intron_10979.fasta,intron_10979.tre,17.067595
intron_10981.fasta,intron_10981.tre,4.731467
intron_1099.fasta,intron_1099.tre,6.330680
intron_10994.fasta,intron_10994.tre,18.801384
intron_1100.fasta,intron_1100.tre,0.830340
intron_11005.fasta,intron_11005.tre,3.940388
intron_11008.fasta,intron_11008.tre,0.511379
intron_11009.fasta,intron_11009.tre,3.477478
intron_11012.fasta,intron_11012.tre,4.634880
intron_11016.fasta,intron_11016.tre,4.787312
intron_11017.fasta,intron_11017.tre,5.930548
intron_11020.fasta,intron_11020.tre,2.875558
intron_11021.fasta,intron_11021.tre,0.564297
intron_11027.fasta,intron_11027.tre,0.900702
intron_1103.fasta,intron_1103.tre,0.899481
intron_11034.fasta,intron_11034.tre,4.198032
intron_11039.fasta,intron_11039.tre,0.553379
intron_11044.fasta,intron_11044.tre,5.128196
intron_11051.fasta,intron_11051.tre,18.680940
intron_11057.fasta,intron_11057.tre,1.501218
intron_11065.fasta,intron_11065.tre,11.957450
intron_1107.fasta,intron_1107.tre,1.911482
intron_11077.fasta,intron_11077.tre,20.329751
intron_11080.fasta,intron_11080.tre,0.506048
intron_11087.fasta,intron_11087.tre,18.440221
intron_11092.fasta,intron_11092.tre,4.954329
intron_11097.fasta,intron_11097.tre,1.015405
intron_11098.fasta,intron_11098.tre,1.400328
intron_11100.fasta,intron_11100.tre,3.873148
intron_11107.fasta,intron_11107.tre,1.142565
intron_11116.fasta,intron_11116.tre,5.586343
intron_11118.fasta,intron_11118.tre,0.820762
intron_11121.fasta,intron_11121.tre,15.814559
intron_11125.fasta,intron_11125.tre,0.547794
intron_1113.fasta,intron_1113.tre,0.744631
intron_11130.fasta,intron_11130.tre,8.493774
intron_11132.fasta,intron_11132.tre,6.500236
intron_11134.fasta,intron_11134.tre,0.483144
intron_11137.fasta,intron_11137.tre,1.347799
intron_11138.fasta,intron_11138.tre,15.489076
intron_11140.fasta,intron_11140.tre,3.978008
intron_11150.fasta,intron_11150.tre,0.873941
intron_11156.fasta,intron_11156.tre,8.164926
intron_11159.fasta,intron_11159.tre,0.761372
intron_11167.fasta,intron_11167.tre,5.817837
intron_1117.fasta,intron_1117.tre,1.191431
intron_11171.fasta,intron_11171.tre,2.353720
intron_11176.fasta,intron_11176.tre,3.504024
intron_11178.fasta,intron_11178.tre,7.243029
intron_11187.fasta,intron_11187.tre,0.666757
intron_11192.fasta,intron_11192.tre,5.322375
intron_11197.fasta,intron_11197.tre,2.184746
intron_11211.fasta,intron_11211.tre,5.526525
intron_11212.fasta,intron_11212.tre,1.526383
intron_11217.fasta,intron_11217.tre,0.656461
intron_11218.fasta,intron_11218.tre,4.005237
intron_11223.fasta,intron_11223.tre,1.168605
intron_11227.fasta,intron_11227.tre,0.741705
intron_11229.fasta,intron_11229.tre,15.635444
intron_11245.fasta,intron_11245.tre,0.631672
intron_11249.fasta,intron_11249.tre,17.023649
intron_1125.fasta,intron_1125.tre,2.046152
intron_11257.fasta,intron_11257.tre,7.499541
intron_11258.fasta,intron_11258.tre,3.965176
intron_11263.fasta,intron_11263.tre,0.655175
intron_11272.fasta,intron_11272.tre,14.623972
intron_11280.fasta,intron_11280.tre,0.337575
intron_11286.fasta,intron_11286.tre,9.872697
intron_11287.fasta,intron_11287.tre,7.386208
intron_1130.fasta,intron_1130.tre,1.731612
intron_11302.fasta,intron_11302.tre,0.561136
intron_11304.fasta,intron_11304.tre,5.745331
intron_11309.fasta,intron_11309.tre,0.829540
intron_11312.fasta,intron_11312.tre,13.608932
intron_11319.fasta,intron_11319.tre,4.475704
intron_11323.fasta,intron_11323.tre,6.847921
intron_11328.fasta,intron_11328.tre,0.708395
intron_11336.fasta,intron_11336.tre,0.586224
intron_1135.fasta,intron_1135.tre,1.700373
intron_11351.fasta,intron_11351.tre,0.631056
intron_11362.fasta,intron_11362.tre,8.002764
intron_11363.fasta,intron_11363.tre,2.039731
intron_11364.fasta,intron_11364.tre,2.460874
intron_1137.fasta,intron_1137.tre,1.441521
intron_11370.fasta,intron_11370.tre,0.845387
intron_11375.fasta,intron_11375.tre,4.275361
intron_11376.fasta,intron_11376.tre,1.801011
intron_11378.fasta,intron_11378.tre,5.703211
intron_11379.fasta,intron_11379.tre,7.422798
intron_11380.fasta,intron_11380.tre,2.988107
intron_11407.fasta,intron_11407.tre,4.748075
intron_11433.fasta,intron_11433.tre,0.699908
intron_11435.fasta,intron_11435.tre,1.575886
intron_11439.fasta,intron_11439.tre,2.023252
intron_1144.fasta,intron_1144.tre,4.489560
intron_11456.fasta,intron_11456.tre,12.801328
intron_11457.fasta,intron_11457.tre,5.792848
intron_11460.fasta,intron_11460.tre,0.564171
intron_11461.fasta,intron_11461.tre,1.153260
intron_11462.fasta,intron_11462.tre,10.448175
intron_11475.fasta,intron_11475.tre,13.180784
intron_11478.fasta,intron_11478.tre,2.633131
intron_11482.fasta,intron_11482.tre,15.630141
intron_11486.fasta,intron_11486.tre,0.692037
intron_11487.fasta,intron_11487.tre,15.325279
intron_11497.fasta,intron_11497.tre,0.802028
intron_11501.fasta,intron_11501.tre,1.748624
intron_11509.fasta,intron_11509.tre,17.867071
intron_11519.fasta,intron_11519.tre,5.189222
intron_11528.fasta,intron_11528.tre,1.717948
intron_11540.fasta,intron_11540.tre,1.260972
intron_11542.fasta,intron_11542.tre,0.349413
intron_11545.fasta,intron_11545.tre,0.540017
intron_11548.fasta,intron_11548.tre,0.946358
intron_1155.fasta,intron_1155.tre,0.625357
intron_11556.fasta,intron_11556.tre,2.202111
intron_11557.fasta,intron_11557.tre,11.740309
intron_11564.fasta,intron_11564.tre,3.375784
intron_11578.fasta,intron_11578.tre,5.581703
intron_11583.fasta,intron_11583.tre,1.082545
intron_11584.fasta,intron_11584.tre,1.660633
intron_11585.fasta,intron_11585.tre,1.669709
intron_11586.fasta,intron_11586.tre,0.467752
intron_11589.fasta,intron_11589.tre,1.277646
intron_11590.fasta,intron_11590.tre,3.957888
intron_11592.fasta,intron_11592.tre,0.857802
intron_11601.fasta,intron_11601.tre,1.694771
intron_11603.fasta,intron_11603.tre,6.635083
intron_11608.fasta,intron_11608.tre,2.049457
intron_11609.fasta,intron_11609.tre,2.554365
intron_11619.fasta,intron_11619.tre,0.479558
intron_11623.fasta,intron_11623.tre,1.036751
intron_11642.fasta,intron_11642.tre,1.235582
intron_11646.fasta,intron_11646.tre,0.734152
intron_11652.fasta,intron_11652.tre,7.065869
intron_11662.fasta,intron_11662.tre,1.816382
intron_11674.fasta,intron_11674.tre,1.782020
intron_1168.fasta,intron_1168.tre,0.413175
intron_11694.fasta,intron_11694.tre,0.825081
intron_11708.fasta,intron_11708.tre,3.876568
intron_11711.fasta,intron_11711.tre,2.486711
intron_1172.fasta,intron_1172.tre,10.359058
intron_11728.fasta,intron_11728.tre,9.423862
intron_11729.fasta,intron_11729.tre,0.384481
intron_11730.fasta,intron_11730.tre,0.584686
intron_11731.fasta,intron_11731.tre,8.775388
intron_11732.fasta,intron_11732.tre,20.925579
intron_11733.fasta,intron_11733.tre,5.259882
intron_11734.fasta,intron_11734.tre,17.774735
intron_11738.fasta,intron_11738.tre,6.752334
intron_11744.fasta,intron_11744.tre,8.864742
intron_11752.fasta,intron_11752.tre,1.565498
intron_11756.fasta,intron_11756.tre,7.418985
intron_11760.fasta,intron_11760.tre,1.324933
intron_11767.fasta,intron_11767.tre,2.234343
intron_11772.fasta,intron_11772.tre,0.415109
intron_11776.fasta,intron_11776.tre,1.155424
intron_11779.fasta,intron_11779.tre,2.934608
intron_11789.fasta,intron_11789.tre,19.063036
intron_11791.fasta,intron_11791.tre,8.834937
intron_11792.fasta,intron_11792.tre,0.576941
intron_11810.fasta,intron_11810.tre,0.282693
intron_11816.fasta,intron_11816.tre,6.751938
intron_1182.fasta,intron_1182.tre,0.493043
intron_11823.fasta,intron_11823.tre,4.722703
intron_11839.fasta,intron_11839.tre,1.564755
intron_11848.fasta,intron_11848.tre,2.780650
intron_11855.fasta,intron_11855.tre,5.904319
intron_1186.fasta,intron_1186.tre,4.973039
intron_11860.fasta,intron_11860.tre,4.166803
intron_11863.fasta,intron_11863.tre,20.883060
intron_11866.fasta,intron_11866.tre,0.599175
intron_11869.fasta,intron_11869.tre,1.837558
intron_11877.fasta,intron_11877.tre,7.087470
intron_11884.fasta,intron_11884.tre,0.906952
intron_11885.fasta,intron_11885.tre,3.171301
intron_11889.fasta,intron_11889.tre,1.923105
intron_11893.fasta,intron_11893.tre,2.296339
intron_11899.fasta,intron_11899.tre,5.953218
intron_11900.fasta,intron_11900.tre,8.285040
intron_11908.fasta,intron_11908.tre,3.832556
intron_11913.fasta,intron_11913.tre,0.415313
intron_11920.fasta,intron_11920.tre,0.771310
intron_1193.fasta,intron_1193.tre,1.433209
intron_11936.fasta,intron_11936.tre,0.468938
intron_11942.fasta,intron_11942.tre,1.590953
intron_11951.fasta,intron_11951.tre,0.595802
intron_11954.fasta,intron_11954.tre,7.602318
intron_11967.fasta,intron_11967.tre,1.238606
intron_1197.fasta,intron_1197.tre,0.661424
intron_1198.fasta,intron_1198.tre,4.278493
intron_11992.fasta,intron_11992.tre,0.860434
intron_11996.fasta,intron_11996.tre,0.965989
intron_12012.fasta,intron_12012.tre,1.197650
intron_12021.fasta,intron_12021.tre,5.755390
intron_12025.fasta,intron_12025.tre,3.658991
intron_12028.fasta,intron_12028.tre,19.081923
intron_12030.fasta,intron_12030.tre,0.474981
intron_12045.fasta,intron_12045.tre,0.668275
intron_12047.fasta,intron_12047.tre,11.913884
intron_12049.fasta,intron_12049.tre,3.214376
intron_12052.fasta,intron_12052.tre,9.488673
intron_12053.fasta,intron_12053.tre,9.316958
intron_12062.fasta,intron_12062.tre,1.156290
intron_1207.fasta,intron_1207.tre,21.152461
intron_12080.fasta,intron_12080.tre,0.610089
intron_12084.fasta,intron_12084.tre,0.285035
intron_12093.fasta,intron_12093.tre,14.069194
intron_12095.fasta,intron_12095.tre,1.378206
intron_12099.fasta,intron_12099.tre,2.944772
intron_1211.fasta,intron_1211.tre,7.966392
intron_12110.fasta,intron_12110.tre,4.169433
intron_12111.fasta,intron_12111.tre,13.762157
intron_12114.fasta,intron_12114.tre,0.644628
intron_12116.fasta,intron_12116.tre,1.075811
intron_1212.fasta,intron_1212.tre,3.614581
intron_12120.fasta,intron_12120.tre,3.737817
intron_12122.fasta,intron_12122.tre,0.630221
intron_12125.fasta,intron_12125.tre,0.815830
intron_1213.fasta,intron_1213.tre,1.176144
intron_12132.fasta,intron_12132.tre,17.993901
intron_12134.fasta,intron_12134.tre,9.718827
intron_12139.fasta,intron_12139.tre,7.824661
intron_1214.fasta,intron_1214.tre,3.611272
intron_12146.fasta,intron_12146.tre,2.500028
intron_12150.fasta,intron_12150.tre,3.552661
intron_12153.fasta,intron_12153.tre,4.417052
intron_12173.fasta,intron_12173.tre,8.039766
intron_12176.fasta,intron_12176.tre,2.691553
intron_1218.fasta,intron_1218.tre,1.890079
intron_12187.fasta,intron_12187.tre,10.591798
intron_12188.fasta,intron_12188.tre,0.428842
intron_12198.fasta,intron_12198.tre,22.318263
intron_12203.fasta,intron_12203.tre,1.060094
intron_12204.fasta,intron_12204.tre,16.653966
intron_12206.fasta,intron_12206.tre,1.402534
intron_12209.fasta,intron_12209.tre,1.875640
intron_12214.fasta,intron_12214.tre,4.311918
intron_12217.fasta,intron_12217.tre,6.024777
intron_12226.fasta,intron_12226.tre,0.511614
intron_12228.fasta,intron_12228.tre,5.663560
intron_12232.fasta,intron_12232.tre,11.145667
intron_12234.fasta,intron_12234.tre,4.128191
intron_12236.fasta,intron_12236.tre,0.806335
intron_12239.fasta,intron_12239.tre,1.137618
intron_12241.fasta,intron_12241.tre,3.851659
intron_12244.fasta,intron_12244.tre,3.988731
intron_12247.fasta,intron_12247.tre,2.413328
intron_12264.fasta,intron_12264.tre,1.870290
intron_12277.fasta,intron_12277.tre,1.175287
intron_12278.fasta,intron_12278.tre,4.897728
intron_12297.fasta,intron_12297.tre,1.524292
intron_12300.fasta,intron_12300.tre,0.808288
intron_12302.fasta,intron_12302.tre,2.034939
intron_12309.fasta,intron_12309.tre,18.648637
intron_12314.fasta,intron_12314.tre,0.910296
intron_12315.fasta,intron_12315.tre,5.984084
intron_12316.fasta,intron_12316.tre,1.964679
intron_12320.fasta,intron_12320.tre,8.119110
intron_12326.fasta,intron_12326.tre,0.698322
intron_12337.fasta,intron_12337.tre,2.692235
intron_12344.fasta,intron_12344.tre,0.599330
intron_12357.fasta,intron_12357.tre,1.048523
intron_12360.fasta,intron_12360.tre,0.463280
intron_12368.fasta,intron_12368.tre,14.469878
intron_12389.fasta,intron_12389.tre,5.083110
intron_12391.fasta,intron_12391.tre,13.492875
intron_12397.fasta,intron_12397.tre,1.337857
intron_12407.fasta,intron_12407.tre,2.872059
intron_12409.fasta,intron_12409.tre,1.502505
intron_12413.fasta,intron_12413.tre,5.578054
intron_12417.fasta,intron_12417.tre,1.110159
intron_1242.fasta,intron_1242.tre,1.574566
intron_12420.fasta,intron_12420.tre,1.566458
intron_12421.fasta,intron_12421.tre,0.815838
intron_12425.fasta,intron_12425.tre,4.393546
intron_12427.fasta,intron_12427.tre,18.969030
intron_12435.fasta,intron_12435.tre,0.909250
intron_12444.fasta,intron_12444.tre,0.836270
intron_1246.fasta,intron_1246.tre,1.584594
intron_12461.fasta,intron_12461.tre,1.537479
intron_12462.fasta,intron_12462.tre,11.677601
intron_12474.fasta,intron_12474.tre,12.168280
intron_12477.fasta,intron_12477.tre,20.589815
intron_12478.fasta,intron_12478.tre,5.702301
intron_12486.fasta,intron_12486.tre,1.483787
intron_12488.fasta,intron_12488.tre,3.072350
intron_12493.fasta,intron_12493.tre,1.247488
intron_12504.fasta,intron_12504.tre,0.992887
intron_12505.fasta,intron_12505.tre,0.503552
intron_12512.fasta,intron_12512.tre,4.752841
intron_12519.fasta,intron_12519.tre,1.054391
intron_1252.fasta,intron_1252.tre,1.324133
intron_12522.fasta,intron_12522.tre,6.518198
intron_12524.fasta,intron_12524.tre,1.246508
intron_12537.fasta,intron_12537.tre,0.434830
intron_12542.fasta,intron_12542.tre,1.010245
intron_1255.fasta,intron_1255.tre,9.175456
intron_12551.fasta,intron_12551.tre,5.382637
intron_12557.fasta,intron_12557.tre,4.151659
intron_12578.fasta,intron_12578.tre,7.034669
intron_12580.fasta,intron_12580.tre,2.383004
intron_12583.fasta,intron_12583.tre,0.583596
intron_12586.fasta,intron_12586.tre,0.548697
intron_12590.fasta,intron_12590.tre,0.628402
intron_12591.fasta,intron_12591.tre,1.742862
intron_12594.fasta,intron_12594.tre,10.369849
intron_12613.fasta,intron_12613.tre,7.062350
intron_12619.fasta,intron_12619.tre,1.165276
intron_12625.fasta,intron_12625.tre,17.859460
intron_12629.fasta,intron_12629.tre,15.447756
intron_12630.fasta,intron_12630.tre,0.493236
intron_12632.fasta,intron_12632.tre,0.750968
intron_1264.fasta,intron_1264.tre,2.891747
intron_12640.fasta,intron_12640.tre,3.242332
intron_12642.fasta,intron_12642.tre,0.290341
intron_12646.fasta,intron_12646.tre,2.338254
intron_12663.fasta,intron_12663.tre,6.941702
intron_12664.fasta,intron_12664.tre,23.216867
intron_12666.fasta,intron_12666.tre,14.526229
intron_12669.fasta,intron_12669.tre,0.639122
intron_12686.fasta,intron_12686.tre,8.243193
intron_12690.fasta,intron_12690.tre,0.909983
intron_12698.fasta,intron_12698.tre,6.668913
intron_12701.fasta,intron_12701.tre,1.422666
intron_12703.fasta,intron_12703.tre,1.114364
intron_12704.fasta,intron_12704.tre,1.536316
intron_12714.fasta,intron_12714.tre,0.747045
intron_12716.fasta,intron_12716.tre,14.519092
intron_12723.fasta,intron_12723.tre,0.614551
intron_12724.fasta,intron_12724.tre,0.368076
intron_12733.fasta,intron_12733.tre,8.719466
intron_1274.fasta,intron_1274.tre,0.495409
intron_12741.fasta,intron_12741.tre,10.668399
intron_12745.fasta,intron_12745.tre,0.822398
intron_12746.fasta,intron_12746.tre,0.680305
intron_12750.fasta,intron_12750.tre,1.353556
intron_12753.fasta,intron_12753.tre,18.319586
intron_12762.fasta,intron_12762.tre,0.474868
intron_12765.fasta,intron_12765.tre,3.157229
intron_12775.fasta,intron_12775.tre,4.813046
intron_12776.fasta,intron_12776.tre,0.468105
intron_12777.fasta,intron_12777.tre,7.970839
intron_12781.fasta,intron_12781.tre,7.272408
intron_12789.fasta,intron_12789.tre,4.230257
intron_12794.fasta,intron_12794.tre,12.832739
intron_12796.fasta,intron_12796.tre,0.290468
intron_12805.fasta,intron_12805.tre,2.328936
intron_12810.fasta,intron_12810.tre,0.398915
intron_12812.fasta,intron_12812.tre,0.670759
intron_12849.fasta,intron_12849.tre,1.687110
intron_12857.fasta,intron_12857.tre,1.552058
intron_12858.fasta,intron_12858.tre,1.785907
intron_12869.fasta,intron_12869.tre,1.587369
intron_12870.fasta,intron_12870.tre,0.915175
intron_12877.fasta,intron_12877.tre,2.062886
intron_12878.fasta,intron_12878.tre,1.269057
intron_1288.fasta,intron_1288.tre,0.514435
intron_12889.fasta,intron_12889.tre,8.091956
intron_12891.fasta,intron_12891.tre,1.886659
intron_12896.fasta,intron_12896.tre,0.461489
intron_12913.fasta,intron_12913.tre,1.818585
intron_12916.fasta,intron_12916.tre,0.658707
intron_12931.fasta,intron_12931.tre,0.458485
intron_12939.fasta,intron_12939.tre,0.712618
intron_12947.fasta,intron_12947.tre,1.874175
intron_1295.fasta,intron_1295.tre,6.598210
intron_12951.fasta,intron_12951.tre,14.952912
intron_12952.fasta,intron_12952.tre,7.143942
intron_12954.fasta,intron_12954.tre,16.358789
intron_12960.fasta,intron_12960.tre,19.317156
intron_12971.fasta,intron_12971.tre,1.965177
intron_12972.fasta,intron_12972.tre,10.894730
intron_12974.fasta,intron_12974.tre,0.421234
intron_12977.fasta,intron_12977.tre,3.462092
intron_12978.fasta,intron_12978.tre,1.468738
intron_12983.fasta,intron_12983.tre,0.573705
intron_12984.fasta,intron_12984.tre,8.415961
intron_12995.fasta,intron_12995.tre,1.856536
intron_13000.fasta,intron_13000.tre,8.915992
intron_13002.fasta,intron_13002.tre,4.551376
intron_13007.fasta,intron_13007.tre,1.270616
intron_13010.fasta,intron_13010.tre,4.315746
intron_13017.fasta,intron_13017.tre,9.273618
intron_13019.fasta,intron_13019.tre,2.460380
intron_13022.fasta,intron_13022.tre,0.832131
intron_13025.fasta,intron_13025.tre,0.390328
intron_13032.fasta,intron_13032.tre,8.719106
intron_13047.fasta,intron_13047.tre,1.706026
intron_13048.fasta,intron_13048.tre,0.399593
intron_1306.fasta,intron_1306.tre,0.545326
intron_13071.fasta,intron_13071.tre,0.442385
intron_1308.fasta,intron_1308.tre,0.877159
intron_13124.fasta,intron_13124.tre,0.620115
intron_13142.fasta,intron_13142.tre,0.579569
intron_13143.fasta,intron_13143.tre,3.512074
intron_13146.fasta,intron_13146.tre,0.915636
intron_1315.fasta,intron_1315.tre,0.615874
intron_13152.fasta,intron_13152.tre,1.038191
intron_13153.fasta,intron_13153.tre,1.165513
intron_13156.fasta,intron_13156.tre,0.703770
intron_1316.fasta,intron_1316.tre,1.904807
intron_13162.fasta,intron_13162.tre,15.414840
intron_13163.fasta,intron_13163.tre,19.759858
intron_13164.fasta,intron_13164.tre,1.991164
intron_13172.fasta,intron_13172.tre,18.736851
intron_13174.fasta,intron_13174.tre,1.012967
intron_13194.fasta,intron_13194.tre,1.915760
intron_1320.fasta,intron_1320.tre,2.155937
intron_13205.fasta,intron_13205.tre,0.570448
intron_13211.fasta,intron_13211.tre,0.999236
intron_13224.fasta,intron_13224.tre,0.574007
intron_13229.fasta,intron_13229.tre,0.842463
intron_13233.fasta,intron_13233.tre,1.545123
intron_1324.fasta,intron_1324.tre,2.103173
intron_13241.fasta,intron_13241.tre,1.353357
intron_13246.fasta,intron_13246.tre,3.069793
intron_13253.fasta,intron_13253.tre,1.635458
intron_13262.fasta,intron_13262.tre,1.487803
intron_13265.fasta,intron_13265.tre,0.359965
intron_13267.fasta,intron_13267.tre,0.687168
intron_13276.fasta,intron_13276.tre,2.785303
intron_13281.fasta,intron_13281.tre,1.201133
intron_13282.fasta,intron_13282.tre,2.464952
intron_13283.fasta,intron_13283.tre,0.547496
intron_1330.fasta,intron_1330.tre,16.948085
intron_13310.fasta,intron_13310.tre,0.476334
intron_13315.fasta,intron_13315.tre,1.085910
intron_13319.fasta,intron_13319.tre,0.338562
intron_13325.fasta,intron_13325.tre,1.211357
intron_13326.fasta,intron_13326.tre,2.284383
intron_13327.fasta,intron_13327.tre,0.366793
intron_1333.fasta,intron_1333.tre,0.553260
intron_13333.fasta,intron_13333.tre,1.183567
intron_13338.fasta,intron_13338.tre,7.320721
intron_13341.fasta,intron_13341.tre,0.734647
intron_13344.fasta,intron_13344.tre,12.955353
intron_13345.fasta,intron_13345.tre,1.348161
intron_13353.fasta,intron_13353.tre,0.788516
intron_13356.fasta,intron_13356.tre,1.186819
intron_13358.fasta,intron_13358.tre,0.400574
intron_1337.fasta,intron_1337.tre,4.698044
intron_13377.fasta,intron_13377.tre,0.563426
intron_13378.fasta,intron_13378.tre,0.665414
intron_13382.fasta,intron_13382.tre,1.690462
intron_13394.fasta,intron_13394.tre,3.078567
intron_13402.fasta,intron_13402.tre,0.696675
intron_13403.fasta,intron_13403.tre,0.472839
intron_13405.fasta,intron_13405.tre,0.832494
intron_13411.fasta,intron_13411.tre,0.520231
intron_13416.fasta,intron_13416.tre,19.483976
intron_13423.fasta,intron_13423.tre,0.539659
intron_13426.fasta,intron_13426.tre,0.446393
intron_13428.fasta,intron_13428.tre,2.644037
intron_13431.fasta,intron_13431.tre,1.893824
intron_13448.fasta,intron_13448.tre,1.957901
intron_13450.fasta,intron_13450.tre,10.051579
intron_13456.fasta,intron_13456.tre,2.962474
intron_13459.fasta,intron_13459.tre,5.701305
intron_13472.fasta,intron_13472.tre,4.454144
intron_13475.fasta,intron_13475.tre,16.879776
intron_13483.fasta,intron_13483.tre,8.400585
intron_13502.fasta,intron_13502.tre,0.532839
intron_1351.fasta,intron_1351.tre,1.077550
intron_13510.fasta,intron_13510.tre,0.747474
intron_13528.fasta,intron_13528.tre,0.873556
intron_1353.fasta,intron_1353.tre,4.125951
intron_13538.fasta,intron_13538.tre,0.676453
intron_13539.fasta,intron_13539.tre,0.443588
intron_13543.fasta,intron_13543.tre,3.487629
intron_13571.fasta,intron_13571.tre,0.466063
intron_13573.fasta,intron_13573.tre,2.199679
intron_13587.fasta,intron_13587.tre,0.626484
intron_13588.fasta,intron_13588.tre,0.883124
intron_13593.fasta,intron_13593.tre,1.738643
intron_13606.fasta,intron_13606.tre,0.481949
intron_13608.fasta,intron_13608.tre,3.969543
intron_13612.fasta,intron_13612.tre,1.012992
intron_13616.fasta,intron_13616.tre,0.650029
intron_13617.fasta,intron_13617.tre,0.439649
intron_13625.fasta,intron_13625.tre,18.983653
intron_13626.fasta,intron_13626.tre,5.371225
intron_13631.fasta,intron_13631.tre,0.440119
intron_13634.fasta,intron_13634.tre,5.909118
intron_13639.fasta,intron_13639.tre,0.520101
intron_13645.fasta,intron_13645.tre,0.481734
intron_13651.fasta,intron_13651.tre,0.351886
intron_13652.fasta,intron_13652.tre,1.906827
intron_13658.fasta,intron_13658.tre,11.685825
intron_13683.fasta,intron_13683.tre,0.491768
intron_13691.fasta,intron_13691.tre,0.648448
intron_13698.fasta,intron_13698.tre,0.318261
intron_1371.fasta,intron_1371.tre,0.906577
intron_13751.fasta,intron_13751.tre,0.945276
intron_13761.fasta,intron_13761.tre,0.485499
intron_13778.fasta,intron_13778.tre,2.765044
intron_13797.fasta,intron_13797.tre,0.946864
intron_13808.fasta,intron_13808.tre,5.459082
intron_13812.fasta,intron_13812.tre,0.372068
intron_13827.fasta,intron_13827.tre,1.872539
intron_1383.fasta,intron_1383.tre,4.117088
intron_13833.fasta,intron_13833.tre,0.437886
intron_13835.fasta,intron_13835.tre,0.475695
intron_13843.fasta,intron_13843.tre,0.750464
intron_13846.fasta,intron_13846.tre,7.346753
intron_1385.fasta,intron_1385.tre,7.050564
intron_13857.fasta,intron_13857.tre,0.632015
intron_13881.fasta,intron_13881.tre,0.611450
intron_13884.fasta,intron_13884.tre,0.987501
intron_1389.fasta,intron_1389.tre,11.985027
intron_13893.fasta,intron_13893.tre,0.717354
intron_13897.fasta,intron_13897.tre,2.694117
intron_13903.fasta,intron_13903.tre,1.929137
intron_1391.fasta,intron_1391.tre,0.535522
intron_13911.fasta,intron_13911.tre,0.343827
intron_13918.fasta,intron_13918.tre,2.849036
intron_13920.fasta,intron_13920.tre,1.211607
intron_13922.fasta,intron_13922.tre,3.241773
intron_13923.fasta,intron_13923.tre,6.896469
intron_13926.fasta,intron_13926.tre,0.352704
intron_13941.fasta,intron_13941.tre,1.599976
intron_13943.fasta,intron_13943.tre,2.780292
intron_13954.fasta,intron_13954.tre,3.005212
intron_13956.fasta,intron_13956.tre,2.466451
intron_13961.fasta,intron_13961.tre,23.074989
intron_13974.fasta,intron_13974.tre,3.519774
intron_13977.fasta,intron_13977.tre,3.094151
intron_13980.fasta,intron_13980.tre,5.651573
intron_13985.fasta,intron_13985.tre,0.881303
intron_1399.fasta,intron_1399.tre,4.679496
intron_13996.fasta,intron_13996.tre,10.668249
intron_13997.fasta,intron_13997.tre,2.525727
intron_13998.fasta,intron_13998.tre,1.135791
intron_1400.fasta,intron_1400.tre,1.378405
intron_14000.fasta,intron_14000.tre,0.351895
intron_14009.fasta,intron_14009.tre,3.529769
intron_14020.fasta,intron_14020.tre,9.402647
intron_14046.fasta,intron_14046.tre,0.887525
intron_14053.fasta,intron_14053.tre,3.290251
intron_14081.fasta,intron_14081.tre,2.501027
intron_14086.fasta,intron_14086.tre,8.306978
intron_14097.fasta,intron_14097.tre,0.883196
intron_141.fasta,intron_141.tre,0.368484
intron_14104.fasta,intron_14104.tre,0.281334
intron_14106.fasta,intron_14106.tre,0.550140
intron_14113.fasta,intron_14113.tre,0.601974
intron_14115.fasta,intron_14115.tre,0.961225
intron_14122.fasta,intron_14122.tre,18.563530
intron_14130.fasta,intron_14130.tre,1.692456
intron_14139.fasta,intron_14139.tre,1.794209
intron_1414.fasta,intron_1414.tre,3.248149
intron_14144.fasta,intron_14144.tre,10.122101
intron_14150.fasta,intron_14150.tre,4.707786
intron_14180.fasta,intron_14180.tre,2.394061
intron_14182.fasta,intron_14182.tre,10.599490
intron_14193.fasta,intron_14193.tre,6.590683
intron_14197.fasta,intron_14197.tre,3.295158
intron_14198.fasta,intron_14198.tre,1.995794
intron_142.fasta,intron_142.tre,1.731632
intron_14203.fasta,intron_14203.tre,2.315664
intron_1422.fasta,intron_1422.tre,1.412399
intron_14224.fasta,intron_14224.tre,2.388121
intron_14226.fasta,intron_14226.tre,1.204838
intron_14232.fasta,intron_14232.tre,8.059085
intron_14236.fasta,intron_14236.tre,1.625942
intron_1424.fasta,intron_1424.tre,0.693361
intron_14247.fasta,intron_14247.tre,3.983951
intron_14252.fasta,intron_14252.tre,14.243531
intron_14260.fasta,intron_14260.tre,0.459908
intron_14275.fasta,intron_14275.tre,0.829713
intron_1429.fasta,intron_1429.tre,2.352674
intron_14298.fasta,intron_14298.tre,0.355782
intron_14301.fasta,intron_14301.tre,3.132882
intron_14310.fasta,intron_14310.tre,1.411644
intron_14315.fasta,intron_14315.tre,0.603965
intron_14316.fasta,intron_14316.tre,2.501713
intron_14320.fasta,intron_14320.tre,19.995382
intron_14322.fasta,intron_14322.tre,3.436872
intron_14327.fasta,intron_14327.tre,0.873523
intron_1433.fasta,intron_1433.tre,4.106933
intron_14334.fasta,intron_14334.tre,0.381331
intron_1434.fasta,intron_1434.tre,1.940129
intron_14350.fasta,intron_14350.tre,0.629787
intron_14356.fasta,intron_14356.tre,2.669521
intron_14363.fasta,intron_14363.tre,2.697166
intron_14365.fasta,intron_14365.tre,0.841773
intron_1438.fasta,intron_1438.tre,2.888613
intron_14385.fasta,intron_14385.tre,0.514061
intron_14389.fasta,intron_14389.tre,9.059452
intron_14406.fasta,intron_14406.tre,0.433953
intron_1441.fasta,intron_1441.tre,22.101940
intron_14415.fasta,intron_14415.tre,9.304417
intron_14419.fasta,intron_14419.tre,2.621119
intron_14426.fasta,intron_14426.tre,7.372511
intron_14439.fasta,intron_14439.tre,1.387603
intron_14447.fasta,intron_14447.tre,2.001701
intron_14448.fasta,intron_14448.tre,7.038240
intron_1445.fasta,intron_1445.tre,19.091972
intron_14451.fasta,intron_14451.tre,1.118431
intron_14452.fasta,intron_14452.tre,10.453633
intron_14454.fasta,intron_14454.tre,0.610012
intron_1446.fasta,intron_1446.tre,10.079187
intron_14478.fasta,intron_14478.tre,0.529131
intron_14481.fasta,intron_14481.tre,0.470937
intron_14486.fasta,intron_14486.tre,1.012892
intron_14491.fasta,intron_14491.tre,4.069255
intron_14494.fasta,intron_14494.tre,0.460692
intron_14498.fasta,intron_14498.tre,0.847955
intron_14499.fasta,intron_14499.tre,0.396798
intron_14508.fasta,intron_14508.tre,16.568079
intron_14516.fasta,intron_14516.tre,0.528860
intron_14517.fasta,intron_14517.tre,0.741586
intron_1452.fasta,intron_1452.tre,0.573217
intron_14545.fasta,intron_14545.tre,0.470314
intron_14546.fasta,intron_14546.tre,6.995197
intron_14551.fasta,intron_14551.tre,1.653428
intron_14556.fasta,intron_14556.tre,0.835485
intron_14565.fasta,intron_14565.tre,11.668494
intron_14574.fasta,intron_14574.tre,2.321072
intron_14577.fasta,intron_14577.tre,0.634037
intron_14580.fasta,intron_14580.tre,4.176149
intron_1460.fasta,intron_1460.tre,6.609889
intron_14602.fasta,intron_14602.tre,0.509480
intron_14611.fasta,intron_14611.tre,0.305640
intron_14626.fasta,intron_14626.tre,3.227179
intron_14634.fasta,intron_14634.tre,0.749189
intron_1468.fasta,intron_1468.tre,7.495436
intron_1469.fasta,intron_1469.tre,0.922927
intron_1470.fasta,intron_1470.tre,0.480298
intron_1473.fasta,intron_1473.tre,5.017074
intron_1476.fasta,intron_1476.tre,1.044377
intron_1477.fasta,intron_1477.tre,13.939239
intron_1482.fasta,intron_1482.tre,0.481510
intron_1483.fasta,intron_1483.tre,8.835152
intron_1485.fasta,intron_1485.tre,6.105622
intron_1488.fasta,intron_1488.tre,1.081361
intron_149.fasta,intron_149.tre,4.666441
intron_1494.fasta,intron_1494.tre,0.396825
intron_1496.fasta,intron_1496.tre,0.542695
intron_1506.fasta,intron_1506.tre,0.903269
intron_1509.fasta,intron_1509.tre,0.540449
intron_1518.fasta,intron_1518.tre,0.737150
intron_1521.fasta,intron_1521.tre,20.309030
intron_1525.fasta,intron_1525.tre,0.570446
intron_1536.fasta,intron_1536.tre,0.419579
intron_1548.fasta,intron_1548.tre,0.570192
intron_1558.fasta,intron_1558.tre,5.125994
intron_1562.fasta,intron_1562.tre,1.906812
intron_1568.fasta,intron_1568.tre,0.439081
intron_1573.fasta,intron_1573.tre,1.033686
intron_1576.fasta,intron_1576.tre,2.881853
intron_1577.fasta,intron_1577.tre,1.399890
intron_1578.fasta,intron_1578.tre,4.014956
intron_1584.fasta,intron_1584.tre,4.845446
intron_1596.fasta,intron_1596.tre,1.084810
intron_1600.fasta,intron_1600.tre,1.252948
intron_1618.fasta,intron_1618.tre,7.631912
intron_1619.fasta,intron_1619.tre,2.015980
intron_1625.fasta,intron_1625.tre,5.335385
intron_1626.fasta,intron_1626.tre,0.732299
intron_1632.fasta,intron_1632.tre,8.655015
intron_1637.fasta,intron_1637.tre,0.587332
intron_1654.fasta,intron_1654.tre,0.451054
intron_1655.fasta,intron_1655.tre,0.451701
intron_1658.fasta,intron_1658.tre,6.743127
intron_1659.fasta,intron_1659.tre,5.624462
intron_1666.fasta,intron_1666.tre,5.449872
intron_1672.fasta,intron_1672.tre,1.557026
intron_1674.fasta,intron_1674.tre,4.302915
intron_1677.fasta,intron_1677.tre,1.867528
intron_1684.fasta,intron_1684.tre,0.260992
intron_1689.fasta,intron_1689.tre,6.943764
intron_1691.fasta,intron_1691.tre,0.668988
intron_1693.fasta,intron_1693.tre,0.347607
intron_1695.fasta,intron_1695.tre,8.094102
intron_1701.fasta,intron_1701.tre,0.688594
intron_1708.fasta,intron_1708.tre,0.772255
intron_1714.fasta,intron_1714.tre,0.461685
intron_1717.fasta,intron_1717.tre,5.040089
intron_1720.fasta,intron_1720.tre,8.451862
intron_1728.fasta,intron_1728.tre,1.424544
intron_1731.fasta,intron_1731.tre,0.366416
intron_1743.fasta,intron_1743.tre,1.129580
intron_1745.fasta,intron_1745.tre,1.192306
intron_1746.fasta,intron_1746.tre,0.363867
intron_1748.fasta,intron_1748.tre,4.587048
intron_1749.fasta,intron_1749.tre,0.894376
intron_1757.fasta,intron_1757.tre,0.491794
intron_1762.fasta,intron_1762.tre,0.626699
intron_1775.fasta,intron_1775.tre,0.494752
intron_1777.fasta,intron_1777.tre,0.958504
intron_178.fasta,intron_178.tre,0.646141
intron_1782.fasta,intron_1782.tre,4.504825
intron_1794.fasta,intron_1794.tre,0.621669
intron_1797.fasta,intron_1797.tre,2.520451
intron_1802.fasta,intron_1802.tre,1.444645
intron_1806.fasta,intron_1806.tre,5.206841
intron_1812.fasta,intron_1812.tre,5.893270
intron_1814.fasta,intron_1814.tre,6.043219
intron_1825.fasta,intron_1825.tre,1.236002
intron_1826.fasta,intron_1826.tre,5.219769
intron_1829.fasta,intron_1829.tre,4.228658
intron_1834.fasta,intron_1834.tre,1.049857
intron_1838.fasta,intron_1838.tre,3.495884
intron_1845.fasta,intron_1845.tre,0.597910
intron_1862.fasta,intron_1862.tre,2.047755
intron_1864.fasta,intron_1864.tre,3.291012
intron_1868.fasta,intron_1868.tre,1.186013
intron_1879.fasta,intron_1879.tre,1.870337
intron_1881.fasta,intron_1881.tre,17.417063
intron_1886.fasta,intron_1886.tre,10.391927
intron_1894.fasta,intron_1894.tre,6.327688
intron_1907.fasta,intron_1907.tre,0.807640
intron_1916.fasta,intron_1916.tre,9.709979
intron_1919.fasta,intron_1919.tre,1.900065
intron_1922.fasta,intron_1922.tre,0.782054
intron_1930.fasta,intron_1930.tre,9.361077
intron_1934.fasta,intron_1934.tre,0.607295
intron_1935.fasta,intron_1935.tre,4.253190
intron_1938.fasta,intron_1938.tre,0.625950
intron_1944.fasta,intron_1944.tre,8.319773
intron_1955.fasta,intron_1955.tre,5.055072
intron_1956.fasta,intron_1956.tre,6.275329
intron_1962.fasta,intron_1962.tre,0.378797
intron_1973.fasta,intron_1973.tre,0.554786
intron_1987.fasta,intron_1987.tre,1.246815
intron_1991.fasta,intron_1991.tre,0.623440
intron_1998.fasta,intron_1998.tre,0.319223
intron_2005.fasta,intron_2005.tre,2.852921
intron_2007.fasta,intron_2007.tre,2.161542
intron_2008.fasta,intron_2008.tre,4.928132
intron_2009.fasta,intron_2009.tre,4.107748
intron_2017.fasta,intron_2017.tre,2.684045
intron_2022.fasta,intron_2022.tre,6.591613
intron_2023.fasta,intron_2023.tre,1.273004
intron_2028.fasta,intron_2028.tre,0.427669
intron_2029.fasta,intron_2029.tre,8.472908
intron_2032.fasta,intron_2032.tre,2.822316
intron_2036.fasta,intron_2036.tre,4.642689
intron_2040.fasta,intron_2040.tre,9.179841
intron_2042.fasta,intron_2042.tre,1.037793
intron_2058.fasta,intron_2058.tre,0.873575
intron_2061.fasta,intron_2061.tre,3.820853
intron_2062.fasta,intron_2062.tre,19.817801
intron_2070.fasta,intron_2070.tre,3.468505
intron_2080.fasta,intron_2080.tre,0.461315
intron_2082.fasta,intron_2082.tre,0.550475
intron_2086.fasta,intron_2086.tre,0.703814
intron_2092.fasta,intron_2092.tre,14.634335
intron_210.fasta,intron_210.tre,5.091076
intron_2116.fasta,intron_2116.tre,4.111420
intron_2125.fasta,intron_2125.tre,23.568990
intron_2128.fasta,intron_2128.tre,0.737552
intron_2130.fasta,intron_2130.tre,1.477154
intron_2138.fasta,intron_2138.tre,0.705307
intron_2144.fasta,intron_2144.tre,0.390914
intron_217.fasta,intron_217.tre,0.371948
intron_2174.fasta,intron_2174.tre,20.697203
intron_2177.fasta,intron_2177.tre,0.702529
intron_2180.fasta,intron_2180.tre,6.929563
intron_2181.fasta,intron_2181.tre,4.042765
intron_219.fasta,intron_219.tre,0.895511
intron_2190.fasta,intron_2190.tre,1.128896
intron_2193.fasta,intron_2193.tre,0.427885
intron_2199.fasta,intron_2199.tre,0.716837
intron_2205.fasta,intron_2205.tre,5.179000
intron_2225.fasta,intron_2225.tre,0.357090
intron_2226.fasta,intron_2226.tre,20.325046
intron_2230.fasta,intron_2230.tre,9.625561
intron_2231.fasta,intron_2231.tre,0.627136
intron_2237.fasta,intron_2237.tre,16.777076
intron_224.fasta,intron_224.tre,0.310611
intron_2242.fasta,intron_2242.tre,3.573428
intron_2247.fasta,intron_2247.tre,0.505144
intron_225.fasta,intron_225.tre,1.308798
intron_2264.fasta,intron_2264.tre,0.451368
intron_2278.fasta,intron_2278.tre,0.446742
intron_2286.fasta,intron_2286.tre,0.701040
intron_2289.fasta,intron_2289.tre,0.747456
intron_2295.fasta,intron_2295.tre,6.156349
intron_2299.fasta,intron_2299.tre,0.738063
intron_2314.fasta,intron_2314.tre,16.616916
intron_2321.fasta,intron_2321.tre,0.713753
intron_2340.fasta,intron_2340.tre,19.638111
intron_2351.fasta,intron_2351.tre,0.382634
intron_2352.fasta,intron_2352.tre,0.641061
intron_2357.fasta,intron_2357.tre,0.564734
intron_2358.fasta,intron_2358.tre,2.067008
intron_2361.fasta,intron_2361.tre,0.800399
intron_2363.fasta,intron_2363.tre,0.716604
intron_2364.fasta,intron_2364.tre,1.551236
intron_2368.fasta,intron_2368.tre,0.725981
intron_2369.fasta,intron_2369.tre,9.342021
intron_2370.fasta,intron_2370.tre,6.814339
intron_2371.fasta,intron_2371.tre,0.693274
intron_2375.fasta,intron_2375.tre,2.496881
intron_2376.fasta,intron_2376.tre,3.482783
intron_2386.fasta,intron_2386.tre,0.439589
intron_239.fasta,intron_239.tre,4.058460
intron_2392.fasta,intron_2392.tre,2.818887
intron_2398.fasta,intron_2398.tre,16.864615
intron_2399.fasta,intron_2399.tre,10.576449
intron_2407.fasta,intron_2407.tre,1.349689
intron_2411.fasta,intron_2411.tre,0.579706
intron_2420.fasta,intron_2420.tre,4.204873
intron_2424.fasta,intron_2424.tre,9.038028
intron_2425.fasta,intron_2425.tre,2.959606
intron_2427.fasta,intron_2427.tre,12.839600
intron_2430.fasta,intron_2430.tre,1.870428
intron_2433.fasta,intron_2433.tre,4.770825
intron_2435.fasta,intron_2435.tre,0.932168
intron_2437.fasta,intron_2437.tre,0.398899
intron_2450.fasta,intron_2450.tre,3.102786
intron_2451.fasta,intron_2451.tre,0.586724
intron_2454.fasta,intron_2454.tre,3.592884
intron_2464.fasta,intron_2464.tre,0.592162
intron_2465.fasta,intron_2465.tre,9.103359
intron_2467.fasta,intron_2467.tre,5.528154
intron_2469.fasta,intron_2469.tre,11.191526
intron_2476.fasta,intron_2476.tre,3.054454
intron_2477.fasta,intron_2477.tre,0.732955
intron_2481.fasta,intron_2481.tre,0.427438
intron_2491.fasta,intron_2491.tre,3.920057
intron_2511.fasta,intron_2511.tre,1.091608
intron_2516.fasta,intron_2516.tre,3.902996
intron_252.fasta,intron_252.tre,0.600938
intron_2520.fasta,intron_2520.tre,11.309161
intron_2521.fasta,intron_2521.tre,0.444722
intron_2522.fasta,intron_2522.tre,4.755468
intron_2537.fasta,intron_2537.tre,1.016754
intron_254.fasta,intron_254.tre,1.488181
intron_2540.fasta,intron_2540.tre,0.469373
intron_2544.fasta,intron_2544.tre,0.544694
intron_2546.fasta,intron_2546.tre,0.763864
intron_2552.fasta,intron_2552.tre,16.306746
intron_2557.fasta,intron_2557.tre,0.328738
intron_2558.fasta,intron_2558.tre,5.027392
intron_2561.fasta,intron_2561.tre,7.446855
intron_2564.fasta,intron_2564.tre,0.850181
intron_2577.fasta,intron_2577.tre,8.494130
intron_2579.fasta,intron_2579.tre,6.963241
intron_2597.fasta,intron_2597.tre,0.776795
intron_2604.fasta,intron_2604.tre,3.211061
intron_2607.fasta,intron_2607.tre,2.420595
intron_2613.fasta,intron_2613.tre,6.199644
intron_2618.fasta,intron_2618.tre,0.545780
intron_2619.fasta,intron_2619.tre,3.083348
intron_2622.fasta,intron_2622.tre,6.649127
intron_2623.fasta,intron_2623.tre,0.559186
intron_2633.fasta,intron_2633.tre,3.775339
intron_2634.fasta,intron_2634.tre,0.746833
intron_2638.fasta,intron_2638.tre,0.565860
intron_2639.fasta,intron_2639.tre,1.173398
intron_2640.fasta,intron_2640.tre,1.067572
intron_2642.fasta,intron_2642.tre,2.226070
intron_2644.fasta,intron_2644.tre,0.467070
intron_2645.fasta,intron_2645.tre,14.534662
intron_2654.fasta,intron_2654.tre,0.320724
intron_2655.fasta,intron_2655.tre,1.613430
intron_2662.fasta,intron_2662.tre,1.598221
intron_2663.fasta,intron_2663.tre,10.414548
intron_2664.fasta,intron_2664.tre,0.585388
intron_2666.fasta,intron_2666.tre,0.801330
intron_2667.fasta,intron_2667.tre,2.781249
intron_2669.fasta,intron_2669.tre,0.693059
intron_267.fasta,intron_267.tre,0.308284
intron_2679.fasta,intron_2679.tre,1.956617
intron_2682.fasta,intron_2682.tre,0.918364
intron_2691.fasta,intron_2691.tre,10.690833
intron_2692.fasta,intron_2692.tre,0.739821
intron_2693.fasta,intron_2693.tre,1.329154
intron_2698.fasta,intron_2698.tre,1.417581
intron_2699.fasta,intron_2699.tre,1.210103
intron_2704.fasta,intron_2704.tre,0.836010
intron_2712.fasta,intron_2712.tre,3.448445
intron_2717.fasta,intron_2717.tre,4.153721
intron_2719.fasta,intron_2719.tre,4.811016
intron_2721.fasta,intron_2721.tre,0.561889
intron_2723.fasta,intron_2723.tre,1.891169
intron_2729.fasta,intron_2729.tre,4.243566
intron_2735.fasta,intron_2735.tre,2.498866
intron_2742.fasta,intron_2742.tre,0.486977
intron_2745.fasta,intron_2745.tre,0.603398
intron_2746.fasta,intron_2746.tre,0.634166
intron_2752.fasta,intron_2752.tre,0.563212
intron_2762.fasta,intron_2762.tre,17.889987
intron_2763.fasta,intron_2763.tre,2.071953
intron_2771.fasta,intron_2771.tre,2.099868
intron_2773.fasta,intron_2773.tre,2.883296
intron_2778.fasta,intron_2778.tre,0.490296
intron_2779.fasta,intron_2779.tre,0.424621
intron_2781.fasta,intron_2781.tre,2.184294
intron_2782.fasta,intron_2782.tre,0.628364
intron_2784.fasta,intron_2784.tre,2.940520
intron_2787.fasta,intron_2787.tre,13.780064
intron_2788.fasta,intron_2788.tre,0.469640
intron_2792.fasta,intron_2792.tre,1.848789
intron_2794.fasta,intron_2794.tre,1.802115
intron_28.fasta,intron_28.tre,0.320832
intron_2801.fasta,intron_2801.tre,1.501776
intron_2805.fasta,intron_2805.tre,21.439939
intron_2812.fasta,intron_2812.tre,0.432221
intron_2820.fasta,intron_2820.tre,5.701219
intron_283.fasta,intron_283.tre,3.435753
intron_2830.fasta,intron_2830.tre,0.623280
intron_2834.fasta,intron_2834.tre,6.697470
intron_2838.fasta,intron_2838.tre,4.945553
intron_284.fasta,intron_284.tre,3.631770
intron_2840.fasta,intron_2840.tre,1.927930
intron_2844.fasta,intron_2844.tre,0.346006
intron_2845.fasta,intron_2845.tre,0.802711
intron_2849.fasta,intron_2849.tre,3.183913
intron_285.fasta,intron_285.tre,0.544720
intron_2856.fasta,intron_2856.tre,2.265045
intron_2865.fasta,intron_2865.tre,10.360565
intron_2866.fasta,intron_2866.tre,7.343863
intron_2875.fasta,intron_2875.tre,12.500579
intron_2877.fasta,intron_2877.tre,6.001210
intron_2878.fasta,intron_2878.tre,2.447906
intron_288.fasta,intron_288.tre,1.767514
intron_2888.fasta,intron_2888.tre,2.185418
intron_2900.fasta,intron_2900.tre,2.158020
intron_2901.fasta,intron_2901.tre,6.302192
intron_2906.fasta,intron_2906.tre,1.914118
intron_2915.fasta,intron_2915.tre,0.500012
intron_2918.fasta,intron_2918.tre,2.954978
intron_2928.fasta,intron_2928.tre,0.501143
intron_2930.fasta,intron_2930.tre,19.523216
intron_2945.fasta,intron_2945.tre,5.420201
intron_2951.fasta,intron_2951.tre,1.948772
intron_2957.fasta,intron_2957.tre,4.361444
intron_296.fasta,intron_296.tre,5.519516
intron_2970.fasta,intron_2970.tre,11.170052
intron_2979.fasta,intron_2979.tre,12.451757
intron_2980.fasta,intron_2980.tre,4.968585
intron_2989.fasta,intron_2989.tre,6.337756
intron_2997.fasta,intron_2997.tre,3.084919
intron_3003.fasta,intron_3003.tre,8.510647
intron_3004.fasta,intron_3004.tre,9.848391
intron_3007.fasta,intron_3007.tre,3.217166
intron_3008.fasta,intron_3008.tre,5.109782
intron_3009.fasta,intron_3009.tre,4.603700
intron_301.fasta,intron_301.tre,1.496188
intron_3015.fasta,intron_3015.tre,19.482674
intron_3016.fasta,intron_3016.tre,3.307706
intron_3020.fasta,intron_3020.tre,5.591604
intron_3023.fasta,intron_3023.tre,1.351043
intron_3029.fasta,intron_3029.tre,13.942932
intron_303.fasta,intron_303.tre,1.045116
intron_3030.fasta,intron_3030.tre,3.085103
intron_3032.fasta,intron_3032.tre,1.865085
intron_3042.fasta,intron_3042.tre,12.817201
intron_3044.fasta,intron_3044.tre,0.530705
intron_3045.fasta,intron_3045.tre,13.599085
intron_3052.fasta,intron_3052.tre,0.279674
intron_3054.fasta,intron_3054.tre,0.955427
intron_3056.fasta,intron_3056.tre,1.148060
intron_3069.fasta,intron_3069.tre,0.904258
intron_3072.fasta,intron_3072.tre,4.188475
intron_308.fasta,intron_308.tre,3.609503
intron_3080.fasta,intron_3080.tre,2.128991
intron_3086.fasta,intron_3086.tre,0.266618
intron_309.fasta,intron_309.tre,0.465566
intron_3091.fasta,intron_3091.tre,1.691127
intron_3093.fasta,intron_3093.tre,1.612349
intron_3095.fasta,intron_3095.tre,15.087044
intron_3098.fasta,intron_3098.tre,0.894957
intron_3102.fasta,intron_3102.tre,0.719465
intron_3104.fasta,intron_3104.tre,6.085185
intron_3105.fasta,intron_3105.tre,1.712097
intron_3106.fasta,intron_3106.tre,6.911404
intron_311.fasta,intron_311.tre,0.511383
intron_3119.fasta,intron_3119.tre,1.112963
intron_3122.fasta,intron_3122.tre,15.218058
intron_3123.fasta,intron_3123.tre,1.642554
intron_3136.fasta,intron_3136.tre,4.508362
intron_3137.fasta,intron_3137.tre,1.313570
intron_314.fasta,intron_314.tre,0.344139
intron_3147.fasta,intron_3147.tre,2.107715
intron_3149.fasta,intron_3149.tre,0.989257
intron_3151.fasta,intron_3151.tre,9.982961
intron_3153.fasta,intron_3153.tre,0.499125
intron_3155.fasta,intron_3155.tre,0.497435
intron_316.fasta,intron_316.tre,0.554720
intron_3160.fasta,intron_3160.tre,1.224813
intron_3166.fasta,intron_3166.tre,4.514968
intron_3167.fasta,intron_3167.tre,0.309109
intron_3172.fasta,intron_3172.tre,2.193239
intron_3174.fasta,intron_3174.tre,1.457772
intron_3176.fasta,intron_3176.tre,5.495885
intron_3187.fasta,intron_3187.tre,0.587902
intron_3195.fasta,intron_3195.tre,4.272708
intron_3198.fasta,intron_3198.tre,0.311982
intron_3200.fasta,intron_3200.tre,0.465024
intron_3204.fasta,intron_3204.tre,11.349000
intron_3208.fasta,intron_3208.tre,4.660287
intron_3216.fasta,intron_3216.tre,2.839576
intron_3218.fasta,intron_3218.tre,1.391958
intron_3220.fasta,intron_3220.tre,0.517747
intron_3224.fasta,intron_3224.tre,0.316563
intron_3227.fasta,intron_3227.tre,0.697288
intron_3230.fasta,intron_3230.tre,4.978479
intron_3240.fasta,intron_3240.tre,3.406298
intron_3242.fasta,intron_3242.tre,2.309321
intron_3243.fasta,intron_3243.tre,2.390003
intron_3253.fasta,intron_3253.tre,0.260224
intron_3269.fasta,intron_3269.tre,1.128307
intron_3276.fasta,intron_3276.tre,1.793099
intron_3277.fasta,intron_3277.tre,0.519815
intron_3279.fasta,intron_3279.tre,3.348783
intron_3280.fasta,intron_3280.tre,0.868899
intron_3284.fasta,intron_3284.tre,0.479445
intron_329.fasta,intron_329.tre,4.600374
intron_3296.fasta,intron_3296.tre,5.055656
intron_3297.fasta,intron_3297.tre,0.660630
intron_3298.fasta,intron_3298.tre,22.137470
intron_3305.fasta,intron_3305.tre,0.892749
intron_3318.fasta,intron_3318.tre,1.195860
intron_3324.fasta,intron_3324.tre,7.003453
intron_3325.fasta,intron_3325.tre,5.530400
intron_3329.fasta,intron_3329.tre,0.976275
intron_333.fasta,intron_333.tre,5.548386
intron_3334.fasta,intron_3334.tre,3.829643
intron_3348.fasta,intron_3348.tre,19.943685
intron_3354.fasta,intron_3354.tre,11.367990
intron_3356.fasta,intron_3356.tre,4.321408
intron_3361.fasta,intron_3361.tre,1.290084
intron_3367.fasta,intron_3367.tre,2.045186
intron_338.fasta,intron_338.tre,0.329571
intron_3380.fasta,intron_3380.tre,10.883067
intron_3383.fasta,intron_3383.tre,6.099306
intron_3396.fasta,intron_3396.tre,12.069987
intron_3400.fasta,intron_3400.tre,14.261494
intron_3401.fasta,intron_3401.tre,8.614022
intron_3407.fasta,intron_3407.tre,7.545466
intron_3409.fasta,intron_3409.tre,23.277837
intron_3414.fasta,intron_3414.tre,7.902985
intron_3417.fasta,intron_3417.tre,0.539209
intron_3422.fasta,intron_3422.tre,0.790847
intron_3424.fasta,intron_3424.tre,6.120934
intron_3428.fasta,intron_3428.tre,9.203107
intron_3440.fasta,intron_3440.tre,18.229099
intron_3442.fasta,intron_3442.tre,1.379853
intron_3443.fasta,intron_3443.tre,0.864048
intron_3458.fasta,intron_3458.tre,12.496425
intron_3471.fasta,intron_3471.tre,13.070142
intron_3472.fasta,intron_3472.tre,0.826497
intron_3476.fasta,intron_3476.tre,2.040330
intron_3479.fasta,intron_3479.tre,4.170264
intron_3483.fasta,intron_3483.tre,0.912532
intron_3489.fasta,intron_3489.tre,1.273963
intron_350.fasta,intron_350.tre,0.339625
intron_3500.fasta,intron_3500.tre,2.393532
intron_3506.fasta,intron_3506.tre,0.398098
intron_3508.fasta,intron_3508.tre,0.353704
intron_3520.fasta,intron_3520.tre,1.024127
intron_3528.fasta,intron_3528.tre,2.868754
intron_3530.fasta,intron_3530.tre,13.446233
intron_3535.fasta,intron_3535.tre,6.928588
intron_3541.fasta,intron_3541.tre,12.126020
intron_3542.fasta,intron_3542.tre,3.299348
intron_3545.fasta,intron_3545.tre,0.450155
intron_3548.fasta,intron_3548.tre,3.927665
intron_3549.fasta,intron_3549.tre,6.242836
intron_355.fasta,intron_355.tre,0.513365
intron_3563.fasta,intron_3563.tre,13.889576
intron_3570.fasta,intron_3570.tre,0.447465
intron_3575.fasta,intron_3575.tre,4.039648
intron_3578.fasta,intron_3578.tre,5.137715
intron_3581.fasta,intron_3581.tre,0.582509
intron_3583.fasta,intron_3583.tre,2.014931
intron_3585.fasta,intron_3585.tre,5.298316
intron_3592.fasta,intron_3592.tre,4.765506
intron_3598.fasta,intron_3598.tre,0.453954
intron_3600.fasta,intron_3600.tre,3.411462
intron_3612.fasta,intron_3612.tre,0.576423
intron_3613.fasta,intron_3613.tre,2.070561
intron_3633.fasta,intron_3633.tre,0.799392
intron_3634.fasta,intron_3634.tre,3.363299
intron_3645.fasta,intron_3645.tre,0.478802
intron_3652.fasta,intron_3652.tre,0.980695
intron_3653.fasta,intron_3653.tre,0.729603
intron_3657.fasta,intron_3657.tre,1.604030
intron_3668.fasta,intron_3668.tre,4.589788
intron_3671.fasta,intron_3671.tre,0.505709
intron_3682.fasta,intron_3682.tre,6.704622
intron_3698.fasta,intron_3698.tre,0.499746
intron_3706.fasta,intron_3706.tre,0.670935
intron_3709.fasta,intron_3709.tre,0.877249
intron_3716.fasta,intron_3716.tre,5.091908
intron_3717.fasta,intron_3717.tre,0.494837
intron_3720.fasta,intron_3720.tre,0.543765
intron_3723.fasta,intron_3723.tre,0.592489
intron_3724.fasta,intron_3724.tre,11.179270
intron_3726.fasta,intron_3726.tre,1.406732
intron_3730.fasta,intron_3730.tre,1.687682
intron_3735.fasta,intron_3735.tre,1.865058
intron_3740.fasta,intron_3740.tre,6.103501
intron_3741.fasta,intron_3741.tre,1.084008
intron_3752.fasta,intron_3752.tre,1.589206
intron_3755.fasta,intron_3755.tre,18.851331
intron_3762.fasta,intron_3762.tre,0.272915
intron_3764.fasta,intron_3764.tre,14.424948
intron_3765.fasta,intron_3765.tre,6.311369
intron_3767.fasta,intron_3767.tre,1.130633
intron_3768.fasta,intron_3768.tre,1.234101
intron_377.fasta,intron_377.tre,1.047188
intron_3770.fasta,intron_3770.tre,1.028607
intron_3781.fasta,intron_3781.tre,0.487080
intron_3793.fasta,intron_3793.tre,6.408056
intron_3795.fasta,intron_3795.tre,4.546360
intron_3799.fasta,intron_3799.tre,4.524059
intron_380.fasta,intron_380.tre,11.776481
intron_3803.fasta,intron_3803.tre,0.603044
intron_3804.fasta,intron_3804.tre,0.465192
intron_3806.fasta,intron_3806.tre,11.779437
intron_3810.fasta,intron_3810.tre,2.022348
intron_3823.fasta,intron_3823.tre,5.371808
intron_3824.fasta,intron_3824.tre,0.284501
intron_3833.fasta,intron_3833.tre,4.202808
intron_3845.fasta,intron_3845.tre,0.615681
intron_3848.fasta,intron_3848.tre,1.743718
intron_3849.fasta,intron_3849.tre,16.621268
intron_386.fasta,intron_386.tre,5.596481
intron_3861.fasta,intron_3861.tre,0.910429
intron_3863.fasta,intron_3863.tre,8.218559
intron_3868.fasta,intron_3868.tre,2.254528
intron_3873.fasta,intron_3873.tre,10.332996
intron_3874.fasta,intron_3874.tre,5.531086
intron_3880.fasta,intron_3880.tre,0.837047
intron_3886.fasta,intron_3886.tre,1.268766
intron_3888.fasta,intron_3888.tre,2.164445
intron_3891.fasta,intron_3891.tre,0.631008
intron_3894.fasta,intron_3894.tre,12.119767
intron_3895.fasta,intron_3895.tre,0.846611
intron_3898.fasta,intron_3898.tre,1.073444
intron_39.fasta,intron_39.tre,0.901934
intron_3902.fasta,intron_3902.tre,18.786111
intron_3907.fasta,intron_3907.tre,4.835816
intron_3908.fasta,intron_3908.tre,6.461437
intron_3909.fasta,intron_3909.tre,0.846980
intron_391.fasta,intron_391.tre,0.564235
intron_3914.fasta,intron_3914.tre,3.201111
intron_3920.fasta,intron_3920.tre,1.179956
intron_3922.fasta,intron_3922.tre,0.650213
intron_3926.fasta,intron_3926.tre,7.321667
intron_3927.fasta,intron_3927.tre,1.082468
intron_3932.fasta,intron_3932.tre,0.753442
intron_3946.fasta,intron_3946.tre,5.562867
intron_3947.fasta,intron_3947.tre,2.627292
intron_3948.fasta,intron_3948.tre,5.146784
intron_3949.fasta,intron_3949.tre,1.296318
intron_3954.fasta,intron_3954.tre,3.249960
intron_3969.fasta,intron_3969.tre,5.259880
intron_3981.fasta,intron_3981.tre,2.801761
intron_3983.fasta,intron_3983.tre,4.000839
intron_3984.fasta,intron_3984.tre,2.989906
intron_3985.fasta,intron_3985.tre,0.705107
intron_3988.fasta,intron_3988.tre,9.424055
intron_3995.fasta,intron_3995.tre,17.175414
intron_4005.fasta,intron_4005.tre,5.518960
intron_401.fasta,intron_401.tre,0.845112
intron_4013.fasta,intron_4013.tre,0.695788
intron_405.fasta,intron_405.tre,4.079904
intron_4055.fasta,intron_4055.tre,1.342175
intron_4066.fasta,intron_4066.tre,1.166710
intron_4094.fasta,intron_4094.tre,1.334050
intron_410.fasta,intron_410.tre,4.308528
intron_4100.fasta,intron_4100.tre,0.580859
intron_4110.fasta,intron_4110.tre,5.155614
intron_4111.fasta,intron_4111.tre,0.499441
intron_4114.fasta,intron_4114.tre,2.463916
intron_4116.fasta,intron_4116.tre,0.481335
intron_4118.fasta,intron_4118.tre,9.854330
intron_4119.fasta,intron_4119.tre,17.144661
intron_4120.fasta,intron_4120.tre,4.955308
intron_4121.fasta,intron_4121.tre,14.299901
intron_4140.fasta,intron_4140.tre,1.219170
intron_4145.fasta,intron_4145.tre,1.093418
intron_4147.fasta,intron_4147.tre,4.919709
intron_4151.fasta,intron_4151.tre,3.133849
intron_417.fasta,intron_417.tre,0.533566
intron_4178.fasta,intron_4178.tre,9.140374
intron_4182.fasta,intron_4182.tre,8.368179
intron_4188.fasta,intron_4188.tre,3.434420
intron_4198.fasta,intron_4198.tre,1.610508
intron_4212.fasta,intron_4212.tre,1.967473
intron_4216.fasta,intron_4216.tre,4.218168
intron_4222.fasta,intron_4222.tre,6.119078
intron_423.fasta,intron_423.tre,4.591557
intron_4235.fasta,intron_4235.tre,11.225048
intron_424.fasta,intron_424.tre,2.724090
intron_4256.fasta,intron_4256.tre,4.194852
intron_4259.fasta,intron_4259.tre,6.530639
intron_426.fasta,intron_426.tre,0.613347
intron_4288.fasta,intron_4288.tre,12.585982
intron_4295.fasta,intron_4295.tre,0.597027
intron_4299.fasta,intron_4299.tre,6.940356
intron_4302.fasta,intron_4302.tre,4.955873
intron_4307.fasta,intron_4307.tre,0.309379
intron_4312.fasta,intron_4312.tre,0.589811
intron_4313.fasta,intron_4313.tre,0.784133
intron_4314.fasta,intron_4314.tre,2.579591
intron_4315.fasta,intron_4315.tre,0.437564
intron_4319.fasta,intron_4319.tre,2.369276
intron_4324.fasta,intron_4324.tre,0.536156
intron_4342.fasta,intron_4342.tre,0.570514
intron_4345.fasta,intron_4345.tre,0.410986
intron_4356.fasta,intron_4356.tre,0.891912
intron_4357.fasta,intron_4357.tre,8.538721
intron_4366.fasta,intron_4366.tre,0.548947
intron_437.fasta,intron_437.tre,2.902033
intron_4375.fasta,intron_4375.tre,1.149105
intron_4381.fasta,intron_4381.tre,3.943142
intron_4386.fasta,intron_4386.tre,1.749989
intron_4387.fasta,intron_4387.tre,2.833627
intron_4401.fasta,intron_4401.tre,0.635578
intron_4402.fasta,intron_4402.tre,0.921398
intron_4406.fasta,intron_4406.tre,0.887498
intron_4409.fasta,intron_4409.tre,14.465351
intron_4414.fasta,intron_4414.tre,0.702710
intron_4415.fasta,intron_4415.tre,6.097534
intron_4432.fasta,intron_4432.tre,0.726970
intron_4439.fasta,intron_4439.tre,16.492250
intron_4448.fasta,intron_4448.tre,9.199454
intron_4456.fasta,intron_4456.tre,5.955371
intron_4464.fasta,intron_4464.tre,1.634372
intron_4468.fasta,intron_4468.tre,3.039044
intron_447.fasta,intron_447.tre,17.808581
intron_4479.fasta,intron_4479.tre,14.162532
intron_449.fasta,intron_449.tre,0.293588
intron_4496.fasta,intron_4496.tre,3.009014
intron_4500.fasta,intron_4500.tre,1.138940
intron_4509.fasta,intron_4509.tre,1.489548
intron_451.fasta,intron_451.tre,0.581567
intron_4515.fasta,intron_4515.tre,1.732993
intron_4521.fasta,intron_4521.tre,1.364172
intron_4530.fasta,intron_4530.tre,5.365326
intron_4537.fasta,intron_4537.tre,7.352451
intron_4543.fasta,intron_4543.tre,0.453306
intron_4551.fasta,intron_4551.tre,1.104383
intron_4556.fasta,intron_4556.tre,0.664291
intron_4564.fasta,intron_4564.tre,2.998775
intron_4565.fasta,intron_4565.tre,10.352123
intron_4567.fasta,intron_4567.tre,3.914136
intron_4573.fasta,intron_4573.tre,15.169679
intron_4576.fasta,intron_4576.tre,1.868915
intron_4586.fasta,intron_4586.tre,6.709851
intron_4587.fasta,intron_4587.tre,2.019839
intron_4605.fasta,intron_4605.tre,0.656035
intron_4611.fasta,intron_4611.tre,0.557701
intron_4616.fasta,intron_4616.tre,2.214945
intron_4619.fasta,intron_4619.tre,14.557826
intron_4631.fasta,intron_4631.tre,10.465675
intron_4632.fasta,intron_4632.tre,0.702157
intron_4635.fasta,intron_4635.tre,3.132672
intron_4641.fasta,intron_4641.tre,0.730776
intron_4644.fasta,intron_4644.tre,5.166819
intron_4650.fasta,intron_4650.tre,10.766950
intron_4660.fasta,intron_4660.tre,1.062446
intron_4664.fasta,intron_4664.tre,1.591458
intron_4669.fasta,intron_4669.tre,8.024410
intron_4671.fasta,intron_4671.tre,6.293720
intron_4672.fasta,intron_4672.tre,10.777079
intron_4674.fasta,intron_4674.tre,1.661875
intron_4683.fasta,intron_4683.tre,5.624385
intron_4686.fasta,intron_4686.tre,22.338732
intron_4688.fasta,intron_4688.tre,0.845983
intron_4701.fasta,intron_4701.tre,2.726831
intron_4711.fasta,intron_4711.tre,3.580819
intron_4737.fasta,intron_4737.tre,6.477507
intron_4749.fasta,intron_4749.tre,0.571386
intron_4763.fasta,intron_4763.tre,0.331985
intron_4768.fasta,intron_4768.tre,1.119052
intron_4771.fasta,intron_4771.tre,3.546461
intron_4772.fasta,intron_4772.tre,10.662513
intron_4778.fasta,intron_4778.tre,2.502475
intron_4781.fasta,intron_4781.tre,2.225407
intron_4784.fasta,intron_4784.tre,2.076203
intron_4789.fasta,intron_4789.tre,6.680274
intron_4798.fasta,intron_4798.tre,13.849855
intron_4805.fasta,intron_4805.tre,1.254876
intron_4807.fasta,intron_4807.tre,2.429181
intron_4808.fasta,intron_4808.tre,2.930630
intron_4809.fasta,intron_4809.tre,0.657247
intron_4811.fasta,intron_4811.tre,6.607272
intron_4818.fasta,intron_4818.tre,3.883880
intron_482.fasta,intron_482.tre,0.906879
intron_4827.fasta,intron_4827.tre,3.233504
intron_483.fasta,intron_483.tre,2.009107
intron_4839.fasta,intron_4839.tre,4.980520
intron_4842.fasta,intron_4842.tre,1.676015
intron_485.fasta,intron_485.tre,0.344423
intron_4852.fasta,intron_4852.tre,0.413903
intron_4887.fasta,intron_4887.tre,0.350699
intron_489.fasta,intron_489.tre,0.506201
intron_4895.fasta,intron_4895.tre,1.855670
intron_4897.fasta,intron_4897.tre,17.823595
intron_4903.fasta,intron_4903.tre,0.862825
intron_4906.fasta,intron_4906.tre,7.424483
intron_4910.fasta,intron_4910.tre,0.749160
intron_4916.fasta,intron_4916.tre,5.892896
intron_492.fasta,intron_492.tre,14.508214
intron_4920.fasta,intron_4920.tre,18.649233
intron_4921.fasta,intron_4921.tre,6.373026
intron_4925.fasta,intron_4925.tre,2.287799
intron_4927.fasta,intron_4927.tre,18.291805
intron_4939.fasta,intron_4939.tre,17.600023
intron_4972.fasta,intron_4972.tre,4.328457
intron_4979.fasta,intron_4979.tre,1.950145
intron_498.fasta,intron_498.tre,2.480726
intron_4982.fasta,intron_4982.tre,4.073697
intron_4987.fasta,intron_4987.tre,0.538778
intron_499.fasta,intron_499.tre,0.399356
intron_4992.fasta,intron_4992.tre,1.357170
intron_4994.fasta,intron_4994.tre,7.841186
intron_4997.fasta,intron_4997.tre,16.022609
intron_5.fasta,intron_5.tre,6.256557
intron_5008.fasta,intron_5008.tre,2.883230
intron_5009.fasta,intron_5009.tre,5.507720
intron_5013.fasta,intron_5013.tre,0.517730
intron_5014.fasta,intron_5014.tre,0.480287
intron_5018.fasta,intron_5018.tre,11.811432
intron_5028.fasta,intron_5028.tre,2.997209
intron_503.fasta,intron_503.tre,2.686371
intron_504.fasta,intron_504.tre,5.175617
intron_5042.fasta,intron_5042.tre,10.262487
intron_505.fasta,intron_505.tre,2.300459
intron_5052.fasta,intron_5052.tre,1.562060
intron_507.fasta,intron_507.tre,6.959812
intron_5073.fasta,intron_5073.tre,10.731473
intron_5078.fasta,intron_5078.tre,1.942937
intron_508.fasta,intron_508.tre,7.551574
intron_5084.fasta,intron_5084.tre,1.575666
intron_5103.fasta,intron_5103.tre,10.719497
intron_5104.fasta,intron_5104.tre,2.505095
intron_5107.fasta,intron_5107.tre,2.518750
intron_511.fasta,intron_511.tre,7.911496
intron_5111.fasta,intron_5111.tre,1.019417
intron_512.fasta,intron_512.tre,0.767683
intron_5124.fasta,intron_5124.tre,0.810222
intron_5147.fasta,intron_5147.tre,2.875366
intron_516.fasta,intron_516.tre,0.738405
intron_5177.fasta,intron_5177.tre,14.752180
intron_5188.fasta,intron_5188.tre,19.926195
intron_5192.fasta,intron_5192.tre,2.585625
intron_5198.fasta,intron_5198.tre,7.508095
intron_520.fasta,intron_520.tre,0.973170
intron_521.fasta,intron_521.tre,13.406149
intron_5218.fasta,intron_5218.tre,3.008994
intron_5219.fasta,intron_5219.tre,4.053571
intron_5230.fasta,intron_5230.tre,2.545073
intron_5235.fasta,intron_5235.tre,11.123738
intron_526.fasta,intron_526.tre,0.513207
intron_5268.fasta,intron_5268.tre,2.589267
intron_5281.fasta,intron_5281.tre,13.835634
intron_5284.fasta,intron_5284.tre,0.555202
intron_5290.fasta,intron_5290.tre,4.774954
intron_5303.fasta,intron_5303.tre,3.745633
intron_533.fasta,intron_533.tre,3.591634
intron_536.fasta,intron_536.tre,6.622596
intron_5364.fasta,intron_5364.tre,1.131831
intron_5386.fasta,intron_5386.tre,0.419460
intron_5410.fasta,intron_5410.tre,0.661614
intron_5419.fasta,intron_5419.tre,8.567830
intron_5425.fasta,intron_5425.tre,1.183418
intron_5449.fasta,intron_5449.tre,3.373785
intron_5453.fasta,intron_5453.tre,3.829660
intron_5464.fasta,intron_5464.tre,23.081623
intron_5483.fasta,intron_5483.tre,0.907225
intron_5498.fasta,intron_5498.tre,1.045157
intron_5504.fasta,intron_5504.tre,4.285653
intron_551.fasta,intron_551.tre,2.478861
intron_5512.fasta,intron_5512.tre,0.705157
intron_5521.fasta,intron_5521.tre,0.907915
intron_5532.fasta,intron_5532.tre,0.532294
intron_5536.fasta,intron_5536.tre,8.014929
intron_5545.fasta,intron_5545.tre,5.822418
intron_5553.fasta,intron_5553.tre,0.504416
intron_5561.fasta,intron_5561.tre,2.009819
intron_5562.fasta,intron_5562.tre,1.184510
intron_5576.fasta,intron_5576.tre,0.380379
intron_560.fasta,intron_560.tre,2.541226
intron_5606.fasta,intron_5606.tre,11.173943
intron_5610.fasta,intron_5610.tre,0.402850
intron_5613.fasta,intron_5613.tre,0.706414
intron_563.fasta,intron_563.tre,2.162400
intron_5634.fasta,intron_5634.tre,0.788132
intron_5656.fasta,intron_5656.tre,21.909608
intron_5658.fasta,intron_5658.tre,0.596674
intron_5681.fasta,intron_5681.tre,20.451271
intron_5689.fasta,intron_5689.tre,1.761841
intron_5699.fasta,intron_5699.tre,0.365098
intron_57.fasta,intron_57.tre,0.618486
intron_570.fasta,intron_570.tre,2.869787
intron_5722.fasta,intron_5722.tre,1.080291
intron_5741.fasta,intron_5741.tre,7.512857
intron_5746.fasta,intron_5746.tre,1.981023
intron_5773.fasta,intron_5773.tre,22.252445
intron_581.fasta,intron_581.tre,12.986297
intron_592.fasta,intron_592.tre,4.528097
intron_5973.fasta,intron_5973.tre,3.740523
intron_5978.fasta,intron_5978.tre,0.369652
intron_5988.fasta,intron_5988.tre,2.865835
intron_5999.fasta,intron_5999.tre,0.665648
intron_600.fasta,intron_600.tre,2.881925
intron_6015.fasta,intron_6015.tre,0.535509
intron_6016.fasta,intron_6016.tre,0.595801
intron_6017.fasta,intron_6017.tre,8.763477
intron_6035.fasta,intron_6035.tre,0.428949
intron_604.fasta,intron_604.tre,1.207986
intron_6065.fasta,intron_6065.tre,13.015641
intron_6069.fasta,intron_6069.tre,0.772439
intron_6073.fasta,intron_6073.tre,1.163737
intron_6098.fasta,intron_6098.tre,22.913957
intron_611.fasta,intron_611.tre,3.481859
intron_6122.fasta,intron_6122.tre,5.473527
intron_6144.fasta,intron_6144.tre,0.496786
intron_6158.fasta,intron_6158.tre,18.036179
intron_6162.fasta,intron_6162.tre,2.581529
intron_617.fasta,intron_617.tre,0.486483
intron_6185.fasta,intron_6185.tre,14.397680
intron_6189.fasta,intron_6189.tre,0.547551
intron_619.fasta,intron_619.tre,2.124851
intron_62.fasta,intron_62.tre,1.555556
intron_622.fasta,intron_622.tre,0.796168
intron_6232.fasta,intron_6232.tre,0.510645
intron_6246.fasta,intron_6246.tre,0.604847
intron_6253.fasta,intron_6253.tre,1.790513
intron_6254.fasta,intron_6254.tre,0.875329
intron_6255.fasta,intron_6255.tre,2.389061
intron_6275.fasta,intron_6275.tre,0.546338
intron_6278.fasta,intron_6278.tre,0.591703
intron_6300.fasta,intron_6300.tre,0.491632
intron_6317.fasta,intron_6317.tre,0.512645
intron_6329.fasta,intron_6329.tre,0.537871
intron_6333.fasta,intron_6333.tre,0.495282
intron_6339.fasta,intron_6339.tre,8.396814
intron_6357.fasta,intron_6357.tre,10.105335
intron_6378.fasta,intron_6378.tre,0.977127
intron_6396.fasta,intron_6396.tre,0.715171
intron_6406.fasta,intron_6406.tre,1.095692
intron_642.fasta,intron_642.tre,2.248317
intron_6424.fasta,intron_6424.tre,7.445559
intron_6435.fasta,intron_6435.tre,0.656875
intron_6441.fasta,intron_6441.tre,5.957580
intron_6448.fasta,intron_6448.tre,1.270148
intron_6462.fasta,intron_6462.tre,0.565533
intron_6475.fasta,intron_6475.tre,0.846883
intron_648.fasta,intron_648.tre,20.119317
intron_6481.fasta,intron_6481.tre,3.734744
intron_6487.fasta,intron_6487.tre,0.953151
intron_6501.fasta,intron_6501.tre,0.302911
intron_6502.fasta,intron_6502.tre,7.334674
intron_6513.fasta,intron_6513.tre,9.863945
intron_6525.fasta,intron_6525.tre,1.839353
intron_6528.fasta,intron_6528.tre,0.555543
intron_6529.fasta,intron_6529.tre,0.520343
intron_653.fasta,intron_653.tre,10.418982
intron_6530.fasta,intron_6530.tre,0.567075
intron_6541.fasta,intron_6541.tre,0.612963
intron_6552.fasta,intron_6552.tre,1.163641
intron_6560.fasta,intron_6560.tre,10.996176
intron_6592.fasta,intron_6592.tre,4.266212
intron_6600.fasta,intron_6600.tre,7.544264
intron_6629.fasta,intron_6629.tre,3.912452
intron_6634.fasta,intron_6634.tre,18.544257
intron_6647.fasta,intron_6647.tre,1.053994
intron_665.fasta,intron_665.tre,10.554423
intron_6660.fasta,intron_6660.tre,16.219204
intron_6680.fasta,intron_6680.tre,4.102983
intron_6688.fasta,intron_6688.tre,0.359589
intron_670.fasta,intron_670.tre,2.650702
intron_6714.fasta,intron_6714.tre,6.541357
intron_6720.fasta,intron_6720.tre,0.551571
intron_6723.fasta,intron_6723.tre,8.044116
intron_6731.fasta,intron_6731.tre,12.455403
intron_6740.fasta,intron_6740.tre,1.072745
intron_6743.fasta,intron_6743.tre,0.725843
intron_676.fasta,intron_676.tre,7.785734
intron_6767.fasta,intron_6767.tre,18.659736
intron_6771.fasta,intron_6771.tre,0.968185
intron_6813.fasta,intron_6813.tre,0.839197
intron_6818.fasta,intron_6818.tre,0.646765
intron_682.fasta,intron_682.tre,1.849132
intron_6841.fasta,intron_6841.tre,0.320321
intron_6851.fasta,intron_6851.tre,3.401617
intron_6878.fasta,intron_6878.tre,8.131707
intron_688.fasta,intron_688.tre,0.516594
intron_6951.fasta,intron_6951.tre,5.385039
intron_6969.fasta,intron_6969.tre,0.772199
intron_6970.fasta,intron_6970.tre,9.028923
intron_700.fasta,intron_700.tre,1.077362
intron_7023.fasta,intron_7023.tre,4.664781
intron_7031.fasta,intron_7031.tre,1.634597
intron_7032.fasta,intron_7032.tre,3.680101
intron_7052.fasta,intron_7052.tre,2.366295
intron_7095.fasta,intron_7095.tre,2.672123
intron_710.fasta,intron_710.tre,0.751138
intron_7113.fasta,intron_7113.tre,0.813020
intron_7125.fasta,intron_7125.tre,0.606356
intron_7136.fasta,intron_7136.tre,3.074198
intron_715.fasta,intron_715.tre,0.352999
intron_7168.fasta,intron_7168.tre,0.943923
intron_7171.fasta,intron_7171.tre,0.628464
intron_7184.fasta,intron_7184.tre,2.312422
intron_7192.fasta,intron_7192.tre,2.110384
intron_7197.fasta,intron_7197.tre,0.533860
intron_7205.fasta,intron_7205.tre,1.445779
intron_721.fasta,intron_721.tre,11.407370
intron_722.fasta,intron_722.tre,6.678329
intron_7224.fasta,intron_7224.tre,1.398339
intron_7230.fasta,intron_7230.tre,12.970245
intron_7231.fasta,intron_7231.tre,1.692806
intron_724.fasta,intron_724.tre,0.532389
intron_7241.fasta,intron_7241.tre,0.685965
intron_7248.fasta,intron_7248.tre,2.972940
intron_725.fasta,intron_725.tre,2.371113
intron_7261.fasta,intron_7261.tre,1.466370
intron_7271.fasta,intron_7271.tre,0.639509
intron_7280.fasta,intron_7280.tre,0.529860
intron_7300.fasta,intron_7300.tre,2.636359
intron_7311.fasta,intron_7311.tre,16.952601
intron_7314.fasta,intron_7314.tre,3.261961
intron_736.fasta,intron_736.tre,0.315788
intron_7364.fasta,intron_7364.tre,1.311704
intron_7366.fasta,intron_7366.tre,0.735100
intron_7378.fasta,intron_7378.tre,17.911799
intron_7382.fasta,intron_7382.tre,0.452129
intron_7389.fasta,intron_7389.tre,21.127916
intron_7399.fasta,intron_7399.tre,0.981705
intron_74.fasta,intron_74.tre,0.514300
intron_740.fasta,intron_740.tre,2.989571
intron_7403.fasta,intron_7403.tre,0.486268
intron_7409.fasta,intron_7409.tre,9.944652
intron_7410.fasta,intron_7410.tre,11.087900
intron_7412.fasta,intron_7412.tre,12.123610
intron_7413.fasta,intron_7413.tre,0.646418
intron_7432.fasta,intron_7432.tre,0.879491
intron_7435.fasta,intron_7435.tre,0.272250
intron_7443.fasta,intron_7443.tre,0.615404
intron_7445.fasta,intron_7445.tre,6.796207
intron_7446.fasta,intron_7446.tre,12.432526
intron_745.fasta,intron_745.tre,3.066143
intron_747.fasta,intron_747.tre,13.021848
intron_7483.fasta,intron_7483.tre,0.799212
intron_7484.fasta,intron_7484.tre,1.682148
intron_749.fasta,intron_749.tre,10.342316
intron_7490.fasta,intron_7490.tre,0.565892
intron_7491.fasta,intron_7491.tre,11.912981
intron_7492.fasta,intron_7492.tre,2.076573
intron_7496.fasta,intron_7496.tre,7.204116
intron_7499.fasta,intron_7499.tre,0.417270
intron_7500.fasta,intron_7500.tre,0.780304
intron_7501.fasta,intron_7501.tre,1.198291
intron_751.fasta,intron_751.tre,9.196295
intron_7520.fasta,intron_7520.tre,3.343847
intron_7521.fasta,intron_7521.tre,3.856588
intron_7524.fasta,intron_7524.tre,7.972147
intron_7527.fasta,intron_7527.tre,2.663641
intron_7529.fasta,intron_7529.tre,3.464598
intron_7535.fasta,intron_7535.tre,0.901117
intron_7538.fasta,intron_7538.tre,0.536430
intron_7539.fasta,intron_7539.tre,0.352736
intron_755.fasta,intron_755.tre,0.697770
intron_7560.fasta,intron_7560.tre,0.589818
intron_7566.fasta,intron_7566.tre,4.518518
intron_7586.fasta,intron_7586.tre,6.040659
intron_7589.fasta,intron_7589.tre,0.817367
intron_7593.fasta,intron_7593.tre,11.535424
intron_7595.fasta,intron_7595.tre,4.474939
intron_7600.fasta,intron_7600.tre,0.966768
intron_7605.fasta,intron_7605.tre,4.344490
intron_761.fasta,intron_761.tre,4.243122
intron_7610.fasta,intron_7610.tre,19.504205
intron_7615.fasta,intron_7615.tre,0.718930
intron_7622.fasta,intron_7622.tre,7.020239
intron_763.fasta,intron_763.tre,11.730642
intron_7636.fasta,intron_7636.tre,0.617561
intron_764.fasta,intron_764.tre,5.460125
intron_7646.fasta,intron_7646.tre,1.945977
intron_7647.fasta,intron_7647.tre,3.418997
intron_7655.fasta,intron_7655.tre,0.973183
intron_7659.fasta,intron_7659.tre,0.452962
intron_7662.fasta,intron_7662.tre,0.623265
intron_7667.fasta,intron_7667.tre,5.064951
intron_7668.fasta,intron_7668.tre,1.413486
intron_7675.fasta,intron_7675.tre,0.627840
intron_7676.fasta,intron_7676.tre,21.503576
intron_7687.fasta,intron_7687.tre,9.417144
intron_7688.fasta,intron_7688.tre,0.412205
intron_7699.fasta,intron_7699.tre,0.705791
intron_7700.fasta,intron_7700.tre,6.456853
intron_7701.fasta,intron_7701.tre,18.118131
intron_7706.fasta,intron_7706.tre,1.193209
intron_7713.fasta,intron_7713.tre,0.452054
intron_7715.fasta,intron_7715.tre,17.873247
intron_7722.fasta,intron_7722.tre,1.740377
intron_7723.fasta,intron_7723.tre,2.382348
intron_7732.fasta,intron_7732.tre,1.714242
intron_7734.fasta,intron_7734.tre,0.422741
intron_7746.fasta,intron_7746.tre,5.252570
intron_7752.fasta,intron_7752.tre,0.474968
intron_7753.fasta,intron_7753.tre,0.848979
intron_7754.fasta,intron_7754.tre,10.001924
intron_7758.fasta,intron_7758.tre,0.334370
intron_7764.fasta,intron_7764.tre,11.047562
intron_7778.fasta,intron_7778.tre,2.826586
intron_7786.fasta,intron_7786.tre,10.333361
intron_7789.fasta,intron_7789.tre,0.632046
intron_7799.fasta,intron_7799.tre,3.017394
intron_7804.fasta,intron_7804.tre,0.661970
intron_7815.fasta,intron_7815.tre,2.284028
intron_782.fasta,intron_782.tre,7.520973
intron_7836.fasta,intron_7836.tre,2.592328
intron_784.fasta,intron_784.tre,1.079008
intron_7840.fasta,intron_7840.tre,2.819804
intron_7842.fasta,intron_7842.tre,3.768527
intron_7843.fasta,intron_7843.tre,1.020586
intron_7860.fasta,intron_7860.tre,5.503201
intron_7861.fasta,intron_7861.tre,0.707955
intron_7862.fasta,intron_7862.tre,2.735061
intron_7864.fasta,intron_7864.tre,0.404160
intron_7868.fasta,intron_7868.tre,2.647982
intron_7869.fasta,intron_7869.tre,9.036303
intron_7872.fasta,intron_7872.tre,3.888326
intron_7875.fasta,intron_7875.tre,16.480224
intron_7878.fasta,intron_7878.tre,0.304082
intron_7879.fasta,intron_7879.tre,1.261635
intron_7881.fasta,intron_7881.tre,0.276826
intron_7888.fasta,intron_7888.tre,4.598008
intron_7889.fasta,intron_7889.tre,6.771682
intron_7892.fasta,intron_7892.tre,1.734984
intron_7895.fasta,intron_7895.tre,0.672879
intron_7896.fasta,intron_7896.tre,19.859415
intron_7904.fasta,intron_7904.tre,0.790988
intron_7917.fasta,intron_7917.tre,5.098722
intron_792.fasta,intron_792.tre,0.593039
intron_7920.fasta,intron_7920.tre,4.434182
intron_7923.fasta,intron_7923.tre,5.986095
intron_7928.fasta,intron_7928.tre,6.292632
intron_7929.fasta,intron_7929.tre,4.025197
intron_795.fasta,intron_795.tre,4.849488
intron_7955.fasta,intron_7955.tre,2.050381
intron_7957.fasta,intron_7957.tre,0.657590
intron_7958.fasta,intron_7958.tre,0.467013
intron_7960.fasta,intron_7960.tre,3.014690
intron_7977.fasta,intron_7977.tre,2.521494
intron_7982.fasta,intron_7982.tre,1.333746
intron_7987.fasta,intron_7987.tre,0.560105
intron_7996.fasta,intron_7996.tre,0.294478
intron_8005.fasta,intron_8005.tre,3.626641
intron_8008.fasta,intron_8008.tre,1.100088
intron_801.fasta,intron_801.tre,20.190016
intron_8011.fasta,intron_8011.tre,0.660816
intron_8031.fasta,intron_8031.tre,0.304775
intron_8040.fasta,intron_8040.tre,0.603719
intron_8045.fasta,intron_8045.tre,0.529467
intron_8048.fasta,intron_8048.tre,0.500912
intron_8056.fasta,intron_8056.tre,5.573985
intron_8064.fasta,intron_8064.tre,0.942650
intron_8066.fasta,intron_8066.tre,0.559724
intron_8067.fasta,intron_8067.tre,3.468133
intron_8068.fasta,intron_8068.tre,1.410506
intron_8078.fasta,intron_8078.tre,2.221868
intron_8086.fasta,intron_8086.tre,1.348962
intron_8089.fasta,intron_8089.tre,0.612166
intron_8093.fasta,intron_8093.tre,1.195461
intron_8094.fasta,intron_8094.tre,0.977773
intron_8109.fasta,intron_8109.tre,2.199404
intron_8117.fasta,intron_8117.tre,1.703354
intron_8118.fasta,intron_8118.tre,1.033359
intron_812.fasta,intron_812.tre,3.511445
intron_8123.fasta,intron_8123.tre,1.792050
intron_8134.fasta,intron_8134.tre,22.632620
intron_8139.fasta,intron_8139.tre,1.543316
intron_8143.fasta,intron_8143.tre,5.297299
intron_8145.fasta,intron_8145.tre,6.229851
intron_8150.fasta,intron_8150.tre,2.895544
intron_816.fasta,intron_816.tre,1.379896
intron_8162.fasta,intron_8162.tre,0.832689
intron_8165.fasta,intron_8165.tre,3.059582
intron_8168.fasta,intron_8168.tre,0.953478
intron_8176.fasta,intron_8176.tre,0.544697
intron_8183.fasta,intron_8183.tre,4.745060
intron_8187.fasta,intron_8187.tre,6.857455
intron_8191.fasta,intron_8191.tre,1.277126
intron_8192.fasta,intron_8192.tre,0.626341
intron_8195.fasta,intron_8195.tre,12.189177
intron_8196.fasta,intron_8196.tre,1.266358
intron_8201.fasta,intron_8201.tre,10.407198
intron_8204.fasta,intron_8204.tre,2.137789
intron_8210.fasta,intron_8210.tre,6.805323
intron_8218.fasta,intron_8218.tre,1.153385
intron_8222.fasta,intron_8222.tre,4.941104
intron_8242.fasta,intron_8242.tre,0.475232
intron_8250.fasta,intron_8250.tre,1.946172
intron_8255.fasta,intron_8255.tre,0.836586
intron_8278.fasta,intron_8278.tre,0.316993
intron_828.fasta,intron_828.tre,2.753719
intron_8286.fasta,intron_8286.tre,1.542252
intron_8287.fasta,intron_8287.tre,0.559916
intron_8298.fasta,intron_8298.tre,2.568937
intron_8301.fasta,intron_8301.tre,1.783738
intron_8305.fasta,intron_8305.tre,0.599176
intron_8313.fasta,intron_8313.tre,10.706198
intron_8320.fasta,intron_8320.tre,1.149250
intron_8332.fasta,intron_8332.tre,0.465107
intron_8337.fasta,intron_8337.tre,0.470821
intron_8346.fasta,intron_8346.tre,17.994063
intron_8349.fasta,intron_8349.tre,1.657627
intron_8370.fasta,intron_8370.tre,0.401935
intron_8375.fasta,intron_8375.tre,0.766119
intron_8378.fasta,intron_8378.tre,0.635941
intron_8379.fasta,intron_8379.tre,1.506153
intron_838.fasta,intron_838.tre,0.556840
intron_8380.fasta,intron_8380.tre,0.713844
intron_8384.fasta,intron_8384.tre,7.181380
intron_8397.fasta,intron_8397.tre,0.552504
intron_8404.fasta,intron_8404.tre,2.564116
intron_8406.fasta,intron_8406.tre,10.146934
intron_8409.fasta,intron_8409.tre,2.754570
intron_8410.fasta,intron_8410.tre,0.548509
intron_8412.fasta,intron_8412.tre,2.236320
intron_8413.fasta,intron_8413.tre,1.277277
intron_8415.fasta,intron_8415.tre,1.163899
intron_8424.fasta,intron_8424.tre,10.451395
intron_8430.fasta,intron_8430.tre,1.742829
intron_8441.fasta,intron_8441.tre,1.193476
intron_8448.fasta,intron_8448.tre,10.135853
intron_8451.fasta,intron_8451.tre,0.983381
intron_8458.fasta,intron_8458.tre,1.351387
intron_8475.fasta,intron_8475.tre,1.909827
intron_8482.fasta,intron_8482.tre,1.577295
intron_849.fasta,intron_849.tre,1.174857
intron_8496.fasta,intron_8496.tre,0.719096
intron_8498.fasta,intron_8498.tre,7.424969
intron_8516.fasta,intron_8516.tre,0.412140
intron_8518.fasta,intron_8518.tre,6.105845
intron_8523.fasta,intron_8523.tre,4.138321
intron_8527.fasta,intron_8527.tre,16.053272
intron_8534.fasta,intron_8534.tre,1.886368
intron_8536.fasta,intron_8536.tre,0.309558
intron_8537.fasta,intron_8537.tre,0.630661
intron_8548.fasta,intron_8548.tre,0.524626
intron_8549.fasta,intron_8549.tre,1.316691
intron_855.fasta,intron_855.tre,0.550327
intron_8557.fasta,intron_8557.tre,0.686385
intron_8559.fasta,intron_8559.tre,1.567876
intron_8571.fasta,intron_8571.tre,12.459730
intron_8573.fasta,intron_8573.tre,0.547580
intron_8577.fasta,intron_8577.tre,3.278125
intron_8579.fasta,intron_8579.tre,0.500778
intron_8592.fasta,intron_8592.tre,16.961855
intron_8598.fasta,intron_8598.tre,0.542725
intron_8606.fasta,intron_8606.tre,0.347621
intron_8609.fasta,intron_8609.tre,16.090712
intron_8617.fasta,intron_8617.tre,0.500785
intron_8618.fasta,intron_8618.tre,0.862137
intron_8626.fasta,intron_8626.tre,2.778759
intron_8629.fasta,intron_8629.tre,0.368569
intron_8630.fasta,intron_8630.tre,5.375826
intron_8639.fasta,intron_8639.tre,6.616704
intron_8643.fasta,intron_8643.tre,0.603595
intron_8644.fasta,intron_8644.tre,5.333631
intron_8649.fasta,intron_8649.tre,11.831466
intron_8657.fasta,intron_8657.tre,3.207667
intron_866.fasta,intron_866.tre,22.396225
intron_8668.fasta,intron_8668.tre,2.537103
intron_8671.fasta,intron_8671.tre,1.027146
intron_8673.fasta,intron_8673.tre,0.955254
intron_8677.fasta,intron_8677.tre,2.905760
intron_8690.fasta,intron_8690.tre,3.421486
intron_8694.fasta,intron_8694.tre,12.766457
intron_8695.fasta,intron_8695.tre,0.349914
intron_8696.fasta,intron_8696.tre,6.417149
intron_8704.fasta,intron_8704.tre,3.776618
intron_871.fasta,intron_871.tre,6.565287
intron_8717.fasta,intron_8717.tre,17.101403
intron_8731.fasta,intron_8731.tre,0.563947
intron_8743.fasta,intron_8743.tre,7.781256
intron_8746.fasta,intron_8746.tre,0.990643
intron_8747.fasta,intron_8747.tre,0.951031
intron_8748.fasta,intron_8748.tre,0.684616
intron_8755.fasta,intron_8755.tre,1.187828
intron_8763.fasta,intron_8763.tre,0.521595
intron_877.fasta,intron_877.tre,13.486360
intron_8770.fasta,intron_8770.tre,8.918039
intron_878.fasta,intron_878.tre,11.299863
intron_8796.fasta,intron_8796.tre,17.399095
intron_8799.fasta,intron_8799.tre,0.511805
intron_8808.fasta,intron_8808.tre,0.624218
intron_8813.fasta,intron_8813.tre,7.144834
intron_8816.fasta,intron_8816.tre,4.305003
intron_8862.fasta,intron_8862.tre,0.793895
intron_8869.fasta,intron_8869.tre,2.612877
intron_8870.fasta,intron_8870.tre,1.227319
intron_8873.fasta,intron_8873.tre,0.317769
intron_888.fasta,intron_888.tre,10.535697
intron_8880.fasta,intron_8880.tre,5.664726
intron_8883.fasta,intron_8883.tre,3.495878
intron_8886.fasta,intron_8886.tre,0.667089
intron_8888.fasta,intron_8888.tre,2.274669
intron_8895.fasta,intron_8895.tre,3.207588
intron_8896.fasta,intron_8896.tre,7.531063
intron_8903.fasta,intron_8903.tre,0.482846
intron_8905.fasta,intron_8905.tre,7.450222
intron_8913.fasta,intron_8913.tre,0.615869
intron_8914.fasta,intron_8914.tre,18.866651
intron_8916.fasta,intron_8916.tre,0.325113
intron_8919.fasta,intron_8919.tre,1.599322
intron_8920.fasta,intron_8920.tre,1.085250
intron_8921.fasta,intron_8921.tre,5.531968
intron_8922.fasta,intron_8922.tre,0.435189
intron_8924.fasta,intron_8924.tre,2.417941
intron_8927.fasta,intron_8927.tre,10.024826
intron_8931.fasta,intron_8931.tre,0.656782
intron_8932.fasta,intron_8932.tre,1.097318
intron_8943.fasta,intron_8943.tre,2.859963
intron_8945.fasta,intron_8945.tre,6.323388
intron_8948.fasta,intron_8948.tre,4.392773
intron_8949.fasta,intron_8949.tre,2.513335
intron_895.fasta,intron_895.tre,0.591353
intron_8950.fasta,intron_8950.tre,3.921453
intron_8952.fasta,intron_8952.tre,4.364106
intron_8961.fasta,intron_8961.tre,4.722589
intron_8972.fasta,intron_8972.tre,14.745224
intron_8980.fasta,intron_8980.tre,16.558969
intron_8985.fasta,intron_8985.tre,2.322972
intron_8997.fasta,intron_8997.tre,0.528319
intron_9000.fasta,intron_9000.tre,20.806530
intron_9005.fasta,intron_9005.tre,0.533167
intron_9008.fasta,intron_9008.tre,0.699224
intron_9013.fasta,intron_9013.tre,1.158745
intron_9014.fasta,intron_9014.tre,0.479444
intron_9019.fasta,intron_9019.tre,4.577095
intron_9028.fasta,intron_9028.tre,21.849205
intron_903.fasta,intron_903.tre,9.038838
intron_9030.fasta,intron_9030.tre,4.291324
intron_9035.fasta,intron_9035.tre,0.542738
intron_9036.fasta,intron_9036.tre,0.722202
intron_9045.fasta,intron_9045.tre,1.663958
intron_9062.fasta,intron_9062.tre,16.634522
intron_9070.fasta,intron_9070.tre,10.783051
intron_9078.fasta,intron_9078.tre,1.966503
intron_908.fasta,intron_908.tre,7.396189
intron_9083.fasta,intron_9083.tre,0.419567
intron_9085.fasta,intron_9085.tre,0.443009
intron_9088.fasta,intron_9088.tre,0.456458
intron_910.fasta,intron_910.tre,2.203981
intron_9100.fasta,intron_9100.tre,7.954749
intron_9115.fasta,intron_9115.tre,6.959719
intron_9117.fasta,intron_9117.tre,0.572666
intron_9132.fasta,intron_9132.tre,12.023625
intron_9135.fasta,intron_9135.tre,4.193267
intron_9136.fasta,intron_9136.tre,0.556291
intron_9139.fasta,intron_9139.tre,0.957908
intron_9142.fasta,intron_9142.tre,1.265077
intron_9144.fasta,intron_9144.tre,0.359234
intron_915.fasta,intron_915.tre,0.476639
intron_9162.fasta,intron_9162.tre,2.825442
intron_9168.fasta,intron_9168.tre,1.688009
intron_917.fasta,intron_917.tre,1.447549
intron_9171.fasta,intron_9171.tre,0.544439
intron_9174.fasta,intron_9174.tre,2.008485
intron_9176.fasta,intron_9176.tre,0.503515
intron_9179.fasta,intron_9179.tre,5.815469
intron_9184.fasta,intron_9184.tre,7.120007
intron_9187.fasta,intron_9187.tre,0.477807
intron_9196.fasta,intron_9196.tre,1.723139
intron_9197.fasta,intron_9197.tre,0.374442
intron_9200.fasta,intron_9200.tre,3.078755
intron_9203.fasta,intron_9203.tre,0.525654
intron_9208.fasta,intron_9208.tre,1.001051
intron_921.fasta,intron_921.tre,0.517452
intron_9215.fasta,intron_9215.tre,6.929703
intron_9218.fasta,intron_9218.tre,0.688381
intron_9228.fasta,intron_9228.tre,0.692608
intron_923.fasta,intron_923.tre,0.531556
intron_9235.fasta,intron_9235.tre,7.264211
intron_9236.fasta,intron_9236.tre,2.290366
intron_924.fasta,intron_924.tre,7.353280
intron_9241.fasta,intron_9241.tre,5.402030
intron_9249.fasta,intron_9249.tre,1.408627
intron_925.fasta,intron_925.tre,3.366481
intron_9251.fasta,intron_9251.tre,10.593474
intron_9252.fasta,intron_9252.tre,3.006466
intron_9253.fasta,intron_9253.tre,0.857134
intron_9254.fasta,intron_9254.tre,1.981491
intron_9255.fasta,intron_9255.tre,11.515562
intron_9257.fasta,intron_9257.tre,0.379347
intron_9259.fasta,intron_9259.tre,0.313397
intron_9261.fasta,intron_9261.tre,0.617883
intron_9262.fasta,intron_9262.tre,0.860772
intron_9272.fasta,intron_9272.tre,3.956672
intron_9287.fasta,intron_9287.tre,14.334928
intron_93.fasta,intron_93.tre,6.930663
intron_9300.fasta,intron_9300.tre,10.058713
intron_9301.fasta,intron_9301.tre,0.417850
intron_9306.fasta,intron_9306.tre,2.962775
intron_9308.fasta,intron_9308.tre,0.694295
intron_9321.fasta,intron_9321.tre,1.410521
intron_9332.fasta,intron_9332.tre,13.079078
intron_9344.fasta,intron_9344.tre,0.284612
intron_9347.fasta,intron_9347.tre,0.720464
intron_936.fasta,intron_936.tre,4.256804
intron_9361.fasta,intron_9361.tre,8.885608
intron_9364.fasta,intron_9364.tre,8.052349
intron_9365.fasta,intron_9365.tre,0.503046
intron_9369.fasta,intron_9369.tre,3.552692
intron_9377.fasta,intron_9377.tre,0.619952
intron_9378.fasta,intron_9378.tre,1.055054
intron_9383.fasta,intron_9383.tre,0.719630
intron_9384.fasta,intron_9384.tre,1.496238
intron_9388.fasta,intron_9388.tre,4.547338
intron_9389.fasta,intron_9389.tre,2.198326
intron_9404.fasta,intron_9404.tre,0.607202
intron_9407.fasta,intron_9407.tre,17.467448
intron_941.fasta,intron_941.tre,0.879666
intron_9412.fasta,intron_9412.tre,0.670094
intron_9417.fasta,intron_9417.tre,1.630615
intron_942.fasta,intron_942.tre,6.734915
intron_9424.fasta,intron_9424.tre,4.877669
intron_9439.fasta,intron_9439.tre,0.607316
intron_9444.fasta,intron_9444.tre,18.138249
intron_9452.fasta,intron_9452.tre,3.102768
intron_947.fasta,intron_947.tre,3.085578
intron_9473.fasta,intron_9473.tre,0.998267
intron_9476.fasta,intron_9476.tre,7.798867
intron_9479.fasta,intron_9479.tre,0.508275
intron_9481.fasta,intron_9481.tre,1.275416
intron_9484.fasta,intron_9484.tre,0.949655
intron_9485.fasta,intron_9485.tre,10.616474
intron_9490.fasta,intron_9490.tre,0.926786
intron_9495.fasta,intron_9495.tre,0.535884
intron_9503.fasta,intron_9503.tre,1.746452
intron_9504.fasta,intron_9504.tre,21.941070
intron_9505.fasta,intron_9505.tre,3.188510
intron_952.fasta,intron_952.tre,1.546947
intron_9521.fasta,intron_9521.tre,2.892740
intron_9529.fasta,intron_9529.tre,1.740626
intron_9531.fasta,intron_9531.tre,0.624447
intron_9533.fasta,intron_9533.tre,12.184386
intron_9557.fasta,intron_9557.tre,0.680994
intron_9563.fasta,intron_9563.tre,14.060210
intron_9566.fasta,intron_9566.tre,2.009887
intron_9575.fasta,intron_9575.tre,7.555565
intron_9578.fasta,intron_9578.tre,7.168124
intron_9589.fasta,intron_9589.tre,4.571317
intron_959.fasta,intron_959.tre,18.999838
intron_9594.fasta,intron_9594.tre,0.347305
intron_9604.fasta,intron_9604.tre,0.538708
intron_9614.fasta,intron_9614.tre,0.568878
intron_9630.fasta,intron_9630.tre,18.320069
intron_9634.fasta,intron_9634.tre,0.619908
intron_9643.fasta,intron_9643.tre,6.473462
intron_9648.fasta,intron_9648.tre,2.622593
intron_9654.fasta,intron_9654.tre,2.376776
intron_9658.fasta,intron_9658.tre,3.882856
intron_966.fasta,intron_966.tre,0.673026
intron_9664.fasta,intron_9664.tre,0.466977
intron_9672.fasta,intron_9672.tre,0.298666
intron_9678.fasta,intron_9678.tre,9.209118
intron_9681.fasta,intron_9681.tre,6.693623
intron_9689.fasta,intron_9689.tre,4.195210
intron_969.fasta,intron_969.tre,1.789727
intron_9692.fasta,intron_9692.tre,1.561737
intron_9705.fasta,intron_9705.tre,2.081749
intron_9716.fasta,intron_9716.tre,3.733057
intron_9719.fasta,intron_9719.tre,0.980340
intron_9726.fasta,intron_9726.tre,3.417952
intron_9729.fasta,intron_9729.tre,12.978663
intron_9733.fasta,intron_9733.tre,0.626832
intron_9735.fasta,intron_9735.tre,0.604931
intron_9741.fasta,intron_9741.tre,1.624839
intron_9749.fasta,intron_9749.tre,0.917944
intron_975.fasta,intron_975.tre,1.178091
intron_9788.fasta,intron_9788.tre,2.282180
intron_9791.fasta,intron_9791.tre,1.608191
intron_9796.fasta,intron_9796.tre,2.935875
intron_980.fasta,intron_980.tre,0.512289
intron_9802.fasta,intron_9802.tre,1.584291
intron_9803.fasta,intron_9803.tre,4.179362
intron_9817.fasta,intron_9817.tre,1.918576
intron_9825.fasta,intron_9825.tre,3.818307
intron_9829.fasta,intron_9829.tre,2.483992
intron_983.fasta,intron_983.tre,0.432525
intron_9836.fasta,intron_9836.tre,0.642689
intron_9840.fasta,intron_9840.tre,0.479106
intron_9844.fasta,intron_9844.tre,1.049616
intron_985.fasta,intron_985.tre,8.618417
intron_9855.fasta,intron_9855.tre,1.788155
intron_9865.fasta,intron_9865.tre,7.308394
intron_9867.fasta,intron_9867.tre,2.645014
intron_9869.fasta,intron_9869.tre,9.657960
intron_9874.fasta,intron_9874.tre,1.237849
intron_988.fasta,intron_988.tre,0.663378
intron_9881.fasta,intron_9881.tre,15.524667
intron_9884.fasta,intron_9884.tre,0.599815
intron_989.fasta,intron_989.tre,1.568545
intron_9892.fasta,intron_9892.tre,0.521183
intron_990.fasta,intron_990.tre,3.772138
intron_9900.fasta,intron_9900.tre,1.831440
intron_991.fasta,intron_991.tre,2.120705
intron_9914.fasta,intron_9914.tre,9.592009
intron_9917.fasta,intron_9917.tre,2.377687
intron_9919.fasta,intron_9919.tre,0.523783
intron_9926.fasta,intron_9926.tre,15.393202
intron_9935.fasta,intron_9935.tre,3.677279
intron_994.fasta,intron_994.tre,5.832584
intron_9940.fasta,intron_9940.tre,1.060176
intron_9954.fasta,intron_9954.tre,7.716660
intron_9963.fasta,intron_9963.tre,2.967803
intron_9964.fasta,intron_9964.tre,2.875561
intron_9966.fasta,intron_9966.tre,0.503568
intron_9970.fasta,intron_9970.tre,4.971714
intron_9971.fasta,intron_9971.tre,3.143164
intron_9974.fasta,intron_9974.tre,9.011917
intron_9984.fasta,intron_9984.tre,7.732143
intron_9995.fasta,intron_9995.tre,0.496829
intron_9999.fasta,intron_9999.tre,1.895842
uce_chr10_1339_s.fasta,uce_chr10_1339_s.tre,1.043849
uce_chr10_1344_s.fasta,uce_chr10_1344_s.tre,1.307018
uce_chr10_1369_s.fasta,uce_chr10_1369_s.tre,1.211245
uce_chr10_1391_s.fasta,uce_chr10_1391_s.tre,1.146657
uce_chr10_1394_s.fasta,uce_chr10_1394_s.tre,1.046829
uce_chr10_1407_s.fasta,uce_chr10_1407_s.tre,1.160922
uce_chr10_1422_s.fasta,uce_chr10_1422_s.tre,1.064169
uce_chr10_1432_s.fasta,uce_chr10_1432_s.tre,1.199393
uce_chr10_1434_s.fasta,uce_chr10_1434_s.tre,1.136987
uce_chr10_1441_s.fasta,uce_chr10_1441_s.tre,1.121258
uce_chr10_1444_s.fasta,uce_chr10_1444_s.tre,1.204417
uce_chr10_1445_s.fasta,uce_chr10_1445_s.tre,1.292258
uce_chr10_1461_s.fasta,uce_chr10_1461_s.tre,1.260303
uce_chr10_1476_s.fasta,uce_chr10_1476_s.tre,1.110942
uce_chr10_1479_s.fasta,uce_chr10_1479_s.tre,1.150716
uce_chr10_1483_s.fasta,uce_chr10_1483_s.tre,1.074678
uce_chr10_1490_s.fasta,uce_chr10_1490_s.tre,1.078936
uce_chr10_1505_s.fasta,uce_chr10_1505_s.tre,1.279219
uce_chr10_1536_s.fasta,uce_chr10_1536_s.tre,1.232921
uce_chr10_1537_s.fasta,uce_chr10_1537_s.tre,1.141876
uce_chr10_1539_s.fasta,uce_chr10_1539_s.tre,1.066446
uce_chr10_1550_s.fasta,uce_chr10_1550_s.tre,1.122428
uce_chr10_1553_s.fasta,uce_chr10_1553_s.tre,1.175895
uce_chr10_1567_s.fasta,uce_chr10_1567_s.tre,1.205890
uce_chr10_1570_s.fasta,uce_chr10_1570_s.tre,1.068958
uce_chr10_1580_s.fasta,uce_chr10_1580_s.tre,1.074965
uce_chr10_1594_s.fasta,uce_chr10_1594_s.tre,1.121141
uce_chr10_1596_s.fasta,uce_chr10_1596_s.tre,1.210273
uce_chr10_1599_s.fasta,uce_chr10_1599_s.tre,1.065665
uce_chr10_1601_s.fasta,uce_chr10_1601_s.tre,1.135454
uce_chr10_1602_s.fasta,uce_chr10_1602_s.tre,1.101515
uce_chr10_1610_s.fasta,uce_chr10_1610_s.tre,1.085361
uce_chr10_1621_s.fasta,uce_chr10_1621_s.tre,1.201653
uce_chr10_1627_s.fasta,uce_chr10_1627_s.tre,1.187115
uce_chr10_1630_s.fasta,uce_chr10_1630_s.tre,1.086384
uce_chr10_1637_s.fasta,uce_chr10_1637_s.tre,0.997462
uce_chr10_1638_s.fasta,uce_chr10_1638_s.tre,1.212098
uce_chr10_1644_s.fasta,uce_chr10_1644_s.tre,1.160035
uce_chr10_1647_s.fasta,uce_chr10_1647_s.tre,1.058737
uce_chr10_1658_s.fasta,uce_chr10_1658_s.tre,1.219796
uce_chr10_1664_s.fasta,uce_chr10_1664_s.tre,1.081081
uce_chr10_1667_s.fasta,uce_chr10_1667_s.tre,1.083476
uce_chr10_1679_s.fasta,uce_chr10_1679_s.tre,1.351766
uce_chr10_1682_s.fasta,uce_chr10_1682_s.tre,1.228398
uce_chr10_1711_s.fasta,uce_chr10_1711_s.tre,1.175673
uce_chr10_1726_s.fasta,uce_chr10_1726_s.tre,1.176530
uce_chr10_1729_s.fasta,uce_chr10_1729_s.tre,1.090076
uce_chr10_1749_s.fasta,uce_chr10_1749_s.tre,1.101147
uce_chr10_1754_s.fasta,uce_chr10_1754_s.tre,1.191302
uce_chr10_1777_s.fasta,uce_chr10_1777_s.tre,1.103268
uce_chr10_1812_s.fasta,uce_chr10_1812_s.tre,1.165632
uce_chr10_1813_s.fasta,uce_chr10_1813_s.tre,1.230279
uce_chr10_1817_s.fasta,uce_chr10_1817_s.tre,1.192910
uce_chr10_1820_s.fasta,uce_chr10_1820_s.tre,1.248819
uce_chr10_1825_s.fasta,uce_chr10_1825_s.tre,1.138464
uce_chr10_1831_s.fasta,uce_chr10_1831_s.tre,1.194879
uce_chr10_1834_s.fasta,uce_chr10_1834_s.tre,1.157502
uce_chr10_1839_s.fasta,uce_chr10_1839_s.tre,1.123348
uce_chr10_1844_s.fasta,uce_chr10_1844_s.tre,1.054685
uce_chr10_1852_s.fasta,uce_chr10_1852_s.tre,1.134739
uce_chr10_1884_s.fasta,uce_chr10_1884_s.tre,1.174041
uce_chr10_1886_s.fasta,uce_chr10_1886_s.tre,1.083463
uce_chr10_1887_s.fasta,uce_chr10_1887_s.tre,1.317397
uce_chr10_1895_s.fasta,uce_chr10_1895_s.tre,1.078282
uce_chr10_1898_s.fasta,uce_chr10_1898_s.tre,1.133148
uce_chr10_1901_s.fasta,uce_chr10_1901_s.tre,1.163318
uce_chr10_1903_s.fasta,uce_chr10_1903_s.tre,1.247190
uce_chr10_1907_s.fasta,uce_chr10_1907_s.tre,1.121444
uce_chr10_1908_s.fasta,uce_chr10_1908_s.tre,1.055688
uce_chr10_1911_s.fasta,uce_chr10_1911_s.tre,1.080851
uce_chr10_1913_s.fasta,uce_chr10_1913_s.tre,1.072405
uce_chr10_1923_s.fasta,uce_chr10_1923_s.tre,1.211863
uce_chr10_1925_s.fasta,uce_chr10_1925_s.tre,1.077753
uce_chr10_1929_s.fasta,uce_chr10_1929_s.tre,1.090235
uce_chr10_1930_s.fasta,uce_chr10_1930_s.tre,1.086923
uce_chr10_1949_s.fasta,uce_chr10_1949_s.tre,1.049339
uce_chr10_1953_s.fasta,uce_chr10_1953_s.tre,1.101014
uce_chr10_1955_s.fasta,uce_chr10_1955_s.tre,1.242154
uce_chr10_1956_s.fasta,uce_chr10_1956_s.tre,1.123657
uce_chr10_1961_s.fasta,uce_chr10_1961_s.tre,1.203972
uce_chr10_1962_s.fasta,uce_chr10_1962_s.tre,1.076621
uce_chr10_1969_s.fasta,uce_chr10_1969_s.tre,1.019161
uce_chr10_1973_s.fasta,uce_chr10_1973_s.tre,1.021969
uce_chr10_1976_s.fasta,uce_chr10_1976_s.tre,1.091389
uce_chr10_1980_s.fasta,uce_chr10_1980_s.tre,1.064188
uce_chr10_1987_s.fasta,uce_chr10_1987_s.tre,1.078894
uce_chr10_1998_s.fasta,uce_chr10_1998_s.tre,1.155103
uce_chr10_2009_s.fasta,uce_chr10_2009_s.tre,1.102263
uce_chr10_2013_s.fasta,uce_chr10_2013_s.tre,1.423053
uce_chr10_2027_s.fasta,uce_chr10_2027_s.tre,1.048473
uce_chr10_2028_s.fasta,uce_chr10_2028_s.tre,1.146695
uce_chr10_2029_s.fasta,uce_chr10_2029_s.tre,1.010472
uce_chr10_2038_s.fasta,uce_chr10_2038_s.tre,1.018196
uce_chr10_2044_s.fasta,uce_chr10_2044_s.tre,1.145827
uce_chr10_2049_s.fasta,uce_chr10_2049_s.tre,1.071292
uce_chr10_2051_s.fasta,uce_chr10_2051_s.tre,1.153670
uce_chr10_2052_s.fasta,uce_chr10_2052_s.tre,1.049919
uce_chr10_2054_s.fasta,uce_chr10_2054_s.tre,1.143823
uce_chr10_2055_s.fasta,uce_chr10_2055_s.tre,0.971727
uce_chr10_2063_s.fasta,uce_chr10_2063_s.tre,1.589089
uce_chr10_2065_s.fasta,uce_chr10_2065_s.tre,1.166132
uce_chr10_2067_s.fasta,uce_chr10_2067_s.tre,1.270986
uce_chr10_2070_s.fasta,uce_chr10_2070_s.tre,1.068560
uce_chr10_2074_s.fasta,uce_chr10_2074_s.tre,1.241476
uce_chr10_2076_s.fasta,uce_chr10_2076_s.tre,1.199869
uce_chr10_2078_s.fasta,uce_chr10_2078_s.tre,1.195303
uce_chr10_2080_s.fasta,uce_chr10_2080_s.tre,1.084062
uce_chr10_2082_s.fasta,uce_chr10_2082_s.tre,1.035769
uce_chr10_2085_s.fasta,uce_chr10_2085_s.tre,1.105452
uce_chr10_2089_s.fasta,uce_chr10_2089_s.tre,1.235493
uce_chr10_2090_s.fasta,uce_chr10_2090_s.tre,1.155342
uce_chr10_2091_s.fasta,uce_chr10_2091_s.tre,1.121185
uce_chr10_2094_s.fasta,uce_chr10_2094_s.tre,1.068576
uce_chr10_2097_s.fasta,uce_chr10_2097_s.tre,1.044721
uce_chr10_2098_s.fasta,uce_chr10_2098_s.tre,1.048869
uce_chr10_2102_s.fasta,uce_chr10_2102_s.tre,1.168477
uce_chr10_2105_s.fasta,uce_chr10_2105_s.tre,1.218018
uce_chr10_2114_s.fasta,uce_chr10_2114_s.tre,1.236307
uce_chr10_2118_s.fasta,uce_chr10_2118_s.tre,1.141088
uce_chr10_2132_s.fasta,uce_chr10_2132_s.tre,1.170916
uce_chr10_2664_s.fasta,uce_chr10_2664_s.tre,1.147223
uce_chr10_2776_s.fasta,uce_chr10_2776_s.tre,1.158644
uce_chr10_2961_s.fasta,uce_chr10_2961_s.tre,1.163387
uce_chr10_3372_s.fasta,uce_chr10_3372_s.tre,1.138043
uce_chr10_362_s.fasta,uce_chr10_362_s.tre,1.521492
uce_chr10_3749_s.fasta,uce_chr10_3749_s.tre,1.126796
uce_chr10_4312_s.fasta,uce_chr10_4312_s.tre,1.213929
uce_chr10_4368_s.fasta,uce_chr10_4368_s.tre,1.213581
uce_chr10_4405_s.fasta,uce_chr10_4405_s.tre,1.050107
uce_chr10_4411_s.fasta,uce_chr10_4411_s.tre,1.161077
uce_chr10_4414_s.fasta,uce_chr10_4414_s.tre,1.108860
uce_chr10_4435_s.fasta,uce_chr10_4435_s.tre,1.127767
uce_chr10_4510_s.fasta,uce_chr10_4510_s.tre,1.102258
uce_chr10_4575_s.fasta,uce_chr10_4575_s.tre,1.116042
uce_chr10_4597_s.fasta,uce_chr10_4597_s.tre,1.149616
uce_chr10_4660_s.fasta,uce_chr10_4660_s.tre,1.083036
uce_chr10_4694_s.fasta,uce_chr10_4694_s.tre,1.115748
uce_chr10_4736_s.fasta,uce_chr10_4736_s.tre,1.088035
uce_chr10_4790_s.fasta,uce_chr10_4790_s.tre,1.104538
uce_chr10_4809_s.fasta,uce_chr10_4809_s.tre,1.262527
uce_chr10_4879_s.fasta,uce_chr10_4879_s.tre,1.208317
uce_chr10_4885_s.fasta,uce_chr10_4885_s.tre,1.046548
uce_chr10_4901_s.fasta,uce_chr10_4901_s.tre,1.127893
uce_chr10_5033_s.fasta,uce_chr10_5033_s.tre,1.387640
uce_chr10_5634_s.fasta,uce_chr10_5634_s.tre,1.170646
uce_chr10_5718_s.fasta,uce_chr10_5718_s.tre,1.147616
uce_chr10_5739_s.fasta,uce_chr10_5739_s.tre,1.613345
uce_chr10_5757_s.fasta,uce_chr10_5757_s.tre,1.369357
uce_chr10_974_s.fasta,uce_chr10_974_s.tre,1.388448
uce_chr11_1405_s.fasta,uce_chr11_1405_s.tre,1.173480
uce_chr11_1410_s.fasta,uce_chr11_1410_s.tre,1.016628
uce_chr11_1413_s.fasta,uce_chr11_1413_s.tre,1.046367
uce_chr11_1454_s.fasta,uce_chr11_1454_s.tre,1.100448
uce_chr11_1455_s.fasta,uce_chr11_1455_s.tre,1.214391
uce_chr11_1476_s.fasta,uce_chr11_1476_s.tre,1.088403
uce_chr11_1483_s.fasta,uce_chr11_1483_s.tre,1.092986
uce_chr11_1488_s.fasta,uce_chr11_1488_s.tre,1.289091
uce_chr11_1490_s.fasta,uce_chr11_1490_s.tre,1.210428
uce_chr11_1527_s.fasta,uce_chr11_1527_s.tre,1.088619
uce_chr11_1535_s.fasta,uce_chr11_1535_s.tre,1.186265
uce_chr11_1560_s.fasta,uce_chr11_1560_s.tre,1.222344
uce_chr11_1565_s.fasta,uce_chr11_1565_s.tre,1.081649
uce_chr11_1599_s.fasta,uce_chr11_1599_s.tre,1.079008
uce_chr11_4801_s.fasta,uce_chr11_4801_s.tre,1.034887
uce_chr12_3111_s.fasta,uce_chr12_3111_s.tre,1.123762
uce_chr12_3118_s.fasta,uce_chr12_3118_s.tre,1.337929
uce_chr12_3119_s.fasta,uce_chr12_3119_s.tre,1.043299
uce_chr12_3120_s.fasta,uce_chr12_3120_s.tre,1.077379
uce_chr12_3121_s.fasta,uce_chr12_3121_s.tre,1.202389
uce_chr12_3124_s.fasta,uce_chr12_3124_s.tre,1.181521
uce_chr12_3129_s.fasta,uce_chr12_3129_s.tre,1.164899
uce_chr12_3133_s.fasta,uce_chr12_3133_s.tre,1.066152
uce_chr12_3134_s.fasta,uce_chr12_3134_s.tre,1.117637
uce_chr12_3142_s.fasta,uce_chr12_3142_s.tre,1.075748
uce_chr12_3154_s.fasta,uce_chr12_3154_s.tre,1.152652
uce_chr12_3171_s.fasta,uce_chr12_3171_s.tre,1.130486
uce_chr12_3173_s.fasta,uce_chr12_3173_s.tre,1.086778
uce_chr12_3186_s.fasta,uce_chr12_3186_s.tre,1.181821
uce_chr11_1618_s.fasta,uce_chr11_1618_s.tre,1.010456
uce_chr11_1633_s.fasta,uce_chr11_1633_s.tre,1.229393
uce_chr11_1709_s.fasta,uce_chr11_1709_s.tre,1.029872
uce_chr11_1711_s.fasta,uce_chr11_1711_s.tre,1.058602
uce_chr11_1742_s.fasta,uce_chr11_1742_s.tre,1.083592
uce_chr11_1778_s.fasta,uce_chr11_1778_s.tre,1.014589
uce_chr11_1786_s.fasta,uce_chr11_1786_s.tre,1.145768
uce_chr11_1818_s.fasta,uce_chr11_1818_s.tre,1.232836
uce_chr11_3419_s.fasta,uce_chr11_3419_s.tre,1.142603
uce_chr11_3422_s.fasta,uce_chr11_3422_s.tre,1.110725
uce_chr11_3426_s.fasta,uce_chr11_3426_s.tre,1.111649
uce_chr11_3428_s.fasta,uce_chr11_3428_s.tre,1.291591
uce_chr11_3432_s.fasta,uce_chr11_3432_s.tre,1.049006
uce_chr11_3458_s.fasta,uce_chr11_3458_s.tre,1.055553
uce_chr11_3464_s.fasta,uce_chr11_3464_s.tre,1.209405
uce_chr11_3471_s.fasta,uce_chr11_3471_s.tre,1.021349
uce_chr11_3480_s.fasta,uce_chr11_3480_s.tre,1.089762
uce_chr11_3489_s.fasta,uce_chr11_3489_s.tre,1.091236
uce_chr11_3512_s.fasta,uce_chr11_3512_s.tre,1.181530
uce_chr11_3520_s.fasta,uce_chr11_3520_s.tre,1.054831
uce_chr11_3526_s.fasta,uce_chr11_3526_s.tre,1.108530
uce_chr11_3548_s.fasta,uce_chr11_3548_s.tre,1.085219
uce_chr11_3549_s.fasta,uce_chr11_3549_s.tre,1.137413
uce_chr11_3558_s.fasta,uce_chr11_3558_s.tre,1.101228
uce_chr11_3559_s.fasta,uce_chr11_3559_s.tre,1.083949
uce_chr11_3562_s.fasta,uce_chr11_3562_s.tre,1.006900
uce_chr11_3603_s.fasta,uce_chr11_3603_s.tre,1.340901
uce_chr11_3605_s.fasta,uce_chr11_3605_s.tre,1.001911
uce_chr11_3614_s.fasta,uce_chr11_3614_s.tre,1.129573
uce_chr11_4261_s.fasta,uce_chr11_4261_s.tre,1.129154
uce_chr11_4591_s.fasta,uce_chr11_4591_s.tre,1.186594
uce_chr11_4714_s.fasta,uce_chr11_4714_s.tre,1.105298
uce_chr11_4723_s.fasta,uce_chr11_4723_s.tre,1.557017
uce_chr11_4726_s.fasta,uce_chr11_4726_s.tre,1.143541
uce_chr11_4735_s.fasta,uce_chr11_4735_s.tre,1.155675
uce_chr11_4736_s.fasta,uce_chr11_4736_s.tre,1.134230
uce_chr11_4750_s.fasta,uce_chr11_4750_s.tre,1.075714
uce_chr11_4754_s.fasta,uce_chr11_4754_s.tre,1.071226
uce_chr11_4758_s.fasta,uce_chr11_4758_s.tre,1.113573
uce_chr11_4773_s.fasta,uce_chr11_4773_s.tre,1.244855
uce_chr11_4789_s.fasta,uce_chr11_4789_s.tre,1.189044
uce_chr11_4808_s.fasta,uce_chr11_4808_s.tre,1.191113
uce_chr11_4834_s.fasta,uce_chr11_4834_s.tre,1.200538
uce_chr11_4852_s.fasta,uce_chr11_4852_s.tre,1.156928
uce_chr11_4858_s.fasta,uce_chr11_4858_s.tre,1.146327
uce_chr11_4886_s.fasta,uce_chr11_4886_s.tre,1.147408
uce_chr11_4926_s.fasta,uce_chr11_4926_s.tre,1.151121
uce_chr11_5021_s.fasta,uce_chr11_5021_s.tre,1.123963
uce_chr11_5044_s.fasta,uce_chr11_5044_s.tre,1.072795
uce_chr11_5054_s.fasta,uce_chr11_5054_s.tre,1.167857
uce_chr11_5062_s.fasta,uce_chr11_5062_s.tre,1.229025
uce_chr11_5072_s.fasta,uce_chr11_5072_s.tre,1.154530
uce_chr11_6387_s.fasta,uce_chr11_6387_s.tre,1.146804
uce_chr11_6409_s.fasta,uce_chr11_6409_s.tre,1.115681
uce_chr11_6423_s.fasta,uce_chr11_6423_s.tre,1.223462
uce_chr11_6459_s.fasta,uce_chr11_6459_s.tre,1.241864
uce_chr11_6465_s.fasta,uce_chr11_6465_s.tre,1.324102
uce_chr12_1371_s.fasta,uce_chr12_1371_s.tre,1.136122
uce_chr12_1475_s.fasta,uce_chr12_1475_s.tre,1.154584
uce_chr12_1538_s.fasta,uce_chr12_1538_s.tre,1.255275
uce_chr12_1840_s.fasta,uce_chr12_1840_s.tre,1.150499
uce_chr12_1930_s.fasta,uce_chr12_1930_s.tre,1.342780
uce_chr12_1979_s.fasta,uce_chr12_1979_s.tre,1.367076
uce_chr12_2007_s.fasta,uce_chr12_2007_s.tre,1.171178
uce_chr12_2272_s.fasta,uce_chr12_2272_s.tre,1.142928
uce_chr12_2426_s.fasta,uce_chr12_2426_s.tre,1.036602
uce_chr12_2519_s.fasta,uce_chr12_2519_s.tre,1.181822
uce_chr12_2741_s.fasta,uce_chr12_2741_s.tre,1.182433
uce_chr12_2772_s.fasta,uce_chr12_2772_s.tre,1.210640
uce_chr12_2779_s.fasta,uce_chr12_2779_s.tre,1.164890
uce_chr12_2782_s.fasta,uce_chr12_2782_s.tre,1.067646
uce_chr12_2789_s.fasta,uce_chr12_2789_s.tre,1.117267
uce_chr12_2794_s.fasta,uce_chr12_2794_s.tre,1.080718
uce_chr12_2800_s.fasta,uce_chr12_2800_s.tre,1.031417
uce_chr12_2802_s.fasta,uce_chr12_2802_s.tre,1.184197
uce_chr12_2807_s.fasta,uce_chr12_2807_s.tre,1.055740
uce_chr12_2809_s.fasta,uce_chr12_2809_s.tre,1.296406
uce_chr12_2811_s.fasta,uce_chr12_2811_s.tre,1.151750
uce_chr12_2819_s.fasta,uce_chr12_2819_s.tre,1.071849
uce_chr12_2823_s.fasta,uce_chr12_2823_s.tre,1.309883
uce_chr12_2834_s.fasta,uce_chr12_2834_s.tre,1.171733
uce_chr12_2844_s.fasta,uce_chr12_2844_s.tre,1.048461
uce_chr12_2852_s.fasta,uce_chr12_2852_s.tre,1.158978
uce_chr12_2854_s.fasta,uce_chr12_2854_s.tre,1.079311
uce_chr12_2863_s.fasta,uce_chr12_2863_s.tre,1.174608
uce_chr12_2864_s.fasta,uce_chr12_2864_s.tre,1.151924
uce_chr12_2885_s.fasta,uce_chr12_2885_s.tre,1.149550
uce_chr12_2891_s.fasta,uce_chr12_2891_s.tre,1.204775
uce_chr12_2892_s.fasta,uce_chr12_2892_s.tre,1.200341
uce_chr12_2894_s.fasta,uce_chr12_2894_s.tre,1.342388
uce_chr12_2916_s.fasta,uce_chr12_2916_s.tre,1.223971
uce_chr12_2920_s.fasta,uce_chr12_2920_s.tre,1.094036
uce_chr12_2921_s.fasta,uce_chr12_2921_s.tre,1.139450
uce_chr12_2927_s.fasta,uce_chr12_2927_s.tre,1.140802
uce_chr12_2928_s.fasta,uce_chr12_2928_s.tre,1.102703
uce_chr12_2931_s.fasta,uce_chr12_2931_s.tre,1.156315
uce_chr12_3044_s.fasta,uce_chr12_3044_s.tre,1.207923
uce_chr12_3054_s.fasta,uce_chr12_3054_s.tre,1.110821
uce_chr12_3095_s.fasta,uce_chr12_3095_s.tre,1.179669
uce_chr12_3110_s.fasta,uce_chr12_3110_s.tre,1.280797
uce_chr11_1839_s.fasta,uce_chr11_1839_s.tre,1.130612
uce_chr11_1962_s.fasta,uce_chr11_1962_s.tre,1.092865
uce_chr11_1974_s.fasta,uce_chr11_1974_s.tre,1.149075
uce_chr11_1999_s.fasta,uce_chr11_1999_s.tre,1.060019
uce_chr11_2034_s.fasta,uce_chr11_2034_s.tre,1.212110
uce_chr11_2130_s.fasta,uce_chr11_2130_s.tre,1.156202
uce_chr11_2131_s.fasta,uce_chr11_2131_s.tre,1.138991
uce_chr11_2147_s.fasta,uce_chr11_2147_s.tre,1.166670
uce_chr11_2164_s.fasta,uce_chr11_2164_s.tre,1.110219
uce_chr11_2183_s.fasta,uce_chr11_2183_s.tre,1.388225
uce_chr11_2187_s.fasta,uce_chr11_2187_s.tre,1.071427
uce_chr11_2189_s.fasta,uce_chr11_2189_s.tre,1.255190
uce_chr11_2200_s.fasta,uce_chr11_2200_s.tre,1.094289
uce_chr11_2209_s.fasta,uce_chr11_2209_s.tre,1.180142
uce_chr11_2238_s.fasta,uce_chr11_2238_s.tre,1.080976
uce_chr11_2240_s.fasta,uce_chr11_2240_s.tre,1.088541
uce_chr11_2243_s.fasta,uce_chr11_2243_s.tre,1.091414
uce_chr11_2244_s.fasta,uce_chr11_2244_s.tre,1.233606
uce_chr11_2247_s.fasta,uce_chr11_2247_s.tre,1.121639
uce_chr11_2248_s.fasta,uce_chr11_2248_s.tre,1.220786
uce_chr11_2253_s.fasta,uce_chr11_2253_s.tre,1.144233
uce_chr11_2254_s.fasta,uce_chr11_2254_s.tre,1.151761
uce_chr11_2255_s.fasta,uce_chr11_2255_s.tre,1.172704
uce_chr11_2258_s.fasta,uce_chr11_2258_s.tre,1.016484
uce_chr11_2264_s.fasta,uce_chr11_2264_s.tre,1.210717
uce_chr11_2266_s.fasta,uce_chr11_2266_s.tre,1.197218
uce_chr11_2269_s.fasta,uce_chr11_2269_s.tre,1.076180
uce_chr11_2274_s.fasta,uce_chr11_2274_s.tre,1.083471
uce_chr11_2276_s.fasta,uce_chr11_2276_s.tre,1.160118
uce_chr11_2283_s.fasta,uce_chr11_2283_s.tre,1.137914
uce_chr11_2284_s.fasta,uce_chr11_2284_s.tre,1.025604
uce_chr11_2299_s.fasta,uce_chr11_2299_s.tre,1.156659
uce_chr11_2316_s.fasta,uce_chr11_2316_s.tre,1.169954
uce_chr11_2321_s.fasta,uce_chr11_2321_s.tre,1.050776
uce_chr11_2322_s.fasta,uce_chr11_2322_s.tre,1.126488
uce_chr11_2323_s.fasta,uce_chr11_2323_s.tre,1.463704
uce_chr11_2327_s.fasta,uce_chr11_2327_s.tre,1.143029
uce_chr11_2328_s.fasta,uce_chr11_2328_s.tre,1.112466
uce_chr11_2330_s.fasta,uce_chr11_2330_s.tre,1.289776
uce_chr11_2332_s.fasta,uce_chr11_2332_s.tre,1.063024
uce_chr11_2342_s.fasta,uce_chr11_2342_s.tre,1.105713
uce_chr11_2345_s.fasta,uce_chr11_2345_s.tre,1.158938
uce_chr11_2352_s.fasta,uce_chr11_2352_s.tre,1.073598
uce_chr11_2353_s.fasta,uce_chr11_2353_s.tre,1.261054
uce_chr11_2355_s.fasta,uce_chr11_2355_s.tre,1.229029
uce_chr11_2360_s.fasta,uce_chr11_2360_s.tre,1.455368
uce_chr11_2368_s.fasta,uce_chr11_2368_s.tre,1.105601
uce_chr11_2380_s.fasta,uce_chr11_2380_s.tre,0.941594
uce_chr11_2385_s.fasta,uce_chr11_2385_s.tre,1.434500
uce_chr11_2387_s.fasta,uce_chr11_2387_s.tre,1.154315
uce_chr11_2401_s.fasta,uce_chr11_2401_s.tre,1.138068
uce_chr11_2425_s.fasta,uce_chr11_2425_s.tre,1.175682
uce_chr11_2436_s.fasta,uce_chr11_2436_s.tre,1.218460
uce_chr11_2503_s.fasta,uce_chr11_2503_s.tre,1.429101
uce_chr11_2513_s.fasta,uce_chr11_2513_s.tre,1.219377
uce_chr11_2518_s.fasta,uce_chr11_2518_s.tre,1.187215
uce_chr11_2526_s.fasta,uce_chr11_2526_s.tre,1.077934
uce_chr11_2537_s.fasta,uce_chr11_2537_s.tre,1.306094
uce_chr11_2539_s.fasta,uce_chr11_2539_s.tre,0.997733
uce_chr11_2571_s.fasta,uce_chr11_2571_s.tre,1.166210
uce_chr11_2572_s.fasta,uce_chr11_2572_s.tre,1.234212
uce_chr11_2591_s.fasta,uce_chr11_2591_s.tre,1.452337
uce_chr11_2660_s.fasta,uce_chr11_2660_s.tre,1.322701
uce_chr11_2662_s.fasta,uce_chr11_2662_s.tre,1.078513
uce_chr11_2663_s.fasta,uce_chr11_2663_s.tre,1.196867
uce_chr11_2738_s.fasta,uce_chr11_2738_s.tre,1.771527
uce_chr11_3129_s.fasta,uce_chr11_3129_s.tre,1.091418
uce_chr11_3135_s.fasta,uce_chr11_3135_s.tre,1.062141
uce_chr11_3141_s.fasta,uce_chr11_3141_s.tre,1.253875
uce_chr11_3179_s.fasta,uce_chr11_3179_s.tre,1.041568
uce_chr11_3181_s.fasta,uce_chr11_3181_s.tre,1.171793
uce_chr11_3184_s.fasta,uce_chr11_3184_s.tre,1.096287
uce_chr11_3186_s.fasta,uce_chr11_3186_s.tre,1.066732
uce_chr11_3194_s.fasta,uce_chr11_3194_s.tre,1.057483
uce_chr11_3201_s.fasta,uce_chr11_3201_s.tre,1.061226
uce_chr11_3209_s.fasta,uce_chr11_3209_s.tre,1.055701
uce_chr11_3227_s.fasta,uce_chr11_3227_s.tre,1.087694
uce_chr11_3230_s.fasta,uce_chr11_3230_s.tre,1.162135
uce_chr11_3231_s.fasta,uce_chr11_3231_s.tre,1.010043
uce_chr11_3232_s.fasta,uce_chr11_3232_s.tre,1.068841
uce_chr11_3234_s.fasta,uce_chr11_3234_s.tre,1.039058
uce_chr11_3241_s.fasta,uce_chr11_3241_s.tre,1.061489
uce_chr11_3253_s.fasta,uce_chr11_3253_s.tre,1.018491
uce_chr11_3256_s.fasta,uce_chr11_3256_s.tre,1.051654
uce_chr11_3265_s.fasta,uce_chr11_3265_s.tre,1.198685
uce_chr11_3287_s.fasta,uce_chr11_3287_s.tre,1.115564
uce_chr11_3289_s.fasta,uce_chr11_3289_s.tre,1.209391
uce_chr11_3294_s.fasta,uce_chr11_3294_s.tre,1.051898
uce_chr11_3310_s.fasta,uce_chr11_3310_s.tre,1.057429
uce_chr11_3318_s.fasta,uce_chr11_3318_s.tre,1.037908
uce_chr11_3326_s.fasta,uce_chr11_3326_s.tre,1.126837
uce_chr11_3332_s.fasta,uce_chr11_3332_s.tre,1.102761
uce_chr11_3336_s.fasta,uce_chr11_3336_s.tre,1.181505
uce_chr11_3345_s.fasta,uce_chr11_3345_s.tre,1.167665
uce_chr11_3347_s.fasta,uce_chr11_3347_s.tre,1.216522
uce_chr11_3353_s.fasta,uce_chr11_3353_s.tre,1.043142
uce_chr11_3398_s.fasta,uce_chr11_3398_s.tre,1.165320
uce_chr11_3399_s.fasta,uce_chr11_3399_s.tre,1.059752
uce_chr11_3414_s.fasta,uce_chr11_3414_s.tre,1.160405
uce_chr11_3418_s.fasta,uce_chr11_3418_s.tre,1.055714
uce_chr12_3206_s.fasta,uce_chr12_3206_s.tre,1.271424
uce_chr12_3520_s.fasta,uce_chr12_3520_s.tre,1.126787
uce_chr12_3537_s.fasta,uce_chr12_3537_s.tre,1.181605
uce_chr12_3566_s.fasta,uce_chr12_3566_s.tre,1.201186
uce_chr12_3604_s.fasta,uce_chr12_3604_s.tre,1.037835
uce_chr12_4543_s.fasta,uce_chr12_4543_s.tre,1.088858
uce_chr12_4562_s.fasta,uce_chr12_4562_s.tre,1.227861
uce_chr12_4859_s.fasta,uce_chr12_4859_s.tre,1.226337
uce_chr12_4869_s.fasta,uce_chr12_4869_s.tre,1.114356
uce_chr12_5087_s.fasta,uce_chr12_5087_s.tre,1.055201
uce_chr12_5182_s.fasta,uce_chr12_5182_s.tre,1.132478
uce_chr12_5199_s.fasta,uce_chr12_5199_s.tre,1.436236
uce_chr12_5472_s.fasta,uce_chr12_5472_s.tre,1.268625
uce_chr12_5671_s.fasta,uce_chr12_5671_s.tre,1.090242
uce_chr12_5705_s.fasta,uce_chr12_5705_s.tre,1.071029
uce_chr12_5730_s.fasta,uce_chr12_5730_s.tre,1.074326
uce_chr12_5739_s.fasta,uce_chr12_5739_s.tre,1.254357
uce_chr12_5785_s.fasta,uce_chr12_5785_s.tre,1.167864
uce_chr12_5789_s.fasta,uce_chr12_5789_s.tre,1.074029
uce_chr12_5797_s.fasta,uce_chr12_5797_s.tre,1.072277
uce_chr12_5827_s.fasta,uce_chr12_5827_s.tre,1.196297
uce_chr12_5840_s.fasta,uce_chr12_5840_s.tre,1.101457
uce_chr12_5877_s.fasta,uce_chr12_5877_s.tre,1.174469
uce_chr12_5895_s.fasta,uce_chr12_5895_s.tre,1.238346
uce_chr12_5897_s.fasta,uce_chr12_5897_s.tre,1.147606
uce_chr12_5903_s.fasta,uce_chr12_5903_s.tre,1.158361
uce_chr12_5912_s.fasta,uce_chr12_5912_s.tre,1.346416
uce_chr12_5923_s.fasta,uce_chr12_5923_s.tre,1.070946
uce_chr12_5929_s.fasta,uce_chr12_5929_s.tre,1.240285
uce_chr12_5938_s.fasta,uce_chr12_5938_s.tre,1.154190
uce_chr12_5947_s.fasta,uce_chr12_5947_s.tre,1.087442
uce_chr12_5949_s.fasta,uce_chr12_5949_s.tre,1.161120
uce_chr12_5969_s.fasta,uce_chr12_5969_s.tre,1.235908
uce_chr12_5970_s.fasta,uce_chr12_5970_s.tre,1.128514
uce_chr12_5975_s.fasta,uce_chr12_5975_s.tre,1.244406
uce_chr12_5983_s.fasta,uce_chr12_5983_s.tre,1.033556
uce_chr12_6003_s.fasta,uce_chr12_6003_s.tre,1.283881
uce_chr12_893_s.fasta,uce_chr12_893_s.tre,1.176183
uce_chr13_1065_s.fasta,uce_chr13_1065_s.tre,1.133348
uce_chr13_1115_s.fasta,uce_chr13_1115_s.tre,1.142131
uce_chr13_1153_s.fasta,uce_chr13_1153_s.tre,1.226653
uce_chr13_1216_s.fasta,uce_chr13_1216_s.tre,1.161994
uce_chr13_1225_s.fasta,uce_chr13_1225_s.tre,1.292346
uce_chr13_1459_s.fasta,uce_chr13_1459_s.tre,1.204633
uce_chr13_187_s.fasta,uce_chr13_187_s.tre,1.154628
uce_chr13_2139_s.fasta,uce_chr13_2139_s.tre,1.142750
uce_chr13_2200_s.fasta,uce_chr13_2200_s.tre,1.276710
uce_chr13_2300_s.fasta,uce_chr13_2300_s.tre,1.170275
uce_chr13_2343_s.fasta,uce_chr13_2343_s.tre,0.992593
uce_chr13_2763_s.fasta,uce_chr13_2763_s.tre,1.050663
uce_chr14_3733_s.fasta,uce_chr14_3733_s.tre,1.183981
uce_chr14_3748_s.fasta,uce_chr14_3748_s.tre,1.081608
uce_chr14_3753_s.fasta,uce_chr14_3753_s.tre,1.041649
uce_chr14_3772_s.fasta,uce_chr14_3772_s.tre,1.039644
uce_chr14_3775_s.fasta,uce_chr14_3775_s.tre,1.026289
uce_chr14_3790_s.fasta,uce_chr14_3790_s.tre,1.297075
uce_chr14_3795_s.fasta,uce_chr14_3795_s.tre,1.445994
uce_chr14_3806_s.fasta,uce_chr14_3806_s.tre,1.228647
uce_chr14_3812_s.fasta,uce_chr14_3812_s.tre,1.137148
uce_chr14_3814_s.fasta,uce_chr14_3814_s.tre,1.150539
uce_chr14_3821_s.fasta,uce_chr14_3821_s.tre,1.119890
uce_chr14_3827_s.fasta,uce_chr14_3827_s.tre,1.065393
uce_chr14_3831_s.fasta,uce_chr14_3831_s.tre,1.171350
uce_chr14_3832_s.fasta,uce_chr14_3832_s.tre,1.053965
uce_chr14_3835_s.fasta,uce_chr14_3835_s.tre,1.137758
uce_chr14_3836_s.fasta,uce_chr14_3836_s.tre,1.193361
uce_chr14_3837_s.fasta,uce_chr14_3837_s.tre,1.016953
uce_chr14_3843_s.fasta,uce_chr14_3843_s.tre,0.995676
uce_chr14_3845_s.fasta,uce_chr14_3845_s.tre,1.043694
uce_chr14_3850_s.fasta,uce_chr14_3850_s.tre,1.180834
uce_chr14_3851_s.fasta,uce_chr14_3851_s.tre,1.090063
uce_chr14_3857_s.fasta,uce_chr14_3857_s.tre,1.219735
uce_chr14_3859_s.fasta,uce_chr14_3859_s.tre,1.114279
uce_chr14_3865_s.fasta,uce_chr14_3865_s.tre,1.074011
uce_chr14_3881_s.fasta,uce_chr14_3881_s.tre,1.056141
uce_chr14_3889_s.fasta,uce_chr14_3889_s.tre,1.243591
uce_chr14_3890_s.fasta,uce_chr14_3890_s.tre,1.125808
uce_chr14_3893_s.fasta,uce_chr14_3893_s.tre,1.038942
uce_chr14_3901_s.fasta,uce_chr14_3901_s.tre,0.970407
uce_chr14_3912_s.fasta,uce_chr14_3912_s.tre,1.129484
uce_chr14_3921_s.fasta,uce_chr14_3921_s.tre,1.257575
uce_chr14_3937_s.fasta,uce_chr14_3937_s.tre,1.064731
uce_chr14_3940_s.fasta,uce_chr14_3940_s.tre,1.214803
uce_chr14_3950_s.fasta,uce_chr14_3950_s.tre,1.400991
uce_chr14_3954_s.fasta,uce_chr14_3954_s.tre,1.032830
uce_chr14_3958_s.fasta,uce_chr14_3958_s.tre,1.209168
uce_chr14_3963_s.fasta,uce_chr14_3963_s.tre,1.174410
uce_chr14_3967_s.fasta,uce_chr14_3967_s.tre,1.088733
uce_chr14_3970_s.fasta,uce_chr14_3970_s.tre,1.140224
uce_chr14_3988_s.fasta,uce_chr14_3988_s.tre,1.230534
uce_chr14_3991_s.fasta,uce_chr14_3991_s.tre,1.153328
uce_chr14_3995_s.fasta,uce_chr14_3995_s.tre,1.158270
uce_chr14_4006_s.fasta,uce_chr14_4006_s.tre,1.170341
uce_chr14_4012_s.fasta,uce_chr14_4012_s.tre,1.173000
uce_chr14_4018_s.fasta,uce_chr14_4018_s.tre,1.326524
uce_chr14_4020_s.fasta,uce_chr14_4020_s.tre,1.158617
uce_chr14_4022_s.fasta,uce_chr14_4022_s.tre,1.213509
uce_chr14_4026_s.fasta,uce_chr14_4026_s.tre,1.171251
uce_chr14_4027_s.fasta,uce_chr14_4027_s.tre,1.122260
uce_chr14_4040_s.fasta,uce_chr14_4040_s.tre,1.078980
uce_chr13_2771_s.fasta,uce_chr13_2771_s.tre,1.084054
uce_chr13_2773_s.fasta,uce_chr13_2773_s.tre,1.138695
uce_chr13_2779_s.fasta,uce_chr13_2779_s.tre,1.270387
uce_chr13_2790_s.fasta,uce_chr13_2790_s.tre,1.010021
uce_chr13_2847_s.fasta,uce_chr13_2847_s.tre,1.079729
uce_chr13_2870_s.fasta,uce_chr13_2870_s.tre,1.112111
uce_chr13_2872_s.fasta,uce_chr13_2872_s.tre,1.094171
uce_chr13_2875_s.fasta,uce_chr13_2875_s.tre,1.022568
uce_chr13_2880_s.fasta,uce_chr13_2880_s.tre,1.009187
uce_chr13_2897_s.fasta,uce_chr13_2897_s.tre,1.057722
uce_chr13_2902_s.fasta,uce_chr13_2902_s.tre,1.173363
uce_chr13_2983_s.fasta,uce_chr13_2983_s.tre,1.014529
uce_chr13_3033_s.fasta,uce_chr13_3033_s.tre,1.295955
uce_chr13_3036_s.fasta,uce_chr13_3036_s.tre,1.361682
uce_chr13_3106_s.fasta,uce_chr13_3106_s.tre,1.253410
uce_chr13_3157_s.fasta,uce_chr13_3157_s.tre,1.241945
uce_chr13_3183_s.fasta,uce_chr13_3183_s.tre,1.192925
uce_chr13_3244_s.fasta,uce_chr13_3244_s.tre,1.114326
uce_chr13_3264_s.fasta,uce_chr13_3264_s.tre,1.173166
uce_chr13_3266_s.fasta,uce_chr13_3266_s.tre,1.163383
uce_chr13_3270_s.fasta,uce_chr13_3270_s.tre,1.091452
uce_chr13_3313_s.fasta,uce_chr13_3313_s.tre,1.081070
uce_chr13_3315_s.fasta,uce_chr13_3315_s.tre,1.258346
uce_chr13_3316_s.fasta,uce_chr13_3316_s.tre,1.214236
uce_chr13_3317_s.fasta,uce_chr13_3317_s.tre,1.196576
uce_chr13_3338_s.fasta,uce_chr13_3338_s.tre,0.957047
uce_chr13_3353_s.fasta,uce_chr13_3353_s.tre,1.131158
uce_chr13_3357_s.fasta,uce_chr13_3357_s.tre,1.155653
uce_chr13_3358_s.fasta,uce_chr13_3358_s.tre,1.224286
uce_chr13_3363_s.fasta,uce_chr13_3363_s.tre,1.153550
uce_chr13_3367_s.fasta,uce_chr13_3367_s.tre,1.126798
uce_chr13_3368_s.fasta,uce_chr13_3368_s.tre,1.087715
uce_chr13_3370_s.fasta,uce_chr13_3370_s.tre,1.148659
uce_chr13_3376_s.fasta,uce_chr13_3376_s.tre,1.092142
uce_chr13_3390_s.fasta,uce_chr13_3390_s.tre,1.391578
uce_chr13_3392_s.fasta,uce_chr13_3392_s.tre,1.146860
uce_chr13_3396_s.fasta,uce_chr13_3396_s.tre,1.169242
uce_chr13_3397_s.fasta,uce_chr13_3397_s.tre,1.060244
uce_chr13_3400_s.fasta,uce_chr13_3400_s.tre,1.196951
uce_chr13_3401_s.fasta,uce_chr13_3401_s.tre,1.161292
uce_chr13_3405_s.fasta,uce_chr13_3405_s.tre,1.124567
uce_chr13_3406_s.fasta,uce_chr13_3406_s.tre,1.052291
uce_chr13_3409_s.fasta,uce_chr13_3409_s.tre,1.224296
uce_chr13_3419_s.fasta,uce_chr13_3419_s.tre,1.098028
uce_chr13_3423_s.fasta,uce_chr13_3423_s.tre,1.150883
uce_chr13_3431_s.fasta,uce_chr13_3431_s.tre,1.229761
uce_chr13_3433_s.fasta,uce_chr13_3433_s.tre,1.327881
uce_chr13_3434_s.fasta,uce_chr13_3434_s.tre,1.185782
uce_chr13_3437_s.fasta,uce_chr13_3437_s.tre,1.022069
uce_chr13_3447_s.fasta,uce_chr13_3447_s.tre,1.167045
uce_chr13_3452_s.fasta,uce_chr13_3452_s.tre,1.192172
uce_chr13_3459_s.fasta,uce_chr13_3459_s.tre,1.246428
uce_chr13_3464_s.fasta,uce_chr13_3464_s.tre,1.125729
uce_chr13_3469_s.fasta,uce_chr13_3469_s.tre,1.082047
uce_chr13_3475_s.fasta,uce_chr13_3475_s.tre,1.160094
uce_chr13_3478_s.fasta,uce_chr13_3478_s.tre,1.114180
uce_chr13_3480_s.fasta,uce_chr13_3480_s.tre,1.003622
uce_chr13_3498_s.fasta,uce_chr13_3498_s.tre,1.044210
uce_chr13_3501_s.fasta,uce_chr13_3501_s.tre,1.114835
uce_chr13_3502_s.fasta,uce_chr13_3502_s.tre,1.213877
uce_chr13_3504_s.fasta,uce_chr13_3504_s.tre,1.084571
uce_chr13_3505_s.fasta,uce_chr13_3505_s.tre,1.105842
uce_chr13_3517_s.fasta,uce_chr13_3517_s.tre,1.247213
uce_chr13_3522_s.fasta,uce_chr13_3522_s.tre,1.044650
uce_chr13_3524_s.fasta,uce_chr13_3524_s.tre,1.194179
uce_chr13_3536_s.fasta,uce_chr13_3536_s.tre,1.056670
uce_chr13_3566_s.fasta,uce_chr13_3566_s.tre,1.080609
uce_chr13_3568_s.fasta,uce_chr13_3568_s.tre,1.027052
uce_chr13_3581_s.fasta,uce_chr13_3581_s.tre,1.137751
uce_chr13_3608_s.fasta,uce_chr13_3608_s.tre,1.080034
uce_chr13_3609_s.fasta,uce_chr13_3609_s.tre,1.113821
uce_chr13_3767_s.fasta,uce_chr13_3767_s.tre,1.607434
uce_chr13_4095_s.fasta,uce_chr13_4095_s.tre,1.243595
uce_chr13_433_s.fasta,uce_chr13_433_s.tre,1.467091
uce_chr13_4603_s.fasta,uce_chr13_4603_s.tre,1.106201
uce_chr13_4718_s.fasta,uce_chr13_4718_s.tre,1.257507
uce_chr13_4905_s.fasta,uce_chr13_4905_s.tre,1.150337
uce_chr13_5324_s.fasta,uce_chr13_5324_s.tre,1.158609
uce_chr13_677_s.fasta,uce_chr13_677_s.tre,1.101828
uce_chr13_694_s.fasta,uce_chr13_694_s.tre,1.044841
uce_chr13_714_s.fasta,uce_chr13_714_s.tre,1.056739
uce_chr13_720_s.fasta,uce_chr13_720_s.tre,1.178705
uce_chr13_723_s.fasta,uce_chr13_723_s.tre,1.315052
uce_chr13_726_s.fasta,uce_chr13_726_s.tre,1.123662
uce_chr13_727_s.fasta,uce_chr13_727_s.tre,1.078248
uce_chr13_729_s.fasta,uce_chr13_729_s.tre,1.261732
uce_chr13_random_18_s.fasta,uce_chr13_random_18_s.tre,1.033813
uce_chr14_1280_s.fasta,uce_chr14_1280_s.tre,1.102407
uce_chr14_2043_s.fasta,uce_chr14_2043_s.tre,1.271856
uce_chr14_3633_s.fasta,uce_chr14_3633_s.tre,1.203857
uce_chr14_3639_s.fasta,uce_chr14_3639_s.tre,1.250495
uce_chr14_3662_s.fasta,uce_chr14_3662_s.tre,1.178764
uce_chr14_3677_s.fasta,uce_chr14_3677_s.tre,1.357298
uce_chr14_3696_s.fasta,uce_chr14_3696_s.tre,1.088755
uce_chr14_3697_s.fasta,uce_chr14_3697_s.tre,1.076359
uce_chr14_3700_s.fasta,uce_chr14_3700_s.tre,1.065221
uce_chr14_3716_s.fasta,uce_chr14_3716_s.tre,1.171857
uce_chr14_3721_s.fasta,uce_chr14_3721_s.tre,1.068141
uce_chr14_3723_s.fasta,uce_chr14_3723_s.tre,1.223606
uce_chr14_3725_s.fasta,uce_chr14_3725_s.tre,1.046393
uce_chr14_4046_s.fasta,uce_chr14_4046_s.tre,1.133190
uce_chr14_4055_s.fasta,uce_chr14_4055_s.tre,1.216628
uce_chr14_4076_s.fasta,uce_chr14_4076_s.tre,1.258228
uce_chr14_4078_s.fasta,uce_chr14_4078_s.tre,1.116486
uce_chr14_4079_s.fasta,uce_chr14_4079_s.tre,1.094028
uce_chr14_4085_s.fasta,uce_chr14_4085_s.tre,1.117323
uce_chr14_4108_s.fasta,uce_chr14_4108_s.tre,1.169214
uce_chr14_4113_s.fasta,uce_chr14_4113_s.tre,1.148922
uce_chr14_4115_s.fasta,uce_chr14_4115_s.tre,1.108198
uce_chr14_4118_s.fasta,uce_chr14_4118_s.tre,1.081947
uce_chr14_4127_s.fasta,uce_chr14_4127_s.tre,1.184809
uce_chr14_4145_s.fasta,uce_chr14_4145_s.tre,1.147380
uce_chr14_4151_s.fasta,uce_chr14_4151_s.tre,1.199428
uce_chr14_4157_s.fasta,uce_chr14_4157_s.tre,1.118666
uce_chr14_4167_s.fasta,uce_chr14_4167_s.tre,1.105790
uce_chr14_4169_s.fasta,uce_chr14_4169_s.tre,1.097955
uce_chr14_4170_s.fasta,uce_chr14_4170_s.tre,1.099574
uce_chr14_4176_s.fasta,uce_chr14_4176_s.tre,1.100211
uce_chr14_4180_s.fasta,uce_chr14_4180_s.tre,1.233725
uce_chr14_4181_s.fasta,uce_chr14_4181_s.tre,1.012356
uce_chr14_4185_s.fasta,uce_chr14_4185_s.tre,1.128311
uce_chr14_4187_s.fasta,uce_chr14_4187_s.tre,1.098785
uce_chr14_4196_s.fasta,uce_chr14_4196_s.tre,1.280249
uce_chr14_4201_s.fasta,uce_chr14_4201_s.tre,1.124201
uce_chr14_4204_s.fasta,uce_chr14_4204_s.tre,1.077855
uce_chr14_4208_s.fasta,uce_chr14_4208_s.tre,1.038988
uce_chr14_4210_s.fasta,uce_chr14_4210_s.tre,1.187035
uce_chr14_707_s.fasta,uce_chr14_707_s.tre,1.244135
uce_chr14_713_s.fasta,uce_chr14_713_s.tre,1.119427
uce_chr14_724_s.fasta,uce_chr14_724_s.tre,1.168391
uce_chr14_742_s.fasta,uce_chr14_742_s.tre,1.242367
uce_chr14_749_s.fasta,uce_chr14_749_s.tre,1.184530
uce_chr14_888_s.fasta,uce_chr14_888_s.tre,1.213635
uce_chr15_167_s.fasta,uce_chr15_167_s.tre,1.166021
uce_chr15_2197_s.fasta,uce_chr15_2197_s.tre,1.408004
uce_chr15_4167_s.fasta,uce_chr15_4167_s.tre,1.134146
uce_chr15_4186_s.fasta,uce_chr15_4186_s.tre,1.141363
uce_chr15_4242_s.fasta,uce_chr15_4242_s.tre,1.198970
uce_chr15_4261_s.fasta,uce_chr15_4261_s.tre,1.220096
uce_chr15_4264_s.fasta,uce_chr15_4264_s.tre,1.268901
uce_chr15_4268_s.fasta,uce_chr15_4268_s.tre,1.218231
uce_chr15_4276_s.fasta,uce_chr15_4276_s.tre,1.094855
uce_chr15_4282_s.fasta,uce_chr15_4282_s.tre,1.194223
uce_chr15_4284_s.fasta,uce_chr15_4284_s.tre,1.122293
uce_chr15_4285_s.fasta,uce_chr15_4285_s.tre,1.037532
uce_chr15_4290_s.fasta,uce_chr15_4290_s.tre,1.091402
uce_chr15_4293_s.fasta,uce_chr15_4293_s.tre,1.216190
uce_chr15_4308_s.fasta,uce_chr15_4308_s.tre,1.114737
uce_chr15_4310_s.fasta,uce_chr15_4310_s.tre,1.078372
uce_chr15_4314_s.fasta,uce_chr15_4314_s.tre,1.000291
uce_chr15_4318_s.fasta,uce_chr15_4318_s.tre,1.033799
uce_chr15_4319_s.fasta,uce_chr15_4319_s.tre,1.162794
uce_chr15_4333_s.fasta,uce_chr15_4333_s.tre,1.129758
uce_chr15_4335_s.fasta,uce_chr15_4335_s.tre,1.120736
uce_chr15_4344_s.fasta,uce_chr15_4344_s.tre,1.054869
uce_chr15_4349_s.fasta,uce_chr15_4349_s.tre,1.181762
uce_chr15_4352_s.fasta,uce_chr15_4352_s.tre,1.035269
uce_chr15_4357_s.fasta,uce_chr15_4357_s.tre,1.070705
uce_chr15_4365_s.fasta,uce_chr15_4365_s.tre,1.037129
uce_chr15_4366_s.fasta,uce_chr15_4366_s.tre,1.038722
uce_chr15_4367_s.fasta,uce_chr15_4367_s.tre,1.055300
uce_chr15_4373_s.fasta,uce_chr15_4373_s.tre,1.120906
uce_chr15_4380_s.fasta,uce_chr15_4380_s.tre,1.034904
uce_chr15_4399_s.fasta,uce_chr15_4399_s.tre,1.237253
uce_chr15_4406_s.fasta,uce_chr15_4406_s.tre,1.269415
uce_chr15_4426_s.fasta,uce_chr15_4426_s.tre,1.234625
uce_chr15_4431_s.fasta,uce_chr15_4431_s.tre,1.057812
uce_chr15_4432_s.fasta,uce_chr15_4432_s.tre,1.115669
uce_chr15_4433_s.fasta,uce_chr15_4433_s.tre,1.184217
uce_chr15_4435_s.fasta,uce_chr15_4435_s.tre,1.113077
uce_chr15_4436_s.fasta,uce_chr15_4436_s.tre,1.207726
uce_chr15_4444_s.fasta,uce_chr15_4444_s.tre,1.035358
uce_chr15_4445_s.fasta,uce_chr15_4445_s.tre,1.174698
uce_chr15_4447_s.fasta,uce_chr15_4447_s.tre,1.127580
uce_chr15_4464_s.fasta,uce_chr15_4464_s.tre,1.086902
uce_chr15_4466_s.fasta,uce_chr15_4466_s.tre,1.044975
uce_chr15_4467_s.fasta,uce_chr15_4467_s.tre,1.124701
uce_chr15_4477_s.fasta,uce_chr15_4477_s.tre,1.183254
uce_chr15_4487_s.fasta,uce_chr15_4487_s.tre,1.204055
uce_chr15_4488_s.fasta,uce_chr15_4488_s.tre,1.241889
uce_chr15_4489_s.fasta,uce_chr15_4489_s.tre,1.176465
uce_chr15_4490_s.fasta,uce_chr15_4490_s.tre,1.237559
uce_chr15_4491_s.fasta,uce_chr15_4491_s.tre,1.047825
uce_chr15_4511_s.fasta,uce_chr15_4511_s.tre,1.185315
uce_chr15_4514_s.fasta,uce_chr15_4514_s.tre,1.259901
uce_chr15_4516_s.fasta,uce_chr15_4516_s.tre,1.094231
uce_chr15_4551_s.fasta,uce_chr15_4551_s.tre,1.263148
uce_chr15_4567_s.fasta,uce_chr15_4567_s.tre,1.517780
uce_chr15_4573_s.fasta,uce_chr15_4573_s.tre,1.593674
uce_chr15_4576_s.fasta,uce_chr15_4576_s.tre,1.198381
uce_chr15_4578_s.fasta,uce_chr15_4578_s.tre,1.261117
uce_chr15_4583_s.fasta,uce_chr15_4583_s.tre,1.558949
uce_chr15_4628_s.fasta,uce_chr15_4628_s.tre,1.504142
uce_chr15_4645_s.fasta,uce_chr15_4645_s.tre,1.122965
uce_chr15_4649_s.fasta,uce_chr15_4649_s.tre,1.059931
uce_chr15_4667_s.fasta,uce_chr15_4667_s.tre,1.040653
uce_chr15_4680_s.fasta,uce_chr15_4680_s.tre,1.416372
uce_chr15_4685_s.fasta,uce_chr15_4685_s.tre,1.179446
uce_chr15_4687_s.fasta,uce_chr15_4687_s.tre,1.083920
uce_chr15_4690_s.fasta,uce_chr15_4690_s.tre,1.153316
uce_chr15_4691_s.fasta,uce_chr15_4691_s.tre,1.088448
uce_chr15_4696_s.fasta,uce_chr15_4696_s.tre,1.132471
uce_chr15_4699_s.fasta,uce_chr15_4699_s.tre,1.262321
uce_chr15_4702_s.fasta,uce_chr15_4702_s.tre,1.128148
uce_chr15_4710_s.fasta,uce_chr15_4710_s.tre,1.142445
uce_chr15_4712_s.fasta,uce_chr15_4712_s.tre,1.022487
uce_chr15_4717_s.fasta,uce_chr15_4717_s.tre,1.091997
uce_chr15_4719_s.fasta,uce_chr15_4719_s.tre,1.299196
uce_chr15_4729_s.fasta,uce_chr15_4729_s.tre,1.102685
uce_chr15_4745_s.fasta,uce_chr15_4745_s.tre,1.075965
uce_chr15_4747_s.fasta,uce_chr15_4747_s.tre,1.060603
uce_chr15_4752_s.fasta,uce_chr15_4752_s.tre,1.047391
uce_chr15_4762_s.fasta,uce_chr15_4762_s.tre,1.082856
uce_chr15_4765_s.fasta,uce_chr15_4765_s.tre,1.135696
uce_chr15_4768_s.fasta,uce_chr15_4768_s.tre,1.197077
uce_chr15_632_s.fasta,uce_chr15_632_s.tre,1.376056
uce_chr15_648_s.fasta,uce_chr15_648_s.tre,1.084536
uce_chr15_669_s.fasta,uce_chr15_669_s.tre,1.146571
uce_chr15_671_s.fasta,uce_chr15_671_s.tre,1.085432
uce_chr15_677_s.fasta,uce_chr15_677_s.tre,1.118060
uce_chr15_680_s.fasta,uce_chr15_680_s.tre,1.067596
uce_chr15_687_s.fasta,uce_chr15_687_s.tre,1.155885
uce_chr15_688_s.fasta,uce_chr15_688_s.tre,1.206870
uce_chr15_695_s.fasta,uce_chr15_695_s.tre,1.120740
uce_chr15_702_s.fasta,uce_chr15_702_s.tre,1.110456
uce_chr15_704_s.fasta,uce_chr15_704_s.tre,1.095468
uce_chr15_709_s.fasta,uce_chr15_709_s.tre,1.346521
uce_chr16_4819_s.fasta,uce_chr16_4819_s.tre,1.227350
uce_chr16_4824_s.fasta,uce_chr16_4824_s.tre,1.083639
uce_chr16_4832_s.fasta,uce_chr16_4832_s.tre,1.226736
uce_chr16_4864_s.fasta,uce_chr16_4864_s.tre,1.086971
uce_chr16_4866_s.fasta,uce_chr16_4866_s.tre,1.337299
uce_chr16_4892_s.fasta,uce_chr16_4892_s.tre,1.089274
uce_chr16_4897_s.fasta,uce_chr16_4897_s.tre,1.102758
uce_chr16_4907_s.fasta,uce_chr16_4907_s.tre,1.101602
uce_chr16_4913_s.fasta,uce_chr16_4913_s.tre,1.062376
uce_chr16_4918_s.fasta,uce_chr16_4918_s.tre,1.208974
uce_chr16_4923_s.fasta,uce_chr16_4923_s.tre,1.058674
uce_chr16_4945_s.fasta,uce_chr16_4945_s.tre,1.123308
uce_chr16_4956_s.fasta,uce_chr16_4956_s.tre,1.187848
uce_chr16_4957_s.fasta,uce_chr16_4957_s.tre,1.199437
uce_chr16_4959_s.fasta,uce_chr16_4959_s.tre,1.113769
uce_chr16_4961_s.fasta,uce_chr16_4961_s.tre,1.250761
uce_chr16_4963_s.fasta,uce_chr16_4963_s.tre,1.187517
uce_chr16_4969_s.fasta,uce_chr16_4969_s.tre,1.020535
uce_chr16_4978_s.fasta,uce_chr16_4978_s.tre,1.085074
uce_chr16_4979_s.fasta,uce_chr16_4979_s.tre,1.260968
uce_chr16_4982_s.fasta,uce_chr16_4982_s.tre,1.069257
uce_chr16_4983_s.fasta,uce_chr16_4983_s.tre,1.164793
uce_chr16_4987_s.fasta,uce_chr16_4987_s.tre,1.080540
uce_chr16_4989_s.fasta,uce_chr16_4989_s.tre,1.158652
uce_chr16_4990_s.fasta,uce_chr16_4990_s.tre,1.029202
uce_chr16_4991_s.fasta,uce_chr16_4991_s.tre,1.252946
uce_chr16_4992_s.fasta,uce_chr16_4992_s.tre,1.086562
uce_chr16_5003_s.fasta,uce_chr16_5003_s.tre,1.118701
uce_chr16_5009_s.fasta,uce_chr16_5009_s.tre,1.043814
uce_chr16_5012_s.fasta,uce_chr16_5012_s.tre,1.166688
uce_chr16_5014_s.fasta,uce_chr16_5014_s.tre,1.072857
uce_chr16_5024_s.fasta,uce_chr16_5024_s.tre,1.064087
uce_chr16_5031_s.fasta,uce_chr16_5031_s.tre,1.071976
uce_chr16_5039_s.fasta,uce_chr16_5039_s.tre,0.981887
uce_chr16_5044_s.fasta,uce_chr16_5044_s.tre,1.211513
uce_chr16_5046_s.fasta,uce_chr16_5046_s.tre,1.208960
uce_chr16_5051_s.fasta,uce_chr16_5051_s.tre,1.040124
uce_chr16_5059_s.fasta,uce_chr16_5059_s.tre,1.265325
uce_chr16_5060_s.fasta,uce_chr16_5060_s.tre,1.170686
uce_chr16_5072_s.fasta,uce_chr16_5072_s.tre,1.317589
uce_chr16_5082_s.fasta,uce_chr16_5082_s.tre,1.326122
uce_chr16_5085_s.fasta,uce_chr16_5085_s.tre,1.260211
uce_chr16_5091_s.fasta,uce_chr16_5091_s.tre,1.373330
uce_chr16_5112_s.fasta,uce_chr16_5112_s.tre,1.276437
uce_chr16_5115_s.fasta,uce_chr16_5115_s.tre,1.231780
uce_chr16_5120_s.fasta,uce_chr16_5120_s.tre,1.278114
uce_chr16_5130_s.fasta,uce_chr16_5130_s.tre,1.076753
uce_chr16_5131_s.fasta,uce_chr16_5131_s.tre,1.178393
uce_chr16_5133_s.fasta,uce_chr16_5133_s.tre,1.187500
uce_chr16_5140_s.fasta,uce_chr16_5140_s.tre,1.305384
uce_chr16_5142_s.fasta,uce_chr16_5142_s.tre,1.260531
uce_chr16_5157_s.fasta,uce_chr16_5157_s.tre,1.308235
uce_chr16_5164_s.fasta,uce_chr16_5164_s.tre,1.217679
uce_chr16_5166_s.fasta,uce_chr16_5166_s.tre,1.234353
uce_chr16_5171_s.fasta,uce_chr16_5171_s.tre,1.089415
uce_chr16_5173_s.fasta,uce_chr16_5173_s.tre,1.264332
uce_chr16_5175_s.fasta,uce_chr16_5175_s.tre,1.112157
uce_chr16_5178_s.fasta,uce_chr16_5178_s.tre,1.144162
uce_chr16_5182_s.fasta,uce_chr16_5182_s.tre,1.265588
uce_chr16_5184_s.fasta,uce_chr16_5184_s.tre,1.222675
uce_chr16_5197_s.fasta,uce_chr16_5197_s.tre,1.036768
uce_chr16_5202_s.fasta,uce_chr16_5202_s.tre,1.021827
uce_chr16_5207_s.fasta,uce_chr16_5207_s.tre,1.085531
uce_chr17_1123_s.fasta,uce_chr17_1123_s.tre,1.294286
uce_chr17_1131_s.fasta,uce_chr17_1131_s.tre,1.141520
uce_chr17_1336_s.fasta,uce_chr17_1336_s.tre,1.199178
uce_chr17_1408_s.fasta,uce_chr17_1408_s.tre,1.340839
uce_chr17_2784_s.fasta,uce_chr17_2784_s.tre,1.231175
uce_chr17_2947_s.fasta,uce_chr17_2947_s.tre,1.152850
uce_chr17_2952_s.fasta,uce_chr17_2952_s.tre,1.102182
uce_chr17_2963_s.fasta,uce_chr17_2963_s.tre,1.128233
uce_chr17_2981_s.fasta,uce_chr17_2981_s.tre,1.063594
uce_chr17_2984_s.fasta,uce_chr17_2984_s.tre,1.153470
uce_chr1_602_s.fasta,uce_chr1_602_s.tre,1.079686
uce_chr17_2991_s.fasta,uce_chr17_2991_s.tre,1.129614
uce_chr17_2999_s.fasta,uce_chr17_2999_s.tre,1.086750
uce_chr17_3001_s.fasta,uce_chr17_3001_s.tre,0.990667
uce_chr17_3013_s.fasta,uce_chr17_3013_s.tre,1.144885
uce_chr17_3020_s.fasta,uce_chr17_3020_s.tre,1.074610
uce_chr17_3021_s.fasta,uce_chr17_3021_s.tre,1.109988
uce_chr17_3028_s.fasta,uce_chr17_3028_s.tre,1.138275
uce_chr17_3074_s.fasta,uce_chr17_3074_s.tre,1.010983
uce_chr17_3082_s.fasta,uce_chr17_3082_s.tre,1.131977
uce_chr17_5241_s.fasta,uce_chr17_5241_s.tre,1.284034
uce_chr17_5256_s.fasta,uce_chr17_5256_s.tre,1.199707
uce_chr17_5257_s.fasta,uce_chr17_5257_s.tre,1.246496
uce_chr17_5262_s.fasta,uce_chr17_5262_s.tre,1.241021
uce_chr17_5319_s.fasta,uce_chr17_5319_s.tre,1.336269
uce_chr17_5336_s.fasta,uce_chr17_5336_s.tre,1.157323
uce_chr17_5344_s.fasta,uce_chr17_5344_s.tre,1.111095
uce_chr17_5348_s.fasta,uce_chr17_5348_s.tre,1.130736
uce_chr17_5361_s.fasta,uce_chr17_5361_s.tre,1.447704
uce_chr17_5382_s.fasta,uce_chr17_5382_s.tre,1.359871
uce_chr17_5392_s.fasta,uce_chr17_5392_s.tre,1.236975
uce_chr17_5393_s.fasta,uce_chr17_5393_s.tre,1.221819
uce_chr17_5397_s.fasta,uce_chr17_5397_s.tre,1.491084
uce_chr17_5540_s.fasta,uce_chr17_5540_s.tre,1.350816
uce_chr17_5551_s.fasta,uce_chr17_5551_s.tre,1.252930
uce_chr17_5591_s.fasta,uce_chr17_5591_s.tre,1.065100
uce_chr17_5599_s.fasta,uce_chr17_5599_s.tre,1.210696
uce_chr17_5611_s.fasta,uce_chr17_5611_s.tre,1.115675
uce_chr17_5620_s.fasta,uce_chr17_5620_s.tre,1.288850
uce_chr17_5637_s.fasta,uce_chr17_5637_s.tre,1.165494
uce_chr17_5648_s.fasta,uce_chr17_5648_s.tre,1.268919
uce_chr17_779_s.fasta,uce_chr17_779_s.tre,1.554181
uce_chr17_864_s.fasta,uce_chr17_864_s.tre,1.198348
uce_chr17_929_s.fasta,uce_chr17_929_s.tre,1.266824
uce_chr18_1422_s.fasta,uce_chr18_1422_s.tre,1.268739
uce_chr18_1424_s.fasta,uce_chr18_1424_s.tre,1.137262
uce_chr18_1425_s.fasta,uce_chr18_1425_s.tre,1.220959
uce_chr18_1493_s.fasta,uce_chr18_1493_s.tre,1.080164
uce_chr18_1508_s.fasta,uce_chr18_1508_s.tre,1.188346
uce_chr18_1904_s.fasta,uce_chr18_1904_s.tre,1.162458
uce_chr18_2525_s.fasta,uce_chr18_2525_s.tre,1.051983
uce_chr18_2530_s.fasta,uce_chr18_2530_s.tre,1.031462
uce_chr18_2789_s.fasta,uce_chr18_2789_s.tre,1.143748
uce_chr18_3119_s.fasta,uce_chr18_3119_s.tre,1.301571
uce_chr18_3123_s.fasta,uce_chr18_3123_s.tre,1.064372
uce_chr18_3183_s.fasta,uce_chr18_3183_s.tre,1.126625
uce_chr18_3187_s.fasta,uce_chr18_3187_s.tre,1.107079
uce_chr18_3195_s.fasta,uce_chr18_3195_s.tre,1.227311
uce_chr18_3204_s.fasta,uce_chr18_3204_s.tre,1.206061
uce_chr18_3214_s.fasta,uce_chr18_3214_s.tre,1.508251
uce_chr18_4483_s.fasta,uce_chr18_4483_s.tre,1.123286
uce_chr18_5707_s.fasta,uce_chr18_5707_s.tre,1.131249
uce_chr18_5709_s.fasta,uce_chr18_5709_s.tre,1.013419
uce_chr18_5711_s.fasta,uce_chr18_5711_s.tre,1.312094
uce_chr18_5713_s.fasta,uce_chr18_5713_s.tre,1.063212
uce_chr18_5716_s.fasta,uce_chr18_5716_s.tre,1.083395
uce_chr18_5723_s.fasta,uce_chr18_5723_s.tre,1.162371
uce_chr18_5739_s.fasta,uce_chr18_5739_s.tre,1.055852
uce_chr18_5747_s.fasta,uce_chr18_5747_s.tre,1.124474
uce_chr18_5753_s.fasta,uce_chr18_5753_s.tre,1.085940
uce_chr18_5769_s.fasta,uce_chr18_5769_s.tre,1.131426
uce_chr18_5770_s.fasta,uce_chr18_5770_s.tre,1.130660
uce_chr18_5772_s.fasta,uce_chr18_5772_s.tre,1.022436
uce_chr18_5780_s.fasta,uce_chr18_5780_s.tre,1.236748
uce_chr18_5783_s.fasta,uce_chr18_5783_s.tre,1.058050
uce_chr18_5788_s.fasta,uce_chr18_5788_s.tre,1.139948
uce_chr18_5791_s.fasta,uce_chr18_5791_s.tre,1.275711
uce_chr18_5794_s.fasta,uce_chr18_5794_s.tre,1.086703
uce_chr18_5807_s.fasta,uce_chr18_5807_s.tre,1.018754
uce_chr18_5868_s.fasta,uce_chr18_5868_s.tre,1.106217
uce_chr18_5902_s.fasta,uce_chr18_5902_s.tre,1.329807
uce_chr18_6048_s.fasta,uce_chr18_6048_s.tre,1.017771
uce_chr18_6051_s.fasta,uce_chr18_6051_s.tre,1.134433
uce_chr18_6055_s.fasta,uce_chr18_6055_s.tre,1.118347
uce_chr18_6058_s.fasta,uce_chr18_6058_s.tre,1.212407
uce_chr18_6062_s.fasta,uce_chr18_6062_s.tre,1.145028
uce_chr18_6063_s.fasta,uce_chr18_6063_s.tre,1.193861
uce_chr18_6066_s.fasta,uce_chr18_6066_s.tre,1.036536
uce_chr18_6071_s.fasta,uce_chr18_6071_s.tre,1.010820
uce_chr18_6073_s.fasta,uce_chr18_6073_s.tre,1.009142
uce_chr18_6086_s.fasta,uce_chr18_6086_s.tre,1.095442
uce_chr18_6088_s.fasta,uce_chr18_6088_s.tre,1.125406
uce_chr18_6096_s.fasta,uce_chr18_6096_s.tre,1.055846
uce_chr18_6106_s.fasta,uce_chr18_6106_s.tre,1.092260
uce_chr18_6108_s.fasta,uce_chr18_6108_s.tre,1.169452
uce_chr18_6109_s.fasta,uce_chr18_6109_s.tre,1.259625
uce_chr18_6122_s.fasta,uce_chr18_6122_s.tre,1.262760
uce_chr19_2207_s.fasta,uce_chr19_2207_s.tre,1.163032
uce_chr19_2219_s.fasta,uce_chr19_2219_s.tre,1.065832
uce_chr19_2440_s.fasta,uce_chr19_2440_s.tre,1.126877
uce_chr19_2459_s.fasta,uce_chr19_2459_s.tre,1.116624
uce_chr19_2468_s.fasta,uce_chr19_2468_s.tre,1.325001
uce_chr19_2470_s.fasta,uce_chr19_2470_s.tre,1.763655
uce_chr19_2479_s.fasta,uce_chr19_2479_s.tre,1.228142
uce_chr19_2553_s.fasta,uce_chr19_2553_s.tre,1.357031
uce_chr19_2582_s.fasta,uce_chr19_2582_s.tre,1.288335
uce_chr19_2728_s.fasta,uce_chr19_2728_s.tre,1.446166
uce_chr19_2811_s.fasta,uce_chr19_2811_s.tre,1.243541
uce_chr19_301_s.fasta,uce_chr19_301_s.tre,1.148460
uce_chr19_346_s.fasta,uce_chr19_346_s.tre,1.055036
uce_chr19_372_s.fasta,uce_chr19_372_s.tre,1.167970
uce_chr1_59_s.fasta,uce_chr1_59_s.tre,1.405299
uce_chr19_6196_s.fasta,uce_chr19_6196_s.tre,1.029633
uce_chr19_6200_s.fasta,uce_chr19_6200_s.tre,1.198339
uce_chr19_6215_s.fasta,uce_chr19_6215_s.tre,1.103088
uce_chr19_6216_s.fasta,uce_chr19_6216_s.tre,1.149328
uce_chr19_6225_s.fasta,uce_chr19_6225_s.tre,0.972495
uce_chr19_6236_s.fasta,uce_chr19_6236_s.tre,1.152842
uce_chr19_6241_s.fasta,uce_chr19_6241_s.tre,1.228031
uce_chr19_6246_s.fasta,uce_chr19_6246_s.tre,1.036730
uce_chr19_6256_s.fasta,uce_chr19_6256_s.tre,1.050162
uce_chr19_6258_s.fasta,uce_chr19_6258_s.tre,1.075546
uce_chr19_6262_s.fasta,uce_chr19_6262_s.tre,1.085131
uce_chr19_6266_s.fasta,uce_chr19_6266_s.tre,1.135686
uce_chr19_6270_s.fasta,uce_chr19_6270_s.tre,1.277649
uce_chr19_6273_s.fasta,uce_chr19_6273_s.tre,1.109645
uce_chr19_6275_s.fasta,uce_chr19_6275_s.tre,1.098875
uce_chr19_6280_s.fasta,uce_chr19_6280_s.tre,1.103986
uce_chr19_6285_s.fasta,uce_chr19_6285_s.tre,1.129609
uce_chr19_6297_s.fasta,uce_chr19_6297_s.tre,1.102443
uce_chr19_6305_s.fasta,uce_chr19_6305_s.tre,1.057579
uce_chr19_6308_s.fasta,uce_chr19_6308_s.tre,1.073062
uce_chr19_6311_s.fasta,uce_chr19_6311_s.tre,1.087687
uce_chr19_6312_s.fasta,uce_chr19_6312_s.tre,1.216570
uce_chr19_6330_s.fasta,uce_chr19_6330_s.tre,1.132771
uce_chr19_6341_s.fasta,uce_chr19_6341_s.tre,1.213764
uce_chr19_6350_s.fasta,uce_chr19_6350_s.tre,1.104963
uce_chr19_6352_s.fasta,uce_chr19_6352_s.tre,1.184267
uce_chr19_6353_s.fasta,uce_chr19_6353_s.tre,1.184166
uce_chr19_6359_s.fasta,uce_chr19_6359_s.tre,1.152182
uce_chr19_6370_s.fasta,uce_chr19_6370_s.tre,1.191296
uce_chr19_6377_s.fasta,uce_chr19_6377_s.tre,1.229895
uce_chr19_746_s.fasta,uce_chr19_746_s.tre,1.051166
uce_chr1_1019_s.fasta,uce_chr1_1019_s.tre,1.214025
uce_chr1_1020_s.fasta,uce_chr1_1020_s.tre,1.141371
uce_chr1_1022_s.fasta,uce_chr1_1022_s.tre,1.323026
uce_chr1_10281_s.fasta,uce_chr1_10281_s.tre,0.998764
uce_chr1_1036_s.fasta,uce_chr1_1036_s.tre,1.074934
uce_chr1_1041_s.fasta,uce_chr1_1041_s.tre,1.127781
uce_chr1_1046_s.fasta,uce_chr1_1046_s.tre,1.150321
uce_chr1_1050_s.fasta,uce_chr1_1050_s.tre,1.140131
uce_chr1_1056_s.fasta,uce_chr1_1056_s.tre,1.150594
uce_chr1_1058_s.fasta,uce_chr1_1058_s.tre,1.187107
uce_chr1_1060_s.fasta,uce_chr1_1060_s.tre,1.175560
uce_chr1_1063_s.fasta,uce_chr1_1063_s.tre,1.179254
uce_chr1_10887_s.fasta,uce_chr1_10887_s.tre,1.112866
uce_chr1_1089_s.fasta,uce_chr1_1089_s.tre,1.243667
uce_chr1_10904_s.fasta,uce_chr1_10904_s.tre,0.944943
uce_chr1_10907_s.fasta,uce_chr1_10907_s.tre,1.223572
uce_chr1_1091_s.fasta,uce_chr1_1091_s.tre,1.207885
uce_chr1_10949_s.fasta,uce_chr1_10949_s.tre,1.091721
uce_chr1_1096_s.fasta,uce_chr1_1096_s.tre,1.207689
uce_chr1_1108_s.fasta,uce_chr1_1108_s.tre,1.146383
uce_chr1_11196_s.fasta,uce_chr1_11196_s.tre,1.107322
uce_chr1_1126_s.fasta,uce_chr1_1126_s.tre,1.031590
uce_chr1_1131_s.fasta,uce_chr1_1131_s.tre,1.121651
uce_chr1_1136_s.fasta,uce_chr1_1136_s.tre,0.998144
uce_chr1_1137_s.fasta,uce_chr1_1137_s.tre,1.083264
uce_chr1_1147_s.fasta,uce_chr1_1147_s.tre,1.007675
uce_chr1_1149_s.fasta,uce_chr1_1149_s.tre,1.044301
uce_chr1_11517_s.fasta,uce_chr1_11517_s.tre,1.445489
uce_chr1_1160_s.fasta,uce_chr1_1160_s.tre,1.174712
uce_chr1_1174_s.fasta,uce_chr1_1174_s.tre,1.114095
uce_chr1_1175_s.fasta,uce_chr1_1175_s.tre,1.077188
uce_chr1_11767_s.fasta,uce_chr1_11767_s.tre,1.047674
uce_chr1_1176_s.fasta,uce_chr1_1176_s.tre,1.154525
uce_chr1_11792_s.fasta,uce_chr1_11792_s.tre,1.153409
uce_chr1_11799_s.fasta,uce_chr1_11799_s.tre,1.127065
uce_chr1_1186_s.fasta,uce_chr1_1186_s.tre,1.050121
uce_chr1_1190_s.fasta,uce_chr1_1190_s.tre,1.175505
uce_chr1_1197_s.fasta,uce_chr1_1197_s.tre,1.114048
uce_chr1_1205_s.fasta,uce_chr1_1205_s.tre,1.042438
uce_chr1_1211_s.fasta,uce_chr1_1211_s.tre,1.123591
uce_chr1_1212_s.fasta,uce_chr1_1212_s.tre,1.169203
uce_chr1_1219_s.fasta,uce_chr1_1219_s.tre,1.188491
uce_chr1_12287_s.fasta,uce_chr1_12287_s.tre,1.100148
uce_chr1_12334_s.fasta,uce_chr1_12334_s.tre,1.241939
uce_chr1_1243_s.fasta,uce_chr1_1243_s.tre,1.121023
uce_chr1_1246_s.fasta,uce_chr1_1246_s.tre,1.088526
uce_chr1_1248_s.fasta,uce_chr1_1248_s.tre,1.169542
uce_chr1_1250_s.fasta,uce_chr1_1250_s.tre,1.274669
uce_chr1_12525_s.fasta,uce_chr1_12525_s.tre,1.142061
uce_chr1_1254_s.fasta,uce_chr1_1254_s.tre,1.089144
uce_chr1_1262_s.fasta,uce_chr1_1262_s.tre,1.071342
uce_chr1_1265_s.fasta,uce_chr1_1265_s.tre,1.133800
uce_chr1_12661_s.fasta,uce_chr1_12661_s.tre,1.056108
uce_chr1_1268_s.fasta,uce_chr1_1268_s.tre,1.250474
uce_chr1_1273_s.fasta,uce_chr1_1273_s.tre,1.052865
uce_chr1_1289_s.fasta,uce_chr1_1289_s.tre,1.093634
uce_chr1_1296_s.fasta,uce_chr1_1296_s.tre,1.190328
uce_chr1_1312_s.fasta,uce_chr1_1312_s.tre,1.133832
uce_chr1_1313_s.fasta,uce_chr1_1313_s.tre,1.235233
uce_chr1_1317_s.fasta,uce_chr1_1317_s.tre,0.818426
uce_chr1_1321_s.fasta,uce_chr1_1321_s.tre,1.031122
uce_chr1_1322_s.fasta,uce_chr1_1322_s.tre,1.129204
uce_chr1_1323_s.fasta,uce_chr1_1323_s.tre,1.152971
uce_chr1_1326_s.fasta,uce_chr1_1326_s.tre,1.311763
uce_chr1_1327_s.fasta,uce_chr1_1327_s.tre,1.047316
uce_chr1_1332_s.fasta,uce_chr1_1332_s.tre,1.147276
uce_chr1_1360_s.fasta,uce_chr1_1360_s.tre,1.179453
uce_chr1_13698_s.fasta,uce_chr1_13698_s.tre,1.197868
uce_chr1_1378_s.fasta,uce_chr1_1378_s.tre,1.087498
uce_chr1_595_s.fasta,uce_chr1_595_s.tre,1.149381
uce_chr1_14121_s.fasta,uce_chr1_14121_s.tre,1.122113
uce_chr1_14351_s.fasta,uce_chr1_14351_s.tre,1.064658
uce_chr1_14412_s.fasta,uce_chr1_14412_s.tre,1.115408
uce_chr1_14672_s.fasta,uce_chr1_14672_s.tre,1.187837
uce_chr1_14872_s.fasta,uce_chr1_14872_s.tre,1.079408
uce_chr1_14908_s.fasta,uce_chr1_14908_s.tre,1.111392
uce_chr1_14921_s.fasta,uce_chr1_14921_s.tre,1.197147
uce_chr1_14956_s.fasta,uce_chr1_14956_s.tre,1.254573
uce_chr1_14964_s.fasta,uce_chr1_14964_s.tre,1.210658
uce_chr1_14993_s.fasta,uce_chr1_14993_s.tre,1.230713
uce_chr1_14_s.fasta,uce_chr1_14_s.tre,1.333350
uce_chr1_15010_s.fasta,uce_chr1_15010_s.tre,1.161793
uce_chr1_15123_s.fasta,uce_chr1_15123_s.tre,1.176306
uce_chr1_15369_s.fasta,uce_chr1_15369_s.tre,1.163929
uce_chr1_15372_s.fasta,uce_chr1_15372_s.tre,1.160964
uce_chr1_15389_s.fasta,uce_chr1_15389_s.tre,1.127187
uce_chr1_15411_s.fasta,uce_chr1_15411_s.tre,1.205521
uce_chr1_15429_s.fasta,uce_chr1_15429_s.tre,1.361950
uce_chr1_15444_s.fasta,uce_chr1_15444_s.tre,1.087429
uce_chr1_15454_s.fasta,uce_chr1_15454_s.tre,1.128450
uce_chr1_15468_s.fasta,uce_chr1_15468_s.tre,1.158036
uce_chr1_15480_s.fasta,uce_chr1_15480_s.tre,1.155000
uce_chr1_15491_s.fasta,uce_chr1_15491_s.tre,1.244268
uce_chr1_15497_s.fasta,uce_chr1_15497_s.tre,1.111273
uce_chr1_15516_s.fasta,uce_chr1_15516_s.tre,1.033389
uce_chr1_15521_s.fasta,uce_chr1_15521_s.tre,1.074676
uce_chr1_15566_s.fasta,uce_chr1_15566_s.tre,1.375286
uce_chr1_15579_s.fasta,uce_chr1_15579_s.tre,1.016497
uce_chr1_155_s.fasta,uce_chr1_155_s.tre,1.318646
uce_chr1_15632_s.fasta,uce_chr1_15632_s.tre,1.164469
uce_chr1_16170_s.fasta,uce_chr1_16170_s.tre,1.441095
uce_chr1_16186_s.fasta,uce_chr1_16186_s.tre,1.119891
uce_chr1_16240_s.fasta,uce_chr1_16240_s.tre,1.127796
uce_chr1_16539_s.fasta,uce_chr1_16539_s.tre,1.077381
uce_chr1_16915_s.fasta,uce_chr1_16915_s.tre,1.050264
uce_chr1_18344_s.fasta,uce_chr1_18344_s.tre,1.101199
uce_chr1_18740_s.fasta,uce_chr1_18740_s.tre,1.273181
uce_chr1_18935_s.fasta,uce_chr1_18935_s.tre,1.242675
uce_chr1_19196_s.fasta,uce_chr1_19196_s.tre,1.110437
uce_chr1_191_s.fasta,uce_chr1_191_s.tre,1.137957
uce_chr1_19202_s.fasta,uce_chr1_19202_s.tre,1.105363
uce_chr1_19219_s.fasta,uce_chr1_19219_s.tre,1.122334
uce_chr1_19227_s.fasta,uce_chr1_19227_s.tre,1.158925
uce_chr1_19262_s.fasta,uce_chr1_19262_s.tre,1.144380
uce_chr1_20733_s.fasta,uce_chr1_20733_s.tre,1.224955
uce_chr1_20864_s.fasta,uce_chr1_20864_s.tre,1.178008
uce_chr1_20883_s.fasta,uce_chr1_20883_s.tre,1.118500
uce_chr1_21331_s.fasta,uce_chr1_21331_s.tre,1.243961
uce_chr1_21570_s.fasta,uce_chr1_21570_s.tre,1.374913
uce_chr1_21669_s.fasta,uce_chr1_21669_s.tre,1.143610
uce_chr1_21898_s.fasta,uce_chr1_21898_s.tre,1.092974
uce_chr1_22333_s.fasta,uce_chr1_22333_s.tre,1.126672
uce_chr1_22334_s.fasta,uce_chr1_22334_s.tre,1.239570
uce_chr1_22335_s.fasta,uce_chr1_22335_s.tre,1.215795
uce_chr1_22423_s.fasta,uce_chr1_22423_s.tre,1.279205
uce_chr1_22430_s.fasta,uce_chr1_22430_s.tre,1.205003
uce_chr1_22432_s.fasta,uce_chr1_22432_s.tre,1.211790
uce_chr1_22454_s.fasta,uce_chr1_22454_s.tre,1.161072
uce_chr1_22999_s.fasta,uce_chr1_22999_s.tre,1.181637
uce_chr1_23060_s.fasta,uce_chr1_23060_s.tre,1.247301
uce_chr1_23280_s.fasta,uce_chr1_23280_s.tre,1.073398
uce_chr1_235_s.fasta,uce_chr1_235_s.tre,1.219940
uce_chr1_23637_s.fasta,uce_chr1_23637_s.tre,1.129654
uce_chr1_23645_s.fasta,uce_chr1_23645_s.tre,1.203537
uce_chr1_238_s.fasta,uce_chr1_238_s.tre,1.268614
uce_chr1_23914_s.fasta,uce_chr1_23914_s.tre,1.217016
uce_chr1_24135_s.fasta,uce_chr1_24135_s.tre,1.293420
uce_chr1_241_s.fasta,uce_chr1_241_s.tre,1.213641
uce_chr1_24625_s.fasta,uce_chr1_24625_s.tre,1.071430
uce_chr1_24806_s.fasta,uce_chr1_24806_s.tre,1.294061
uce_chr1_24864_s.fasta,uce_chr1_24864_s.tre,1.379048
uce_chr1_24978_s.fasta,uce_chr1_24978_s.tre,1.500419
uce_chr1_25630_s.fasta,uce_chr1_25630_s.tre,1.182053
uce_chr1_25663_s.fasta,uce_chr1_25663_s.tre,1.065950
uce_chr1_25670_s.fasta,uce_chr1_25670_s.tre,1.203161
uce_chr1_25676_s.fasta,uce_chr1_25676_s.tre,1.298078
uce_chr1_25680_s.fasta,uce_chr1_25680_s.tre,1.080542
uce_chr1_25691_s.fasta,uce_chr1_25691_s.tre,1.162513
uce_chr1_25698_s.fasta,uce_chr1_25698_s.tre,1.333413
uce_chr1_25699_s.fasta,uce_chr1_25699_s.tre,1.188139
uce_chr1_257_s.fasta,uce_chr1_257_s.tre,1.393585
uce_chr1_25_s.fasta,uce_chr1_25_s.tre,1.254971
uce_chr1_26035_s.fasta,uce_chr1_26035_s.tre,1.172552
uce_chr1_26257_s.fasta,uce_chr1_26257_s.tre,1.042105
uce_chr1_26319_s.fasta,uce_chr1_26319_s.tre,1.217923
uce_chr1_26653_s.fasta,uce_chr1_26653_s.tre,1.190679
uce_chr1_2746_s.fasta,uce_chr1_2746_s.tre,1.188944
uce_chr1_27496_s.fasta,uce_chr1_27496_s.tre,1.085588
uce_chr1_27498_s.fasta,uce_chr1_27498_s.tre,1.240607
uce_chr1_27509_s.fasta,uce_chr1_27509_s.tre,1.059437
uce_chr1_27546_s.fasta,uce_chr1_27546_s.tre,1.054403
uce_chr1_27552_s.fasta,uce_chr1_27552_s.tre,1.096546
uce_chr1_27556_s.fasta,uce_chr1_27556_s.tre,0.982434
uce_chr1_27559_s.fasta,uce_chr1_27559_s.tre,1.357424
uce_chr1_27598_s.fasta,uce_chr1_27598_s.tre,1.028162
uce_chr1_27624_s.fasta,uce_chr1_27624_s.tre,1.068658
uce_chr1_27631_s.fasta,uce_chr1_27631_s.tre,1.195143
uce_chr1_27635_s.fasta,uce_chr1_27635_s.tre,1.100442
uce_chr1_27641_s.fasta,uce_chr1_27641_s.tre,1.109055
uce_chr1_28097_s.fasta,uce_chr1_28097_s.tre,1.033750
uce_chr1_28103_s.fasta,uce_chr1_28103_s.tre,1.083317
uce_chr1_28343_s.fasta,uce_chr1_28343_s.tre,1.144804
uce_chr1_28526_s.fasta,uce_chr1_28526_s.tre,1.137010
uce_chr1_28545_s.fasta,uce_chr1_28545_s.tre,1.186266
uce_chr1_28634_s.fasta,uce_chr1_28634_s.tre,1.064637
uce_chr1_28642_s.fasta,uce_chr1_28642_s.tre,1.225325
uce_chr1_28645_s.fasta,uce_chr1_28645_s.tre,1.153398
uce_chr1_28648_s.fasta,uce_chr1_28648_s.tre,1.118052
uce_chr1_28663_s.fasta,uce_chr1_28663_s.tre,1.054730
uce_chr1_28671_s.fasta,uce_chr1_28671_s.tre,1.065440
uce_chr1_28681_s.fasta,uce_chr1_28681_s.tre,0.980434
uce_chr1_28684_s.fasta,uce_chr1_28684_s.tre,1.104746
uce_chr1_28694_s.fasta,uce_chr1_28694_s.tre,1.153404
uce_chr1_28709_s.fasta,uce_chr1_28709_s.tre,1.036063
uce_chr1_28724_s.fasta,uce_chr1_28724_s.tre,1.118605
uce_chr1_28726_s.fasta,uce_chr1_28726_s.tre,1.185360
uce_chr1_28729_s.fasta,uce_chr1_28729_s.tre,1.128956
uce_chr1_28736_s.fasta,uce_chr1_28736_s.tre,1.174511
uce_chr1_28739_s.fasta,uce_chr1_28739_s.tre,1.445838
uce_chr1_28747_s.fasta,uce_chr1_28747_s.tre,1.161245
uce_chr1_28752_s.fasta,uce_chr1_28752_s.tre,1.160761
uce_chr1_28762_s.fasta,uce_chr1_28762_s.tre,1.111634
uce_chr1_28784_s.fasta,uce_chr1_28784_s.tre,1.089243
uce_chr1_28806_s.fasta,uce_chr1_28806_s.tre,1.134248
uce_chr1_28809_s.fasta,uce_chr1_28809_s.tre,1.222136
uce_chr1_28810_s.fasta,uce_chr1_28810_s.tre,1.158851
uce_chr1_28829_s.fasta,uce_chr1_28829_s.tre,1.025354
uce_chr1_28842_s.fasta,uce_chr1_28842_s.tre,1.070840
uce_chr1_28846_s.fasta,uce_chr1_28846_s.tre,1.070821
uce_chr1_28849_s.fasta,uce_chr1_28849_s.tre,1.135414
uce_chr1_28895_s.fasta,uce_chr1_28895_s.tre,1.041891
uce_chr1_292_s.fasta,uce_chr1_292_s.tre,1.177534
uce_chr1_2930_s.fasta,uce_chr1_2930_s.tre,1.178590
uce_chr1_29333_s.fasta,uce_chr1_29333_s.tre,1.120162
uce_chr1_29426_s.fasta,uce_chr1_29426_s.tre,1.224094
uce_chr1_2976_s.fasta,uce_chr1_2976_s.tre,1.105546
uce_chr1_29790_s.fasta,uce_chr1_29790_s.tre,1.291432
uce_chr1_2979_s.fasta,uce_chr1_2979_s.tre,1.121073
uce_chr1_29817_s.fasta,uce_chr1_29817_s.tre,1.164275
uce_chr1_29824_s.fasta,uce_chr1_29824_s.tre,1.057453
uce_chr1_29826_s.fasta,uce_chr1_29826_s.tre,1.090983
uce_chr1_29835_s.fasta,uce_chr1_29835_s.tre,1.110385
uce_chr1_29839_s.fasta,uce_chr1_29839_s.tre,1.144172
uce_chr1_29865_s.fasta,uce_chr1_29865_s.tre,1.258242
uce_chr1_29889_s.fasta,uce_chr1_29889_s.tre,1.054088
uce_chr1_2988_s.fasta,uce_chr1_2988_s.tre,1.128786
uce_chr1_29891_s.fasta,uce_chr1_29891_s.tre,1.139142
uce_chr1_29898_s.fasta,uce_chr1_29898_s.tre,1.178898
uce_chr1_29912_s.fasta,uce_chr1_29912_s.tre,1.231315
uce_chr1_29922_s.fasta,uce_chr1_29922_s.tre,1.069941
uce_chr1_29930_s.fasta,uce_chr1_29930_s.tre,1.124282
uce_chr1_29934_s.fasta,uce_chr1_29934_s.tre,1.155642
uce_chr1_29941_s.fasta,uce_chr1_29941_s.tre,1.196922
uce_chr1_30061_s.fasta,uce_chr1_30061_s.tre,1.282473
uce_chr1_30195_s.fasta,uce_chr1_30195_s.tre,1.173568
uce_chr1_30549_s.fasta,uce_chr1_30549_s.tre,1.224609
uce_chr1_30567_s.fasta,uce_chr1_30567_s.tre,1.091213
uce_chr1_30577_s.fasta,uce_chr1_30577_s.tre,1.136889
uce_chr1_30599_s.fasta,uce_chr1_30599_s.tre,1.170954
uce_chr1_305_s.fasta,uce_chr1_305_s.tre,1.238335
uce_chr1_30607_s.fasta,uce_chr1_30607_s.tre,1.112807
uce_chr1_30635_s.fasta,uce_chr1_30635_s.tre,1.150455
uce_chr1_30636_s.fasta,uce_chr1_30636_s.tre,1.154397
uce_chr1_30659_s.fasta,uce_chr1_30659_s.tre,1.157629
uce_chr1_306_s.fasta,uce_chr1_306_s.tre,1.074720
uce_chr1_31076_s.fasta,uce_chr1_31076_s.tre,1.032269
uce_chr1_31080_s.fasta,uce_chr1_31080_s.tre,1.164049
uce_chr1_31083_s.fasta,uce_chr1_31083_s.tre,1.150779
uce_chr1_31092_s.fasta,uce_chr1_31092_s.tre,1.102816
uce_chr1_31094_s.fasta,uce_chr1_31094_s.tre,1.100137
uce_chr1_31095_s.fasta,uce_chr1_31095_s.tre,1.021529
uce_chr1_31654_s.fasta,uce_chr1_31654_s.tre,1.077609
uce_chr1_31673_s.fasta,uce_chr1_31673_s.tre,1.130177
uce_chr1_31677_s.fasta,uce_chr1_31677_s.tre,1.271728
uce_chr1_31691_s.fasta,uce_chr1_31691_s.tre,1.090516
uce_chr1_31709_s.fasta,uce_chr1_31709_s.tre,1.089666
uce_chr1_31765_s.fasta,uce_chr1_31765_s.tre,1.067993
uce_chr1_31767_s.fasta,uce_chr1_31767_s.tre,1.021501
uce_chr1_31783_s.fasta,uce_chr1_31783_s.tre,1.045448
uce_chr1_31907_s.fasta,uce_chr1_31907_s.tre,1.171488
uce_chr1_32194_s.fasta,uce_chr1_32194_s.tre,1.115574
uce_chr1_32208_s.fasta,uce_chr1_32208_s.tre,1.083008
uce_chr1_32211_s.fasta,uce_chr1_32211_s.tre,1.189407
uce_chr1_32215_s.fasta,uce_chr1_32215_s.tre,1.184488
uce_chr1_32225_s.fasta,uce_chr1_32225_s.tre,1.198564
uce_chr1_32228_s.fasta,uce_chr1_32228_s.tre,1.132704
uce_chr1_32232_s.fasta,uce_chr1_32232_s.tre,1.158804
uce_chr1_32260_s.fasta,uce_chr1_32260_s.tre,1.060175
uce_chr1_32263_s.fasta,uce_chr1_32263_s.tre,1.180798
uce_chr1_32264_s.fasta,uce_chr1_32264_s.tre,1.078809
uce_chr1_32266_s.fasta,uce_chr1_32266_s.tre,1.129848
uce_chr1_32290_s.fasta,uce_chr1_32290_s.tre,1.206054
uce_chr1_32294_s.fasta,uce_chr1_32294_s.tre,1.312933
uce_chr1_32296_s.fasta,uce_chr1_32296_s.tre,1.077101
uce_chr1_32297_s.fasta,uce_chr1_32297_s.tre,1.086586
uce_chr1_32298_s.fasta,uce_chr1_32298_s.tre,1.121081
uce_chr1_32299_s.fasta,uce_chr1_32299_s.tre,1.105645
uce_chr1_322_s.fasta,uce_chr1_322_s.tre,1.123156
uce_chr1_32302_s.fasta,uce_chr1_32302_s.tre,1.057983
uce_chr1_32309_s.fasta,uce_chr1_32309_s.tre,1.081862
uce_chr1_32318_s.fasta,uce_chr1_32318_s.tre,1.205554
uce_chr1_32325_s.fasta,uce_chr1_32325_s.tre,1.071441
uce_chr1_32330_s.fasta,uce_chr1_32330_s.tre,1.159963
uce_chr1_32333_s.fasta,uce_chr1_32333_s.tre,1.104198
uce_chr1_32338_s.fasta,uce_chr1_32338_s.tre,1.132962
uce_chr1_32356_s.fasta,uce_chr1_32356_s.tre,1.223229
uce_chr1_32363_s.fasta,uce_chr1_32363_s.tre,1.190527
uce_chr1_32364_s.fasta,uce_chr1_32364_s.tre,1.118320
uce_chr1_32365_s.fasta,uce_chr1_32365_s.tre,1.107556
uce_chr1_32366_s.fasta,uce_chr1_32366_s.tre,1.171427
uce_chr1_32378_s.fasta,uce_chr1_32378_s.tre,1.064198
uce_chr1_32398_s.fasta,uce_chr1_32398_s.tre,1.237083
uce_chr1_32428_s.fasta,uce_chr1_32428_s.tre,1.439955
uce_chr1_32446_s.fasta,uce_chr1_32446_s.tre,1.093234
uce_chr1_32461_s.fasta,uce_chr1_32461_s.tre,1.123055
uce_chr1_32597_s.fasta,uce_chr1_32597_s.tre,1.069180
uce_chr1_32686_s.fasta,uce_chr1_32686_s.tre,1.064243
uce_chr1_327_s.fasta,uce_chr1_327_s.tre,1.077117
uce_chr1_33293_s.fasta,uce_chr1_33293_s.tre,1.144164
uce_chr1_33507_s.fasta,uce_chr1_33507_s.tre,1.201613
uce_chr1_33634_s.fasta,uce_chr1_33634_s.tre,1.091033
uce_chr1_33834_s.fasta,uce_chr1_33834_s.tre,1.093943
uce_chr1_33907_s.fasta,uce_chr1_33907_s.tre,1.210731
uce_chr1_34066_s.fasta,uce_chr1_34066_s.tre,1.148586
uce_chr1_34694_s.fasta,uce_chr1_34694_s.tre,1.126163
uce_chr1_3469_s.fasta,uce_chr1_3469_s.tre,1.209338
uce_chr1_34773_s.fasta,uce_chr1_34773_s.tre,1.200055
uce_chr1_34775_s.fasta,uce_chr1_34775_s.tre,1.063479
uce_chr1_34776_s.fasta,uce_chr1_34776_s.tre,1.049587
uce_chr1_35329_s.fasta,uce_chr1_35329_s.tre,1.164238
uce_chr1_35342_s.fasta,uce_chr1_35342_s.tre,1.222742
uce_chr1_35395_s.fasta,uce_chr1_35395_s.tre,1.112540
uce_chr1_35396_s.fasta,uce_chr1_35396_s.tre,1.170551
uce_chr1_35494_s.fasta,uce_chr1_35494_s.tre,1.189482
uce_chr1_36035_s.fasta,uce_chr1_36035_s.tre,1.160180
uce_chr1_36205_s.fasta,uce_chr1_36205_s.tre,1.074543
uce_chr1_36490_s.fasta,uce_chr1_36490_s.tre,1.060440
uce_chr1_367_s.fasta,uce_chr1_367_s.tre,1.334346
uce_chr1_3717_s.fasta,uce_chr1_3717_s.tre,1.135234
uce_chr1_37895_s.fasta,uce_chr1_37895_s.tre,1.073919
uce_chr1_37949_s.fasta,uce_chr1_37949_s.tre,1.018009
uce_chr1_3813_s.fasta,uce_chr1_3813_s.tre,1.474284
uce_chr1_382_s.fasta,uce_chr1_382_s.tre,1.158953
uce_chr1_38350_s.fasta,uce_chr1_38350_s.tre,1.132417
uce_chr1_3857_s.fasta,uce_chr1_3857_s.tre,1.231684
uce_chr1_403_s.fasta,uce_chr1_403_s.tre,1.218930
uce_chr1_404_s.fasta,uce_chr1_404_s.tre,1.318755
uce_chr1_413_s.fasta,uce_chr1_413_s.tre,1.109142
uce_chr1_419_s.fasta,uce_chr1_419_s.tre,1.066192
uce_chr1_4396_s.fasta,uce_chr1_4396_s.tre,1.033893
uce_chr1_448_s.fasta,uce_chr1_448_s.tre,1.164995
uce_chr1_454_s.fasta,uce_chr1_454_s.tre,1.188446
uce_chr1_455_s.fasta,uce_chr1_455_s.tre,1.192912
uce_chr1_458_s.fasta,uce_chr1_458_s.tre,1.067953
uce_chr1_461_s.fasta,uce_chr1_461_s.tre,1.054120
uce_chr1_462_s.fasta,uce_chr1_462_s.tre,1.122697
uce_chr1_467_s.fasta,uce_chr1_467_s.tre,1.092582
uce_chr1_4680_s.fasta,uce_chr1_4680_s.tre,1.104412
uce_chr1_468_s.fasta,uce_chr1_468_s.tre,1.286447
uce_chr1_4718_s.fasta,uce_chr1_4718_s.tre,1.130625
uce_chr1_475_s.fasta,uce_chr1_475_s.tre,1.078974
uce_chr1_478_s.fasta,uce_chr1_478_s.tre,1.086955
uce_chr1_484_s.fasta,uce_chr1_484_s.tre,1.220639
uce_chr1_514_s.fasta,uce_chr1_514_s.tre,1.286694
uce_chr1_521_s.fasta,uce_chr1_521_s.tre,1.058493
uce_chr1_524_s.fasta,uce_chr1_524_s.tre,1.236063
uce_chr1_5260_s.fasta,uce_chr1_5260_s.tre,1.095757
uce_chr1_5269_s.fasta,uce_chr1_5269_s.tre,1.023374
uce_chr1_5274_s.fasta,uce_chr1_5274_s.tre,1.038980
uce_chr1_5275_s.fasta,uce_chr1_5275_s.tre,1.147917
uce_chr1_5277_s.fasta,uce_chr1_5277_s.tre,1.115698
uce_chr1_5281_s.fasta,uce_chr1_5281_s.tre,0.999191
uce_chr1_5288_s.fasta,uce_chr1_5288_s.tre,1.121309
uce_chr1_5292_s.fasta,uce_chr1_5292_s.tre,1.024964
uce_chr1_5297_s.fasta,uce_chr1_5297_s.tre,1.049790
uce_chr1_52_s.fasta,uce_chr1_52_s.tre,1.252183
uce_chr1_5303_s.fasta,uce_chr1_5303_s.tre,1.112564
uce_chr1_5316_s.fasta,uce_chr1_5316_s.tre,1.138874
uce_chr1_5317_s.fasta,uce_chr1_5317_s.tre,1.138508
uce_chr1_5319_s.fasta,uce_chr1_5319_s.tre,1.086580
uce_chr1_5332_s.fasta,uce_chr1_5332_s.tre,1.080941
uce_chr1_5333_s.fasta,uce_chr1_5333_s.tre,1.107956
uce_chr1_5334_s.fasta,uce_chr1_5334_s.tre,1.183988
uce_chr1_5346_s.fasta,uce_chr1_5346_s.tre,1.090068
uce_chr1_5348_s.fasta,uce_chr1_5348_s.tre,1.099586
uce_chr1_5365_s.fasta,uce_chr1_5365_s.tre,1.190636
uce_chr1_5379_s.fasta,uce_chr1_5379_s.tre,1.086590
uce_chr1_5389_s.fasta,uce_chr1_5389_s.tre,1.075059
uce_chr1_539_s.fasta,uce_chr1_539_s.tre,1.056233
uce_chr1_5409_s.fasta,uce_chr1_5409_s.tre,1.253525
uce_chr1_5411_s.fasta,uce_chr1_5411_s.tre,1.194322
uce_chr1_5426_s.fasta,uce_chr1_5426_s.tre,1.125721
uce_chr1_5427_s.fasta,uce_chr1_5427_s.tre,1.027929
uce_chr1_5430_s.fasta,uce_chr1_5430_s.tre,1.014987
uce_chr1_5433_s.fasta,uce_chr1_5433_s.tre,1.054543
uce_chr1_5443_s.fasta,uce_chr1_5443_s.tre,1.036289
uce_chr1_5445_s.fasta,uce_chr1_5445_s.tre,1.180878
uce_chr1_5447_s.fasta,uce_chr1_5447_s.tre,1.059702
uce_chr1_5452_s.fasta,uce_chr1_5452_s.tre,1.157959
uce_chr1_5453_s.fasta,uce_chr1_5453_s.tre,1.139460
uce_chr1_545_s.fasta,uce_chr1_545_s.tre,1.169897
uce_chr1_5460_s.fasta,uce_chr1_5460_s.tre,1.245222
uce_chr1_5466_s.fasta,uce_chr1_5466_s.tre,1.100191
uce_chr1_5470_s.fasta,uce_chr1_5470_s.tre,1.107340
uce_chr1_5509_s.fasta,uce_chr1_5509_s.tre,1.149346
uce_chr1_5522_s.fasta,uce_chr1_5522_s.tre,1.016948
uce_chr1_5562_s.fasta,uce_chr1_5562_s.tre,1.010298
uce_chr1_570_s.fasta,uce_chr1_570_s.tre,1.370050
uce_chr1_589_s.fasta,uce_chr1_589_s.tre,1.209375
uce_chr1_6051_s.fasta,uce_chr1_6051_s.tre,1.121283
uce_chr1_6055_s.fasta,uce_chr1_6055_s.tre,1.117702
uce_chr1_607_s.fasta,uce_chr1_607_s.tre,1.290483
uce_chr1_60_s.fasta,uce_chr1_60_s.tre,1.178855
uce_chr1_626_s.fasta,uce_chr1_626_s.tre,1.182968
uce_chr1_630_s.fasta,uce_chr1_630_s.tre,1.099479
uce_chr1_631_s.fasta,uce_chr1_631_s.tre,1.348431
uce_chr1_6358_s.fasta,uce_chr1_6358_s.tre,1.158775
uce_chr1_639_s.fasta,uce_chr1_639_s.tre,1.079622
uce_chr1_6400_s.fasta,uce_chr1_6400_s.tre,1.041648
uce_chr1_641_s.fasta,uce_chr1_641_s.tre,1.055091
uce_chr1_655_s.fasta,uce_chr1_655_s.tre,1.252386
uce_chr1_659_s.fasta,uce_chr1_659_s.tre,1.131556
uce_chr1_667_s.fasta,uce_chr1_667_s.tre,1.225650
uce_chr1_674_s.fasta,uce_chr1_674_s.tre,1.144954
uce_chr1_678_s.fasta,uce_chr1_678_s.tre,1.037525
uce_chr1_6811_s.fasta,uce_chr1_6811_s.tre,1.119773
uce_chr1_682_s.fasta,uce_chr1_682_s.tre,1.083684
uce_chr1_689_s.fasta,uce_chr1_689_s.tre,1.122016
uce_chr1_68_s.fasta,uce_chr1_68_s.tre,1.137961
uce_chr1_691_s.fasta,uce_chr1_691_s.tre,1.224910
uce_chr1_7023_s.fasta,uce_chr1_7023_s.tre,1.122396
uce_chr1_704_s.fasta,uce_chr1_704_s.tre,1.057818
uce_chr1_7109_s.fasta,uce_chr1_7109_s.tre,1.214738
uce_chr1_7117_s.fasta,uce_chr1_7117_s.tre,1.078476
uce_chr1_713_s.fasta,uce_chr1_713_s.tre,1.048325
uce_chr1_7163_s.fasta,uce_chr1_7163_s.tre,1.080947
uce_chr1_717_s.fasta,uce_chr1_717_s.tre,1.119736
uce_chr1_730_s.fasta,uce_chr1_730_s.tre,1.070290
uce_chr1_732_s.fasta,uce_chr1_732_s.tre,1.050282
uce_chr1_735_s.fasta,uce_chr1_735_s.tre,1.166021
uce_chr1_740_s.fasta,uce_chr1_740_s.tre,1.066207
uce_chr1_743_s.fasta,uce_chr1_743_s.tre,1.116497
uce_chr1_757_s.fasta,uce_chr1_757_s.tre,1.019672
uce_chr1_761_s.fasta,uce_chr1_761_s.tre,0.993750
uce_chr1_7691_s.fasta,uce_chr1_7691_s.tre,1.131289
uce_chr1_7848_s.fasta,uce_chr1_7848_s.tre,1.065089
uce_chr1_7851_s.fasta,uce_chr1_7851_s.tre,1.129492
uce_chr1_790_s.fasta,uce_chr1_790_s.tre,1.153396
uce_chr1_796_s.fasta,uce_chr1_796_s.tre,1.208556
uce_chr1_797_s.fasta,uce_chr1_797_s.tre,1.162684
uce_chr1_803_s.fasta,uce_chr1_803_s.tre,1.031231
uce_chr1_806_s.fasta,uce_chr1_806_s.tre,1.029211
uce_chr1_807_s.fasta,uce_chr1_807_s.tre,1.307292
uce_chr1_809_s.fasta,uce_chr1_809_s.tre,1.215918
uce_chr1_815_s.fasta,uce_chr1_815_s.tre,1.117205
uce_chr1_81_s.fasta,uce_chr1_81_s.tre,1.176110
uce_chr1_8234_s.fasta,uce_chr1_8234_s.tre,1.251096
uce_chr1_823_s.fasta,uce_chr1_823_s.tre,1.172010
uce_chr1_826_s.fasta,uce_chr1_826_s.tre,1.140753
uce_chr1_82_s.fasta,uce_chr1_82_s.tre,1.270956
uce_chr1_8389_s.fasta,uce_chr1_8389_s.tre,1.132630
uce_chr1_840_s.fasta,uce_chr1_840_s.tre,1.114978
uce_chr1_8428_s.fasta,uce_chr1_8428_s.tre,1.146358
uce_chr1_846_s.fasta,uce_chr1_846_s.tre,1.154704
uce_chr1_8487_s.fasta,uce_chr1_8487_s.tre,1.060381
uce_chr1_850_s.fasta,uce_chr1_850_s.tre,1.035293
uce_chr1_854_s.fasta,uce_chr1_854_s.tre,1.178557
uce_chr1_863_s.fasta,uce_chr1_863_s.tre,1.100893
uce_chr1_8696_s.fasta,uce_chr1_8696_s.tre,1.113346
uce_chr1_8_s.fasta,uce_chr1_8_s.tre,1.234710
uce_chr1_910_s.fasta,uce_chr1_910_s.tre,1.137564
uce_chr1_954_s.fasta,uce_chr1_954_s.tre,1.546205
uce_chr1_9589_s.fasta,uce_chr1_9589_s.tre,1.129791
uce_chr1_96_s.fasta,uce_chr1_96_s.tre,1.239190
uce_chr1_994_s.fasta,uce_chr1_994_s.tre,1.070287
uce_chr1_996_s.fasta,uce_chr1_996_s.tre,1.262498
uce_chr20_1164_s.fasta,uce_chr20_1164_s.tre,1.240751
uce_chr20_1355_s.fasta,uce_chr20_1355_s.tre,1.333385
uce_chr20_1369_s.fasta,uce_chr20_1369_s.tre,1.261629
uce_chr20_1380_s.fasta,uce_chr20_1380_s.tre,1.175353
uce_chr20_1387_s.fasta,uce_chr20_1387_s.tre,1.283890
uce_chr20_1391_s.fasta,uce_chr20_1391_s.tre,1.280543
uce_chr20_1417_s.fasta,uce_chr20_1417_s.tre,1.179421
uce_chr20_1545_s.fasta,uce_chr20_1545_s.tre,1.242283
uce_chr20_1620_s.fasta,uce_chr20_1620_s.tre,1.116362
uce_chr20_1623_s.fasta,uce_chr20_1623_s.tre,1.080898
uce_chr20_1649_s.fasta,uce_chr20_1649_s.tre,1.105201
uce_chr20_1651_s.fasta,uce_chr20_1651_s.tre,1.313682
uce_chr20_1655_s.fasta,uce_chr20_1655_s.tre,1.395698
uce_chr20_1656_s.fasta,uce_chr20_1656_s.tre,1.231632
uce_chr20_1659_s.fasta,uce_chr20_1659_s.tre,1.193547
uce_chr20_1666_s.fasta,uce_chr20_1666_s.tre,1.195649
uce_chr20_1678_s.fasta,uce_chr20_1678_s.tre,1.196856
uce_chr20_2151_s.fasta,uce_chr20_2151_s.tre,1.161005
uce_chr20_253_s.fasta,uce_chr20_253_s.tre,1.161529
uce_chr20_2737_s.fasta,uce_chr20_2737_s.tre,1.193014
uce_chr20_2764_s.fasta,uce_chr20_2764_s.tre,1.126776
uce_chr20_2919_s.fasta,uce_chr20_2919_s.tre,1.181988
uce_chr20_309_s.fasta,uce_chr20_309_s.tre,1.258639
uce_chr20_3330_s.fasta,uce_chr20_3330_s.tre,1.227690
uce_chr20_3336_s.fasta,uce_chr20_3336_s.tre,1.240484
uce_chr20_3629_s.fasta,uce_chr20_3629_s.tre,1.173980
uce_chr20_4523_s.fasta,uce_chr20_4523_s.tre,1.118576
uce_chr20_4671_s.fasta,uce_chr20_4671_s.tre,1.593281
uce_chr20_4723_s.fasta,uce_chr20_4723_s.tre,1.025414
uce_chr20_473_s.fasta,uce_chr20_473_s.tre,1.227693
uce_chr20_4822_s.fasta,uce_chr20_4822_s.tre,1.153067
uce_chr20_4918_s.fasta,uce_chr20_4918_s.tre,1.216964
uce_chr20_5146_s.fasta,uce_chr20_5146_s.tre,1.128182
uce_chr20_5160_s.fasta,uce_chr20_5160_s.tre,1.174787
uce_chr20_5169_s.fasta,uce_chr20_5169_s.tre,1.206332
uce_chr20_5173_s.fasta,uce_chr20_5173_s.tre,1.108113
uce_chr20_5177_s.fasta,uce_chr20_5177_s.tre,1.097482
uce_chr20_5180_s.fasta,uce_chr20_5180_s.tre,1.355978
uce_chr20_5193_s.fasta,uce_chr20_5193_s.tre,1.294897
uce_chr20_5265_s.fasta,uce_chr20_5265_s.tre,1.043141
uce_chr20_5279_s.fasta,uce_chr20_5279_s.tre,1.356364
uce_chr20_5288_s.fasta,uce_chr20_5288_s.tre,1.455299
uce_chr20_5297_s.fasta,uce_chr20_5297_s.tre,1.146009
uce_chr20_5307_s.fasta,uce_chr20_5307_s.tre,1.080788
uce_chr20_5325_s.fasta,uce_chr20_5325_s.tre,1.039672
uce_chr20_5370_s.fasta,uce_chr20_5370_s.tre,1.186279
uce_chr20_8061_s.fasta,uce_chr20_8061_s.tre,1.025589
uce_chr20_8072_s.fasta,uce_chr20_8072_s.tre,1.045985
uce_chr20_8085_s.fasta,uce_chr20_8085_s.tre,1.166961
uce_chr20_8087_s.fasta,uce_chr20_8087_s.tre,1.151878
uce_chr20_8090_s.fasta,uce_chr20_8090_s.tre,1.228917
uce_chr20_810_s.fasta,uce_chr20_810_s.tre,1.489701
uce_chr20_8128_s.fasta,uce_chr20_8128_s.tre,1.158757
uce_chr20_8153_s.fasta,uce_chr20_8153_s.tre,1.153802
uce_chr20_8154_s.fasta,uce_chr20_8154_s.tre,1.112645
uce_chr20_8164_s.fasta,uce_chr20_8164_s.tre,1.192367
uce_chr20_8202_s.fasta,uce_chr20_8202_s.tre,1.181771
uce_chr20_8219_s.fasta,uce_chr20_8219_s.tre,1.251851
uce_chr20_821_s.fasta,uce_chr20_821_s.tre,1.100273
uce_chr20_8221_s.fasta,uce_chr20_8221_s.tre,1.197055
uce_chr20_8226_s.fasta,uce_chr20_8226_s.tre,1.130801
uce_chr20_8232_s.fasta,uce_chr20_8232_s.tre,1.194249
uce_chr20_8237_s.fasta,uce_chr20_8237_s.tre,1.050745
uce_chr20_8242_s.fasta,uce_chr20_8242_s.tre,1.145079
uce_chr20_8247_s.fasta,uce_chr20_8247_s.tre,1.171943
uce_chr21_1085_s.fasta,uce_chr21_1085_s.tre,1.358839
uce_chr21_1446_s.fasta,uce_chr21_1446_s.tre,1.210923
uce_chr21_1511_s.fasta,uce_chr21_1511_s.tre,1.197788
uce_chr21_1518_s.fasta,uce_chr21_1518_s.tre,1.145618
uce_chr21_1519_s.fasta,uce_chr21_1519_s.tre,1.225631
uce_chr21_1532_s.fasta,uce_chr21_1532_s.tre,1.494278
uce_chr21_1546_s.fasta,uce_chr21_1546_s.tre,1.345076
uce_chr21_1554_s.fasta,uce_chr21_1554_s.tre,1.296364
uce_chr21_1555_s.fasta,uce_chr21_1555_s.tre,1.220587
uce_chr21_1559_s.fasta,uce_chr21_1559_s.tre,1.071146
uce_chr21_1591_s.fasta,uce_chr21_1591_s.tre,1.290016
uce_chr21_1595_s.fasta,uce_chr21_1595_s.tre,1.108196
uce_chr21_1597_s.fasta,uce_chr21_1597_s.tre,1.150638
uce_chr21_1598_s.fasta,uce_chr21_1598_s.tre,1.157805
uce_chr21_1600_s.fasta,uce_chr21_1600_s.tre,1.112471
uce_chr21_1612_s.fasta,uce_chr21_1612_s.tre,1.132995
uce_chr21_479_s.fasta,uce_chr21_479_s.tre,1.118380
uce_chr21_8257_s.fasta,uce_chr21_8257_s.tre,1.266861
uce_chr21_8260_s.fasta,uce_chr21_8260_s.tre,1.039705
uce_chr21_8264_s.fasta,uce_chr21_8264_s.tre,1.118990
uce_chr21_8282_s.fasta,uce_chr21_8282_s.tre,1.160353
uce_chr21_8296_s.fasta,uce_chr21_8296_s.tre,1.115439
uce_chr21_8312_s.fasta,uce_chr21_8312_s.tre,1.164273
uce_chr22_1025_s.fasta,uce_chr22_1025_s.tre,1.281419
uce_chr22_1032_s.fasta,uce_chr22_1032_s.tre,1.287973
uce_chr22_189_s.fasta,uce_chr22_189_s.tre,1.190921
uce_chr22_202_s.fasta,uce_chr22_202_s.tre,1.098377
uce_chr22_204_s.fasta,uce_chr22_204_s.tre,1.173059
uce_chr22_640_s.fasta,uce_chr22_640_s.tre,1.179592
uce_chr22_809_s.fasta,uce_chr22_809_s.tre,1.103106
uce_chr22_811_s.fasta,uce_chr22_811_s.tre,1.237313
uce_chr22_815_s.fasta,uce_chr22_815_s.tre,1.343986
uce_chr22_819_s.fasta,uce_chr22_819_s.tre,1.196551
uce_chr22_824_s.fasta,uce_chr22_824_s.tre,1.238974
uce_chr22_8341_s.fasta,uce_chr22_8341_s.tre,1.379131
uce_chr22_8342_s.fasta,uce_chr22_8342_s.tre,1.158312
uce_chr22_8345_s.fasta,uce_chr22_8345_s.tre,1.277092
uce_chr22_8362_s.fasta,uce_chr22_8362_s.tre,1.210212
uce_chr22_8386_s.fasta,uce_chr22_8386_s.tre,1.038705
uce_chr22_8409_s.fasta,uce_chr22_8409_s.tre,1.160649
uce_chr22_8411_s.fasta,uce_chr22_8411_s.tre,1.182476
uce_chr22_8418_s.fasta,uce_chr22_8418_s.tre,1.274254
uce_chr22_855_s.fasta,uce_chr22_855_s.tre,1.194633
uce_chr23_1317_s.fasta,uce_chr23_1317_s.tre,1.333685
uce_chr23_249_s.fasta,uce_chr23_249_s.tre,1.288463
uce_chr23_415_s.fasta,uce_chr23_415_s.tre,1.139300
uce_chr23_681_s.fasta,uce_chr23_681_s.tre,1.186332
uce_chr24_1019_s.fasta,uce_chr24_1019_s.tre,1.248143
uce_chr24_1122_s.fasta,uce_chr24_1122_s.tre,1.474973
uce_chr24_1240_s.fasta,uce_chr24_1240_s.tre,1.221156
uce_chr24_1606_s.fasta,uce_chr24_1606_s.tre,1.358573
uce_chr24_2269_s.fasta,uce_chr24_2269_s.tre,1.232809
uce_chr24_854_s.fasta,uce_chr24_854_s.tre,1.453879
uce_chr24_938_s.fasta,uce_chr24_938_s.tre,1.489062
uce_chr24_967_s.fasta,uce_chr24_967_s.tre,1.489872
uce_chr26_2177_s.fasta,uce_chr26_2177_s.tre,1.141477
uce_chr26_2189_s.fasta,uce_chr26_2189_s.tre,1.075682
uce_chr26_2766_s.fasta,uce_chr26_2766_s.tre,1.202188
uce_chr26_2770_s.fasta,uce_chr26_2770_s.tre,1.267946
uce_chr2_10502_s.fasta,uce_chr2_10502_s.tre,1.233202
uce_chr2_10746_s.fasta,uce_chr2_10746_s.tre,1.192780
uce_chr2_10913_s.fasta,uce_chr2_10913_s.tre,1.286709
uce_chr2_11187_s.fasta,uce_chr2_11187_s.tre,1.192057
uce_chr2_11191_s.fasta,uce_chr2_11191_s.tre,1.602142
uce_chr2_11205_s.fasta,uce_chr2_11205_s.tre,1.180612
uce_chr2_11221_s.fasta,uce_chr2_11221_s.tre,1.221056
uce_chr2_11494_s.fasta,uce_chr2_11494_s.tre,1.065149
uce_chr2_11510_s.fasta,uce_chr2_11510_s.tre,1.183339
uce_chr2_11516_s.fasta,uce_chr2_11516_s.tre,1.215707
uce_chr2_11725_s.fasta,uce_chr2_11725_s.tre,1.026245
uce_chr2_11730_s.fasta,uce_chr2_11730_s.tre,1.128051
uce_chr2_11736_s.fasta,uce_chr2_11736_s.tre,1.030458
uce_chr2_11740_s.fasta,uce_chr2_11740_s.tre,1.121999
uce_chr2_11758_s.fasta,uce_chr2_11758_s.tre,1.221257
uce_chr2_11761_s.fasta,uce_chr2_11761_s.tre,1.071092
uce_chr2_11785_s.fasta,uce_chr2_11785_s.tre,1.339723
uce_chr2_11786_s.fasta,uce_chr2_11786_s.tre,1.051636
uce_chr2_11789_s.fasta,uce_chr2_11789_s.tre,1.070326
uce_chr2_11796_s.fasta,uce_chr2_11796_s.tre,1.186610
uce_chr2_11804_s.fasta,uce_chr2_11804_s.tre,1.230639
uce_chr2_11806_s.fasta,uce_chr2_11806_s.tre,1.209526
uce_chr2_11994_s.fasta,uce_chr2_11994_s.tre,1.214570
uce_chr2_11999_s.fasta,uce_chr2_11999_s.tre,1.267705
uce_chr2_12017_s.fasta,uce_chr2_12017_s.tre,1.172330
uce_chr2_12049_s.fasta,uce_chr2_12049_s.tre,1.011307
uce_chr2_12858_s.fasta,uce_chr2_12858_s.tre,1.189250
uce_chr2_12867_s.fasta,uce_chr2_12867_s.tre,1.138612
uce_chr2_12917_s.fasta,uce_chr2_12917_s.tre,1.038427
uce_chr2_12975_s.fasta,uce_chr2_12975_s.tre,1.199514
uce_chr2_12990_s.fasta,uce_chr2_12990_s.tre,1.089869
uce_chr2_12994_s.fasta,uce_chr2_12994_s.tre,1.214582
uce_chr2_13001_s.fasta,uce_chr2_13001_s.tre,1.160297
uce_chr2_13032_s.fasta,uce_chr2_13032_s.tre,1.282448
uce_chr2_13034_s.fasta,uce_chr2_13034_s.tre,1.123828
uce_chr2_13064_s.fasta,uce_chr2_13064_s.tre,1.161135
uce_chr2_13449_s.fasta,uce_chr2_13449_s.tre,1.318215
uce_chr2_13491_s.fasta,uce_chr2_13491_s.tre,1.111480
uce_chr2_13502_s.fasta,uce_chr2_13502_s.tre,1.159505
uce_chr2_13520_s.fasta,uce_chr2_13520_s.tre,1.232539
uce_chr2_13527_s.fasta,uce_chr2_13527_s.tre,1.085037
uce_chr2_13558_s.fasta,uce_chr2_13558_s.tre,1.110087
uce_chr2_13576_s.fasta,uce_chr2_13576_s.tre,1.309192
uce_chr2_13894_s.fasta,uce_chr2_13894_s.tre,1.222434
uce_chr2_13980_s.fasta,uce_chr2_13980_s.tre,1.477652
uce_chr2_14247_s.fasta,uce_chr2_14247_s.tre,1.169741
uce_chr2_14269_s.fasta,uce_chr2_14269_s.tre,1.054262
uce_chr2_14327_s.fasta,uce_chr2_14327_s.tre,1.070826
uce_chr2_14338_s.fasta,uce_chr2_14338_s.tre,1.175917
uce_chr2_14341_s.fasta,uce_chr2_14341_s.tre,1.092596
uce_chr2_1435_s.fasta,uce_chr2_1435_s.tre,1.010648
uce_chr2_14397_s.fasta,uce_chr2_14397_s.tre,1.115940
uce_chr2_14403_s.fasta,uce_chr2_14403_s.tre,1.204781
uce_chr2_14414_s.fasta,uce_chr2_14414_s.tre,1.113437
uce_chr2_14442_s.fasta,uce_chr2_14442_s.tre,1.165537
uce_chr2_14450_s.fasta,uce_chr2_14450_s.tre,1.028946
uce_chr2_14454_s.fasta,uce_chr2_14454_s.tre,1.210448
uce_chr2_14471_s.fasta,uce_chr2_14471_s.tre,1.187043
uce_chr2_1463_s.fasta,uce_chr2_1463_s.tre,1.194117
uce_chr2_14972_s.fasta,uce_chr2_14972_s.tre,1.189387
uce_chr2_14998_s.fasta,uce_chr2_14998_s.tre,1.179438
uce_chr2_15001_s.fasta,uce_chr2_15001_s.tre,1.256677
uce_chr2_15014_s.fasta,uce_chr2_15014_s.tre,1.340246
uce_chr2_1532_s.fasta,uce_chr2_1532_s.tre,1.122334
uce_chr2_16467_s.fasta,uce_chr2_16467_s.tre,1.133350
uce_chr2_1647_s.fasta,uce_chr2_1647_s.tre,1.156091
uce_chr2_16700_s.fasta,uce_chr2_16700_s.tre,1.128585
uce_chr2_17003_s.fasta,uce_chr2_17003_s.tre,1.126197
uce_chr2_17101_s.fasta,uce_chr2_17101_s.tre,1.185902
uce_chr2_1711_s.fasta,uce_chr2_1711_s.tre,1.183945
uce_chr2_17516_s.fasta,uce_chr2_17516_s.tre,1.147791
uce_chr2_17517_s.fasta,uce_chr2_17517_s.tre,1.207705
uce_chr2_17527_s.fasta,uce_chr2_17527_s.tre,1.085439
uce_chr2_17532_s.fasta,uce_chr2_17532_s.tre,1.386769
uce_chr2_17533_s.fasta,uce_chr2_17533_s.tre,1.159748
uce_chr2_17535_s.fasta,uce_chr2_17535_s.tre,1.086098
uce_chr2_17541_s.fasta,uce_chr2_17541_s.tre,1.062167
uce_chr2_17568_s.fasta,uce_chr2_17568_s.tre,1.277148
uce_chr2_17569_s.fasta,uce_chr2_17569_s.tre,1.182912
uce_chr2_17570_s.fasta,uce_chr2_17570_s.tre,1.145081
uce_chr2_17586_s.fasta,uce_chr2_17586_s.tre,1.205564
uce_chr2_17595_s.fasta,uce_chr2_17595_s.tre,1.082672
uce_chr2_17608_s.fasta,uce_chr2_17608_s.tre,1.143143
uce_chr2_17610_s.fasta,uce_chr2_17610_s.tre,1.141876
uce_chr2_17611_s.fasta,uce_chr2_17611_s.tre,1.203716
uce_chr2_17616_s.fasta,uce_chr2_17616_s.tre,1.239108
uce_chr2_17617_s.fasta,uce_chr2_17617_s.tre,1.113541
uce_chr2_17633_s.fasta,uce_chr2_17633_s.tre,1.232576
uce_chr2_17639_s.fasta,uce_chr2_17639_s.tre,1.011525
uce_chr2_17644_s.fasta,uce_chr2_17644_s.tre,1.006720
uce_chr2_17646_s.fasta,uce_chr2_17646_s.tre,1.153288
uce_chr2_17648_s.fasta,uce_chr2_17648_s.tre,1.214447
uce_chr2_17651_s.fasta,uce_chr2_17651_s.tre,1.200059
uce_chr2_17666_s.fasta,uce_chr2_17666_s.tre,1.092906
uce_chr2_17667_s.fasta,uce_chr2_17667_s.tre,1.069790
uce_chr2_17668_s.fasta,uce_chr2_17668_s.tre,1.182361
uce_chr2_17675_s.fasta,uce_chr2_17675_s.tre,1.069264
uce_chr2_17686_s.fasta,uce_chr2_17686_s.tre,1.228255
uce_chr2_17740_s.fasta,uce_chr2_17740_s.tre,1.167886
uce_chr2_17801_s.fasta,uce_chr2_17801_s.tre,1.110749
uce_chr2_17818_s.fasta,uce_chr2_17818_s.tre,1.125198
uce_chr2_17831_s.fasta,uce_chr2_17831_s.tre,1.090795
uce_chr2_18144_s.fasta,uce_chr2_18144_s.tre,1.069634
uce_chr2_18172_s.fasta,uce_chr2_18172_s.tre,1.119951
uce_chr2_18219_s.fasta,uce_chr2_18219_s.tre,1.209294
uce_chr2_18460_s.fasta,uce_chr2_18460_s.tre,1.129684
uce_chr2_18468_s.fasta,uce_chr2_18468_s.tre,1.076405
uce_chr2_18487_s.fasta,uce_chr2_18487_s.tre,1.143229
uce_chr2_18507_s.fasta,uce_chr2_18507_s.tre,1.070248
uce_chr2_18523_s.fasta,uce_chr2_18523_s.tre,1.160312
uce_chr2_18525_s.fasta,uce_chr2_18525_s.tre,1.045297
uce_chr2_18533_s.fasta,uce_chr2_18533_s.tre,0.978245
uce_chr2_18557_s.fasta,uce_chr2_18557_s.tre,1.150745
uce_chr2_18565_s.fasta,uce_chr2_18565_s.tre,1.210858
uce_chr2_18572_s.fasta,uce_chr2_18572_s.tre,1.047184
uce_chr2_18574_s.fasta,uce_chr2_18574_s.tre,1.102019
uce_chr2_18576_s.fasta,uce_chr2_18576_s.tre,1.054337
uce_chr2_18578_s.fasta,uce_chr2_18578_s.tre,1.174235
uce_chr2_18596_s.fasta,uce_chr2_18596_s.tre,1.058642
uce_chr2_18597_s.fasta,uce_chr2_18597_s.tre,1.061290
uce_chr2_18606_s.fasta,uce_chr2_18606_s.tre,1.161346
uce_chr2_18612_s.fasta,uce_chr2_18612_s.tre,1.062061
uce_chr2_18614_s.fasta,uce_chr2_18614_s.tre,1.018981
uce_chr2_18619_s.fasta,uce_chr2_18619_s.tre,1.042660
uce_chr2_18623_s.fasta,uce_chr2_18623_s.tre,1.048975
uce_chr2_18630_s.fasta,uce_chr2_18630_s.tre,1.172797
uce_chr2_18642_s.fasta,uce_chr2_18642_s.tre,1.473327
uce_chr2_18650_s.fasta,uce_chr2_18650_s.tre,0.995079
uce_chr2_18651_s.fasta,uce_chr2_18651_s.tre,1.096193
uce_chr2_18657_s.fasta,uce_chr2_18657_s.tre,1.155815
uce_chr2_18660_s.fasta,uce_chr2_18660_s.tre,1.089169
uce_chr2_18663_s.fasta,uce_chr2_18663_s.tre,1.194532
uce_chr2_18664_s.fasta,uce_chr2_18664_s.tre,1.165184
uce_chr2_18665_s.fasta,uce_chr2_18665_s.tre,1.072640
uce_chr2_18677_s.fasta,uce_chr2_18677_s.tre,1.167090
uce_chr2_18686_s.fasta,uce_chr2_18686_s.tre,1.144054
uce_chr2_18687_s.fasta,uce_chr2_18687_s.tre,1.204529
uce_chr2_18704_s.fasta,uce_chr2_18704_s.tre,1.168566
uce_chr2_18705_s.fasta,uce_chr2_18705_s.tre,1.094319
uce_chr2_18710_s.fasta,uce_chr2_18710_s.tre,1.334467
uce_chr2_18714_s.fasta,uce_chr2_18714_s.tre,1.129760
uce_chr2_18725_s.fasta,uce_chr2_18725_s.tre,1.067539
uce_chr2_18743_s.fasta,uce_chr2_18743_s.tre,1.169081
uce_chr2_18884_s.fasta,uce_chr2_18884_s.tre,1.162636
uce_chr2_19391_s.fasta,uce_chr2_19391_s.tre,1.258444
uce_chr2_19537_s.fasta,uce_chr2_19537_s.tre,1.173044
uce_chr2_20066_s.fasta,uce_chr2_20066_s.tre,1.193590
uce_chr2_20401_s.fasta,uce_chr2_20401_s.tre,1.079616
uce_chr2_20477_s.fasta,uce_chr2_20477_s.tre,1.152413
uce_chr2_2058_s.fasta,uce_chr2_2058_s.tre,1.445944
uce_chr2_21228_s.fasta,uce_chr2_21228_s.tre,1.103850
uce_chr2_21229_s.fasta,uce_chr2_21229_s.tre,1.071082
uce_chr2_21250_s.fasta,uce_chr2_21250_s.tre,1.047070
uce_chr2_21254_s.fasta,uce_chr2_21254_s.tre,1.061896
uce_chr2_21278_s.fasta,uce_chr2_21278_s.tre,1.034085
uce_chr2_21284_s.fasta,uce_chr2_21284_s.tre,1.089860
uce_chr2_21299_s.fasta,uce_chr2_21299_s.tre,1.068944
uce_chr2_21303_s.fasta,uce_chr2_21303_s.tre,1.059925
uce_chr2_21308_s.fasta,uce_chr2_21308_s.tre,1.202715
uce_chr2_21313_s.fasta,uce_chr2_21313_s.tre,1.129486
uce_chr2_21314_s.fasta,uce_chr2_21314_s.tre,1.085528
uce_chr2_21315_s.fasta,uce_chr2_21315_s.tre,1.083141
uce_chr2_21323_s.fasta,uce_chr2_21323_s.tre,1.184909
uce_chr2_21324_s.fasta,uce_chr2_21324_s.tre,1.061787
uce_chr2_21329_s.fasta,uce_chr2_21329_s.tre,1.083679
uce_chr2_21344_s.fasta,uce_chr2_21344_s.tre,1.114981
uce_chr2_21357_s.fasta,uce_chr2_21357_s.tre,1.036870
uce_chr2_21373_s.fasta,uce_chr2_21373_s.tre,1.176819
uce_chr2_21401_s.fasta,uce_chr2_21401_s.tre,1.158131
uce_chr2_21402_s.fasta,uce_chr2_21402_s.tre,0.993769
uce_chr2_21409_s.fasta,uce_chr2_21409_s.tre,1.096797
uce_chr2_21412_s.fasta,uce_chr2_21412_s.tre,1.073260
uce_chr2_21413_s.fasta,uce_chr2_21413_s.tre,1.138875
uce_chr2_21462_s.fasta,uce_chr2_21462_s.tre,1.208388
uce_chr2_21504_s.fasta,uce_chr2_21504_s.tre,1.102793
uce_chr2_21507_s.fasta,uce_chr2_21507_s.tre,1.329620
uce_chr2_21988_s.fasta,uce_chr2_21988_s.tre,1.192542
uce_chr2_22038_s.fasta,uce_chr2_22038_s.tre,1.250374
uce_chr2_22052_s.fasta,uce_chr2_22052_s.tre,1.097396
uce_chr2_22053_s.fasta,uce_chr2_22053_s.tre,1.051136
uce_chr2_22059_s.fasta,uce_chr2_22059_s.tre,1.063970
uce_chr2_22061_s.fasta,uce_chr2_22061_s.tre,1.069893
uce_chr2_22071_s.fasta,uce_chr2_22071_s.tre,1.328449
uce_chr2_22078_s.fasta,uce_chr2_22078_s.tre,1.276152
uce_chr2_22109_s.fasta,uce_chr2_22109_s.tre,1.042812
uce_chr2_22128_s.fasta,uce_chr2_22128_s.tre,1.078518
uce_chr2_22177_s.fasta,uce_chr2_22177_s.tre,1.517718
uce_chr2_2239_s.fasta,uce_chr2_2239_s.tre,1.136278
uce_chr2_22616_s.fasta,uce_chr2_22616_s.tre,1.154753
uce_chr2_22622_s.fasta,uce_chr2_22622_s.tre,1.186614
uce_chr2_22625_s.fasta,uce_chr2_22625_s.tre,1.217787
uce_chr2_22628_s.fasta,uce_chr2_22628_s.tre,1.077130
uce_chr2_22630_s.fasta,uce_chr2_22630_s.tre,0.980656
uce_chr2_22634_s.fasta,uce_chr2_22634_s.tre,1.094881
uce_chr2_2279_s.fasta,uce_chr2_2279_s.tre,1.130477
uce_chr2_2290_s.fasta,uce_chr2_2290_s.tre,1.147473
uce_chr2_23088_s.fasta,uce_chr2_23088_s.tre,1.139133
uce_chr2_23106_s.fasta,uce_chr2_23106_s.tre,1.039001
uce_chr2_23113_s.fasta,uce_chr2_23113_s.tre,1.073088
uce_chr2_23133_s.fasta,uce_chr2_23133_s.tre,1.048794
uce_chr2_23138_s.fasta,uce_chr2_23138_s.tre,1.019874
uce_chr2_23149_s.fasta,uce_chr2_23149_s.tre,1.029321
uce_chr2_23151_s.fasta,uce_chr2_23151_s.tre,1.037908
uce_chr2_23160_s.fasta,uce_chr2_23160_s.tre,1.074639
uce_chr2_23166_s.fasta,uce_chr2_23166_s.tre,1.290217
uce_chr2_2316_s.fasta,uce_chr2_2316_s.tre,1.171117
uce_chr2_23175_s.fasta,uce_chr2_23175_s.tre,1.043594
uce_chr2_23221_s.fasta,uce_chr2_23221_s.tre,1.224748
uce_chr2_23548_s.fasta,uce_chr2_23548_s.tre,1.031964
uce_chr2_23589_s.fasta,uce_chr2_23589_s.tre,1.084339
uce_chr2_23595_s.fasta,uce_chr2_23595_s.tre,1.025187
uce_chr2_23606_s.fasta,uce_chr2_23606_s.tre,1.037625
uce_chr2_23608_s.fasta,uce_chr2_23608_s.tre,1.106007
uce_chr2_23621_s.fasta,uce_chr2_23621_s.tre,1.011414
uce_chr2_23644_s.fasta,uce_chr2_23644_s.tre,1.204426
uce_chr2_23648_s.fasta,uce_chr2_23648_s.tre,1.226607
uce_chr2_23651_s.fasta,uce_chr2_23651_s.tre,1.243055
uce_chr2_23659_s.fasta,uce_chr2_23659_s.tre,1.126459
uce_chr2_24173_s.fasta,uce_chr2_24173_s.tre,1.099008
uce_chr2_24251_s.fasta,uce_chr2_24251_s.tre,1.085490
uce_chr2_24289_s.fasta,uce_chr2_24289_s.tre,1.056149
uce_chr2_24327_s.fasta,uce_chr2_24327_s.tre,1.037877
uce_chr2_24329_s.fasta,uce_chr2_24329_s.tre,1.084467
uce_chr2_2439_s.fasta,uce_chr2_2439_s.tre,1.179341
uce_chr2_24672_s.fasta,uce_chr2_24672_s.tre,1.185862
uce_chr2_24684_s.fasta,uce_chr2_24684_s.tre,1.197450
uce_chr2_24687_s.fasta,uce_chr2_24687_s.tre,1.081125
uce_chr2_24695_s.fasta,uce_chr2_24695_s.tre,1.115168
uce_chr2_24698_s.fasta,uce_chr2_24698_s.tre,1.082119
uce_chr2_24704_s.fasta,uce_chr2_24704_s.tre,1.128556
uce_chr2_24714_s.fasta,uce_chr2_24714_s.tre,0.994399
uce_chr2_24728_s.fasta,uce_chr2_24728_s.tre,1.102826
uce_chr2_24734_s.fasta,uce_chr2_24734_s.tre,1.206810
uce_chr2_24737_s.fasta,uce_chr2_24737_s.tre,1.136442
uce_chr2_24739_s.fasta,uce_chr2_24739_s.tre,1.082399
uce_chr2_24761_s.fasta,uce_chr2_24761_s.tre,1.103706
uce_chr2_24766_s.fasta,uce_chr2_24766_s.tre,1.102109
uce_chr2_24773_s.fasta,uce_chr2_24773_s.tre,1.111380
uce_chr2_24774_s.fasta,uce_chr2_24774_s.tre,1.081141
uce_chr2_24800_s.fasta,uce_chr2_24800_s.tre,1.070219
uce_chr2_24807_s.fasta,uce_chr2_24807_s.tre,1.051802
uce_chr2_24808_s.fasta,uce_chr2_24808_s.tre,1.139124
uce_chr2_24813_s.fasta,uce_chr2_24813_s.tre,1.072666
uce_chr2_24815_s.fasta,uce_chr2_24815_s.tre,1.187981
uce_chr2_24821_s.fasta,uce_chr2_24821_s.tre,1.048284
uce_chr2_24823_s.fasta,uce_chr2_24823_s.tre,1.173736
uce_chr2_24827_s.fasta,uce_chr2_24827_s.tre,1.052166
uce_chr2_24830_s.fasta,uce_chr2_24830_s.tre,1.186144
uce_chr2_24832_s.fasta,uce_chr2_24832_s.tre,1.125353
uce_chr2_24859_s.fasta,uce_chr2_24859_s.tre,1.227437
uce_chr2_24876_s.fasta,uce_chr2_24876_s.tre,1.153963
uce_chr2_24881_s.fasta,uce_chr2_24881_s.tre,1.163026
uce_chr2_24910_s.fasta,uce_chr2_24910_s.tre,1.128535
uce_chr2_24941_s.fasta,uce_chr2_24941_s.tre,1.167688
uce_chr2_24947_s.fasta,uce_chr2_24947_s.tre,1.117857
uce_chr2_24948_s.fasta,uce_chr2_24948_s.tre,1.056019
uce_chr2_25029_s.fasta,uce_chr2_25029_s.tre,1.079600
uce_chr2_25040_s.fasta,uce_chr2_25040_s.tre,1.208990
uce_chr2_25261_s.fasta,uce_chr2_25261_s.tre,1.152596
uce_chr2_25752_s.fasta,uce_chr2_25752_s.tre,1.129874
uce_chr2_25792_s.fasta,uce_chr2_25792_s.tre,1.257892
uce_chr2_25806_s.fasta,uce_chr2_25806_s.tre,1.166277
uce_chr2_25807_s.fasta,uce_chr2_25807_s.tre,1.043359
uce_chr2_25808_s.fasta,uce_chr2_25808_s.tre,1.205149
uce_chr2_25816_s.fasta,uce_chr2_25816_s.tre,1.135509
uce_chr2_25851_s.fasta,uce_chr2_25851_s.tre,1.060784
uce_chr2_25860_s.fasta,uce_chr2_25860_s.tre,1.143706
uce_chr2_25863_s.fasta,uce_chr2_25863_s.tre,1.069169
uce_chr2_25941_s.fasta,uce_chr2_25941_s.tre,1.283748
uce_chr2_25963_s.fasta,uce_chr2_25963_s.tre,1.006848
uce_chr2_25984_s.fasta,uce_chr2_25984_s.tre,1.002885
uce_chr2_26001_s.fasta,uce_chr2_26001_s.tre,1.127887
uce_chr2_26088_s.fasta,uce_chr2_26088_s.tre,1.169199
uce_chr2_2633_s.fasta,uce_chr2_2633_s.tre,1.141232
uce_chr2_2642_s.fasta,uce_chr2_2642_s.tre,1.116886
uce_chr2_26525_s.fasta,uce_chr2_26525_s.tre,1.084547
uce_chr2_26639_s.fasta,uce_chr2_26639_s.tre,1.094842
uce_chr2_26677_s.fasta,uce_chr2_26677_s.tre,1.050039
uce_chr2_26684_s.fasta,uce_chr2_26684_s.tre,1.074253
uce_chr2_26696_s.fasta,uce_chr2_26696_s.tre,1.078511
uce_chr2_2680_s.fasta,uce_chr2_2680_s.tre,1.179580
uce_chr2_26954_s.fasta,uce_chr2_26954_s.tre,1.129683
uce_chr2_26963_s.fasta,uce_chr2_26963_s.tre,1.224198
uce_chr2_27163_s.fasta,uce_chr2_27163_s.tre,1.123142
uce_chr2_27189_s.fasta,uce_chr2_27189_s.tre,1.040810
uce_chr2_27219_s.fasta,uce_chr2_27219_s.tre,1.032171
uce_chr2_27234_s.fasta,uce_chr2_27234_s.tre,1.131690
uce_chr2_27239_s.fasta,uce_chr2_27239_s.tre,1.141922
uce_chr2_27241_s.fasta,uce_chr2_27241_s.tre,1.202686
uce_chr2_27246_s.fasta,uce_chr2_27246_s.tre,1.191507
uce_chr2_27261_s.fasta,uce_chr2_27261_s.tre,1.097257
uce_chr2_27270_s.fasta,uce_chr2_27270_s.tre,1.151807
uce_chr2_27281_s.fasta,uce_chr2_27281_s.tre,1.153369
uce_chr2_27294_s.fasta,uce_chr2_27294_s.tre,1.313666
uce_chr2_27301_s.fasta,uce_chr2_27301_s.tre,1.114070
uce_chr2_27306_s.fasta,uce_chr2_27306_s.tre,1.130055
uce_chr2_27308_s.fasta,uce_chr2_27308_s.tre,1.104178
uce_chr2_27311_s.fasta,uce_chr2_27311_s.tre,1.383201
uce_chr2_27313_s.fasta,uce_chr2_27313_s.tre,1.153956
uce_chr2_27316_s.fasta,uce_chr2_27316_s.tre,1.240306
uce_chr2_27318_s.fasta,uce_chr2_27318_s.tre,1.060939
uce_chr2_27321_s.fasta,uce_chr2_27321_s.tre,1.154220
uce_chr2_27741_s.fasta,uce_chr2_27741_s.tre,1.211256
uce_chr2_2784_s.fasta,uce_chr2_2784_s.tre,1.145602
uce_chr2_27866_s.fasta,uce_chr2_27866_s.tre,1.214774
uce_chr2_27883_s.fasta,uce_chr2_27883_s.tre,1.058961
uce_chr2_27891_s.fasta,uce_chr2_27891_s.tre,1.116087
uce_chr2_2794_s.fasta,uce_chr2_2794_s.tre,1.085291
uce_chr2_28059_s.fasta,uce_chr2_28059_s.tre,1.148668
uce_chr2_2807_s.fasta,uce_chr2_2807_s.tre,1.043486
uce_chr2_28852_s.fasta,uce_chr2_28852_s.tre,1.160143
uce_chr2_28972_s.fasta,uce_chr2_28972_s.tre,1.395193
uce_chr2_29129_s.fasta,uce_chr2_29129_s.tre,1.593323
uce_chr2_29406_s.fasta,uce_chr2_29406_s.tre,1.077711
uce_chr2_3120_s.fasta,uce_chr2_3120_s.tre,1.078372
uce_chr2_3312_s.fasta,uce_chr2_3312_s.tre,1.283407
uce_chr2_4100_s.fasta,uce_chr2_4100_s.tre,1.240220
uce_chr2_4153_s.fasta,uce_chr2_4153_s.tre,1.132092
uce_chr2_4233_s.fasta,uce_chr2_4233_s.tre,1.114749
uce_chr2_4251_s.fasta,uce_chr2_4251_s.tre,1.270125
uce_chr2_4278_s.fasta,uce_chr2_4278_s.tre,1.050394
uce_chr2_4420_s.fasta,uce_chr2_4420_s.tre,1.376252
uce_chr2_519_s.fasta,uce_chr2_519_s.tre,1.139706
uce_chr2_5486_s.fasta,uce_chr2_5486_s.tre,1.149955
uce_chr2_5491_s.fasta,uce_chr2_5491_s.tre,1.088404
uce_chr2_5758_s.fasta,uce_chr2_5758_s.tre,1.251170
uce_chr2_5991_s.fasta,uce_chr2_5991_s.tre,1.165059
uce_chr2_6100_s.fasta,uce_chr2_6100_s.tre,1.256355
uce_chr2_6113_s.fasta,uce_chr2_6113_s.tre,1.193080
uce_chr2_6290_s.fasta,uce_chr2_6290_s.tre,1.044808
uce_chr2_6341_s.fasta,uce_chr2_6341_s.tre,1.120868
uce_chr2_6420_s.fasta,uce_chr2_6420_s.tre,1.203330
uce_chr2_6425_s.fasta,uce_chr2_6425_s.tre,1.066494
uce_chr2_6430_s.fasta,uce_chr2_6430_s.tre,1.073530
uce_chr2_6457_s.fasta,uce_chr2_6457_s.tre,1.189162
uce_chr2_6458_s.fasta,uce_chr2_6458_s.tre,1.201487
uce_chr2_6459_s.fasta,uce_chr2_6459_s.tre,1.145117
uce_chr2_6466_s.fasta,uce_chr2_6466_s.tre,1.135497
uce_chr2_6474_s.fasta,uce_chr2_6474_s.tre,1.067056
uce_chr2_6483_s.fasta,uce_chr2_6483_s.tre,1.293161
uce_chr2_6495_s.fasta,uce_chr2_6495_s.tre,1.026303
uce_chr2_6530_s.fasta,uce_chr2_6530_s.tre,1.238031
uce_chr2_6546_s.fasta,uce_chr2_6546_s.tre,1.148620
uce_chr2_6565_s.fasta,uce_chr2_6565_s.tre,1.071520
uce_chr2_6572_s.fasta,uce_chr2_6572_s.tre,1.090804
uce_chr2_6575_s.fasta,uce_chr2_6575_s.tre,1.131724
uce_chr2_6582_s.fasta,uce_chr2_6582_s.tre,1.151315
uce_chr2_6587_s.fasta,uce_chr2_6587_s.tre,1.116828
uce_chr2_6595_s.fasta,uce_chr2_6595_s.tre,1.081497
uce_chr2_6596_s.fasta,uce_chr2_6596_s.tre,1.037568
uce_chr2_6599_s.fasta,uce_chr2_6599_s.tre,1.157051
uce_chr2_6602_s.fasta,uce_chr2_6602_s.tre,1.208155
uce_chr2_6603_s.fasta,uce_chr2_6603_s.tre,1.032834
uce_chr2_6608_s.fasta,uce_chr2_6608_s.tre,1.016658
uce_chr2_6621_s.fasta,uce_chr2_6621_s.tre,1.198408
uce_chr2_6623_s.fasta,uce_chr2_6623_s.tre,1.084312
uce_chr2_6624_s.fasta,uce_chr2_6624_s.tre,1.142744
uce_chr2_6633_s.fasta,uce_chr2_6633_s.tre,1.363551
uce_chr2_6647_s.fasta,uce_chr2_6647_s.tre,1.044589
uce_chr2_6648_s.fasta,uce_chr2_6648_s.tre,1.185297
uce_chr2_6656_s.fasta,uce_chr2_6656_s.tre,1.104110
uce_chr2_6658_s.fasta,uce_chr2_6658_s.tre,1.197960
uce_chr2_6660_s.fasta,uce_chr2_6660_s.tre,1.138837
uce_chr2_6665_s.fasta,uce_chr2_6665_s.tre,1.071796
uce_chr2_6670_s.fasta,uce_chr2_6670_s.tre,1.347363
uce_chr2_6673_s.fasta,uce_chr2_6673_s.tre,1.162570
uce_chr2_6675_s.fasta,uce_chr2_6675_s.tre,1.398563
uce_chr2_6687_s.fasta,uce_chr2_6687_s.tre,1.207315
uce_chr2_6693_s.fasta,uce_chr2_6693_s.tre,1.284330
uce_chr2_6694_s.fasta,uce_chr2_6694_s.tre,1.212973
uce_chr2_6697_s.fasta,uce_chr2_6697_s.tre,1.255879
uce_chr2_6702_s.fasta,uce_chr2_6702_s.tre,1.069557
uce_chr2_6705_s.fasta,uce_chr2_6705_s.tre,1.238113
uce_chr2_6706_s.fasta,uce_chr2_6706_s.tre,1.268595
uce_chr2_6712_s.fasta,uce_chr2_6712_s.tre,1.332903
uce_chr2_6715_s.fasta,uce_chr2_6715_s.tre,1.130789
uce_chr2_6716_s.fasta,uce_chr2_6716_s.tre,1.110276
uce_chr2_6717_s.fasta,uce_chr2_6717_s.tre,1.152537
uce_chr2_6725_s.fasta,uce_chr2_6725_s.tre,1.147597
uce_chr2_6730_s.fasta,uce_chr2_6730_s.tre,1.135354
uce_chr2_6734_s.fasta,uce_chr2_6734_s.tre,1.331902
uce_chr2_6753_s.fasta,uce_chr2_6753_s.tre,1.231199
uce_chr2_6757_s.fasta,uce_chr2_6757_s.tre,1.471699
uce_chr2_6763_s.fasta,uce_chr2_6763_s.tre,1.235521
uce_chr2_6768_s.fasta,uce_chr2_6768_s.tre,1.220893
uce_chr2_6769_s.fasta,uce_chr2_6769_s.tre,1.135585
uce_chr2_6775_s.fasta,uce_chr2_6775_s.tre,1.038311
uce_chr2_6777_s.fasta,uce_chr2_6777_s.tre,1.138538
uce_chr2_6779_s.fasta,uce_chr2_6779_s.tre,1.251479
uce_chr2_6785_s.fasta,uce_chr2_6785_s.tre,1.255210
uce_chr2_6787_s.fasta,uce_chr2_6787_s.tre,1.378600
uce_chr2_6789_s.fasta,uce_chr2_6789_s.tre,1.088506
uce_chr2_6792_s.fasta,uce_chr2_6792_s.tre,1.172535
uce_chr2_6800_s.fasta,uce_chr2_6800_s.tre,1.121185
uce_chr2_6819_s.fasta,uce_chr2_6819_s.tre,1.189136
uce_chr2_6821_s.fasta,uce_chr2_6821_s.tre,1.238365
uce_chr2_6828_s.fasta,uce_chr2_6828_s.tre,0.982370
uce_chr2_6855_s.fasta,uce_chr2_6855_s.tre,1.162155
uce_chr2_6861_s.fasta,uce_chr2_6861_s.tre,1.100766
uce_chr2_6863_s.fasta,uce_chr2_6863_s.tre,1.234925
uce_chr2_6879_s.fasta,uce_chr2_6879_s.tre,1.188092
uce_chr2_6886_s.fasta,uce_chr2_6886_s.tre,1.250036
uce_chr2_6895_s.fasta,uce_chr2_6895_s.tre,1.148311
uce_chr2_6906_s.fasta,uce_chr2_6906_s.tre,1.066548
uce_chr2_6909_s.fasta,uce_chr2_6909_s.tre,1.085008
uce_chr2_6914_s.fasta,uce_chr2_6914_s.tre,1.129588
uce_chr2_6918_s.fasta,uce_chr2_6918_s.tre,1.151181
uce_chr2_6922_s.fasta,uce_chr2_6922_s.tre,1.088897
uce_chr2_6926_s.fasta,uce_chr2_6926_s.tre,1.181593
uce_chr2_6928_s.fasta,uce_chr2_6928_s.tre,1.504817
uce_chr2_6929_s.fasta,uce_chr2_6929_s.tre,1.268013
uce_chr2_6932_s.fasta,uce_chr2_6932_s.tre,1.354369
uce_chr2_6935_s.fasta,uce_chr2_6935_s.tre,1.087408
uce_chr2_6938_s.fasta,uce_chr2_6938_s.tre,1.135921
uce_chr2_6946_s.fasta,uce_chr2_6946_s.tre,1.071384
uce_chr2_6953_s.fasta,uce_chr2_6953_s.tre,1.021295
uce_chr2_6958_s.fasta,uce_chr2_6958_s.tre,1.248070
uce_chr2_6978_s.fasta,uce_chr2_6978_s.tre,1.250101
uce_chr2_7033_s.fasta,uce_chr2_7033_s.tre,1.041462
uce_chr2_7039_s.fasta,uce_chr2_7039_s.tre,1.239499
uce_chr2_7044_s.fasta,uce_chr2_7044_s.tre,1.001192
uce_chr2_7049_s.fasta,uce_chr2_7049_s.tre,1.075033
uce_chr2_7052_s.fasta,uce_chr2_7052_s.tre,1.033262
uce_chr2_7060_s.fasta,uce_chr2_7060_s.tre,0.991458
uce_chr2_7062_s.fasta,uce_chr2_7062_s.tre,1.054387
uce_chr2_7064_s.fasta,uce_chr2_7064_s.tre,1.125418
uce_chr2_7085_s.fasta,uce_chr2_7085_s.tre,1.043072
uce_chr2_7087_s.fasta,uce_chr2_7087_s.tre,1.022755
uce_chr2_7091_s.fasta,uce_chr2_7091_s.tre,1.252162
uce_chr2_7094_s.fasta,uce_chr2_7094_s.tre,1.187442
uce_chr2_7098_s.fasta,uce_chr2_7098_s.tre,1.118041
uce_chr2_7102_s.fasta,uce_chr2_7102_s.tre,1.058652
uce_chr2_7108_s.fasta,uce_chr2_7108_s.tre,1.081779
uce_chr2_7117_s.fasta,uce_chr2_7117_s.tre,1.065446
uce_chr2_7124_s.fasta,uce_chr2_7124_s.tre,1.142919
uce_chr2_7128_s.fasta,uce_chr2_7128_s.tre,1.299118
uce_chr2_7130_s.fasta,uce_chr2_7130_s.tre,1.122813
uce_chr2_7142_s.fasta,uce_chr2_7142_s.tre,1.192654
uce_chr2_7144_s.fasta,uce_chr2_7144_s.tre,1.119562
uce_chr2_7146_s.fasta,uce_chr2_7146_s.tre,1.243993
uce_chr2_7148_s.fasta,uce_chr2_7148_s.tre,1.150307
uce_chr2_7153_s.fasta,uce_chr2_7153_s.tre,1.145395
uce_chr2_7173_s.fasta,uce_chr2_7173_s.tre,1.266539
uce_chr2_7176_s.fasta,uce_chr2_7176_s.tre,1.318825
uce_chr2_7184_s.fasta,uce_chr2_7184_s.tre,1.250515
uce_chr2_7189_s.fasta,uce_chr2_7189_s.tre,1.079279
uce_chr2_7192_s.fasta,uce_chr2_7192_s.tre,1.247802
uce_chr2_7207_s.fasta,uce_chr2_7207_s.tre,1.170197
uce_chr2_7215_s.fasta,uce_chr2_7215_s.tre,1.147699
uce_chr2_7217_s.fasta,uce_chr2_7217_s.tre,1.240324
uce_chr2_7228_s.fasta,uce_chr2_7228_s.tre,1.223334
uce_chr2_7233_s.fasta,uce_chr2_7233_s.tre,1.077253
uce_chr2_7245_s.fasta,uce_chr2_7245_s.tre,1.130056
uce_chr2_7246_s.fasta,uce_chr2_7246_s.tre,1.169086
uce_chr2_7249_s.fasta,uce_chr2_7249_s.tre,1.119332
uce_chr2_7263_s.fasta,uce_chr2_7263_s.tre,1.213195
uce_chr2_7271_s.fasta,uce_chr2_7271_s.tre,1.101807
uce_chr2_7274_s.fasta,uce_chr2_7274_s.tre,1.101877
uce_chr2_7286_s.fasta,uce_chr2_7286_s.tre,1.293278
uce_chr2_7300_s.fasta,uce_chr2_7300_s.tre,1.225579
uce_chr2_7303_s.fasta,uce_chr2_7303_s.tre,1.132163
uce_chr2_7304_s.fasta,uce_chr2_7304_s.tre,1.161469
uce_chr2_7307_s.fasta,uce_chr2_7307_s.tre,1.234549
uce_chr2_7315_s.fasta,uce_chr2_7315_s.tre,1.101048
uce_chr2_7321_s.fasta,uce_chr2_7321_s.tre,1.243197
uce_chr2_7325_s.fasta,uce_chr2_7325_s.tre,1.173409
uce_chr2_7328_s.fasta,uce_chr2_7328_s.tre,1.086456
uce_chr2_7330_s.fasta,uce_chr2_7330_s.tre,1.216119
uce_chr2_7336_s.fasta,uce_chr2_7336_s.tre,1.300141
uce_chr2_7351_s.fasta,uce_chr2_7351_s.tre,1.332837
uce_chr2_7378_s.fasta,uce_chr2_7378_s.tre,0.980530
uce_chr2_7382_s.fasta,uce_chr2_7382_s.tre,1.108996
uce_chr2_7390_s.fasta,uce_chr2_7390_s.tre,1.139981
uce_chr2_7393_s.fasta,uce_chr2_7393_s.tre,1.179635
uce_chr2_7419_s.fasta,uce_chr2_7419_s.tre,1.070503
uce_chr2_7428_s.fasta,uce_chr2_7428_s.tre,1.175687
uce_chr2_7429_s.fasta,uce_chr2_7429_s.tre,1.172546
uce_chr2_7432_s.fasta,uce_chr2_7432_s.tre,1.029743
uce_chr2_7434_s.fasta,uce_chr2_7434_s.tre,1.459494
uce_chr2_7440_s.fasta,uce_chr2_7440_s.tre,1.193866
uce_chr2_7444_s.fasta,uce_chr2_7444_s.tre,1.237276
uce_chr2_7448_s.fasta,uce_chr2_7448_s.tre,1.193709
uce_chr2_7475_s.fasta,uce_chr2_7475_s.tre,1.288654
uce_chr2_7501_s.fasta,uce_chr2_7501_s.tre,1.159519
uce_chr2_7512_s.fasta,uce_chr2_7512_s.tre,1.089041
uce_chr2_7523_s.fasta,uce_chr2_7523_s.tre,1.099897
uce_chr2_7555_s.fasta,uce_chr2_7555_s.tre,1.185950
uce_chr2_7569_s.fasta,uce_chr2_7569_s.tre,1.137433
uce_chr2_7573_s.fasta,uce_chr2_7573_s.tre,1.207833
uce_chr2_7575_s.fasta,uce_chr2_7575_s.tre,1.196033
uce_chr2_7576_s.fasta,uce_chr2_7576_s.tre,1.026416
uce_chr2_7578_s.fasta,uce_chr2_7578_s.tre,1.019788
uce_chr2_7588_s.fasta,uce_chr2_7588_s.tre,1.144708
uce_chr2_7589_s.fasta,uce_chr2_7589_s.tre,1.224338
uce_chr2_7590_s.fasta,uce_chr2_7590_s.tre,1.096652
uce_chr2_7591_s.fasta,uce_chr2_7591_s.tre,1.081019
uce_chr2_7593_s.fasta,uce_chr2_7593_s.tre,0.972787
uce_chr2_7594_s.fasta,uce_chr2_7594_s.tre,1.141986
uce_chr2_7601_s.fasta,uce_chr2_7601_s.tre,1.184309
uce_chr2_7605_s.fasta,uce_chr2_7605_s.tre,1.281791
uce_chr2_7621_s.fasta,uce_chr2_7621_s.tre,1.277944
uce_chr2_7630_s.fasta,uce_chr2_7630_s.tre,1.251714
uce_chr2_7632_s.fasta,uce_chr2_7632_s.tre,1.122377
uce_chr2_7637_s.fasta,uce_chr2_7637_s.tre,1.154228
uce_chr2_7640_s.fasta,uce_chr2_7640_s.tre,1.128144
uce_chr2_7653_s.fasta,uce_chr2_7653_s.tre,1.006092
uce_chr2_7659_s.fasta,uce_chr2_7659_s.tre,1.050904
uce_chr2_7664_s.fasta,uce_chr2_7664_s.tre,1.199159
uce_chr2_7670_s.fasta,uce_chr2_7670_s.tre,1.133648
uce_chr2_7695_s.fasta,uce_chr2_7695_s.tre,1.174903
uce_chr2_7699_s.fasta,uce_chr2_7699_s.tre,1.074354
uce_chr2_7702_s.fasta,uce_chr2_7702_s.tre,1.170180
uce_chr2_7703_s.fasta,uce_chr2_7703_s.tre,1.066115
uce_chr2_7713_s.fasta,uce_chr2_7713_s.tre,1.083879
uce_chr2_7719_s.fasta,uce_chr2_7719_s.tre,1.111614
uce_chr2_7720_s.fasta,uce_chr2_7720_s.tre,1.125900
uce_chr2_7723_s.fasta,uce_chr2_7723_s.tre,1.139971
uce_chr2_7745_s.fasta,uce_chr2_7745_s.tre,1.045820
uce_chr2_7754_s.fasta,uce_chr2_7754_s.tre,1.173990
uce_chr2_7761_s.fasta,uce_chr2_7761_s.tre,1.196309
uce_chr2_7772_s.fasta,uce_chr2_7772_s.tre,1.061709
uce_chr2_7798_s.fasta,uce_chr2_7798_s.tre,1.068435
uce_chr2_7823_s.fasta,uce_chr2_7823_s.tre,1.184049
uce_chr2_7834_s.fasta,uce_chr2_7834_s.tre,1.110167
uce_chr2_7862_s.fasta,uce_chr2_7862_s.tre,1.320619
uce_chr2_7884_s.fasta,uce_chr2_7884_s.tre,1.249284
uce_chr2_7887_s.fasta,uce_chr2_7887_s.tre,1.140347
uce_chr2_7915_s.fasta,uce_chr2_7915_s.tre,1.104331
uce_chr2_7921_s.fasta,uce_chr2_7921_s.tre,1.206405
uce_chr2_7924_s.fasta,uce_chr2_7924_s.tre,1.332650
uce_chr2_7927_s.fasta,uce_chr2_7927_s.tre,1.095851
uce_chr2_7934_s.fasta,uce_chr2_7934_s.tre,1.179018
uce_chr2_7939_s.fasta,uce_chr2_7939_s.tre,1.137334
uce_chr2_7940_s.fasta,uce_chr2_7940_s.tre,1.137021
uce_chr2_7943_s.fasta,uce_chr2_7943_s.tre,1.118372
uce_chr2_7945_s.fasta,uce_chr2_7945_s.tre,1.199313
uce_chr2_7949_s.fasta,uce_chr2_7949_s.tre,1.177590
uce_chr2_7950_s.fasta,uce_chr2_7950_s.tre,1.137419
uce_chr2_7963_s.fasta,uce_chr2_7963_s.tre,1.225069
uce_chr2_7976_s.fasta,uce_chr2_7976_s.tre,1.123243
uce_chr2_7983_s.fasta,uce_chr2_7983_s.tre,1.204638
uce_chr2_7988_s.fasta,uce_chr2_7988_s.tre,1.131750
uce_chr2_7989_s.fasta,uce_chr2_7989_s.tre,1.111947
uce_chr2_7992_s.fasta,uce_chr2_7992_s.tre,1.148287
uce_chr2_8001_s.fasta,uce_chr2_8001_s.tre,1.297853
uce_chr2_8005_s.fasta,uce_chr2_8005_s.tre,1.139259
uce_chr2_8015_s.fasta,uce_chr2_8015_s.tre,1.610572
uce_chr2_8018_s.fasta,uce_chr2_8018_s.tre,1.443367
uce_chr2_8021_s.fasta,uce_chr2_8021_s.tre,1.185762
uce_chr2_8051_s.fasta,uce_chr2_8051_s.tre,1.142549
uce_chr2_8145_s.fasta,uce_chr2_8145_s.tre,1.121441
uce_chr2_8154_s.fasta,uce_chr2_8154_s.tre,1.117109
uce_chr2_8551_s.fasta,uce_chr2_8551_s.tre,1.120928
uce_chr2_8552_s.fasta,uce_chr2_8552_s.tre,1.036829
uce_chr2_8560_s.fasta,uce_chr2_8560_s.tre,1.246592
uce_chr2_8562_s.fasta,uce_chr2_8562_s.tre,1.187243
uce_chr2_8579_s.fasta,uce_chr2_8579_s.tre,1.124261
uce_chr2_8583_s.fasta,uce_chr2_8583_s.tre,1.425107
uce_chr2_8589_s.fasta,uce_chr2_8589_s.tre,1.167309
uce_chr2_8593_s.fasta,uce_chr2_8593_s.tre,1.078546
uce_chr2_8595_s.fasta,uce_chr2_8595_s.tre,1.153229
uce_chr2_8600_s.fasta,uce_chr2_8600_s.tre,1.097303
uce_chr2_8609_s.fasta,uce_chr2_8609_s.tre,1.036768
uce_chr2_8651_s.fasta,uce_chr2_8651_s.tre,1.130807
uce_chr2_8654_s.fasta,uce_chr2_8654_s.tre,1.152660
uce_chr2_8655_s.fasta,uce_chr2_8655_s.tre,1.187852
uce_chr2_8688_s.fasta,uce_chr2_8688_s.tre,1.128154
uce_chr2_8703_s.fasta,uce_chr2_8703_s.tre,1.134603
uce_chr2_8707_s.fasta,uce_chr2_8707_s.tre,1.035598
uce_chr2_8747_s.fasta,uce_chr2_8747_s.tre,1.089042
uce_chr2_8754_s.fasta,uce_chr2_8754_s.tre,1.200507
uce_chr2_8757_s.fasta,uce_chr2_8757_s.tre,1.132505
uce_chr2_9120_s.fasta,uce_chr2_9120_s.tre,1.214439
uce_chr2_9136_s.fasta,uce_chr2_9136_s.tre,1.198500
uce_chr2_9158_s.fasta,uce_chr2_9158_s.tre,1.187536
uce_chr2_9336_s.fasta,uce_chr2_9336_s.tre,1.152195
uce_chr2_9384_s.fasta,uce_chr2_9384_s.tre,1.119741
uce_chr2_9394_s.fasta,uce_chr2_9394_s.tre,1.194972
uce_chr2_9406_s.fasta,uce_chr2_9406_s.tre,1.099355
uce_chr2_9585_s.fasta,uce_chr2_9585_s.tre,1.259333
uce_chr2_9587_s.fasta,uce_chr2_9587_s.tre,1.060493
uce_chr2_9711_s.fasta,uce_chr2_9711_s.tre,1.255855
uce_chr3_11164_s.fasta,uce_chr3_11164_s.tre,1.154087
uce_chr3_11389_s.fasta,uce_chr3_11389_s.tre,1.180506
uce_chr3_11795_s.fasta,uce_chr3_11795_s.tre,1.032847
uce_chr3_11854_s.fasta,uce_chr3_11854_s.tre,1.116518
uce_chr3_1249_s.fasta,uce_chr3_1249_s.tre,1.307040
uce_chr3_1275_s.fasta,uce_chr3_1275_s.tre,1.195396
uce_chr3_1282_s.fasta,uce_chr3_1282_s.tre,1.146749
uce_chr3_13240_s.fasta,uce_chr3_13240_s.tre,1.068589
uce_chr3_13259_s.fasta,uce_chr3_13259_s.tre,1.144786
uce_chr3_13268_s.fasta,uce_chr3_13268_s.tre,1.136918
uce_chr3_13319_s.fasta,uce_chr3_13319_s.tre,1.292702
uce_chr3_13359_s.fasta,uce_chr3_13359_s.tre,1.125169
uce_chr3_13442_s.fasta,uce_chr3_13442_s.tre,1.158446
uce_chr3_13462_s.fasta,uce_chr3_13462_s.tre,1.037727
uce_chr3_1355_s.fasta,uce_chr3_1355_s.tre,1.234449
uce_chr3_1358_s.fasta,uce_chr3_1358_s.tre,1.119193
uce_chr3_13775_s.fasta,uce_chr3_13775_s.tre,1.081061
uce_chr3_5924_s.fasta,uce_chr3_5924_s.tre,1.117243
uce_chr3_5934_s.fasta,uce_chr3_5934_s.tre,1.131066
uce_chr3_5939_s.fasta,uce_chr3_5939_s.tre,1.040431
uce_chr3_6098_s.fasta,uce_chr3_6098_s.tre,1.118588
uce_chr3_6111_s.fasta,uce_chr3_6111_s.tre,1.018898
uce_chr3_6112_s.fasta,uce_chr3_6112_s.tre,1.136374
uce_chr3_6118_s.fasta,uce_chr3_6118_s.tre,1.183355
uce_chr3_6119_s.fasta,uce_chr3_6119_s.tre,1.040791
uce_chr3_6122_s.fasta,uce_chr3_6122_s.tre,1.170560
uce_chr3_6132_s.fasta,uce_chr3_6132_s.tre,1.061056
uce_chr3_6178_s.fasta,uce_chr3_6178_s.tre,1.197083
uce_chr3_6220_s.fasta,uce_chr3_6220_s.tre,1.242390
uce_chr3_6223_s.fasta,uce_chr3_6223_s.tre,1.076531
uce_chr3_6231_s.fasta,uce_chr3_6231_s.tre,1.038340
uce_chr3_6253_s.fasta,uce_chr3_6253_s.tre,1.196177
uce_chr3_6255_s.fasta,uce_chr3_6255_s.tre,1.286332
uce_chr3_6268_s.fasta,uce_chr3_6268_s.tre,1.039050
uce_chr3_6272_s.fasta,uce_chr3_6272_s.tre,1.092396
uce_chr3_6277_s.fasta,uce_chr3_6277_s.tre,1.043127
uce_chr3_6280_s.fasta,uce_chr3_6280_s.tre,1.100450
uce_chr3_6537_s.fasta,uce_chr3_6537_s.tre,1.082591
uce_chr3_13900_s.fasta,uce_chr3_13900_s.tre,1.092425
uce_chr3_14013_s.fasta,uce_chr3_14013_s.tre,1.188822
uce_chr3_14110_s.fasta,uce_chr3_14110_s.tre,1.067304
uce_chr3_14113_s.fasta,uce_chr3_14113_s.tre,1.268590
uce_chr3_14118_s.fasta,uce_chr3_14118_s.tre,1.181401
uce_chr3_14124_s.fasta,uce_chr3_14124_s.tre,1.200058
uce_chr3_14134_s.fasta,uce_chr3_14134_s.tre,1.096963
uce_chr3_14142_s.fasta,uce_chr3_14142_s.tre,1.106880
uce_chr3_14452_s.fasta,uce_chr3_14452_s.tre,1.384884
uce_chr3_14481_s.fasta,uce_chr3_14481_s.tre,1.104411
uce_chr3_14486_s.fasta,uce_chr3_14486_s.tre,1.149104
uce_chr3_14507_s.fasta,uce_chr3_14507_s.tre,1.066884
uce_chr3_2724_s.fasta,uce_chr3_2724_s.tre,1.165433
uce_chr3_2726_s.fasta,uce_chr3_2726_s.tre,1.296711
uce_chr3_2728_s.fasta,uce_chr3_2728_s.tre,1.133970
uce_chr3_2733_s.fasta,uce_chr3_2733_s.tre,1.222295
uce_chr3_2737_s.fasta,uce_chr3_2737_s.tre,1.250931
uce_chr3_2740_s.fasta,uce_chr3_2740_s.tre,1.122150
uce_chr3_2742_s.fasta,uce_chr3_2742_s.tre,1.179550
uce_chr3_2745_s.fasta,uce_chr3_2745_s.tre,1.301956
uce_chr3_281_s.fasta,uce_chr3_281_s.tre,1.167277
uce_chr3_28_s.fasta,uce_chr3_28_s.tre,1.215243
uce_chr3_293_s.fasta,uce_chr3_293_s.tre,1.113834
uce_chr3_2978_s.fasta,uce_chr3_2978_s.tre,1.050009
uce_chr3_2981_s.fasta,uce_chr3_2981_s.tre,1.243244
uce_chr3_2999_s.fasta,uce_chr3_2999_s.tre,1.154583
uce_chr3_299_s.fasta,uce_chr3_299_s.tre,1.052594
uce_chr3_300_s.fasta,uce_chr3_300_s.tre,1.191076
uce_chr3_3016_s.fasta,uce_chr3_3016_s.tre,1.169029
uce_chr3_3099_s.fasta,uce_chr3_3099_s.tre,1.140741
uce_chr3_3107_s.fasta,uce_chr3_3107_s.tre,1.191988
uce_chr3_3109_s.fasta,uce_chr3_3109_s.tre,1.179315
uce_chr3_3116_s.fasta,uce_chr3_3116_s.tre,1.279800
uce_chr3_3158_s.fasta,uce_chr3_3158_s.tre,1.303075
uce_chr3_3174_s.fasta,uce_chr3_3174_s.tre,1.053601
uce_chr3_3177_s.fasta,uce_chr3_3177_s.tre,1.076101
uce_chr3_3244_s.fasta,uce_chr3_3244_s.tre,1.109631
uce_chr3_3247_s.fasta,uce_chr3_3247_s.tre,1.030350
uce_chr3_3298_s.fasta,uce_chr3_3298_s.tre,1.194280
uce_chr3_338_s.fasta,uce_chr3_338_s.tre,1.078746
uce_chr3_349_s.fasta,uce_chr3_349_s.tre,1.051673
uce_chr3_351_s.fasta,uce_chr3_351_s.tre,1.165232
uce_chr3_353_s.fasta,uce_chr3_353_s.tre,1.114877
uce_chr3_360_s.fasta,uce_chr3_360_s.tre,1.042816
uce_chr3_371_s.fasta,uce_chr3_371_s.tre,1.239444
uce_chr3_3780_s.fasta,uce_chr3_3780_s.tre,1.031839
uce_chr3_378_s.fasta,uce_chr3_378_s.tre,1.073151
uce_chr3_388_s.fasta,uce_chr3_388_s.tre,1.090813
uce_chr3_451_s.fasta,uce_chr3_451_s.tre,1.220017
uce_chr3_454_s.fasta,uce_chr3_454_s.tre,1.125682
uce_chr3_457_s.fasta,uce_chr3_457_s.tre,1.141903
uce_chr3_474_s.fasta,uce_chr3_474_s.tre,1.090105
uce_chr3_476_s.fasta,uce_chr3_476_s.tre,1.083889
uce_chr3_491_s.fasta,uce_chr3_491_s.tre,1.283955
uce_chr3_509_s.fasta,uce_chr3_509_s.tre,1.144633
uce_chr3_5134_s.fasta,uce_chr3_5134_s.tre,1.092191
uce_chr3_520_s.fasta,uce_chr3_520_s.tre,1.026375
uce_chr3_5328_s.fasta,uce_chr3_5328_s.tre,1.145288
uce_chr3_533_s.fasta,uce_chr3_533_s.tre,1.167108
uce_chr3_5447_s.fasta,uce_chr3_5447_s.tre,1.159966
uce_chr3_544_s.fasta,uce_chr3_544_s.tre,1.091929
uce_chr3_5450_s.fasta,uce_chr3_5450_s.tre,1.147515
uce_chr3_5455_s.fasta,uce_chr3_5455_s.tre,1.141352
uce_chr3_5470_s.fasta,uce_chr3_5470_s.tre,1.132894
uce_chr3_5478_s.fasta,uce_chr3_5478_s.tre,1.237921
uce_chr3_5482_s.fasta,uce_chr3_5482_s.tre,1.177307
uce_chr3_5514_s.fasta,uce_chr3_5514_s.tre,1.039247
uce_chr3_5519_s.fasta,uce_chr3_5519_s.tre,1.204470
uce_chr3_5520_s.fasta,uce_chr3_5520_s.tre,1.110059
uce_chr3_5522_s.fasta,uce_chr3_5522_s.tre,1.136936
uce_chr3_5529_s.fasta,uce_chr3_5529_s.tre,1.171333
uce_chr3_5533_s.fasta,uce_chr3_5533_s.tre,1.132563
uce_chr3_5536_s.fasta,uce_chr3_5536_s.tre,1.127824
uce_chr3_5552_s.fasta,uce_chr3_5552_s.tre,1.357194
uce_chr3_5553_s.fasta,uce_chr3_5553_s.tre,1.197227
uce_chr3_5556_s.fasta,uce_chr3_5556_s.tre,1.126656
uce_chr3_5559_s.fasta,uce_chr3_5559_s.tre,1.220984
uce_chr3_5577_s.fasta,uce_chr3_5577_s.tre,1.215245
uce_chr3_5587_s.fasta,uce_chr3_5587_s.tre,1.126644
uce_chr3_5601_s.fasta,uce_chr3_5601_s.tre,1.147198
uce_chr3_5605_s.fasta,uce_chr3_5605_s.tre,1.242034
uce_chr3_5644_s.fasta,uce_chr3_5644_s.tre,1.042362
uce_chr3_5661_s.fasta,uce_chr3_5661_s.tre,1.155689
uce_chr3_5691_s.fasta,uce_chr3_5691_s.tre,1.190367
uce_chr3_5743_s.fasta,uce_chr3_5743_s.tre,1.280796
uce_chr3_5751_s.fasta,uce_chr3_5751_s.tre,1.212718
uce_chr3_5766_s.fasta,uce_chr3_5766_s.tre,1.196097
uce_chr3_5768_s.fasta,uce_chr3_5768_s.tre,1.199279
uce_chr3_5776_s.fasta,uce_chr3_5776_s.tre,1.081093
uce_chr3_5777_s.fasta,uce_chr3_5777_s.tre,1.112028
uce_chr3_5785_s.fasta,uce_chr3_5785_s.tre,1.156758
uce_chr3_5801_s.fasta,uce_chr3_5801_s.tre,1.030345
uce_chr3_5815_s.fasta,uce_chr3_5815_s.tre,1.140141
uce_chr3_5845_s.fasta,uce_chr3_5845_s.tre,1.146807
uce_chr3_5848_s.fasta,uce_chr3_5848_s.tre,1.308664
uce_chr3_5854_s.fasta,uce_chr3_5854_s.tre,1.200131
uce_chr3_5857_s.fasta,uce_chr3_5857_s.tre,1.087905
uce_chr3_5862_s.fasta,uce_chr3_5862_s.tre,1.231624
uce_chr3_5873_s.fasta,uce_chr3_5873_s.tre,1.216794
uce_chr3_5877_s.fasta,uce_chr3_5877_s.tre,1.174219
uce_chr3_5893_s.fasta,uce_chr3_5893_s.tre,1.076383
uce_chr3_5894_s.fasta,uce_chr3_5894_s.tre,1.168175
uce_chr3_5901_s.fasta,uce_chr3_5901_s.tre,1.125569
uce_chr3_5904_s.fasta,uce_chr3_5904_s.tre,1.207282
uce_chr3_5918_s.fasta,uce_chr3_5918_s.tre,1.062618
uce_chr3_15081_s.fasta,uce_chr3_15081_s.tre,1.125877
uce_chr3_15332_s.fasta,uce_chr3_15332_s.tre,1.132213
uce_chr3_15388_s.fasta,uce_chr3_15388_s.tre,1.097182
uce_chr3_15480_s.fasta,uce_chr3_15480_s.tre,1.138970
uce_chr3_16077_s.fasta,uce_chr3_16077_s.tre,1.219834
uce_chr3_16142_s.fasta,uce_chr3_16142_s.tre,1.044902
uce_chr3_16263_s.fasta,uce_chr3_16263_s.tre,1.152639
uce_chr3_16747_s.fasta,uce_chr3_16747_s.tre,1.109548
uce_chr3_16816_s.fasta,uce_chr3_16816_s.tre,1.164914
uce_chr3_16852_s.fasta,uce_chr3_16852_s.tre,1.081597
uce_chr3_16971_s.fasta,uce_chr3_16971_s.tre,1.210416
uce_chr3_17211_s.fasta,uce_chr3_17211_s.tre,1.270068
uce_chr3_17431_s.fasta,uce_chr3_17431_s.tre,1.149867
uce_chr3_17448_s.fasta,uce_chr3_17448_s.tre,1.122867
uce_chr3_17492_s.fasta,uce_chr3_17492_s.tre,1.119545
uce_chr3_17609_s.fasta,uce_chr3_17609_s.tre,1.244062
uce_chr3_17616_s.fasta,uce_chr3_17616_s.tre,1.299478
uce_chr3_17623_s.fasta,uce_chr3_17623_s.tre,1.151727
uce_chr3_17628_s.fasta,uce_chr3_17628_s.tre,1.342979
uce_chr3_17666_s.fasta,uce_chr3_17666_s.tre,1.153958
uce_chr3_17699_s.fasta,uce_chr3_17699_s.tre,1.032817
uce_chr3_17712_s.fasta,uce_chr3_17712_s.tre,1.084808
uce_chr3_17720_s.fasta,uce_chr3_17720_s.tre,1.144223
uce_chr3_17721_s.fasta,uce_chr3_17721_s.tre,1.129117
uce_chr3_17735_s.fasta,uce_chr3_17735_s.tre,1.142933
uce_chr3_17752_s.fasta,uce_chr3_17752_s.tre,1.171129
uce_chr3_17769_s.fasta,uce_chr3_17769_s.tre,1.097576
uce_chr3_17781_s.fasta,uce_chr3_17781_s.tre,1.099619
uce_chr3_17792_s.fasta,uce_chr3_17792_s.tre,1.276866
uce_chr3_17838_s.fasta,uce_chr3_17838_s.tre,1.151154
uce_chr3_17851_s.fasta,uce_chr3_17851_s.tre,1.143575
uce_chr3_17858_s.fasta,uce_chr3_17858_s.tre,1.108817
uce_chr3_17860_s.fasta,uce_chr3_17860_s.tre,1.184430
uce_chr3_17885_s.fasta,uce_chr3_17885_s.tre,1.144003
uce_chr3_17991_s.fasta,uce_chr3_17991_s.tre,1.186967
uce_chr3_18121_s.fasta,uce_chr3_18121_s.tre,1.071824
uce_chr3_18160_s.fasta,uce_chr3_18160_s.tre,1.500363
uce_chr3_18203_s.fasta,uce_chr3_18203_s.tre,1.198638
uce_chr3_18256_s.fasta,uce_chr3_18256_s.tre,1.234283
uce_chr3_18421_s.fasta,uce_chr3_18421_s.tre,1.076843
uce_chr3_18433_s.fasta,uce_chr3_18433_s.tre,1.160957
uce_chr3_186_s.fasta,uce_chr3_186_s.tre,1.256555
uce_chr3_18767_s.fasta,uce_chr3_18767_s.tre,1.089834
uce_chr3_187_s.fasta,uce_chr3_187_s.tre,1.165668
uce_chr3_188_s.fasta,uce_chr3_188_s.tre,1.041934
uce_chr3_18906_s.fasta,uce_chr3_18906_s.tre,1.044481
uce_chr3_18928_s.fasta,uce_chr3_18928_s.tre,1.115033
uce_chr3_18940_s.fasta,uce_chr3_18940_s.tre,1.117246
uce_chr3_19568_s.fasta,uce_chr3_19568_s.tre,1.365274
uce_chr3_196_s.fasta,uce_chr3_196_s.tre,1.164730
uce_chr3_19938_s.fasta,uce_chr3_19938_s.tre,1.066298
uce_chr3_19987_s.fasta,uce_chr3_19987_s.tre,1.193557
uce_chr3_19997_s.fasta,uce_chr3_19997_s.tre,1.115781
uce_chr3_20013_s.fasta,uce_chr3_20013_s.tre,1.082169
uce_chr3_204_s.fasta,uce_chr3_204_s.tre,1.091067
uce_chr3_2053_s.fasta,uce_chr3_2053_s.tre,1.149873
uce_chr3_20620_s.fasta,uce_chr3_20620_s.tre,1.118936
uce_chr3_209_s.fasta,uce_chr3_209_s.tre,1.263855
uce_chr3_21165_s.fasta,uce_chr3_21165_s.tre,1.371064
uce_chr3_21172_s.fasta,uce_chr3_21172_s.tre,1.206529
uce_chr3_211_s.fasta,uce_chr3_211_s.tre,1.189493
uce_chr3_21510_s.fasta,uce_chr3_21510_s.tre,1.164603
uce_chr3_21516_s.fasta,uce_chr3_21516_s.tre,1.042217
uce_chr3_21531_s.fasta,uce_chr3_21531_s.tre,1.092967
uce_chr3_21533_s.fasta,uce_chr3_21533_s.tre,1.104797
uce_chr3_21535_s.fasta,uce_chr3_21535_s.tre,0.993638
uce_chr3_21547_s.fasta,uce_chr3_21547_s.tre,1.048661
uce_chr3_21549_s.fasta,uce_chr3_21549_s.tre,1.154476
uce_chr3_21562_s.fasta,uce_chr3_21562_s.tre,1.241669
uce_chr3_21577_s.fasta,uce_chr3_21577_s.tre,1.140542
uce_chr3_21798_s.fasta,uce_chr3_21798_s.tre,1.056835
uce_chr3_21826_s.fasta,uce_chr3_21826_s.tre,1.143830
uce_chr3_21930_s.fasta,uce_chr3_21930_s.tre,1.210394
uce_chr3_21949_s.fasta,uce_chr3_21949_s.tre,1.080894
uce_chr3_21951_s.fasta,uce_chr3_21951_s.tre,1.102611
uce_chr3_21994_s.fasta,uce_chr3_21994_s.tre,1.181448
uce_chr3_21999_s.fasta,uce_chr3_21999_s.tre,1.141494
uce_chr3_22024_s.fasta,uce_chr3_22024_s.tre,1.107757
uce_chr3_22070_s.fasta,uce_chr3_22070_s.tre,1.224916
uce_chr3_226_s.fasta,uce_chr3_226_s.tre,1.052430
uce_chr3_22779_s.fasta,uce_chr3_22779_s.tre,1.113081
uce_chr3_22800_s.fasta,uce_chr3_22800_s.tre,1.090015
uce_chr3_22943_s.fasta,uce_chr3_22943_s.tre,1.111511
uce_chr3_22983_s.fasta,uce_chr3_22983_s.tre,1.137190
uce_chr3_23027_s.fasta,uce_chr3_23027_s.tre,1.210249
uce_chr3_23042_s.fasta,uce_chr3_23042_s.tre,1.099811
uce_chr3_23321_s.fasta,uce_chr3_23321_s.tre,1.075082
uce_chr3_23532_s.fasta,uce_chr3_23532_s.tre,1.302430
uce_chr3_23549_s.fasta,uce_chr3_23549_s.tre,1.134935
uce_chr3_23724_s.fasta,uce_chr3_23724_s.tre,1.078489
uce_chr3_245_s.fasta,uce_chr3_245_s.tre,1.234097
uce_chr3_24603_s.fasta,uce_chr3_24603_s.tre,1.132919
uce_chr3_24750_s.fasta,uce_chr3_24750_s.tre,1.187747
uce_chr3_24787_s.fasta,uce_chr3_24787_s.tre,1.198431
uce_chr3_24860_s.fasta,uce_chr3_24860_s.tre,1.230420
uce_chr3_24898_s.fasta,uce_chr3_24898_s.tre,1.083569
uce_chr3_24921_s.fasta,uce_chr3_24921_s.tre,1.242274
uce_chr3_24926_s.fasta,uce_chr3_24926_s.tre,1.100079
uce_chr3_25095_s.fasta,uce_chr3_25095_s.tre,1.178709
uce_chr3_25108_s.fasta,uce_chr3_25108_s.tre,1.161638
uce_chr3_25156_s.fasta,uce_chr3_25156_s.tre,1.130508
uce_chr3_2723_s.fasta,uce_chr3_2723_s.tre,1.236739
uce_chr3_6726_s.fasta,uce_chr3_6726_s.tre,1.077819
uce_chr3_6937_s.fasta,uce_chr3_6937_s.tre,1.163094
uce_chr3_6989_s.fasta,uce_chr3_6989_s.tre,1.201393
uce_chr3_7126_s.fasta,uce_chr3_7126_s.tre,1.298771
uce_chr3_7143_s.fasta,uce_chr3_7143_s.tre,1.201319
uce_chr3_7144_s.fasta,uce_chr3_7144_s.tre,1.010131
uce_chr3_7145_s.fasta,uce_chr3_7145_s.tre,1.069321
uce_chr3_7165_s.fasta,uce_chr3_7165_s.tre,1.111477
uce_chr3_7225_s.fasta,uce_chr3_7225_s.tre,1.130661
uce_chr3_7228_s.fasta,uce_chr3_7228_s.tre,1.154541
uce_chr3_7235_s.fasta,uce_chr3_7235_s.tre,1.200311
uce_chr3_7244_s.fasta,uce_chr3_7244_s.tre,1.023671
uce_chr3_7251_s.fasta,uce_chr3_7251_s.tre,1.171084
uce_chr3_7259_s.fasta,uce_chr3_7259_s.tre,1.163384
uce_chr3_7263_s.fasta,uce_chr3_7263_s.tre,1.145753
uce_chr3_7265_s.fasta,uce_chr3_7265_s.tre,1.121773
uce_chr3_7268_s.fasta,uce_chr3_7268_s.tre,1.002625
uce_chr3_7282_s.fasta,uce_chr3_7282_s.tre,1.148406
uce_chr3_7290_s.fasta,uce_chr3_7290_s.tre,1.105938
uce_chr3_7296_s.fasta,uce_chr3_7296_s.tre,1.063163
uce_chr3_7313_s.fasta,uce_chr3_7313_s.tre,1.188276
uce_chr3_7394_s.fasta,uce_chr3_7394_s.tre,1.273710
uce_chr3_7396_s.fasta,uce_chr3_7396_s.tre,1.149250
uce_chr3_7441_s.fasta,uce_chr3_7441_s.tre,1.198667
uce_chr3_764_s.fasta,uce_chr3_764_s.tre,1.199300
uce_chr3_8194_s.fasta,uce_chr3_8194_s.tre,1.213983
uce_chr3_8263_s.fasta,uce_chr3_8263_s.tre,1.391586
uce_chr3_8434_s.fasta,uce_chr3_8434_s.tre,1.205436
uce_chr3_8473_s.fasta,uce_chr3_8473_s.tre,1.083051
uce_chr3_8481_s.fasta,uce_chr3_8481_s.tre,1.061713
uce_chr3_8483_s.fasta,uce_chr3_8483_s.tre,1.083603
uce_chr3_8484_s.fasta,uce_chr3_8484_s.tre,1.140328
uce_chr3_8495_s.fasta,uce_chr3_8495_s.tre,1.171055
uce_chr3_8500_s.fasta,uce_chr3_8500_s.tre,1.152854
uce_chr3_8503_s.fasta,uce_chr3_8503_s.tre,1.232682
uce_chr3_8505_s.fasta,uce_chr3_8505_s.tre,1.005328
uce_chr3_8525_s.fasta,uce_chr3_8525_s.tre,1.081878
uce_chr3_8530_s.fasta,uce_chr3_8530_s.tre,1.213986
uce_chr3_8546_s.fasta,uce_chr3_8546_s.tre,1.157004
uce_chr4_12625_s.fasta,uce_chr4_12625_s.tre,1.211375
uce_chr4_13270_s.fasta,uce_chr4_13270_s.tre,1.294266
uce_chr4_13330_s.fasta,uce_chr4_13330_s.tre,1.213115
uce_chr4_13362_s.fasta,uce_chr4_13362_s.tre,1.072899
uce_chr4_13367_s.fasta,uce_chr4_13367_s.tre,1.120327
uce_chr4_13384_s.fasta,uce_chr4_13384_s.tre,1.076593
uce_chr4_13387_s.fasta,uce_chr4_13387_s.tre,1.093141
uce_chr4_13397_s.fasta,uce_chr4_13397_s.tre,1.048590
uce_chr4_13403_s.fasta,uce_chr4_13403_s.tre,1.126119
uce_chr4_13410_s.fasta,uce_chr4_13410_s.tre,1.160580
uce_chr4_13413_s.fasta,uce_chr4_13413_s.tre,1.470530
uce_chr4_13425_s.fasta,uce_chr4_13425_s.tre,1.182613
uce_chr4_13431_s.fasta,uce_chr4_13431_s.tre,1.112622
uce_chr4_13667_s.fasta,uce_chr4_13667_s.tre,1.104436
uce_chr4_13964_s.fasta,uce_chr4_13964_s.tre,1.138496
uce_chr4_14149_s.fasta,uce_chr4_14149_s.tre,1.127773
uce_chr4_1464_s.fasta,uce_chr4_1464_s.tre,1.124662
uce_chr4_15363_s.fasta,uce_chr4_15363_s.tre,1.039842
uce_chr4_15987_s.fasta,uce_chr4_15987_s.tre,0.773587
uce_chr4_16026_s.fasta,uce_chr4_16026_s.tre,1.173807
uce_chr4_16749_s.fasta,uce_chr4_16749_s.tre,1.209219
uce_chr4_16780_s.fasta,uce_chr4_16780_s.tre,1.206392
uce_chr4_16878_s.fasta,uce_chr4_16878_s.tre,1.214462
uce_chr4_17300_s.fasta,uce_chr4_17300_s.tre,1.154773
uce_chr4_17356_s.fasta,uce_chr4_17356_s.tre,1.225359
uce_chr4_17375_s.fasta,uce_chr4_17375_s.tre,0.996258
uce_chr4_17431_s.fasta,uce_chr4_17431_s.tre,1.073093
uce_chr4_17445_s.fasta,uce_chr4_17445_s.tre,1.163266
uce_chr4_17508_s.fasta,uce_chr4_17508_s.tre,1.124659
uce_chr4_17511_s.fasta,uce_chr4_17511_s.tre,1.035901
uce_chr4_17854_s.fasta,uce_chr4_17854_s.tre,1.093364
uce_chr4_17860_s.fasta,uce_chr4_17860_s.tre,1.301928
uce_chr4_17870_s.fasta,uce_chr4_17870_s.tre,1.071265
uce_chr4_18003_s.fasta,uce_chr4_18003_s.tre,1.096304
uce_chr4_18217_s.fasta,uce_chr4_18217_s.tre,1.184684
uce_chr4_18580_s.fasta,uce_chr4_18580_s.tre,1.129888
uce_chr4_18911_s.fasta,uce_chr4_18911_s.tre,1.159126
uce_chr4_18918_s.fasta,uce_chr4_18918_s.tre,1.241338
uce_chr4_18926_s.fasta,uce_chr4_18926_s.tre,1.085517
uce_chr4_18929_s.fasta,uce_chr4_18929_s.tre,1.056075
uce_chr4_18946_s.fasta,uce_chr4_18946_s.tre,1.052490
uce_chr4_18956_s.fasta,uce_chr4_18956_s.tre,1.266727
uce_chr4_18964_s.fasta,uce_chr4_18964_s.tre,1.081686
uce_chr4_18977_s.fasta,uce_chr4_18977_s.tre,1.170531
uce_chr4_18991_s.fasta,uce_chr4_18991_s.tre,1.187215
uce_chr4_2364_s.fasta,uce_chr4_2364_s.tre,1.172239
uce_chr4_2423_s.fasta,uce_chr4_2423_s.tre,1.133385
uce_chr4_2427_s.fasta,uce_chr4_2427_s.tre,1.105679
uce_chr4_2564_s.fasta,uce_chr4_2564_s.tre,1.398417
uce_chr4_2590_s.fasta,uce_chr4_2590_s.tre,1.154665
uce_chr4_2604_s.fasta,uce_chr4_2604_s.tre,1.201059
uce_chr4_2614_s.fasta,uce_chr4_2614_s.tre,1.282300
uce_chr4_2641_s.fasta,uce_chr4_2641_s.tre,1.311909
uce_chr4_2644_s.fasta,uce_chr4_2644_s.tre,1.200728
uce_chr4_2664_s.fasta,uce_chr4_2664_s.tre,1.330281
uce_chr4_2986_s.fasta,uce_chr4_2986_s.tre,1.225484
uce_chr4_3296_s.fasta,uce_chr4_3296_s.tre,0.991005
uce_chr4_4785_s.fasta,uce_chr4_4785_s.tre,1.075551
uce_chr4_4926_s.fasta,uce_chr4_4926_s.tre,1.055118
uce_chr4_4979_s.fasta,uce_chr4_4979_s.tre,1.119079
uce_chr4_6289_s.fasta,uce_chr4_6289_s.tre,1.216786
uce_chr4_6508_s.fasta,uce_chr4_6508_s.tre,1.182127
uce_chr3_8559_s.fasta,uce_chr3_8559_s.tre,1.269524
uce_chr3_8560_s.fasta,uce_chr3_8560_s.tre,1.032731
uce_chr3_8567_s.fasta,uce_chr3_8567_s.tre,1.493067
uce_chr3_8616_s.fasta,uce_chr3_8616_s.tre,1.108498
uce_chr3_8617_s.fasta,uce_chr3_8617_s.tre,1.079144
uce_chr3_8620_s.fasta,uce_chr3_8620_s.tre,1.222703
uce_chr3_8621_s.fasta,uce_chr3_8621_s.tre,1.138097
uce_chr3_8627_s.fasta,uce_chr3_8627_s.tre,1.334095
uce_chr3_8652_s.fasta,uce_chr3_8652_s.tre,1.127805
uce_chr3_8662_s.fasta,uce_chr3_8662_s.tre,1.005280
uce_chr3_8666_s.fasta,uce_chr3_8666_s.tre,1.144648
uce_chr3_8667_s.fasta,uce_chr3_8667_s.tre,1.031467
uce_chr3_8678_s.fasta,uce_chr3_8678_s.tre,1.258520
uce_chr3_8708_s.fasta,uce_chr3_8708_s.tre,1.098309
uce_chr3_8717_s.fasta,uce_chr3_8717_s.tre,1.091788
uce_chr3_8722_s.fasta,uce_chr3_8722_s.tre,1.056000
uce_chr3_8724_s.fasta,uce_chr3_8724_s.tre,1.111919
uce_chr3_8747_s.fasta,uce_chr3_8747_s.tre,1.184626
uce_chr3_8769_s.fasta,uce_chr3_8769_s.tre,1.229550
uce_chr3_8773_s.fasta,uce_chr3_8773_s.tre,1.076797
uce_chr3_8778_s.fasta,uce_chr3_8778_s.tre,1.245426
uce_chr3_8781_s.fasta,uce_chr3_8781_s.tre,1.062056
uce_chr3_8789_s.fasta,uce_chr3_8789_s.tre,1.224189
uce_chr3_8795_s.fasta,uce_chr3_8795_s.tre,1.162352
uce_chr3_8805_s.fasta,uce_chr3_8805_s.tre,1.192647
uce_chr3_8819_s.fasta,uce_chr3_8819_s.tre,1.076916
uce_chr3_8843_s.fasta,uce_chr3_8843_s.tre,1.159130
uce_chr3_8846_s.fasta,uce_chr3_8846_s.tre,1.324546
uce_chr3_8849_s.fasta,uce_chr3_8849_s.tre,1.134218
uce_chr3_8855_s.fasta,uce_chr3_8855_s.tre,1.136757
uce_chr3_8878_s.fasta,uce_chr3_8878_s.tre,1.249503
uce_chr3_8881_s.fasta,uce_chr3_8881_s.tre,1.202919
uce_chr3_8894_s.fasta,uce_chr3_8894_s.tre,1.111274
uce_chr3_8903_s.fasta,uce_chr3_8903_s.tre,1.079415
uce_chr3_8937_s.fasta,uce_chr3_8937_s.tre,1.169097
uce_chr3_8952_s.fasta,uce_chr3_8952_s.tre,1.016488
uce_chr3_8960_s.fasta,uce_chr3_8960_s.tre,1.395625
uce_chr3_8961_s.fasta,uce_chr3_8961_s.tre,1.166270
uce_chr3_8964_s.fasta,uce_chr3_8964_s.tre,1.297741
uce_chr3_8984_s.fasta,uce_chr3_8984_s.tre,1.066684
uce_chr3_9001_s.fasta,uce_chr3_9001_s.tre,1.032290
uce_chr3_9003_s.fasta,uce_chr3_9003_s.tre,1.154711
uce_chr3_9007_s.fasta,uce_chr3_9007_s.tre,1.198827
uce_chr3_9008_s.fasta,uce_chr3_9008_s.tre,1.154376
uce_chr3_9015_s.fasta,uce_chr3_9015_s.tre,1.054366
uce_chr3_9017_s.fasta,uce_chr3_9017_s.tre,1.107704
uce_chr3_9018_s.fasta,uce_chr3_9018_s.tre,1.195562
uce_chr3_9020_s.fasta,uce_chr3_9020_s.tre,1.048853
uce_chr3_9021_s.fasta,uce_chr3_9021_s.tre,1.036932
uce_chr3_9024_s.fasta,uce_chr3_9024_s.tre,1.065233
uce_chr3_9030_s.fasta,uce_chr3_9030_s.tre,1.063754
uce_chr3_9032_s.fasta,uce_chr3_9032_s.tre,1.124472
uce_chr3_9034_s.fasta,uce_chr3_9034_s.tre,1.080989
uce_chr3_9038_s.fasta,uce_chr3_9038_s.tre,1.163474
uce_chr3_9039_s.fasta,uce_chr3_9039_s.tre,1.146772
uce_chr3_9089_s.fasta,uce_chr3_9089_s.tre,1.115152
uce_chr3_9096_s.fasta,uce_chr3_9096_s.tre,1.732383
uce_chr3_9129_s.fasta,uce_chr3_9129_s.tre,1.230639
uce_chr3_9140_s.fasta,uce_chr3_9140_s.tre,1.072272
uce_chr3_9156_s.fasta,uce_chr3_9156_s.tre,1.142362
uce_chr3_9166_s.fasta,uce_chr3_9166_s.tre,1.141021
uce_chr3_9167_s.fasta,uce_chr3_9167_s.tre,1.179549
uce_chr3_9171_s.fasta,uce_chr3_9171_s.tre,1.071395
uce_chr3_9200_s.fasta,uce_chr3_9200_s.tre,1.124965
uce_chr3_9201_s.fasta,uce_chr3_9201_s.tre,1.135883
uce_chr3_9206_s.fasta,uce_chr3_9206_s.tre,1.162659
uce_chr3_9221_s.fasta,uce_chr3_9221_s.tre,1.233535
uce_chr3_9225_s.fasta,uce_chr3_9225_s.tre,1.079722
uce_chr3_9231_s.fasta,uce_chr3_9231_s.tre,1.068761
uce_chr3_9234_s.fasta,uce_chr3_9234_s.tre,1.139507
uce_chr3_9238_s.fasta,uce_chr3_9238_s.tre,1.077080
uce_chr3_9255_s.fasta,uce_chr3_9255_s.tre,1.075809
uce_chr3_9257_s.fasta,uce_chr3_9257_s.tre,1.119400
uce_chr3_9258_s.fasta,uce_chr3_9258_s.tre,1.119497
uce_chr3_9262_s.fasta,uce_chr3_9262_s.tre,1.035803
uce_chr3_9268_s.fasta,uce_chr3_9268_s.tre,1.078570
uce_chr3_9269_s.fasta,uce_chr3_9269_s.tre,1.259643
uce_chr3_9272_s.fasta,uce_chr3_9272_s.tre,1.080450
uce_chr3_9709_s.fasta,uce_chr3_9709_s.tre,1.013491
uce_chr3_9717_s.fasta,uce_chr3_9717_s.tre,1.179068
uce_chr3_9734_s.fasta,uce_chr3_9734_s.tre,1.172998
uce_chr3_9741_s.fasta,uce_chr3_9741_s.tre,1.106950
uce_chr3_9747_s.fasta,uce_chr3_9747_s.tre,0.999973
uce_chr3_9749_s.fasta,uce_chr3_9749_s.tre,1.146547
uce_chr3_9753_s.fasta,uce_chr3_9753_s.tre,1.254128
uce_chr3_9755_s.fasta,uce_chr3_9755_s.tre,1.162975
uce_chr3_9758_s.fasta,uce_chr3_9758_s.tre,1.170525
uce_chr3_9789_s.fasta,uce_chr3_9789_s.tre,1.194772
uce_chr4_10149_s.fasta,uce_chr4_10149_s.tre,1.178089
uce_chr4_10251_s.fasta,uce_chr4_10251_s.tre,1.094538
uce_chr4_10295_s.fasta,uce_chr4_10295_s.tre,1.235275
uce_chr4_10528_s.fasta,uce_chr4_10528_s.tre,1.253490
uce_chr4_10530_s.fasta,uce_chr4_10530_s.tre,1.118977
uce_chr4_10540_s.fasta,uce_chr4_10540_s.tre,1.289778
uce_chr4_10567_s.fasta,uce_chr4_10567_s.tre,1.282867
uce_chr4_10574_s.fasta,uce_chr4_10574_s.tre,1.564883
uce_chr4_10583_s.fasta,uce_chr4_10583_s.tre,1.225135
uce_chr4_10612_s.fasta,uce_chr4_10612_s.tre,1.065635
uce_chr4_11164_s.fasta,uce_chr4_11164_s.tre,1.104603
uce_chr4_11305_s.fasta,uce_chr4_11305_s.tre,1.141120
uce_chr4_188_s.fasta,uce_chr4_188_s.tre,1.381806
uce_chr4_6659_s.fasta,uce_chr4_6659_s.tre,1.461622
uce_chr4_6701_s.fasta,uce_chr4_6701_s.tre,1.119669
uce_chr4_6778_s.fasta,uce_chr4_6778_s.tre,1.228536
uce_chr4_7006_s.fasta,uce_chr4_7006_s.tre,1.142016
uce_chr4_7028_s.fasta,uce_chr4_7028_s.tre,1.173426
uce_chr4_7192_s.fasta,uce_chr4_7192_s.tre,1.061599
uce_chr4_7250_s.fasta,uce_chr4_7250_s.tre,1.090116
uce_chr4_7258_s.fasta,uce_chr4_7258_s.tre,1.060804
uce_chr4_7278_s.fasta,uce_chr4_7278_s.tre,1.139120
uce_chr4_7282_s.fasta,uce_chr4_7282_s.tre,1.121572
uce_chr4_7284_s.fasta,uce_chr4_7284_s.tre,1.050749
uce_chr4_7423_s.fasta,uce_chr4_7423_s.tre,1.195896
uce_chr4_7513_s.fasta,uce_chr4_7513_s.tre,1.100782
uce_chr4_7516_s.fasta,uce_chr4_7516_s.tre,1.082680
uce_chr4_7523_s.fasta,uce_chr4_7523_s.tre,1.250450
uce_chr4_7551_s.fasta,uce_chr4_7551_s.tre,1.218167
uce_chr4_7559_s.fasta,uce_chr4_7559_s.tre,1.033438
uce_chr4_7565_s.fasta,uce_chr4_7565_s.tre,1.068714
uce_chr4_7577_s.fasta,uce_chr4_7577_s.tre,1.078232
uce_chr4_7591_s.fasta,uce_chr4_7591_s.tre,1.074042
uce_chr4_7606_s.fasta,uce_chr4_7606_s.tre,1.153610
uce_chr4_8670_s.fasta,uce_chr4_8670_s.tre,1.065540
uce_chr4_8796_s.fasta,uce_chr4_8796_s.tre,1.098904
uce_chr4_8888_s.fasta,uce_chr4_8888_s.tre,1.189346
uce_chr4_8913_s.fasta,uce_chr4_8913_s.tre,1.128845
uce_chr4_8915_s.fasta,uce_chr4_8915_s.tre,1.188228
uce_chr4_894_s.fasta,uce_chr4_894_s.tre,1.112610
uce_chr4_9220_s.fasta,uce_chr4_9220_s.tre,1.218627
uce_chr4_9338_s.fasta,uce_chr4_9338_s.tre,1.184210
uce_chr4_9344_s.fasta,uce_chr4_9344_s.tre,1.120706
uce_chr4_9348_s.fasta,uce_chr4_9348_s.tre,1.225900
uce_chr4_9353_s.fasta,uce_chr4_9353_s.tre,1.205101
uce_chr4_9373_s.fasta,uce_chr4_9373_s.tre,1.114041
uce_chr4_9382_s.fasta,uce_chr4_9382_s.tre,1.188269
uce_chr4_9386_s.fasta,uce_chr4_9386_s.tre,1.077902
uce_chr4_9394_s.fasta,uce_chr4_9394_s.tre,1.128563
uce_chr4_9401_s.fasta,uce_chr4_9401_s.tre,1.096456
uce_chr4_9408_s.fasta,uce_chr4_9408_s.tre,1.063201
uce_chr4_9444_s.fasta,uce_chr4_9444_s.tre,1.058836
uce_chr4_9448_s.fasta,uce_chr4_9448_s.tre,1.169921
uce_chr4_9455_s.fasta,uce_chr4_9455_s.tre,1.191713
uce_chr4_9461_s.fasta,uce_chr4_9461_s.tre,0.776019
uce_chr4_9462_s.fasta,uce_chr4_9462_s.tre,1.362547
uce_chr4_9464_s.fasta,uce_chr4_9464_s.tre,1.071330
uce_chr4_9503_s.fasta,uce_chr4_9503_s.tre,1.143878
uce_chr4_9521_s.fasta,uce_chr4_9521_s.tre,1.142651
uce_chr4_9525_s.fasta,uce_chr4_9525_s.tre,1.317497
uce_chr4_9576_s.fasta,uce_chr4_9576_s.tre,1.066206
uce_chr4_9639_s.fasta,uce_chr4_9639_s.tre,1.131385
uce_chr4_9650_s.fasta,uce_chr4_9650_s.tre,1.126254
uce_chr4_9653_s.fasta,uce_chr4_9653_s.tre,1.111373
uce_chr4_9657_s.fasta,uce_chr4_9657_s.tre,1.142810
uce_chr4_9668_s.fasta,uce_chr4_9668_s.tre,1.192835
uce_chr4_9669_s.fasta,uce_chr4_9669_s.tre,1.149767
uce_chr4_9672_s.fasta,uce_chr4_9672_s.tre,1.386480
uce_chr4_9680_s.fasta,uce_chr4_9680_s.tre,1.250422
uce_chr4_9711_s.fasta,uce_chr4_9711_s.tre,1.076003
uce_chr4_9721_s.fasta,uce_chr4_9721_s.tre,1.171942
uce_chr4_9725_s.fasta,uce_chr4_9725_s.tre,1.131979
uce_chr4_9726_s.fasta,uce_chr4_9726_s.tre,1.157938
uce_chr4_9731_s.fasta,uce_chr4_9731_s.tre,1.084074
uce_chr4_9744_s.fasta,uce_chr4_9744_s.tre,1.013612
uce_chr4_9749_s.fasta,uce_chr4_9749_s.tre,1.157959
uce_chr4_9754_s.fasta,uce_chr4_9754_s.tre,1.183651
uce_chr4_9763_s.fasta,uce_chr4_9763_s.tre,1.181596
uce_chr4_9765_s.fasta,uce_chr4_9765_s.tre,1.263136
uce_chr4_9776_s.fasta,uce_chr4_9776_s.tre,1.185136
uce_chr4_9779_s.fasta,uce_chr4_9779_s.tre,1.143827
uce_chr4_9780_s.fasta,uce_chr4_9780_s.tre,1.167561
uce_chr4_9786_s.fasta,uce_chr4_9786_s.tre,1.136604
uce_chr4_9789_s.fasta,uce_chr4_9789_s.tre,1.031067
uce_chr4_9794_s.fasta,uce_chr4_9794_s.tre,1.197149
uce_chr4_9797_s.fasta,uce_chr4_9797_s.tre,1.241560
uce_chr4_9809_s.fasta,uce_chr4_9809_s.tre,1.194748
uce_chr4_9813_s.fasta,uce_chr4_9813_s.tre,1.202113
uce_chr4_9821_s.fasta,uce_chr4_9821_s.tre,1.216986
uce_chr4_9834_s.fasta,uce_chr4_9834_s.tre,1.031466
uce_chr4_9839_s.fasta,uce_chr4_9839_s.tre,1.133065
uce_chr4_9859_s.fasta,uce_chr4_9859_s.tre,1.157139
uce_chr4_9954_s.fasta,uce_chr4_9954_s.tre,1.049170
uce_chr5_10051_s.fasta,uce_chr5_10051_s.tre,1.039054
uce_chr5_10052_s.fasta,uce_chr5_10052_s.tre,1.075915
uce_chr5_10086_s.fasta,uce_chr5_10086_s.tre,1.089030
uce_chr5_10110_s.fasta,uce_chr5_10110_s.tre,1.268652
uce_chr5_10115_s.fasta,uce_chr5_10115_s.tre,1.059854
uce_chr5_10135_s.fasta,uce_chr5_10135_s.tre,1.037215
uce_chr5_10160_s.fasta,uce_chr5_10160_s.tre,1.162117
uce_chr5_10164_s.fasta,uce_chr5_10164_s.tre,1.157073
uce_chr5_10166_s.fasta,uce_chr5_10166_s.tre,1.081332
uce_chr5_10173_s.fasta,uce_chr5_10173_s.tre,1.068055
uce_chr5_10176_s.fasta,uce_chr5_10176_s.tre,1.118797
uce_chr5_10180_s.fasta,uce_chr5_10180_s.tre,1.169019
uce_chr5_10200_s.fasta,uce_chr5_10200_s.tre,1.190203
uce_chr5_10203_s.fasta,uce_chr5_10203_s.tre,1.135396
uce_chr5_10244_s.fasta,uce_chr5_10244_s.tre,1.089688
uce_chr5_10262_s.fasta,uce_chr5_10262_s.tre,1.147129
uce_chr5_10266_s.fasta,uce_chr5_10266_s.tre,1.116036
uce_chr5_10292_s.fasta,uce_chr5_10292_s.tre,1.135584
uce_chr5_10296_s.fasta,uce_chr5_10296_s.tre,1.233585
uce_chr5_10326_s.fasta,uce_chr5_10326_s.tre,1.131555
uce_chr5_10327_s.fasta,uce_chr5_10327_s.tre,1.159032
uce_chr5_10331_s.fasta,uce_chr5_10331_s.tre,1.265841
uce_chr5_10367_s.fasta,uce_chr5_10367_s.tre,1.115954
uce_chr5_10375_s.fasta,uce_chr5_10375_s.tre,1.115200
uce_chr5_10377_s.fasta,uce_chr5_10377_s.tre,1.029138
uce_chr5_10383_s.fasta,uce_chr5_10383_s.tre,1.035558
uce_chr5_10384_s.fasta,uce_chr5_10384_s.tre,1.090030
uce_chr5_10406_s.fasta,uce_chr5_10406_s.tre,1.121738
uce_chr5_10412_s.fasta,uce_chr5_10412_s.tre,1.146933
uce_chr5_10416_s.fasta,uce_chr5_10416_s.tre,1.108899
uce_chr5_10419_s.fasta,uce_chr5_10419_s.tre,1.585355
uce_chr5_10443_s.fasta,uce_chr5_10443_s.tre,1.109789
uce_chr5_10451_s.fasta,uce_chr5_10451_s.tre,1.058338
uce_chr5_10541_s.fasta,uce_chr5_10541_s.tre,1.074664
uce_chr5_10555_s.fasta,uce_chr5_10555_s.tre,1.084107
uce_chr5_1055_s.fasta,uce_chr5_1055_s.tre,1.224121
uce_chr5_10566_s.fasta,uce_chr5_10566_s.tre,1.062685
uce_chr5_10569_s.fasta,uce_chr5_10569_s.tre,1.108284
uce_chr5_1056_s.fasta,uce_chr5_1056_s.tre,1.234038
uce_chr5_10576_s.fasta,uce_chr5_10576_s.tre,1.150814
uce_chr5_10579_s.fasta,uce_chr5_10579_s.tre,1.177996
uce_chr5_1057_s.fasta,uce_chr5_1057_s.tre,1.359707
uce_chr5_10583_s.fasta,uce_chr5_10583_s.tre,1.177634
uce_chr5_10587_s.fasta,uce_chr5_10587_s.tre,1.083274
uce_chr5_10611_s.fasta,uce_chr5_10611_s.tre,1.088886
uce_chr5_10614_s.fasta,uce_chr5_10614_s.tre,1.212003
uce_chr5_10615_s.fasta,uce_chr5_10615_s.tre,1.175104
uce_chr5_10617_s.fasta,uce_chr5_10617_s.tre,1.088574
uce_chr5_1064_s.fasta,uce_chr5_1064_s.tre,1.143479
uce_chr5_10656_s.fasta,uce_chr5_10656_s.tre,1.240294
uce_chr5_10687_s.fasta,uce_chr5_10687_s.tre,1.119791
uce_chr5_10691_s.fasta,uce_chr5_10691_s.tre,1.110681
uce_chr5_10696_s.fasta,uce_chr5_10696_s.tre,1.103813
uce_chr5_10704_s.fasta,uce_chr5_10704_s.tre,1.030689
uce_chr5_10725_s.fasta,uce_chr5_10725_s.tre,1.151922
uce_chr5_10726_s.fasta,uce_chr5_10726_s.tre,1.016942
uce_chr5_10730_s.fasta,uce_chr5_10730_s.tre,1.065983
uce_chr5_10787_s.fasta,uce_chr5_10787_s.tre,1.136885
uce_chr5_10793_s.fasta,uce_chr5_10793_s.tre,0.980308
uce_chr5_10794_s.fasta,uce_chr5_10794_s.tre,1.166108
uce_chr5_10797_s.fasta,uce_chr5_10797_s.tre,1.133739
uce_chr5_10804_s.fasta,uce_chr5_10804_s.tre,1.361690
uce_chr5_10841_s.fasta,uce_chr5_10841_s.tre,1.062541
uce_chr5_10854_s.fasta,uce_chr5_10854_s.tre,1.027096
uce_chr5_10859_s.fasta,uce_chr5_10859_s.tre,1.177164
uce_chr5_10904_s.fasta,uce_chr5_10904_s.tre,1.098444
uce_chr5_10912_s.fasta,uce_chr5_10912_s.tre,1.075706
uce_chr5_10985_s.fasta,uce_chr5_10985_s.tre,1.169442
uce_chr5_11018_s.fasta,uce_chr5_11018_s.tre,1.131812
uce_chr5_11146_s.fasta,uce_chr5_11146_s.tre,1.192466
uce_chr5_11147_s.fasta,uce_chr5_11147_s.tre,1.439317
uce_chr5_11157_s.fasta,uce_chr5_11157_s.tre,1.127926
uce_chr5_11168_s.fasta,uce_chr5_11168_s.tre,1.191709
uce_chr5_11170_s.fasta,uce_chr5_11170_s.tre,1.196589
uce_chr5_11194_s.fasta,uce_chr5_11194_s.tre,1.077406
uce_chr5_11197_s.fasta,uce_chr5_11197_s.tre,1.125706
uce_chr5_11202_s.fasta,uce_chr5_11202_s.tre,1.195731
uce_chr5_11206_s.fasta,uce_chr5_11206_s.tre,1.072991
uce_chr5_11211_s.fasta,uce_chr5_11211_s.tre,1.141629
uce_chr5_11214_s.fasta,uce_chr5_11214_s.tre,1.159214
uce_chr5_11219_s.fasta,uce_chr5_11219_s.tre,1.159111
uce_chr5_11226_s.fasta,uce_chr5_11226_s.tre,1.179423
uce_chr5_11231_s.fasta,uce_chr5_11231_s.tre,1.210268
uce_chr5_11238_s.fasta,uce_chr5_11238_s.tre,1.059062
uce_chr5_11239_s.fasta,uce_chr5_11239_s.tre,1.075423
uce_chr5_11240_s.fasta,uce_chr5_11240_s.tre,1.243080
uce_chr5_11242_s.fasta,uce_chr5_11242_s.tre,1.244651
uce_chr5_11244_s.fasta,uce_chr5_11244_s.tre,1.221234
uce_chr5_11245_s.fasta,uce_chr5_11245_s.tre,1.072372
uce_chr5_11247_s.fasta,uce_chr5_11247_s.tre,1.044197
uce_chr5_11258_s.fasta,uce_chr5_11258_s.tre,1.260347
uce_chr5_11266_s.fasta,uce_chr5_11266_s.tre,1.231480
uce_chr5_11269_s.fasta,uce_chr5_11269_s.tre,1.177431
uce_chr5_11276_s.fasta,uce_chr5_11276_s.tre,1.049712
uce_chr5_11286_s.fasta,uce_chr5_11286_s.tre,1.117123
uce_chr5_11293_s.fasta,uce_chr5_11293_s.tre,1.047966
uce_chr5_11301_s.fasta,uce_chr5_11301_s.tre,1.089272
uce_chr5_11302_s.fasta,uce_chr5_11302_s.tre,1.041459
uce_chr5_11304_s.fasta,uce_chr5_11304_s.tre,1.088321
uce_chr5_11306_s.fasta,uce_chr5_11306_s.tre,1.141233
uce_chr5_11323_s.fasta,uce_chr5_11323_s.tre,1.224313
uce_chr5_11333_s.fasta,uce_chr5_11333_s.tre,1.080518
uce_chr5_11334_s.fasta,uce_chr5_11334_s.tre,1.073839
uce_chr5_11339_s.fasta,uce_chr5_11339_s.tre,1.101011
uce_chr5_11342_s.fasta,uce_chr5_11342_s.tre,1.230231
uce_chr5_11359_s.fasta,uce_chr5_11359_s.tre,1.072899
uce_chr5_11362_s.fasta,uce_chr5_11362_s.tre,1.067868
uce_chr5_11414_s.fasta,uce_chr5_11414_s.tre,1.150699
uce_chr5_11534_s.fasta,uce_chr5_11534_s.tre,1.163383
uce_chr5_11538_s.fasta,uce_chr5_11538_s.tre,1.109348
uce_chr5_11657_s.fasta,uce_chr5_11657_s.tre,1.141113
uce_chr5_11660_s.fasta,uce_chr5_11660_s.tre,1.121576
uce_chr5_11783_s.fasta,uce_chr5_11783_s.tre,1.155908
uce_chr5_11822_s.fasta,uce_chr5_11822_s.tre,1.245475
uce_chr5_12018_s.fasta,uce_chr5_12018_s.tre,1.090670
uce_chr5_12347_s.fasta,uce_chr5_12347_s.tre,1.170102
uce_chr5_12349_s.fasta,uce_chr5_12349_s.tre,1.162627
uce_chr5_12369_s.fasta,uce_chr5_12369_s.tre,1.119452
uce_chr5_12374_s.fasta,uce_chr5_12374_s.tre,1.165355
uce_chr5_12392_s.fasta,uce_chr5_12392_s.tre,1.332394
uce_chr5_12397_s.fasta,uce_chr5_12397_s.tre,1.147425
uce_chr5_12400_s.fasta,uce_chr5_12400_s.tre,1.134652
uce_chr5_12404_s.fasta,uce_chr5_12404_s.tre,1.185909
uce_chr5_12459_s.fasta,uce_chr5_12459_s.tre,1.107281
uce_chr5_12464_s.fasta,uce_chr5_12464_s.tre,1.185805
uce_chr5_12549_s.fasta,uce_chr5_12549_s.tre,1.043583
uce_chr5_12835_s.fasta,uce_chr5_12835_s.tre,1.136375
uce_chr5_13040_s.fasta,uce_chr5_13040_s.tre,1.070603
uce_chr5_13733_s.fasta,uce_chr5_13733_s.tre,1.262602
uce_chr5_13735_s.fasta,uce_chr5_13735_s.tre,1.183892
uce_chr5_14383_s.fasta,uce_chr5_14383_s.tre,1.125933
uce_chr5_14386_s.fasta,uce_chr5_14386_s.tre,1.362420
uce_chr5_14389_s.fasta,uce_chr5_14389_s.tre,1.026274
uce_chr5_14398_s.fasta,uce_chr5_14398_s.tre,1.098822
uce_chr5_14620_s.fasta,uce_chr5_14620_s.tre,1.117659
uce_chr5_14621_s.fasta,uce_chr5_14621_s.tre,1.194033
uce_chr5_14623_s.fasta,uce_chr5_14623_s.tre,1.078028
uce_chr5_14632_s.fasta,uce_chr5_14632_s.tre,1.112134
uce_chr5_14664_s.fasta,uce_chr5_14664_s.tre,1.163261
uce_chr5_14672_s.fasta,uce_chr5_14672_s.tre,1.144898
uce_chr5_14678_s.fasta,uce_chr5_14678_s.tre,1.177237
uce_chr5_14679_s.fasta,uce_chr5_14679_s.tre,1.073141
uce_chr5_14682_s.fasta,uce_chr5_14682_s.tre,1.088287
uce_chr5_14683_s.fasta,uce_chr5_14683_s.tre,1.090632
uce_chr5_14690_s.fasta,uce_chr5_14690_s.tre,1.101744
uce_chr5_14702_s.fasta,uce_chr5_14702_s.tre,1.136302
uce_chr5_14703_s.fasta,uce_chr5_14703_s.tre,1.125341
uce_chr5_14708_s.fasta,uce_chr5_14708_s.tre,1.064584
uce_chr5_14718_s.fasta,uce_chr5_14718_s.tre,1.295379
uce_chr5_14720_s.fasta,uce_chr5_14720_s.tre,1.136656
uce_chr5_14727_s.fasta,uce_chr5_14727_s.tre,1.073560
uce_chr5_14754_s.fasta,uce_chr5_14754_s.tre,1.054208
uce_chr5_14763_s.fasta,uce_chr5_14763_s.tre,1.093314
uce_chr5_14778_s.fasta,uce_chr5_14778_s.tre,1.133513
uce_chr5_14781_s.fasta,uce_chr5_14781_s.tre,1.062929
uce_chr5_14830_s.fasta,uce_chr5_14830_s.tre,1.118927
uce_chr5_14846_s.fasta,uce_chr5_14846_s.tre,1.085724
uce_chr5_14864_s.fasta,uce_chr5_14864_s.tre,1.348796
uce_chr5_14867_s.fasta,uce_chr5_14867_s.tre,1.062769
uce_chr5_14872_s.fasta,uce_chr5_14872_s.tre,1.113075
uce_chr5_14876_s.fasta,uce_chr5_14876_s.tre,1.147321
uce_chr5_14922_s.fasta,uce_chr5_14922_s.tre,1.156542
uce_chr5_14963_s.fasta,uce_chr5_14963_s.tre,1.068115
uce_chr5_15022_s.fasta,uce_chr5_15022_s.tre,1.083495
uce_chr5_15030_s.fasta,uce_chr5_15030_s.tre,1.115630
uce_chr5_15064_s.fasta,uce_chr5_15064_s.tre,0.958057
uce_chr5_15069_s.fasta,uce_chr5_15069_s.tre,1.151451
uce_chr5_15073_s.fasta,uce_chr5_15073_s.tre,1.153285
uce_chr5_15083_s.fasta,uce_chr5_15083_s.tre,1.095605
uce_chr5_15086_s.fasta,uce_chr5_15086_s.tre,1.076850
uce_chr5_15102_s.fasta,uce_chr5_15102_s.tre,1.057323
uce_chr5_15106_s.fasta,uce_chr5_15106_s.tre,1.088648
uce_chr5_15107_s.fasta,uce_chr5_15107_s.tre,1.163516
uce_chr5_15939_s.fasta,uce_chr5_15939_s.tre,1.132251
uce_chr5_1597_s.fasta,uce_chr5_1597_s.tre,1.173299
uce_chr5_16011_s.fasta,uce_chr5_16011_s.tre,1.243147
uce_chr5_16019_s.fasta,uce_chr5_16019_s.tre,1.238594
uce_chr5_1674_s.fasta,uce_chr5_1674_s.tre,1.080498
uce_chr5_1675_s.fasta,uce_chr5_1675_s.tre,1.172947
uce_chr5_1689_s.fasta,uce_chr5_1689_s.tre,1.280627
uce_chr5_16904_s.fasta,uce_chr5_16904_s.tre,1.220317
uce_chr5_1701_s.fasta,uce_chr5_1701_s.tre,1.115655
uce_chr5_1706_s.fasta,uce_chr5_1706_s.tre,1.247435
uce_chr5_1718_s.fasta,uce_chr5_1718_s.tre,1.209375
uce_chr5_1737_s.fasta,uce_chr5_1737_s.tre,1.126384
uce_chr5_1747_s.fasta,uce_chr5_1747_s.tre,1.129297
uce_chr5_1788_s.fasta,uce_chr5_1788_s.tre,1.265754
uce_chr5_1796_s.fasta,uce_chr5_1796_s.tre,1.117873
uce_chr5_1800_s.fasta,uce_chr5_1800_s.tre,1.144390
uce_chr5_18035_s.fasta,uce_chr5_18035_s.tre,1.068258
uce_chr5_1813_s.fasta,uce_chr5_1813_s.tre,1.025449
uce_chr5_1836_s.fasta,uce_chr5_1836_s.tre,1.110413
uce_chr5_1839_s.fasta,uce_chr5_1839_s.tre,1.157805
uce_chr5_2308_s.fasta,uce_chr5_2308_s.tre,1.130399
uce_chr5_2918_s.fasta,uce_chr5_2918_s.tre,1.175586
uce_chr5_2925_s.fasta,uce_chr5_2925_s.tre,1.157965
uce_chr5_2947_s.fasta,uce_chr5_2947_s.tre,1.265912
uce_chr5_2960_s.fasta,uce_chr5_2960_s.tre,1.065897
uce_chr5_2962_s.fasta,uce_chr5_2962_s.tre,1.180812
uce_chr5_2964_s.fasta,uce_chr5_2964_s.tre,1.124644
uce_chr5_2978_s.fasta,uce_chr5_2978_s.tre,1.081343
uce_chr5_2984_s.fasta,uce_chr5_2984_s.tre,1.076632
uce_chr5_3001_s.fasta,uce_chr5_3001_s.tre,1.130708
uce_chr5_3014_s.fasta,uce_chr5_3014_s.tre,1.202476
uce_chr5_3024_s.fasta,uce_chr5_3024_s.tre,1.196160
uce_chr5_3025_s.fasta,uce_chr5_3025_s.tre,1.223320
uce_chr5_3033_s.fasta,uce_chr5_3033_s.tre,1.326031
uce_chr5_3040_s.fasta,uce_chr5_3040_s.tre,1.235640
uce_chr5_3167_s.fasta,uce_chr5_3167_s.tre,1.204575
uce_chr5_3181_s.fasta,uce_chr5_3181_s.tre,1.040448
uce_chr5_3186_s.fasta,uce_chr5_3186_s.tre,1.103743
uce_chr5_3194_s.fasta,uce_chr5_3194_s.tre,1.131573
uce_chr5_3204_s.fasta,uce_chr5_3204_s.tre,1.151202
uce_chr5_3213_s.fasta,uce_chr5_3213_s.tre,1.208658
uce_chr5_3223_s.fasta,uce_chr5_3223_s.tre,1.042374
uce_chr5_3243_s.fasta,uce_chr5_3243_s.tre,1.179666
uce_chr5_3255_s.fasta,uce_chr5_3255_s.tre,1.187231
uce_chr5_3280_s.fasta,uce_chr5_3280_s.tre,1.188880
uce_chr5_3294_s.fasta,uce_chr5_3294_s.tre,1.105389
uce_chr5_3295_s.fasta,uce_chr5_3295_s.tre,1.038055
uce_chr5_3310_s.fasta,uce_chr5_3310_s.tre,1.034204
uce_chr5_3312_s.fasta,uce_chr5_3312_s.tre,1.181694
uce_chr5_3325_s.fasta,uce_chr5_3325_s.tre,1.056315
uce_chr5_3328_s.fasta,uce_chr5_3328_s.tre,1.007933
uce_chr5_3332_s.fasta,uce_chr5_3332_s.tre,1.047615
uce_chr5_3341_s.fasta,uce_chr5_3341_s.tre,1.062701
uce_chr5_3342_s.fasta,uce_chr5_3342_s.tre,1.149340
uce_chr5_3353_s.fasta,uce_chr5_3353_s.tre,1.157777
uce_chr5_3384_s.fasta,uce_chr5_3384_s.tre,1.046952
uce_chr5_3393_s.fasta,uce_chr5_3393_s.tre,1.195041
uce_chr5_3405_s.fasta,uce_chr5_3405_s.tre,1.116834
uce_chr5_3425_s.fasta,uce_chr5_3425_s.tre,1.230478
uce_chr5_3446_s.fasta,uce_chr5_3446_s.tre,1.121765
uce_chr5_3487_s.fasta,uce_chr5_3487_s.tre,1.381026
uce_chr5_355_s.fasta,uce_chr5_355_s.tre,1.233353
uce_chr5_3756_s.fasta,uce_chr5_3756_s.tre,1.119009
uce_chr5_5571_s.fasta,uce_chr5_5571_s.tre,1.071197
uce_chr5_5591_s.fasta,uce_chr5_5591_s.tre,1.048532
uce_chr5_5596_s.fasta,uce_chr5_5596_s.tre,1.065683
uce_chr5_5674_s.fasta,uce_chr5_5674_s.tre,1.439991
uce_chr5_5841_s.fasta,uce_chr5_5841_s.tre,1.131669
uce_chr5_5845_s.fasta,uce_chr5_5845_s.tre,1.075679
uce_chr5_5848_s.fasta,uce_chr5_5848_s.tre,1.117727
uce_chr5_5859_s.fasta,uce_chr5_5859_s.tre,1.024769
uce_chr5_6551_s.fasta,uce_chr5_6551_s.tre,1.032670
uce_chr5_7221_s.fasta,uce_chr5_7221_s.tre,1.322427
uce_chr5_7820_s.fasta,uce_chr5_7820_s.tre,1.168145
uce_chr5_7879_s.fasta,uce_chr5_7879_s.tre,1.105435
uce_chr5_8057_s.fasta,uce_chr5_8057_s.tre,1.133686
uce_chr5_9279_s.fasta,uce_chr5_9279_s.tre,1.160613
uce_chr5_9556_s.fasta,uce_chr5_9556_s.tre,1.232117
uce_chr5_9559_s.fasta,uce_chr5_9559_s.tre,1.196754
uce_chr5_9863_s.fasta,uce_chr5_9863_s.tre,1.009208
uce_chr5_9866_s.fasta,uce_chr5_9866_s.tre,1.197547
uce_chr5_9877_s.fasta,uce_chr5_9877_s.tre,1.074159
uce_chr5_9881_s.fasta,uce_chr5_9881_s.tre,1.384217
uce_chr5_9883_s.fasta,uce_chr5_9883_s.tre,1.121330
uce_chr6_10010_s.fasta,uce_chr6_10010_s.tre,1.080210
uce_chr6_10018_s.fasta,uce_chr6_10018_s.tre,1.204891
uce_chr6_10033_s.fasta,uce_chr6_10033_s.tre,1.206402
uce_chr6_10056_s.fasta,uce_chr6_10056_s.tre,1.112768
uce_chr6_10759_s.fasta,uce_chr6_10759_s.tre,1.047777
uce_chr6_10763_s.fasta,uce_chr6_10763_s.tre,1.052764
uce_chr6_10764_s.fasta,uce_chr6_10764_s.tre,1.202197
uce_chr6_10771_s.fasta,uce_chr6_10771_s.tre,1.147745
uce_chr6_10779_s.fasta,uce_chr6_10779_s.tre,1.417887
uce_chr6_10786_s.fasta,uce_chr6_10786_s.tre,1.231947
uce_chr6_10789_s.fasta,uce_chr6_10789_s.tre,1.218615
uce_chr6_10794_s.fasta,uce_chr6_10794_s.tre,1.259716
uce_chr6_10800_s.fasta,uce_chr6_10800_s.tre,1.155040
uce_chr6_10816_s.fasta,uce_chr6_10816_s.tre,1.215065
uce_chr6_10831_s.fasta,uce_chr6_10831_s.tre,1.232573
uce_chr6_10836_s.fasta,uce_chr6_10836_s.tre,1.154631
uce_chr6_10845_s.fasta,uce_chr6_10845_s.tre,1.159094
uce_chr6_10846_s.fasta,uce_chr6_10846_s.tre,1.111449
uce_chr6_10847_s.fasta,uce_chr6_10847_s.tre,1.349954
uce_chr6_10852_s.fasta,uce_chr6_10852_s.tre,1.295220
uce_chr6_10902_s.fasta,uce_chr6_10902_s.tre,1.195543
uce_chr6_10922_s.fasta,uce_chr6_10922_s.tre,1.140479
uce_chr6_10924_s.fasta,uce_chr6_10924_s.tre,1.104044
uce_chr6_10938_s.fasta,uce_chr6_10938_s.tre,1.336017
uce_chr6_10944_s.fasta,uce_chr6_10944_s.tre,1.164483
uce_chr6_10947_s.fasta,uce_chr6_10947_s.tre,1.189826
uce_chr6_10950_s.fasta,uce_chr6_10950_s.tre,1.036238
uce_chr6_10956_s.fasta,uce_chr6_10956_s.tre,1.269730
uce_chr6_10961_s.fasta,uce_chr6_10961_s.tre,1.203622
uce_chr6_10965_s.fasta,uce_chr6_10965_s.tre,1.341029
uce_chr6_10968_s.fasta,uce_chr6_10968_s.tre,1.286840
uce_chr6_10984_s.fasta,uce_chr6_10984_s.tre,1.173541
uce_chr6_10989_s.fasta,uce_chr6_10989_s.tre,1.073830
uce_chr6_11011_s.fasta,uce_chr6_11011_s.tre,1.293526
uce_chr6_11012_s.fasta,uce_chr6_11012_s.tre,1.101077
uce_chr6_11018_s.fasta,uce_chr6_11018_s.tre,1.055375
uce_chr6_11022_s.fasta,uce_chr6_11022_s.tre,1.344944
uce_chr6_11023_s.fasta,uce_chr6_11023_s.tre,1.318544
uce_chr6_11039_s.fasta,uce_chr6_11039_s.tre,0.998072
uce_chr6_11044_s.fasta,uce_chr6_11044_s.tre,1.234901
uce_chr6_11046_s.fasta,uce_chr6_11046_s.tre,1.161098
uce_chr6_11063_s.fasta,uce_chr6_11063_s.tre,1.130832
uce_chr6_11067_s.fasta,uce_chr6_11067_s.tre,1.133835
uce_chr6_11097_s.fasta,uce_chr6_11097_s.tre,1.065557
uce_chr6_11099_s.fasta,uce_chr6_11099_s.tre,1.049116
uce_chr6_11104_s.fasta,uce_chr6_11104_s.tre,1.105950
uce_chr6_11109_s.fasta,uce_chr6_11109_s.tre,1.130828
uce_chr6_11111_s.fasta,uce_chr6_11111_s.tre,1.214361
uce_chr6_11115_s.fasta,uce_chr6_11115_s.tre,1.014750
uce_chr6_11127_s.fasta,uce_chr6_11127_s.tre,1.175815
uce_chr6_11129_s.fasta,uce_chr6_11129_s.tre,1.110788
uce_chr6_11130_s.fasta,uce_chr6_11130_s.tre,1.151755
uce_chr6_11135_s.fasta,uce_chr6_11135_s.tre,1.076510
uce_chr6_11139_s.fasta,uce_chr6_11139_s.tre,1.098953
uce_chr6_11141_s.fasta,uce_chr6_11141_s.tre,1.014991
uce_chr6_11143_s.fasta,uce_chr6_11143_s.tre,1.310209
uce_chr6_11152_s.fasta,uce_chr6_11152_s.tre,1.331172
uce_chr6_11163_s.fasta,uce_chr6_11163_s.tre,1.309160
uce_chr6_11174_s.fasta,uce_chr6_11174_s.tre,1.058564
uce_chr6_11178_s.fasta,uce_chr6_11178_s.tre,1.141768
uce_chr6_11179_s.fasta,uce_chr6_11179_s.tre,1.087069
uce_chr6_11195_s.fasta,uce_chr6_11195_s.tre,1.134773
uce_chr6_11196_s.fasta,uce_chr6_11196_s.tre,1.039330
uce_chr6_11204_s.fasta,uce_chr6_11204_s.tre,1.093407
uce_chr6_11213_s.fasta,uce_chr6_11213_s.tre,1.173377
uce_chr6_11239_s.fasta,uce_chr6_11239_s.tre,1.227169
uce_chr6_11241_s.fasta,uce_chr6_11241_s.tre,1.123584
uce_chr6_11243_s.fasta,uce_chr6_11243_s.tre,1.317305
uce_chr6_11250_s.fasta,uce_chr6_11250_s.tre,1.129625
uce_chr6_11251_s.fasta,uce_chr6_11251_s.tre,1.094786
uce_chr6_11267_s.fasta,uce_chr6_11267_s.tre,1.175470
uce_chr6_11269_s.fasta,uce_chr6_11269_s.tre,1.291815
uce_chr6_11286_s.fasta,uce_chr6_11286_s.tre,1.185141
uce_chr6_11297_s.fasta,uce_chr6_11297_s.tre,1.126976
uce_chr6_11298_s.fasta,uce_chr6_11298_s.tre,0.997219
uce_chr6_11303_s.fasta,uce_chr6_11303_s.tre,1.127934
uce_chr6_11315_s.fasta,uce_chr6_11315_s.tre,1.129306
uce_chr6_1336_s.fasta,uce_chr6_1336_s.tre,1.286997
uce_chr6_1423_s.fasta,uce_chr6_1423_s.tre,1.126329
uce_chr6_1542_s.fasta,uce_chr6_1542_s.tre,0.940656
uce_chr6_1544_s.fasta,uce_chr6_1544_s.tre,0.936463
uce_chr6_1554_s.fasta,uce_chr6_1554_s.tre,1.212062
uce_chr6_169_s.fasta,uce_chr6_169_s.tre,1.141047
uce_chr6_1992_s.fasta,uce_chr6_1992_s.tre,1.036191
uce_chr6_2779_s.fasta,uce_chr6_2779_s.tre,1.155231
uce_chr6_2814_s.fasta,uce_chr6_2814_s.tre,1.111835
uce_chr6_283_s.fasta,uce_chr6_283_s.tre,1.256670
uce_chr6_2875_s.fasta,uce_chr6_2875_s.tre,1.182289
uce_chr6_3018_s.fasta,uce_chr6_3018_s.tre,1.146527
uce_chr6_3045_s.fasta,uce_chr6_3045_s.tre,1.289245
uce_chr6_3086_s.fasta,uce_chr6_3086_s.tre,1.158147
uce_chr6_3102_s.fasta,uce_chr6_3102_s.tre,1.183999
uce_chr6_3116_s.fasta,uce_chr6_3116_s.tre,1.152753
uce_chr6_3134_s.fasta,uce_chr6_3134_s.tre,1.129818
uce_chr6_3138_s.fasta,uce_chr6_3138_s.tre,1.175006
uce_chr6_3147_s.fasta,uce_chr6_3147_s.tre,1.093500
uce_chr6_3161_s.fasta,uce_chr6_3161_s.tre,1.211259
uce_chr6_3170_s.fasta,uce_chr6_3170_s.tre,1.074142
uce_chr6_3178_s.fasta,uce_chr6_3178_s.tre,1.076103
uce_chr6_3196_s.fasta,uce_chr6_3196_s.tre,1.073666
uce_chr6_3198_s.fasta,uce_chr6_3198_s.tre,1.208964
uce_chr6_3211_s.fasta,uce_chr6_3211_s.tre,1.150917
uce_chr6_3215_s.fasta,uce_chr6_3215_s.tre,1.092938
uce_chr6_3217_s.fasta,uce_chr6_3217_s.tre,1.394971
uce_chr6_3219_s.fasta,uce_chr6_3219_s.tre,1.205832
uce_chr6_3224_s.fasta,uce_chr6_3224_s.tre,1.263086
uce_chr6_3230_s.fasta,uce_chr6_3230_s.tre,1.197441
uce_chr6_3247_s.fasta,uce_chr6_3247_s.tre,1.155428
uce_chr6_3251_s.fasta,uce_chr6_3251_s.tre,1.210135
uce_chr6_3255_s.fasta,uce_chr6_3255_s.tre,1.188141
uce_chr6_3256_s.fasta,uce_chr6_3256_s.tre,1.046949
uce_chr6_3257_s.fasta,uce_chr6_3257_s.tre,1.113607
uce_chr6_3258_s.fasta,uce_chr6_3258_s.tre,1.099082
uce_chr6_3262_s.fasta,uce_chr6_3262_s.tre,1.103334
uce_chr6_3265_s.fasta,uce_chr6_3265_s.tre,1.114436
uce_chr6_3270_s.fasta,uce_chr6_3270_s.tre,1.145948
uce_chr6_3272_s.fasta,uce_chr6_3272_s.tre,1.147563
uce_chr6_3275_s.fasta,uce_chr6_3275_s.tre,1.056417
uce_chr6_3284_s.fasta,uce_chr6_3284_s.tre,1.110776
uce_chr6_3291_s.fasta,uce_chr6_3291_s.tre,1.034761
uce_chr6_3324_s.fasta,uce_chr6_3324_s.tre,1.082873
uce_chr6_3326_s.fasta,uce_chr6_3326_s.tre,1.030536
uce_chr6_3357_s.fasta,uce_chr6_3357_s.tre,1.130487
uce_chr6_3430_s.fasta,uce_chr6_3430_s.tre,1.182145
uce_chr6_3939_s.fasta,uce_chr6_3939_s.tre,1.165995
uce_chr6_4027_s.fasta,uce_chr6_4027_s.tre,1.261264
uce_chr6_4057_s.fasta,uce_chr6_4057_s.tre,1.082777
uce_chr6_4059_s.fasta,uce_chr6_4059_s.tre,1.333854
uce_chr6_4081_s.fasta,uce_chr6_4081_s.tre,1.092214
uce_chr6_4086_s.fasta,uce_chr6_4086_s.tre,1.087099
uce_chr6_4094_s.fasta,uce_chr6_4094_s.tre,1.172619
uce_chr6_4101_s.fasta,uce_chr6_4101_s.tre,1.168533
uce_chr6_4104_s.fasta,uce_chr6_4104_s.tre,1.129791
uce_chr6_4107_s.fasta,uce_chr6_4107_s.tre,1.083586
uce_chr6_4109_s.fasta,uce_chr6_4109_s.tre,1.145201
uce_chr6_4112_s.fasta,uce_chr6_4112_s.tre,1.240168
uce_chr6_4115_s.fasta,uce_chr6_4115_s.tre,1.110173
uce_chr6_4116_s.fasta,uce_chr6_4116_s.tre,1.159027
uce_chr6_4118_s.fasta,uce_chr6_4118_s.tre,1.185840
uce_chr6_4125_s.fasta,uce_chr6_4125_s.tre,1.223794
uce_chr6_4126_s.fasta,uce_chr6_4126_s.tre,1.343785
uce_chr6_4131_s.fasta,uce_chr6_4131_s.tre,1.256814
uce_chr6_4139_s.fasta,uce_chr6_4139_s.tre,1.256472
uce_chr6_4403_s.fasta,uce_chr6_4403_s.tre,1.125547
uce_chr6_4409_s.fasta,uce_chr6_4409_s.tre,1.259681
uce_chr6_4956_s.fasta,uce_chr6_4956_s.tre,1.282625
uce_chr6_5079_s.fasta,uce_chr6_5079_s.tre,1.187394
uce_chr6_5085_s.fasta,uce_chr6_5085_s.tre,1.022579
uce_chr6_5297_s.fasta,uce_chr6_5297_s.tre,1.053909
uce_chr6_5852_s.fasta,uce_chr6_5852_s.tre,1.087132
uce_chr6_5890_s.fasta,uce_chr6_5890_s.tre,1.056064
uce_chr6_5902_s.fasta,uce_chr6_5902_s.tre,1.082015
uce_chr6_5962_s.fasta,uce_chr6_5962_s.tre,1.128952
uce_chr6_5967_s.fasta,uce_chr6_5967_s.tre,1.120413
uce_chr6_5970_s.fasta,uce_chr6_5970_s.tre,1.326412
uce_chr6_5980_s.fasta,uce_chr6_5980_s.tre,1.230354
uce_chr6_5999_s.fasta,uce_chr6_5999_s.tre,1.114378
uce_chr6_628_s.fasta,uce_chr6_628_s.tre,1.077970
uce_chr6_7105_s.fasta,uce_chr6_7105_s.tre,1.079510
uce_chr6_7106_s.fasta,uce_chr6_7106_s.tre,1.117469
uce_chr6_7111_s.fasta,uce_chr6_7111_s.tre,0.993687
uce_chr6_7113_s.fasta,uce_chr6_7113_s.tre,1.131966
uce_chr6_7124_s.fasta,uce_chr6_7124_s.tre,1.033058
uce_chr6_7142_s.fasta,uce_chr6_7142_s.tre,1.035543
uce_chr6_7143_s.fasta,uce_chr6_7143_s.tre,1.226316
uce_chr6_7175_s.fasta,uce_chr6_7175_s.tre,1.143936
uce_chr6_7181_s.fasta,uce_chr6_7181_s.tre,1.045866
uce_chr6_7185_s.fasta,uce_chr6_7185_s.tre,1.174761
uce_chr6_7188_s.fasta,uce_chr6_7188_s.tre,1.145422
uce_chr6_7190_s.fasta,uce_chr6_7190_s.tre,1.039711
uce_chr6_7207_s.fasta,uce_chr6_7207_s.tre,1.126023
uce_chr6_7239_s.fasta,uce_chr6_7239_s.tre,1.197814
uce_chr6_7275_s.fasta,uce_chr6_7275_s.tre,1.137621
uce_chr6_7277_s.fasta,uce_chr6_7277_s.tre,1.070666
uce_chr6_7323_s.fasta,uce_chr6_7323_s.tre,1.232206
uce_chr6_7324_s.fasta,uce_chr6_7324_s.tre,1.178469
uce_chr6_7340_s.fasta,uce_chr6_7340_s.tre,1.238031
uce_chr6_7868_s.fasta,uce_chr6_7868_s.tre,1.002689
uce_chr6_7943_s.fasta,uce_chr6_7943_s.tre,1.130332
uce_chr6_7959_s.fasta,uce_chr6_7959_s.tre,1.171040
uce_chr6_7972_s.fasta,uce_chr6_7972_s.tre,1.076411
uce_chr6_8017_s.fasta,uce_chr6_8017_s.tre,1.117577
uce_chr6_8088_s.fasta,uce_chr6_8088_s.tre,1.109590
uce_chr6_824_s.fasta,uce_chr6_824_s.tre,1.065989
uce_chr6_8742_s.fasta,uce_chr6_8742_s.tre,1.663251
uce_chr6_8744_s.fasta,uce_chr6_8744_s.tre,1.163059
uce_chr6_8771_s.fasta,uce_chr6_8771_s.tre,1.179078
uce_chr6_8801_s.fasta,uce_chr6_8801_s.tre,1.118866
uce_chr6_8806_s.fasta,uce_chr6_8806_s.tre,1.233398
uce_chr6_8822_s.fasta,uce_chr6_8822_s.tre,1.124391
uce_chr6_8827_s.fasta,uce_chr6_8827_s.tre,1.113498
uce_chr6_8828_s.fasta,uce_chr6_8828_s.tre,1.130261
uce_chr6_8836_s.fasta,uce_chr6_8836_s.tre,1.121063
uce_chr6_9024_s.fasta,uce_chr6_9024_s.tre,1.140185
uce_chr6_9069_s.fasta,uce_chr6_9069_s.tre,1.609351
uce_chr6_9092_s.fasta,uce_chr6_9092_s.tre,1.126302
uce_chr6_9447_s.fasta,uce_chr6_9447_s.tre,1.189490
uce_chr6_9464_s.fasta,uce_chr6_9464_s.tre,1.150117
uce_chr6_9474_s.fasta,uce_chr6_9474_s.tre,1.128009
uce_chr6_9484_s.fasta,uce_chr6_9484_s.tre,1.128857
uce_chr6_9493_s.fasta,uce_chr6_9493_s.tre,1.266561
uce_chr6_9502_s.fasta,uce_chr6_9502_s.tre,1.182452
uce_chr6_9522_s.fasta,uce_chr6_9522_s.tre,1.194529
uce_chr6_9527_s.fasta,uce_chr6_9527_s.tre,1.195838
uce_chr6_9557_s.fasta,uce_chr6_9557_s.tre,1.129277
uce_chr6_9562_s.fasta,uce_chr6_9562_s.tre,1.019750
uce_chr6_9574_s.fasta,uce_chr6_9574_s.tre,1.217858
uce_chr6_9592_s.fasta,uce_chr6_9592_s.tre,1.073977
uce_chr6_9594_s.fasta,uce_chr6_9594_s.tre,1.265693
uce_chr6_9601_s.fasta,uce_chr6_9601_s.tre,1.206653
uce_chr6_9615_s.fasta,uce_chr6_9615_s.tre,1.257371
uce_chr6_9631_s.fasta,uce_chr6_9631_s.tre,1.230919
uce_chr6_9632_s.fasta,uce_chr6_9632_s.tre,1.437497
uce_chr6_9634_s.fasta,uce_chr6_9634_s.tre,1.319275
uce_chr6_9640_s.fasta,uce_chr6_9640_s.tre,1.440216
uce_chr6_9671_s.fasta,uce_chr6_9671_s.tre,1.056440
uce_chr6_9679_s.fasta,uce_chr6_9679_s.tre,1.035618
uce_chr6_9686_s.fasta,uce_chr6_9686_s.tre,1.152767
uce_chr6_9701_s.fasta,uce_chr6_9701_s.tre,1.242892
uce_chr6_9702_s.fasta,uce_chr6_9702_s.tre,1.136427
uce_chr6_9706_s.fasta,uce_chr6_9706_s.tre,1.160215
uce_chr6_9733_s.fasta,uce_chr6_9733_s.tre,1.213845
uce_chr6_9743_s.fasta,uce_chr6_9743_s.tre,1.832152
uce_chr6_9746_s.fasta,uce_chr6_9746_s.tre,1.259460
uce_chr6_9756_s.fasta,uce_chr6_9756_s.tre,1.179408
uce_chr6_9760_s.fasta,uce_chr6_9760_s.tre,1.094730
uce_chr6_9762_s.fasta,uce_chr6_9762_s.tre,1.123340
uce_chr6_9784_s.fasta,uce_chr6_9784_s.tre,1.107041
uce_chr6_9787_s.fasta,uce_chr6_9787_s.tre,1.114711
uce_chr6_9788_s.fasta,uce_chr6_9788_s.tre,1.058791
uce_chr6_9789_s.fasta,uce_chr6_9789_s.tre,1.007279
uce_chr6_9797_s.fasta,uce_chr6_9797_s.tre,1.030885
uce_chr6_9798_s.fasta,uce_chr6_9798_s.tre,1.122240
uce_chr6_9799_s.fasta,uce_chr6_9799_s.tre,1.271563
uce_chr6_9804_s.fasta,uce_chr6_9804_s.tre,1.046520
uce_chr6_9808_s.fasta,uce_chr6_9808_s.tre,1.066355
uce_chr6_9811_s.fasta,uce_chr6_9811_s.tre,1.231311
uce_chr7_10160_s.fasta,uce_chr7_10160_s.tre,1.158697
uce_chr7_10295_s.fasta,uce_chr7_10295_s.tre,1.079278
uce_chr7_10304_s.fasta,uce_chr7_10304_s.tre,1.006518
uce_chr7_10322_s.fasta,uce_chr7_10322_s.tre,1.132234
uce_chr7_10331_s.fasta,uce_chr7_10331_s.tre,1.156398
uce_chr7_10340_s.fasta,uce_chr7_10340_s.tre,1.118980
uce_chr7_10378_s.fasta,uce_chr7_10378_s.tre,1.323469
uce_chr7_10379_s.fasta,uce_chr7_10379_s.tre,1.179507
uce_chr7_10381_s.fasta,uce_chr7_10381_s.tre,1.125643
uce_chr7_10382_s.fasta,uce_chr7_10382_s.tre,1.154558
uce_chr7_10394_s.fasta,uce_chr7_10394_s.tre,1.044528
uce_chr7_10395_s.fasta,uce_chr7_10395_s.tre,1.095973
uce_chr7_10402_s.fasta,uce_chr7_10402_s.tre,1.217304
uce_chr7_10409_s.fasta,uce_chr7_10409_s.tre,1.130449
uce_chr7_10431_s.fasta,uce_chr7_10431_s.tre,1.196993
uce_chr7_10434_s.fasta,uce_chr7_10434_s.tre,1.316397
uce_chr7_10437_s.fasta,uce_chr7_10437_s.tre,1.217522
uce_chr7_10440_s.fasta,uce_chr7_10440_s.tre,1.553659
uce_chr7_10443_s.fasta,uce_chr7_10443_s.tre,1.532912
uce_chr7_10444_s.fasta,uce_chr7_10444_s.tre,1.215771
uce_chr7_10452_s.fasta,uce_chr7_10452_s.tre,1.292100
uce_chr7_10487_s.fasta,uce_chr7_10487_s.tre,1.128247
uce_chr7_10488_s.fasta,uce_chr7_10488_s.tre,1.005511
uce_chr7_10497_s.fasta,uce_chr7_10497_s.tre,1.211215
uce_chr7_10502_s.fasta,uce_chr7_10502_s.tre,1.212950
uce_chr7_10504_s.fasta,uce_chr7_10504_s.tre,1.258188
uce_chr7_10509_s.fasta,uce_chr7_10509_s.tre,1.177564
uce_chr7_10512_s.fasta,uce_chr7_10512_s.tre,1.071804
uce_chr7_10528_s.fasta,uce_chr7_10528_s.tre,1.148540
uce_chr7_10530_s.fasta,uce_chr7_10530_s.tre,1.131589
uce_chr7_10532_s.fasta,uce_chr7_10532_s.tre,1.223445
uce_chr7_10535_s.fasta,uce_chr7_10535_s.tre,1.224981
uce_chr7_10549_s.fasta,uce_chr7_10549_s.tre,1.126409
uce_chr7_10552_s.fasta,uce_chr7_10552_s.tre,1.195291
uce_chr7_10555_s.fasta,uce_chr7_10555_s.tre,1.054571
uce_chr7_10581_s.fasta,uce_chr7_10581_s.tre,1.086053
uce_chr7_10584_s.fasta,uce_chr7_10584_s.tre,1.177937
uce_chr7_10603_s.fasta,uce_chr7_10603_s.tre,1.142536
uce_chr7_10618_s.fasta,uce_chr7_10618_s.tre,1.388699
uce_chr7_10623_s.fasta,uce_chr7_10623_s.tre,1.116099
uce_chr7_10630_s.fasta,uce_chr7_10630_s.tre,1.273944
uce_chr7_10631_s.fasta,uce_chr7_10631_s.tre,1.063248
uce_chr7_10649_s.fasta,uce_chr7_10649_s.tre,1.226750
uce_chr7_10694_s.fasta,uce_chr7_10694_s.tre,1.164791
uce_chr7_10705_s.fasta,uce_chr7_10705_s.tre,1.250631
uce_chr7_10708_s.fasta,uce_chr7_10708_s.tre,1.322804
uce_chr7_10735_s.fasta,uce_chr7_10735_s.tre,1.141806
uce_chr7_10754_s.fasta,uce_chr7_10754_s.tre,1.042831
uce_chr7_10832_s.fasta,uce_chr7_10832_s.tre,1.159685
uce_chr7_10839_s.fasta,uce_chr7_10839_s.tre,1.282144
uce_chr7_10860_s.fasta,uce_chr7_10860_s.tre,1.112755
uce_chr7_10865_s.fasta,uce_chr7_10865_s.tre,1.208837
uce_chr7_10882_s.fasta,uce_chr7_10882_s.tre,1.092643
uce_chr7_11333_s.fasta,uce_chr7_11333_s.tre,1.043180
uce_chr7_11341_s.fasta,uce_chr7_11341_s.tre,1.163346
uce_chr7_11347_s.fasta,uce_chr7_11347_s.tre,1.166894
uce_chr7_11362_s.fasta,uce_chr7_11362_s.tre,1.096672
uce_chr7_11366_s.fasta,uce_chr7_11366_s.tre,1.144580
uce_chr7_11370_s.fasta,uce_chr7_11370_s.tre,1.210536
uce_chr7_11376_s.fasta,uce_chr7_11376_s.tre,1.091150
uce_chr7_11386_s.fasta,uce_chr7_11386_s.tre,1.165649
uce_chr7_11389_s.fasta,uce_chr7_11389_s.tre,1.042055
uce_chr7_11390_s.fasta,uce_chr7_11390_s.tre,1.112782
uce_chr7_11391_s.fasta,uce_chr7_11391_s.tre,1.358278
uce_chr7_11393_s.fasta,uce_chr7_11393_s.tre,1.174109
uce_chr7_11394_s.fasta,uce_chr7_11394_s.tre,1.087211
uce_chr7_11402_s.fasta,uce_chr7_11402_s.tre,1.125233
uce_chr7_11405_s.fasta,uce_chr7_11405_s.tre,1.187205
uce_chr7_11408_s.fasta,uce_chr7_11408_s.tre,1.030703
uce_chr7_11409_s.fasta,uce_chr7_11409_s.tre,1.069216
uce_chr7_11417_s.fasta,uce_chr7_11417_s.tre,1.146517
uce_chr7_11425_s.fasta,uce_chr7_11425_s.tre,1.095537
uce_chr7_11431_s.fasta,uce_chr7_11431_s.tre,1.070684
uce_chr7_11432_s.fasta,uce_chr7_11432_s.tre,1.126457
uce_chr7_11436_s.fasta,uce_chr7_11436_s.tre,1.043010
uce_chr7_11437_s.fasta,uce_chr7_11437_s.tre,1.210437
uce_chr7_11441_s.fasta,uce_chr7_11441_s.tre,1.214174
uce_chr7_11445_s.fasta,uce_chr7_11445_s.tre,1.067859
uce_chr7_11452_s.fasta,uce_chr7_11452_s.tre,1.113817
uce_chr7_11479_s.fasta,uce_chr7_11479_s.tre,1.251960
uce_chr7_11484_s.fasta,uce_chr7_11484_s.tre,1.143723
uce_chr7_11485_s.fasta,uce_chr7_11485_s.tre,1.258842
uce_chr7_11486_s.fasta,uce_chr7_11486_s.tre,1.168487
uce_chr7_11489_s.fasta,uce_chr7_11489_s.tre,1.074824
uce_chr7_11494_s.fasta,uce_chr7_11494_s.tre,1.045986
uce_chr7_11498_s.fasta,uce_chr7_11498_s.tre,1.201241
uce_chr7_11502_s.fasta,uce_chr7_11502_s.tre,1.124624
uce_chr7_11503_s.fasta,uce_chr7_11503_s.tre,1.064822
uce_chr7_11511_s.fasta,uce_chr7_11511_s.tre,1.186845
uce_chr7_11541_s.fasta,uce_chr7_11541_s.tre,1.058561
uce_chr7_11543_s.fasta,uce_chr7_11543_s.tre,1.163506
uce_chr7_11562_s.fasta,uce_chr7_11562_s.tre,1.177147
uce_chr7_11567_s.fasta,uce_chr7_11567_s.tre,1.086946
uce_chr7_11584_s.fasta,uce_chr7_11584_s.tre,1.043971
uce_chr7_11587_s.fasta,uce_chr7_11587_s.tre,1.208193
uce_chr7_11591_s.fasta,uce_chr7_11591_s.tre,1.182611
uce_chr7_11620_s.fasta,uce_chr7_11620_s.tre,1.030365
uce_chr7_11621_s.fasta,uce_chr7_11621_s.tre,1.182552
uce_chr7_11622_s.fasta,uce_chr7_11622_s.tre,1.129937
uce_chr7_11623_s.fasta,uce_chr7_11623_s.tre,1.207336
uce_chr7_11644_s.fasta,uce_chr7_11644_s.tre,1.388850
uce_chr7_11650_s.fasta,uce_chr7_11650_s.tre,1.192402
uce_chr7_11652_s.fasta,uce_chr7_11652_s.tre,1.139935
uce_chr7_11654_s.fasta,uce_chr7_11654_s.tre,1.178736
uce_chr7_11662_s.fasta,uce_chr7_11662_s.tre,1.130775
uce_chr7_11663_s.fasta,uce_chr7_11663_s.tre,1.177808
uce_chr7_11665_s.fasta,uce_chr7_11665_s.tre,1.125370
uce_chr7_11667_s.fasta,uce_chr7_11667_s.tre,1.203553
uce_chr7_11671_s.fasta,uce_chr7_11671_s.tre,1.062522
uce_chr7_11673_s.fasta,uce_chr7_11673_s.tre,1.254344
uce_chr7_11675_s.fasta,uce_chr7_11675_s.tre,1.058317
uce_chr7_11677_s.fasta,uce_chr7_11677_s.tre,1.132538
uce_chr7_11679_s.fasta,uce_chr7_11679_s.tre,1.208517
uce_chr7_11680_s.fasta,uce_chr7_11680_s.tre,1.200421
uce_chr7_11682_s.fasta,uce_chr7_11682_s.tre,1.227195
uce_chr7_11683_s.fasta,uce_chr7_11683_s.tre,1.249225
uce_chr7_11684_s.fasta,uce_chr7_11684_s.tre,1.129835
uce_chr7_11687_s.fasta,uce_chr7_11687_s.tre,1.300209
uce_chr7_11688_s.fasta,uce_chr7_11688_s.tre,1.260236
uce_chr7_11689_s.fasta,uce_chr7_11689_s.tre,1.293474
uce_chr7_11690_s.fasta,uce_chr7_11690_s.tre,1.319108
uce_chr7_11697_s.fasta,uce_chr7_11697_s.tre,1.121836
uce_chr7_11711_s.fasta,uce_chr7_11711_s.tre,1.141576
uce_chr7_11729_s.fasta,uce_chr7_11729_s.tre,1.209783
uce_chr7_11743_s.fasta,uce_chr7_11743_s.tre,1.230075
uce_chr7_11744_s.fasta,uce_chr7_11744_s.tre,1.179158
uce_chr7_11756_s.fasta,uce_chr7_11756_s.tre,1.068205
uce_chr7_11777_s.fasta,uce_chr7_11777_s.tre,1.138833
uce_chr7_11782_s.fasta,uce_chr7_11782_s.tre,1.164457
uce_chr7_11787_s.fasta,uce_chr7_11787_s.tre,1.087826
uce_chr7_11788_s.fasta,uce_chr7_11788_s.tre,1.064259
uce_chr7_11796_s.fasta,uce_chr7_11796_s.tre,0.987008
uce_chr7_11801_s.fasta,uce_chr7_11801_s.tre,1.141498
uce_chr7_11806_s.fasta,uce_chr7_11806_s.tre,1.033284
uce_chr7_11811_s.fasta,uce_chr7_11811_s.tre,1.132745
uce_chr7_11815_s.fasta,uce_chr7_11815_s.tre,1.109105
uce_chr7_11822_s.fasta,uce_chr7_11822_s.tre,1.018546
uce_chr7_11826_s.fasta,uce_chr7_11826_s.tre,1.027130
uce_chr7_11832_s.fasta,uce_chr7_11832_s.tre,1.211014
uce_chr7_11837_s.fasta,uce_chr7_11837_s.tre,1.080261
uce_chr7_11841_s.fasta,uce_chr7_11841_s.tre,1.143943
uce_chr7_11861_s.fasta,uce_chr7_11861_s.tre,1.124973
uce_chr7_11863_s.fasta,uce_chr7_11863_s.tre,1.076800
uce_chr7_11867_s.fasta,uce_chr7_11867_s.tre,1.202214
uce_chr7_11880_s.fasta,uce_chr7_11880_s.tre,1.125545
uce_chr7_11889_s.fasta,uce_chr7_11889_s.tre,1.033687
uce_chr7_11945_s.fasta,uce_chr7_11945_s.tre,1.220878
uce_chr7_11948_s.fasta,uce_chr7_11948_s.tre,1.174748
uce_chr7_11971_s.fasta,uce_chr7_11971_s.tre,1.272480
uce_chr7_11975_s.fasta,uce_chr7_11975_s.tre,1.111981
uce_chr7_11980_s.fasta,uce_chr7_11980_s.tre,1.214140
uce_chr7_11981_s.fasta,uce_chr7_11981_s.tre,1.110032
uce_chr7_1378_s.fasta,uce_chr7_1378_s.tre,1.333138
uce_chr7_1396_s.fasta,uce_chr7_1396_s.tre,1.177269
uce_chr7_1405_s.fasta,uce_chr7_1405_s.tre,1.118780
uce_chr7_1412_s.fasta,uce_chr7_1412_s.tre,1.231420
uce_chr7_1417_s.fasta,uce_chr7_1417_s.tre,1.262152
uce_chr7_1939_s.fasta,uce_chr7_1939_s.tre,1.475909
uce_chr7_2059_s.fasta,uce_chr7_2059_s.tre,1.179977
uce_chr7_2669_s.fasta,uce_chr7_2669_s.tre,1.108770
uce_chr7_2676_s.fasta,uce_chr7_2676_s.tre,1.288806
uce_chr7_2690_s.fasta,uce_chr7_2690_s.tre,1.215940
uce_chr7_2706_s.fasta,uce_chr7_2706_s.tre,1.222558
uce_chr7_2721_s.fasta,uce_chr7_2721_s.tre,1.184172
uce_chr7_2725_s.fasta,uce_chr7_2725_s.tre,1.099560
uce_chr7_2748_s.fasta,uce_chr7_2748_s.tre,1.233023
uce_chr7_2784_s.fasta,uce_chr7_2784_s.tre,1.106995
uce_chr7_3146_s.fasta,uce_chr7_3146_s.tre,1.064698
uce_chr7_3615_s.fasta,uce_chr7_3615_s.tre,1.079225
uce_chr7_4010_s.fasta,uce_chr7_4010_s.tre,1.120680
uce_chr7_4013_s.fasta,uce_chr7_4013_s.tre,1.102066
uce_chr7_4519_s.fasta,uce_chr7_4519_s.tre,1.133398
uce_chr7_4537_s.fasta,uce_chr7_4537_s.tre,1.083608
uce_chr7_4601_s.fasta,uce_chr7_4601_s.tre,1.238134
uce_chr7_4671_s.fasta,uce_chr7_4671_s.tre,1.263608
uce_chr7_4702_s.fasta,uce_chr7_4702_s.tre,1.014437
uce_chr7_4706_s.fasta,uce_chr7_4706_s.tre,1.089918
uce_chr7_4715_s.fasta,uce_chr7_4715_s.tre,1.129350
uce_chr7_4727_s.fasta,uce_chr7_4727_s.tre,1.008279
uce_chr7_4738_s.fasta,uce_chr7_4738_s.tre,1.033354
uce_chr7_4740_s.fasta,uce_chr7_4740_s.tre,1.220797
uce_chr7_4747_s.fasta,uce_chr7_4747_s.tre,1.017789
uce_chr7_4777_s.fasta,uce_chr7_4777_s.tre,1.272314
uce_chr7_4885_s.fasta,uce_chr7_4885_s.tre,1.115188
uce_chr7_4994_s.fasta,uce_chr7_4994_s.tre,1.043966
uce_chr7_5015_s.fasta,uce_chr7_5015_s.tre,1.038787
uce_chr7_5166_s.fasta,uce_chr7_5166_s.tre,1.116573
uce_chr7_5334_s.fasta,uce_chr7_5334_s.tre,1.080850
uce_chr7_5344_s.fasta,uce_chr7_5344_s.tre,1.040472
uce_chr7_5357_s.fasta,uce_chr7_5357_s.tre,1.084764
uce_chr7_5446_s.fasta,uce_chr7_5446_s.tre,1.210161
uce_chr7_6188_s.fasta,uce_chr7_6188_s.tre,1.146469
uce_chr7_6190_s.fasta,uce_chr7_6190_s.tre,1.315772
uce_chr7_6193_s.fasta,uce_chr7_6193_s.tre,1.097591
uce_chr7_6196_s.fasta,uce_chr7_6196_s.tre,1.299619
uce_chr7_6205_s.fasta,uce_chr7_6205_s.tre,1.089522
uce_chr7_6213_s.fasta,uce_chr7_6213_s.tre,1.067863
uce_chr7_6215_s.fasta,uce_chr7_6215_s.tre,1.178540
uce_chr7_6238_s.fasta,uce_chr7_6238_s.tre,1.034227
uce_chr7_6242_s.fasta,uce_chr7_6242_s.tre,1.027348
uce_chr7_6244_s.fasta,uce_chr7_6244_s.tre,1.101540
uce_chr7_6255_s.fasta,uce_chr7_6255_s.tre,1.055621
uce_chr7_6259_s.fasta,uce_chr7_6259_s.tre,1.159566
uce_chr7_6268_s.fasta,uce_chr7_6268_s.tre,1.139111
uce_chr7_6272_s.fasta,uce_chr7_6272_s.tre,1.039738
uce_chr7_6301_s.fasta,uce_chr7_6301_s.tre,1.110264
uce_chr7_6305_s.fasta,uce_chr7_6305_s.tre,1.245275
uce_chr7_6307_s.fasta,uce_chr7_6307_s.tre,1.056791
uce_chr7_6327_s.fasta,uce_chr7_6327_s.tre,1.130674
uce_chr7_6332_s.fasta,uce_chr7_6332_s.tre,1.069043
uce_chr7_6333_s.fasta,uce_chr7_6333_s.tre,1.151752
uce_chr7_6366_s.fasta,uce_chr7_6366_s.tre,1.041208
uce_chr7_6627_s.fasta,uce_chr7_6627_s.tre,1.278528
uce_chr7_6630_s.fasta,uce_chr7_6630_s.tre,1.124869
uce_chr7_6689_s.fasta,uce_chr7_6689_s.tre,0.955860
uce_chr7_8107_s.fasta,uce_chr7_8107_s.tre,1.038486
uce_chr7_8225_s.fasta,uce_chr7_8225_s.tre,1.114350
uce_chr7_8811_s.fasta,uce_chr7_8811_s.tre,1.077617
uce_chr7_8813_s.fasta,uce_chr7_8813_s.tre,0.985517
uce_chr8_2110_s.fasta,uce_chr8_2110_s.tre,1.272405
uce_chr8_3251_s.fasta,uce_chr8_3251_s.tre,1.206742
uce_chr8_3277_s.fasta,uce_chr8_3277_s.tre,1.246651
uce_chr8_3308_s.fasta,uce_chr8_3308_s.tre,1.090048
uce_chr8_3325_s.fasta,uce_chr8_3325_s.tre,1.112016
uce_chr8_3351_s.fasta,uce_chr8_3351_s.tre,1.084475
uce_chr8_3368_s.fasta,uce_chr8_3368_s.tre,1.062034
uce_chr8_3445_s.fasta,uce_chr8_3445_s.tre,1.148218
uce_chr8_3451_s.fasta,uce_chr8_3451_s.tre,1.179993
uce_chr8_4017_s.fasta,uce_chr8_4017_s.tre,1.197719
uce_chr8_4025_s.fasta,uce_chr8_4025_s.tre,1.067828
uce_chr7_9061_s.fasta,uce_chr7_9061_s.tre,1.192297
uce_chr7_9073_s.fasta,uce_chr7_9073_s.tre,1.048867
uce_chr7_9078_s.fasta,uce_chr7_9078_s.tre,1.080516
uce_chr7_9082_s.fasta,uce_chr7_9082_s.tre,1.106164
uce_chr7_9094_s.fasta,uce_chr7_9094_s.tre,1.073413
uce_chr7_9104_s.fasta,uce_chr7_9104_s.tre,1.026474
uce_chr7_9139_s.fasta,uce_chr7_9139_s.tre,1.256047
uce_chr7_9445_s.fasta,uce_chr7_9445_s.tre,1.123224
uce_chr8_1130_s.fasta,uce_chr8_1130_s.tre,1.216861
uce_chr8_116_s.fasta,uce_chr8_116_s.tre,1.178871
uce_chr8_11996_s.fasta,uce_chr8_11996_s.tre,1.288097
uce_chr8_12041_s.fasta,uce_chr8_12041_s.tre,1.146552
uce_chr8_12043_s.fasta,uce_chr8_12043_s.tre,1.112505
uce_chr8_12044_s.fasta,uce_chr8_12044_s.tre,1.192367
uce_chr8_12046_s.fasta,uce_chr8_12046_s.tre,1.160420
uce_chr8_12060_s.fasta,uce_chr8_12060_s.tre,1.193609
uce_chr8_12061_s.fasta,uce_chr8_12061_s.tre,1.068332
uce_chr8_12063_s.fasta,uce_chr8_12063_s.tre,1.226186
uce_chr8_12079_s.fasta,uce_chr8_12079_s.tre,1.260945
uce_chr8_12083_s.fasta,uce_chr8_12083_s.tre,1.075360
uce_chr8_12086_s.fasta,uce_chr8_12086_s.tre,1.207779
uce_chr8_12092_s.fasta,uce_chr8_12092_s.tre,1.141405
uce_chr8_12093_s.fasta,uce_chr8_12093_s.tre,1.404771
uce_chr8_12102_s.fasta,uce_chr8_12102_s.tre,1.275570
uce_chr8_12133_s.fasta,uce_chr8_12133_s.tre,1.043863
uce_chr8_12137_s.fasta,uce_chr8_12137_s.tre,1.109884
uce_chr8_12153_s.fasta,uce_chr8_12153_s.tre,1.198410
uce_chr8_12172_s.fasta,uce_chr8_12172_s.tre,1.061864
uce_chr8_12219_s.fasta,uce_chr8_12219_s.tre,1.029941
uce_chr8_12223_s.fasta,uce_chr8_12223_s.tre,1.130088
uce_chr8_12234_s.fasta,uce_chr8_12234_s.tre,1.196754
uce_chr8_12245_s.fasta,uce_chr8_12245_s.tre,1.055104
uce_chr8_12249_s.fasta,uce_chr8_12249_s.tre,1.198921
uce_chr8_12251_s.fasta,uce_chr8_12251_s.tre,1.222769
uce_chr8_12261_s.fasta,uce_chr8_12261_s.tre,1.059005
uce_chr8_12267_s.fasta,uce_chr8_12267_s.tre,1.039768
uce_chr8_12269_s.fasta,uce_chr8_12269_s.tre,1.049919
uce_chr8_12275_s.fasta,uce_chr8_12275_s.tre,1.073361
uce_chr8_12276_s.fasta,uce_chr8_12276_s.tre,1.035183
uce_chr8_12278_s.fasta,uce_chr8_12278_s.tre,1.163933
uce_chr8_12280_s.fasta,uce_chr8_12280_s.tre,1.117959
uce_chr8_12281_s.fasta,uce_chr8_12281_s.tre,1.047904
uce_chr8_12283_s.fasta,uce_chr8_12283_s.tre,1.144574
uce_chr8_12286_s.fasta,uce_chr8_12286_s.tre,1.053310
uce_chr8_12291_s.fasta,uce_chr8_12291_s.tre,1.139513
uce_chr8_12296_s.fasta,uce_chr8_12296_s.tre,1.105471
uce_chr8_12301_s.fasta,uce_chr8_12301_s.tre,1.069662
uce_chr8_12304_s.fasta,uce_chr8_12304_s.tre,1.052095
uce_chr8_12306_s.fasta,uce_chr8_12306_s.tre,1.094521
uce_chr8_12317_s.fasta,uce_chr8_12317_s.tre,0.987231
uce_chr8_12320_s.fasta,uce_chr8_12320_s.tre,1.117284
uce_chr8_12324_s.fasta,uce_chr8_12324_s.tre,1.080551
uce_chr8_12329_s.fasta,uce_chr8_12329_s.tre,0.970937
uce_chr8_12330_s.fasta,uce_chr8_12330_s.tre,1.035420
uce_chr8_12333_s.fasta,uce_chr8_12333_s.tre,1.163226
uce_chr8_12337_s.fasta,uce_chr8_12337_s.tre,1.128004
uce_chr8_12338_s.fasta,uce_chr8_12338_s.tre,1.290998
uce_chr8_12340_s.fasta,uce_chr8_12340_s.tre,1.090934
uce_chr8_12346_s.fasta,uce_chr8_12346_s.tre,1.184700
uce_chr8_12349_s.fasta,uce_chr8_12349_s.tre,1.098639
uce_chr8_12353_s.fasta,uce_chr8_12353_s.tre,1.073541
uce_chr8_12357_s.fasta,uce_chr8_12357_s.tre,1.133610
uce_chr8_12358_s.fasta,uce_chr8_12358_s.tre,1.075702
uce_chr8_12373_s.fasta,uce_chr8_12373_s.tre,1.120028
uce_chr8_12378_s.fasta,uce_chr8_12378_s.tre,1.156076
uce_chr8_12382_s.fasta,uce_chr8_12382_s.tre,1.249053
uce_chr8_12385_s.fasta,uce_chr8_12385_s.tre,1.080178
uce_chr8_12386_s.fasta,uce_chr8_12386_s.tre,1.091143
uce_chr8_12387_s.fasta,uce_chr8_12387_s.tre,1.281557
uce_chr8_12402_s.fasta,uce_chr8_12402_s.tre,1.129974
uce_chr8_12408_s.fasta,uce_chr8_12408_s.tre,1.194866
uce_chr8_12410_s.fasta,uce_chr8_12410_s.tre,1.021048
uce_chr8_12414_s.fasta,uce_chr8_12414_s.tre,1.152484
uce_chr8_12419_s.fasta,uce_chr8_12419_s.tre,1.077867
uce_chr8_12445_s.fasta,uce_chr8_12445_s.tre,1.069847
uce_chr8_12447_s.fasta,uce_chr8_12447_s.tre,1.196301
uce_chr8_12448_s.fasta,uce_chr8_12448_s.tre,1.162024
uce_chr8_12457_s.fasta,uce_chr8_12457_s.tre,1.191298
uce_chr8_12469_s.fasta,uce_chr8_12469_s.tre,1.141468
uce_chr8_12476_s.fasta,uce_chr8_12476_s.tre,1.077819
uce_chr8_12479_s.fasta,uce_chr8_12479_s.tre,1.138782
uce_chr8_12482_s.fasta,uce_chr8_12482_s.tre,1.032049
uce_chr8_12486_s.fasta,uce_chr8_12486_s.tre,1.285589
uce_chr8_12492_s.fasta,uce_chr8_12492_s.tre,1.076113
uce_chr8_12496_s.fasta,uce_chr8_12496_s.tre,1.030877
uce_chr8_12511_s.fasta,uce_chr8_12511_s.tre,1.109169
uce_chr8_12529_s.fasta,uce_chr8_12529_s.tre,1.186131
uce_chr8_12530_s.fasta,uce_chr8_12530_s.tre,1.029693
uce_chr8_12532_s.fasta,uce_chr8_12532_s.tre,1.036378
uce_chr8_12535_s.fasta,uce_chr8_12535_s.tre,1.071925
uce_chr8_12537_s.fasta,uce_chr8_12537_s.tre,1.093406
uce_chr8_12539_s.fasta,uce_chr8_12539_s.tre,1.126370
uce_chr8_12542_s.fasta,uce_chr8_12542_s.tre,1.247253
uce_chr8_12548_s.fasta,uce_chr8_12548_s.tre,1.147519
uce_chr8_12560_s.fasta,uce_chr8_12560_s.tre,1.111362
uce_chr8_1564_s.fasta,uce_chr8_1564_s.tre,1.199113
uce_chr8_1574_s.fasta,uce_chr8_1574_s.tre,1.354236
uce_chr8_1617_s.fasta,uce_chr8_1617_s.tre,1.150258
uce_chr8_1860_s.fasta,uce_chr8_1860_s.tre,1.171529
uce_chr8_1881_s.fasta,uce_chr8_1881_s.tre,1.300210
uce_chr8_199_s.fasta,uce_chr8_199_s.tre,1.136544
uce_chr8_4041_s.fasta,uce_chr8_4041_s.tre,1.152224
uce_chr8_4048_s.fasta,uce_chr8_4048_s.tre,1.060551
uce_chr8_4057_s.fasta,uce_chr8_4057_s.tre,1.036285
uce_chr8_4067_s.fasta,uce_chr8_4067_s.tre,1.043759
uce_chr8_4072_s.fasta,uce_chr8_4072_s.tre,1.070964
uce_chr8_4075_s.fasta,uce_chr8_4075_s.tre,1.055706
uce_chr8_4104_s.fasta,uce_chr8_4104_s.tre,1.080404
uce_chr8_4130_s.fasta,uce_chr8_4130_s.tre,1.300064
uce_chr8_4213_s.fasta,uce_chr8_4213_s.tre,1.130533
uce_chr8_4221_s.fasta,uce_chr8_4221_s.tre,1.299191
uce_chr8_4233_s.fasta,uce_chr8_4233_s.tre,1.346191
uce_chr8_4241_s.fasta,uce_chr8_4241_s.tre,1.087218
uce_chr8_4257_s.fasta,uce_chr8_4257_s.tre,1.081093
uce_chr8_4260_s.fasta,uce_chr8_4260_s.tre,1.008362
uce_chr8_4319_s.fasta,uce_chr8_4319_s.tre,1.289387
uce_chr8_4333_s.fasta,uce_chr8_4333_s.tre,1.126266
uce_chr8_4334_s.fasta,uce_chr8_4334_s.tre,1.073561
uce_chr8_4349_s.fasta,uce_chr8_4349_s.tre,1.052879
uce_chr8_4352_s.fasta,uce_chr8_4352_s.tre,1.006323
uce_chr8_4367_s.fasta,uce_chr8_4367_s.tre,1.039260
uce_chr8_4371_s.fasta,uce_chr8_4371_s.tre,1.043250
uce_chr8_4403_s.fasta,uce_chr8_4403_s.tre,1.008790
uce_chr8_4405_s.fasta,uce_chr8_4405_s.tre,1.065390
uce_chr8_4410_s.fasta,uce_chr8_4410_s.tre,1.129905
uce_chr8_446_s.fasta,uce_chr8_446_s.tre,1.249133
uce_chr8_447_s.fasta,uce_chr8_447_s.tre,1.276790
uce_chr8_4855_s.fasta,uce_chr8_4855_s.tre,1.100109
uce_chr8_492_s.fasta,uce_chr8_492_s.tre,1.134676
uce_chr8_4947_s.fasta,uce_chr8_4947_s.tre,1.088935
uce_chr8_4961_s.fasta,uce_chr8_4961_s.tre,1.149033
uce_chr8_5079_s.fasta,uce_chr8_5079_s.tre,1.135066
uce_chr8_5150_s.fasta,uce_chr8_5150_s.tre,1.079804
uce_chr8_5153_s.fasta,uce_chr8_5153_s.tre,1.052515
uce_chr8_5169_s.fasta,uce_chr8_5169_s.tre,1.239179
uce_chr8_5177_s.fasta,uce_chr8_5177_s.tre,1.061733
uce_chr8_5341_s.fasta,uce_chr8_5341_s.tre,1.246787
uce_chr8_5587_s.fasta,uce_chr8_5587_s.tre,1.092961
uce_chr8_5692_s.fasta,uce_chr8_5692_s.tre,1.081551
uce_chr8_6054_s.fasta,uce_chr8_6054_s.tre,1.099865
uce_chr8_6192_s.fasta,uce_chr8_6192_s.tre,1.326411
uce_chr8_6206_s.fasta,uce_chr8_6206_s.tre,1.136061
uce_chr8_6230_s.fasta,uce_chr8_6230_s.tre,1.204043
uce_chr8_6259_s.fasta,uce_chr8_6259_s.tre,1.130248
uce_chr8_6266_s.fasta,uce_chr8_6266_s.tre,1.338087
uce_chr8_6270_s.fasta,uce_chr8_6270_s.tre,1.091798
uce_chr8_6288_s.fasta,uce_chr8_6288_s.tre,1.248169
uce_chr8_6299_s.fasta,uce_chr8_6299_s.tre,1.324095
uce_chr8_6311_s.fasta,uce_chr8_6311_s.tre,1.209681
uce_chr8_6321_s.fasta,uce_chr8_6321_s.tre,1.231564
uce_chr8_6328_s.fasta,uce_chr8_6328_s.tre,1.291348
uce_chr8_6338_s.fasta,uce_chr8_6338_s.tre,1.079661
uce_chr8_661_s.fasta,uce_chr8_661_s.tre,1.042125
uce_chr8_6631_s.fasta,uce_chr8_6631_s.tre,1.172116
uce_chr8_6859_s.fasta,uce_chr8_6859_s.tre,1.203548
uce_chr8_6862_s.fasta,uce_chr8_6862_s.tre,1.264521
uce_chr8_6872_s.fasta,uce_chr8_6872_s.tre,1.158120
uce_chr8_6876_s.fasta,uce_chr8_6876_s.tre,1.110988
uce_chr8_6884_s.fasta,uce_chr8_6884_s.tre,1.165457
uce_chr8_6894_s.fasta,uce_chr8_6894_s.tre,1.246959
uce_chr8_692_s.fasta,uce_chr8_692_s.tre,1.124771
uce_chr8_7024_s.fasta,uce_chr8_7024_s.tre,1.048056
uce_chr8_708_s.fasta,uce_chr8_708_s.tre,1.118803
uce_chr8_7246_s.fasta,uce_chr8_7246_s.tre,1.094733
uce_chr8_7295_s.fasta,uce_chr8_7295_s.tre,1.083877
uce_chr8_7297_s.fasta,uce_chr8_7297_s.tre,1.235641
uce_chr8_7335_s.fasta,uce_chr8_7335_s.tre,1.129015
uce_chr8_7348_s.fasta,uce_chr8_7348_s.tre,1.090220
uce_chr8_7363_s.fasta,uce_chr8_7363_s.tre,1.078722
uce_chr8_7396_s.fasta,uce_chr8_7396_s.tre,1.056156
uce_chr8_7452_s.fasta,uce_chr8_7452_s.tre,1.081381
uce_chr8_7472_s.fasta,uce_chr8_7472_s.tre,1.188643
uce_chr8_7479_s.fasta,uce_chr8_7479_s.tre,1.316837
uce_chr8_7515_s.fasta,uce_chr8_7515_s.tre,1.134999
uce_chr8_7530_s.fasta,uce_chr8_7530_s.tre,1.297447
uce_chr8_7531_s.fasta,uce_chr8_7531_s.tre,1.274783
uce_chr8_7534_s.fasta,uce_chr8_7534_s.tre,1.088398
uce_chr8_7536_s.fasta,uce_chr8_7536_s.tre,1.181580
uce_chr8_7951_s.fasta,uce_chr8_7951_s.tre,1.104287
uce_chr8_8783_s.fasta,uce_chr8_8783_s.tre,1.114285
uce_chr8_8808_s.fasta,uce_chr8_8808_s.tre,1.153450
uce_chr8_8812_s.fasta,uce_chr8_8812_s.tre,1.081882
uce_chr8_8877_s.fasta,uce_chr8_8877_s.tre,1.086176
uce_chr8_8890_s.fasta,uce_chr8_8890_s.tre,1.239128
uce_chr8_8911_s.fasta,uce_chr8_8911_s.tre,1.054218
uce_chr8_8938_s.fasta,uce_chr8_8938_s.tre,1.251101
uce_chr8_8939_s.fasta,uce_chr8_8939_s.tre,1.072581
uce_chr8_8942_s.fasta,uce_chr8_8942_s.tre,1.197003
uce_chr8_9127_s.fasta,uce_chr8_9127_s.tre,1.172285
uce_chr8_9139_s.fasta,uce_chr8_9139_s.tre,1.147542
uce_chr8_9141_s.fasta,uce_chr8_9141_s.tre,1.176113
uce_chr8_9143_s.fasta,uce_chr8_9143_s.tre,1.207571
uce_chr8_9173_s.fasta,uce_chr8_9173_s.tre,1.111987
uce_chr8_9625_s.fasta,uce_chr8_9625_s.tre,1.136812
uce_chr8_9876_s.fasta,uce_chr8_9876_s.tre,1.130314
uce_chr9_1130_s.fasta,uce_chr9_1130_s.tre,1.269644
uce_chr9_1152_s.fasta,uce_chr9_1152_s.tre,1.171844
uce_chr9_1164_s.fasta,uce_chr9_1164_s.tre,1.332652
uce_chr9_1169_s.fasta,uce_chr9_1169_s.tre,1.117353
uce_chr9_1191_s.fasta,uce_chr9_1191_s.tre,1.198507
uce_chr9_12645_s.fasta,uce_chr9_12645_s.tre,1.140794
uce_chr9_12653_s.fasta,uce_chr9_12653_s.tre,1.142255
uce_chr9_12666_s.fasta,uce_chr9_12666_s.tre,1.081486
uce_chr9_12668_s.fasta,uce_chr9_12668_s.tre,1.216267
uce_chr9_12674_s.fasta,uce_chr9_12674_s.tre,1.466613
uce_chr9_12682_s.fasta,uce_chr9_12682_s.tre,1.157109
uce_chr9_12683_s.fasta,uce_chr9_12683_s.tre,1.092799
uce_chr9_12685_s.fasta,uce_chr9_12685_s.tre,1.007340
uce_chr9_12688_s.fasta,uce_chr9_12688_s.tre,1.183403
uce_chr9_12700_s.fasta,uce_chr9_12700_s.tre,1.166231
uce_chr9_12701_s.fasta,uce_chr9_12701_s.tre,1.075397
uce_chr9_12703_s.fasta,uce_chr9_12703_s.tre,1.095565
uce_chr9_12705_s.fasta,uce_chr9_12705_s.tre,1.223447
uce_chr9_12710_s.fasta,uce_chr9_12710_s.tre,1.059479
uce_chr9_12719_s.fasta,uce_chr9_12719_s.tre,1.125804
uce_chr9_12745_s.fasta,uce_chr9_12745_s.tre,1.294512
uce_chr9_12759_s.fasta,uce_chr9_12759_s.tre,1.125110
uce_chr9_12914_s.fasta,uce_chr9_12914_s.tre,1.116577
uce_chr9_12969_s.fasta,uce_chr9_12969_s.tre,1.116996
uce_chr9_12992_s.fasta,uce_chr9_12992_s.tre,1.081892
uce_chr9_13087_s.fasta,uce_chr9_13087_s.tre,1.107439
uce_chr9_13089_s.fasta,uce_chr9_13089_s.tre,1.137473
uce_chr9_13090_s.fasta,uce_chr9_13090_s.tre,1.166036
uce_chr9_13107_s.fasta,uce_chr9_13107_s.tre,1.169200
uce_chr9_13114_s.fasta,uce_chr9_13114_s.tre,1.160793
uce_chr9_13116_s.fasta,uce_chr9_13116_s.tre,1.158464
uce_chr9_13150_s.fasta,uce_chr9_13150_s.tre,1.238496
uce_chr9_13168_s.fasta,uce_chr9_13168_s.tre,1.069185
uce_chr9_13182_s.fasta,uce_chr9_13182_s.tre,1.197328
uce_chr9_13191_s.fasta,uce_chr9_13191_s.tre,1.087498
uce_chr9_13199_s.fasta,uce_chr9_13199_s.tre,1.139114
uce_chr9_13210_s.fasta,uce_chr9_13210_s.tre,1.229109
uce_chr9_13216_s.fasta,uce_chr9_13216_s.tre,1.311701
uce_chr9_13222_s.fasta,uce_chr9_13222_s.tre,1.468787
uce_chr9_13228_s.fasta,uce_chr9_13228_s.tre,1.361339
uce_chr9_13231_s.fasta,uce_chr9_13231_s.tre,1.327039
uce_chr9_13233_s.fasta,uce_chr9_13233_s.tre,1.400441
uce_chr9_13237_s.fasta,uce_chr9_13237_s.tre,1.044254
uce_chr9_13260_s.fasta,uce_chr9_13260_s.tre,1.211152
uce_chr9_13271_s.fasta,uce_chr9_13271_s.tre,1.087106
uce_chr9_13275_s.fasta,uce_chr9_13275_s.tre,1.447762
uce_chr9_13277_s.fasta,uce_chr9_13277_s.tre,1.083366
uce_chr9_13278_s.fasta,uce_chr9_13278_s.tre,1.031853
uce_chr9_1949_s.fasta,uce_chr9_1949_s.tre,1.139760
uce_chr9_2489_s.fasta,uce_chr9_2489_s.tre,1.172245
uce_chr9_2501_s.fasta,uce_chr9_2501_s.tre,1.246651
uce_chr9_2938_s.fasta,uce_chr9_2938_s.tre,1.166464
uce_chr9_3035_s.fasta,uce_chr9_3035_s.tre,1.089904
uce_chr9_3515_s.fasta,uce_chr9_3515_s.tre,1.098510
uce_chr9_3520_s.fasta,uce_chr9_3520_s.tre,1.151068
uce_chr9_3537_s.fasta,uce_chr9_3537_s.tre,1.179019
uce_chr9_3538_s.fasta,uce_chr9_3538_s.tre,1.099008
uce_chr9_3551_s.fasta,uce_chr9_3551_s.tre,1.012681
uce_chr9_3566_s.fasta,uce_chr9_3566_s.tre,1.156205
uce_chr9_3586_s.fasta,uce_chr9_3586_s.tre,1.153264
uce_chr9_3601_s.fasta,uce_chr9_3601_s.tre,1.179186
uce_chr9_3619_s.fasta,uce_chr9_3619_s.tre,1.056987
uce_chr9_3627_s.fasta,uce_chr9_3627_s.tre,1.099962
uce_chr9_3649_s.fasta,uce_chr9_3649_s.tre,1.175349
uce_chr9_3681_s.fasta,uce_chr9_3681_s.tre,1.157456
uce_chr9_3703_s.fasta,uce_chr9_3703_s.tre,1.147616
uce_chr9_3707_s.fasta,uce_chr9_3707_s.tre,1.134521
uce_chr9_5129_s.fasta,uce_chr9_5129_s.tre,1.157249
uce_chr9_5191_s.fasta,uce_chr9_5191_s.tre,1.083133
uce_chr9_5199_s.fasta,uce_chr9_5199_s.tre,1.031697
uce_chr9_5205_s.fasta,uce_chr9_5205_s.tre,1.199075
uce_chr9_5218_s.fasta,uce_chr9_5218_s.tre,1.127410
uce_chr9_5220_s.fasta,uce_chr9_5220_s.tre,1.097715
uce_chr9_5824_s.fasta,uce_chr9_5824_s.tre,1.198367
uce_chr9_6300_s.fasta,uce_chr9_6300_s.tre,1.022142
uce_chr9_6312_s.fasta,uce_chr9_6312_s.tre,1.079610
uce_chr9_6322_s.fasta,uce_chr9_6322_s.tre,1.118392
uce_chr9_6325_s.fasta,uce_chr9_6325_s.tre,1.205661
uce_chr9_6343_s.fasta,uce_chr9_6343_s.tre,1.060878
uce_chr9_6351_s.fasta,uce_chr9_6351_s.tre,1.228890
uce_chr9_6388_s.fasta,uce_chr9_6388_s.tre,1.158790
uce_chr9_6429_s.fasta,uce_chr9_6429_s.tre,1.222144
uce_chr9_7124_s.fasta,uce_chr9_7124_s.tre,1.326348
uce_chr9_7138_s.fasta,uce_chr9_7138_s.tre,1.232433
uce_chr9_7148_s.fasta,uce_chr9_7148_s.tre,1.095105
uce_chr9_7150_s.fasta,uce_chr9_7150_s.tre,1.152527
uce_chr9_7151_s.fasta,uce_chr9_7151_s.tre,1.131089
uce_chr9_7170_s.fasta,uce_chr9_7170_s.tre,1.054788
uce_chr9_7171_s.fasta,uce_chr9_7171_s.tre,1.105266
uce_chrun_random_10206_s.fasta,uce_chrun_random_10206_s.tre,1.232482
uce_chrun_random_11933_s.fasta,uce_chrun_random_11933_s.tre,1.128124
uce_chrun_random_1831_s.fasta,uce_chrun_random_1831_s.tre,1.270290
uce_chrun_random_2974_s.fasta,uce_chrun_random_2974_s.tre,0.885518
uce_chrun_random_3368_s.fasta,uce_chrun_random_3368_s.tre,1.178702
uce_chrun_random_6595_s.fasta,uce_chrun_random_6595_s.tre,1.320462
uce_chrun_random_6596_s.fasta,uce_chrun_random_6596_s.tre,1.077936
uce_chrun_random_7943_s.fasta,uce_chrun_random_7943_s.tre,1.308502
uce_chrun_random_8931_s.fasta,uce_chrun_random_8931_s.tre,1.332298
uce_chrun_random_9491_s.fasta,uce_chrun_random_9491_s.tre,1.058086
uce_chrun_random_9879_s.fasta,uce_chrun_random_9879_s.tre,1.178080
uce_chrx_13312_s.fasta,uce_chrx_13312_s.tre,1.048410
uce_chrx_13327_s.fasta,uce_chrx_13327_s.tre,1.096300
uce_chrx_13336_s.fasta,uce_chrx_13336_s.tre,1.544634
uce_chrx_13345_s.fasta,uce_chrx_13345_s.tre,1.134415
uce_chrx_13346_s.fasta,uce_chrx_13346_s.tre,1.083369
uce_chrx_13385_s.fasta,uce_chrx_13385_s.tre,1.032522
uce_chrx_13410_s.fasta,uce_chrx_13410_s.tre,1.056666
uce_chrx_13414_s.fasta,uce_chrx_13414_s.tre,1.288281
uce_chrx_13434_s.fasta,uce_chrx_13434_s.tre,1.071314
uce_chrx_13451_s.fasta,uce_chrx_13451_s.tre,1.148383
uce_chrx_13522_s.fasta,uce_chrx_13522_s.tre,1.108322
uce_chrx_13533_s.fasta,uce_chrx_13533_s.tre,1.087089
uce_chrx_13539_s.fasta,uce_chrx_13539_s.tre,1.117083
uce_chrx_13544_s.fasta,uce_chrx_13544_s.tre,1.197635
uce_chrx_13545_s.fasta,uce_chrx_13545_s.tre,1.089124
uce_chrx_13554_s.fasta,uce_chrx_13554_s.tre,1.214009
uce_chrx_13570_s.fasta,uce_chrx_13570_s.tre,1.010845
uce_chrx_13588_s.fasta,uce_chrx_13588_s.tre,1.159239
uce_chrx_13595_s.fasta,uce_chrx_13595_s.tre,1.270672
uce_chrx_13602_s.fasta,uce_chrx_13602_s.tre,1.153661
uce_chrx_13620_s.fasta,uce_chrx_13620_s.tre,1.207413
uce_chrx_13625_s.fasta,uce_chrx_13625_s.tre,1.119935
uce_chrx_13671_s.fasta,uce_chrx_13671_s.tre,1.142054
uce_chrx_13673_s.fasta,uce_chrx_13673_s.tre,1.183086
uce_chrx_13690_s.fasta,uce_chrx_13690_s.tre,1.166643
uce_chrx_13709_s.fasta,uce_chrx_13709_s.tre,0.981704
uce_chrx_13722_s.fasta,uce_chrx_13722_s.tre,1.266922
uce_chrx_13723_s.fasta,uce_chrx_13723_s.tre,1.173419
uce_chrx_13725_s.fasta,uce_chrx_13725_s.tre,0.981578
uce_chrx_13729_s.fasta,uce_chrx_13729_s.tre,1.141217
uce_chrz_10691_s.fasta,uce_chrz_10691_s.tre,1.114293
uce_chrz_10699_s.fasta,uce_chrz_10699_s.tre,1.141677
uce_chrz_10754_s.fasta,uce_chrz_10754_s.tre,1.148553
uce_chrz_10758_s.fasta,uce_chrz_10758_s.tre,1.044016
uce_chrz_10824_s.fasta,uce_chrz_10824_s.tre,1.250200
uce_chrz_11287_s.fasta,uce_chrz_11287_s.tre,1.248654
uce_chrz_1144_s.fasta,uce_chrz_1144_s.tre,1.087919
uce_chrz_11650_s.fasta,uce_chrz_11650_s.tre,1.182207
uce_chrz_11655_s.fasta,uce_chrz_11655_s.tre,1.071348
uce_chrz_11659_s.fasta,uce_chrz_11659_s.tre,1.106285
uce_chrz_13094_s.fasta,uce_chrz_13094_s.tre,1.204715
uce_chrz_14208_s.fasta,uce_chrz_14208_s.tre,1.079772
uce_chrz_14427_s.fasta,uce_chrz_14427_s.tre,1.050749
uce_chrz_14460_s.fasta,uce_chrz_14460_s.tre,1.146034
uce_chrz_14545_s.fasta,uce_chrz_14545_s.tre,1.209176
uce_chrz_14584_s.fasta,uce_chrz_14584_s.tre,1.003881
uce_chrz_5532_s.fasta,uce_chrz_5532_s.tre,1.196795
uce_chrz_6036_s.fasta,uce_chrz_6036_s.tre,1.084238
uce_chrz_6062_s.fasta,uce_chrz_6062_s.tre,1.118160
uce_chrz_6107_s.fasta,uce_chrz_6107_s.tre,1.058286
uce_chrz_6430_s.fasta,uce_chrz_6430_s.tre,1.091931
uce_chrz_6564_s.fasta,uce_chrz_6564_s.tre,1.211542
uce_chrz_6574_s.fasta,uce_chrz_6574_s.tre,1.235113
uce_chrz_6575_s.fasta,uce_chrz_6575_s.tre,1.169698
uce_chrz_6612_s.fasta,uce_chrz_6612_s.tre,1.086973
uce_chrz_6659_s.fasta,uce_chrz_6659_s.tre,1.313032
uce_chrz_6695_s.fasta,uce_chrz_6695_s.tre,1.147634
uce_chrz_6703_s.fasta,uce_chrz_6703_s.tre,1.058196
uce_chrz_6724_s.fasta,uce_chrz_6724_s.tre,1.056145
uce_chrz_6727_s.fasta,uce_chrz_6727_s.tre,1.042480
uce_chrz_6739_s.fasta,uce_chrz_6739_s.tre,1.081196
uce_chrz_6755_s.fasta,uce_chrz_6755_s.tre,1.172057
uce_chrz_6766_s.fasta,uce_chrz_6766_s.tre,1.176163
uce_chrz_6769_s.fasta,uce_chrz_6769_s.tre,1.083063
uce_chrz_6778_s.fasta,uce_chrz_6778_s.tre,1.062150
uce_chrz_6784_s.fasta,uce_chrz_6784_s.tre,1.313252
uce_chrz_6799_s.fasta,uce_chrz_6799_s.tre,1.043659
uce_chrz_7751_s.fasta,uce_chrz_7751_s.tre,1.271532
uce_chrz_7904_s.fasta,uce_chrz_7904_s.tre,1.111178
uce_chrz_8981_s.fasta,uce_chrz_8981_s.tre,1.235119
