instance,tree_file,inference_time_seconds
ENSG00000000003.nuc.ord.aln,ENSG00000000003.nuc.ord.tre,1.500877
ENSG00000000005.nuc.ord.aln,ENSG00000000005.nuc.ord.tre,0.373774
ENSG00000000457.nuc.ord.aln,ENSG00000000457.nuc.ord.tre,1.067553
ENSG00000000460.nuc.ord.aln,ENSG00000000460.nuc.ord.tre,1.048588
ENSG00000001036.nuc.ord.aln,ENSG00000001036.nuc.ord.tre,0.498121
ENSG00000001084.nuc.ord.aln,ENSG00000001084.nuc.ord.tre,0.558625
ENSG00000001167.nuc.ord.aln,ENSG00000001167.nuc.ord.tre,0.361593
ENSG00000001460.nuc.ord.aln,ENSG00000001460.nuc.ord.tre,0.450079
ENSG00000001461.nuc.ord.aln,ENSG00000001461.nuc.ord.tre,0.524951
ENSG00000001561.nuc.ord.aln,ENSG00000001561.nuc.ord.tre,0.432835
ENSG00000001617.nuc.ord.aln,ENSG00000001617.nuc.ord.tre,0.668254
ENSG00000001626.nuc.ord.aln,ENSG00000001626.nuc.ord.tre,1.762090
ENSG00000001629.nuc.ord.aln,ENSG00000001629.nuc.ord.tre,1.404160
ENSG00000001630.nuc.ord.aln,ENSG00000001630.nuc.ord.tre,0.479796
ENSG00000001631.nuc.ord.aln,ENSG00000001631.nuc.ord.tre,0.623648
ENSG00000002016.nuc.ord.aln,ENSG00000002016.nuc.ord.tre,0.498434
ENSG00000002330.nuc.ord.aln,ENSG00000002330.nuc.ord.tre,0.598949
ENSG00000002549.nuc.ord.aln,ENSG00000002549.nuc.ord.tre,0.485329
ENSG00000002587.nuc.ord.aln,ENSG00000002587.nuc.ord.tre,0.236502
ENSG00000002746.nuc.ord.aln,ENSG00000002746.nuc.ord.tre,3.164281
ENSG00000002822.nuc.ord.aln,ENSG00000002822.nuc.ord.tre,1.034505
ENSG00000002834.nuc.ord.aln,ENSG00000002834.nuc.ord.tre,0.506637
ENSG00000002919.nuc.ord.aln,ENSG00000002919.nuc.ord.tre,0.336528
ENSG00000002933.nuc.ord.aln,ENSG00000002933.nuc.ord.tre,0.244435
ENSG00000003056.nuc.ord.aln,ENSG00000003056.nuc.ord.tre,0.348057
ENSG00000003137.nuc.ord.aln,ENSG00000003137.nuc.ord.tre,0.453099
ENSG00000003147.nuc.ord.aln,ENSG00000003147.nuc.ord.tre,0.458233
ENSG00000003249.nuc.ord.aln,ENSG00000003249.nuc.ord.tre,0.315507
ENSG00000003393.nuc.ord.aln,ENSG00000003393.nuc.ord.tre,2.194265
ENSG00000003402.nuc.ord.aln,ENSG00000003402.nuc.ord.tre,0.488419
ENSG00000003436.nuc.ord.aln,ENSG00000003436.nuc.ord.tre,0.421667
ENSG00000003509.nuc.ord.aln,ENSG00000003509.nuc.ord.tre,0.439331
ENSG00000003756.nuc.ord.aln,ENSG00000003756.nuc.ord.tre,0.927564
ENSG00000003987.nuc.ord.aln,ENSG00000003987.nuc.ord.tre,0.606100
ENSG00000003989.nuc.ord.aln,ENSG00000003989.nuc.ord.tre,0.985641
ENSG00000004059.nuc.ord.aln,ENSG00000004059.nuc.ord.tre,0.277453
ENSG00000004455.nuc.ord.aln,ENSG00000004455.nuc.ord.tre,0.329438
ENSG00000004468.nuc.ord.aln,ENSG00000004468.nuc.ord.tre,0.377132
ENSG00000004478.nuc.ord.aln,ENSG00000004478.nuc.ord.tre,0.398840
ENSG00000004487.nuc.ord.aln,ENSG00000004487.nuc.ord.tre,0.975503
ENSG00000004534.nuc.ord.aln,ENSG00000004534.nuc.ord.tre,1.287812
ENSG00000004660.nuc.ord.aln,ENSG00000004660.nuc.ord.tre,0.715720
ENSG00000004700.nuc.ord.aln,ENSG00000004700.nuc.ord.tre,0.584811
ENSG00000004766.nuc.ord.aln,ENSG00000004766.nuc.ord.tre,0.975847
ENSG00000004776.nuc.ord.aln,ENSG00000004776.nuc.ord.tre,0.270807
ENSG00000004779.nuc.ord.aln,ENSG00000004779.nuc.ord.tre,0.283248
ENSG00000004799.nuc.ord.aln,ENSG00000004799.nuc.ord.tre,0.445887
ENSG00000004809.nuc.ord.aln,ENSG00000004809.nuc.ord.tre,0.440505
ENSG00000004864.nuc.ord.aln,ENSG00000004864.nuc.ord.tre,0.558149
ENSG00000004897.nuc.ord.aln,ENSG00000004897.nuc.ord.tre,0.961586
ENSG00000004939.nuc.ord.aln,ENSG00000004939.nuc.ord.tre,0.824584
ENSG00000004961.nuc.ord.aln,ENSG00000004961.nuc.ord.tre,0.346131
ENSG00000004975.nuc.ord.aln,ENSG00000004975.nuc.ord.tre,0.500752
ENSG00000005001.nuc.ord.aln,ENSG00000005001.nuc.ord.tre,0.287583
ENSG00000005020.nuc.ord.aln,ENSG00000005020.nuc.ord.tre,0.423092
ENSG00000005059.nuc.ord.aln,ENSG00000005059.nuc.ord.tre,0.347697
ENSG00000005073.nuc.ord.aln,ENSG00000005073.nuc.ord.tre,0.334160
ENSG00000005100.nuc.ord.aln,ENSG00000005100.nuc.ord.tre,0.614066
ENSG00000005102.nuc.ord.aln,ENSG00000005102.nuc.ord.tre,0.305617
ENSG00000005108.nuc.ord.aln,ENSG00000005108.nuc.ord.tre,2.340098
ENSG00000005156.nuc.ord.aln,ENSG00000005156.nuc.ord.tre,1.097055
ENSG00000005175.nuc.ord.aln,ENSG00000005175.nuc.ord.tre,0.494667
ENSG00000005187.nuc.ord.aln,ENSG00000005187.nuc.ord.tre,0.583363
ENSG00000005189.nuc.ord.aln,ENSG00000005189.nuc.ord.tre,0.731617
ENSG00000005194.nuc.ord.aln,ENSG00000005194.nuc.ord.tre,0.376109
ENSG00000005249.nuc.ord.aln,ENSG00000005249.nuc.ord.tre,0.553586
ENSG00000005302.nuc.ord.aln,ENSG00000005302.nuc.ord.tre,0.424938
ENSG00000005339.nuc.ord.aln,ENSG00000005339.nuc.ord.tre,4.701597
ENSG00000005379.nuc.ord.aln,ENSG00000005379.nuc.ord.tre,2.908497
ENSG00000005381.nuc.ord.aln,ENSG00000005381.nuc.ord.tre,0.629071
ENSG00000005421.nuc.ord.aln,ENSG00000005421.nuc.ord.tre,0.388244
ENSG00000005436.nuc.ord.aln,ENSG00000005436.nuc.ord.tre,0.897607
ENSG00000005448.nuc.ord.aln,ENSG00000005448.nuc.ord.tre,0.338277
ENSG00000005469.nuc.ord.aln,ENSG00000005469.nuc.ord.tre,0.595429
ENSG00000005471.nuc.ord.aln,ENSG00000005471.nuc.ord.tre,1.389242
ENSG00000005483.nuc.ord.aln,ENSG00000005483.nuc.ord.tre,2.456625
ENSG00000005486.nuc.ord.aln,ENSG00000005486.nuc.ord.tre,0.550303
ENSG00000005700.nuc.ord.aln,ENSG00000005700.nuc.ord.tre,1.675488
ENSG00000005810.nuc.ord.aln,ENSG00000005810.nuc.ord.tre,11.609218
ENSG00000005812.nuc.ord.aln,ENSG00000005812.nuc.ord.tre,0.448067
ENSG00000005844.nuc.ord.aln,ENSG00000005844.nuc.ord.tre,1.441772
ENSG00000005882.nuc.ord.aln,ENSG00000005882.nuc.ord.tre,0.402931
ENSG00000005884.nuc.ord.aln,ENSG00000005884.nuc.ord.tre,1.310275
ENSG00000005893.nuc.ord.aln,ENSG00000005893.nuc.ord.tre,0.435883
ENSG00000005955.nuc.ord.aln,ENSG00000005955.nuc.ord.tre,0.676158
ENSG00000005961.nuc.ord.aln,ENSG00000005961.nuc.ord.tre,0.926995
ENSG00000005981.nuc.ord.aln,ENSG00000005981.nuc.ord.tre,0.391735
ENSG00000006007.nuc.ord.aln,ENSG00000006007.nuc.ord.tre,0.535702
ENSG00000006025.nuc.ord.aln,ENSG00000006025.nuc.ord.tre,1.192856
ENSG00000006042.nuc.ord.aln,ENSG00000006042.nuc.ord.tre,0.340228
ENSG00000006047.nuc.ord.aln,ENSG00000006047.nuc.ord.tre,0.389130
ENSG00000006062.nuc.ord.aln,ENSG00000006062.nuc.ord.tre,1.074536
ENSG00000006071.nuc.ord.aln,ENSG00000006071.nuc.ord.tre,2.214358
ENSG00000006114.nuc.ord.aln,ENSG00000006114.nuc.ord.tre,1.927047
ENSG00000006116.nuc.ord.aln,ENSG00000006116.nuc.ord.tre,0.326049
ENSG00000006118.nuc.ord.aln,ENSG00000006118.nuc.ord.tre,1.022431
ENSG00000006125.nuc.ord.aln,ENSG00000006125.nuc.ord.tre,1.041884
ENSG00000006128.nuc.ord.aln,ENSG00000006128.nuc.ord.tre,0.269107
ENSG00000006194.nuc.ord.aln,ENSG00000006194.nuc.ord.tre,0.666809
ENSG00000006210.nuc.ord.aln,ENSG00000006210.nuc.ord.tre,0.428604
ENSG00000006377.nuc.ord.aln,ENSG00000006377.nuc.ord.tre,0.368084
ENSG00000006432.nuc.ord.aln,ENSG00000006432.nuc.ord.tre,1.047529
ENSG00000006451.nuc.ord.aln,ENSG00000006451.nuc.ord.tre,0.319542
ENSG00000006453.nuc.ord.aln,ENSG00000006453.nuc.ord.tre,0.449185
ENSG00000006459.nuc.ord.aln,ENSG00000006459.nuc.ord.tre,0.934281
ENSG00000006468.nuc.ord.aln,ENSG00000006468.nuc.ord.tre,0.484707
ENSG00000006530.nuc.ord.aln,ENSG00000006530.nuc.ord.tre,0.541942
ENSG00000006555.nuc.ord.aln,ENSG00000006555.nuc.ord.tre,0.406338
ENSG00000006576.nuc.ord.aln,ENSG00000006576.nuc.ord.tre,0.744444
ENSG00000006611.nuc.ord.aln,ENSG00000006611.nuc.ord.tre,0.875400
ENSG00000006625.nuc.ord.aln,ENSG00000006625.nuc.ord.tre,0.323739
ENSG00000006634.nuc.ord.aln,ENSG00000006634.nuc.ord.tre,0.579805
ENSG00000006638.nuc.ord.aln,ENSG00000006638.nuc.ord.tre,0.314063
ENSG00000006652.nuc.ord.aln,ENSG00000006652.nuc.ord.tre,0.428644
ENSG00000006695.nuc.ord.aln,ENSG00000006695.nuc.ord.tre,0.442347
ENSG00000006704.nuc.ord.aln,ENSG00000006704.nuc.ord.tre,1.426860
ENSG00000006712.nuc.ord.aln,ENSG00000006712.nuc.ord.tre,0.455190
ENSG00000006715.nuc.ord.aln,ENSG00000006715.nuc.ord.tre,0.929834
ENSG00000006740.nuc.ord.aln,ENSG00000006740.nuc.ord.tre,0.873005
ENSG00000006744.nuc.ord.aln,ENSG00000006744.nuc.ord.tre,0.817907
ENSG00000006747.nuc.ord.aln,ENSG00000006747.nuc.ord.tre,0.953262
ENSG00000006788.nuc.ord.aln,ENSG00000006788.nuc.ord.tre,1.781991
ENSG00000006837.nuc.ord.aln,ENSG00000006837.nuc.ord.tre,0.428678
ENSG00000007001.nuc.ord.aln,ENSG00000007001.nuc.ord.tre,0.339348
ENSG00000007038.nuc.ord.aln,ENSG00000007038.nuc.ord.tre,0.284344
ENSG00000007062.nuc.ord.aln,ENSG00000007062.nuc.ord.tre,0.789629
ENSG00000007168.nuc.ord.aln,ENSG00000007168.nuc.ord.tre,0.420362
ENSG00000007174.nuc.ord.aln,ENSG00000007174.nuc.ord.tre,10.913239
ENSG00000007202.nuc.ord.aln,ENSG00000007202.nuc.ord.tre,3.799101
ENSG00000007237.nuc.ord.aln,ENSG00000007237.nuc.ord.tre,0.452420
ENSG00000007312.nuc.ord.aln,ENSG00000007312.nuc.ord.tre,0.369941
ENSG00000007314.nuc.ord.aln,ENSG00000007314.nuc.ord.tre,3.266198
ENSG00000007341.nuc.ord.aln,ENSG00000007341.nuc.ord.tre,0.639267
ENSG00000007372.nuc.ord.aln,ENSG00000007372.nuc.ord.tre,0.495745
ENSG00000007376.nuc.ord.aln,ENSG00000007376.nuc.ord.tre,0.294465
ENSG00000007384.nuc.ord.aln,ENSG00000007384.nuc.ord.tre,0.917998
ENSG00000007392.nuc.ord.aln,ENSG00000007392.nuc.ord.tre,0.386274
ENSG00000007520.nuc.ord.aln,ENSG00000007520.nuc.ord.tre,0.310310
ENSG00000007545.nuc.ord.aln,ENSG00000007545.nuc.ord.tre,1.940895
ENSG00000007866.nuc.ord.aln,ENSG00000007866.nuc.ord.tre,0.429613
ENSG00000007908.nuc.ord.aln,ENSG00000007908.nuc.ord.tre,0.709651
ENSG00000007923.nuc.ord.aln,ENSG00000007923.nuc.ord.tre,0.470623
ENSG00000007933.nuc.ord.aln,ENSG00000007933.nuc.ord.tre,0.425452
ENSG00000007944.nuc.ord.aln,ENSG00000007944.nuc.ord.tre,0.456292
ENSG00000007952.nuc.ord.aln,ENSG00000007952.nuc.ord.tre,0.397880
ENSG00000007968.nuc.ord.aln,ENSG00000007968.nuc.ord.tre,0.414453
ENSG00000008018.nuc.ord.aln,ENSG00000008018.nuc.ord.tre,0.308071
ENSG00000008056.nuc.ord.aln,ENSG00000008056.nuc.ord.tre,0.528142
ENSG00000008083.nuc.ord.aln,ENSG00000008083.nuc.ord.tre,1.505767
ENSG00000008086.nuc.ord.aln,ENSG00000008086.nuc.ord.tre,1.370259
ENSG00000008118.nuc.ord.aln,ENSG00000008118.nuc.ord.tre,0.411003
ENSG00000008128.nuc.ord.aln,ENSG00000008128.nuc.ord.tre,1.296534
ENSG00000008130.nuc.ord.aln,ENSG00000008130.nuc.ord.tre,0.946745
ENSG00000008197.nuc.ord.aln,ENSG00000008197.nuc.ord.tre,0.445941
ENSG00000008226.nuc.ord.aln,ENSG00000008226.nuc.ord.tre,2.874139
ENSG00000008256.nuc.ord.aln,ENSG00000008256.nuc.ord.tre,0.388994
ENSG00000008277.nuc.ord.aln,ENSG00000008277.nuc.ord.tre,1.002965
ENSG00000008282.nuc.ord.aln,ENSG00000008282.nuc.ord.tre,0.343307
ENSG00000008283.nuc.ord.aln,ENSG00000008283.nuc.ord.tre,0.299145
ENSG00000008294.nuc.ord.aln,ENSG00000008294.nuc.ord.tre,1.648314
ENSG00000008311.nuc.ord.aln,ENSG00000008311.nuc.ord.tre,0.854739
ENSG00000008323.nuc.ord.aln,ENSG00000008323.nuc.ord.tre,0.734875
ENSG00000008324.nuc.ord.aln,ENSG00000008324.nuc.ord.tre,0.265832
ENSG00000008394.nuc.ord.aln,ENSG00000008394.nuc.ord.tre,0.315519
ENSG00000008405.nuc.ord.aln,ENSG00000008405.nuc.ord.tre,0.557734
ENSG00000008513.nuc.ord.aln,ENSG00000008513.nuc.ord.tre,0.339500
ENSG00000008838.nuc.ord.aln,ENSG00000008838.nuc.ord.tre,0.901191
ENSG00000008853.nuc.ord.aln,ENSG00000008853.nuc.ord.tre,0.541007
ENSG00000008869.nuc.ord.aln,ENSG00000008869.nuc.ord.tre,3.186681
ENSG00000008952.nuc.ord.aln,ENSG00000008952.nuc.ord.tre,0.521635
ENSG00000009307.nuc.ord.aln,ENSG00000009307.nuc.ord.tre,0.887636
ENSG00000009335.nuc.ord.aln,ENSG00000009335.nuc.ord.tre,1.305648
ENSG00000009413.nuc.ord.aln,ENSG00000009413.nuc.ord.tre,6.635112
ENSG00000009694.nuc.ord.aln,ENSG00000009694.nuc.ord.tre,4.908962
ENSG00000009709.nuc.ord.aln,ENSG00000009709.nuc.ord.tre,0.464193
ENSG00000009724.nuc.ord.aln,ENSG00000009724.nuc.ord.tre,0.681506
ENSG00000009765.nuc.ord.aln,ENSG00000009765.nuc.ord.tre,0.438259
ENSG00000009780.nuc.ord.aln,ENSG00000009780.nuc.ord.tre,0.529535
ENSG00000009790.nuc.ord.aln,ENSG00000009790.nuc.ord.tre,0.483236
ENSG00000009830.nuc.ord.aln,ENSG00000009830.nuc.ord.tre,0.811229
ENSG00000009844.nuc.ord.aln,ENSG00000009844.nuc.ord.tre,0.377817
ENSG00000009950.nuc.ord.aln,ENSG00000009950.nuc.ord.tre,0.829779
ENSG00000009954.nuc.ord.aln,ENSG00000009954.nuc.ord.tre,1.702950
ENSG00000010017.nuc.ord.aln,ENSG00000010017.nuc.ord.tre,0.893338
ENSG00000010072.nuc.ord.aln,ENSG00000010072.nuc.ord.tre,0.517495
ENSG00000010165.nuc.ord.aln,ENSG00000010165.nuc.ord.tre,0.557730
ENSG00000010219.nuc.ord.aln,ENSG00000010219.nuc.ord.tre,0.798266
ENSG00000010244.nuc.ord.aln,ENSG00000010244.nuc.ord.tre,0.478588
ENSG00000010256.nuc.ord.aln,ENSG00000010256.nuc.ord.tre,0.472272
ENSG00000010270.nuc.ord.aln,ENSG00000010270.nuc.ord.tre,0.353014
ENSG00000010278.nuc.ord.aln,ENSG00000010278.nuc.ord.tre,0.346130
ENSG00000010292.nuc.ord.aln,ENSG00000010292.nuc.ord.tre,1.738858
ENSG00000010318.nuc.ord.aln,ENSG00000010318.nuc.ord.tre,0.518658
ENSG00000010322.nuc.ord.aln,ENSG00000010322.nuc.ord.tre,2.566132
ENSG00000010327.nuc.ord.aln,ENSG00000010327.nuc.ord.tre,4.244615
ENSG00000010379.nuc.ord.aln,ENSG00000010379.nuc.ord.tre,0.457740
ENSG00000010404.nuc.ord.aln,ENSG00000010404.nuc.ord.tre,0.478674
ENSG00000010610.nuc.ord.aln,ENSG00000010610.nuc.ord.tre,0.367378
ENSG00000010626.nuc.ord.aln,ENSG00000010626.nuc.ord.tre,0.411434
ENSG00000010671.nuc.ord.aln,ENSG00000010671.nuc.ord.tre,0.584436
ENSG00000010704.nuc.ord.aln,ENSG00000010704.nuc.ord.tre,0.355234
ENSG00000010803.nuc.ord.aln,ENSG00000010803.nuc.ord.tre,0.689966
ENSG00000010810.nuc.ord.aln,ENSG00000010810.nuc.ord.tre,0.505998
ENSG00000010818.nuc.ord.aln,ENSG00000010818.nuc.ord.tre,3.969748
ENSG00000010932.nuc.ord.aln,ENSG00000010932.nuc.ord.tre,0.514789
ENSG00000011009.nuc.ord.aln,ENSG00000011009.nuc.ord.tre,0.238317
ENSG00000011021.nuc.ord.aln,ENSG00000011021.nuc.ord.tre,2.335887
ENSG00000011028.nuc.ord.aln,ENSG00000011028.nuc.ord.tre,1.648626
ENSG00000011083.nuc.ord.aln,ENSG00000011083.nuc.ord.tre,0.477280
ENSG00000011114.nuc.ord.aln,ENSG00000011114.nuc.ord.tre,1.105315
ENSG00000011143.nuc.ord.aln,ENSG00000011143.nuc.ord.tre,0.510936
ENSG00000011198.nuc.ord.aln,ENSG00000011198.nuc.ord.tre,0.412883
ENSG00000011258.nuc.ord.aln,ENSG00000011258.nuc.ord.tre,0.536561
ENSG00000011260.nuc.ord.aln,ENSG00000011260.nuc.ord.tre,0.553357
ENSG00000011295.nuc.ord.aln,ENSG00000011295.nuc.ord.tre,0.518547
ENSG00000011332.nuc.ord.aln,ENSG00000011332.nuc.ord.tre,0.302318
ENSG00000011376.nuc.ord.aln,ENSG00000011376.nuc.ord.tre,0.843676
ENSG00000011405.nuc.ord.aln,ENSG00000011405.nuc.ord.tre,2.048448
ENSG00000011422.nuc.ord.aln,ENSG00000011422.nuc.ord.tre,0.363575
ENSG00000011426.nuc.ord.aln,ENSG00000011426.nuc.ord.tre,1.286581
ENSG00000011454.nuc.ord.aln,ENSG00000011454.nuc.ord.tre,1.188219
ENSG00000011465.nuc.ord.aln,ENSG00000011465.nuc.ord.tre,0.446955
ENSG00000011478.nuc.ord.aln,ENSG00000011478.nuc.ord.tre,0.356488
ENSG00000011485.nuc.ord.aln,ENSG00000011485.nuc.ord.tre,0.431061
ENSG00000011523.nuc.ord.aln,ENSG00000011523.nuc.ord.tre,0.751212
ENSG00000011566.nuc.ord.aln,ENSG00000011566.nuc.ord.tre,0.759405
ENSG00000011590.nuc.ord.aln,ENSG00000011590.nuc.ord.tre,0.413948
ENSG00000011638.nuc.ord.aln,ENSG00000011638.nuc.ord.tre,0.346132
ENSG00000011677.nuc.ord.aln,ENSG00000011677.nuc.ord.tre,0.429384
ENSG00000012048.nuc.ord.aln,ENSG00000012048.nuc.ord.tre,2.652936
ENSG00000012061.nuc.ord.aln,ENSG00000012061.nuc.ord.tre,0.346891
ENSG00000012124.nuc.ord.aln,ENSG00000012124.nuc.ord.tre,0.835671
ENSG00000012171.nuc.ord.aln,ENSG00000012171.nuc.ord.tre,0.662713
ENSG00000012174.nuc.ord.aln,ENSG00000012174.nuc.ord.tre,0.672125
ENSG00000012232.nuc.ord.aln,ENSG00000012232.nuc.ord.tre,0.826330
ENSG00000012504.nuc.ord.aln,ENSG00000012504.nuc.ord.tre,0.612006
ENSG00000012660.nuc.ord.aln,ENSG00000012660.nuc.ord.tre,0.476968
ENSG00000012779.nuc.ord.aln,ENSG00000012779.nuc.ord.tre,0.620051
ENSG00000012822.nuc.ord.aln,ENSG00000012822.nuc.ord.tre,0.553418
ENSG00000012963.nuc.ord.aln,ENSG00000012963.nuc.ord.tre,0.423970
ENSG00000012983.nuc.ord.aln,ENSG00000012983.nuc.ord.tre,1.038230
ENSG00000013016.nuc.ord.aln,ENSG00000013016.nuc.ord.tre,0.555538
ENSG00000013275.nuc.ord.aln,ENSG00000013275.nuc.ord.tre,0.383129
ENSG00000013293.nuc.ord.aln,ENSG00000013293.nuc.ord.tre,0.713166
ENSG00000013297.nuc.ord.aln,ENSG00000013297.nuc.ord.tre,0.295565
ENSG00000013306.nuc.ord.aln,ENSG00000013306.nuc.ord.tre,0.264840
ENSG00000013374.nuc.ord.aln,ENSG00000013374.nuc.ord.tre,0.554649
ENSG00000013375.nuc.ord.aln,ENSG00000013375.nuc.ord.tre,0.532058
ENSG00000013392.nuc.ord.aln,ENSG00000013392.nuc.ord.tre,0.339314
ENSG00000013523.nuc.ord.aln,ENSG00000013523.nuc.ord.tre,0.648489
ENSG00000013561.nuc.ord.aln,ENSG00000013561.nuc.ord.tre,0.470320
ENSG00000013583.nuc.ord.aln,ENSG00000013583.nuc.ord.tre,0.413050
ENSG00000013588.nuc.ord.aln,ENSG00000013588.nuc.ord.tre,0.325685
ENSG00000014123.nuc.ord.aln,ENSG00000014123.nuc.ord.tre,0.486481
ENSG00000014138.nuc.ord.aln,ENSG00000014138.nuc.ord.tre,0.579696
ENSG00000014257.nuc.ord.aln,ENSG00000014257.nuc.ord.tre,0.463454
ENSG00000014641.nuc.ord.aln,ENSG00000014641.nuc.ord.tre,0.367985
ENSG00000014824.nuc.ord.aln,ENSG00000014824.nuc.ord.tre,0.650993
ENSG00000014914.nuc.ord.aln,ENSG00000014914.nuc.ord.tre,0.656406
ENSG00000014919.nuc.ord.aln,ENSG00000014919.nuc.ord.tre,0.420694
ENSG00000015133.nuc.ord.aln,ENSG00000015133.nuc.ord.tre,2.527139
ENSG00000015153.nuc.ord.aln,ENSG00000015153.nuc.ord.tre,0.282252
ENSG00000015171.nuc.ord.aln,ENSG00000015171.nuc.ord.tre,0.629019
ENSG00000015475.nuc.ord.aln,ENSG00000015475.nuc.ord.tre,0.304547
ENSG00000015479.nuc.ord.aln,ENSG00000015479.nuc.ord.tre,0.636084
ENSG00000015592.nuc.ord.aln,ENSG00000015592.nuc.ord.tre,0.353248
ENSG00000015676.nuc.ord.aln,ENSG00000015676.nuc.ord.tre,0.534842
ENSG00000016082.nuc.ord.aln,ENSG00000016082.nuc.ord.tre,0.470923
ENSG00000016391.nuc.ord.aln,ENSG00000016391.nuc.ord.tre,0.549170
ENSG00000016402.nuc.ord.aln,ENSG00000016402.nuc.ord.tre,0.526005
ENSG00000016490.nuc.ord.aln,ENSG00000016490.nuc.ord.tre,0.788106
ENSG00000016864.nuc.ord.aln,ENSG00000016864.nuc.ord.tre,0.434116
ENSG00000017260.nuc.ord.aln,ENSG00000017260.nuc.ord.tre,1.042333
ENSG00000017373.nuc.ord.aln,ENSG00000017373.nuc.ord.tre,1.685126
ENSG00000017427.nuc.ord.aln,ENSG00000017427.nuc.ord.tre,0.363100
ENSG00000017483.nuc.ord.aln,ENSG00000017483.nuc.ord.tre,0.412663
ENSG00000018189.nuc.ord.aln,ENSG00000018189.nuc.ord.tre,0.847438
ENSG00000018236.nuc.ord.aln,ENSG00000018236.nuc.ord.tre,1.064784
ENSG00000018280.nuc.ord.aln,ENSG00000018280.nuc.ord.tre,0.556970
ENSG00000018408.nuc.ord.aln,ENSG00000018408.nuc.ord.tre,0.443529
ENSG00000018510.nuc.ord.aln,ENSG00000018510.nuc.ord.tre,0.755171
ENSG00000018610.nuc.ord.aln,ENSG00000018610.nuc.ord.tre,0.292451
ENSG00000018625.nuc.ord.aln,ENSG00000018625.nuc.ord.tre,1.018983
ENSG00000018699.nuc.ord.aln,ENSG00000018699.nuc.ord.tre,0.783109
ENSG00000019102.nuc.ord.aln,ENSG00000019102.nuc.ord.tre,0.403790
ENSG00000019144.nuc.ord.aln,ENSG00000019144.nuc.ord.tre,1.691816
ENSG00000019169.nuc.ord.aln,ENSG00000019169.nuc.ord.tre,0.555070
ENSG00000019186.nuc.ord.aln,ENSG00000019186.nuc.ord.tre,0.514305
ENSG00000019485.nuc.ord.aln,ENSG00000019485.nuc.ord.tre,0.507074
ENSG00000019505.nuc.ord.aln,ENSG00000019505.nuc.ord.tre,0.398638
ENSG00000019549.nuc.ord.aln,ENSG00000019549.nuc.ord.tre,0.304282
ENSG00000019991.nuc.ord.aln,ENSG00000019991.nuc.ord.tre,0.778775
ENSG00000019995.nuc.ord.aln,ENSG00000019995.nuc.ord.tre,0.653881
ENSG00000020129.nuc.ord.aln,ENSG00000020129.nuc.ord.tre,0.674273
ENSG00000020181.nuc.ord.aln,ENSG00000020181.nuc.ord.tre,1.449352
ENSG00000020256.nuc.ord.aln,ENSG00000020256.nuc.ord.tre,0.494377
ENSG00000020577.nuc.ord.aln,ENSG00000020577.nuc.ord.tre,0.804291
ENSG00000020633.nuc.ord.aln,ENSG00000020633.nuc.ord.tre,0.385560
ENSG00000020922.nuc.ord.aln,ENSG00000020922.nuc.ord.tre,0.659338
ENSG00000021300.nuc.ord.aln,ENSG00000021300.nuc.ord.tre,0.320697
ENSG00000021488.nuc.ord.aln,ENSG00000021488.nuc.ord.tre,0.417853
ENSG00000021574.nuc.ord.aln,ENSG00000021574.nuc.ord.tre,0.526124
ENSG00000021762.nuc.ord.aln,ENSG00000021762.nuc.ord.tre,0.738898
ENSG00000021776.nuc.ord.aln,ENSG00000021776.nuc.ord.tre,2.489272
ENSG00000021826.nuc.ord.aln,ENSG00000021826.nuc.ord.tre,1.603005
ENSG00000021852.nuc.ord.aln,ENSG00000021852.nuc.ord.tre,0.492779
ENSG00000022267.nuc.ord.aln,ENSG00000022267.nuc.ord.tre,0.293829
ENSG00000022277.nuc.ord.aln,ENSG00000022277.nuc.ord.tre,0.405085
ENSG00000022355.nuc.ord.aln,ENSG00000022355.nuc.ord.tre,0.433927
ENSG00000022567.nuc.ord.aln,ENSG00000022567.nuc.ord.tre,0.964555
ENSG00000022840.nuc.ord.aln,ENSG00000022840.nuc.ord.tre,1.205921
ENSG00000023041.nuc.ord.aln,ENSG00000023041.nuc.ord.tre,0.514889
ENSG00000023171.nuc.ord.aln,ENSG00000023171.nuc.ord.tre,0.790847
ENSG00000023191.nuc.ord.aln,ENSG00000023191.nuc.ord.tre,0.282127
ENSG00000023228.nuc.ord.aln,ENSG00000023228.nuc.ord.tre,0.697123
ENSG00000023287.nuc.ord.aln,ENSG00000023287.nuc.ord.tre,1.701408
ENSG00000023318.nuc.ord.aln,ENSG00000023318.nuc.ord.tre,0.475167
ENSG00000023330.nuc.ord.aln,ENSG00000023330.nuc.ord.tre,0.535935
ENSG00000023572.nuc.ord.aln,ENSG00000023572.nuc.ord.tre,0.343850
ENSG00000023608.nuc.ord.aln,ENSG00000023608.nuc.ord.tre,0.421569
ENSG00000023697.nuc.ord.aln,ENSG00000023697.nuc.ord.tre,0.389600
ENSG00000023734.nuc.ord.aln,ENSG00000023734.nuc.ord.tre,0.372864
ENSG00000023839.nuc.ord.aln,ENSG00000023839.nuc.ord.tre,1.780778
ENSG00000023843.nuc.ord.aln,ENSG00000023843.nuc.ord.tre,0.371785
ENSG00000023892.nuc.ord.aln,ENSG00000023892.nuc.ord.tre,0.711088
ENSG00000023909.nuc.ord.aln,ENSG00000023909.nuc.ord.tre,0.381309
ENSG00000024048.nuc.ord.aln,ENSG00000024048.nuc.ord.tre,2.526411
ENSG00000024862.nuc.ord.aln,ENSG00000024862.nuc.ord.tre,0.378890
ENSG00000025039.nuc.ord.aln,ENSG00000025039.nuc.ord.tre,0.412218
ENSG00000025156.nuc.ord.aln,ENSG00000025156.nuc.ord.tre,0.237572
ENSG00000025293.nuc.ord.aln,ENSG00000025293.nuc.ord.tre,1.010999
ENSG00000025434.nuc.ord.aln,ENSG00000025434.nuc.ord.tre,0.503653
ENSG00000025770.nuc.ord.aln,ENSG00000025770.nuc.ord.tre,0.404517
ENSG00000025772.nuc.ord.aln,ENSG00000025772.nuc.ord.tre,0.387281
ENSG00000025796.nuc.ord.aln,ENSG00000025796.nuc.ord.tre,0.669524
ENSG00000025800.nuc.ord.aln,ENSG00000025800.nuc.ord.tre,0.501906
ENSG00000026025.nuc.ord.aln,ENSG00000026025.nuc.ord.tre,0.463045
ENSG00000026103.nuc.ord.aln,ENSG00000026103.nuc.ord.tre,0.425075
ENSG00000026508.nuc.ord.aln,ENSG00000026508.nuc.ord.tre,0.839183
ENSG00000026559.nuc.ord.aln,ENSG00000026559.nuc.ord.tre,0.393403
ENSG00000026652.nuc.ord.aln,ENSG00000026652.nuc.ord.tre,0.367879
ENSG00000026751.nuc.ord.aln,ENSG00000026751.nuc.ord.tre,0.473480
ENSG00000027001.nuc.ord.aln,ENSG00000027001.nuc.ord.tre,0.589025
ENSG00000027075.nuc.ord.aln,ENSG00000027075.nuc.ord.tre,0.733377
ENSG00000027697.nuc.ord.aln,ENSG00000027697.nuc.ord.tre,0.480995
ENSG00000027847.nuc.ord.aln,ENSG00000027847.nuc.ord.tre,0.330373
ENSG00000028116.nuc.ord.aln,ENSG00000028116.nuc.ord.tre,0.516230
ENSG00000028137.nuc.ord.aln,ENSG00000028137.nuc.ord.tre,0.461619
ENSG00000028203.nuc.ord.aln,ENSG00000028203.nuc.ord.tre,0.839134
ENSG00000028277.nuc.ord.aln,ENSG00000028277.nuc.ord.tre,0.436919
ENSG00000028310.nuc.ord.aln,ENSG00000028310.nuc.ord.tre,0.583079
ENSG00000028528.nuc.ord.aln,ENSG00000028528.nuc.ord.tre,0.516536
ENSG00000029153.nuc.ord.aln,ENSG00000029153.nuc.ord.tre,0.457250
ENSG00000029363.nuc.ord.aln,ENSG00000029363.nuc.ord.tre,0.972148
ENSG00000029364.nuc.ord.aln,ENSG00000029364.nuc.ord.tre,0.391563
ENSG00000029534.nuc.ord.aln,ENSG00000029534.nuc.ord.tre,1.648464
ENSG00000029559.nuc.ord.aln,ENSG00000029559.nuc.ord.tre,0.373641
ENSG00000029639.nuc.ord.aln,ENSG00000029639.nuc.ord.tre,0.408785
ENSG00000029725.nuc.ord.aln,ENSG00000029725.nuc.ord.tre,0.865770
ENSG00000030066.nuc.ord.aln,ENSG00000030066.nuc.ord.tre,1.790942
ENSG00000030304.nuc.ord.aln,ENSG00000030304.nuc.ord.tre,0.886386
ENSG00000030419.nuc.ord.aln,ENSG00000030419.nuc.ord.tre,0.464911
ENSG00000030582.nuc.ord.aln,ENSG00000030582.nuc.ord.tre,0.643760
ENSG00000031003.nuc.ord.aln,ENSG00000031003.nuc.ord.tre,0.833781
ENSG00000031081.nuc.ord.aln,ENSG00000031081.nuc.ord.tre,1.872663
ENSG00000031544.nuc.ord.aln,ENSG00000031544.nuc.ord.tre,0.328838
ENSG00000031691.nuc.ord.aln,ENSG00000031691.nuc.ord.tre,0.311687
ENSG00000031698.nuc.ord.aln,ENSG00000031698.nuc.ord.tre,0.504713
ENSG00000031823.nuc.ord.aln,ENSG00000031823.nuc.ord.tre,0.505503
ENSG00000032219.nuc.ord.aln,ENSG00000032219.nuc.ord.tre,1.614457
ENSG00000032389.nuc.ord.aln,ENSG00000032389.nuc.ord.tre,0.540971
ENSG00000032444.nuc.ord.aln,ENSG00000032444.nuc.ord.tre,1.994974
ENSG00000032742.nuc.ord.aln,ENSG00000032742.nuc.ord.tre,0.919445
ENSG00000033030.nuc.ord.aln,ENSG00000033030.nuc.ord.tre,0.806725
ENSG00000033050.nuc.ord.aln,ENSG00000033050.nuc.ord.tre,0.624701
ENSG00000033100.nuc.ord.aln,ENSG00000033100.nuc.ord.tre,0.700833
ENSG00000033122.nuc.ord.aln,ENSG00000033122.nuc.ord.tre,1.932788
ENSG00000033170.nuc.ord.aln,ENSG00000033170.nuc.ord.tre,0.490705
ENSG00000033178.nuc.ord.aln,ENSG00000033178.nuc.ord.tre,1.141141
ENSG00000033627.nuc.ord.aln,ENSG00000033627.nuc.ord.tre,0.873433
ENSG00000033800.nuc.ord.aln,ENSG00000033800.nuc.ord.tre,0.689767
ENSG00000034063.nuc.ord.aln,ENSG00000034063.nuc.ord.tre,0.658340
ENSG00000034152.nuc.ord.aln,ENSG00000034152.nuc.ord.tre,0.387084
ENSG00000034239.nuc.ord.aln,ENSG00000034239.nuc.ord.tre,0.321461
ENSG00000034533.nuc.ord.aln,ENSG00000034533.nuc.ord.tre,0.725787
ENSG00000034677.nuc.ord.aln,ENSG00000034677.nuc.ord.tre,0.683103
ENSG00000034693.nuc.ord.aln,ENSG00000034693.nuc.ord.tre,0.419760
ENSG00000034971.nuc.ord.aln,ENSG00000034971.nuc.ord.tre,0.465366
ENSG00000035115.nuc.ord.aln,ENSG00000035115.nuc.ord.tre,0.403838
ENSG00000035499.nuc.ord.aln,ENSG00000035499.nuc.ord.tre,0.790207
ENSG00000035664.nuc.ord.aln,ENSG00000035664.nuc.ord.tre,0.583462
ENSG00000035681.nuc.ord.aln,ENSG00000035681.nuc.ord.tre,1.047064
ENSG00000035687.nuc.ord.aln,ENSG00000035687.nuc.ord.tre,0.511739
ENSG00000035720.nuc.ord.aln,ENSG00000035720.nuc.ord.tre,0.377576
ENSG00000035862.nuc.ord.aln,ENSG00000035862.nuc.ord.tre,0.301710
ENSG00000036054.nuc.ord.aln,ENSG00000036054.nuc.ord.tre,0.613102
ENSG00000036257.nuc.ord.aln,ENSG00000036257.nuc.ord.tre,0.600920
ENSG00000036448.nuc.ord.aln,ENSG00000036448.nuc.ord.tre,1.493122
ENSG00000036473.nuc.ord.aln,ENSG00000036473.nuc.ord.tre,0.539294
ENSG00000036530.nuc.ord.aln,ENSG00000036530.nuc.ord.tre,0.419567
ENSG00000036549.nuc.ord.aln,ENSG00000036549.nuc.ord.tre,0.845757
ENSG00000036565.nuc.ord.aln,ENSG00000036565.nuc.ord.tre,0.537414
ENSG00000036672.nuc.ord.aln,ENSG00000036672.nuc.ord.tre,0.518785
ENSG00000036828.nuc.ord.aln,ENSG00000036828.nuc.ord.tre,1.199350
ENSG00000037042.nuc.ord.aln,ENSG00000037042.nuc.ord.tre,0.307400
ENSG00000037474.nuc.ord.aln,ENSG00000037474.nuc.ord.tre,1.127655
ENSG00000037637.nuc.ord.aln,ENSG00000037637.nuc.ord.tre,0.615000
ENSG00000037749.nuc.ord.aln,ENSG00000037749.nuc.ord.tre,0.380917
ENSG00000037965.nuc.ord.aln,ENSG00000037965.nuc.ord.tre,0.254423
ENSG00000038002.nuc.ord.aln,ENSG00000038002.nuc.ord.tre,0.240396
ENSG00000038210.nuc.ord.aln,ENSG00000038210.nuc.ord.tre,0.445369
ENSG00000038219.nuc.ord.aln,ENSG00000038219.nuc.ord.tre,4.869066
ENSG00000038274.nuc.ord.aln,ENSG00000038274.nuc.ord.tre,0.448958
ENSG00000038295.nuc.ord.aln,ENSG00000038295.nuc.ord.tre,0.971759
ENSG00000038358.nuc.ord.aln,ENSG00000038358.nuc.ord.tre,2.568647
ENSG00000038427.nuc.ord.aln,ENSG00000038427.nuc.ord.tre,8.231483
ENSG00000038532.nuc.ord.aln,ENSG00000038532.nuc.ord.tre,1.071793
ENSG00000038945.nuc.ord.aln,ENSG00000038945.nuc.ord.tre,0.428662
ENSG00000039068.nuc.ord.aln,ENSG00000039068.nuc.ord.tre,1.010666
ENSG00000039123.nuc.ord.aln,ENSG00000039123.nuc.ord.tre,1.071992
ENSG00000039139.nuc.ord.aln,ENSG00000039139.nuc.ord.tre,12.481639
ENSG00000039319.nuc.ord.aln,ENSG00000039319.nuc.ord.tre,1.888475
ENSG00000039523.nuc.ord.aln,ENSG00000039523.nuc.ord.tre,1.832267
ENSG00000039537.nuc.ord.aln,ENSG00000039537.nuc.ord.tre,1.007268
ENSG00000039560.nuc.ord.aln,ENSG00000039560.nuc.ord.tre,0.902574
ENSG00000039600.nuc.ord.aln,ENSG00000039600.nuc.ord.tre,0.772317
ENSG00000039650.nuc.ord.aln,ENSG00000039650.nuc.ord.tre,0.504529
ENSG00000040199.nuc.ord.aln,ENSG00000040199.nuc.ord.tre,1.582734
ENSG00000040275.nuc.ord.aln,ENSG00000040275.nuc.ord.tre,0.612210
ENSG00000040341.nuc.ord.aln,ENSG00000040341.nuc.ord.tre,0.570645
ENSG00000040487.nuc.ord.aln,ENSG00000040487.nuc.ord.tre,0.448792
ENSG00000040531.nuc.ord.aln,ENSG00000040531.nuc.ord.tre,0.395316
ENSG00000040633.nuc.ord.aln,ENSG00000040633.nuc.ord.tre,0.313809
ENSG00000040731.nuc.ord.aln,ENSG00000040731.nuc.ord.tre,0.742793
ENSG00000040933.nuc.ord.aln,ENSG00000040933.nuc.ord.tre,0.917952
ENSG00000041353.nuc.ord.aln,ENSG00000041353.nuc.ord.tre,0.352011
ENSG00000041357.nuc.ord.aln,ENSG00000041357.nuc.ord.tre,0.285831
ENSG00000041515.nuc.ord.aln,ENSG00000041515.nuc.ord.tre,3.059426
ENSG00000041802.nuc.ord.aln,ENSG00000041802.nuc.ord.tre,0.844589
ENSG00000041880.nuc.ord.aln,ENSG00000041880.nuc.ord.tre,0.467259
ENSG00000041982.nuc.ord.aln,ENSG00000041982.nuc.ord.tre,3.360107
ENSG00000041988.nuc.ord.aln,ENSG00000041988.nuc.ord.tre,0.277911
ENSG00000042088.nuc.ord.aln,ENSG00000042088.nuc.ord.tre,0.623185
ENSG00000042286.nuc.ord.aln,ENSG00000042286.nuc.ord.tre,0.420573
ENSG00000042317.nuc.ord.aln,ENSG00000042317.nuc.ord.tre,0.614825
ENSG00000042429.nuc.ord.aln,ENSG00000042429.nuc.ord.tre,0.557895
ENSG00000042445.nuc.ord.aln,ENSG00000042445.nuc.ord.tre,0.421176
ENSG00000042493.nuc.ord.aln,ENSG00000042493.nuc.ord.tre,0.399132
ENSG00000042753.nuc.ord.aln,ENSG00000042753.nuc.ord.tre,0.253096
ENSG00000042781.nuc.ord.aln,ENSG00000042781.nuc.ord.tre,15.712611
ENSG00000042813.nuc.ord.aln,ENSG00000042813.nuc.ord.tre,0.426323
ENSG00000042832.nuc.ord.aln,ENSG00000042832.nuc.ord.tre,4.713090
ENSG00000042980.nuc.ord.aln,ENSG00000042980.nuc.ord.tre,0.890662
ENSG00000043039.nuc.ord.aln,ENSG00000043039.nuc.ord.tre,0.325632
ENSG00000043143.nuc.ord.aln,ENSG00000043143.nuc.ord.tre,0.856054
ENSG00000043462.nuc.ord.aln,ENSG00000043462.nuc.ord.tre,0.505656
ENSG00000043514.nuc.ord.aln,ENSG00000043514.nuc.ord.tre,0.491403
ENSG00000044012.nuc.ord.aln,ENSG00000044012.nuc.ord.tre,0.229578
ENSG00000044115.nuc.ord.aln,ENSG00000044115.nuc.ord.tre,0.970020
ENSG00000044446.nuc.ord.aln,ENSG00000044446.nuc.ord.tre,1.391759
ENSG00000044459.nuc.ord.aln,ENSG00000044459.nuc.ord.tre,1.658097
ENSG00000044524.nuc.ord.aln,ENSG00000044524.nuc.ord.tre,0.978309
ENSG00000046604.nuc.ord.aln,ENSG00000046604.nuc.ord.tre,1.155548
ENSG00000046647.nuc.ord.aln,ENSG00000046647.nuc.ord.tre,0.378845
ENSG00000046651.nuc.ord.aln,ENSG00000046651.nuc.ord.tre,1.144901
ENSG00000046653.nuc.ord.aln,ENSG00000046653.nuc.ord.tre,0.551486
ENSG00000046889.nuc.ord.aln,ENSG00000046889.nuc.ord.tre,2.543380
ENSG00000047056.nuc.ord.aln,ENSG00000047056.nuc.ord.tre,0.443254
ENSG00000047188.nuc.ord.aln,ENSG00000047188.nuc.ord.tre,1.726584
ENSG00000047230.nuc.ord.aln,ENSG00000047230.nuc.ord.tre,0.502599
ENSG00000047249.nuc.ord.aln,ENSG00000047249.nuc.ord.tre,0.506751
ENSG00000047315.nuc.ord.aln,ENSG00000047315.nuc.ord.tre,1.237425
ENSG00000047346.nuc.ord.aln,ENSG00000047346.nuc.ord.tre,1.137525
ENSG00000047365.nuc.ord.aln,ENSG00000047365.nuc.ord.tre,2.345702
ENSG00000047410.nuc.ord.aln,ENSG00000047410.nuc.ord.tre,3.975653
ENSG00000047457.nuc.ord.aln,ENSG00000047457.nuc.ord.tre,1.159790
ENSG00000047578.nuc.ord.aln,ENSG00000047578.nuc.ord.tre,2.012543
ENSG00000047579.nuc.ord.aln,ENSG00000047579.nuc.ord.tre,0.397603
ENSG00000047597.nuc.ord.aln,ENSG00000047597.nuc.ord.tre,0.525301
ENSG00000047617.nuc.ord.aln,ENSG00000047617.nuc.ord.tre,1.102797
ENSG00000047621.nuc.ord.aln,ENSG00000047621.nuc.ord.tre,0.460108
ENSG00000047648.nuc.ord.aln,ENSG00000047648.nuc.ord.tre,1.063824
ENSG00000047662.nuc.ord.aln,ENSG00000047662.nuc.ord.tre,1.528547
ENSG00000047849.nuc.ord.aln,ENSG00000047849.nuc.ord.tre,2.416055
ENSG00000047932.nuc.ord.aln,ENSG00000047932.nuc.ord.tre,0.483913
ENSG00000047936.nuc.ord.aln,ENSG00000047936.nuc.ord.tre,3.573450
ENSG00000048028.nuc.ord.aln,ENSG00000048028.nuc.ord.tre,1.137488
ENSG00000048162.nuc.ord.aln,ENSG00000048162.nuc.ord.tre,0.255660
ENSG00000048392.nuc.ord.aln,ENSG00000048392.nuc.ord.tre,0.408441
ENSG00000048405.nuc.ord.aln,ENSG00000048405.nuc.ord.tre,0.476744
ENSG00000048462.nuc.ord.aln,ENSG00000048462.nuc.ord.tre,0.299938
ENSG00000048471.nuc.ord.aln,ENSG00000048471.nuc.ord.tre,0.916338
ENSG00000048540.nuc.ord.aln,ENSG00000048540.nuc.ord.tre,0.295200
ENSG00000048544.nuc.ord.aln,ENSG00000048544.nuc.ord.tre,0.304329
ENSG00000048649.nuc.ord.aln,ENSG00000048649.nuc.ord.tre,1.647453
ENSG00000048707.nuc.ord.aln,ENSG00000048707.nuc.ord.tre,10.858100
ENSG00000048740.nuc.ord.aln,ENSG00000048740.nuc.ord.tre,0.759538
ENSG00000048828.nuc.ord.aln,ENSG00000048828.nuc.ord.tre,1.353163
ENSG00000048991.nuc.ord.aln,ENSG00000048991.nuc.ord.tre,1.430863
ENSG00000049130.nuc.ord.aln,ENSG00000049130.nuc.ord.tre,0.339294
ENSG00000049167.nuc.ord.aln,ENSG00000049167.nuc.ord.tre,0.433891
ENSG00000049192.nuc.ord.aln,ENSG00000049192.nuc.ord.tre,1.203179
ENSG00000049239.nuc.ord.aln,ENSG00000049239.nuc.ord.tre,0.687601
ENSG00000049246.nuc.ord.aln,ENSG00000049246.nuc.ord.tre,1.323433
ENSG00000049247.nuc.ord.aln,ENSG00000049247.nuc.ord.tre,0.296192
ENSG00000049249.nuc.ord.aln,ENSG00000049249.nuc.ord.tre,0.333709
ENSG00000049319.nuc.ord.aln,ENSG00000049319.nuc.ord.tre,0.322283
ENSG00000049323.nuc.ord.aln,ENSG00000049323.nuc.ord.tre,2.359351
ENSG00000049449.nuc.ord.aln,ENSG00000049449.nuc.ord.tre,0.494587
ENSG00000049541.nuc.ord.aln,ENSG00000049541.nuc.ord.tre,0.329450
ENSG00000049618.nuc.ord.aln,ENSG00000049618.nuc.ord.tre,4.094381
ENSG00000049656.nuc.ord.aln,ENSG00000049656.nuc.ord.tre,0.443503
ENSG00000049768.nuc.ord.aln,ENSG00000049768.nuc.ord.tre,0.413339
ENSG00000049769.nuc.ord.aln,ENSG00000049769.nuc.ord.tre,0.594174
ENSG00000049860.nuc.ord.aln,ENSG00000049860.nuc.ord.tre,0.457792
ENSG00000049883.nuc.ord.aln,ENSG00000049883.nuc.ord.tre,0.436160
ENSG00000050030.nuc.ord.aln,ENSG00000050030.nuc.ord.tre,1.654342
ENSG00000050165.nuc.ord.aln,ENSG00000050165.nuc.ord.tre,0.486715
ENSG00000050344.nuc.ord.aln,ENSG00000050344.nuc.ord.tre,0.553557
ENSG00000050393.nuc.ord.aln,ENSG00000050393.nuc.ord.tre,0.362672
ENSG00000050405.nuc.ord.aln,ENSG00000050405.nuc.ord.tre,0.705630
ENSG00000050426.nuc.ord.aln,ENSG00000050426.nuc.ord.tre,0.404364
ENSG00000050438.nuc.ord.aln,ENSG00000050438.nuc.ord.tre,2.051825
ENSG00000050555.nuc.ord.aln,ENSG00000050555.nuc.ord.tre,2.003499
ENSG00000050628.nuc.ord.aln,ENSG00000050628.nuc.ord.tre,0.497992
ENSG00000050730.nuc.ord.aln,ENSG00000050730.nuc.ord.tre,0.385804
ENSG00000050748.nuc.ord.aln,ENSG00000050748.nuc.ord.tre,0.419839
ENSG00000051009.nuc.ord.aln,ENSG00000051009.nuc.ord.tre,1.503708
ENSG00000051108.nuc.ord.aln,ENSG00000051108.nuc.ord.tre,0.467679
ENSG00000051180.nuc.ord.aln,ENSG00000051180.nuc.ord.tre,0.385388
ENSG00000051341.nuc.ord.aln,ENSG00000051341.nuc.ord.tre,5.291614
ENSG00000051382.nuc.ord.aln,ENSG00000051382.nuc.ord.tre,1.027811
ENSG00000051620.nuc.ord.aln,ENSG00000051620.nuc.ord.tre,0.321752
ENSG00000051825.nuc.ord.aln,ENSG00000051825.nuc.ord.tre,1.091364
ENSG00000052126.nuc.ord.aln,ENSG00000052126.nuc.ord.tre,1.292802
ENSG00000052723.nuc.ord.aln,ENSG00000052723.nuc.ord.tre,0.343978
ENSG00000052749.nuc.ord.aln,ENSG00000052749.nuc.ord.tre,1.728089
ENSG00000052795.nuc.ord.aln,ENSG00000052795.nuc.ord.tre,1.635739
ENSG00000052802.nuc.ord.aln,ENSG00000052802.nuc.ord.tre,0.336858
ENSG00000052841.nuc.ord.aln,ENSG00000052841.nuc.ord.tre,1.308300
ENSG00000052850.nuc.ord.aln,ENSG00000052850.nuc.ord.tre,0.353612
ENSG00000053108.nuc.ord.aln,ENSG00000053108.nuc.ord.tre,0.753371
ENSG00000053254.nuc.ord.aln,ENSG00000053254.nuc.ord.tre,0.461995
ENSG00000053328.nuc.ord.aln,ENSG00000053328.nuc.ord.tre,0.405360
ENSG00000053372.nuc.ord.aln,ENSG00000053372.nuc.ord.tre,0.306947
ENSG00000053747.nuc.ord.aln,ENSG00000053747.nuc.ord.tre,7.816936
ENSG00000053770.nuc.ord.aln,ENSG00000053770.nuc.ord.tre,0.441836
ENSG00000053900.nuc.ord.aln,ENSG00000053900.nuc.ord.tre,0.774014
ENSG00000054116.nuc.ord.aln,ENSG00000054116.nuc.ord.tre,0.328554
ENSG00000054118.nuc.ord.aln,ENSG00000054118.nuc.ord.tre,0.994389
ENSG00000054219.nuc.ord.aln,ENSG00000054219.nuc.ord.tre,2.496125
ENSG00000054267.nuc.ord.aln,ENSG00000054267.nuc.ord.tre,1.373010
ENSG00000054277.nuc.ord.aln,ENSG00000054277.nuc.ord.tre,0.319170
ENSG00000054282.nuc.ord.aln,ENSG00000054282.nuc.ord.tre,0.685903
ENSG00000054356.nuc.ord.aln,ENSG00000054356.nuc.ord.tre,0.802413
ENSG00000054392.nuc.ord.aln,ENSG00000054392.nuc.ord.tre,0.537236
ENSG00000054611.nuc.ord.aln,ENSG00000054611.nuc.ord.tre,0.454669
ENSG00000054690.nuc.ord.aln,ENSG00000054690.nuc.ord.tre,2.128651
ENSG00000054793.nuc.ord.aln,ENSG00000054793.nuc.ord.tre,1.088153
ENSG00000054796.nuc.ord.aln,ENSG00000054796.nuc.ord.tre,0.433031
ENSG00000054938.nuc.ord.aln,ENSG00000054938.nuc.ord.tre,0.431800
ENSG00000054965.nuc.ord.aln,ENSG00000054965.nuc.ord.tre,0.345948
ENSG00000054967.nuc.ord.aln,ENSG00000054967.nuc.ord.tre,0.358875
ENSG00000054983.nuc.ord.aln,ENSG00000054983.nuc.ord.tre,0.709605
ENSG00000055044.nuc.ord.aln,ENSG00000055044.nuc.ord.tre,0.480899
ENSG00000055070.nuc.ord.aln,ENSG00000055070.nuc.ord.tre,0.309571
ENSG00000055118.nuc.ord.aln,ENSG00000055118.nuc.ord.tre,1.423635
ENSG00000055130.nuc.ord.aln,ENSG00000055130.nuc.ord.tre,0.755185
ENSG00000055163.nuc.ord.aln,ENSG00000055163.nuc.ord.tre,1.400821
ENSG00000055208.nuc.ord.aln,ENSG00000055208.nuc.ord.tre,0.661993
ENSG00000055211.nuc.ord.aln,ENSG00000055211.nuc.ord.tre,0.379681
ENSG00000055332.nuc.ord.aln,ENSG00000055332.nuc.ord.tre,0.540659
ENSG00000055483.nuc.ord.aln,ENSG00000055483.nuc.ord.tre,1.236935
ENSG00000055609.nuc.ord.aln,ENSG00000055609.nuc.ord.tre,12.560441
ENSG00000055732.nuc.ord.aln,ENSG00000055732.nuc.ord.tre,0.478622
ENSG00000055813.nuc.ord.aln,ENSG00000055813.nuc.ord.tre,0.446689
ENSG00000055917.nuc.ord.aln,ENSG00000055917.nuc.ord.tre,1.173887
ENSG00000055950.nuc.ord.aln,ENSG00000055950.nuc.ord.tre,0.323998
ENSG00000055957.nuc.ord.aln,ENSG00000055957.nuc.ord.tre,0.974370
ENSG00000056050.nuc.ord.aln,ENSG00000056050.nuc.ord.tre,0.302029
ENSG00000056097.nuc.ord.aln,ENSG00000056097.nuc.ord.tre,1.139993
ENSG00000056291.nuc.ord.aln,ENSG00000056291.nuc.ord.tre,0.608135
ENSG00000056345.nuc.ord.aln,ENSG00000056345.nuc.ord.tre,0.676579
ENSG00000056487.nuc.ord.aln,ENSG00000056487.nuc.ord.tre,0.521276
ENSG00000056558.nuc.ord.aln,ENSG00000056558.nuc.ord.tre,0.402769
ENSG00000056586.nuc.ord.aln,ENSG00000056586.nuc.ord.tre,1.183669
ENSG00000056736.nuc.ord.aln,ENSG00000056736.nuc.ord.tre,0.453690
ENSG00000056972.nuc.ord.aln,ENSG00000056972.nuc.ord.tre,0.478245
ENSG00000057019.nuc.ord.aln,ENSG00000057019.nuc.ord.tre,0.742737
ENSG00000057252.nuc.ord.aln,ENSG00000057252.nuc.ord.tre,0.402828
ENSG00000057294.nuc.ord.aln,ENSG00000057294.nuc.ord.tre,1.071380
ENSG00000057468.nuc.ord.aln,ENSG00000057468.nuc.ord.tre,1.186499
ENSG00000057593.nuc.ord.aln,ENSG00000057593.nuc.ord.tre,0.327739
ENSG00000057608.nuc.ord.aln,ENSG00000057608.nuc.ord.tre,0.451865
ENSG00000057657.nuc.ord.aln,ENSG00000057657.nuc.ord.tre,0.917992
ENSG00000057663.nuc.ord.aln,ENSG00000057663.nuc.ord.tre,0.380397
ENSG00000057704.nuc.ord.aln,ENSG00000057704.nuc.ord.tre,0.475015
ENSG00000057757.nuc.ord.aln,ENSG00000057757.nuc.ord.tre,0.346149
ENSG00000057935.nuc.ord.aln,ENSG00000057935.nuc.ord.tre,0.435570
ENSG00000058056.nuc.ord.aln,ENSG00000058056.nuc.ord.tre,0.841278
ENSG00000058063.nuc.ord.aln,ENSG00000058063.nuc.ord.tre,1.228662
ENSG00000058085.nuc.ord.aln,ENSG00000058085.nuc.ord.tre,1.038726
ENSG00000058091.nuc.ord.aln,ENSG00000058091.nuc.ord.tre,0.488929
ENSG00000058262.nuc.ord.aln,ENSG00000058262.nuc.ord.tre,0.409217
ENSG00000058272.nuc.ord.aln,ENSG00000058272.nuc.ord.tre,1.042186
ENSG00000058335.nuc.ord.aln,ENSG00000058335.nuc.ord.tre,1.219286
ENSG00000058600.nuc.ord.aln,ENSG00000058600.nuc.ord.tre,0.565278
ENSG00000058668.nuc.ord.aln,ENSG00000058668.nuc.ord.tre,1.342685
ENSG00000058673.nuc.ord.aln,ENSG00000058673.nuc.ord.tre,0.642697
ENSG00000058729.nuc.ord.aln,ENSG00000058729.nuc.ord.tre,0.446363
ENSG00000058799.nuc.ord.aln,ENSG00000058799.nuc.ord.tre,0.361977
ENSG00000058866.nuc.ord.aln,ENSG00000058866.nuc.ord.tre,0.724176
ENSG00000059377.nuc.ord.aln,ENSG00000059377.nuc.ord.tre,0.480803
ENSG00000059378.nuc.ord.aln,ENSG00000059378.nuc.ord.tre,1.212147
ENSG00000059573.nuc.ord.aln,ENSG00000059573.nuc.ord.tre,0.712934
ENSG00000059691.nuc.ord.aln,ENSG00000059691.nuc.ord.tre,0.546098
ENSG00000059728.nuc.ord.aln,ENSG00000059728.nuc.ord.tre,0.369447
ENSG00000060069.nuc.ord.aln,ENSG00000060069.nuc.ord.tre,0.908545
ENSG00000060138.nuc.ord.aln,ENSG00000060138.nuc.ord.tre,0.410079
ENSG00000060140.nuc.ord.aln,ENSG00000060140.nuc.ord.tre,0.406117
ENSG00000060237.nuc.ord.aln,ENSG00000060237.nuc.ord.tre,4.215468
ENSG00000060339.nuc.ord.aln,ENSG00000060339.nuc.ord.tre,1.252557
ENSG00000060558.nuc.ord.aln,ENSG00000060558.nuc.ord.tre,0.277694
ENSG00000060642.nuc.ord.aln,ENSG00000060642.nuc.ord.tre,0.425714
ENSG00000060656.nuc.ord.aln,ENSG00000060656.nuc.ord.tre,1.739847
ENSG00000060709.nuc.ord.aln,ENSG00000060709.nuc.ord.tre,1.910262
ENSG00000060718.nuc.ord.aln,ENSG00000060718.nuc.ord.tre,2.688765
ENSG00000060749.nuc.ord.aln,ENSG00000060749.nuc.ord.tre,1.803036
ENSG00000060762.nuc.ord.aln,ENSG00000060762.nuc.ord.tre,0.260404
ENSG00000060982.nuc.ord.aln,ENSG00000060982.nuc.ord.tre,0.525741
ENSG00000061273.nuc.ord.aln,ENSG00000061273.nuc.ord.tre,0.961810
ENSG00000061337.nuc.ord.aln,ENSG00000061337.nuc.ord.tre,0.502072
ENSG00000061455.nuc.ord.aln,ENSG00000061455.nuc.ord.tre,1.363398
ENSG00000061492.nuc.ord.aln,ENSG00000061492.nuc.ord.tre,0.341890
ENSG00000061656.nuc.ord.aln,ENSG00000061656.nuc.ord.tre,0.410104
ENSG00000061676.nuc.ord.aln,ENSG00000061676.nuc.ord.tre,1.281161
ENSG00000061794.nuc.ord.aln,ENSG00000061794.nuc.ord.tre,0.402721
ENSG00000061918.nuc.ord.aln,ENSG00000061918.nuc.ord.tre,0.617978
ENSG00000061936.nuc.ord.aln,ENSG00000061936.nuc.ord.tre,0.963181
ENSG00000061987.nuc.ord.aln,ENSG00000061987.nuc.ord.tre,2.022575
ENSG00000062194.nuc.ord.aln,ENSG00000062194.nuc.ord.tre,0.456829
ENSG00000062282.nuc.ord.aln,ENSG00000062282.nuc.ord.tre,0.423882
ENSG00000062524.nuc.ord.aln,ENSG00000062524.nuc.ord.tre,0.573983
ENSG00000062582.nuc.ord.aln,ENSG00000062582.nuc.ord.tre,0.234925
ENSG00000062598.nuc.ord.aln,ENSG00000062598.nuc.ord.tre,0.767773
ENSG00000062650.nuc.ord.aln,ENSG00000062650.nuc.ord.tre,1.283897
ENSG00000062716.nuc.ord.aln,ENSG00000062716.nuc.ord.tre,0.419747
ENSG00000062725.nuc.ord.aln,ENSG00000062725.nuc.ord.tre,0.534616
ENSG00000062822.nuc.ord.aln,ENSG00000062822.nuc.ord.tre,0.992050
ENSG00000063015.nuc.ord.aln,ENSG00000063015.nuc.ord.tre,0.984882
ENSG00000063046.nuc.ord.aln,ENSG00000063046.nuc.ord.tre,0.537485
ENSG00000063176.nuc.ord.aln,ENSG00000063176.nuc.ord.tre,0.572553
ENSG00000063245.nuc.ord.aln,ENSG00000063245.nuc.ord.tre,0.521961
ENSG00000063322.nuc.ord.aln,ENSG00000063322.nuc.ord.tre,0.240373
ENSG00000063438.nuc.ord.aln,ENSG00000063438.nuc.ord.tre,0.587817
ENSG00000063515.nuc.ord.aln,ENSG00000063515.nuc.ord.tre,0.203985
ENSG00000063587.nuc.ord.aln,ENSG00000063587.nuc.ord.tre,0.410109
ENSG00000063601.nuc.ord.aln,ENSG00000063601.nuc.ord.tre,0.611001
ENSG00000063761.nuc.ord.aln,ENSG00000063761.nuc.ord.tre,0.468412
ENSG00000063978.nuc.ord.aln,ENSG00000063978.nuc.ord.tre,0.345987
ENSG00000064012.nuc.ord.aln,ENSG00000064012.nuc.ord.tre,0.599033
ENSG00000064042.nuc.ord.aln,ENSG00000064042.nuc.ord.tre,2.302627
ENSG00000064102.nuc.ord.aln,ENSG00000064102.nuc.ord.tre,0.684447
ENSG00000064115.nuc.ord.aln,ENSG00000064115.nuc.ord.tre,0.489082
ENSG00000064195.nuc.ord.aln,ENSG00000064195.nuc.ord.tre,0.305545
ENSG00000064199.nuc.ord.aln,ENSG00000064199.nuc.ord.tre,0.313215
ENSG00000064270.nuc.ord.aln,ENSG00000064270.nuc.ord.tre,1.322842
ENSG00000064309.nuc.ord.aln,ENSG00000064309.nuc.ord.tre,1.558075
ENSG00000064313.nuc.ord.aln,ENSG00000064313.nuc.ord.tre,1.298723
ENSG00000064419.nuc.ord.aln,ENSG00000064419.nuc.ord.tre,1.119294
ENSG00000064490.nuc.ord.aln,ENSG00000064490.nuc.ord.tre,0.325847
ENSG00000064601.nuc.ord.aln,ENSG00000064601.nuc.ord.tre,0.435790
ENSG00000064651.nuc.ord.aln,ENSG00000064651.nuc.ord.tre,1.456871
ENSG00000064652.nuc.ord.aln,ENSG00000064652.nuc.ord.tre,0.360996
ENSG00000064655.nuc.ord.aln,ENSG00000064655.nuc.ord.tre,0.513865
ENSG00000064692.nuc.ord.aln,ENSG00000064692.nuc.ord.tre,1.117893
ENSG00000064703.nuc.ord.aln,ENSG00000064703.nuc.ord.tre,0.831848
ENSG00000064726.nuc.ord.aln,ENSG00000064726.nuc.ord.tre,0.493001
ENSG00000064763.nuc.ord.aln,ENSG00000064763.nuc.ord.tre,0.452169
ENSG00000064787.nuc.ord.aln,ENSG00000064787.nuc.ord.tre,0.688096
ENSG00000064835.nuc.ord.aln,ENSG00000064835.nuc.ord.tre,0.431116
ENSG00000064933.nuc.ord.aln,ENSG00000064933.nuc.ord.tre,1.293154
ENSG00000064989.nuc.ord.aln,ENSG00000064989.nuc.ord.tre,0.477771
ENSG00000064999.nuc.ord.aln,ENSG00000064999.nuc.ord.tre,1.158388
ENSG00000065029.nuc.ord.aln,ENSG00000065029.nuc.ord.tre,0.472219
ENSG00000065054.nuc.ord.aln,ENSG00000065054.nuc.ord.tre,0.298925
ENSG00000065057.nuc.ord.aln,ENSG00000065057.nuc.ord.tre,0.313921
ENSG00000065060.nuc.ord.aln,ENSG00000065060.nuc.ord.tre,1.900166
ENSG00000065135.nuc.ord.aln,ENSG00000065135.nuc.ord.tre,0.402346
ENSG00000065154.nuc.ord.aln,ENSG00000065154.nuc.ord.tre,0.437517
ENSG00000065183.nuc.ord.aln,ENSG00000065183.nuc.ord.tre,0.928161
ENSG00000065243.nuc.ord.aln,ENSG00000065243.nuc.ord.tre,0.965518
ENSG00000065308.nuc.ord.aln,ENSG00000065308.nuc.ord.tre,0.434494
ENSG00000065320.nuc.ord.aln,ENSG00000065320.nuc.ord.tre,0.399596
ENSG00000065325.nuc.ord.aln,ENSG00000065325.nuc.ord.tre,0.516935
ENSG00000065328.nuc.ord.aln,ENSG00000065328.nuc.ord.tre,0.949345
ENSG00000065357.nuc.ord.aln,ENSG00000065357.nuc.ord.tre,0.658815
ENSG00000065361.nuc.ord.aln,ENSG00000065361.nuc.ord.tre,1.426710
ENSG00000065413.nuc.ord.aln,ENSG00000065413.nuc.ord.tre,1.179989
ENSG00000065427.nuc.ord.aln,ENSG00000065427.nuc.ord.tre,0.571996
ENSG00000065457.nuc.ord.aln,ENSG00000065457.nuc.ord.tre,0.486720
ENSG00000065485.nuc.ord.aln,ENSG00000065485.nuc.ord.tre,0.528156
ENSG00000065491.nuc.ord.aln,ENSG00000065491.nuc.ord.tre,0.522358
ENSG00000065526.nuc.ord.aln,ENSG00000065526.nuc.ord.tre,7.551928
ENSG00000065534.nuc.ord.aln,ENSG00000065534.nuc.ord.tre,1.910276
ENSG00000065548.nuc.ord.aln,ENSG00000065548.nuc.ord.tre,0.410085
ENSG00000065559.nuc.ord.aln,ENSG00000065559.nuc.ord.tre,0.414022
ENSG00000065600.nuc.ord.aln,ENSG00000065600.nuc.ord.tre,0.370507
ENSG00000065609.nuc.ord.aln,ENSG00000065609.nuc.ord.tre,1.140376
ENSG00000065613.nuc.ord.aln,ENSG00000065613.nuc.ord.tre,1.488724
ENSG00000065615.nuc.ord.aln,ENSG00000065615.nuc.ord.tre,0.484591
ENSG00000065618.nuc.ord.aln,ENSG00000065618.nuc.ord.tre,1.876763
ENSG00000065621.nuc.ord.aln,ENSG00000065621.nuc.ord.tre,0.324014
ENSG00000065665.nuc.ord.aln,ENSG00000065665.nuc.ord.tre,0.520618
ENSG00000065675.nuc.ord.aln,ENSG00000065675.nuc.ord.tre,0.674679
ENSG00000065717.nuc.ord.aln,ENSG00000065717.nuc.ord.tre,0.627645
ENSG00000065809.nuc.ord.aln,ENSG00000065809.nuc.ord.tre,0.347781
ENSG00000065882.nuc.ord.aln,ENSG00000065882.nuc.ord.tre,1.421288
ENSG00000065883.nuc.ord.aln,ENSG00000065883.nuc.ord.tre,2.076022
ENSG00000065970.nuc.ord.aln,ENSG00000065970.nuc.ord.tre,0.408027
ENSG00000066027.nuc.ord.aln,ENSG00000066027.nuc.ord.tre,0.546808
ENSG00000066032.nuc.ord.aln,ENSG00000066032.nuc.ord.tre,0.815105
ENSG00000066084.nuc.ord.aln,ENSG00000066084.nuc.ord.tre,1.936932
ENSG00000066117.nuc.ord.aln,ENSG00000066117.nuc.ord.tre,0.410294
ENSG00000066135.nuc.ord.aln,ENSG00000066135.nuc.ord.tre,1.286235
ENSG00000066185.nuc.ord.aln,ENSG00000066185.nuc.ord.tre,0.409990
ENSG00000066230.nuc.ord.aln,ENSG00000066230.nuc.ord.tre,0.718872
ENSG00000066248.nuc.ord.aln,ENSG00000066248.nuc.ord.tre,0.398664
ENSG00000066279.nuc.ord.aln,ENSG00000066279.nuc.ord.tre,6.731960
ENSG00000066322.nuc.ord.aln,ENSG00000066322.nuc.ord.tre,0.360046
ENSG00000066379.nuc.ord.aln,ENSG00000066379.nuc.ord.tre,0.239068
ENSG00000066382.nuc.ord.aln,ENSG00000066382.nuc.ord.tre,0.386573
ENSG00000066405.nuc.ord.aln,ENSG00000066405.nuc.ord.tre,0.350806
ENSG00000066422.nuc.ord.aln,ENSG00000066422.nuc.ord.tre,1.073115
ENSG00000066455.nuc.ord.aln,ENSG00000066455.nuc.ord.tre,0.627307
ENSG00000066468.nuc.ord.aln,ENSG00000066468.nuc.ord.tre,0.515903
ENSG00000066557.nuc.ord.aln,ENSG00000066557.nuc.ord.tre,0.507786
ENSG00000066583.nuc.ord.aln,ENSG00000066583.nuc.ord.tre,0.475359
ENSG00000066629.nuc.ord.aln,ENSG00000066629.nuc.ord.tre,0.730546
ENSG00000066651.nuc.ord.aln,ENSG00000066651.nuc.ord.tre,0.447417
ENSG00000066654.nuc.ord.aln,ENSG00000066654.nuc.ord.tre,0.319705
ENSG00000066777.nuc.ord.aln,ENSG00000066777.nuc.ord.tre,2.443228
ENSG00000066827.nuc.ord.aln,ENSG00000066827.nuc.ord.tre,1.426367
ENSG00000066855.nuc.ord.aln,ENSG00000066855.nuc.ord.tre,0.427532
ENSG00000066926.nuc.ord.aln,ENSG00000066926.nuc.ord.tre,0.429672
ENSG00000066933.nuc.ord.aln,ENSG00000066933.nuc.ord.tre,4.416303
ENSG00000067057.nuc.ord.aln,ENSG00000067057.nuc.ord.tre,0.794738
ENSG00000067064.nuc.ord.aln,ENSG00000067064.nuc.ord.tre,0.367280
ENSG00000067082.nuc.ord.aln,ENSG00000067082.nuc.ord.tre,0.331315
ENSG00000067113.nuc.ord.aln,ENSG00000067113.nuc.ord.tre,0.433537
ENSG00000067141.nuc.ord.aln,ENSG00000067141.nuc.ord.tre,1.793853
ENSG00000067177.nuc.ord.aln,ENSG00000067177.nuc.ord.tre,1.365716
ENSG00000067182.nuc.ord.aln,ENSG00000067182.nuc.ord.tre,0.572418
ENSG00000067208.nuc.ord.aln,ENSG00000067208.nuc.ord.tre,0.796633
ENSG00000067221.nuc.ord.aln,ENSG00000067221.nuc.ord.tre,0.384789
ENSG00000067248.nuc.ord.aln,ENSG00000067248.nuc.ord.tre,1.552759
ENSG00000067334.nuc.ord.aln,ENSG00000067334.nuc.ord.tre,1.414171
ENSG00000067369.nuc.ord.aln,ENSG00000067369.nuc.ord.tre,2.668383
ENSG00000067596.nuc.ord.aln,ENSG00000067596.nuc.ord.tre,1.314675
ENSG00000067704.nuc.ord.aln,ENSG00000067704.nuc.ord.tre,1.145842
ENSG00000067715.nuc.ord.aln,ENSG00000067715.nuc.ord.tre,0.335008
ENSG00000067798.nuc.ord.aln,ENSG00000067798.nuc.ord.tre,4.356836
ENSG00000067900.nuc.ord.aln,ENSG00000067900.nuc.ord.tre,1.412557
ENSG00000067955.nuc.ord.aln,ENSG00000067955.nuc.ord.tre,0.338442
ENSG00000067992.nuc.ord.aln,ENSG00000067992.nuc.ord.tre,0.403975
ENSG00000068001.nuc.ord.aln,ENSG00000068001.nuc.ord.tre,0.531214
ENSG00000068028.nuc.ord.aln,ENSG00000068028.nuc.ord.tre,0.355218
ENSG00000068079.nuc.ord.aln,ENSG00000068079.nuc.ord.tre,0.314338
ENSG00000068097.nuc.ord.aln,ENSG00000068097.nuc.ord.tre,1.305773
ENSG00000068120.nuc.ord.aln,ENSG00000068120.nuc.ord.tre,0.428029
ENSG00000068323.nuc.ord.aln,ENSG00000068323.nuc.ord.tre,0.859248
ENSG00000068354.nuc.ord.aln,ENSG00000068354.nuc.ord.tre,0.682430
ENSG00000068366.nuc.ord.aln,ENSG00000068366.nuc.ord.tre,0.608799
ENSG00000068383.nuc.ord.aln,ENSG00000068383.nuc.ord.tre,0.402028
ENSG00000068394.nuc.ord.aln,ENSG00000068394.nuc.ord.tre,0.391110
ENSG00000068489.nuc.ord.aln,ENSG00000068489.nuc.ord.tre,0.405926
ENSG00000068615.nuc.ord.aln,ENSG00000068615.nuc.ord.tre,0.327304
ENSG00000068650.nuc.ord.aln,ENSG00000068650.nuc.ord.tre,1.573424
ENSG00000068654.nuc.ord.aln,ENSG00000068654.nuc.ord.tre,2.449084
ENSG00000068697.nuc.ord.aln,ENSG00000068697.nuc.ord.tre,0.237778
ENSG00000068724.nuc.ord.aln,ENSG00000068724.nuc.ord.tre,0.857259
ENSG00000068745.nuc.ord.aln,ENSG00000068745.nuc.ord.tre,0.542544
ENSG00000068784.nuc.ord.aln,ENSG00000068784.nuc.ord.tre,1.075115
ENSG00000068793.nuc.ord.aln,ENSG00000068793.nuc.ord.tre,1.630187
ENSG00000068796.nuc.ord.aln,ENSG00000068796.nuc.ord.tre,0.859885
ENSG00000068831.nuc.ord.aln,ENSG00000068831.nuc.ord.tre,0.754720
ENSG00000068878.nuc.ord.aln,ENSG00000068878.nuc.ord.tre,2.514151
ENSG00000068885.nuc.ord.aln,ENSG00000068885.nuc.ord.tre,1.664335
ENSG00000068903.nuc.ord.aln,ENSG00000068903.nuc.ord.tre,0.369298
ENSG00000068912.nuc.ord.aln,ENSG00000068912.nuc.ord.tre,0.510245
ENSG00000068971.nuc.ord.aln,ENSG00000068971.nuc.ord.tre,0.389455
ENSG00000068976.nuc.ord.aln,ENSG00000068976.nuc.ord.tre,0.921585
ENSG00000069011.nuc.ord.aln,ENSG00000069011.nuc.ord.tre,0.268058
ENSG00000069018.nuc.ord.aln,ENSG00000069018.nuc.ord.tre,0.901536
ENSG00000069020.nuc.ord.aln,ENSG00000069020.nuc.ord.tre,5.701873
ENSG00000069206.nuc.ord.aln,ENSG00000069206.nuc.ord.tre,0.764448
ENSG00000069248.nuc.ord.aln,ENSG00000069248.nuc.ord.tre,1.614651
ENSG00000069275.nuc.ord.aln,ENSG00000069275.nuc.ord.tre,0.316118
ENSG00000069329.nuc.ord.aln,ENSG00000069329.nuc.ord.tre,0.718031
ENSG00000069345.nuc.ord.aln,ENSG00000069345.nuc.ord.tre,0.186669
ENSG00000069431.nuc.ord.aln,ENSG00000069431.nuc.ord.tre,2.083782
ENSG00000069482.nuc.ord.aln,ENSG00000069482.nuc.ord.tre,0.198507
ENSG00000069509.nuc.ord.aln,ENSG00000069509.nuc.ord.tre,0.257010
ENSG00000069535.nuc.ord.aln,ENSG00000069535.nuc.ord.tre,0.503833
ENSG00000069667.nuc.ord.aln,ENSG00000069667.nuc.ord.tre,0.967333
ENSG00000069702.nuc.ord.aln,ENSG00000069702.nuc.ord.tre,0.809849
ENSG00000069712.nuc.ord.aln,ENSG00000069712.nuc.ord.tre,1.604266
ENSG00000069849.nuc.ord.aln,ENSG00000069849.nuc.ord.tre,0.279959
ENSG00000069869.nuc.ord.aln,ENSG00000069869.nuc.ord.tre,2.583906
ENSG00000069943.nuc.ord.aln,ENSG00000069943.nuc.ord.tre,0.628853
ENSG00000069966.nuc.ord.aln,ENSG00000069966.nuc.ord.tre,0.417062
ENSG00000069974.nuc.ord.aln,ENSG00000069974.nuc.ord.tre,0.322119
ENSG00000070010.nuc.ord.aln,ENSG00000070010.nuc.ord.tre,0.404326
ENSG00000070018.nuc.ord.aln,ENSG00000070018.nuc.ord.tre,1.922711
ENSG00000070019.nuc.ord.aln,ENSG00000070019.nuc.ord.tre,1.043894
ENSG00000070047.nuc.ord.aln,ENSG00000070047.nuc.ord.tre,2.067048
ENSG00000070061.nuc.ord.aln,ENSG00000070061.nuc.ord.tre,1.504832
ENSG00000070081.nuc.ord.aln,ENSG00000070081.nuc.ord.tre,0.433563
ENSG00000070087.nuc.ord.aln,ENSG00000070087.nuc.ord.tre,0.225118
ENSG00000070159.nuc.ord.aln,ENSG00000070159.nuc.ord.tre,0.773644
ENSG00000070182.nuc.ord.aln,ENSG00000070182.nuc.ord.tre,4.078037
ENSG00000070190.nuc.ord.aln,ENSG00000070190.nuc.ord.tre,0.395303
ENSG00000070193.nuc.ord.aln,ENSG00000070193.nuc.ord.tre,0.290584
ENSG00000070214.nuc.ord.aln,ENSG00000070214.nuc.ord.tre,0.814775
ENSG00000070269.nuc.ord.aln,ENSG00000070269.nuc.ord.tre,0.670234
ENSG00000070366.nuc.ord.aln,ENSG00000070366.nuc.ord.tre,0.630953
ENSG00000070367.nuc.ord.aln,ENSG00000070367.nuc.ord.tre,0.607628
ENSG00000070413.nuc.ord.aln,ENSG00000070413.nuc.ord.tre,0.469590
ENSG00000070495.nuc.ord.aln,ENSG00000070495.nuc.ord.tre,0.391631
ENSG00000070501.nuc.ord.aln,ENSG00000070501.nuc.ord.tre,0.381940
ENSG00000070540.nuc.ord.aln,ENSG00000070540.nuc.ord.tre,0.446631
ENSG00000070601.nuc.ord.aln,ENSG00000070601.nuc.ord.tre,2.211633
ENSG00000070610.nuc.ord.aln,ENSG00000070610.nuc.ord.tre,0.980072
ENSG00000070614.nuc.ord.aln,ENSG00000070614.nuc.ord.tre,0.663468
ENSG00000070669.nuc.ord.aln,ENSG00000070669.nuc.ord.tre,0.275224
ENSG00000070718.nuc.ord.aln,ENSG00000070718.nuc.ord.tre,0.448526
ENSG00000070729.nuc.ord.aln,ENSG00000070729.nuc.ord.tre,2.846749
ENSG00000070761.nuc.ord.aln,ENSG00000070761.nuc.ord.tre,0.325300
ENSG00000070770.nuc.ord.aln,ENSG00000070770.nuc.ord.tre,0.519182
ENSG00000070778.nuc.ord.aln,ENSG00000070778.nuc.ord.tre,1.384000
ENSG00000070785.nuc.ord.aln,ENSG00000070785.nuc.ord.tre,0.425766
ENSG00000070808.nuc.ord.aln,ENSG00000070808.nuc.ord.tre,0.773251
ENSG00000070814.nuc.ord.aln,ENSG00000070814.nuc.ord.tre,2.275966
ENSG00000070882.nuc.ord.aln,ENSG00000070882.nuc.ord.tre,0.932312
ENSG00000070915.nuc.ord.aln,ENSG00000070915.nuc.ord.tre,0.939776
ENSG00000070950.nuc.ord.aln,ENSG00000070950.nuc.ord.tre,0.491812
ENSG00000070961.nuc.ord.aln,ENSG00000070961.nuc.ord.tre,1.441604
ENSG00000071054.nuc.ord.aln,ENSG00000071054.nuc.ord.tre,1.779362
ENSG00000071073.nuc.ord.aln,ENSG00000071073.nuc.ord.tre,0.489035
ENSG00000071127.nuc.ord.aln,ENSG00000071127.nuc.ord.tre,0.631880
ENSG00000071189.nuc.ord.aln,ENSG00000071189.nuc.ord.tre,1.069264
ENSG00000071205.nuc.ord.aln,ENSG00000071205.nuc.ord.tre,1.112678
ENSG00000071243.nuc.ord.aln,ENSG00000071243.nuc.ord.tre,0.432030
ENSG00000071246.nuc.ord.aln,ENSG00000071246.nuc.ord.tre,0.412600
ENSG00000071282.nuc.ord.aln,ENSG00000071282.nuc.ord.tre,0.375484
ENSG00000071537.nuc.ord.aln,ENSG00000071537.nuc.ord.tre,0.861491
ENSG00000071539.nuc.ord.aln,ENSG00000071539.nuc.ord.tre,0.405111
ENSG00000071553.nuc.ord.aln,ENSG00000071553.nuc.ord.tre,0.738737
ENSG00000071575.nuc.ord.aln,ENSG00000071575.nuc.ord.tre,0.381248
ENSG00000071794.nuc.ord.aln,ENSG00000071794.nuc.ord.tre,1.282878
ENSG00000071859.nuc.ord.aln,ENSG00000071859.nuc.ord.tre,0.356570
ENSG00000071889.nuc.ord.aln,ENSG00000071889.nuc.ord.tre,0.260047
ENSG00000071909.nuc.ord.aln,ENSG00000071909.nuc.ord.tre,1.524534
ENSG00000071967.nuc.ord.aln,ENSG00000071967.nuc.ord.tre,0.399233
ENSG00000071991.nuc.ord.aln,ENSG00000071991.nuc.ord.tre,0.665093
ENSG00000071994.nuc.ord.aln,ENSG00000071994.nuc.ord.tre,0.315935
ENSG00000072041.nuc.ord.aln,ENSG00000072041.nuc.ord.tre,0.814498
ENSG00000072042.nuc.ord.aln,ENSG00000072042.nuc.ord.tre,0.432828
ENSG00000072080.nuc.ord.aln,ENSG00000072080.nuc.ord.tre,0.294330
ENSG00000072110.nuc.ord.aln,ENSG00000072110.nuc.ord.tre,0.856290
ENSG00000072121.nuc.ord.aln,ENSG00000072121.nuc.ord.tre,4.283271
ENSG00000072133.nuc.ord.aln,ENSG00000072133.nuc.ord.tre,0.728823
ENSG00000072134.nuc.ord.aln,ENSG00000072134.nuc.ord.tre,0.568733
ENSG00000072135.nuc.ord.aln,ENSG00000072135.nuc.ord.tre,0.380189
ENSG00000072182.nuc.ord.aln,ENSG00000072182.nuc.ord.tre,0.524950
ENSG00000072195.nuc.ord.aln,ENSG00000072195.nuc.ord.tre,5.381353
ENSG00000072201.nuc.ord.aln,ENSG00000072201.nuc.ord.tre,0.636635
ENSG00000072210.nuc.ord.aln,ENSG00000072210.nuc.ord.tre,0.536919
ENSG00000072274.nuc.ord.aln,ENSG00000072274.nuc.ord.tre,0.740935
ENSG00000072310.nuc.ord.aln,ENSG00000072310.nuc.ord.tre,1.303717
ENSG00000072315.nuc.ord.aln,ENSG00000072315.nuc.ord.tre,1.083692
ENSG00000072364.nuc.ord.aln,ENSG00000072364.nuc.ord.tre,1.778784
ENSG00000072401.nuc.ord.aln,ENSG00000072401.nuc.ord.tre,0.300531
ENSG00000072415.nuc.ord.aln,ENSG00000072415.nuc.ord.tre,0.613189
ENSG00000072422.nuc.ord.aln,ENSG00000072422.nuc.ord.tre,0.676664
ENSG00000072518.nuc.ord.aln,ENSG00000072518.nuc.ord.tre,0.666725
ENSG00000072571.nuc.ord.aln,ENSG00000072571.nuc.ord.tre,0.833250
ENSG00000072609.nuc.ord.aln,ENSG00000072609.nuc.ord.tre,0.624752
ENSG00000072657.nuc.ord.aln,ENSG00000072657.nuc.ord.tre,1.135145
ENSG00000072682.nuc.ord.aln,ENSG00000072682.nuc.ord.tre,0.488980
ENSG00000072736.nuc.ord.aln,ENSG00000072736.nuc.ord.tre,1.159916
ENSG00000072756.nuc.ord.aln,ENSG00000072756.nuc.ord.tre,0.432694
ENSG00000072778.nuc.ord.aln,ENSG00000072778.nuc.ord.tre,0.846288
ENSG00000072786.nuc.ord.aln,ENSG00000072786.nuc.ord.tre,2.118983
ENSG00000072803.nuc.ord.aln,ENSG00000072803.nuc.ord.tre,0.535004
ENSG00000072840.nuc.ord.aln,ENSG00000072840.nuc.ord.tre,0.868420
ENSG00000072849.nuc.ord.aln,ENSG00000072849.nuc.ord.tre,0.334239
ENSG00000072858.nuc.ord.aln,ENSG00000072858.nuc.ord.tre,0.851362
ENSG00000072864.nuc.ord.aln,ENSG00000072864.nuc.ord.tre,0.380494
ENSG00000072952.nuc.ord.aln,ENSG00000072952.nuc.ord.tre,0.882887
ENSG00000072954.nuc.ord.aln,ENSG00000072954.nuc.ord.tre,0.307206
ENSG00000073009.nuc.ord.aln,ENSG00000073009.nuc.ord.tre,0.495381
ENSG00000073050.nuc.ord.aln,ENSG00000073050.nuc.ord.tre,0.571434
ENSG00000073111.nuc.ord.aln,ENSG00000073111.nuc.ord.tre,0.791227
ENSG00000073146.nuc.ord.aln,ENSG00000073146.nuc.ord.tre,1.762750
ENSG00000073282.nuc.ord.aln,ENSG00000073282.nuc.ord.tre,0.610264
ENSG00000073331.nuc.ord.aln,ENSG00000073331.nuc.ord.tre,1.546964
ENSG00000073350.nuc.ord.aln,ENSG00000073350.nuc.ord.tre,1.047467
ENSG00000073417.nuc.ord.aln,ENSG00000073417.nuc.ord.tre,0.863476
ENSG00000073464.nuc.ord.aln,ENSG00000073464.nuc.ord.tre,0.754260
ENSG00000073584.nuc.ord.aln,ENSG00000073584.nuc.ord.tre,0.396686
ENSG00000073598.nuc.ord.aln,ENSG00000073598.nuc.ord.tre,0.328478
ENSG00000073614.nuc.ord.aln,ENSG00000073614.nuc.ord.tre,2.619217
ENSG00000073670.nuc.ord.aln,ENSG00000073670.nuc.ord.tre,0.626630
ENSG00000073711.nuc.ord.aln,ENSG00000073711.nuc.ord.tre,0.809106
ENSG00000073712.nuc.ord.aln,ENSG00000073712.nuc.ord.tre,0.581951
ENSG00000073737.nuc.ord.aln,ENSG00000073737.nuc.ord.tre,0.416251
ENSG00000073754.nuc.ord.aln,ENSG00000073754.nuc.ord.tre,0.305896
ENSG00000073756.nuc.ord.aln,ENSG00000073756.nuc.ord.tre,0.499300
ENSG00000073792.nuc.ord.aln,ENSG00000073792.nuc.ord.tre,0.592175
ENSG00000073803.nuc.ord.aln,ENSG00000073803.nuc.ord.tre,1.124283
ENSG00000073849.nuc.ord.aln,ENSG00000073849.nuc.ord.tre,0.399226
ENSG00000073861.nuc.ord.aln,ENSG00000073861.nuc.ord.tre,0.425931
ENSG00000073921.nuc.ord.aln,ENSG00000073921.nuc.ord.tre,0.694702
ENSG00000073969.nuc.ord.aln,ENSG00000073969.nuc.ord.tre,0.477705
ENSG00000074047.nuc.ord.aln,ENSG00000074047.nuc.ord.tre,2.311632
ENSG00000074054.nuc.ord.aln,ENSG00000074054.nuc.ord.tre,2.049523
ENSG00000074071.nuc.ord.aln,ENSG00000074071.nuc.ord.tre,0.240157
ENSG00000074201.nuc.ord.aln,ENSG00000074201.nuc.ord.tre,0.302110
ENSG00000074211.nuc.ord.aln,ENSG00000074211.nuc.ord.tre,0.405730
ENSG00000074266.nuc.ord.aln,ENSG00000074266.nuc.ord.tre,0.481938
ENSG00000074276.nuc.ord.aln,ENSG00000074276.nuc.ord.tre,1.220275
ENSG00000074317.nuc.ord.aln,ENSG00000074317.nuc.ord.tre,0.203714
ENSG00000074319.nuc.ord.aln,ENSG00000074319.nuc.ord.tre,0.366523
ENSG00000074356.nuc.ord.aln,ENSG00000074356.nuc.ord.tre,0.514332
ENSG00000074370.nuc.ord.aln,ENSG00000074370.nuc.ord.tre,1.225531
ENSG00000074410.nuc.ord.aln,ENSG00000074410.nuc.ord.tre,0.524631
ENSG00000074416.nuc.ord.aln,ENSG00000074416.nuc.ord.tre,0.299253
ENSG00000074527.nuc.ord.aln,ENSG00000074527.nuc.ord.tre,0.520684
ENSG00000074582.nuc.ord.aln,ENSG00000074582.nuc.ord.tre,0.370668
ENSG00000074590.nuc.ord.aln,ENSG00000074590.nuc.ord.tre,0.556215
ENSG00000074603.nuc.ord.aln,ENSG00000074603.nuc.ord.tre,0.833780
ENSG00000074621.nuc.ord.aln,ENSG00000074621.nuc.ord.tre,1.948685
ENSG00000074657.nuc.ord.aln,ENSG00000074657.nuc.ord.tre,1.221918
ENSG00000074660.nuc.ord.aln,ENSG00000074660.nuc.ord.tre,0.608782
ENSG00000074695.nuc.ord.aln,ENSG00000074695.nuc.ord.tre,0.506796
ENSG00000074696.nuc.ord.aln,ENSG00000074696.nuc.ord.tre,0.425985
ENSG00000074706.nuc.ord.aln,ENSG00000074706.nuc.ord.tre,0.493963
ENSG00000074755.nuc.ord.aln,ENSG00000074755.nuc.ord.tre,6.186140
ENSG00000074771.nuc.ord.aln,ENSG00000074771.nuc.ord.tre,0.601036
ENSG00000074803.nuc.ord.aln,ENSG00000074803.nuc.ord.tre,1.152023
ENSG00000074935.nuc.ord.aln,ENSG00000074935.nuc.ord.tre,0.460347
ENSG00000074964.nuc.ord.aln,ENSG00000074964.nuc.ord.tre,1.247145
ENSG00000074966.nuc.ord.aln,ENSG00000074966.nuc.ord.tre,0.387028
ENSG00000075035.nuc.ord.aln,ENSG00000075035.nuc.ord.tre,0.782764
ENSG00000075073.nuc.ord.aln,ENSG00000075073.nuc.ord.tre,0.385990
ENSG00000075131.nuc.ord.aln,ENSG00000075131.nuc.ord.tre,0.358693
ENSG00000075151.nuc.ord.aln,ENSG00000075151.nuc.ord.tre,2.315148
ENSG00000075188.nuc.ord.aln,ENSG00000075188.nuc.ord.tre,0.404461
ENSG00000075213.nuc.ord.aln,ENSG00000075213.nuc.ord.tre,0.511971
ENSG00000075218.nuc.ord.aln,ENSG00000075218.nuc.ord.tre,0.783851
ENSG00000075223.nuc.ord.aln,ENSG00000075223.nuc.ord.tre,0.681251
ENSG00000075234.nuc.ord.aln,ENSG00000075234.nuc.ord.tre,0.471184
ENSG00000075239.nuc.ord.aln,ENSG00000075239.nuc.ord.tre,0.426764
ENSG00000075275.nuc.ord.aln,ENSG00000075275.nuc.ord.tre,6.274991
ENSG00000075290.nuc.ord.aln,ENSG00000075290.nuc.ord.tre,0.366349
ENSG00000075292.nuc.ord.aln,ENSG00000075292.nuc.ord.tre,2.903878
ENSG00000075303.nuc.ord.aln,ENSG00000075303.nuc.ord.tre,0.364145
ENSG00000075336.nuc.ord.aln,ENSG00000075336.nuc.ord.tre,0.330012
ENSG00000075340.nuc.ord.aln,ENSG00000075340.nuc.ord.tre,0.648025
ENSG00000075391.nuc.ord.aln,ENSG00000075391.nuc.ord.tre,1.442352
ENSG00000075413.nuc.ord.aln,ENSG00000075413.nuc.ord.tre,0.797974
ENSG00000075415.nuc.ord.aln,ENSG00000075415.nuc.ord.tre,0.404824
ENSG00000075420.nuc.ord.aln,ENSG00000075420.nuc.ord.tre,1.347541
ENSG00000075461.nuc.ord.aln,ENSG00000075461.nuc.ord.tre,0.335655
ENSG00000075539.nuc.ord.aln,ENSG00000075539.nuc.ord.tre,5.901311
ENSG00000075568.nuc.ord.aln,ENSG00000075568.nuc.ord.tre,2.809808
ENSG00000075643.nuc.ord.aln,ENSG00000075643.nuc.ord.tre,0.966763
ENSG00000075651.nuc.ord.aln,ENSG00000075651.nuc.ord.tre,1.148728
ENSG00000075673.nuc.ord.aln,ENSG00000075673.nuc.ord.tre,1.080850
ENSG00000075702.nuc.ord.aln,ENSG00000075702.nuc.ord.tre,2.340030
ENSG00000075711.nuc.ord.aln,ENSG00000075711.nuc.ord.tre,1.098199
ENSG00000075785.nuc.ord.aln,ENSG00000075785.nuc.ord.tre,0.217419
ENSG00000075790.nuc.ord.aln,ENSG00000075790.nuc.ord.tre,0.423099
ENSG00000075826.nuc.ord.aln,ENSG00000075826.nuc.ord.tre,1.560422
ENSG00000075856.nuc.ord.aln,ENSG00000075856.nuc.ord.tre,1.083995
ENSG00000075884.nuc.ord.aln,ENSG00000075884.nuc.ord.tre,0.425713
ENSG00000075891.nuc.ord.aln,ENSG00000075891.nuc.ord.tre,0.568068
ENSG00000075945.nuc.ord.aln,ENSG00000075945.nuc.ord.tre,0.847713
ENSG00000075975.nuc.ord.aln,ENSG00000075975.nuc.ord.tre,0.418471
ENSG00000076003.nuc.ord.aln,ENSG00000076003.nuc.ord.tre,0.778478
ENSG00000076043.nuc.ord.aln,ENSG00000076043.nuc.ord.tre,0.484312
ENSG00000076053.nuc.ord.aln,ENSG00000076053.nuc.ord.tre,0.366936
ENSG00000076108.nuc.ord.aln,ENSG00000076108.nuc.ord.tre,2.815586
ENSG00000076201.nuc.ord.aln,ENSG00000076201.nuc.ord.tre,1.919945
ENSG00000076242.nuc.ord.aln,ENSG00000076242.nuc.ord.tre,0.765882
ENSG00000076248.nuc.ord.aln,ENSG00000076248.nuc.ord.tre,0.184593
ENSG00000076258.nuc.ord.aln,ENSG00000076258.nuc.ord.tre,0.467955
ENSG00000076321.nuc.ord.aln,ENSG00000076321.nuc.ord.tre,0.506945
ENSG00000076351.nuc.ord.aln,ENSG00000076351.nuc.ord.tre,0.373400
ENSG00000076356.nuc.ord.aln,ENSG00000076356.nuc.ord.tre,2.471989
ENSG00000076382.nuc.ord.aln,ENSG00000076382.nuc.ord.tre,1.412876
ENSG00000076513.nuc.ord.aln,ENSG00000076513.nuc.ord.tre,0.546962
ENSG00000076554.nuc.ord.aln,ENSG00000076554.nuc.ord.tre,0.510215
ENSG00000076555.nuc.ord.aln,ENSG00000076555.nuc.ord.tre,4.345026
ENSG00000076604.nuc.ord.aln,ENSG00000076604.nuc.ord.tre,0.524984
ENSG00000076641.nuc.ord.aln,ENSG00000076641.nuc.ord.tre,0.369572
ENSG00000076650.nuc.ord.aln,ENSG00000076650.nuc.ord.tre,0.956234
ENSG00000076685.nuc.ord.aln,ENSG00000076685.nuc.ord.tre,0.349010
ENSG00000076706.nuc.ord.aln,ENSG00000076706.nuc.ord.tre,0.480507
ENSG00000076716.nuc.ord.aln,ENSG00000076716.nuc.ord.tre,0.501996
ENSG00000076770.nuc.ord.aln,ENSG00000076770.nuc.ord.tre,0.437726
ENSG00000076826.nuc.ord.aln,ENSG00000076826.nuc.ord.tre,1.587514
ENSG00000076864.nuc.ord.aln,ENSG00000076864.nuc.ord.tre,0.960778
ENSG00000076924.nuc.ord.aln,ENSG00000076924.nuc.ord.tre,0.529453
ENSG00000076984.nuc.ord.aln,ENSG00000076984.nuc.ord.tre,0.573394
ENSG00000077063.nuc.ord.aln,ENSG00000077063.nuc.ord.tre,2.383358
ENSG00000077080.nuc.ord.aln,ENSG00000077080.nuc.ord.tre,0.434909
ENSG00000077092.nuc.ord.aln,ENSG00000077092.nuc.ord.tre,0.574841
ENSG00000077097.nuc.ord.aln,ENSG00000077097.nuc.ord.tre,1.862013
ENSG00000077147.nuc.ord.aln,ENSG00000077147.nuc.ord.tre,0.664307
ENSG00000077152.nuc.ord.aln,ENSG00000077152.nuc.ord.tre,0.304806
ENSG00000077157.nuc.ord.aln,ENSG00000077157.nuc.ord.tre,1.145674
ENSG00000077232.nuc.ord.aln,ENSG00000077232.nuc.ord.tre,0.738120
ENSG00000077235.nuc.ord.aln,ENSG00000077235.nuc.ord.tre,2.970167
ENSG00000077254.nuc.ord.aln,ENSG00000077254.nuc.ord.tre,0.866745
ENSG00000077264.nuc.ord.aln,ENSG00000077264.nuc.ord.tre,0.458128
ENSG00000077274.nuc.ord.aln,ENSG00000077274.nuc.ord.tre,0.528346
ENSG00000077279.nuc.ord.aln,ENSG00000077279.nuc.ord.tre,0.414524
ENSG00000077348.nuc.ord.aln,ENSG00000077348.nuc.ord.tre,0.370163
ENSG00000077380.nuc.ord.aln,ENSG00000077380.nuc.ord.tre,0.665999
ENSG00000077420.nuc.ord.aln,ENSG00000077420.nuc.ord.tre,0.684761
ENSG00000077454.nuc.ord.aln,ENSG00000077454.nuc.ord.tre,0.992328
ENSG00000077458.nuc.ord.aln,ENSG00000077458.nuc.ord.tre,0.387930
ENSG00000077463.nuc.ord.aln,ENSG00000077463.nuc.ord.tre,0.313392
ENSG00000077514.nuc.ord.aln,ENSG00000077514.nuc.ord.tre,0.458800
ENSG00000077522.nuc.ord.aln,ENSG00000077522.nuc.ord.tre,1.088181
ENSG00000077549.nuc.ord.aln,ENSG00000077549.nuc.ord.tre,0.602031
ENSG00000077616.nuc.ord.aln,ENSG00000077616.nuc.ord.tre,0.716726
ENSG00000077684.nuc.ord.aln,ENSG00000077684.nuc.ord.tre,0.777393
ENSG00000077713.nuc.ord.aln,ENSG00000077713.nuc.ord.tre,0.455418
ENSG00000077721.nuc.ord.aln,ENSG00000077721.nuc.ord.tre,0.305326
ENSG00000077782.nuc.ord.aln,ENSG00000077782.nuc.ord.tre,0.824671
ENSG00000077935.nuc.ord.aln,ENSG00000077935.nuc.ord.tre,1.318790
ENSG00000077942.nuc.ord.aln,ENSG00000077942.nuc.ord.tre,0.991187
ENSG00000077943.nuc.ord.aln,ENSG00000077943.nuc.ord.tre,1.122198
ENSG00000077984.nuc.ord.aln,ENSG00000077984.nuc.ord.tre,0.296373
ENSG00000078018.nuc.ord.aln,ENSG00000078018.nuc.ord.tre,2.401766
ENSG00000078043.nuc.ord.aln,ENSG00000078043.nuc.ord.tre,0.546481
ENSG00000078053.nuc.ord.aln,ENSG00000078053.nuc.ord.tre,0.862593
ENSG00000078061.nuc.ord.aln,ENSG00000078061.nuc.ord.tre,0.574763
ENSG00000078070.nuc.ord.aln,ENSG00000078070.nuc.ord.tre,0.648803
ENSG00000078081.nuc.ord.aln,ENSG00000078081.nuc.ord.tre,0.431313
ENSG00000078098.nuc.ord.aln,ENSG00000078098.nuc.ord.tre,0.651579
ENSG00000078114.nuc.ord.aln,ENSG00000078114.nuc.ord.tre,1.178868
ENSG00000078124.nuc.ord.aln,ENSG00000078124.nuc.ord.tre,0.371354
ENSG00000078140.nuc.ord.aln,ENSG00000078140.nuc.ord.tre,0.317677
ENSG00000078142.nuc.ord.aln,ENSG00000078142.nuc.ord.tre,0.551101
ENSG00000078177.nuc.ord.aln,ENSG00000078177.nuc.ord.tre,2.488679
ENSG00000078246.nuc.ord.aln,ENSG00000078246.nuc.ord.tre,0.515594
ENSG00000078269.nuc.ord.aln,ENSG00000078269.nuc.ord.tre,1.971387
ENSG00000078295.nuc.ord.aln,ENSG00000078295.nuc.ord.tre,1.137645
ENSG00000078304.nuc.ord.aln,ENSG00000078304.nuc.ord.tre,0.443017
ENSG00000078328.nuc.ord.aln,ENSG00000078328.nuc.ord.tre,0.492551
ENSG00000078369.nuc.ord.aln,ENSG00000078369.nuc.ord.tre,0.366199
ENSG00000078401.nuc.ord.aln,ENSG00000078401.nuc.ord.tre,0.366708
ENSG00000078403.nuc.ord.aln,ENSG00000078403.nuc.ord.tre,1.098033
ENSG00000078487.nuc.ord.aln,ENSG00000078487.nuc.ord.tre,0.580765
ENSG00000078549.nuc.ord.aln,ENSG00000078549.nuc.ord.tre,0.462622
ENSG00000078579.nuc.ord.aln,ENSG00000078579.nuc.ord.tre,0.313242
ENSG00000078589.nuc.ord.aln,ENSG00000078589.nuc.ord.tre,0.298664
ENSG00000078618.nuc.ord.aln,ENSG00000078618.nuc.ord.tre,1.389632
ENSG00000078668.nuc.ord.aln,ENSG00000078668.nuc.ord.tre,0.319728
ENSG00000078674.nuc.ord.aln,ENSG00000078674.nuc.ord.tre,3.056297
ENSG00000078687.nuc.ord.aln,ENSG00000078687.nuc.ord.tre,3.429226
ENSG00000078699.nuc.ord.aln,ENSG00000078699.nuc.ord.tre,0.742183
ENSG00000078725.nuc.ord.aln,ENSG00000078725.nuc.ord.tre,0.768798
ENSG00000078747.nuc.ord.aln,ENSG00000078747.nuc.ord.tre,1.352148
ENSG00000078795.nuc.ord.aln,ENSG00000078795.nuc.ord.tre,0.535691
ENSG00000078804.nuc.ord.aln,ENSG00000078804.nuc.ord.tre,0.272521
ENSG00000078898.nuc.ord.aln,ENSG00000078898.nuc.ord.tre,0.315014
ENSG00000078902.nuc.ord.aln,ENSG00000078902.nuc.ord.tre,0.404278
ENSG00000079102.nuc.ord.aln,ENSG00000079102.nuc.ord.tre,0.955705
ENSG00000079112.nuc.ord.aln,ENSG00000079112.nuc.ord.tre,0.823612
ENSG00000079134.nuc.ord.aln,ENSG00000079134.nuc.ord.tre,0.534045
ENSG00000079150.nuc.ord.aln,ENSG00000079150.nuc.ord.tre,0.391159
ENSG00000079156.nuc.ord.aln,ENSG00000079156.nuc.ord.tre,1.065989
ENSG00000079215.nuc.ord.aln,ENSG00000079215.nuc.ord.tre,0.479749
ENSG00000079246.nuc.ord.aln,ENSG00000079246.nuc.ord.tre,0.624385
ENSG00000079257.nuc.ord.aln,ENSG00000079257.nuc.ord.tre,0.316547
ENSG00000079277.nuc.ord.aln,ENSG00000079277.nuc.ord.tre,0.578955
ENSG00000079308.nuc.ord.aln,ENSG00000079308.nuc.ord.tre,2.455493
ENSG00000079335.nuc.ord.aln,ENSG00000079335.nuc.ord.tre,0.619591
ENSG00000079337.nuc.ord.aln,ENSG00000079337.nuc.ord.tre,0.708792
ENSG00000079387.nuc.ord.aln,ENSG00000079387.nuc.ord.tre,0.625066
ENSG00000079393.nuc.ord.aln,ENSG00000079393.nuc.ord.tre,0.454739
ENSG00000079435.nuc.ord.aln,ENSG00000079435.nuc.ord.tre,1.270840
ENSG00000079459.nuc.ord.aln,ENSG00000079459.nuc.ord.tre,0.387404
ENSG00000079462.nuc.ord.aln,ENSG00000079462.nuc.ord.tre,0.243942
ENSG00000079482.nuc.ord.aln,ENSG00000079482.nuc.ord.tre,0.592207
ENSG00000079557.nuc.ord.aln,ENSG00000079557.nuc.ord.tre,0.549730
ENSG00000079616.nuc.ord.aln,ENSG00000079616.nuc.ord.tre,0.580070
ENSG00000079689.nuc.ord.aln,ENSG00000079689.nuc.ord.tre,0.367675
ENSG00000079691.nuc.ord.aln,ENSG00000079691.nuc.ord.tre,1.664129
ENSG00000079739.nuc.ord.aln,ENSG00000079739.nuc.ord.tre,0.706361
ENSG00000079785.nuc.ord.aln,ENSG00000079785.nuc.ord.tre,0.721530
ENSG00000079805.nuc.ord.aln,ENSG00000079805.nuc.ord.tre,0.759214
ENSG00000079819.nuc.ord.aln,ENSG00000079819.nuc.ord.tre,1.200279
ENSG00000079841.nuc.ord.aln,ENSG00000079841.nuc.ord.tre,3.038171
ENSG00000079931.nuc.ord.aln,ENSG00000079931.nuc.ord.tre,0.506970
ENSG00000079950.nuc.ord.aln,ENSG00000079950.nuc.ord.tre,0.380255
ENSG00000079999.nuc.ord.aln,ENSG00000079999.nuc.ord.tre,0.551534
ENSG00000080031.nuc.ord.aln,ENSG00000080031.nuc.ord.tre,1.957824
ENSG00000080166.nuc.ord.aln,ENSG00000080166.nuc.ord.tre,0.521811
ENSG00000080189.nuc.ord.aln,ENSG00000080189.nuc.ord.tre,0.378774
ENSG00000080200.nuc.ord.aln,ENSG00000080200.nuc.ord.tre,1.218848
ENSG00000080293.nuc.ord.aln,ENSG00000080293.nuc.ord.tre,0.410427
ENSG00000080345.nuc.ord.aln,ENSG00000080345.nuc.ord.tre,4.886523
ENSG00000080371.nuc.ord.aln,ENSG00000080371.nuc.ord.tre,0.363575
ENSG00000080493.nuc.ord.aln,ENSG00000080493.nuc.ord.tre,1.461585
ENSG00000080546.nuc.ord.aln,ENSG00000080546.nuc.ord.tre,0.509888
ENSG00000080561.nuc.ord.aln,ENSG00000080561.nuc.ord.tre,0.647204
ENSG00000080603.nuc.ord.aln,ENSG00000080603.nuc.ord.tre,7.650932
ENSG00000080608.nuc.ord.aln,ENSG00000080608.nuc.ord.tre,0.603773
ENSG00000080618.nuc.ord.aln,ENSG00000080618.nuc.ord.tre,0.444125
ENSG00000080644.nuc.ord.aln,ENSG00000080644.nuc.ord.tre,0.535522
ENSG00000080709.nuc.ord.aln,ENSG00000080709.nuc.ord.tre,0.766373
ENSG00000080815.nuc.ord.aln,ENSG00000080815.nuc.ord.tre,0.543842
ENSG00000080819.nuc.ord.aln,ENSG00000080819.nuc.ord.tre,0.404879
ENSG00000080822.nuc.ord.aln,ENSG00000080822.nuc.ord.tre,0.445912
ENSG00000080823.nuc.ord.aln,ENSG00000080823.nuc.ord.tre,0.374154
ENSG00000080839.nuc.ord.aln,ENSG00000080839.nuc.ord.tre,1.253908
ENSG00000080854.nuc.ord.aln,ENSG00000080854.nuc.ord.tre,1.409021
ENSG00000080986.nuc.ord.aln,ENSG00000080986.nuc.ord.tre,0.545010
ENSG00000081014.nuc.ord.aln,ENSG00000081014.nuc.ord.tre,1.318146
ENSG00000081019.nuc.ord.aln,ENSG00000081019.nuc.ord.tre,0.799791
ENSG00000081026.nuc.ord.aln,ENSG00000081026.nuc.ord.tre,1.829704
ENSG00000081051.nuc.ord.aln,ENSG00000081051.nuc.ord.tre,0.520314
ENSG00000081052.nuc.ord.aln,ENSG00000081052.nuc.ord.tre,2.557030
ENSG00000081059.nuc.ord.aln,ENSG00000081059.nuc.ord.tre,0.677402
ENSG00000081087.nuc.ord.aln,ENSG00000081087.nuc.ord.tre,0.398885
ENSG00000081138.nuc.ord.aln,ENSG00000081138.nuc.ord.tre,0.729197
ENSG00000081148.nuc.ord.aln,ENSG00000081148.nuc.ord.tre,1.460896
ENSG00000081177.nuc.ord.aln,ENSG00000081177.nuc.ord.tre,0.652596
ENSG00000081181.nuc.ord.aln,ENSG00000081181.nuc.ord.tre,0.395402
ENSG00000081237.nuc.ord.aln,ENSG00000081237.nuc.ord.tre,1.788213
ENSG00000081248.nuc.ord.aln,ENSG00000081248.nuc.ord.tre,3.299930
ENSG00000081277.nuc.ord.aln,ENSG00000081277.nuc.ord.tre,0.614151
ENSG00000081307.nuc.ord.aln,ENSG00000081307.nuc.ord.tre,0.433593
ENSG00000081320.nuc.ord.aln,ENSG00000081320.nuc.ord.tre,0.416745
ENSG00000081479.nuc.ord.aln,ENSG00000081479.nuc.ord.tre,12.050451
ENSG00000081692.nuc.ord.aln,ENSG00000081692.nuc.ord.tre,0.412806
ENSG00000081721.nuc.ord.aln,ENSG00000081721.nuc.ord.tre,0.341845
ENSG00000081760.nuc.ord.aln,ENSG00000081760.nuc.ord.tre,0.559018
ENSG00000081791.nuc.ord.aln,ENSG00000081791.nuc.ord.tre,0.506223
ENSG00000081800.nuc.ord.aln,ENSG00000081800.nuc.ord.tre,0.790811
ENSG00000081803.nuc.ord.aln,ENSG00000081803.nuc.ord.tre,1.535474
ENSG00000081853.nuc.ord.aln,ENSG00000081853.nuc.ord.tre,0.648327
ENSG00000081870.nuc.ord.aln,ENSG00000081870.nuc.ord.tre,0.262770
ENSG00000081913.nuc.ord.aln,ENSG00000081913.nuc.ord.tre,2.088324
ENSG00000081923.nuc.ord.aln,ENSG00000081923.nuc.ord.tre,1.466996
ENSG00000081985.nuc.ord.aln,ENSG00000081985.nuc.ord.tre,0.928626
ENSG00000082014.nuc.ord.aln,ENSG00000082014.nuc.ord.tre,0.450490
ENSG00000082068.nuc.ord.aln,ENSG00000082068.nuc.ord.tre,0.568663
ENSG00000082074.nuc.ord.aln,ENSG00000082074.nuc.ord.tre,0.898226
ENSG00000082126.nuc.ord.aln,ENSG00000082126.nuc.ord.tre,0.561702
ENSG00000082146.nuc.ord.aln,ENSG00000082146.nuc.ord.tre,0.389887
ENSG00000082175.nuc.ord.aln,ENSG00000082175.nuc.ord.tre,0.881287
ENSG00000082196.nuc.ord.aln,ENSG00000082196.nuc.ord.tre,0.230392
ENSG00000082212.nuc.ord.aln,ENSG00000082212.nuc.ord.tre,0.492179
ENSG00000082213.nuc.ord.aln,ENSG00000082213.nuc.ord.tre,0.470059
ENSG00000082258.nuc.ord.aln,ENSG00000082258.nuc.ord.tre,0.713065
ENSG00000082269.nuc.ord.aln,ENSG00000082269.nuc.ord.tre,1.857833
ENSG00000082293.nuc.ord.aln,ENSG00000082293.nuc.ord.tre,1.407231
ENSG00000082397.nuc.ord.aln,ENSG00000082397.nuc.ord.tre,1.150109
ENSG00000082438.nuc.ord.aln,ENSG00000082438.nuc.ord.tre,1.582521
ENSG00000082482.nuc.ord.aln,ENSG00000082482.nuc.ord.tre,0.442491
ENSG00000082497.nuc.ord.aln,ENSG00000082497.nuc.ord.tre,0.388994
ENSG00000082512.nuc.ord.aln,ENSG00000082512.nuc.ord.tre,0.459201
ENSG00000082515.nuc.ord.aln,ENSG00000082515.nuc.ord.tre,0.380044
ENSG00000082516.nuc.ord.aln,ENSG00000082516.nuc.ord.tre,2.058365
ENSG00000082556.nuc.ord.aln,ENSG00000082556.nuc.ord.tre,0.385799
ENSG00000082641.nuc.ord.aln,ENSG00000082641.nuc.ord.tre,0.753066
ENSG00000082684.nuc.ord.aln,ENSG00000082684.nuc.ord.tre,1.199489
ENSG00000082701.nuc.ord.aln,ENSG00000082701.nuc.ord.tre,0.450919
ENSG00000082781.nuc.ord.aln,ENSG00000082781.nuc.ord.tre,0.963566
ENSG00000082805.nuc.ord.aln,ENSG00000082805.nuc.ord.tre,1.235582
ENSG00000082898.nuc.ord.aln,ENSG00000082898.nuc.ord.tre,1.012712
ENSG00000082996.nuc.ord.aln,ENSG00000082996.nuc.ord.tre,0.399973
ENSG00000083067.nuc.ord.aln,ENSG00000083067.nuc.ord.tre,2.703296
ENSG00000083093.nuc.ord.aln,ENSG00000083093.nuc.ord.tre,1.392277
ENSG00000083097.nuc.ord.aln,ENSG00000083097.nuc.ord.tre,4.194836
ENSG00000083123.nuc.ord.aln,ENSG00000083123.nuc.ord.tre,0.442643
ENSG00000083168.nuc.ord.aln,ENSG00000083168.nuc.ord.tre,3.628078
ENSG00000083223.nuc.ord.aln,ENSG00000083223.nuc.ord.tre,1.853816
ENSG00000083290.nuc.ord.aln,ENSG00000083290.nuc.ord.tre,1.424532
ENSG00000083307.nuc.ord.aln,ENSG00000083307.nuc.ord.tre,0.596411
ENSG00000083312.nuc.ord.aln,ENSG00000083312.nuc.ord.tre,1.335021
ENSG00000083457.nuc.ord.aln,ENSG00000083457.nuc.ord.tre,1.343611
ENSG00000083520.nuc.ord.aln,ENSG00000083520.nuc.ord.tre,0.943254
ENSG00000083535.nuc.ord.aln,ENSG00000083535.nuc.ord.tre,0.817381
ENSG00000083544.nuc.ord.aln,ENSG00000083544.nuc.ord.tre,0.661685
ENSG00000083635.nuc.ord.aln,ENSG00000083635.nuc.ord.tre,0.491620
ENSG00000083642.nuc.ord.aln,ENSG00000083642.nuc.ord.tre,1.766662
ENSG00000083750.nuc.ord.aln,ENSG00000083750.nuc.ord.tre,0.367409
ENSG00000083782.nuc.ord.aln,ENSG00000083782.nuc.ord.tre,0.420246
ENSG00000083799.nuc.ord.aln,ENSG00000083799.nuc.ord.tre,0.906362
ENSG00000083807.nuc.ord.aln,ENSG00000083807.nuc.ord.tre,0.478971
ENSG00000083845.nuc.ord.aln,ENSG00000083845.nuc.ord.tre,0.272962
ENSG00000083857.nuc.ord.aln,ENSG00000083857.nuc.ord.tre,11.073945
ENSG00000083896.nuc.ord.aln,ENSG00000083896.nuc.ord.tre,0.783773
ENSG00000083937.nuc.ord.aln,ENSG00000083937.nuc.ord.tre,0.324197
ENSG00000084070.nuc.ord.aln,ENSG00000084070.nuc.ord.tre,0.416890
ENSG00000084072.nuc.ord.aln,ENSG00000084072.nuc.ord.tre,0.329607
ENSG00000084073.nuc.ord.aln,ENSG00000084073.nuc.ord.tre,0.446091
ENSG00000084092.nuc.ord.aln,ENSG00000084092.nuc.ord.tre,0.610348
ENSG00000084093.nuc.ord.aln,ENSG00000084093.nuc.ord.tre,1.866853
ENSG00000084110.nuc.ord.aln,ENSG00000084110.nuc.ord.tre,0.577213
ENSG00000084112.nuc.ord.aln,ENSG00000084112.nuc.ord.tre,1.261310
ENSG00000084234.nuc.ord.aln,ENSG00000084234.nuc.ord.tre,0.722486
ENSG00000084444.nuc.ord.aln,ENSG00000084444.nuc.ord.tre,0.551587
ENSG00000084623.nuc.ord.aln,ENSG00000084623.nuc.ord.tre,0.304383
ENSG00000084628.nuc.ord.aln,ENSG00000084628.nuc.ord.tre,0.307150
ENSG00000084636.nuc.ord.aln,ENSG00000084636.nuc.ord.tre,1.910269
ENSG00000084652.nuc.ord.aln,ENSG00000084652.nuc.ord.tre,0.554641
ENSG00000084674.nuc.ord.aln,ENSG00000084674.nuc.ord.tre,12.562258
ENSG00000084676.nuc.ord.aln,ENSG00000084676.nuc.ord.tre,1.895182
ENSG00000084693.nuc.ord.aln,ENSG00000084693.nuc.ord.tre,0.960502
ENSG00000084710.nuc.ord.aln,ENSG00000084710.nuc.ord.tre,0.943757
ENSG00000084731.nuc.ord.aln,ENSG00000084731.nuc.ord.tre,0.715370
ENSG00000084733.nuc.ord.aln,ENSG00000084733.nuc.ord.tre,0.293304
ENSG00000084734.nuc.ord.aln,ENSG00000084734.nuc.ord.tre,0.459826
ENSG00000084754.nuc.ord.aln,ENSG00000084754.nuc.ord.tre,0.736320
ENSG00000084774.nuc.ord.aln,ENSG00000084774.nuc.ord.tre,3.466115
ENSG00000085117.nuc.ord.aln,ENSG00000085117.nuc.ord.tre,0.272150
ENSG00000085224.nuc.ord.aln,ENSG00000085224.nuc.ord.tre,2.969696
ENSG00000085231.nuc.ord.aln,ENSG00000085231.nuc.ord.tre,0.206412
ENSG00000085274.nuc.ord.aln,ENSG00000085274.nuc.ord.tre,0.457608
ENSG00000085377.nuc.ord.aln,ENSG00000085377.nuc.ord.tre,0.780017
ENSG00000085382.nuc.ord.aln,ENSG00000085382.nuc.ord.tre,0.709189
ENSG00000085415.nuc.ord.aln,ENSG00000085415.nuc.ord.tre,0.405060
ENSG00000085449.nuc.ord.aln,ENSG00000085449.nuc.ord.tre,0.421579
ENSG00000085465.nuc.ord.aln,ENSG00000085465.nuc.ord.tre,1.015492
ENSG00000085491.nuc.ord.aln,ENSG00000085491.nuc.ord.tre,0.487343
ENSG00000085511.nuc.ord.aln,ENSG00000085511.nuc.ord.tre,1.727610
ENSG00000085552.nuc.ord.aln,ENSG00000085552.nuc.ord.tre,0.967972
ENSG00000085662.nuc.ord.aln,ENSG00000085662.nuc.ord.tre,0.293305
ENSG00000085719.nuc.ord.aln,ENSG00000085719.nuc.ord.tre,0.515125
ENSG00000085760.nuc.ord.aln,ENSG00000085760.nuc.ord.tre,0.671244
ENSG00000085788.nuc.ord.aln,ENSG00000085788.nuc.ord.tre,1.063831
ENSG00000085831.nuc.ord.aln,ENSG00000085831.nuc.ord.tre,0.848332
ENSG00000085832.nuc.ord.aln,ENSG00000085832.nuc.ord.tre,1.012553
ENSG00000085840.nuc.ord.aln,ENSG00000085840.nuc.ord.tre,0.996370
ENSG00000085871.nuc.ord.aln,ENSG00000085871.nuc.ord.tre,0.292112
ENSG00000085978.nuc.ord.aln,ENSG00000085978.nuc.ord.tre,0.651556
ENSG00000085982.nuc.ord.aln,ENSG00000085982.nuc.ord.tre,1.492262
ENSG00000085998.nuc.ord.aln,ENSG00000085998.nuc.ord.tre,0.715805
ENSG00000085999.nuc.ord.aln,ENSG00000085999.nuc.ord.tre,0.675079
ENSG00000086015.nuc.ord.aln,ENSG00000086015.nuc.ord.tre,2.506688
ENSG00000086062.nuc.ord.aln,ENSG00000086062.nuc.ord.tre,0.407384
ENSG00000086065.nuc.ord.aln,ENSG00000086065.nuc.ord.tre,0.343993
ENSG00000086159.nuc.ord.aln,ENSG00000086159.nuc.ord.tre,0.285349
ENSG00000086189.nuc.ord.aln,ENSG00000086189.nuc.ord.tre,0.386611
ENSG00000086232.nuc.ord.aln,ENSG00000086232.nuc.ord.tre,0.578802
ENSG00000086288.nuc.ord.aln,ENSG00000086288.nuc.ord.tre,0.543263
ENSG00000086289.nuc.ord.aln,ENSG00000086289.nuc.ord.tre,0.277164
ENSG00000086300.nuc.ord.aln,ENSG00000086300.nuc.ord.tre,0.453134
ENSG00000086475.nuc.ord.aln,ENSG00000086475.nuc.ord.tre,0.406809
ENSG00000086544.nuc.ord.aln,ENSG00000086544.nuc.ord.tre,0.736692
ENSG00000086570.nuc.ord.aln,ENSG00000086570.nuc.ord.tre,10.620811
ENSG00000086666.nuc.ord.aln,ENSG00000086666.nuc.ord.tre,0.336384
ENSG00000086696.nuc.ord.aln,ENSG00000086696.nuc.ord.tre,0.389221
ENSG00000086717.nuc.ord.aln,ENSG00000086717.nuc.ord.tre,0.808766
ENSG00000086758.nuc.ord.aln,ENSG00000086758.nuc.ord.tre,14.187124
ENSG00000086827.nuc.ord.aln,ENSG00000086827.nuc.ord.tre,0.767435
ENSG00000086848.nuc.ord.aln,ENSG00000086848.nuc.ord.tre,0.951640
ENSG00000086991.nuc.ord.aln,ENSG00000086991.nuc.ord.tre,0.533123
ENSG00000087008.nuc.ord.aln,ENSG00000087008.nuc.ord.tre,0.678381
ENSG00000087053.nuc.ord.aln,ENSG00000087053.nuc.ord.tre,0.681324
ENSG00000087076.nuc.ord.aln,ENSG00000087076.nuc.ord.tre,0.281885
ENSG00000087077.nuc.ord.aln,ENSG00000087077.nuc.ord.tre,0.365690
ENSG00000087085.nuc.ord.aln,ENSG00000087085.nuc.ord.tre,0.450557
ENSG00000087087.nuc.ord.aln,ENSG00000087087.nuc.ord.tre,0.765231
ENSG00000087088.nuc.ord.aln,ENSG00000087088.nuc.ord.tre,0.356833
ENSG00000087095.nuc.ord.aln,ENSG00000087095.nuc.ord.tre,0.476614
ENSG00000087111.nuc.ord.aln,ENSG00000087111.nuc.ord.tre,0.473562
ENSG00000087116.nuc.ord.aln,ENSG00000087116.nuc.ord.tre,1.248987
ENSG00000087128.nuc.ord.aln,ENSG00000087128.nuc.ord.tre,0.298089
ENSG00000087157.nuc.ord.aln,ENSG00000087157.nuc.ord.tre,0.663448
ENSG00000087191.nuc.ord.aln,ENSG00000087191.nuc.ord.tre,0.415421
ENSG00000087206.nuc.ord.aln,ENSG00000087206.nuc.ord.tre,0.700158
ENSG00000087245.nuc.ord.aln,ENSG00000087245.nuc.ord.tre,0.515386
ENSG00000087253.nuc.ord.aln,ENSG00000087253.nuc.ord.tre,0.599154
ENSG00000087263.nuc.ord.aln,ENSG00000087263.nuc.ord.tre,0.539373
ENSG00000087269.nuc.ord.aln,ENSG00000087269.nuc.ord.tre,0.749007
ENSG00000087274.nuc.ord.aln,ENSG00000087274.nuc.ord.tre,0.671881
ENSG00000087299.nuc.ord.aln,ENSG00000087299.nuc.ord.tre,0.453465
ENSG00000087301.nuc.ord.aln,ENSG00000087301.nuc.ord.tre,0.811991
ENSG00000087302.nuc.ord.aln,ENSG00000087302.nuc.ord.tre,0.376891
ENSG00000087303.nuc.ord.aln,ENSG00000087303.nuc.ord.tre,2.051633
ENSG00000087338.nuc.ord.aln,ENSG00000087338.nuc.ord.tre,0.488695
ENSG00000087365.nuc.ord.aln,ENSG00000087365.nuc.ord.tre,0.986188
ENSG00000087448.nuc.ord.aln,ENSG00000087448.nuc.ord.tre,0.385239
ENSG00000087470.nuc.ord.aln,ENSG00000087470.nuc.ord.tre,0.917305
ENSG00000087494.nuc.ord.aln,ENSG00000087494.nuc.ord.tre,0.404934
ENSG00000087502.nuc.ord.aln,ENSG00000087502.nuc.ord.tre,0.423995
ENSG00000087510.nuc.ord.aln,ENSG00000087510.nuc.ord.tre,0.610273
ENSG00000087586.nuc.ord.aln,ENSG00000087586.nuc.ord.tre,0.391759
ENSG00000087589.nuc.ord.aln,ENSG00000087589.nuc.ord.tre,0.988091
ENSG00000087842.nuc.ord.aln,ENSG00000087842.nuc.ord.tre,0.376851
ENSG00000087884.nuc.ord.aln,ENSG00000087884.nuc.ord.tre,0.260577
ENSG00000087903.nuc.ord.aln,ENSG00000087903.nuc.ord.tre,0.632477
ENSG00000087916.nuc.ord.aln,ENSG00000087916.nuc.ord.tre,0.527869
ENSG00000088035.nuc.ord.aln,ENSG00000088035.nuc.ord.tre,0.445692
ENSG00000088179.nuc.ord.aln,ENSG00000088179.nuc.ord.tre,0.793326
ENSG00000088247.nuc.ord.aln,ENSG00000088247.nuc.ord.tre,0.900419
ENSG00000088280.nuc.ord.aln,ENSG00000088280.nuc.ord.tre,0.672435
ENSG00000088298.nuc.ord.aln,ENSG00000088298.nuc.ord.tre,0.509217
ENSG00000088305.nuc.ord.aln,ENSG00000088305.nuc.ord.tre,1.024613
ENSG00000088320.nuc.ord.aln,ENSG00000088320.nuc.ord.tre,0.319467
ENSG00000088325.nuc.ord.aln,ENSG00000088325.nuc.ord.tre,0.774725
ENSG00000088356.nuc.ord.aln,ENSG00000088356.nuc.ord.tre,0.364413
ENSG00000088386.nuc.ord.aln,ENSG00000088386.nuc.ord.tre,0.659781
ENSG00000088387.nuc.ord.aln,ENSG00000088387.nuc.ord.tre,3.872749
ENSG00000088448.nuc.ord.aln,ENSG00000088448.nuc.ord.tre,0.388181
ENSG00000088451.nuc.ord.aln,ENSG00000088451.nuc.ord.tre,0.403395
ENSG00000088538.nuc.ord.aln,ENSG00000088538.nuc.ord.tre,3.103349
ENSG00000088543.nuc.ord.aln,ENSG00000088543.nuc.ord.tre,0.275487
ENSG00000088682.nuc.ord.aln,ENSG00000088682.nuc.ord.tre,0.388410
ENSG00000088726.nuc.ord.aln,ENSG00000088726.nuc.ord.tre,0.319293
ENSG00000088756.nuc.ord.aln,ENSG00000088756.nuc.ord.tre,0.789331
ENSG00000088766.nuc.ord.aln,ENSG00000088766.nuc.ord.tre,0.393538
ENSG00000088808.nuc.ord.aln,ENSG00000088808.nuc.ord.tre,1.129236
ENSG00000088812.nuc.ord.aln,ENSG00000088812.nuc.ord.tre,1.809104
ENSG00000088827.nuc.ord.aln,ENSG00000088827.nuc.ord.tre,2.045004
ENSG00000088833.nuc.ord.aln,ENSG00000088833.nuc.ord.tre,0.383149
ENSG00000088836.nuc.ord.aln,ENSG00000088836.nuc.ord.tre,0.922005
ENSG00000088854.nuc.ord.aln,ENSG00000088854.nuc.ord.tre,1.119320
ENSG00000088882.nuc.ord.aln,ENSG00000088882.nuc.ord.tre,0.705033
ENSG00000088899.nuc.ord.aln,ENSG00000088899.nuc.ord.tre,0.592526
ENSG00000088926.nuc.ord.aln,ENSG00000088926.nuc.ord.tre,0.569229
ENSG00000088930.nuc.ord.aln,ENSG00000088930.nuc.ord.tre,0.967530
ENSG00000088970.nuc.ord.aln,ENSG00000088970.nuc.ord.tre,0.756516
ENSG00000088992.nuc.ord.aln,ENSG00000088992.nuc.ord.tre,0.361584
ENSG00000089022.nuc.ord.aln,ENSG00000089022.nuc.ord.tre,0.457250
ENSG00000089041.nuc.ord.aln,ENSG00000089041.nuc.ord.tre,0.453501
ENSG00000089050.nuc.ord.aln,ENSG00000089050.nuc.ord.tre,0.322040
ENSG00000089057.nuc.ord.aln,ENSG00000089057.nuc.ord.tre,0.567000
ENSG00000089060.nuc.ord.aln,ENSG00000089060.nuc.ord.tre,0.514312
ENSG00000089091.nuc.ord.aln,ENSG00000089091.nuc.ord.tre,0.896746
ENSG00000089094.nuc.ord.aln,ENSG00000089094.nuc.ord.tre,1.257713
ENSG00000089116.nuc.ord.aln,ENSG00000089116.nuc.ord.tre,0.338545
ENSG00000089123.nuc.ord.aln,ENSG00000089123.nuc.ord.tre,0.441061
ENSG00000089154.nuc.ord.aln,ENSG00000089154.nuc.ord.tre,4.586330
ENSG00000089163.nuc.ord.aln,ENSG00000089163.nuc.ord.tre,0.341071
ENSG00000089169.nuc.ord.aln,ENSG00000089169.nuc.ord.tre,0.589840
ENSG00000089177.nuc.ord.aln,ENSG00000089177.nuc.ord.tre,2.049456
ENSG00000089195.nuc.ord.aln,ENSG00000089195.nuc.ord.tre,0.481351
ENSG00000089199.nuc.ord.aln,ENSG00000089199.nuc.ord.tre,0.590560
ENSG00000089220.nuc.ord.aln,ENSG00000089220.nuc.ord.tre,0.287953
ENSG00000089225.nuc.ord.aln,ENSG00000089225.nuc.ord.tre,0.459567
ENSG00000089234.nuc.ord.aln,ENSG00000089234.nuc.ord.tre,0.605455
ENSG00000089248.nuc.ord.aln,ENSG00000089248.nuc.ord.tre,0.296219
ENSG00000089250.nuc.ord.aln,ENSG00000089250.nuc.ord.tre,1.954674
ENSG00000089336.nuc.ord.aln,ENSG00000089336.nuc.ord.tre,0.618166
ENSG00000089351.nuc.ord.aln,ENSG00000089351.nuc.ord.tre,0.818537
ENSG00000089486.nuc.ord.aln,ENSG00000089486.nuc.ord.tre,0.361761
ENSG00000089558.nuc.ord.aln,ENSG00000089558.nuc.ord.tre,0.988412
ENSG00000089597.nuc.ord.aln,ENSG00000089597.nuc.ord.tre,0.880097
ENSG00000089682.nuc.ord.aln,ENSG00000089682.nuc.ord.tre,0.417282
ENSG00000089685.nuc.ord.aln,ENSG00000089685.nuc.ord.tre,0.221132
ENSG00000089692.nuc.ord.aln,ENSG00000089692.nuc.ord.tre,0.456954
ENSG00000089693.nuc.ord.aln,ENSG00000089693.nuc.ord.tre,0.254900
ENSG00000089723.nuc.ord.aln,ENSG00000089723.nuc.ord.tre,0.365424
ENSG00000089737.nuc.ord.aln,ENSG00000089737.nuc.ord.tre,0.938369
ENSG00000089775.nuc.ord.aln,ENSG00000089775.nuc.ord.tre,0.407912
ENSG00000089818.nuc.ord.aln,ENSG00000089818.nuc.ord.tre,0.329368
ENSG00000089876.nuc.ord.aln,ENSG00000089876.nuc.ord.tre,0.682661
ENSG00000089902.nuc.ord.aln,ENSG00000089902.nuc.ord.tre,0.487407
ENSG00000089916.nuc.ord.aln,ENSG00000089916.nuc.ord.tre,0.469693
ENSG00000090013.nuc.ord.aln,ENSG00000090013.nuc.ord.tre,0.329057
ENSG00000090020.nuc.ord.aln,ENSG00000090020.nuc.ord.tre,0.580934
ENSG00000090054.nuc.ord.aln,ENSG00000090054.nuc.ord.tre,0.484385
ENSG00000090104.nuc.ord.aln,ENSG00000090104.nuc.ord.tre,0.289932
ENSG00000090263.nuc.ord.aln,ENSG00000090263.nuc.ord.tre,0.236182
ENSG00000090266.nuc.ord.aln,ENSG00000090266.nuc.ord.tre,0.266275
ENSG00000090269.nuc.ord.aln,ENSG00000090269.nuc.ord.tre,0.308275
ENSG00000090273.nuc.ord.aln,ENSG00000090273.nuc.ord.tre,0.385863
ENSG00000090372.nuc.ord.aln,ENSG00000090372.nuc.ord.tre,0.778888
ENSG00000090376.nuc.ord.aln,ENSG00000090376.nuc.ord.tre,0.619699
ENSG00000090402.nuc.ord.aln,ENSG00000090402.nuc.ord.tre,2.193998
ENSG00000090432.nuc.ord.aln,ENSG00000090432.nuc.ord.tre,0.386629
ENSG00000090470.nuc.ord.aln,ENSG00000090470.nuc.ord.tre,0.280550
ENSG00000090487.nuc.ord.aln,ENSG00000090487.nuc.ord.tre,0.367004
ENSG00000090512.nuc.ord.aln,ENSG00000090512.nuc.ord.tre,0.384701
ENSG00000090520.nuc.ord.aln,ENSG00000090520.nuc.ord.tre,0.407440
ENSG00000090530.nuc.ord.aln,ENSG00000090530.nuc.ord.tre,0.703125
ENSG00000090534.nuc.ord.aln,ENSG00000090534.nuc.ord.tre,0.278939
ENSG00000090539.nuc.ord.aln,ENSG00000090539.nuc.ord.tre,0.836208
ENSG00000090554.nuc.ord.aln,ENSG00000090554.nuc.ord.tre,0.428103
ENSG00000090581.nuc.ord.aln,ENSG00000090581.nuc.ord.tre,0.351966
ENSG00000090615.nuc.ord.aln,ENSG00000090615.nuc.ord.tre,2.093736
ENSG00000090661.nuc.ord.aln,ENSG00000090661.nuc.ord.tre,0.331023
ENSG00000090674.nuc.ord.aln,ENSG00000090674.nuc.ord.tre,0.695324
ENSG00000090686.nuc.ord.aln,ENSG00000090686.nuc.ord.tre,1.242806
ENSG00000090776.nuc.ord.aln,ENSG00000090776.nuc.ord.tre,0.357183
ENSG00000090861.nuc.ord.aln,ENSG00000090861.nuc.ord.tre,1.333333
ENSG00000090863.nuc.ord.aln,ENSG00000090863.nuc.ord.tre,1.470371
ENSG00000090905.nuc.ord.aln,ENSG00000090905.nuc.ord.tre,2.772949
ENSG00000090924.nuc.ord.aln,ENSG00000090924.nuc.ord.tre,1.765116
ENSG00000090932.nuc.ord.aln,ENSG00000090932.nuc.ord.tre,0.499138
ENSG00000090989.nuc.ord.aln,ENSG00000090989.nuc.ord.tre,0.793587
ENSG00000091009.nuc.ord.aln,ENSG00000091009.nuc.ord.tre,1.040209
ENSG00000091010.nuc.ord.aln,ENSG00000091010.nuc.ord.tre,0.272249
ENSG00000091039.nuc.ord.aln,ENSG00000091039.nuc.ord.tre,0.917314
ENSG00000091127.nuc.ord.aln,ENSG00000091127.nuc.ord.tre,0.797082
ENSG00000091129.nuc.ord.aln,ENSG00000091129.nuc.ord.tre,2.160087
ENSG00000091136.nuc.ord.aln,ENSG00000091136.nuc.ord.tre,2.976922
ENSG00000091137.nuc.ord.aln,ENSG00000091137.nuc.ord.tre,0.674681
ENSG00000091138.nuc.ord.aln,ENSG00000091138.nuc.ord.tre,0.703765
ENSG00000091157.nuc.ord.aln,ENSG00000091157.nuc.ord.tre,1.704155
ENSG00000091164.nuc.ord.aln,ENSG00000091164.nuc.ord.tre,0.400916
ENSG00000091181.nuc.ord.aln,ENSG00000091181.nuc.ord.tre,0.435508
ENSG00000091262.nuc.ord.aln,ENSG00000091262.nuc.ord.tre,1.448161
ENSG00000091317.nuc.ord.aln,ENSG00000091317.nuc.ord.tre,0.311984
ENSG00000091409.nuc.ord.aln,ENSG00000091409.nuc.ord.tre,1.167126
ENSG00000091428.nuc.ord.aln,ENSG00000091428.nuc.ord.tre,1.189381
ENSG00000091436.nuc.ord.aln,ENSG00000091436.nuc.ord.tre,0.898571
ENSG00000091483.nuc.ord.aln,ENSG00000091483.nuc.ord.tre,0.422976
ENSG00000091490.nuc.ord.aln,ENSG00000091490.nuc.ord.tre,1.409815
ENSG00000091536.nuc.ord.aln,ENSG00000091536.nuc.ord.tre,8.095458
ENSG00000091542.nuc.ord.aln,ENSG00000091542.nuc.ord.tre,0.463588
ENSG00000091583.nuc.ord.aln,ENSG00000091583.nuc.ord.tre,0.362087
ENSG00000091640.nuc.ord.aln,ENSG00000091640.nuc.ord.tre,0.393661
ENSG00000091651.nuc.ord.aln,ENSG00000091651.nuc.ord.tre,0.355608
ENSG00000091656.nuc.ord.aln,ENSG00000091656.nuc.ord.tre,7.829259
ENSG00000091664.nuc.ord.aln,ENSG00000091664.nuc.ord.tre,0.503686
ENSG00000091704.nuc.ord.aln,ENSG00000091704.nuc.ord.tre,0.344734
ENSG00000091732.nuc.ord.aln,ENSG00000091732.nuc.ord.tre,0.606484
ENSG00000091844.nuc.ord.aln,ENSG00000091844.nuc.ord.tre,0.335794
ENSG00000091879.nuc.ord.aln,ENSG00000091879.nuc.ord.tre,0.458829
ENSG00000091947.nuc.ord.aln,ENSG00000091947.nuc.ord.tre,0.310474
ENSG00000091972.nuc.ord.aln,ENSG00000091972.nuc.ord.tre,0.407738
ENSG00000091986.nuc.ord.aln,ENSG00000091986.nuc.ord.tre,0.987049
ENSG00000092009.nuc.ord.aln,ENSG00000092009.nuc.ord.tre,0.252574
ENSG00000092010.nuc.ord.aln,ENSG00000092010.nuc.ord.tre,0.300041
ENSG00000092020.nuc.ord.aln,ENSG00000092020.nuc.ord.tre,0.408958
ENSG00000092036.nuc.ord.aln,ENSG00000092036.nuc.ord.tre,0.344933
ENSG00000092051.nuc.ord.aln,ENSG00000092051.nuc.ord.tre,0.362280
ENSG00000092054.nuc.ord.aln,ENSG00000092054.nuc.ord.tre,2.409253
ENSG00000092068.nuc.ord.aln,ENSG00000092068.nuc.ord.tre,0.549102
ENSG00000092094.nuc.ord.aln,ENSG00000092094.nuc.ord.tre,0.422551
ENSG00000092098.nuc.ord.aln,ENSG00000092098.nuc.ord.tre,1.060593
ENSG00000092108.nuc.ord.aln,ENSG00000092108.nuc.ord.tre,0.505949
ENSG00000092140.nuc.ord.aln,ENSG00000092140.nuc.ord.tre,0.801923
ENSG00000092148.nuc.ord.aln,ENSG00000092148.nuc.ord.tre,4.258784
ENSG00000092200.nuc.ord.aln,ENSG00000092200.nuc.ord.tre,1.884240
ENSG00000092201.nuc.ord.aln,ENSG00000092201.nuc.ord.tre,0.988015
ENSG00000092203.nuc.ord.aln,ENSG00000092203.nuc.ord.tre,0.447229
ENSG00000092208.nuc.ord.aln,ENSG00000092208.nuc.ord.tre,0.391221
ENSG00000092295.nuc.ord.aln,ENSG00000092295.nuc.ord.tre,0.848914
ENSG00000092330.nuc.ord.aln,ENSG00000092330.nuc.ord.tre,0.378840
ENSG00000092421.nuc.ord.aln,ENSG00000092421.nuc.ord.tre,1.124280
ENSG00000092439.nuc.ord.aln,ENSG00000092439.nuc.ord.tre,2.919432
ENSG00000092445.nuc.ord.aln,ENSG00000092445.nuc.ord.tre,0.925174
ENSG00000092470.nuc.ord.aln,ENSG00000092470.nuc.ord.tre,0.548075
ENSG00000092529.nuc.ord.aln,ENSG00000092529.nuc.ord.tre,0.646757
ENSG00000092531.nuc.ord.aln,ENSG00000092531.nuc.ord.tre,0.317597
ENSG00000092621.nuc.ord.aln,ENSG00000092621.nuc.ord.tre,0.354853
ENSG00000092847.nuc.ord.aln,ENSG00000092847.nuc.ord.tre,1.078827
ENSG00000092850.nuc.ord.aln,ENSG00000092850.nuc.ord.tre,0.375236
ENSG00000092853.nuc.ord.aln,ENSG00000092853.nuc.ord.tre,1.790932
ENSG00000092871.nuc.ord.aln,ENSG00000092871.nuc.ord.tre,0.398097
ENSG00000092929.nuc.ord.aln,ENSG00000092929.nuc.ord.tre,0.924830
ENSG00000092931.nuc.ord.aln,ENSG00000092931.nuc.ord.tre,0.433122
ENSG00000092964.nuc.ord.aln,ENSG00000092964.nuc.ord.tre,0.541596
ENSG00000092978.nuc.ord.aln,ENSG00000092978.nuc.ord.tre,0.451600
ENSG00000093009.nuc.ord.aln,ENSG00000093009.nuc.ord.tre,0.624836
ENSG00000093010.nuc.ord.aln,ENSG00000093010.nuc.ord.tre,0.275556
ENSG00000093100.nuc.ord.aln,ENSG00000093100.nuc.ord.tre,1.975633
ENSG00000093134.nuc.ord.aln,ENSG00000093134.nuc.ord.tre,0.282510
ENSG00000093144.nuc.ord.aln,ENSG00000093144.nuc.ord.tre,0.453377
ENSG00000093167.nuc.ord.aln,ENSG00000093167.nuc.ord.tre,0.760487
ENSG00000093183.nuc.ord.aln,ENSG00000093183.nuc.ord.tre,0.359403
ENSG00000093217.nuc.ord.aln,ENSG00000093217.nuc.ord.tre,0.526836
ENSG00000094631.nuc.ord.aln,ENSG00000094631.nuc.ord.tre,1.819002
ENSG00000094755.nuc.ord.aln,ENSG00000094755.nuc.ord.tre,0.389063
ENSG00000094804.nuc.ord.aln,ENSG00000094804.nuc.ord.tre,0.536306
ENSG00000094841.nuc.ord.aln,ENSG00000094841.nuc.ord.tre,0.388431
ENSG00000094880.nuc.ord.aln,ENSG00000094880.nuc.ord.tre,0.483562
ENSG00000094963.nuc.ord.aln,ENSG00000094963.nuc.ord.tre,0.496363
ENSG00000094975.nuc.ord.aln,ENSG00000094975.nuc.ord.tre,1.859174
ENSG00000095002.nuc.ord.aln,ENSG00000095002.nuc.ord.tre,0.953562
ENSG00000095015.nuc.ord.aln,ENSG00000095015.nuc.ord.tre,2.023833
ENSG00000095139.nuc.ord.aln,ENSG00000095139.nuc.ord.tre,0.442898
ENSG00000095203.nuc.ord.aln,ENSG00000095203.nuc.ord.tre,1.105371
ENSG00000095209.nuc.ord.aln,ENSG00000095209.nuc.ord.tre,0.473454
ENSG00000095261.nuc.ord.aln,ENSG00000095261.nuc.ord.tre,0.366805
ENSG00000095303.nuc.ord.aln,ENSG00000095303.nuc.ord.tre,0.697325
ENSG00000095319.nuc.ord.aln,ENSG00000095319.nuc.ord.tre,2.126453
ENSG00000095321.nuc.ord.aln,ENSG00000095321.nuc.ord.tre,0.445897
ENSG00000095370.nuc.ord.aln,ENSG00000095370.nuc.ord.tre,0.875914
ENSG00000095380.nuc.ord.aln,ENSG00000095380.nuc.ord.tre,0.372496
ENSG00000095383.nuc.ord.aln,ENSG00000095383.nuc.ord.tre,1.044983
ENSG00000095397.nuc.ord.aln,ENSG00000095397.nuc.ord.tre,0.891081
ENSG00000095464.nuc.ord.aln,ENSG00000095464.nuc.ord.tre,0.858900
ENSG00000095485.nuc.ord.aln,ENSG00000095485.nuc.ord.tre,0.505236
ENSG00000095539.nuc.ord.aln,ENSG00000095539.nuc.ord.tre,0.627356
ENSG00000095564.nuc.ord.aln,ENSG00000095564.nuc.ord.tre,2.915714
ENSG00000095574.nuc.ord.aln,ENSG00000095574.nuc.ord.tre,0.324304
ENSG00000095585.nuc.ord.aln,ENSG00000095585.nuc.ord.tre,0.564090
ENSG00000095587.nuc.ord.aln,ENSG00000095587.nuc.ord.tre,0.981082
ENSG00000095596.nuc.ord.aln,ENSG00000095596.nuc.ord.tre,0.424400
ENSG00000095627.nuc.ord.aln,ENSG00000095627.nuc.ord.tre,1.197794
ENSG00000095637.nuc.ord.aln,ENSG00000095637.nuc.ord.tre,2.304998
ENSG00000095713.nuc.ord.aln,ENSG00000095713.nuc.ord.tre,0.567464
ENSG00000095739.nuc.ord.aln,ENSG00000095739.nuc.ord.tre,0.338676
ENSG00000095752.nuc.ord.aln,ENSG00000095752.nuc.ord.tre,0.214474
ENSG00000095777.nuc.ord.aln,ENSG00000095777.nuc.ord.tre,2.170087
ENSG00000095787.nuc.ord.aln,ENSG00000095787.nuc.ord.tre,0.618809
ENSG00000095794.nuc.ord.aln,ENSG00000095794.nuc.ord.tre,0.438182
ENSG00000095951.nuc.ord.aln,ENSG00000095951.nuc.ord.tre,5.157460
ENSG00000095970.nuc.ord.aln,ENSG00000095970.nuc.ord.tre,0.400824
ENSG00000095981.nuc.ord.aln,ENSG00000095981.nuc.ord.tre,0.573881
ENSG00000096060.nuc.ord.aln,ENSG00000096060.nuc.ord.tre,0.546681
ENSG00000096063.nuc.ord.aln,ENSG00000096063.nuc.ord.tre,0.691014
ENSG00000096070.nuc.ord.aln,ENSG00000096070.nuc.ord.tre,1.604756
ENSG00000096080.nuc.ord.aln,ENSG00000096080.nuc.ord.tre,0.351979
ENSG00000096088.nuc.ord.aln,ENSG00000096088.nuc.ord.tre,0.267712
ENSG00000096092.nuc.ord.aln,ENSG00000096092.nuc.ord.tre,0.261723
ENSG00000096093.nuc.ord.aln,ENSG00000096093.nuc.ord.tre,0.600130
ENSG00000096401.nuc.ord.aln,ENSG00000096401.nuc.ord.tre,0.654583
ENSG00000096717.nuc.ord.aln,ENSG00000096717.nuc.ord.tre,0.924022
ENSG00000096746.nuc.ord.aln,ENSG00000096746.nuc.ord.tre,0.336847
ENSG00000096872.nuc.ord.aln,ENSG00000096872.nuc.ord.tre,0.527932
ENSG00000096968.nuc.ord.aln,ENSG00000096968.nuc.ord.tre,1.131018
ENSG00000097007.nuc.ord.aln,ENSG00000097007.nuc.ord.tre,1.904988
ENSG00000097033.nuc.ord.aln,ENSG00000097033.nuc.ord.tre,0.415355
ENSG00000097046.nuc.ord.aln,ENSG00000097046.nuc.ord.tre,0.455774
ENSG00000097096.nuc.ord.aln,ENSG00000097096.nuc.ord.tre,1.450948
ENSG00000099139.nuc.ord.aln,ENSG00000099139.nuc.ord.tre,2.728118
ENSG00000099203.nuc.ord.aln,ENSG00000099203.nuc.ord.tre,0.285930
ENSG00000099204.nuc.ord.aln,ENSG00000099204.nuc.ord.tre,0.835570
ENSG00000099219.nuc.ord.aln,ENSG00000099219.nuc.ord.tre,0.902229
ENSG00000099246.nuc.ord.aln,ENSG00000099246.nuc.ord.tre,0.399442
ENSG00000099250.nuc.ord.aln,ENSG00000099250.nuc.ord.tre,0.909105
ENSG00000099260.nuc.ord.aln,ENSG00000099260.nuc.ord.tre,0.471859
ENSG00000099282.nuc.ord.aln,ENSG00000099282.nuc.ord.tre,0.367936
ENSG00000099284.nuc.ord.aln,ENSG00000099284.nuc.ord.tre,0.439872
ENSG00000099337.nuc.ord.aln,ENSG00000099337.nuc.ord.tre,0.322374
ENSG00000099341.nuc.ord.aln,ENSG00000099341.nuc.ord.tre,0.344207
ENSG00000099377.nuc.ord.aln,ENSG00000099377.nuc.ord.tre,0.344450
ENSG00000099381.nuc.ord.aln,ENSG00000099381.nuc.ord.tre,2.842578
ENSG00000099622.nuc.ord.aln,ENSG00000099622.nuc.ord.tre,0.239094
ENSG00000099624.nuc.ord.aln,ENSG00000099624.nuc.ord.tre,0.282053
ENSG00000099783.nuc.ord.aln,ENSG00000099783.nuc.ord.tre,0.684971
ENSG00000099785.nuc.ord.aln,ENSG00000099785.nuc.ord.tre,0.448678
ENSG00000099810.nuc.ord.aln,ENSG00000099810.nuc.ord.tre,0.443150
ENSG00000099860.nuc.ord.aln,ENSG00000099860.nuc.ord.tre,0.248467
ENSG00000099889.nuc.ord.aln,ENSG00000099889.nuc.ord.tre,0.862561
ENSG00000099910.nuc.ord.aln,ENSG00000099910.nuc.ord.tre,0.501388
ENSG00000099917.nuc.ord.aln,ENSG00000099917.nuc.ord.tre,0.610910
ENSG00000099937.nuc.ord.aln,ENSG00000099937.nuc.ord.tre,0.428224
ENSG00000099940.nuc.ord.aln,ENSG00000099940.nuc.ord.tre,0.330063
ENSG00000099942.nuc.ord.aln,ENSG00000099942.nuc.ord.tre,0.331707
ENSG00000099949.nuc.ord.aln,ENSG00000099949.nuc.ord.tre,0.779956
ENSG00000099954.nuc.ord.aln,ENSG00000099954.nuc.ord.tre,1.834561
ENSG00000099956.nuc.ord.aln,ENSG00000099956.nuc.ord.tre,0.495980
ENSG00000099957.nuc.ord.aln,ENSG00000099957.nuc.ord.tre,0.390316
ENSG00000099958.nuc.ord.aln,ENSG00000099958.nuc.ord.tre,0.389208
ENSG00000099968.nuc.ord.aln,ENSG00000099968.nuc.ord.tre,0.458837
ENSG00000099991.nuc.ord.aln,ENSG00000099991.nuc.ord.tre,3.425925
ENSG00000099992.nuc.ord.aln,ENSG00000099992.nuc.ord.tre,0.451208
ENSG00000099994.nuc.ord.aln,ENSG00000099994.nuc.ord.tre,0.601863
ENSG00000099995.nuc.ord.aln,ENSG00000099995.nuc.ord.tre,0.658348
ENSG00000099998.nuc.ord.aln,ENSG00000099998.nuc.ord.tre,0.839607
ENSG00000099999.nuc.ord.aln,ENSG00000099999.nuc.ord.tre,0.387975
ENSG00000100003.nuc.ord.aln,ENSG00000100003.nuc.ord.tre,0.396745
ENSG00000100012.nuc.ord.aln,ENSG00000100012.nuc.ord.tre,0.402235
ENSG00000100014.nuc.ord.aln,ENSG00000100014.nuc.ord.tre,1.149647
ENSG00000100023.nuc.ord.aln,ENSG00000100023.nuc.ord.tre,0.601882
ENSG00000100024.nuc.ord.aln,ENSG00000100024.nuc.ord.tre,0.389666
ENSG00000100027.nuc.ord.aln,ENSG00000100027.nuc.ord.tre,0.283063
ENSG00000100029.nuc.ord.aln,ENSG00000100029.nuc.ord.tre,0.481011
ENSG00000100030.nuc.ord.aln,ENSG00000100030.nuc.ord.tre,0.383584
ENSG00000100033.nuc.ord.aln,ENSG00000100033.nuc.ord.tre,0.428716
ENSG00000100034.nuc.ord.aln,ENSG00000100034.nuc.ord.tre,0.372967
ENSG00000100036.nuc.ord.aln,ENSG00000100036.nuc.ord.tre,0.316865
ENSG00000100053.nuc.ord.aln,ENSG00000100053.nuc.ord.tre,0.284254
ENSG00000100056.nuc.ord.aln,ENSG00000100056.nuc.ord.tre,0.497952
ENSG00000100060.nuc.ord.aln,ENSG00000100060.nuc.ord.tre,0.384701
ENSG00000100065.nuc.ord.aln,ENSG00000100065.nuc.ord.tre,1.359156
ENSG00000100075.nuc.ord.aln,ENSG00000100075.nuc.ord.tre,0.305594
ENSG00000100077.nuc.ord.aln,ENSG00000100077.nuc.ord.tre,0.540898
ENSG00000100078.nuc.ord.aln,ENSG00000100078.nuc.ord.tre,0.555277
ENSG00000100083.nuc.ord.aln,ENSG00000100083.nuc.ord.tre,0.723854
ENSG00000100084.nuc.ord.aln,ENSG00000100084.nuc.ord.tre,0.956465
ENSG00000100095.nuc.ord.aln,ENSG00000100095.nuc.ord.tre,1.057751
ENSG00000100097.nuc.ord.aln,ENSG00000100097.nuc.ord.tre,0.225190
ENSG00000100099.nuc.ord.aln,ENSG00000100099.nuc.ord.tre,0.669598
ENSG00000100100.nuc.ord.aln,ENSG00000100100.nuc.ord.tre,0.381171
ENSG00000100101.nuc.ord.aln,ENSG00000100101.nuc.ord.tre,0.339531
ENSG00000100104.nuc.ord.aln,ENSG00000100104.nuc.ord.tre,0.422463
ENSG00000100105.nuc.ord.aln,ENSG00000100105.nuc.ord.tre,0.616805
ENSG00000100106.nuc.ord.aln,ENSG00000100106.nuc.ord.tre,3.523763
ENSG00000100116.nuc.ord.aln,ENSG00000100116.nuc.ord.tre,0.373082
ENSG00000100122.nuc.ord.aln,ENSG00000100122.nuc.ord.tre,0.413104
ENSG00000100124.nuc.ord.aln,ENSG00000100124.nuc.ord.tre,0.395201
ENSG00000100129.nuc.ord.aln,ENSG00000100129.nuc.ord.tre,0.400769
ENSG00000100139.nuc.ord.aln,ENSG00000100139.nuc.ord.tre,1.000883
ENSG00000100142.nuc.ord.aln,ENSG00000100142.nuc.ord.tre,0.264013
ENSG00000100147.nuc.ord.aln,ENSG00000100147.nuc.ord.tre,0.334701
ENSG00000100154.nuc.ord.aln,ENSG00000100154.nuc.ord.tre,3.749426
ENSG00000100162.nuc.ord.aln,ENSG00000100162.nuc.ord.tre,0.288026
ENSG00000100167.nuc.ord.aln,ENSG00000100167.nuc.ord.tre,0.502804
ENSG00000100170.nuc.ord.aln,ENSG00000100170.nuc.ord.tre,0.573158
ENSG00000100191.nuc.ord.aln,ENSG00000100191.nuc.ord.tre,0.385947
ENSG00000100196.nuc.ord.aln,ENSG00000100196.nuc.ord.tre,0.308785
ENSG00000100201.nuc.ord.aln,ENSG00000100201.nuc.ord.tre,0.800657
ENSG00000100206.nuc.ord.aln,ENSG00000100206.nuc.ord.tre,0.395300
ENSG00000100209.nuc.ord.aln,ENSG00000100209.nuc.ord.tre,0.334050
ENSG00000100218.nuc.ord.aln,ENSG00000100218.nuc.ord.tre,0.440567
ENSG00000100219.nuc.ord.aln,ENSG00000100219.nuc.ord.tre,0.390809
ENSG00000100220.nuc.ord.aln,ENSG00000100220.nuc.ord.tre,0.462446
ENSG00000100221.nuc.ord.aln,ENSG00000100221.nuc.ord.tre,0.296342
ENSG00000100225.nuc.ord.aln,ENSG00000100225.nuc.ord.tre,0.706202
ENSG00000100226.nuc.ord.aln,ENSG00000100226.nuc.ord.tre,0.658141
ENSG00000100227.nuc.ord.aln,ENSG00000100227.nuc.ord.tre,0.440678
ENSG00000100228.nuc.ord.aln,ENSG00000100228.nuc.ord.tre,0.409041
ENSG00000100234.nuc.ord.aln,ENSG00000100234.nuc.ord.tre,0.340894
ENSG00000100242.nuc.ord.aln,ENSG00000100242.nuc.ord.tre,0.727050
ENSG00000100243.nuc.ord.aln,ENSG00000100243.nuc.ord.tre,0.360683
ENSG00000100246.nuc.ord.aln,ENSG00000100246.nuc.ord.tre,0.221480
ENSG00000100258.nuc.ord.aln,ENSG00000100258.nuc.ord.tre,0.704480
ENSG00000100263.nuc.ord.aln,ENSG00000100263.nuc.ord.tre,0.300143
ENSG00000100266.nuc.ord.aln,ENSG00000100266.nuc.ord.tre,0.462278
ENSG00000100271.nuc.ord.aln,ENSG00000100271.nuc.ord.tre,0.425845
ENSG00000100280.nuc.ord.aln,ENSG00000100280.nuc.ord.tre,0.986080
ENSG00000100281.nuc.ord.aln,ENSG00000100281.nuc.ord.tre,0.638722
ENSG00000100285.nuc.ord.aln,ENSG00000100285.nuc.ord.tre,0.663202
ENSG00000100294.nuc.ord.aln,ENSG00000100294.nuc.ord.tre,0.371900
ENSG00000100296.nuc.ord.aln,ENSG00000100296.nuc.ord.tre,0.628460
ENSG00000100297.nuc.ord.aln,ENSG00000100297.nuc.ord.tre,0.713186
ENSG00000100299.nuc.ord.aln,ENSG00000100299.nuc.ord.tre,0.398621
ENSG00000100302.nuc.ord.aln,ENSG00000100302.nuc.ord.tre,0.338223
ENSG00000100304.nuc.ord.aln,ENSG00000100304.nuc.ord.tre,0.621848
ENSG00000100311.nuc.ord.aln,ENSG00000100311.nuc.ord.tre,0.320594
ENSG00000100312.nuc.ord.aln,ENSG00000100312.nuc.ord.tre,0.326189
ENSG00000100314.nuc.ord.aln,ENSG00000100314.nuc.ord.tre,0.283821
ENSG00000100319.nuc.ord.aln,ENSG00000100319.nuc.ord.tre,0.270364
ENSG00000100320.nuc.ord.aln,ENSG00000100320.nuc.ord.tre,0.546714
ENSG00000100321.nuc.ord.aln,ENSG00000100321.nuc.ord.tre,0.317616
ENSG00000100324.nuc.ord.aln,ENSG00000100324.nuc.ord.tre,0.467624
ENSG00000100325.nuc.ord.aln,ENSG00000100325.nuc.ord.tre,0.767762
ENSG00000100330.nuc.ord.aln,ENSG00000100330.nuc.ord.tre,1.417489
ENSG00000100335.nuc.ord.aln,ENSG00000100335.nuc.ord.tre,0.558339
ENSG00000100341.nuc.ord.aln,ENSG00000100341.nuc.ord.tre,0.322986
ENSG00000100344.nuc.ord.aln,ENSG00000100344.nuc.ord.tre,0.424425
ENSG00000100345.nuc.ord.aln,ENSG00000100345.nuc.ord.tre,2.870203
ENSG00000100346.nuc.ord.aln,ENSG00000100346.nuc.ord.tre,4.566449
ENSG00000100347.nuc.ord.aln,ENSG00000100347.nuc.ord.tre,0.371578
ENSG00000100348.nuc.ord.aln,ENSG00000100348.nuc.ord.tre,0.225990
ENSG00000100350.nuc.ord.aln,ENSG00000100350.nuc.ord.tre,0.599905
ENSG00000100351.nuc.ord.aln,ENSG00000100351.nuc.ord.tre,0.413831
ENSG00000100353.nuc.ord.aln,ENSG00000100353.nuc.ord.tre,0.547396
ENSG00000100354.nuc.ord.aln,ENSG00000100354.nuc.ord.tre,3.093426
ENSG00000100359.nuc.ord.aln,ENSG00000100359.nuc.ord.tre,0.954893
ENSG00000100360.nuc.ord.aln,ENSG00000100360.nuc.ord.tre,0.713460
ENSG00000100365.nuc.ord.aln,ENSG00000100365.nuc.ord.tre,0.430569
ENSG00000100372.nuc.ord.aln,ENSG00000100372.nuc.ord.tre,0.381879
ENSG00000100373.nuc.ord.aln,ENSG00000100373.nuc.ord.tre,0.479679
ENSG00000100376.nuc.ord.aln,ENSG00000100376.nuc.ord.tre,0.348745
ENSG00000100379.nuc.ord.aln,ENSG00000100379.nuc.ord.tre,0.295337
ENSG00000100393.nuc.ord.aln,ENSG00000100393.nuc.ord.tre,4.704279
ENSG00000100395.nuc.ord.aln,ENSG00000100395.nuc.ord.tre,0.693709
ENSG00000100401.nuc.ord.aln,ENSG00000100401.nuc.ord.tre,0.631436
ENSG00000100403.nuc.ord.aln,ENSG00000100403.nuc.ord.tre,1.119261
ENSG00000100412.nuc.ord.aln,ENSG00000100412.nuc.ord.tre,0.541294
ENSG00000100413.nuc.ord.aln,ENSG00000100413.nuc.ord.tre,0.283732
ENSG00000100416.nuc.ord.aln,ENSG00000100416.nuc.ord.tre,0.411191
ENSG00000100422.nuc.ord.aln,ENSG00000100422.nuc.ord.tre,0.368548
ENSG00000100425.nuc.ord.aln,ENSG00000100425.nuc.ord.tre,1.147107
ENSG00000100429.nuc.ord.aln,ENSG00000100429.nuc.ord.tre,0.576829
ENSG00000100433.nuc.ord.aln,ENSG00000100433.nuc.ord.tre,0.595040
ENSG00000100439.nuc.ord.aln,ENSG00000100439.nuc.ord.tre,0.378960
ENSG00000100441.nuc.ord.aln,ENSG00000100441.nuc.ord.tre,0.491404
ENSG00000100442.nuc.ord.aln,ENSG00000100442.nuc.ord.tre,0.353822
ENSG00000100445.nuc.ord.aln,ENSG00000100445.nuc.ord.tre,0.513727
ENSG00000100448.nuc.ord.aln,ENSG00000100448.nuc.ord.tre,0.281056
ENSG00000100462.nuc.ord.aln,ENSG00000100462.nuc.ord.tre,0.571120
ENSG00000100473.nuc.ord.aln,ENSG00000100473.nuc.ord.tre,0.546099
ENSG00000100479.nuc.ord.aln,ENSG00000100479.nuc.ord.tre,0.472559
ENSG00000100483.nuc.ord.aln,ENSG00000100483.nuc.ord.tre,0.328195
ENSG00000100485.nuc.ord.aln,ENSG00000100485.nuc.ord.tre,1.429051
ENSG00000100503.nuc.ord.aln,ENSG00000100503.nuc.ord.tre,3.354049
ENSG00000100504.nuc.ord.aln,ENSG00000100504.nuc.ord.tre,0.837600
ENSG00000100505.nuc.ord.aln,ENSG00000100505.nuc.ord.tre,1.139167
ENSG00000100522.nuc.ord.aln,ENSG00000100522.nuc.ord.tre,0.364177
ENSG00000100523.nuc.ord.aln,ENSG00000100523.nuc.ord.tre,1.213821
ENSG00000100526.nuc.ord.aln,ENSG00000100526.nuc.ord.tre,0.353360
ENSG00000100532.nuc.ord.aln,ENSG00000100532.nuc.ord.tre,0.385641
ENSG00000100554.nuc.ord.aln,ENSG00000100554.nuc.ord.tre,0.340940
ENSG00000100557.nuc.ord.aln,ENSG00000100557.nuc.ord.tre,0.423477
ENSG00000100558.nuc.ord.aln,ENSG00000100558.nuc.ord.tre,0.421098
ENSG00000100564.nuc.ord.aln,ENSG00000100564.nuc.ord.tre,0.315482
ENSG00000100565.nuc.ord.aln,ENSG00000100565.nuc.ord.tre,1.332113
ENSG00000100567.nuc.ord.aln,ENSG00000100567.nuc.ord.tre,0.331566
ENSG00000100577.nuc.ord.aln,ENSG00000100577.nuc.ord.tre,0.317035
ENSG00000100578.nuc.ord.aln,ENSG00000100578.nuc.ord.tre,2.253193
ENSG00000100580.nuc.ord.aln,ENSG00000100580.nuc.ord.tre,0.395376
ENSG00000100591.nuc.ord.aln,ENSG00000100591.nuc.ord.tre,0.384851
ENSG00000100592.nuc.ord.aln,ENSG00000100592.nuc.ord.tre,1.118745
ENSG00000100593.nuc.ord.aln,ENSG00000100593.nuc.ord.tre,0.566570
ENSG00000100596.nuc.ord.aln,ENSG00000100596.nuc.ord.tre,0.500984
ENSG00000100600.nuc.ord.aln,ENSG00000100600.nuc.ord.tre,0.393795
ENSG00000100601.nuc.ord.aln,ENSG00000100601.nuc.ord.tre,0.447881
ENSG00000100603.nuc.ord.aln,ENSG00000100603.nuc.ord.tre,0.247499
ENSG00000100612.nuc.ord.aln,ENSG00000100612.nuc.ord.tre,0.516142
ENSG00000100614.nuc.ord.aln,ENSG00000100614.nuc.ord.tre,0.403289
ENSG00000100625.nuc.ord.aln,ENSG00000100625.nuc.ord.tre,0.664263
ENSG00000100629.nuc.ord.aln,ENSG00000100629.nuc.ord.tre,0.773871
ENSG00000100632.nuc.ord.aln,ENSG00000100632.nuc.ord.tre,0.233145
ENSG00000100644.nuc.ord.aln,ENSG00000100644.nuc.ord.tre,0.929121
ENSG00000100647.nuc.ord.aln,ENSG00000100647.nuc.ord.tre,0.345929
ENSG00000100650.nuc.ord.aln,ENSG00000100650.nuc.ord.tre,0.384673
ENSG00000100652.nuc.ord.aln,ENSG00000100652.nuc.ord.tre,0.401010
ENSG00000100678.nuc.ord.aln,ENSG00000100678.nuc.ord.tre,0.907939
ENSG00000100697.nuc.ord.aln,ENSG00000100697.nuc.ord.tre,2.686977
ENSG00000100711.nuc.ord.aln,ENSG00000100711.nuc.ord.tre,0.329540
ENSG00000100714.nuc.ord.aln,ENSG00000100714.nuc.ord.tre,0.983247
ENSG00000100722.nuc.ord.aln,ENSG00000100722.nuc.ord.tre,0.643993
ENSG00000100731.nuc.ord.aln,ENSG00000100731.nuc.ord.tre,3.806131
ENSG00000100744.nuc.ord.aln,ENSG00000100744.nuc.ord.tre,0.246626
ENSG00000100749.nuc.ord.aln,ENSG00000100749.nuc.ord.tre,0.396798
ENSG00000100764.nuc.ord.aln,ENSG00000100764.nuc.ord.tre,0.406425
ENSG00000100784.nuc.ord.aln,ENSG00000100784.nuc.ord.tre,0.967949
ENSG00000100796.nuc.ord.aln,ENSG00000100796.nuc.ord.tre,1.424053
ENSG00000100802.nuc.ord.aln,ENSG00000100802.nuc.ord.tre,0.426010
ENSG00000100804.nuc.ord.aln,ENSG00000100804.nuc.ord.tre,0.332598
ENSG00000100813.nuc.ord.aln,ENSG00000100813.nuc.ord.tre,1.596656
ENSG00000100814.nuc.ord.aln,ENSG00000100814.nuc.ord.tre,0.387309
ENSG00000100815.nuc.ord.aln,ENSG00000100815.nuc.ord.tre,2.304300
ENSG00000100842.nuc.ord.aln,ENSG00000100842.nuc.ord.tre,0.421610
ENSG00000100852.nuc.ord.aln,ENSG00000100852.nuc.ord.tre,1.450964
ENSG00000100865.nuc.ord.aln,ENSG00000100865.nuc.ord.tre,0.409634
ENSG00000100884.nuc.ord.aln,ENSG00000100884.nuc.ord.tre,0.558748
ENSG00000100888.nuc.ord.aln,ENSG00000100888.nuc.ord.tre,3.666950
ENSG00000100889.nuc.ord.aln,ENSG00000100889.nuc.ord.tre,0.572436
ENSG00000100890.nuc.ord.aln,ENSG00000100890.nuc.ord.tre,0.443833
ENSG00000100897.nuc.ord.aln,ENSG00000100897.nuc.ord.tre,0.497907
ENSG00000100906.nuc.ord.aln,ENSG00000100906.nuc.ord.tre,0.385129
ENSG00000100916.nuc.ord.aln,ENSG00000100916.nuc.ord.tre,0.404340
ENSG00000100918.nuc.ord.aln,ENSG00000100918.nuc.ord.tre,0.549960
ENSG00000100926.nuc.ord.aln,ENSG00000100926.nuc.ord.tre,0.497511
ENSG00000100934.nuc.ord.aln,ENSG00000100934.nuc.ord.tre,0.729945
ENSG00000100938.nuc.ord.aln,ENSG00000100938.nuc.ord.tre,0.481018
ENSG00000100941.nuc.ord.aln,ENSG00000100941.nuc.ord.tre,0.636811
ENSG00000100949.nuc.ord.aln,ENSG00000100949.nuc.ord.tre,0.403863
ENSG00000100968.nuc.ord.aln,ENSG00000100968.nuc.ord.tre,0.936303
ENSG00000100982.nuc.ord.aln,ENSG00000100982.nuc.ord.tre,0.570012
ENSG00000100983.nuc.ord.aln,ENSG00000100983.nuc.ord.tre,0.590440
ENSG00000100987.nuc.ord.aln,ENSG00000100987.nuc.ord.tre,0.342007
ENSG00000100991.nuc.ord.aln,ENSG00000100991.nuc.ord.tre,0.767603
ENSG00000100997.nuc.ord.aln,ENSG00000100997.nuc.ord.tre,0.433715
ENSG00000101000.nuc.ord.aln,ENSG00000101000.nuc.ord.tre,0.329891
ENSG00000101003.nuc.ord.aln,ENSG00000101003.nuc.ord.tre,0.320786
ENSG00000101004.nuc.ord.aln,ENSG00000101004.nuc.ord.tre,2.137708
ENSG00000101019.nuc.ord.aln,ENSG00000101019.nuc.ord.tre,0.339768
ENSG00000101040.nuc.ord.aln,ENSG00000101040.nuc.ord.tre,1.396860
ENSG00000101049.nuc.ord.aln,ENSG00000101049.nuc.ord.tre,0.576734
ENSG00000101052.nuc.ord.aln,ENSG00000101052.nuc.ord.tre,0.482064
ENSG00000101057.nuc.ord.aln,ENSG00000101057.nuc.ord.tre,0.675387
ENSG00000101074.nuc.ord.aln,ENSG00000101074.nuc.ord.tre,0.277387
ENSG00000101076.nuc.ord.aln,ENSG00000101076.nuc.ord.tre,0.419049
ENSG00000101079.nuc.ord.aln,ENSG00000101079.nuc.ord.tre,0.386539
ENSG00000101082.nuc.ord.aln,ENSG00000101082.nuc.ord.tre,0.489007
ENSG00000101084.nuc.ord.aln,ENSG00000101084.nuc.ord.tre,0.278785
ENSG00000101096.nuc.ord.aln,ENSG00000101096.nuc.ord.tre,0.945961
ENSG00000101098.nuc.ord.aln,ENSG00000101098.nuc.ord.tre,0.403347
ENSG00000101104.nuc.ord.aln,ENSG00000101104.nuc.ord.tre,0.577097
ENSG00000101109.nuc.ord.aln,ENSG00000101109.nuc.ord.tre,0.466090
ENSG00000101126.nuc.ord.aln,ENSG00000101126.nuc.ord.tre,1.168221
ENSG00000101134.nuc.ord.aln,ENSG00000101134.nuc.ord.tre,0.362050
ENSG00000101144.nuc.ord.aln,ENSG00000101144.nuc.ord.tre,0.402130
ENSG00000101146.nuc.ord.aln,ENSG00000101146.nuc.ord.tre,0.378339
ENSG00000101158.nuc.ord.aln,ENSG00000101158.nuc.ord.tre,0.523237
ENSG00000101160.nuc.ord.aln,ENSG00000101160.nuc.ord.tre,0.350279
ENSG00000101161.nuc.ord.aln,ENSG00000101161.nuc.ord.tre,0.982094
ENSG00000101162.nuc.ord.aln,ENSG00000101162.nuc.ord.tre,0.350361
ENSG00000101181.nuc.ord.aln,ENSG00000101181.nuc.ord.tre,0.519387
ENSG00000101182.nuc.ord.aln,ENSG00000101182.nuc.ord.tre,0.307417
ENSG00000101189.nuc.ord.aln,ENSG00000101189.nuc.ord.tre,0.245196
ENSG00000101190.nuc.ord.aln,ENSG00000101190.nuc.ord.tre,0.484674
ENSG00000101191.nuc.ord.aln,ENSG00000101191.nuc.ord.tre,3.806375
ENSG00000101193.nuc.ord.aln,ENSG00000101193.nuc.ord.tre,0.305632
ENSG00000101194.nuc.ord.aln,ENSG00000101194.nuc.ord.tre,0.343363
ENSG00000101199.nuc.ord.aln,ENSG00000101199.nuc.ord.tre,0.393107
ENSG00000101210.nuc.ord.aln,ENSG00000101210.nuc.ord.tre,0.380564
ENSG00000101216.nuc.ord.aln,ENSG00000101216.nuc.ord.tre,0.443495
ENSG00000101222.nuc.ord.aln,ENSG00000101222.nuc.ord.tre,0.306109
ENSG00000101230.nuc.ord.aln,ENSG00000101230.nuc.ord.tre,0.459550
ENSG00000101236.nuc.ord.aln,ENSG00000101236.nuc.ord.tre,0.330003
ENSG00000101247.nuc.ord.aln,ENSG00000101247.nuc.ord.tre,0.436393
ENSG00000101251.nuc.ord.aln,ENSG00000101251.nuc.ord.tre,0.593953
ENSG00000101265.nuc.ord.aln,ENSG00000101265.nuc.ord.tre,0.401861
ENSG00000101266.nuc.ord.aln,ENSG00000101266.nuc.ord.tre,0.546941
ENSG00000101276.nuc.ord.aln,ENSG00000101276.nuc.ord.tre,0.362846
ENSG00000101280.nuc.ord.aln,ENSG00000101280.nuc.ord.tre,0.396391
ENSG00000101290.nuc.ord.aln,ENSG00000101290.nuc.ord.tre,0.422440
ENSG00000101294.nuc.ord.aln,ENSG00000101294.nuc.ord.tre,0.486333
ENSG00000101298.nuc.ord.aln,ENSG00000101298.nuc.ord.tre,0.369379
ENSG00000101310.nuc.ord.aln,ENSG00000101310.nuc.ord.tre,0.643198
ENSG00000101311.nuc.ord.aln,ENSG00000101311.nuc.ord.tre,0.598221
ENSG00000101323.nuc.ord.aln,ENSG00000101323.nuc.ord.tre,0.401795
ENSG00000101327.nuc.ord.aln,ENSG00000101327.nuc.ord.tre,0.275058
ENSG00000101333.nuc.ord.aln,ENSG00000101333.nuc.ord.tre,1.348542
ENSG00000101336.nuc.ord.aln,ENSG00000101336.nuc.ord.tre,0.378307
ENSG00000101337.nuc.ord.aln,ENSG00000101337.nuc.ord.tre,0.608119
ENSG00000101342.nuc.ord.aln,ENSG00000101342.nuc.ord.tre,0.325591
ENSG00000101343.nuc.ord.aln,ENSG00000101343.nuc.ord.tre,1.105482
ENSG00000101346.nuc.ord.aln,ENSG00000101346.nuc.ord.tre,0.427204
ENSG00000101347.nuc.ord.aln,ENSG00000101347.nuc.ord.tre,0.791118
ENSG00000101349.nuc.ord.aln,ENSG00000101349.nuc.ord.tre,0.659711
ENSG00000101350.nuc.ord.aln,ENSG00000101350.nuc.ord.tre,0.616843
ENSG00000101384.nuc.ord.aln,ENSG00000101384.nuc.ord.tre,1.221438
ENSG00000101391.nuc.ord.aln,ENSG00000101391.nuc.ord.tre,0.537178
ENSG00000101400.nuc.ord.aln,ENSG00000101400.nuc.ord.tre,0.386082
ENSG00000101407.nuc.ord.aln,ENSG00000101407.nuc.ord.tre,1.107904
ENSG00000101413.nuc.ord.aln,ENSG00000101413.nuc.ord.tre,0.390012
ENSG00000101417.nuc.ord.aln,ENSG00000101417.nuc.ord.tre,0.322590
ENSG00000101421.nuc.ord.aln,ENSG00000101421.nuc.ord.tre,0.357483
ENSG00000101425.nuc.ord.aln,ENSG00000101425.nuc.ord.tre,0.386546
ENSG00000101440.nuc.ord.aln,ENSG00000101440.nuc.ord.tre,0.245834
ENSG00000101442.nuc.ord.aln,ENSG00000101442.nuc.ord.tre,0.568611
ENSG00000101445.nuc.ord.aln,ENSG00000101445.nuc.ord.tre,0.423275
ENSG00000101446.nuc.ord.aln,ENSG00000101446.nuc.ord.tre,0.176894
ENSG00000101447.nuc.ord.aln,ENSG00000101447.nuc.ord.tre,0.662815
ENSG00000101452.nuc.ord.aln,ENSG00000101452.nuc.ord.tre,0.706942
ENSG00000101457.nuc.ord.aln,ENSG00000101457.nuc.ord.tre,0.392942
ENSG00000101460.nuc.ord.aln,ENSG00000101460.nuc.ord.tre,0.182459
ENSG00000101463.nuc.ord.aln,ENSG00000101463.nuc.ord.tre,0.362177
ENSG00000101464.nuc.ord.aln,ENSG00000101464.nuc.ord.tre,0.467082
ENSG00000101473.nuc.ord.aln,ENSG00000101473.nuc.ord.tre,0.361682
ENSG00000101474.nuc.ord.aln,ENSG00000101474.nuc.ord.tre,0.414318
ENSG00000101493.nuc.ord.aln,ENSG00000101493.nuc.ord.tre,1.179516
ENSG00000101542.nuc.ord.aln,ENSG00000101542.nuc.ord.tre,0.849546
ENSG00000101544.nuc.ord.aln,ENSG00000101544.nuc.ord.tre,1.103034
ENSG00000101557.nuc.ord.aln,ENSG00000101557.nuc.ord.tre,0.572469
ENSG00000101577.nuc.ord.aln,ENSG00000101577.nuc.ord.tre,1.215955
ENSG00000101596.nuc.ord.aln,ENSG00000101596.nuc.ord.tre,2.783862
ENSG00000101608.nuc.ord.aln,ENSG00000101608.nuc.ord.tre,0.216402
ENSG00000101624.nuc.ord.aln,ENSG00000101624.nuc.ord.tre,0.586207
ENSG00000103740.nuc.ord.aln,ENSG00000103740.nuc.ord.tre,0.722079
ENSG00000103742.nuc.ord.aln,ENSG00000103742.nuc.ord.tre,1.402992
ENSG00000103769.nuc.ord.aln,ENSG00000103769.nuc.ord.tre,0.282270
ENSG00000103811.nuc.ord.aln,ENSG00000103811.nuc.ord.tre,0.397238
ENSG00000103852.nuc.ord.aln,ENSG00000103852.nuc.ord.tre,0.447723
ENSG00000103855.nuc.ord.aln,ENSG00000103855.nuc.ord.tre,0.350977
ENSG00000103888.nuc.ord.aln,ENSG00000103888.nuc.ord.tre,1.309882
ENSG00000103932.nuc.ord.aln,ENSG00000103932.nuc.ord.tre,1.517667
ENSG00000103966.nuc.ord.aln,ENSG00000103966.nuc.ord.tre,0.508310
ENSG00000103978.nuc.ord.aln,ENSG00000103978.nuc.ord.tre,0.493760
ENSG00000103994.nuc.ord.aln,ENSG00000103994.nuc.ord.tre,2.356257
ENSG00000103995.nuc.ord.aln,ENSG00000103995.nuc.ord.tre,2.550116
ENSG00000104043.nuc.ord.aln,ENSG00000104043.nuc.ord.tre,1.248181
ENSG00000104044.nuc.ord.aln,ENSG00000104044.nuc.ord.tre,0.954390
ENSG00000104055.nuc.ord.aln,ENSG00000104055.nuc.ord.tre,0.664172
ENSG00000104059.nuc.ord.aln,ENSG00000104059.nuc.ord.tre,0.406775
ENSG00000104064.nuc.ord.aln,ENSG00000104064.nuc.ord.tre,0.405051
ENSG00000104067.nuc.ord.aln,ENSG00000104067.nuc.ord.tre,2.271959
ENSG00000104081.nuc.ord.aln,ENSG00000104081.nuc.ord.tre,0.317698
ENSG00000104093.nuc.ord.aln,ENSG00000104093.nuc.ord.tre,5.602670
ENSG00000104112.nuc.ord.aln,ENSG00000104112.nuc.ord.tre,0.420686
ENSG00000104133.nuc.ord.aln,ENSG00000104133.nuc.ord.tre,4.077750
ENSG00000104142.nuc.ord.aln,ENSG00000104142.nuc.ord.tre,0.844558
ENSG00000104147.nuc.ord.aln,ENSG00000104147.nuc.ord.tre,0.333668
ENSG00000104154.nuc.ord.aln,ENSG00000104154.nuc.ord.tre,0.433341
ENSG00000104164.nuc.ord.aln,ENSG00000104164.nuc.ord.tre,0.293256
ENSG00000104218.nuc.ord.aln,ENSG00000104218.nuc.ord.tre,1.640266
ENSG00000104219.nuc.ord.aln,ENSG00000104219.nuc.ord.tre,0.483761
ENSG00000104221.nuc.ord.aln,ENSG00000104221.nuc.ord.tre,0.381276
ENSG00000104231.nuc.ord.aln,ENSG00000104231.nuc.ord.tre,0.329349
ENSG00000104237.nuc.ord.aln,ENSG00000104237.nuc.ord.tre,3.020059
ENSG00000104267.nuc.ord.aln,ENSG00000104267.nuc.ord.tre,0.293895
ENSG00000104290.nuc.ord.aln,ENSG00000104290.nuc.ord.tre,0.407228
ENSG00000104299.nuc.ord.aln,ENSG00000104299.nuc.ord.tre,0.692014
ENSG00000104312.nuc.ord.aln,ENSG00000104312.nuc.ord.tre,0.483073
ENSG00000104313.nuc.ord.aln,ENSG00000104313.nuc.ord.tre,0.578954
ENSG00000104320.nuc.ord.aln,ENSG00000104320.nuc.ord.tre,0.718192
ENSG00000104321.nuc.ord.aln,ENSG00000104321.nuc.ord.tre,1.187205
ENSG00000104324.nuc.ord.aln,ENSG00000104324.nuc.ord.tre,0.618184
ENSG00000104325.nuc.ord.aln,ENSG00000104325.nuc.ord.tre,0.430016
ENSG00000104327.nuc.ord.aln,ENSG00000104327.nuc.ord.tre,0.375375
ENSG00000104331.nuc.ord.aln,ENSG00000104331.nuc.ord.tre,0.483466
ENSG00000104332.nuc.ord.aln,ENSG00000104332.nuc.ord.tre,0.282639
ENSG00000104343.nuc.ord.aln,ENSG00000104343.nuc.ord.tre,0.304324
ENSG00000104356.nuc.ord.aln,ENSG00000104356.nuc.ord.tre,1.112871
ENSG00000104361.nuc.ord.aln,ENSG00000104361.nuc.ord.tre,0.381515
ENSG00000104365.nuc.ord.aln,ENSG00000104365.nuc.ord.tre,0.702761
ENSG00000104368.nuc.ord.aln,ENSG00000104368.nuc.ord.tre,0.535382
ENSG00000101638.nuc.ord.aln,ENSG00000101638.nuc.ord.tre,0.391486
ENSG00000102871.nuc.ord.aln,ENSG00000102871.nuc.ord.tre,0.312891
ENSG00000102879.nuc.ord.aln,ENSG00000102879.nuc.ord.tre,0.407049
ENSG00000102882.nuc.ord.aln,ENSG00000102882.nuc.ord.tre,0.374613
ENSG00000102886.nuc.ord.aln,ENSG00000102886.nuc.ord.tre,0.320452
ENSG00000102890.nuc.ord.aln,ENSG00000102890.nuc.ord.tre,0.673720
ENSG00000102893.nuc.ord.aln,ENSG00000102893.nuc.ord.tre,1.418304
ENSG00000102897.nuc.ord.aln,ENSG00000102897.nuc.ord.tre,0.253027
ENSG00000102900.nuc.ord.aln,ENSG00000102900.nuc.ord.tre,1.008968
ENSG00000102901.nuc.ord.aln,ENSG00000102901.nuc.ord.tre,0.808182
ENSG00000102904.nuc.ord.aln,ENSG00000102904.nuc.ord.tre,0.693658
ENSG00000102908.nuc.ord.aln,ENSG00000102908.nuc.ord.tre,2.579181
ENSG00000102910.nuc.ord.aln,ENSG00000102910.nuc.ord.tre,0.974554
ENSG00000102934.nuc.ord.aln,ENSG00000102934.nuc.ord.tre,0.331197
ENSG00000102935.nuc.ord.aln,ENSG00000102935.nuc.ord.tre,1.410905
ENSG00000102967.nuc.ord.aln,ENSG00000102967.nuc.ord.tre,0.411046
ENSG00000102970.nuc.ord.aln,ENSG00000102970.nuc.ord.tre,0.213948
ENSG00000102974.nuc.ord.aln,ENSG00000102974.nuc.ord.tre,0.684628
ENSG00000102977.nuc.ord.aln,ENSG00000102977.nuc.ord.tre,0.440773
ENSG00000102978.nuc.ord.aln,ENSG00000102978.nuc.ord.tre,0.422502
ENSG00000102981.nuc.ord.aln,ENSG00000102981.nuc.ord.tre,0.331701
ENSG00000102984.nuc.ord.aln,ENSG00000102984.nuc.ord.tre,0.425541
ENSG00000103005.nuc.ord.aln,ENSG00000103005.nuc.ord.tre,0.354780
ENSG00000103021.nuc.ord.aln,ENSG00000103021.nuc.ord.tre,0.526039
ENSG00000103023.nuc.ord.aln,ENSG00000103023.nuc.ord.tre,0.437890
ENSG00000103034.nuc.ord.aln,ENSG00000103034.nuc.ord.tre,0.386087
ENSG00000103035.nuc.ord.aln,ENSG00000103035.nuc.ord.tre,0.316217
ENSG00000103037.nuc.ord.aln,ENSG00000103037.nuc.ord.tre,0.526699
ENSG00000103042.nuc.ord.aln,ENSG00000103042.nuc.ord.tre,0.435456
ENSG00000103043.nuc.ord.aln,ENSG00000103043.nuc.ord.tre,0.842255
ENSG00000103044.nuc.ord.aln,ENSG00000103044.nuc.ord.tre,0.493911
ENSG00000103051.nuc.ord.aln,ENSG00000103051.nuc.ord.tre,0.698456
ENSG00000103061.nuc.ord.aln,ENSG00000103061.nuc.ord.tre,0.385856
ENSG00000103064.nuc.ord.aln,ENSG00000103064.nuc.ord.tre,0.416991
ENSG00000103066.nuc.ord.aln,ENSG00000103066.nuc.ord.tre,0.423928
ENSG00000103067.nuc.ord.aln,ENSG00000103067.nuc.ord.tre,0.621756
ENSG00000103089.nuc.ord.aln,ENSG00000103089.nuc.ord.tre,0.427280
ENSG00000103091.nuc.ord.aln,ENSG00000103091.nuc.ord.tre,1.289470
ENSG00000103111.nuc.ord.aln,ENSG00000103111.nuc.ord.tre,0.504805
ENSG00000103126.nuc.ord.aln,ENSG00000103126.nuc.ord.tre,0.822153
ENSG00000103148.nuc.ord.aln,ENSG00000103148.nuc.ord.tre,0.290434
ENSG00000103150.nuc.ord.aln,ENSG00000103150.nuc.ord.tre,0.357005
ENSG00000103152.nuc.ord.aln,ENSG00000103152.nuc.ord.tre,0.301431
ENSG00000103154.nuc.ord.aln,ENSG00000103154.nuc.ord.tre,0.357451
ENSG00000103160.nuc.ord.aln,ENSG00000103160.nuc.ord.tre,0.342702
ENSG00000103168.nuc.ord.aln,ENSG00000103168.nuc.ord.tre,0.727934
ENSG00000103174.nuc.ord.aln,ENSG00000103174.nuc.ord.tre,0.436255
ENSG00000103175.nuc.ord.aln,ENSG00000103175.nuc.ord.tre,0.259996
ENSG00000103187.nuc.ord.aln,ENSG00000103187.nuc.ord.tre,0.233746
ENSG00000103194.nuc.ord.aln,ENSG00000103194.nuc.ord.tre,0.705415
ENSG00000103196.nuc.ord.aln,ENSG00000103196.nuc.ord.tre,0.378648
ENSG00000103222.nuc.ord.aln,ENSG00000103222.nuc.ord.tre,1.700079
ENSG00000103227.nuc.ord.aln,ENSG00000103227.nuc.ord.tre,0.394999
ENSG00000103245.nuc.ord.aln,ENSG00000103245.nuc.ord.tre,0.508573
ENSG00000103248.nuc.ord.aln,ENSG00000103248.nuc.ord.tre,0.430560
ENSG00000103249.nuc.ord.aln,ENSG00000103249.nuc.ord.tre,0.829417
ENSG00000103253.nuc.ord.aln,ENSG00000103253.nuc.ord.tre,0.325442
ENSG00000103266.nuc.ord.aln,ENSG00000103266.nuc.ord.tre,0.271202
ENSG00000103269.nuc.ord.aln,ENSG00000103269.nuc.ord.tre,0.343684
ENSG00000103310.nuc.ord.aln,ENSG00000103310.nuc.ord.tre,0.688751
ENSG00000103313.nuc.ord.aln,ENSG00000103313.nuc.ord.tre,1.436630
ENSG00000103316.nuc.ord.aln,ENSG00000103316.nuc.ord.tre,0.384774
ENSG00000103319.nuc.ord.aln,ENSG00000103319.nuc.ord.tre,0.691936
ENSG00000103342.nuc.ord.aln,ENSG00000103342.nuc.ord.tre,0.743431
ENSG00000103351.nuc.ord.aln,ENSG00000103351.nuc.ord.tre,0.422227
ENSG00000103355.nuc.ord.aln,ENSG00000103355.nuc.ord.tre,0.229828
ENSG00000103356.nuc.ord.aln,ENSG00000103356.nuc.ord.tre,0.432055
ENSG00000103365.nuc.ord.aln,ENSG00000103365.nuc.ord.tre,0.853814
ENSG00000103375.nuc.ord.aln,ENSG00000103375.nuc.ord.tre,0.321683
ENSG00000103381.nuc.ord.aln,ENSG00000103381.nuc.ord.tre,0.381125
ENSG00000103415.nuc.ord.aln,ENSG00000103415.nuc.ord.tre,0.354908
ENSG00000103423.nuc.ord.aln,ENSG00000103423.nuc.ord.tre,0.424662
ENSG00000103429.nuc.ord.aln,ENSG00000103429.nuc.ord.tre,0.412377
ENSG00000103449.nuc.ord.aln,ENSG00000103449.nuc.ord.tre,1.699639
ENSG00000103460.nuc.ord.aln,ENSG00000103460.nuc.ord.tre,0.710249
ENSG00000103479.nuc.ord.aln,ENSG00000103479.nuc.ord.tre,1.041079
ENSG00000103489.nuc.ord.aln,ENSG00000103489.nuc.ord.tre,1.073768
ENSG00000103494.nuc.ord.aln,ENSG00000103494.nuc.ord.tre,1.630783
ENSG00000103495.nuc.ord.aln,ENSG00000103495.nuc.ord.tre,0.221292
ENSG00000103496.nuc.ord.aln,ENSG00000103496.nuc.ord.tre,0.383747
ENSG00000103502.nuc.ord.aln,ENSG00000103502.nuc.ord.tre,0.301969
ENSG00000103507.nuc.ord.aln,ENSG00000103507.nuc.ord.tre,0.421273
ENSG00000103510.nuc.ord.aln,ENSG00000103510.nuc.ord.tre,0.436468
ENSG00000103522.nuc.ord.aln,ENSG00000103522.nuc.ord.tre,0.444900
ENSG00000103528.nuc.ord.aln,ENSG00000103528.nuc.ord.tre,0.423500
ENSG00000103534.nuc.ord.aln,ENSG00000103534.nuc.ord.tre,1.100067
ENSG00000103540.nuc.ord.aln,ENSG00000103540.nuc.ord.tre,1.018324
ENSG00000103544.nuc.ord.aln,ENSG00000103544.nuc.ord.tre,0.929395
ENSG00000103546.nuc.ord.aln,ENSG00000103546.nuc.ord.tre,0.564572
ENSG00000103549.nuc.ord.aln,ENSG00000103549.nuc.ord.tre,1.305864
ENSG00000103550.nuc.ord.aln,ENSG00000103550.nuc.ord.tre,0.341411
ENSG00000103569.nuc.ord.aln,ENSG00000103569.nuc.ord.tre,0.416540
ENSG00000103599.nuc.ord.aln,ENSG00000103599.nuc.ord.tre,1.339985
ENSG00000103642.nuc.ord.aln,ENSG00000103642.nuc.ord.tre,0.657860
ENSG00000103647.nuc.ord.aln,ENSG00000103647.nuc.ord.tre,0.451264
ENSG00000103653.nuc.ord.aln,ENSG00000103653.nuc.ord.tre,0.356015
ENSG00000103657.nuc.ord.aln,ENSG00000103657.nuc.ord.tre,11.223961
ENSG00000103671.nuc.ord.aln,ENSG00000103671.nuc.ord.tre,0.501169
ENSG00000103707.nuc.ord.aln,ENSG00000103707.nuc.ord.tre,0.441759
ENSG00000103723.nuc.ord.aln,ENSG00000103723.nuc.ord.tre,1.162419
ENSG00000101639.nuc.ord.aln,ENSG00000101639.nuc.ord.tre,2.532474
ENSG00000101654.nuc.ord.aln,ENSG00000101654.nuc.ord.tre,0.669947
ENSG00000101665.nuc.ord.aln,ENSG00000101665.nuc.ord.tre,0.374135
ENSG00000101670.nuc.ord.aln,ENSG00000101670.nuc.ord.tre,0.419272
ENSG00000101680.nuc.ord.aln,ENSG00000101680.nuc.ord.tre,5.866062
ENSG00000101695.nuc.ord.aln,ENSG00000101695.nuc.ord.tre,0.319574
ENSG00000101745.nuc.ord.aln,ENSG00000101745.nuc.ord.tre,2.789478
ENSG00000101746.nuc.ord.aln,ENSG00000101746.nuc.ord.tre,0.642467
ENSG00000101751.nuc.ord.aln,ENSG00000101751.nuc.ord.tre,0.786087
ENSG00000101752.nuc.ord.aln,ENSG00000101752.nuc.ord.tre,1.003272
ENSG00000101773.nuc.ord.aln,ENSG00000101773.nuc.ord.tre,0.901681
ENSG00000101782.nuc.ord.aln,ENSG00000101782.nuc.ord.tre,0.462518
ENSG00000101811.nuc.ord.aln,ENSG00000101811.nuc.ord.tre,0.595304
ENSG00000101842.nuc.ord.aln,ENSG00000101842.nuc.ord.tre,0.537659
ENSG00000101843.nuc.ord.aln,ENSG00000101843.nuc.ord.tre,0.141505
ENSG00000101844.nuc.ord.aln,ENSG00000101844.nuc.ord.tre,0.437953
ENSG00000101850.nuc.ord.aln,ENSG00000101850.nuc.ord.tre,0.409204
ENSG00000101856.nuc.ord.aln,ENSG00000101856.nuc.ord.tre,0.248888
ENSG00000101868.nuc.ord.aln,ENSG00000101868.nuc.ord.tre,1.725706
ENSG00000101871.nuc.ord.aln,ENSG00000101871.nuc.ord.tre,0.607553
ENSG00000101888.nuc.ord.aln,ENSG00000101888.nuc.ord.tre,0.290821
ENSG00000101892.nuc.ord.aln,ENSG00000101892.nuc.ord.tre,0.399936
ENSG00000101901.nuc.ord.aln,ENSG00000101901.nuc.ord.tre,1.453281
ENSG00000101911.nuc.ord.aln,ENSG00000101911.nuc.ord.tre,0.358637
ENSG00000101916.nuc.ord.aln,ENSG00000101916.nuc.ord.tre,0.855570
ENSG00000101928.nuc.ord.aln,ENSG00000101928.nuc.ord.tre,0.312435
ENSG00000101935.nuc.ord.aln,ENSG00000101935.nuc.ord.tre,0.411112
ENSG00000101938.nuc.ord.aln,ENSG00000101938.nuc.ord.tre,0.456616
ENSG00000101940.nuc.ord.aln,ENSG00000101940.nuc.ord.tre,0.419442
ENSG00000101945.nuc.ord.aln,ENSG00000101945.nuc.ord.tre,0.308672
ENSG00000101958.nuc.ord.aln,ENSG00000101958.nuc.ord.tre,0.450425
ENSG00000101972.nuc.ord.aln,ENSG00000101972.nuc.ord.tre,1.224204
ENSG00000101974.nuc.ord.aln,ENSG00000101974.nuc.ord.tre,1.234906
ENSG00000101977.nuc.ord.aln,ENSG00000101977.nuc.ord.tre,1.150453
ENSG00000101981.nuc.ord.aln,ENSG00000101981.nuc.ord.tre,0.443440
ENSG00000102001.nuc.ord.aln,ENSG00000102001.nuc.ord.tre,4.514933
ENSG00000102010.nuc.ord.aln,ENSG00000102010.nuc.ord.tre,0.783988
ENSG00000102024.nuc.ord.aln,ENSG00000102024.nuc.ord.tre,0.613634
ENSG00000102032.nuc.ord.aln,ENSG00000102032.nuc.ord.tre,0.353863
ENSG00000102038.nuc.ord.aln,ENSG00000102038.nuc.ord.tre,1.029255
ENSG00000102054.nuc.ord.aln,ENSG00000102054.nuc.ord.tre,0.445818
ENSG00000102057.nuc.ord.aln,ENSG00000102057.nuc.ord.tre,0.492379
ENSG00000102081.nuc.ord.aln,ENSG00000102081.nuc.ord.tre,0.664446
ENSG00000102096.nuc.ord.aln,ENSG00000102096.nuc.ord.tre,0.363064
ENSG00000102098.nuc.ord.aln,ENSG00000102098.nuc.ord.tre,1.169196
ENSG00000102100.nuc.ord.aln,ENSG00000102100.nuc.ord.tre,0.422623
ENSG00000102103.nuc.ord.aln,ENSG00000102103.nuc.ord.tre,0.276172
ENSG00000102104.nuc.ord.aln,ENSG00000102104.nuc.ord.tre,0.310865
ENSG00000102158.nuc.ord.aln,ENSG00000102158.nuc.ord.tre,0.319393
ENSG00000102172.nuc.ord.aln,ENSG00000102172.nuc.ord.tre,0.394540
ENSG00000102174.nuc.ord.aln,ENSG00000102174.nuc.ord.tre,0.683316
ENSG00000102178.nuc.ord.aln,ENSG00000102178.nuc.ord.tre,0.240156
ENSG00000102181.nuc.ord.aln,ENSG00000102181.nuc.ord.tre,0.330685
ENSG00000102189.nuc.ord.aln,ENSG00000102189.nuc.ord.tre,1.619000
ENSG00000102195.nuc.ord.aln,ENSG00000102195.nuc.ord.tre,0.412915
ENSG00000102218.nuc.ord.aln,ENSG00000102218.nuc.ord.tre,0.384266
ENSG00000102221.nuc.ord.aln,ENSG00000102221.nuc.ord.tre,0.737606
ENSG00000102225.nuc.ord.aln,ENSG00000102225.nuc.ord.tre,0.490753
ENSG00000102226.nuc.ord.aln,ENSG00000102226.nuc.ord.tre,1.162298
ENSG00000102230.nuc.ord.aln,ENSG00000102230.nuc.ord.tre,0.414115
ENSG00000102239.nuc.ord.aln,ENSG00000102239.nuc.ord.tre,0.398477
ENSG00000102243.nuc.ord.aln,ENSG00000102243.nuc.ord.tre,0.514843
ENSG00000102245.nuc.ord.aln,ENSG00000102245.nuc.ord.tre,0.327858
ENSG00000102302.nuc.ord.aln,ENSG00000102302.nuc.ord.tre,1.157571
ENSG00000102312.nuc.ord.aln,ENSG00000102312.nuc.ord.tre,0.400601
ENSG00000102317.nuc.ord.aln,ENSG00000102317.nuc.ord.tre,0.137566
ENSG00000102359.nuc.ord.aln,ENSG00000102359.nuc.ord.tre,0.494908
ENSG00000102362.nuc.ord.aln,ENSG00000102362.nuc.ord.tre,0.629688
ENSG00000102383.nuc.ord.aln,ENSG00000102383.nuc.ord.tre,0.411485
ENSG00000102384.nuc.ord.aln,ENSG00000102384.nuc.ord.tre,0.774863
ENSG00000102385.nuc.ord.aln,ENSG00000102385.nuc.ord.tre,1.138318
ENSG00000102390.nuc.ord.aln,ENSG00000102390.nuc.ord.tre,0.332639
ENSG00000102393.nuc.ord.aln,ENSG00000102393.nuc.ord.tre,0.401337
ENSG00000102445.nuc.ord.aln,ENSG00000102445.nuc.ord.tre,0.836226
ENSG00000102452.nuc.ord.aln,ENSG00000102452.nuc.ord.tre,2.212417
ENSG00000102466.nuc.ord.aln,ENSG00000102466.nuc.ord.tre,0.410871
ENSG00000102468.nuc.ord.aln,ENSG00000102468.nuc.ord.tre,0.454747
ENSG00000102471.nuc.ord.aln,ENSG00000102471.nuc.ord.tre,0.495219
ENSG00000102524.nuc.ord.aln,ENSG00000102524.nuc.ord.tre,0.376414
ENSG00000102531.nuc.ord.aln,ENSG00000102531.nuc.ord.tre,1.288725
ENSG00000102543.nuc.ord.aln,ENSG00000102543.nuc.ord.tre,0.547810
ENSG00000102547.nuc.ord.aln,ENSG00000102547.nuc.ord.tre,0.386255
ENSG00000102572.nuc.ord.aln,ENSG00000102572.nuc.ord.tre,0.466996
ENSG00000102575.nuc.ord.aln,ENSG00000102575.nuc.ord.tre,0.318752
ENSG00000102580.nuc.ord.aln,ENSG00000102580.nuc.ord.tre,0.448373
ENSG00000102595.nuc.ord.aln,ENSG00000102595.nuc.ord.tre,2.017631
ENSG00000102606.nuc.ord.aln,ENSG00000102606.nuc.ord.tre,0.785683
ENSG00000102678.nuc.ord.aln,ENSG00000102678.nuc.ord.tre,0.321490
ENSG00000102683.nuc.ord.aln,ENSG00000102683.nuc.ord.tre,0.378086
ENSG00000102699.nuc.ord.aln,ENSG00000102699.nuc.ord.tre,2.867124
ENSG00000102710.nuc.ord.aln,ENSG00000102710.nuc.ord.tre,0.990728
ENSG00000102738.nuc.ord.aln,ENSG00000102738.nuc.ord.tre,0.363647
ENSG00000102753.nuc.ord.aln,ENSG00000102753.nuc.ord.tre,0.401561
ENSG00000102755.nuc.ord.aln,ENSG00000102755.nuc.ord.tre,1.631303
ENSG00000102760.nuc.ord.aln,ENSG00000102760.nuc.ord.tre,0.300677
ENSG00000102780.nuc.ord.aln,ENSG00000102780.nuc.ord.tre,1.458534
ENSG00000102802.nuc.ord.aln,ENSG00000102802.nuc.ord.tre,0.379136
ENSG00000102804.nuc.ord.aln,ENSG00000102804.nuc.ord.tre,1.089920
ENSG00000102805.nuc.ord.aln,ENSG00000102805.nuc.ord.tre,0.582840
ENSG00000102870.nuc.ord.aln,ENSG00000102870.nuc.ord.tre,0.816633
ENSG00000104369.nuc.ord.aln,ENSG00000104369.nuc.ord.tre,0.603686
ENSG00000104371.nuc.ord.aln,ENSG00000104371.nuc.ord.tre,0.360000
ENSG00000104375.nuc.ord.aln,ENSG00000104375.nuc.ord.tre,0.498151
ENSG00000104381.nuc.ord.aln,ENSG00000104381.nuc.ord.tre,0.372012
ENSG00000104388.nuc.ord.aln,ENSG00000104388.nuc.ord.tre,0.378885
ENSG00000104408.nuc.ord.aln,ENSG00000104408.nuc.ord.tre,0.521673
ENSG00000104412.nuc.ord.aln,ENSG00000104412.nuc.ord.tre,0.333368
ENSG00000104413.nuc.ord.aln,ENSG00000104413.nuc.ord.tre,0.918485
ENSG00000104415.nuc.ord.aln,ENSG00000104415.nuc.ord.tre,0.404907
ENSG00000104419.nuc.ord.aln,ENSG00000104419.nuc.ord.tre,0.406073
ENSG00000104427.nuc.ord.aln,ENSG00000104427.nuc.ord.tre,0.399711
ENSG00000104435.nuc.ord.aln,ENSG00000104435.nuc.ord.tre,0.261951
ENSG00000104442.nuc.ord.aln,ENSG00000104442.nuc.ord.tre,0.337979
ENSG00000104447.nuc.ord.aln,ENSG00000104447.nuc.ord.tre,1.326155
ENSG00000104450.nuc.ord.aln,ENSG00000104450.nuc.ord.tre,1.081379
ENSG00000104472.nuc.ord.aln,ENSG00000104472.nuc.ord.tre,0.289371
ENSG00000104497.nuc.ord.aln,ENSG00000104497.nuc.ord.tre,0.408905
ENSG00000104517.nuc.ord.aln,ENSG00000104517.nuc.ord.tre,4.698335
ENSG00000104518.nuc.ord.aln,ENSG00000104518.nuc.ord.tre,0.418174
ENSG00000104524.nuc.ord.aln,ENSG00000104524.nuc.ord.tre,0.357433
ENSG00000104537.nuc.ord.aln,ENSG00000104537.nuc.ord.tre,0.429245
ENSG00000104549.nuc.ord.aln,ENSG00000104549.nuc.ord.tre,0.622283
ENSG00000104611.nuc.ord.aln,ENSG00000104611.nuc.ord.tre,0.457167
ENSG00000104613.nuc.ord.aln,ENSG00000104613.nuc.ord.tre,0.622364
ENSG00000104626.nuc.ord.aln,ENSG00000104626.nuc.ord.tre,0.417162
ENSG00000104635.nuc.ord.aln,ENSG00000104635.nuc.ord.tre,0.559215
ENSG00000104643.nuc.ord.aln,ENSG00000104643.nuc.ord.tre,0.446780
ENSG00000104660.nuc.ord.aln,ENSG00000104660.nuc.ord.tre,0.299304
ENSG00000104671.nuc.ord.aln,ENSG00000104671.nuc.ord.tre,0.305504
ENSG00000104679.nuc.ord.aln,ENSG00000104679.nuc.ord.tre,0.636641
ENSG00000104687.nuc.ord.aln,ENSG00000104687.nuc.ord.tre,0.435410
ENSG00000104691.nuc.ord.aln,ENSG00000104691.nuc.ord.tre,0.328788
ENSG00000104695.nuc.ord.aln,ENSG00000104695.nuc.ord.tre,0.338552
ENSG00000104714.nuc.ord.aln,ENSG00000104714.nuc.ord.tre,0.713248
ENSG00000104722.nuc.ord.aln,ENSG00000104722.nuc.ord.tre,0.779411
ENSG00000104723.nuc.ord.aln,ENSG00000104723.nuc.ord.tre,0.419230
ENSG00000104725.nuc.ord.aln,ENSG00000104725.nuc.ord.tre,0.513281
ENSG00000104728.nuc.ord.aln,ENSG00000104728.nuc.ord.tre,1.646695
ENSG00000104731.nuc.ord.aln,ENSG00000104731.nuc.ord.tre,0.418520
ENSG00000104738.nuc.ord.aln,ENSG00000104738.nuc.ord.tre,1.018788
ENSG00000104755.nuc.ord.aln,ENSG00000104755.nuc.ord.tre,0.627139
ENSG00000104760.nuc.ord.aln,ENSG00000104760.nuc.ord.tre,0.369777
ENSG00000104763.nuc.ord.aln,ENSG00000104763.nuc.ord.tre,0.456663
ENSG00000104774.nuc.ord.aln,ENSG00000104774.nuc.ord.tre,0.853071
ENSG00000104783.nuc.ord.aln,ENSG00000104783.nuc.ord.tre,0.316236
ENSG00000104804.nuc.ord.aln,ENSG00000104804.nuc.ord.tre,0.582516
ENSG00000104808.nuc.ord.aln,ENSG00000104808.nuc.ord.tre,0.372833
ENSG00000104812.nuc.ord.aln,ENSG00000104812.nuc.ord.tre,0.673875
ENSG00000104823.nuc.ord.aln,ENSG00000104823.nuc.ord.tre,0.346971
ENSG00000104825.nuc.ord.aln,ENSG00000104825.nuc.ord.tre,0.374575
ENSG00000104835.nuc.ord.aln,ENSG00000104835.nuc.ord.tre,0.400324
ENSG00000104853.nuc.ord.aln,ENSG00000104853.nuc.ord.tre,0.658692
ENSG00000104856.nuc.ord.aln,ENSG00000104856.nuc.ord.tre,0.508187
ENSG00000104879.nuc.ord.aln,ENSG00000104879.nuc.ord.tre,0.358392
ENSG00000104880.nuc.ord.aln,ENSG00000104880.nuc.ord.tre,1.319655
ENSG00000104881.nuc.ord.aln,ENSG00000104881.nuc.ord.tre,0.742821
ENSG00000104883.nuc.ord.aln,ENSG00000104883.nuc.ord.tre,0.328382
ENSG00000104884.nuc.ord.aln,ENSG00000104884.nuc.ord.tre,0.596285
ENSG00000104885.nuc.ord.aln,ENSG00000104885.nuc.ord.tre,2.209517
ENSG00000104886.nuc.ord.aln,ENSG00000104886.nuc.ord.tre,0.174871
ENSG00000104888.nuc.ord.aln,ENSG00000104888.nuc.ord.tre,0.523527
ENSG00000104904.nuc.ord.aln,ENSG00000104904.nuc.ord.tre,0.224719
ENSG00000104936.nuc.ord.aln,ENSG00000104936.nuc.ord.tre,0.775253
ENSG00000104941.nuc.ord.aln,ENSG00000104941.nuc.ord.tre,0.891155
ENSG00000104946.nuc.ord.aln,ENSG00000104946.nuc.ord.tre,0.522110
ENSG00000104973.nuc.ord.aln,ENSG00000104973.nuc.ord.tre,0.959941
ENSG00000104979.nuc.ord.aln,ENSG00000104979.nuc.ord.tre,0.168914
ENSG00000104983.nuc.ord.aln,ENSG00000104983.nuc.ord.tre,0.503553
ENSG00000105053.nuc.ord.aln,ENSG00000105053.nuc.ord.tre,0.416961
ENSG00000105063.nuc.ord.aln,ENSG00000105063.nuc.ord.tre,0.894423
ENSG00000105088.nuc.ord.aln,ENSG00000105088.nuc.ord.tre,0.392694
ENSG00000105127.nuc.ord.aln,ENSG00000105127.nuc.ord.tre,0.583478
ENSG00000105141.nuc.ord.aln,ENSG00000105141.nuc.ord.tre,0.247582
ENSG00000105143.nuc.ord.aln,ENSG00000105143.nuc.ord.tre,0.512599
ENSG00000105171.nuc.ord.aln,ENSG00000105171.nuc.ord.tre,0.316062
ENSG00000105173.nuc.ord.aln,ENSG00000105173.nuc.ord.tre,0.519340
ENSG00000105176.nuc.ord.aln,ENSG00000105176.nuc.ord.tre,0.456770
ENSG00000105186.nuc.ord.aln,ENSG00000105186.nuc.ord.tre,1.147246
ENSG00000105197.nuc.ord.aln,ENSG00000105197.nuc.ord.tre,0.482588
ENSG00000105204.nuc.ord.aln,ENSG00000105204.nuc.ord.tre,0.576190
ENSG00000105220.nuc.ord.aln,ENSG00000105220.nuc.ord.tre,0.384646
ENSG00000105223.nuc.ord.aln,ENSG00000105223.nuc.ord.tre,0.443578
ENSG00000105229.nuc.ord.aln,ENSG00000105229.nuc.ord.tre,0.365151
ENSG00000105245.nuc.ord.aln,ENSG00000105245.nuc.ord.tre,0.406281
ENSG00000105246.nuc.ord.aln,ENSG00000105246.nuc.ord.tre,0.243762
ENSG00000105248.nuc.ord.aln,ENSG00000105248.nuc.ord.tre,0.290629
ENSG00000105251.nuc.ord.aln,ENSG00000105251.nuc.ord.tre,0.349500
ENSG00000105254.nuc.ord.aln,ENSG00000105254.nuc.ord.tre,0.269716
ENSG00000105255.nuc.ord.aln,ENSG00000105255.nuc.ord.tre,0.377692
ENSG00000105261.nuc.ord.aln,ENSG00000105261.nuc.ord.tre,0.494068
ENSG00000105281.nuc.ord.aln,ENSG00000105281.nuc.ord.tre,0.582355
ENSG00000105287.nuc.ord.aln,ENSG00000105287.nuc.ord.tre,1.063494
ENSG00000105289.nuc.ord.aln,ENSG00000105289.nuc.ord.tre,0.859687
ENSG00000105321.nuc.ord.aln,ENSG00000105321.nuc.ord.tre,0.457499
ENSG00000105323.nuc.ord.aln,ENSG00000105323.nuc.ord.tre,0.932664
ENSG00000105325.nuc.ord.aln,ENSG00000105325.nuc.ord.tre,0.341054
ENSG00000105329.nuc.ord.aln,ENSG00000105329.nuc.ord.tre,0.351658
ENSG00000105339.nuc.ord.aln,ENSG00000105339.nuc.ord.tre,1.131633
ENSG00000105357.nuc.ord.aln,ENSG00000105357.nuc.ord.tre,2.973456
ENSG00000105370.nuc.ord.aln,ENSG00000105370.nuc.ord.tre,0.322927
ENSG00000105373.nuc.ord.aln,ENSG00000105373.nuc.ord.tre,0.325114
ENSG00000105374.nuc.ord.aln,ENSG00000105374.nuc.ord.tre,0.247887
ENSG00000105397.nuc.ord.aln,ENSG00000105397.nuc.ord.tre,1.537936
ENSG00000105402.nuc.ord.aln,ENSG00000105402.nuc.ord.tre,0.334211
ENSG00000105438.nuc.ord.aln,ENSG00000105438.nuc.ord.tre,0.272553
ENSG00000105443.nuc.ord.aln,ENSG00000105443.nuc.ord.tre,0.344949
ENSG00000105467.nuc.ord.aln,ENSG00000105467.nuc.ord.tre,0.300640
ENSG00000105486.nuc.ord.aln,ENSG00000105486.nuc.ord.tre,0.966275
ENSG00000105507.nuc.ord.aln,ENSG00000105507.nuc.ord.tre,0.228430
ENSG00000105516.nuc.ord.aln,ENSG00000105516.nuc.ord.tre,0.219419
ENSG00000105518.nuc.ord.aln,ENSG00000105518.nuc.ord.tre,0.189164
ENSG00000105520.nuc.ord.aln,ENSG00000105520.nuc.ord.tre,0.355492
ENSG00000105559.nuc.ord.aln,ENSG00000105559.nuc.ord.tre,0.708566
ENSG00000105568.nuc.ord.aln,ENSG00000105568.nuc.ord.tre,0.493219
ENSG00000105583.nuc.ord.aln,ENSG00000105583.nuc.ord.tre,0.255626
ENSG00000105617.nuc.ord.aln,ENSG00000105617.nuc.ord.tre,0.346316
ENSG00000105618.nuc.ord.aln,ENSG00000105618.nuc.ord.tre,0.538236
ENSG00000105619.nuc.ord.aln,ENSG00000105619.nuc.ord.tre,0.310651
ENSG00000105650.nuc.ord.aln,ENSG00000105650.nuc.ord.tre,0.545842
ENSG00000105663.nuc.ord.aln,ENSG00000105663.nuc.ord.tre,8.939223
ENSG00000105668.nuc.ord.aln,ENSG00000105668.nuc.ord.tre,0.343544
ENSG00000105672.nuc.ord.aln,ENSG00000105672.nuc.ord.tre,0.225625
ENSG00000105675.nuc.ord.aln,ENSG00000105675.nuc.ord.tre,1.082155
ENSG00000105677.nuc.ord.aln,ENSG00000105677.nuc.ord.tre,0.292818
ENSG00000105695.nuc.ord.aln,ENSG00000105695.nuc.ord.tre,0.485111
ENSG00000105698.nuc.ord.aln,ENSG00000105698.nuc.ord.tre,0.348077
ENSG00000105722.nuc.ord.aln,ENSG00000105722.nuc.ord.tre,0.450973
ENSG00000105723.nuc.ord.aln,ENSG00000105723.nuc.ord.tre,0.442520
ENSG00000105738.nuc.ord.aln,ENSG00000105738.nuc.ord.tre,3.014520
ENSG00000105755.nuc.ord.aln,ENSG00000105755.nuc.ord.tre,0.286448
ENSG00000105771.nuc.ord.aln,ENSG00000105771.nuc.ord.tre,0.582926
ENSG00000105778.nuc.ord.aln,ENSG00000105778.nuc.ord.tre,0.536517
ENSG00000105784.nuc.ord.aln,ENSG00000105784.nuc.ord.tre,0.459697
ENSG00000105792.nuc.ord.aln,ENSG00000105792.nuc.ord.tre,0.916009
ENSG00000105793.nuc.ord.aln,ENSG00000105793.nuc.ord.tre,0.406125
ENSG00000105810.nuc.ord.aln,ENSG00000105810.nuc.ord.tre,0.388247
ENSG00000105819.nuc.ord.aln,ENSG00000105819.nuc.ord.tre,0.400127
ENSG00000105821.nuc.ord.aln,ENSG00000105821.nuc.ord.tre,0.658026
ENSG00000105825.nuc.ord.aln,ENSG00000105825.nuc.ord.tre,0.295048
ENSG00000105849.nuc.ord.aln,ENSG00000105849.nuc.ord.tre,0.383697
ENSG00000105851.nuc.ord.aln,ENSG00000105851.nuc.ord.tre,1.353706
ENSG00000105852.nuc.ord.aln,ENSG00000105852.nuc.ord.tre,0.349162
ENSG00000105854.nuc.ord.aln,ENSG00000105854.nuc.ord.tre,0.416362
ENSG00000105855.nuc.ord.aln,ENSG00000105855.nuc.ord.tre,0.711315
ENSG00000105856.nuc.ord.aln,ENSG00000105856.nuc.ord.tre,0.489974
ENSG00000105865.nuc.ord.aln,ENSG00000105865.nuc.ord.tre,0.377219
ENSG00000105866.nuc.ord.aln,ENSG00000105866.nuc.ord.tre,0.638073
ENSG00000105875.nuc.ord.aln,ENSG00000105875.nuc.ord.tre,0.827932
ENSG00000105877.nuc.ord.aln,ENSG00000105877.nuc.ord.tre,13.192030
ENSG00000105880.nuc.ord.aln,ENSG00000105880.nuc.ord.tre,0.337274
ENSG00000105894.nuc.ord.aln,ENSG00000105894.nuc.ord.tre,0.320077
ENSG00000105926.nuc.ord.aln,ENSG00000105926.nuc.ord.tre,0.654495
ENSG00000105928.nuc.ord.aln,ENSG00000105928.nuc.ord.tre,0.620487
ENSG00000105929.nuc.ord.aln,ENSG00000105929.nuc.ord.tre,1.089158
ENSG00000105939.nuc.ord.aln,ENSG00000105939.nuc.ord.tre,1.120421
ENSG00000105948.nuc.ord.aln,ENSG00000105948.nuc.ord.tre,0.482555
ENSG00000105953.nuc.ord.aln,ENSG00000105953.nuc.ord.tre,1.046118
ENSG00000105954.nuc.ord.aln,ENSG00000105954.nuc.ord.tre,0.321361
ENSG00000105968.nuc.ord.aln,ENSG00000105968.nuc.ord.tre,0.318788
ENSG00000105971.nuc.ord.aln,ENSG00000105971.nuc.ord.tre,0.222142
ENSG00000105974.nuc.ord.aln,ENSG00000105974.nuc.ord.tre,0.314685
ENSG00000105976.nuc.ord.aln,ENSG00000105976.nuc.ord.tre,1.601565
ENSG00000105982.nuc.ord.aln,ENSG00000105982.nuc.ord.tre,0.385917
ENSG00000105983.nuc.ord.aln,ENSG00000105983.nuc.ord.tre,0.447680
ENSG00000113369.nuc.ord.aln,ENSG00000113369.nuc.ord.tre,0.441890
ENSG00000113384.nuc.ord.aln,ENSG00000113384.nuc.ord.tre,0.366951
ENSG00000113389.nuc.ord.aln,ENSG00000113389.nuc.ord.tre,0.444424
ENSG00000113391.nuc.ord.aln,ENSG00000113391.nuc.ord.tre,0.422107
ENSG00000113441.nuc.ord.aln,ENSG00000113441.nuc.ord.tre,1.234701
ENSG00000113448.nuc.ord.aln,ENSG00000113448.nuc.ord.tre,0.956627
ENSG00000113456.nuc.ord.aln,ENSG00000113456.nuc.ord.tre,0.294056
ENSG00000113460.nuc.ord.aln,ENSG00000113460.nuc.ord.tre,0.353882
ENSG00000113492.nuc.ord.aln,ENSG00000113492.nuc.ord.tre,0.521519
ENSG00000113494.nuc.ord.aln,ENSG00000113494.nuc.ord.tre,0.569993
ENSG00000113522.nuc.ord.aln,ENSG00000113522.nuc.ord.tre,1.229549
ENSG00000113525.nuc.ord.aln,ENSG00000113525.nuc.ord.tre,0.259971
ENSG00000113532.nuc.ord.aln,ENSG00000113532.nuc.ord.tre,0.443492
ENSG00000113555.nuc.ord.aln,ENSG00000113555.nuc.ord.tre,1.127348
ENSG00000115590.nuc.ord.aln,ENSG00000115590.nuc.ord.tre,0.441352
ENSG00000115592.nuc.ord.aln,ENSG00000115592.nuc.ord.tre,0.443804
ENSG00000115593.nuc.ord.aln,ENSG00000115593.nuc.ord.tre,0.449616
ENSG00000115594.nuc.ord.aln,ENSG00000115594.nuc.ord.tre,0.538282
ENSG00000115598.nuc.ord.aln,ENSG00000115598.nuc.ord.tre,0.591711
ENSG00000115602.nuc.ord.aln,ENSG00000115602.nuc.ord.tre,0.581396
ENSG00000115604.nuc.ord.aln,ENSG00000115604.nuc.ord.tre,0.462965
ENSG00000115607.nuc.ord.aln,ENSG00000115607.nuc.ord.tre,0.573485
ENSG00000115641.nuc.ord.aln,ENSG00000115641.nuc.ord.tre,0.776539
ENSG00000115649.nuc.ord.aln,ENSG00000115649.nuc.ord.tre,0.382245
ENSG00000115652.nuc.ord.aln,ENSG00000115652.nuc.ord.tre,0.293444
ENSG00000115657.nuc.ord.aln,ENSG00000115657.nuc.ord.tre,0.788548
ENSG00000115661.nuc.ord.aln,ENSG00000115661.nuc.ord.tre,0.380213
ENSG00000115665.nuc.ord.aln,ENSG00000115665.nuc.ord.tre,0.491782
ENSG00000115677.nuc.ord.aln,ENSG00000115677.nuc.ord.tre,1.268276
ENSG00000115685.nuc.ord.aln,ENSG00000115685.nuc.ord.tre,0.391596
ENSG00000115687.nuc.ord.aln,ENSG00000115687.nuc.ord.tre,1.424610
ENSG00000115694.nuc.ord.aln,ENSG00000115694.nuc.ord.tre,0.361809
ENSG00000115705.nuc.ord.aln,ENSG00000115705.nuc.ord.tre,0.836971
ENSG00000115738.nuc.ord.aln,ENSG00000115738.nuc.ord.tre,0.329145
ENSG00000115756.nuc.ord.aln,ENSG00000115756.nuc.ord.tre,0.267368
ENSG00000115760.nuc.ord.aln,ENSG00000115760.nuc.ord.tre,16.133538
ENSG00000105989.nuc.ord.aln,ENSG00000105989.nuc.ord.tre,0.407028
ENSG00000105991.nuc.ord.aln,ENSG00000105991.nuc.ord.tre,0.321628
ENSG00000105996.nuc.ord.aln,ENSG00000105996.nuc.ord.tre,0.357823
ENSG00000105997.nuc.ord.aln,ENSG00000105997.nuc.ord.tre,0.403138
ENSG00000106006.nuc.ord.aln,ENSG00000106006.nuc.ord.tre,0.282666
ENSG00000106009.nuc.ord.aln,ENSG00000106009.nuc.ord.tre,0.703403
ENSG00000106012.nuc.ord.aln,ENSG00000106012.nuc.ord.tre,0.745805
ENSG00000106018.nuc.ord.aln,ENSG00000106018.nuc.ord.tre,0.321333
ENSG00000106025.nuc.ord.aln,ENSG00000106025.nuc.ord.tre,0.412681
ENSG00000106028.nuc.ord.aln,ENSG00000106028.nuc.ord.tre,0.315155
ENSG00000106034.nuc.ord.aln,ENSG00000106034.nuc.ord.tre,1.169284
ENSG00000106049.nuc.ord.aln,ENSG00000106049.nuc.ord.tre,0.419924
ENSG00000106052.nuc.ord.aln,ENSG00000106052.nuc.ord.tre,0.913237
ENSG00000106066.nuc.ord.aln,ENSG00000106066.nuc.ord.tre,0.481444
ENSG00000106069.nuc.ord.aln,ENSG00000106069.nuc.ord.tre,0.539079
ENSG00000106070.nuc.ord.aln,ENSG00000106070.nuc.ord.tre,0.645924
ENSG00000106077.nuc.ord.aln,ENSG00000106077.nuc.ord.tre,0.253141
ENSG00000106078.nuc.ord.aln,ENSG00000106078.nuc.ord.tre,1.650744
ENSG00000106080.nuc.ord.aln,ENSG00000106080.nuc.ord.tre,0.333272
ENSG00000106100.nuc.ord.aln,ENSG00000106100.nuc.ord.tre,0.876602
ENSG00000106105.nuc.ord.aln,ENSG00000106105.nuc.ord.tre,0.833469
ENSG00000106113.nuc.ord.aln,ENSG00000106113.nuc.ord.tre,0.439377
ENSG00000106123.nuc.ord.aln,ENSG00000106123.nuc.ord.tre,1.004137
ENSG00000106125.nuc.ord.aln,ENSG00000106125.nuc.ord.tre,0.671792
ENSG00000106128.nuc.ord.aln,ENSG00000106128.nuc.ord.tre,0.423340
ENSG00000106144.nuc.ord.aln,ENSG00000106144.nuc.ord.tre,0.452308
ENSG00000106178.nuc.ord.aln,ENSG00000106178.nuc.ord.tre,0.201086
ENSG00000106236.nuc.ord.aln,ENSG00000106236.nuc.ord.tre,0.380835
ENSG00000106244.nuc.ord.aln,ENSG00000106244.nuc.ord.tre,0.290771
ENSG00000106246.nuc.ord.aln,ENSG00000106246.nuc.ord.tre,0.803378
ENSG00000106261.nuc.ord.aln,ENSG00000106261.nuc.ord.tre,0.542290
ENSG00000106263.nuc.ord.aln,ENSG00000106263.nuc.ord.tre,1.969946
ENSG00000106266.nuc.ord.aln,ENSG00000106266.nuc.ord.tre,0.359868
ENSG00000106268.nuc.ord.aln,ENSG00000106268.nuc.ord.tre,0.248520
ENSG00000106278.nuc.ord.aln,ENSG00000106278.nuc.ord.tre,3.988621
ENSG00000106290.nuc.ord.aln,ENSG00000106290.nuc.ord.tre,0.562224
ENSG00000106299.nuc.ord.aln,ENSG00000106299.nuc.ord.tre,0.478533
ENSG00000106302.nuc.ord.aln,ENSG00000106302.nuc.ord.tre,0.387221
ENSG00000106328.nuc.ord.aln,ENSG00000106328.nuc.ord.tre,0.456014
ENSG00000106331.nuc.ord.aln,ENSG00000106331.nuc.ord.tre,0.441061
ENSG00000106333.nuc.ord.aln,ENSG00000106333.nuc.ord.tre,0.369512
ENSG00000106341.nuc.ord.aln,ENSG00000106341.nuc.ord.tre,0.334069
ENSG00000106344.nuc.ord.aln,ENSG00000106344.nuc.ord.tre,0.767527
ENSG00000106346.nuc.ord.aln,ENSG00000106346.nuc.ord.tre,1.549122
ENSG00000106348.nuc.ord.aln,ENSG00000106348.nuc.ord.tre,0.737864
ENSG00000106351.nuc.ord.aln,ENSG00000106351.nuc.ord.tre,0.515374
ENSG00000106366.nuc.ord.aln,ENSG00000106366.nuc.ord.tre,0.379515
ENSG00000106392.nuc.ord.aln,ENSG00000106392.nuc.ord.tre,0.344331
ENSG00000106397.nuc.ord.aln,ENSG00000106397.nuc.ord.tre,0.539177
ENSG00000106399.nuc.ord.aln,ENSG00000106399.nuc.ord.tre,0.220109
ENSG00000106400.nuc.ord.aln,ENSG00000106400.nuc.ord.tre,0.234297
ENSG00000106404.nuc.ord.aln,ENSG00000106404.nuc.ord.tre,0.280604
ENSG00000106410.nuc.ord.aln,ENSG00000106410.nuc.ord.tre,0.926479
ENSG00000106415.nuc.ord.aln,ENSG00000106415.nuc.ord.tre,0.465915
ENSG00000106443.nuc.ord.aln,ENSG00000106443.nuc.ord.tre,0.988318
ENSG00000112874.nuc.ord.aln,ENSG00000112874.nuc.ord.tre,0.491508
ENSG00000112877.nuc.ord.aln,ENSG00000112877.nuc.ord.tre,0.487690
ENSG00000112893.nuc.ord.aln,ENSG00000112893.nuc.ord.tre,1.322856
ENSG00000112902.nuc.ord.aln,ENSG00000112902.nuc.ord.tre,1.178173
ENSG00000112936.nuc.ord.aln,ENSG00000112936.nuc.ord.tre,0.840155
ENSG00000112941.nuc.ord.aln,ENSG00000112941.nuc.ord.tre,0.595943
ENSG00000112964.nuc.ord.aln,ENSG00000112964.nuc.ord.tre,0.549918
ENSG00000112981.nuc.ord.aln,ENSG00000112981.nuc.ord.tre,0.271712
ENSG00000112983.nuc.ord.aln,ENSG00000112983.nuc.ord.tre,1.597645
ENSG00000112984.nuc.ord.aln,ENSG00000112984.nuc.ord.tre,0.898735
ENSG00000112992.nuc.ord.aln,ENSG00000112992.nuc.ord.tre,1.259105
ENSG00000112996.nuc.ord.aln,ENSG00000112996.nuc.ord.tre,0.455022
ENSG00000113013.nuc.ord.aln,ENSG00000113013.nuc.ord.tre,0.657598
ENSG00000113048.nuc.ord.aln,ENSG00000113048.nuc.ord.tre,0.450509
ENSG00000113068.nuc.ord.aln,ENSG00000113068.nuc.ord.tre,0.228958
ENSG00000113070.nuc.ord.aln,ENSG00000113070.nuc.ord.tre,0.333388
ENSG00000113073.nuc.ord.aln,ENSG00000113073.nuc.ord.tre,1.077716
ENSG00000113083.nuc.ord.aln,ENSG00000113083.nuc.ord.tre,0.385019
ENSG00000113100.nuc.ord.aln,ENSG00000113100.nuc.ord.tre,0.652381
ENSG00000113108.nuc.ord.aln,ENSG00000113108.nuc.ord.tre,0.490554
ENSG00000113119.nuc.ord.aln,ENSG00000113119.nuc.ord.tre,0.543308
ENSG00000113140.nuc.ord.aln,ENSG00000113140.nuc.ord.tre,0.334934
ENSG00000113161.nuc.ord.aln,ENSG00000113161.nuc.ord.tre,0.818392
ENSG00000113163.nuc.ord.aln,ENSG00000113163.nuc.ord.tre,0.784796
ENSG00000113194.nuc.ord.aln,ENSG00000113194.nuc.ord.tre,0.477107
ENSG00000113196.nuc.ord.aln,ENSG00000113196.nuc.ord.tre,0.275843
ENSG00000113231.nuc.ord.aln,ENSG00000113231.nuc.ord.tre,0.874023
ENSG00000113240.nuc.ord.aln,ENSG00000113240.nuc.ord.tre,0.436598
ENSG00000113262.nuc.ord.aln,ENSG00000113262.nuc.ord.tre,3.594104
ENSG00000113263.nuc.ord.aln,ENSG00000113263.nuc.ord.tre,0.656478
ENSG00000113269.nuc.ord.aln,ENSG00000113269.nuc.ord.tre,0.401241
ENSG00000113272.nuc.ord.aln,ENSG00000113272.nuc.ord.tre,0.384825
ENSG00000113273.nuc.ord.aln,ENSG00000113273.nuc.ord.tre,0.515789
ENSG00000113282.nuc.ord.aln,ENSG00000113282.nuc.ord.tre,0.772054
ENSG00000113296.nuc.ord.aln,ENSG00000113296.nuc.ord.tre,0.895644
ENSG00000113300.nuc.ord.aln,ENSG00000113300.nuc.ord.tre,0.467466
ENSG00000113302.nuc.ord.aln,ENSG00000113302.nuc.ord.tre,0.421384
ENSG00000113312.nuc.ord.aln,ENSG00000113312.nuc.ord.tre,0.211935
ENSG00000113318.nuc.ord.aln,ENSG00000113318.nuc.ord.tre,1.219721
ENSG00000113327.nuc.ord.aln,ENSG00000113327.nuc.ord.tre,0.452614
ENSG00000113328.nuc.ord.aln,ENSG00000113328.nuc.ord.tre,0.339468
ENSG00000113356.nuc.ord.aln,ENSG00000113356.nuc.ord.tre,0.355126
ENSG00000113360.nuc.ord.aln,ENSG00000113360.nuc.ord.tre,1.626978
ENSG00000113361.nuc.ord.aln,ENSG00000113361.nuc.ord.tre,0.834885
ENSG00000113368.nuc.ord.aln,ENSG00000113368.nuc.ord.tre,0.437009
ENSG00000106459.nuc.ord.aln,ENSG00000106459.nuc.ord.tre,0.650774
ENSG00000112029.nuc.ord.aln,ENSG00000112029.nuc.ord.tre,0.429177
ENSG00000112033.nuc.ord.aln,ENSG00000112033.nuc.ord.tre,0.531452
ENSG00000112038.nuc.ord.aln,ENSG00000112038.nuc.ord.tre,0.928823
ENSG00000112039.nuc.ord.aln,ENSG00000112039.nuc.ord.tre,0.420610
ENSG00000112041.nuc.ord.aln,ENSG00000112041.nuc.ord.tre,0.455781
ENSG00000112053.nuc.ord.aln,ENSG00000112053.nuc.ord.tre,1.282448
ENSG00000112062.nuc.ord.aln,ENSG00000112062.nuc.ord.tre,0.409640
ENSG00000112077.nuc.ord.aln,ENSG00000112077.nuc.ord.tre,0.451826
ENSG00000112078.nuc.ord.aln,ENSG00000112078.nuc.ord.tre,0.439190
ENSG00000112079.nuc.ord.aln,ENSG00000112079.nuc.ord.tre,0.470094
ENSG00000112096.nuc.ord.aln,ENSG00000112096.nuc.ord.tre,0.292209
ENSG00000112116.nuc.ord.aln,ENSG00000112116.nuc.ord.tre,0.326791
ENSG00000112118.nuc.ord.aln,ENSG00000112118.nuc.ord.tre,0.709383
ENSG00000112137.nuc.ord.aln,ENSG00000112137.nuc.ord.tre,0.576279
ENSG00000112139.nuc.ord.aln,ENSG00000112139.nuc.ord.tre,1.216933
ENSG00000112144.nuc.ord.aln,ENSG00000112144.nuc.ord.tre,0.500753
ENSG00000112146.nuc.ord.aln,ENSG00000112146.nuc.ord.tre,0.728120
ENSG00000112167.nuc.ord.aln,ENSG00000112167.nuc.ord.tre,0.337477
ENSG00000112175.nuc.ord.aln,ENSG00000112175.nuc.ord.tre,0.459278
ENSG00000112182.nuc.ord.aln,ENSG00000112182.nuc.ord.tre,0.713088
ENSG00000112183.nuc.ord.aln,ENSG00000112183.nuc.ord.tre,0.372027
ENSG00000112186.nuc.ord.aln,ENSG00000112186.nuc.ord.tre,0.427942
ENSG00000112195.nuc.ord.aln,ENSG00000112195.nuc.ord.tre,0.370539
ENSG00000112200.nuc.ord.aln,ENSG00000112200.nuc.ord.tre,0.974820
ENSG00000112208.nuc.ord.aln,ENSG00000112208.nuc.ord.tre,0.319201
ENSG00000112210.nuc.ord.aln,ENSG00000112210.nuc.ord.tre,0.349097
ENSG00000112212.nuc.ord.aln,ENSG00000112212.nuc.ord.tre,0.240666
ENSG00000112214.nuc.ord.aln,ENSG00000112214.nuc.ord.tre,0.362744
ENSG00000112232.nuc.ord.aln,ENSG00000112232.nuc.ord.tre,0.358175
ENSG00000112234.nuc.ord.aln,ENSG00000112234.nuc.ord.tre,0.495685
ENSG00000112237.nuc.ord.aln,ENSG00000112237.nuc.ord.tre,0.178723
ENSG00000112238.nuc.ord.aln,ENSG00000112238.nuc.ord.tre,0.814250
ENSG00000112242.nuc.ord.aln,ENSG00000112242.nuc.ord.tre,0.616210
ENSG00000112246.nuc.ord.aln,ENSG00000112246.nuc.ord.tre,0.774968
ENSG00000112249.nuc.ord.aln,ENSG00000112249.nuc.ord.tre,3.336040
ENSG00000112276.nuc.ord.aln,ENSG00000112276.nuc.ord.tre,0.501924
ENSG00000112280.nuc.ord.aln,ENSG00000112280.nuc.ord.tre,0.996641
ENSG00000112282.nuc.ord.aln,ENSG00000112282.nuc.ord.tre,1.651693
ENSG00000112290.nuc.ord.aln,ENSG00000112290.nuc.ord.tre,0.313986
ENSG00000112293.nuc.ord.aln,ENSG00000112293.nuc.ord.tre,0.810940
ENSG00000112294.nuc.ord.aln,ENSG00000112294.nuc.ord.tre,0.467902
ENSG00000112297.nuc.ord.aln,ENSG00000112297.nuc.ord.tre,2.521466
ENSG00000112299.nuc.ord.aln,ENSG00000112299.nuc.ord.tre,0.462009
ENSG00000112304.nuc.ord.aln,ENSG00000112304.nuc.ord.tre,0.258964
ENSG00000112305.nuc.ord.aln,ENSG00000112305.nuc.ord.tre,0.366208
ENSG00000112309.nuc.ord.aln,ENSG00000112309.nuc.ord.tre,0.172484
ENSG00000112312.nuc.ord.aln,ENSG00000112312.nuc.ord.tre,0.336904
ENSG00000112319.nuc.ord.aln,ENSG00000112319.nuc.ord.tre,0.741582
ENSG00000112320.nuc.ord.aln,ENSG00000112320.nuc.ord.tre,0.918436
ENSG00000112333.nuc.ord.aln,ENSG00000112333.nuc.ord.tre,0.701029
ENSG00000112335.nuc.ord.aln,ENSG00000112335.nuc.ord.tre,0.301445
ENSG00000112339.nuc.ord.aln,ENSG00000112339.nuc.ord.tre,0.656542
ENSG00000112357.nuc.ord.aln,ENSG00000112357.nuc.ord.tre,0.383449
ENSG00000112365.nuc.ord.aln,ENSG00000112365.nuc.ord.tre,0.756093
ENSG00000112367.nuc.ord.aln,ENSG00000112367.nuc.ord.tre,0.938669
ENSG00000112378.nuc.ord.aln,ENSG00000112378.nuc.ord.tre,0.325122
ENSG00000112379.nuc.ord.aln,ENSG00000112379.nuc.ord.tre,3.721454
ENSG00000112394.nuc.ord.aln,ENSG00000112394.nuc.ord.tre,0.442301
ENSG00000112414.nuc.ord.aln,ENSG00000112414.nuc.ord.tre,1.527036
ENSG00000112419.nuc.ord.aln,ENSG00000112419.nuc.ord.tre,0.607047
ENSG00000112425.nuc.ord.aln,ENSG00000112425.nuc.ord.tre,0.532278
ENSG00000112473.nuc.ord.aln,ENSG00000112473.nuc.ord.tre,0.399710
ENSG00000112499.nuc.ord.aln,ENSG00000112499.nuc.ord.tre,0.555652
ENSG00000112514.nuc.ord.aln,ENSG00000112514.nuc.ord.tre,0.242810
ENSG00000112531.nuc.ord.aln,ENSG00000112531.nuc.ord.tre,0.504919
ENSG00000112539.nuc.ord.aln,ENSG00000112539.nuc.ord.tre,0.520925
ENSG00000112541.nuc.ord.aln,ENSG00000112541.nuc.ord.tre,0.950023
ENSG00000112559.nuc.ord.aln,ENSG00000112559.nuc.ord.tre,0.306558
ENSG00000112561.nuc.ord.aln,ENSG00000112561.nuc.ord.tre,0.454376
ENSG00000112562.nuc.ord.aln,ENSG00000112562.nuc.ord.tre,0.342212
ENSG00000112578.nuc.ord.aln,ENSG00000112578.nuc.ord.tre,0.390220
ENSG00000112599.nuc.ord.aln,ENSG00000112599.nuc.ord.tre,0.287652
ENSG00000112619.nuc.ord.aln,ENSG00000112619.nuc.ord.tre,0.374006
ENSG00000112624.nuc.ord.aln,ENSG00000112624.nuc.ord.tre,1.216622
ENSG00000112640.nuc.ord.aln,ENSG00000112640.nuc.ord.tre,0.613340
ENSG00000112651.nuc.ord.aln,ENSG00000112651.nuc.ord.tre,0.672806
ENSG00000112655.nuc.ord.aln,ENSG00000112655.nuc.ord.tre,1.048469
ENSG00000112658.nuc.ord.aln,ENSG00000112658.nuc.ord.tre,0.551729
ENSG00000112664.nuc.ord.aln,ENSG00000112664.nuc.ord.tre,0.353005
ENSG00000112667.nuc.ord.aln,ENSG00000112667.nuc.ord.tre,0.219021
ENSG00000112679.nuc.ord.aln,ENSG00000112679.nuc.ord.tre,0.350951
ENSG00000112685.nuc.ord.aln,ENSG00000112685.nuc.ord.tre,0.898710
ENSG00000112697.nuc.ord.aln,ENSG00000112697.nuc.ord.tre,0.421066
ENSG00000112699.nuc.ord.aln,ENSG00000112699.nuc.ord.tre,0.403747
ENSG00000112701.nuc.ord.aln,ENSG00000112701.nuc.ord.tre,1.316414
ENSG00000112706.nuc.ord.aln,ENSG00000112706.nuc.ord.tre,0.819518
ENSG00000112739.nuc.ord.aln,ENSG00000112739.nuc.ord.tre,1.055244
ENSG00000112742.nuc.ord.aln,ENSG00000112742.nuc.ord.tre,0.856569
ENSG00000112761.nuc.ord.aln,ENSG00000112761.nuc.ord.tre,0.416669
ENSG00000112769.nuc.ord.aln,ENSG00000112769.nuc.ord.tre,1.822990
ENSG00000112773.nuc.ord.aln,ENSG00000112773.nuc.ord.tre,0.642793
ENSG00000112782.nuc.ord.aln,ENSG00000112782.nuc.ord.tre,0.447006
ENSG00000112787.nuc.ord.aln,ENSG00000112787.nuc.ord.tre,1.574459
ENSG00000112796.nuc.ord.aln,ENSG00000112796.nuc.ord.tre,0.412370
ENSG00000112799.nuc.ord.aln,ENSG00000112799.nuc.ord.tre,0.271526
ENSG00000112818.nuc.ord.aln,ENSG00000112818.nuc.ord.tre,0.714000
ENSG00000112837.nuc.ord.aln,ENSG00000112837.nuc.ord.tre,0.551513
ENSG00000112851.nuc.ord.aln,ENSG00000112851.nuc.ord.tre,1.797710
ENSG00000112855.nuc.ord.aln,ENSG00000112855.nuc.ord.tre,0.450623
ENSG00000106460.nuc.ord.aln,ENSG00000106460.nuc.ord.tre,0.466583
ENSG00000106462.nuc.ord.aln,ENSG00000106462.nuc.ord.tre,0.566530
ENSG00000106477.nuc.ord.aln,ENSG00000106477.nuc.ord.tre,0.423715
ENSG00000106483.nuc.ord.aln,ENSG00000106483.nuc.ord.tre,0.368152
ENSG00000106484.nuc.ord.aln,ENSG00000106484.nuc.ord.tre,0.339071
ENSG00000106511.nuc.ord.aln,ENSG00000106511.nuc.ord.tre,0.293661
ENSG00000106524.nuc.ord.aln,ENSG00000106524.nuc.ord.tre,0.467173
ENSG00000106537.nuc.ord.aln,ENSG00000106537.nuc.ord.tre,0.317595
ENSG00000106541.nuc.ord.aln,ENSG00000106541.nuc.ord.tre,0.374226
ENSG00000106546.nuc.ord.aln,ENSG00000106546.nuc.ord.tre,1.022051
ENSG00000106554.nuc.ord.aln,ENSG00000106554.nuc.ord.tre,0.431289
ENSG00000106565.nuc.ord.aln,ENSG00000106565.nuc.ord.tre,0.269431
ENSG00000106571.nuc.ord.aln,ENSG00000106571.nuc.ord.tre,1.978024
ENSG00000106588.nuc.ord.aln,ENSG00000106588.nuc.ord.tre,0.328571
ENSG00000106605.nuc.ord.aln,ENSG00000106605.nuc.ord.tre,0.338535
ENSG00000106608.nuc.ord.aln,ENSG00000106608.nuc.ord.tre,0.798476
ENSG00000106609.nuc.ord.aln,ENSG00000106609.nuc.ord.tre,0.346818
ENSG00000106615.nuc.ord.aln,ENSG00000106615.nuc.ord.tre,0.356429
ENSG00000106617.nuc.ord.aln,ENSG00000106617.nuc.ord.tre,0.435058
ENSG00000106628.nuc.ord.aln,ENSG00000106628.nuc.ord.tre,0.421649
ENSG00000106631.nuc.ord.aln,ENSG00000106631.nuc.ord.tre,0.251541
ENSG00000106633.nuc.ord.aln,ENSG00000106633.nuc.ord.tre,0.685360
ENSG00000106635.nuc.ord.aln,ENSG00000106635.nuc.ord.tre,0.354942
ENSG00000106636.nuc.ord.aln,ENSG00000106636.nuc.ord.tre,0.307165
ENSG00000106638.nuc.ord.aln,ENSG00000106638.nuc.ord.tre,0.402596
ENSG00000106648.nuc.ord.aln,ENSG00000106648.nuc.ord.tre,0.456723
ENSG00000106665.nuc.ord.aln,ENSG00000106665.nuc.ord.tre,0.993540
ENSG00000106682.nuc.ord.aln,ENSG00000106682.nuc.ord.tre,0.316255
ENSG00000106683.nuc.ord.aln,ENSG00000106683.nuc.ord.tre,0.598296
ENSG00000106686.nuc.ord.aln,ENSG00000106686.nuc.ord.tre,0.463190
ENSG00000106688.nuc.ord.aln,ENSG00000106688.nuc.ord.tre,0.491346
ENSG00000106692.nuc.ord.aln,ENSG00000106692.nuc.ord.tre,0.459404
ENSG00000106701.nuc.ord.aln,ENSG00000106701.nuc.ord.tre,0.426276
ENSG00000106733.nuc.ord.aln,ENSG00000106733.nuc.ord.tre,0.373014
ENSG00000106771.nuc.ord.aln,ENSG00000106771.nuc.ord.tre,1.164345
ENSG00000106772.nuc.ord.aln,ENSG00000106772.nuc.ord.tre,6.611541
ENSG00000111445.nuc.ord.aln,ENSG00000111445.nuc.ord.tre,0.382188
ENSG00000111452.nuc.ord.aln,ENSG00000111452.nuc.ord.tre,0.761403
ENSG00000111490.nuc.ord.aln,ENSG00000111490.nuc.ord.tre,1.118706
ENSG00000111530.nuc.ord.aln,ENSG00000111530.nuc.ord.tre,1.301655
ENSG00000111537.nuc.ord.aln,ENSG00000111537.nuc.ord.tre,0.295788
ENSG00000111540.nuc.ord.aln,ENSG00000111540.nuc.ord.tre,0.402242
ENSG00000111554.nuc.ord.aln,ENSG00000111554.nuc.ord.tre,0.690996
ENSG00000111581.nuc.ord.aln,ENSG00000111581.nuc.ord.tre,0.969725
ENSG00000111596.nuc.ord.aln,ENSG00000111596.nuc.ord.tre,0.506435
ENSG00000111602.nuc.ord.aln,ENSG00000111602.nuc.ord.tre,1.461179
ENSG00000111605.nuc.ord.aln,ENSG00000111605.nuc.ord.tre,0.454157
ENSG00000111615.nuc.ord.aln,ENSG00000111615.nuc.ord.tre,0.400107
ENSG00000111639.nuc.ord.aln,ENSG00000111639.nuc.ord.tre,0.220992
ENSG00000111641.nuc.ord.aln,ENSG00000111641.nuc.ord.tre,0.998695
ENSG00000111642.nuc.ord.aln,ENSG00000111642.nuc.ord.tre,3.539981
ENSG00000111644.nuc.ord.aln,ENSG00000111644.nuc.ord.tre,0.399279
ENSG00000111647.nuc.ord.aln,ENSG00000111647.nuc.ord.tre,1.660525
ENSG00000111652.nuc.ord.aln,ENSG00000111652.nuc.ord.tre,0.323462
ENSG00000111664.nuc.ord.aln,ENSG00000111664.nuc.ord.tre,0.332113
ENSG00000111665.nuc.ord.aln,ENSG00000111665.nuc.ord.tre,0.311411
ENSG00000111666.nuc.ord.aln,ENSG00000111666.nuc.ord.tre,0.406693
ENSG00000111667.nuc.ord.aln,ENSG00000111667.nuc.ord.tre,0.941059
ENSG00000111669.nuc.ord.aln,ENSG00000111669.nuc.ord.tre,0.298663
ENSG00000111670.nuc.ord.aln,ENSG00000111670.nuc.ord.tre,1.404452
ENSG00000111674.nuc.ord.aln,ENSG00000111674.nuc.ord.tre,0.384127
ENSG00000111676.nuc.ord.aln,ENSG00000111676.nuc.ord.tre,1.225330
ENSG00000111678.nuc.ord.aln,ENSG00000111678.nuc.ord.tre,0.194104
ENSG00000111684.nuc.ord.aln,ENSG00000111684.nuc.ord.tre,0.432784
ENSG00000111696.nuc.ord.aln,ENSG00000111696.nuc.ord.tre,0.522789
ENSG00000111701.nuc.ord.aln,ENSG00000111701.nuc.ord.tre,0.253430
ENSG00000111707.nuc.ord.aln,ENSG00000111707.nuc.ord.tre,0.395006
ENSG00000111713.nuc.ord.aln,ENSG00000111713.nuc.ord.tre,0.590808
ENSG00000111725.nuc.ord.aln,ENSG00000111725.nuc.ord.tre,0.375766
ENSG00000111727.nuc.ord.aln,ENSG00000111727.nuc.ord.tre,0.746136
ENSG00000111728.nuc.ord.aln,ENSG00000111728.nuc.ord.tre,0.375778
ENSG00000111731.nuc.ord.aln,ENSG00000111731.nuc.ord.tre,1.233824
ENSG00000111732.nuc.ord.aln,ENSG00000111732.nuc.ord.tre,0.293288
ENSG00000111780.nuc.ord.aln,ENSG00000111780.nuc.ord.tre,0.248468
ENSG00000111783.nuc.ord.aln,ENSG00000111783.nuc.ord.tre,0.768183
ENSG00000111785.nuc.ord.aln,ENSG00000111785.nuc.ord.tre,0.535137
ENSG00000111786.nuc.ord.aln,ENSG00000111786.nuc.ord.tre,0.329165
ENSG00000111790.nuc.ord.aln,ENSG00000111790.nuc.ord.tre,0.324585
ENSG00000111799.nuc.ord.aln,ENSG00000111799.nuc.ord.tre,6.300584
ENSG00000111802.nuc.ord.aln,ENSG00000111802.nuc.ord.tre,0.444297
ENSG00000111816.nuc.ord.aln,ENSG00000111816.nuc.ord.tre,0.404851
ENSG00000111817.nuc.ord.aln,ENSG00000111817.nuc.ord.tre,0.911526
ENSG00000111834.nuc.ord.aln,ENSG00000111834.nuc.ord.tre,0.616488
ENSG00000111845.nuc.ord.aln,ENSG00000111845.nuc.ord.tre,0.356547
ENSG00000111859.nuc.ord.aln,ENSG00000111859.nuc.ord.tre,0.996800
ENSG00000111860.nuc.ord.aln,ENSG00000111860.nuc.ord.tre,0.774577
ENSG00000111863.nuc.ord.aln,ENSG00000111863.nuc.ord.tre,0.524492
ENSG00000111875.nuc.ord.aln,ENSG00000111875.nuc.ord.tre,0.356022
ENSG00000111879.nuc.ord.aln,ENSG00000111879.nuc.ord.tre,1.235395
ENSG00000111880.nuc.ord.aln,ENSG00000111880.nuc.ord.tre,0.532789
ENSG00000111885.nuc.ord.aln,ENSG00000111885.nuc.ord.tre,0.631608
ENSG00000111886.nuc.ord.aln,ENSG00000111886.nuc.ord.tre,0.444908
ENSG00000111897.nuc.ord.aln,ENSG00000111897.nuc.ord.tre,0.384579
ENSG00000111906.nuc.ord.aln,ENSG00000111906.nuc.ord.tre,0.347177
ENSG00000111907.nuc.ord.aln,ENSG00000111907.nuc.ord.tre,0.335435
ENSG00000111911.nuc.ord.aln,ENSG00000111911.nuc.ord.tre,0.307046
ENSG00000111912.nuc.ord.aln,ENSG00000111912.nuc.ord.tre,1.011634
ENSG00000111913.nuc.ord.aln,ENSG00000111913.nuc.ord.tre,1.759057
ENSG00000111961.nuc.ord.aln,ENSG00000111961.nuc.ord.tre,1.369062
ENSG00000111962.nuc.ord.aln,ENSG00000111962.nuc.ord.tre,0.491401
ENSG00000106780.nuc.ord.aln,ENSG00000106780.nuc.ord.tre,0.784434
ENSG00000106785.nuc.ord.aln,ENSG00000106785.nuc.ord.tre,0.410106
ENSG00000106789.nuc.ord.aln,ENSG00000106789.nuc.ord.tre,0.415731
ENSG00000106799.nuc.ord.aln,ENSG00000106799.nuc.ord.tre,0.517829
ENSG00000106804.nuc.ord.aln,ENSG00000106804.nuc.ord.tre,2.088656
ENSG00000106809.nuc.ord.aln,ENSG00000106809.nuc.ord.tre,0.351348
ENSG00000106819.nuc.ord.aln,ENSG00000106819.nuc.ord.tre,0.411312
ENSG00000106823.nuc.ord.aln,ENSG00000106823.nuc.ord.tre,0.651959
ENSG00000106829.nuc.ord.aln,ENSG00000106829.nuc.ord.tre,0.879607
ENSG00000106852.nuc.ord.aln,ENSG00000106852.nuc.ord.tre,0.414243
ENSG00000106868.nuc.ord.aln,ENSG00000106868.nuc.ord.tre,0.816099
ENSG00000106927.nuc.ord.aln,ENSG00000106927.nuc.ord.tre,0.348894
ENSG00000106948.nuc.ord.aln,ENSG00000106948.nuc.ord.tre,1.340702
ENSG00000106952.nuc.ord.aln,ENSG00000106952.nuc.ord.tre,0.334093
ENSG00000106991.nuc.ord.aln,ENSG00000106991.nuc.ord.tre,0.627975
ENSG00000106993.nuc.ord.aln,ENSG00000106993.nuc.ord.tre,0.410016
ENSG00000107020.nuc.ord.aln,ENSG00000107020.nuc.ord.tre,0.273792
ENSG00000107021.nuc.ord.aln,ENSG00000107021.nuc.ord.tre,0.407084
ENSG00000107036.nuc.ord.aln,ENSG00000107036.nuc.ord.tre,1.576418
ENSG00000107077.nuc.ord.aln,ENSG00000107077.nuc.ord.tre,1.178003
ENSG00000107099.nuc.ord.aln,ENSG00000107099.nuc.ord.tre,3.045006
ENSG00000107104.nuc.ord.aln,ENSG00000107104.nuc.ord.tre,1.345797
ENSG00000107105.nuc.ord.aln,ENSG00000107105.nuc.ord.tre,0.420629
ENSG00000107140.nuc.ord.aln,ENSG00000107140.nuc.ord.tre,0.501406
ENSG00000107159.nuc.ord.aln,ENSG00000107159.nuc.ord.tre,0.404253
ENSG00000107164.nuc.ord.aln,ENSG00000107164.nuc.ord.tre,0.806681
ENSG00000107165.nuc.ord.aln,ENSG00000107165.nuc.ord.tre,0.567969
ENSG00000107185.nuc.ord.aln,ENSG00000107185.nuc.ord.tre,0.445435
ENSG00000107186.nuc.ord.aln,ENSG00000107186.nuc.ord.tre,3.384285
ENSG00000107201.nuc.ord.aln,ENSG00000107201.nuc.ord.tre,0.735916
ENSG00000107242.nuc.ord.aln,ENSG00000107242.nuc.ord.tre,0.578588
ENSG00000107249.nuc.ord.aln,ENSG00000107249.nuc.ord.tre,0.605454
ENSG00000107262.nuc.ord.aln,ENSG00000107262.nuc.ord.tre,0.392048
ENSG00000107263.nuc.ord.aln,ENSG00000107263.nuc.ord.tre,1.256701
ENSG00000107282.nuc.ord.aln,ENSG00000107282.nuc.ord.tre,0.957222
ENSG00000107290.nuc.ord.aln,ENSG00000107290.nuc.ord.tre,5.021347
ENSG00000107295.nuc.ord.aln,ENSG00000107295.nuc.ord.tre,0.401049
ENSG00000107338.nuc.ord.aln,ENSG00000107338.nuc.ord.tre,0.399320
ENSG00000107341.nuc.ord.aln,ENSG00000107341.nuc.ord.tre,0.315573
ENSG00000107362.nuc.ord.aln,ENSG00000107362.nuc.ord.tre,0.335528
ENSG00000107371.nuc.ord.aln,ENSG00000107371.nuc.ord.tre,0.359043
ENSG00000107372.nuc.ord.aln,ENSG00000107372.nuc.ord.tre,0.458430
ENSG00000107438.nuc.ord.aln,ENSG00000107438.nuc.ord.tre,0.403501
ENSG00000107443.nuc.ord.aln,ENSG00000107443.nuc.ord.tre,0.420510
ENSG00000107447.nuc.ord.aln,ENSG00000107447.nuc.ord.tre,0.508967
ENSG00000107485.nuc.ord.aln,ENSG00000107485.nuc.ord.tre,0.400485
ENSG00000107518.nuc.ord.aln,ENSG00000107518.nuc.ord.tre,1.591325
ENSG00000107537.nuc.ord.aln,ENSG00000107537.nuc.ord.tre,0.338511
ENSG00000107551.nuc.ord.aln,ENSG00000107551.nuc.ord.tre,0.491297
ENSG00000107554.nuc.ord.aln,ENSG00000107554.nuc.ord.tre,2.025902
ENSG00000107560.nuc.ord.aln,ENSG00000107560.nuc.ord.tre,0.509493
ENSG00000107562.nuc.ord.aln,ENSG00000107562.nuc.ord.tre,0.349821
ENSG00000107566.nuc.ord.aln,ENSG00000107566.nuc.ord.tre,0.303317
ENSG00000107581.nuc.ord.aln,ENSG00000107581.nuc.ord.tre,1.756097
ENSG00000107593.nuc.ord.aln,ENSG00000107593.nuc.ord.tre,0.950001
ENSG00000107611.nuc.ord.aln,ENSG00000107611.nuc.ord.tre,7.580191
ENSG00000107614.nuc.ord.aln,ENSG00000107614.nuc.ord.tre,0.416835
ENSG00000107625.nuc.ord.aln,ENSG00000107625.nuc.ord.tre,0.680580
ENSG00000107643.nuc.ord.aln,ENSG00000107643.nuc.ord.tre,0.406696
ENSG00000107651.nuc.ord.aln,ENSG00000107651.nuc.ord.tre,1.048297
ENSG00000107669.nuc.ord.aln,ENSG00000107669.nuc.ord.tre,0.499036
ENSG00000107672.nuc.ord.aln,ENSG00000107672.nuc.ord.tre,0.420969
ENSG00000107679.nuc.ord.aln,ENSG00000107679.nuc.ord.tre,0.597787
ENSG00000107731.nuc.ord.aln,ENSG00000107731.nuc.ord.tre,0.928067
ENSG00000107736.nuc.ord.aln,ENSG00000107736.nuc.ord.tre,6.954349
ENSG00000107738.nuc.ord.aln,ENSG00000107738.nuc.ord.tre,0.409542
ENSG00000107742.nuc.ord.aln,ENSG00000107742.nuc.ord.tre,0.387339
ENSG00000107745.nuc.ord.aln,ENSG00000107745.nuc.ord.tre,0.443141
ENSG00000107758.nuc.ord.aln,ENSG00000107758.nuc.ord.tre,0.579046
ENSG00000107779.nuc.ord.aln,ENSG00000107779.nuc.ord.tre,0.378253
ENSG00000107789.nuc.ord.aln,ENSG00000107789.nuc.ord.tre,0.471650
ENSG00000107798.nuc.ord.aln,ENSG00000107798.nuc.ord.tre,0.421839
ENSG00000107815.nuc.ord.aln,ENSG00000107815.nuc.ord.tre,0.495090
ENSG00000107816.nuc.ord.aln,ENSG00000107816.nuc.ord.tre,0.535492
ENSG00000107819.nuc.ord.aln,ENSG00000107819.nuc.ord.tre,0.331462
ENSG00000107829.nuc.ord.aln,ENSG00000107829.nuc.ord.tre,0.385720
ENSG00000107833.nuc.ord.aln,ENSG00000107833.nuc.ord.tre,0.233205
ENSG00000107854.nuc.ord.aln,ENSG00000107854.nuc.ord.tre,1.466253
ENSG00000107862.nuc.ord.aln,ENSG00000107862.nuc.ord.tre,2.548160
ENSG00000107863.nuc.ord.aln,ENSG00000107863.nuc.ord.tre,2.825342
ENSG00000107864.nuc.ord.aln,ENSG00000107864.nuc.ord.tre,0.626392
ENSG00000107872.nuc.ord.aln,ENSG00000107872.nuc.ord.tre,0.314484
ENSG00000107874.nuc.ord.aln,ENSG00000107874.nuc.ord.tre,0.277672
ENSG00000107882.nuc.ord.aln,ENSG00000107882.nuc.ord.tre,0.472996
ENSG00000107897.nuc.ord.aln,ENSG00000107897.nuc.ord.tre,0.510639
ENSG00000107902.nuc.ord.aln,ENSG00000107902.nuc.ord.tre,0.422621
ENSG00000107929.nuc.ord.aln,ENSG00000107929.nuc.ord.tre,0.741888
ENSG00000107937.nuc.ord.aln,ENSG00000107937.nuc.ord.tre,0.618528
ENSG00000107938.nuc.ord.aln,ENSG00000107938.nuc.ord.tre,1.453194
ENSG00000107949.nuc.ord.aln,ENSG00000107949.nuc.ord.tre,0.382563
ENSG00000107951.nuc.ord.aln,ENSG00000107951.nuc.ord.tre,0.594039
ENSG00000107957.nuc.ord.aln,ENSG00000107957.nuc.ord.tre,1.060280
ENSG00000107959.nuc.ord.aln,ENSG00000107959.nuc.ord.tre,0.988235
ENSG00000111348.nuc.ord.aln,ENSG00000111348.nuc.ord.tre,0.295147
ENSG00000111361.nuc.ord.aln,ENSG00000111361.nuc.ord.tre,0.366189
ENSG00000111364.nuc.ord.aln,ENSG00000111364.nuc.ord.tre,0.646161
ENSG00000111371.nuc.ord.aln,ENSG00000111371.nuc.ord.tre,0.691302
ENSG00000111405.nuc.ord.aln,ENSG00000111405.nuc.ord.tre,0.438772
ENSG00000111412.nuc.ord.aln,ENSG00000111412.nuc.ord.tre,0.277325
ENSG00000111432.nuc.ord.aln,ENSG00000111432.nuc.ord.tre,0.220937
ENSG00000107960.nuc.ord.aln,ENSG00000107960.nuc.ord.tre,0.454931
ENSG00000107984.nuc.ord.aln,ENSG00000107984.nuc.ord.tre,0.442794
ENSG00000108001.nuc.ord.aln,ENSG00000108001.nuc.ord.tre,0.456455
ENSG00000110148.nuc.ord.aln,ENSG00000110148.nuc.ord.tre,0.676677
ENSG00000110172.nuc.ord.aln,ENSG00000110172.nuc.ord.tre,0.413728
ENSG00000110218.nuc.ord.aln,ENSG00000110218.nuc.ord.tre,0.446975
ENSG00000110243.nuc.ord.aln,ENSG00000110243.nuc.ord.tre,0.294358
ENSG00000110244.nuc.ord.aln,ENSG00000110244.nuc.ord.tre,0.310975
ENSG00000110274.nuc.ord.aln,ENSG00000110274.nuc.ord.tre,1.660300
ENSG00000110315.nuc.ord.aln,ENSG00000110315.nuc.ord.tre,0.362229
ENSG00000110318.nuc.ord.aln,ENSG00000110318.nuc.ord.tre,1.198244
ENSG00000110321.nuc.ord.aln,ENSG00000110321.nuc.ord.tre,0.972311
ENSG00000110324.nuc.ord.aln,ENSG00000110324.nuc.ord.tre,0.563432
ENSG00000110328.nuc.ord.aln,ENSG00000110328.nuc.ord.tre,0.598237
ENSG00000110344.nuc.ord.aln,ENSG00000110344.nuc.ord.tre,1.161725
ENSG00000110347.nuc.ord.aln,ENSG00000110347.nuc.ord.tre,0.465312
ENSG00000110367.nuc.ord.aln,ENSG00000110367.nuc.ord.tre,0.492807
ENSG00000110375.nuc.ord.aln,ENSG00000110375.nuc.ord.tre,0.290585
ENSG00000110395.nuc.ord.aln,ENSG00000110395.nuc.ord.tre,0.867341
ENSG00000110400.nuc.ord.aln,ENSG00000110400.nuc.ord.tre,0.441734
ENSG00000110422.nuc.ord.aln,ENSG00000110422.nuc.ord.tre,1.321410
ENSG00000110427.nuc.ord.aln,ENSG00000110427.nuc.ord.tre,2.888401
ENSG00000110429.nuc.ord.aln,ENSG00000110429.nuc.ord.tre,0.438299
ENSG00000110435.nuc.ord.aln,ENSG00000110435.nuc.ord.tre,0.832824
ENSG00000110436.nuc.ord.aln,ENSG00000110436.nuc.ord.tre,0.496167
ENSG00000110442.nuc.ord.aln,ENSG00000110442.nuc.ord.tre,0.245033
ENSG00000110448.nuc.ord.aln,ENSG00000110448.nuc.ord.tre,0.406815
ENSG00000110455.nuc.ord.aln,ENSG00000110455.nuc.ord.tre,0.510504
ENSG00000110497.nuc.ord.aln,ENSG00000110497.nuc.ord.tre,1.656106
ENSG00000110514.nuc.ord.aln,ENSG00000110514.nuc.ord.tre,2.110184
ENSG00000110536.nuc.ord.aln,ENSG00000110536.nuc.ord.tre,0.277172
ENSG00000110583.nuc.ord.aln,ENSG00000110583.nuc.ord.tre,0.348299
ENSG00000110660.nuc.ord.aln,ENSG00000110660.nuc.ord.tre,0.415745
ENSG00000110675.nuc.ord.aln,ENSG00000110675.nuc.ord.tre,0.460819
ENSG00000110711.nuc.ord.aln,ENSG00000110711.nuc.ord.tre,0.343479
ENSG00000110713.nuc.ord.aln,ENSG00000110713.nuc.ord.tre,2.551613
ENSG00000110719.nuc.ord.aln,ENSG00000110719.nuc.ord.tre,0.689384
ENSG00000110721.nuc.ord.aln,ENSG00000110721.nuc.ord.tre,0.408672
ENSG00000110723.nuc.ord.aln,ENSG00000110723.nuc.ord.tre,3.421339
ENSG00000110756.nuc.ord.aln,ENSG00000110756.nuc.ord.tre,1.018233
ENSG00000110768.nuc.ord.aln,ENSG00000110768.nuc.ord.tre,0.516081
ENSG00000110777.nuc.ord.aln,ENSG00000110777.nuc.ord.tre,0.315047
ENSG00000110786.nuc.ord.aln,ENSG00000110786.nuc.ord.tre,0.428074
ENSG00000110799.nuc.ord.aln,ENSG00000110799.nuc.ord.tre,5.189375
ENSG00000110801.nuc.ord.aln,ENSG00000110801.nuc.ord.tre,0.404282
ENSG00000110811.nuc.ord.aln,ENSG00000110811.nuc.ord.tre,0.809005
ENSG00000110841.nuc.ord.aln,ENSG00000110841.nuc.ord.tre,0.998895
ENSG00000110844.nuc.ord.aln,ENSG00000110844.nuc.ord.tre,0.975371
ENSG00000110848.nuc.ord.aln,ENSG00000110848.nuc.ord.tre,0.330698
ENSG00000110851.nuc.ord.aln,ENSG00000110851.nuc.ord.tre,0.751062
ENSG00000110871.nuc.ord.aln,ENSG00000110871.nuc.ord.tre,0.426806
ENSG00000110880.nuc.ord.aln,ENSG00000110880.nuc.ord.tre,0.479061
ENSG00000110887.nuc.ord.aln,ENSG00000110887.nuc.ord.tre,0.365017
ENSG00000110888.nuc.ord.aln,ENSG00000110888.nuc.ord.tre,1.265900
ENSG00000110906.nuc.ord.aln,ENSG00000110906.nuc.ord.tre,0.343243
ENSG00000110911.nuc.ord.aln,ENSG00000110911.nuc.ord.tre,0.524292
ENSG00000110917.nuc.ord.aln,ENSG00000110917.nuc.ord.tre,0.361055
ENSG00000110921.nuc.ord.aln,ENSG00000110921.nuc.ord.tre,0.405339
ENSG00000110925.nuc.ord.aln,ENSG00000110925.nuc.ord.tre,0.395757
ENSG00000110944.nuc.ord.aln,ENSG00000110944.nuc.ord.tre,0.320421
ENSG00000110958.nuc.ord.aln,ENSG00000110958.nuc.ord.tre,0.314894
ENSG00000110975.nuc.ord.aln,ENSG00000110975.nuc.ord.tre,0.404095
ENSG00000110987.nuc.ord.aln,ENSG00000110987.nuc.ord.tre,0.370775
ENSG00000111011.nuc.ord.aln,ENSG00000111011.nuc.ord.tre,0.282295
ENSG00000111046.nuc.ord.aln,ENSG00000111046.nuc.ord.tre,0.367565
ENSG00000111049.nuc.ord.aln,ENSG00000111049.nuc.ord.tre,0.364436
ENSG00000111052.nuc.ord.aln,ENSG00000111052.nuc.ord.tre,0.308639
ENSG00000111110.nuc.ord.aln,ENSG00000111110.nuc.ord.tre,0.439598
ENSG00000111142.nuc.ord.aln,ENSG00000111142.nuc.ord.tre,0.457307
ENSG00000111144.nuc.ord.aln,ENSG00000111144.nuc.ord.tre,0.530049
ENSG00000111145.nuc.ord.aln,ENSG00000111145.nuc.ord.tre,0.445129
ENSG00000111181.nuc.ord.aln,ENSG00000111181.nuc.ord.tre,0.449291
ENSG00000111186.nuc.ord.aln,ENSG00000111186.nuc.ord.tre,0.383643
ENSG00000111199.nuc.ord.aln,ENSG00000111199.nuc.ord.tre,1.062540
ENSG00000111203.nuc.ord.aln,ENSG00000111203.nuc.ord.tre,0.402181
ENSG00000111206.nuc.ord.aln,ENSG00000111206.nuc.ord.tre,0.777339
ENSG00000111218.nuc.ord.aln,ENSG00000111218.nuc.ord.tre,0.518146
ENSG00000111224.nuc.ord.aln,ENSG00000111224.nuc.ord.tre,0.375575
ENSG00000111229.nuc.ord.aln,ENSG00000111229.nuc.ord.tre,0.245297
ENSG00000111231.nuc.ord.aln,ENSG00000111231.nuc.ord.tre,0.395119
ENSG00000111237.nuc.ord.aln,ENSG00000111237.nuc.ord.tre,0.320817
ENSG00000111241.nuc.ord.aln,ENSG00000111241.nuc.ord.tre,0.295150
ENSG00000111245.nuc.ord.aln,ENSG00000111245.nuc.ord.tre,0.299454
ENSG00000111247.nuc.ord.aln,ENSG00000111247.nuc.ord.tre,0.340615
ENSG00000111252.nuc.ord.aln,ENSG00000111252.nuc.ord.tre,0.535062
ENSG00000111254.nuc.ord.aln,ENSG00000111254.nuc.ord.tre,0.738977
ENSG00000111261.nuc.ord.aln,ENSG00000111261.nuc.ord.tre,0.355755
ENSG00000111262.nuc.ord.aln,ENSG00000111262.nuc.ord.tre,0.276779
ENSG00000111269.nuc.ord.aln,ENSG00000111269.nuc.ord.tre,0.268079
ENSG00000111275.nuc.ord.aln,ENSG00000111275.nuc.ord.tre,0.460242
ENSG00000111276.nuc.ord.aln,ENSG00000111276.nuc.ord.tre,0.308847
ENSG00000111291.nuc.ord.aln,ENSG00000111291.nuc.ord.tre,0.390078
ENSG00000111300.nuc.ord.aln,ENSG00000111300.nuc.ord.tre,0.997937
ENSG00000111305.nuc.ord.aln,ENSG00000111305.nuc.ord.tre,0.403566
ENSG00000111319.nuc.ord.aln,ENSG00000111319.nuc.ord.tre,0.648435
ENSG00000111321.nuc.ord.aln,ENSG00000111321.nuc.ord.tre,0.439275
ENSG00000111325.nuc.ord.aln,ENSG00000111325.nuc.ord.tre,0.351920
ENSG00000111335.nuc.ord.aln,ENSG00000111335.nuc.ord.tre,0.541403
ENSG00000111341.nuc.ord.aln,ENSG00000111341.nuc.ord.tre,0.235569
ENSG00000111344.nuc.ord.aln,ENSG00000111344.nuc.ord.tre,0.807585
ENSG00000108010.nuc.ord.aln,ENSG00000108010.nuc.ord.tre,0.310719
ENSG00000108018.nuc.ord.aln,ENSG00000108018.nuc.ord.tre,1.549725
ENSG00000108021.nuc.ord.aln,ENSG00000108021.nuc.ord.tre,3.922455
ENSG00000108039.nuc.ord.aln,ENSG00000108039.nuc.ord.tre,0.602666
ENSG00000108055.nuc.ord.aln,ENSG00000108055.nuc.ord.tre,1.249569
ENSG00000108061.nuc.ord.aln,ENSG00000108061.nuc.ord.tre,0.542177
ENSG00000108064.nuc.ord.aln,ENSG00000108064.nuc.ord.tre,0.346900
ENSG00000108091.nuc.ord.aln,ENSG00000108091.nuc.ord.tre,0.624679
ENSG00000108094.nuc.ord.aln,ENSG00000108094.nuc.ord.tre,0.422947
ENSG00000108100.nuc.ord.aln,ENSG00000108100.nuc.ord.tre,0.404625
ENSG00000108106.nuc.ord.aln,ENSG00000108106.nuc.ord.tre,0.306916
ENSG00000108176.nuc.ord.aln,ENSG00000108176.nuc.ord.tre,0.336280
ENSG00000108179.nuc.ord.aln,ENSG00000108179.nuc.ord.tre,0.423709
ENSG00000108219.nuc.ord.aln,ENSG00000108219.nuc.ord.tre,0.229312
ENSG00000108231.nuc.ord.aln,ENSG00000108231.nuc.ord.tre,0.518450
ENSG00000108239.nuc.ord.aln,ENSG00000108239.nuc.ord.tre,0.789941
ENSG00000108244.nuc.ord.aln,ENSG00000108244.nuc.ord.tre,0.397444
ENSG00000108255.nuc.ord.aln,ENSG00000108255.nuc.ord.tre,0.245789
ENSG00000108256.nuc.ord.aln,ENSG00000108256.nuc.ord.tre,0.647363
ENSG00000108262.nuc.ord.aln,ENSG00000108262.nuc.ord.tre,0.600080
ENSG00000108264.nuc.ord.aln,ENSG00000108264.nuc.ord.tre,0.438648
ENSG00000108270.nuc.ord.aln,ENSG00000108270.nuc.ord.tre,0.576144
ENSG00000108272.nuc.ord.aln,ENSG00000108272.nuc.ord.tre,0.345300
ENSG00000108278.nuc.ord.aln,ENSG00000108278.nuc.ord.tre,0.332744
ENSG00000108292.nuc.ord.aln,ENSG00000108292.nuc.ord.tre,1.252928
ENSG00000108306.nuc.ord.aln,ENSG00000108306.nuc.ord.tre,0.442062
ENSG00000108312.nuc.ord.aln,ENSG00000108312.nuc.ord.tre,0.447989
ENSG00000108342.nuc.ord.aln,ENSG00000108342.nuc.ord.tre,0.297558
ENSG00000108349.nuc.ord.aln,ENSG00000108349.nuc.ord.tre,0.648941
ENSG00000108352.nuc.ord.aln,ENSG00000108352.nuc.ord.tre,0.680591
ENSG00000108370.nuc.ord.aln,ENSG00000108370.nuc.ord.tre,0.609234
ENSG00000108375.nuc.ord.aln,ENSG00000108375.nuc.ord.tre,0.755775
ENSG00000108381.nuc.ord.aln,ENSG00000108381.nuc.ord.tre,0.406597
ENSG00000108384.nuc.ord.aln,ENSG00000108384.nuc.ord.tre,0.402929
ENSG00000108389.nuc.ord.aln,ENSG00000108389.nuc.ord.tre,1.288719
ENSG00000108395.nuc.ord.aln,ENSG00000108395.nuc.ord.tre,0.983460
ENSG00000108405.nuc.ord.aln,ENSG00000108405.nuc.ord.tre,0.360167
ENSG00000108406.nuc.ord.aln,ENSG00000108406.nuc.ord.tre,0.680006
ENSG00000108423.nuc.ord.aln,ENSG00000108423.nuc.ord.tre,0.491261
ENSG00000108424.nuc.ord.aln,ENSG00000108424.nuc.ord.tre,0.836730
ENSG00000108433.nuc.ord.aln,ENSG00000108433.nuc.ord.tre,0.361946
ENSG00000108439.nuc.ord.aln,ENSG00000108439.nuc.ord.tre,0.336164
ENSG00000108443.nuc.ord.aln,ENSG00000108443.nuc.ord.tre,0.330579
ENSG00000108465.nuc.ord.aln,ENSG00000108465.nuc.ord.tre,0.427063
ENSG00000108469.nuc.ord.aln,ENSG00000108469.nuc.ord.tre,1.058127
ENSG00000108474.nuc.ord.aln,ENSG00000108474.nuc.ord.tre,0.368379
ENSG00000108479.nuc.ord.aln,ENSG00000108479.nuc.ord.tre,1.218225
ENSG00000108504.nuc.ord.aln,ENSG00000108504.nuc.ord.tre,0.276335
ENSG00000108506.nuc.ord.aln,ENSG00000108506.nuc.ord.tre,1.313653
ENSG00000108510.nuc.ord.aln,ENSG00000108510.nuc.ord.tre,2.727399
ENSG00000108511.nuc.ord.aln,ENSG00000108511.nuc.ord.tre,0.308611
ENSG00000108515.nuc.ord.aln,ENSG00000108515.nuc.ord.tre,0.287524
ENSG00000108528.nuc.ord.aln,ENSG00000108528.nuc.ord.tre,0.334523
ENSG00000108551.nuc.ord.aln,ENSG00000108551.nuc.ord.tre,0.287744
ENSG00000108559.nuc.ord.aln,ENSG00000108559.nuc.ord.tre,0.583531
ENSG00000108561.nuc.ord.aln,ENSG00000108561.nuc.ord.tre,0.338890
ENSG00000108578.nuc.ord.aln,ENSG00000108578.nuc.ord.tre,0.507997
ENSG00000108582.nuc.ord.aln,ENSG00000108582.nuc.ord.tre,1.571227
ENSG00000108587.nuc.ord.aln,ENSG00000108587.nuc.ord.tre,0.367482
ENSG00000108588.nuc.ord.aln,ENSG00000108588.nuc.ord.tre,0.572879
ENSG00000108590.nuc.ord.aln,ENSG00000108590.nuc.ord.tre,0.240990
ENSG00000108591.nuc.ord.aln,ENSG00000108591.nuc.ord.tre,0.334162
ENSG00000108592.nuc.ord.aln,ENSG00000108592.nuc.ord.tre,0.615252
ENSG00000108599.nuc.ord.aln,ENSG00000108599.nuc.ord.tre,0.536854
ENSG00000108604.nuc.ord.aln,ENSG00000108604.nuc.ord.tre,0.471486
ENSG00000108622.nuc.ord.aln,ENSG00000108622.nuc.ord.tre,0.318454
ENSG00000108651.nuc.ord.aln,ENSG00000108651.nuc.ord.tre,0.493813
ENSG00000108654.nuc.ord.aln,ENSG00000108654.nuc.ord.tre,0.614141
ENSG00000108666.nuc.ord.aln,ENSG00000108666.nuc.ord.tre,0.461847
ENSG00000108669.nuc.ord.aln,ENSG00000108669.nuc.ord.tre,0.594769
ENSG00000108671.nuc.ord.aln,ENSG00000108671.nuc.ord.tre,0.452296
ENSG00000108684.nuc.ord.aln,ENSG00000108684.nuc.ord.tre,0.336132
ENSG00000108733.nuc.ord.aln,ENSG00000108733.nuc.ord.tre,0.322853
ENSG00000108753.nuc.ord.aln,ENSG00000108753.nuc.ord.tre,0.443838
ENSG00000108759.nuc.ord.aln,ENSG00000108759.nuc.ord.tre,0.379884
ENSG00000108771.nuc.ord.aln,ENSG00000108771.nuc.ord.tre,0.504528
ENSG00000108774.nuc.ord.aln,ENSG00000108774.nuc.ord.tre,0.253019
ENSG00000108784.nuc.ord.aln,ENSG00000108784.nuc.ord.tre,0.576021
ENSG00000108788.nuc.ord.aln,ENSG00000108788.nuc.ord.tre,0.342766
ENSG00000108797.nuc.ord.aln,ENSG00000108797.nuc.ord.tre,1.454654
ENSG00000108798.nuc.ord.aln,ENSG00000108798.nuc.ord.tre,0.443155
ENSG00000108799.nuc.ord.aln,ENSG00000108799.nuc.ord.tre,0.623790
ENSG00000108813.nuc.ord.aln,ENSG00000108813.nuc.ord.tre,0.534024
ENSG00000108821.nuc.ord.aln,ENSG00000108821.nuc.ord.tre,2.232166
ENSG00000108825.nuc.ord.aln,ENSG00000108825.nuc.ord.tre,0.435972
ENSG00000108829.nuc.ord.aln,ENSG00000108829.nuc.ord.tre,0.438758
ENSG00000108848.nuc.ord.aln,ENSG00000108848.nuc.ord.tre,0.414621
ENSG00000108852.nuc.ord.aln,ENSG00000108852.nuc.ord.tre,0.543103
ENSG00000110047.nuc.ord.aln,ENSG00000110047.nuc.ord.tre,0.485719
ENSG00000110048.nuc.ord.aln,ENSG00000110048.nuc.ord.tre,0.755074
ENSG00000110060.nuc.ord.aln,ENSG00000110060.nuc.ord.tre,0.395695
ENSG00000110063.nuc.ord.aln,ENSG00000110063.nuc.ord.tre,0.482278
ENSG00000110074.nuc.ord.aln,ENSG00000110074.nuc.ord.tre,0.381227
ENSG00000110075.nuc.ord.aln,ENSG00000110075.nuc.ord.tre,0.909214
ENSG00000110076.nuc.ord.aln,ENSG00000110076.nuc.ord.tre,2.438606
ENSG00000110080.nuc.ord.aln,ENSG00000110080.nuc.ord.tre,0.789409
ENSG00000110090.nuc.ord.aln,ENSG00000110090.nuc.ord.tre,0.666661
ENSG00000110092.nuc.ord.aln,ENSG00000110092.nuc.ord.tre,0.297802
ENSG00000110104.nuc.ord.aln,ENSG00000110104.nuc.ord.tre,0.312764
ENSG00000110107.nuc.ord.aln,ENSG00000110107.nuc.ord.tre,0.518321
ENSG00000108861.nuc.ord.aln,ENSG00000108861.nuc.ord.tre,0.348440
ENSG00000108878.nuc.ord.aln,ENSG00000108878.nuc.ord.tre,0.314372
ENSG00000108883.nuc.ord.aln,ENSG00000108883.nuc.ord.tre,0.917961
ENSG00000108924.nuc.ord.aln,ENSG00000108924.nuc.ord.tre,0.358597
ENSG00000108946.nuc.ord.aln,ENSG00000108946.nuc.ord.tre,0.493445
ENSG00000108950.nuc.ord.aln,ENSG00000108950.nuc.ord.tre,0.491028
ENSG00000108960.nuc.ord.aln,ENSG00000108960.nuc.ord.tre,0.396307
ENSG00000108963.nuc.ord.aln,ENSG00000108963.nuc.ord.tre,0.409381
ENSG00000108984.nuc.ord.aln,ENSG00000108984.nuc.ord.tre,0.486597
ENSG00000109046.nuc.ord.aln,ENSG00000109046.nuc.ord.tre,0.405343
ENSG00000109063.nuc.ord.aln,ENSG00000109063.nuc.ord.tre,2.361005
ENSG00000109072.nuc.ord.aln,ENSG00000109072.nuc.ord.tre,0.488693
ENSG00000109079.nuc.ord.aln,ENSG00000109079.nuc.ord.tre,0.370119
ENSG00000109083.nuc.ord.aln,ENSG00000109083.nuc.ord.tre,0.307223
ENSG00000109084.nuc.ord.aln,ENSG00000109084.nuc.ord.tre,0.328125
ENSG00000109089.nuc.ord.aln,ENSG00000109089.nuc.ord.tre,0.529904
ENSG00000109099.nuc.ord.aln,ENSG00000109099.nuc.ord.tre,0.286841
ENSG00000109101.nuc.ord.aln,ENSG00000109101.nuc.ord.tre,0.510046
ENSG00000109103.nuc.ord.aln,ENSG00000109103.nuc.ord.tre,0.351734
ENSG00000109107.nuc.ord.aln,ENSG00000109107.nuc.ord.tre,0.385199
ENSG00000109111.nuc.ord.aln,ENSG00000109111.nuc.ord.tre,2.137463
ENSG00000109113.nuc.ord.aln,ENSG00000109113.nuc.ord.tre,0.440524
ENSG00000109118.nuc.ord.aln,ENSG00000109118.nuc.ord.tre,1.115484
ENSG00000109132.nuc.ord.aln,ENSG00000109132.nuc.ord.tre,0.343164
ENSG00000109133.nuc.ord.aln,ENSG00000109133.nuc.ord.tre,0.461944
ENSG00000109158.nuc.ord.aln,ENSG00000109158.nuc.ord.tre,0.546344
ENSG00000109163.nuc.ord.aln,ENSG00000109163.nuc.ord.tre,0.368572
ENSG00000109171.nuc.ord.aln,ENSG00000109171.nuc.ord.tre,0.628298
ENSG00000109180.nuc.ord.aln,ENSG00000109180.nuc.ord.tre,0.339912
ENSG00000109182.nuc.ord.aln,ENSG00000109182.nuc.ord.tre,0.640062
ENSG00000109184.nuc.ord.aln,ENSG00000109184.nuc.ord.tre,0.461372
ENSG00000109189.nuc.ord.aln,ENSG00000109189.nuc.ord.tre,0.324228
ENSG00000109193.nuc.ord.aln,ENSG00000109193.nuc.ord.tre,0.322219
ENSG00000109205.nuc.ord.aln,ENSG00000109205.nuc.ord.tre,0.327284
ENSG00000109220.nuc.ord.aln,ENSG00000109220.nuc.ord.tre,0.258949
ENSG00000109255.nuc.ord.aln,ENSG00000109255.nuc.ord.tre,0.322116
ENSG00000109265.nuc.ord.aln,ENSG00000109265.nuc.ord.tre,1.613569
ENSG00000109270.nuc.ord.aln,ENSG00000109270.nuc.ord.tre,0.250132
ENSG00000109320.nuc.ord.aln,ENSG00000109320.nuc.ord.tre,0.978098
ENSG00000109323.nuc.ord.aln,ENSG00000109323.nuc.ord.tre,0.762447
ENSG00000109339.nuc.ord.aln,ENSG00000109339.nuc.ord.tre,0.600234
ENSG00000109381.nuc.ord.aln,ENSG00000109381.nuc.ord.tre,0.520265
ENSG00000109436.nuc.ord.aln,ENSG00000109436.nuc.ord.tre,1.085721
ENSG00000109452.nuc.ord.aln,ENSG00000109452.nuc.ord.tre,0.968539
ENSG00000109458.nuc.ord.aln,ENSG00000109458.nuc.ord.tre,0.760814
ENSG00000109466.nuc.ord.aln,ENSG00000109466.nuc.ord.tre,0.619936
ENSG00000109501.nuc.ord.aln,ENSG00000109501.nuc.ord.tre,0.590227
ENSG00000109511.nuc.ord.aln,ENSG00000109511.nuc.ord.tre,0.363151
ENSG00000109519.nuc.ord.aln,ENSG00000109519.nuc.ord.tre,0.289755
ENSG00000109534.nuc.ord.aln,ENSG00000109534.nuc.ord.tre,0.337802
ENSG00000109572.nuc.ord.aln,ENSG00000109572.nuc.ord.tre,0.974200
ENSG00000109576.nuc.ord.aln,ENSG00000109576.nuc.ord.tre,0.440712
ENSG00000109586.nuc.ord.aln,ENSG00000109586.nuc.ord.tre,0.583277
ENSG00000109606.nuc.ord.aln,ENSG00000109606.nuc.ord.tre,0.716555
ENSG00000109618.nuc.ord.aln,ENSG00000109618.nuc.ord.tre,0.537914
ENSG00000109654.nuc.ord.aln,ENSG00000109654.nuc.ord.tre,0.802818
ENSG00000109667.nuc.ord.aln,ENSG00000109667.nuc.ord.tre,0.481331
ENSG00000109670.nuc.ord.aln,ENSG00000109670.nuc.ord.tre,0.851367
ENSG00000109674.nuc.ord.aln,ENSG00000109674.nuc.ord.tre,0.505277
ENSG00000109680.nuc.ord.aln,ENSG00000109680.nuc.ord.tre,0.473034
ENSG00000109684.nuc.ord.aln,ENSG00000109684.nuc.ord.tre,0.402515
ENSG00000109685.nuc.ord.aln,ENSG00000109685.nuc.ord.tre,1.419730
ENSG00000109686.nuc.ord.aln,ENSG00000109686.nuc.ord.tre,0.723969
ENSG00000109689.nuc.ord.aln,ENSG00000109689.nuc.ord.tre,0.827842
ENSG00000109738.nuc.ord.aln,ENSG00000109738.nuc.ord.tre,0.452941
ENSG00000109743.nuc.ord.aln,ENSG00000109743.nuc.ord.tre,0.427119
ENSG00000109756.nuc.ord.aln,ENSG00000109756.nuc.ord.tre,2.091518
ENSG00000109758.nuc.ord.aln,ENSG00000109758.nuc.ord.tre,0.495154
ENSG00000109762.nuc.ord.aln,ENSG00000109762.nuc.ord.tre,1.195973
ENSG00000109771.nuc.ord.aln,ENSG00000109771.nuc.ord.tre,0.437869
ENSG00000109775.nuc.ord.aln,ENSG00000109775.nuc.ord.tre,0.456820
ENSG00000109787.nuc.ord.aln,ENSG00000109787.nuc.ord.tre,0.401590
ENSG00000109790.nuc.ord.aln,ENSG00000109790.nuc.ord.tre,0.791765
ENSG00000109794.nuc.ord.aln,ENSG00000109794.nuc.ord.tre,1.345786
ENSG00000109805.nuc.ord.aln,ENSG00000109805.nuc.ord.tre,1.215899
ENSG00000109814.nuc.ord.aln,ENSG00000109814.nuc.ord.tre,0.392895
ENSG00000109819.nuc.ord.aln,ENSG00000109819.nuc.ord.tre,0.741013
ENSG00000109832.nuc.ord.aln,ENSG00000109832.nuc.ord.tre,0.455973
ENSG00000109846.nuc.ord.aln,ENSG00000109846.nuc.ord.tre,0.319574
ENSG00000109851.nuc.ord.aln,ENSG00000109851.nuc.ord.tre,0.384021
ENSG00000109854.nuc.ord.aln,ENSG00000109854.nuc.ord.tre,0.372035
ENSG00000109861.nuc.ord.aln,ENSG00000109861.nuc.ord.tre,0.553403
ENSG00000109881.nuc.ord.aln,ENSG00000109881.nuc.ord.tre,0.380548
ENSG00000109906.nuc.ord.aln,ENSG00000109906.nuc.ord.tre,0.505444
ENSG00000109911.nuc.ord.aln,ENSG00000109911.nuc.ord.tre,0.504333
ENSG00000109917.nuc.ord.aln,ENSG00000109917.nuc.ord.tre,0.423187
ENSG00000109919.nuc.ord.aln,ENSG00000109919.nuc.ord.tre,0.364708
ENSG00000109920.nuc.ord.aln,ENSG00000109920.nuc.ord.tre,1.308206
ENSG00000109927.nuc.ord.aln,ENSG00000109927.nuc.ord.tre,3.178717
ENSG00000109929.nuc.ord.aln,ENSG00000109929.nuc.ord.tre,0.367044
ENSG00000109943.nuc.ord.aln,ENSG00000109943.nuc.ord.tre,0.416176
ENSG00000109944.nuc.ord.aln,ENSG00000109944.nuc.ord.tre,0.708272
ENSG00000109956.nuc.ord.aln,ENSG00000109956.nuc.ord.tre,0.410919
ENSG00000109991.nuc.ord.aln,ENSG00000109991.nuc.ord.tre,0.427298
ENSG00000110011.nuc.ord.aln,ENSG00000110011.nuc.ord.tre,0.303695
ENSG00000110013.nuc.ord.aln,ENSG00000110013.nuc.ord.tre,0.651840
ENSG00000110025.nuc.ord.aln,ENSG00000110025.nuc.ord.tre,0.331223
ENSG00000110031.nuc.ord.aln,ENSG00000110031.nuc.ord.tre,0.387742
ENSG00000110042.nuc.ord.aln,ENSG00000110042.nuc.ord.tre,0.572974
ENSG00000110046.nuc.ord.aln,ENSG00000110046.nuc.ord.tre,2.141556
ENSG00000113569.nuc.ord.aln,ENSG00000113569.nuc.ord.tre,1.674143
ENSG00000113575.nuc.ord.aln,ENSG00000113575.nuc.ord.tre,0.421450
ENSG00000113578.nuc.ord.aln,ENSG00000113578.nuc.ord.tre,0.294922
ENSG00000114841.nuc.ord.aln,ENSG00000114841.nuc.ord.tre,14.219167
ENSG00000114850.nuc.ord.aln,ENSG00000114850.nuc.ord.tre,0.273039
ENSG00000114854.nuc.ord.aln,ENSG00000114854.nuc.ord.tre,0.261536
ENSG00000114859.nuc.ord.aln,ENSG00000114859.nuc.ord.tre,0.810598
ENSG00000114861.nuc.ord.aln,ENSG00000114861.nuc.ord.tre,0.887640
ENSG00000114867.nuc.ord.aln,ENSG00000114867.nuc.ord.tre,1.898410
ENSG00000114902.nuc.ord.aln,ENSG00000114902.nuc.ord.tre,0.308691
ENSG00000114904.nuc.ord.aln,ENSG00000114904.nuc.ord.tre,0.869170
ENSG00000114923.nuc.ord.aln,ENSG00000114923.nuc.ord.tre,1.335365
ENSG00000114933.nuc.ord.aln,ENSG00000114933.nuc.ord.tre,1.097237
ENSG00000114948.nuc.ord.aln,ENSG00000114948.nuc.ord.tre,1.088090
ENSG00000114956.nuc.ord.aln,ENSG00000114956.nuc.ord.tre,0.351796
ENSG00000114982.nuc.ord.aln,ENSG00000114982.nuc.ord.tre,0.818925
ENSG00000114988.nuc.ord.aln,ENSG00000114988.nuc.ord.tre,0.402472
ENSG00000114993.nuc.ord.aln,ENSG00000114993.nuc.ord.tre,0.562292
ENSG00000114999.nuc.ord.aln,ENSG00000114999.nuc.ord.tre,0.379813
ENSG00000115008.nuc.ord.aln,ENSG00000115008.nuc.ord.tre,0.368603
ENSG00000115009.nuc.ord.aln,ENSG00000115009.nuc.ord.tre,0.231672
ENSG00000115020.nuc.ord.aln,ENSG00000115020.nuc.ord.tre,2.701783
ENSG00000115053.nuc.ord.aln,ENSG00000115053.nuc.ord.tre,0.748661
ENSG00000115073.nuc.ord.aln,ENSG00000115073.nuc.ord.tre,0.358993
ENSG00000115084.nuc.ord.aln,ENSG00000115084.nuc.ord.tre,0.479574
ENSG00000115091.nuc.ord.aln,ENSG00000115091.nuc.ord.tre,0.390204
ENSG00000115107.nuc.ord.aln,ENSG00000115107.nuc.ord.tre,0.411702
ENSG00000115109.nuc.ord.aln,ENSG00000115109.nuc.ord.tre,0.654575
ENSG00000115112.nuc.ord.aln,ENSG00000115112.nuc.ord.tre,0.481294
ENSG00000115128.nuc.ord.aln,ENSG00000115128.nuc.ord.tre,0.196100
ENSG00000115137.nuc.ord.aln,ENSG00000115137.nuc.ord.tre,0.416077
ENSG00000115138.nuc.ord.aln,ENSG00000115138.nuc.ord.tre,0.304298
ENSG00000115145.nuc.ord.aln,ENSG00000115145.nuc.ord.tre,0.493491
ENSG00000115159.nuc.ord.aln,ENSG00000115159.nuc.ord.tre,0.695053
ENSG00000115165.nuc.ord.aln,ENSG00000115165.nuc.ord.tre,0.402292
ENSG00000115170.nuc.ord.aln,ENSG00000115170.nuc.ord.tre,0.498846
ENSG00000115183.nuc.ord.aln,ENSG00000115183.nuc.ord.tre,2.629504
ENSG00000115194.nuc.ord.aln,ENSG00000115194.nuc.ord.tre,0.337303
ENSG00000115207.nuc.ord.aln,ENSG00000115207.nuc.ord.tre,1.131448
ENSG00000115211.nuc.ord.aln,ENSG00000115211.nuc.ord.tre,0.616514
ENSG00000115216.nuc.ord.aln,ENSG00000115216.nuc.ord.tre,0.491303
ENSG00000115221.nuc.ord.aln,ENSG00000115221.nuc.ord.tre,0.662473
ENSG00000115226.nuc.ord.aln,ENSG00000115226.nuc.ord.tre,0.297417
ENSG00000115232.nuc.ord.aln,ENSG00000115232.nuc.ord.tre,1.014877
ENSG00000115233.nuc.ord.aln,ENSG00000115233.nuc.ord.tre,0.326628
ENSG00000115234.nuc.ord.aln,ENSG00000115234.nuc.ord.tre,0.406486
ENSG00000115239.nuc.ord.aln,ENSG00000115239.nuc.ord.tre,0.513026
ENSG00000115241.nuc.ord.aln,ENSG00000115241.nuc.ord.tre,0.523595
ENSG00000115252.nuc.ord.aln,ENSG00000115252.nuc.ord.tre,0.637336
ENSG00000115263.nuc.ord.aln,ENSG00000115263.nuc.ord.tre,0.292228
ENSG00000115267.nuc.ord.aln,ENSG00000115267.nuc.ord.tre,1.127393
ENSG00000115271.nuc.ord.aln,ENSG00000115271.nuc.ord.tre,0.344230
ENSG00000115274.nuc.ord.aln,ENSG00000115274.nuc.ord.tre,0.352577
ENSG00000115275.nuc.ord.aln,ENSG00000115275.nuc.ord.tre,0.679563
ENSG00000115289.nuc.ord.aln,ENSG00000115289.nuc.ord.tre,0.430509
ENSG00000115290.nuc.ord.aln,ENSG00000115290.nuc.ord.tre,0.475343
ENSG00000115295.nuc.ord.aln,ENSG00000115295.nuc.ord.tre,0.717185
ENSG00000115297.nuc.ord.aln,ENSG00000115297.nuc.ord.tre,0.284766
ENSG00000115306.nuc.ord.aln,ENSG00000115306.nuc.ord.tre,4.622547
ENSG00000115307.nuc.ord.aln,ENSG00000115307.nuc.ord.tre,0.431583
ENSG00000115310.nuc.ord.aln,ENSG00000115310.nuc.ord.tre,1.010077
ENSG00000115318.nuc.ord.aln,ENSG00000115318.nuc.ord.tre,0.631502
ENSG00000115325.nuc.ord.aln,ENSG00000115325.nuc.ord.tre,0.421229
ENSG00000115339.nuc.ord.aln,ENSG00000115339.nuc.ord.tre,0.558709
ENSG00000115350.nuc.ord.aln,ENSG00000115350.nuc.ord.tre,0.228550
ENSG00000115353.nuc.ord.aln,ENSG00000115353.nuc.ord.tre,0.388453
ENSG00000115355.nuc.ord.aln,ENSG00000115355.nuc.ord.tre,2.772959
ENSG00000115361.nuc.ord.aln,ENSG00000115361.nuc.ord.tre,0.423060
ENSG00000115364.nuc.ord.aln,ENSG00000115364.nuc.ord.tre,0.348065
ENSG00000115365.nuc.ord.aln,ENSG00000115365.nuc.ord.tre,0.545955
ENSG00000115368.nuc.ord.aln,ENSG00000115368.nuc.ord.tre,0.715457
ENSG00000115380.nuc.ord.aln,ENSG00000115380.nuc.ord.tre,0.484570
ENSG00000115392.nuc.ord.aln,ENSG00000115392.nuc.ord.tre,0.403974
ENSG00000115414.nuc.ord.aln,ENSG00000115414.nuc.ord.tre,4.013208
ENSG00000115415.nuc.ord.aln,ENSG00000115415.nuc.ord.tre,1.881143
ENSG00000115419.nuc.ord.aln,ENSG00000115419.nuc.ord.tre,0.811058
ENSG00000115421.nuc.ord.aln,ENSG00000115421.nuc.ord.tre,0.660726
ENSG00000115423.nuc.ord.aln,ENSG00000115423.nuc.ord.tre,15.147635
ENSG00000115425.nuc.ord.aln,ENSG00000115425.nuc.ord.tre,0.352674
ENSG00000115446.nuc.ord.aln,ENSG00000115446.nuc.ord.tre,0.330122
ENSG00000115457.nuc.ord.aln,ENSG00000115457.nuc.ord.tre,0.328265
ENSG00000115459.nuc.ord.aln,ENSG00000115459.nuc.ord.tre,0.626272
ENSG00000115461.nuc.ord.aln,ENSG00000115461.nuc.ord.tre,0.420694
ENSG00000115468.nuc.ord.aln,ENSG00000115468.nuc.ord.tre,0.275666
ENSG00000115474.nuc.ord.aln,ENSG00000115474.nuc.ord.tre,0.431174
ENSG00000115484.nuc.ord.aln,ENSG00000115484.nuc.ord.tre,0.554904
ENSG00000115486.nuc.ord.aln,ENSG00000115486.nuc.ord.tre,0.700552
ENSG00000115488.nuc.ord.aln,ENSG00000115488.nuc.ord.tre,0.323085
ENSG00000115504.nuc.ord.aln,ENSG00000115504.nuc.ord.tre,1.310519
ENSG00000115514.nuc.ord.aln,ENSG00000115514.nuc.ord.tre,0.314733
ENSG00000115520.nuc.ord.aln,ENSG00000115520.nuc.ord.tre,0.345606
ENSG00000115524.nuc.ord.aln,ENSG00000115524.nuc.ord.tre,1.372451
ENSG00000115525.nuc.ord.aln,ENSG00000115525.nuc.ord.tre,0.397441
ENSG00000115526.nuc.ord.aln,ENSG00000115526.nuc.ord.tre,0.410632
ENSG00000115539.nuc.ord.aln,ENSG00000115539.nuc.ord.tre,0.263028
ENSG00000115540.nuc.ord.aln,ENSG00000115540.nuc.ord.tre,0.310704
ENSG00000115548.nuc.ord.aln,ENSG00000115548.nuc.ord.tre,1.581631
ENSG00000115556.nuc.ord.aln,ENSG00000115556.nuc.ord.tre,0.865747
ENSG00000115561.nuc.ord.aln,ENSG00000115561.nuc.ord.tre,0.290711
ENSG00000115568.nuc.ord.aln,ENSG00000115568.nuc.ord.tre,2.429493
ENSG00000113580.nuc.ord.aln,ENSG00000113580.nuc.ord.tre,0.762119
ENSG00000113583.nuc.ord.aln,ENSG00000113583.nuc.ord.tre,0.369692
ENSG00000113593.nuc.ord.aln,ENSG00000113593.nuc.ord.tre,0.614368
ENSG00000113594.nuc.ord.aln,ENSG00000113594.nuc.ord.tre,1.179547
ENSG00000113595.nuc.ord.aln,ENSG00000113595.nuc.ord.tre,0.447238
ENSG00000113600.nuc.ord.aln,ENSG00000113600.nuc.ord.tre,0.734991
ENSG00000113615.nuc.ord.aln,ENSG00000113615.nuc.ord.tre,1.410473
ENSG00000113621.nuc.ord.aln,ENSG00000113621.nuc.ord.tre,0.355325
ENSG00000113638.nuc.ord.aln,ENSG00000113638.nuc.ord.tre,0.384842
ENSG00000113643.nuc.ord.aln,ENSG00000113643.nuc.ord.tre,0.523571
ENSG00000113645.nuc.ord.aln,ENSG00000113645.nuc.ord.tre,1.063895
ENSG00000113648.nuc.ord.aln,ENSG00000113648.nuc.ord.tre,0.420160
ENSG00000113657.nuc.ord.aln,ENSG00000113657.nuc.ord.tre,0.850430
ENSG00000113658.nuc.ord.aln,ENSG00000113658.nuc.ord.tre,0.471402
ENSG00000113712.nuc.ord.aln,ENSG00000113712.nuc.ord.tre,0.248088
ENSG00000113716.nuc.ord.aln,ENSG00000113716.nuc.ord.tre,2.360513
ENSG00000113719.nuc.ord.aln,ENSG00000113719.nuc.ord.tre,0.433849
ENSG00000113734.nuc.ord.aln,ENSG00000113734.nuc.ord.tre,0.307402
ENSG00000113739.nuc.ord.aln,ENSG00000113739.nuc.ord.tre,0.340134
ENSG00000113742.nuc.ord.aln,ENSG00000113742.nuc.ord.tre,0.643440
ENSG00000113761.nuc.ord.aln,ENSG00000113761.nuc.ord.tre,0.415968
ENSG00000113763.nuc.ord.aln,ENSG00000113763.nuc.ord.tre,0.935128
ENSG00000113805.nuc.ord.aln,ENSG00000113805.nuc.ord.tre,1.075937
ENSG00000113810.nuc.ord.aln,ENSG00000113810.nuc.ord.tre,1.269874
ENSG00000113812.nuc.ord.aln,ENSG00000113812.nuc.ord.tre,0.609126
ENSG00000113838.nuc.ord.aln,ENSG00000113838.nuc.ord.tre,0.574996
ENSG00000113845.nuc.ord.aln,ENSG00000113845.nuc.ord.tre,0.360946
ENSG00000113851.nuc.ord.aln,ENSG00000113851.nuc.ord.tre,0.410520
ENSG00000113905.nuc.ord.aln,ENSG00000113905.nuc.ord.tre,0.574795
ENSG00000113916.nuc.ord.aln,ENSG00000113916.nuc.ord.tre,0.559883
ENSG00000113924.nuc.ord.aln,ENSG00000113924.nuc.ord.tre,0.414898
ENSG00000113946.nuc.ord.aln,ENSG00000113946.nuc.ord.tre,0.396856
ENSG00000113966.nuc.ord.aln,ENSG00000113966.nuc.ord.tre,0.307246
ENSG00000114013.nuc.ord.aln,ENSG00000114013.nuc.ord.tre,0.477559
ENSG00000114019.nuc.ord.aln,ENSG00000114019.nuc.ord.tre,0.887745
ENSG00000114021.nuc.ord.aln,ENSG00000114021.nuc.ord.tre,0.450018
ENSG00000114023.nuc.ord.aln,ENSG00000114023.nuc.ord.tre,0.304544
ENSG00000114030.nuc.ord.aln,ENSG00000114030.nuc.ord.tre,0.441812
ENSG00000114054.nuc.ord.aln,ENSG00000114054.nuc.ord.tre,0.473546
ENSG00000114062.nuc.ord.aln,ENSG00000114062.nuc.ord.tre,0.711734
ENSG00000114107.nuc.ord.aln,ENSG00000114107.nuc.ord.tre,0.650543
ENSG00000114113.nuc.ord.aln,ENSG00000114113.nuc.ord.tre,0.211504
ENSG00000114115.nuc.ord.aln,ENSG00000114115.nuc.ord.tre,0.207856
ENSG00000114126.nuc.ord.aln,ENSG00000114126.nuc.ord.tre,0.395489
ENSG00000114127.nuc.ord.aln,ENSG00000114127.nuc.ord.tre,2.269879
ENSG00000114200.nuc.ord.aln,ENSG00000114200.nuc.ord.tre,0.441998
ENSG00000114204.nuc.ord.aln,ENSG00000114204.nuc.ord.tre,0.364942
ENSG00000114209.nuc.ord.aln,ENSG00000114209.nuc.ord.tre,0.317870
ENSG00000114248.nuc.ord.aln,ENSG00000114248.nuc.ord.tre,0.388759
ENSG00000114251.nuc.ord.aln,ENSG00000114251.nuc.ord.tre,0.514446
ENSG00000114268.nuc.ord.aln,ENSG00000114268.nuc.ord.tre,0.381053
ENSG00000114270.nuc.ord.aln,ENSG00000114270.nuc.ord.tre,6.020303
ENSG00000114279.nuc.ord.aln,ENSG00000114279.nuc.ord.tre,0.341993
ENSG00000114302.nuc.ord.aln,ENSG00000114302.nuc.ord.tre,0.435887
ENSG00000114315.nuc.ord.aln,ENSG00000114315.nuc.ord.tre,0.280735
ENSG00000114316.nuc.ord.aln,ENSG00000114316.nuc.ord.tre,0.796041
ENSG00000114331.nuc.ord.aln,ENSG00000114331.nuc.ord.tre,0.925296
ENSG00000114346.nuc.ord.aln,ENSG00000114346.nuc.ord.tre,1.001473
ENSG00000114349.nuc.ord.aln,ENSG00000114349.nuc.ord.tre,0.385273
ENSG00000114354.nuc.ord.aln,ENSG00000114354.nuc.ord.tre,0.389600
ENSG00000114378.nuc.ord.aln,ENSG00000114378.nuc.ord.tre,0.410583
ENSG00000114383.nuc.ord.aln,ENSG00000114383.nuc.ord.tre,0.177856
ENSG00000114388.nuc.ord.aln,ENSG00000114388.nuc.ord.tre,0.421406
ENSG00000114395.nuc.ord.aln,ENSG00000114395.nuc.ord.tre,0.330136
ENSG00000114416.nuc.ord.aln,ENSG00000114416.nuc.ord.tre,0.595333
ENSG00000114423.nuc.ord.aln,ENSG00000114423.nuc.ord.tre,1.018400
ENSG00000114439.nuc.ord.aln,ENSG00000114439.nuc.ord.tre,0.998743
ENSG00000114446.nuc.ord.aln,ENSG00000114446.nuc.ord.tre,0.448175
ENSG00000114450.nuc.ord.aln,ENSG00000114450.nuc.ord.tre,0.344735
ENSG00000114473.nuc.ord.aln,ENSG00000114473.nuc.ord.tre,0.455754
ENSG00000114480.nuc.ord.aln,ENSG00000114480.nuc.ord.tre,0.597696
ENSG00000114487.nuc.ord.aln,ENSG00000114487.nuc.ord.tre,1.213901
ENSG00000114491.nuc.ord.aln,ENSG00000114491.nuc.ord.tre,0.455585
ENSG00000114520.nuc.ord.aln,ENSG00000114520.nuc.ord.tre,0.323439
ENSG00000114529.nuc.ord.aln,ENSG00000114529.nuc.ord.tre,0.362927
ENSG00000114541.nuc.ord.aln,ENSG00000114541.nuc.ord.tre,1.003711
ENSG00000114544.nuc.ord.aln,ENSG00000114544.nuc.ord.tre,0.556240
ENSG00000114573.nuc.ord.aln,ENSG00000114573.nuc.ord.tre,0.534926
ENSG00000114631.nuc.ord.aln,ENSG00000114631.nuc.ord.tre,0.421853
ENSG00000114638.nuc.ord.aln,ENSG00000114638.nuc.ord.tre,0.304109
ENSG00000114646.nuc.ord.aln,ENSG00000114646.nuc.ord.tre,0.423848
ENSG00000114648.nuc.ord.aln,ENSG00000114648.nuc.ord.tre,0.464761
ENSG00000114670.nuc.ord.aln,ENSG00000114670.nuc.ord.tre,0.652765
ENSG00000114686.nuc.ord.aln,ENSG00000114686.nuc.ord.tre,0.412169
ENSG00000114735.nuc.ord.aln,ENSG00000114735.nuc.ord.tre,0.364718
ENSG00000114737.nuc.ord.aln,ENSG00000114737.nuc.ord.tre,0.325887
ENSG00000114738.nuc.ord.aln,ENSG00000114738.nuc.ord.tre,0.577642
ENSG00000114739.nuc.ord.aln,ENSG00000114739.nuc.ord.tre,0.399963
ENSG00000114742.nuc.ord.aln,ENSG00000114742.nuc.ord.tre,0.576331
ENSG00000114744.nuc.ord.aln,ENSG00000114744.nuc.ord.tre,0.336800
ENSG00000114745.nuc.ord.aln,ENSG00000114745.nuc.ord.tre,0.376532
ENSG00000114757.nuc.ord.aln,ENSG00000114757.nuc.ord.tre,0.675278
ENSG00000114770.nuc.ord.aln,ENSG00000114770.nuc.ord.tre,1.602628
ENSG00000114779.nuc.ord.aln,ENSG00000114779.nuc.ord.tre,0.269258
ENSG00000114784.nuc.ord.aln,ENSG00000114784.nuc.ord.tre,0.186521
ENSG00000114786.nuc.ord.aln,ENSG00000114786.nuc.ord.tre,0.333110
ENSG00000114790.nuc.ord.aln,ENSG00000114790.nuc.ord.tre,0.785821
ENSG00000114796.nuc.ord.aln,ENSG00000114796.nuc.ord.tre,0.467747
ENSG00000114805.nuc.ord.aln,ENSG00000114805.nuc.ord.tre,2.327299
ENSG00000114812.nuc.ord.aln,ENSG00000114812.nuc.ord.tre,0.387502
ENSG00000115761.nuc.ord.aln,ENSG00000115761.nuc.ord.tre,0.625979
ENSG00000115806.nuc.ord.aln,ENSG00000115806.nuc.ord.tre,0.593203
ENSG00000115816.nuc.ord.aln,ENSG00000115816.nuc.ord.tre,1.038296
ENSG00000115825.nuc.ord.aln,ENSG00000115825.nuc.ord.tre,0.814235
ENSG00000115827.nuc.ord.aln,ENSG00000115827.nuc.ord.tre,0.465018
ENSG00000115828.nuc.ord.aln,ENSG00000115828.nuc.ord.tre,0.400773
ENSG00000115839.nuc.ord.aln,ENSG00000115839.nuc.ord.tre,1.015830
ENSG00000115840.nuc.ord.aln,ENSG00000115840.nuc.ord.tre,0.660231
ENSG00000115841.nuc.ord.aln,ENSG00000115841.nuc.ord.tre,0.791748
ENSG00000115844.nuc.ord.aln,ENSG00000115844.nuc.ord.tre,0.303873
ENSG00000115850.nuc.ord.aln,ENSG00000115850.nuc.ord.tre,2.964214
ENSG00000115866.nuc.ord.aln,ENSG00000115866.nuc.ord.tre,0.475089
ENSG00000115896.nuc.ord.aln,ENSG00000115896.nuc.ord.tre,1.112286
ENSG00000115902.nuc.ord.aln,ENSG00000115902.nuc.ord.tre,0.520382
ENSG00000115904.nuc.ord.aln,ENSG00000115904.nuc.ord.tre,1.814907
ENSG00000115919.nuc.ord.aln,ENSG00000115919.nuc.ord.tre,0.447616
ENSG00000115935.nuc.ord.aln,ENSG00000115935.nuc.ord.tre,0.475080
ENSG00000115942.nuc.ord.aln,ENSG00000115942.nuc.ord.tre,0.612166
ENSG00000115946.nuc.ord.aln,ENSG00000115946.nuc.ord.tre,0.330897
ENSG00000115947.nuc.ord.aln,ENSG00000115947.nuc.ord.tre,0.403501
ENSG00000115956.nuc.ord.aln,ENSG00000115956.nuc.ord.tre,0.395138
ENSG00000115963.nuc.ord.aln,ENSG00000115963.nuc.ord.tre,0.361321
ENSG00000115966.nuc.ord.aln,ENSG00000115966.nuc.ord.tre,0.533111
ENSG00000115970.nuc.ord.aln,ENSG00000115970.nuc.ord.tre,2.848317
ENSG00000115977.nuc.ord.aln,ENSG00000115977.nuc.ord.tre,1.525895
ENSG00000115993.nuc.ord.aln,ENSG00000115993.nuc.ord.tre,0.873414
ENSG00000115998.nuc.ord.aln,ENSG00000115998.nuc.ord.tre,0.436012
ENSG00000116005.nuc.ord.aln,ENSG00000116005.nuc.ord.tre,0.460572
ENSG00000116016.nuc.ord.aln,ENSG00000116016.nuc.ord.tre,0.915230
ENSG00000116031.nuc.ord.aln,ENSG00000116031.nuc.ord.tre,0.348939
ENSG00000116039.nuc.ord.aln,ENSG00000116039.nuc.ord.tre,0.459177
ENSG00000116044.nuc.ord.aln,ENSG00000116044.nuc.ord.tre,0.700084
ENSG00000116062.nuc.ord.aln,ENSG00000116062.nuc.ord.tre,1.763921
ENSG00000116106.nuc.ord.aln,ENSG00000116106.nuc.ord.tre,1.106212
ENSG00000116117.nuc.ord.aln,ENSG00000116117.nuc.ord.tre,1.260572
ENSG00000116120.nuc.ord.aln,ENSG00000116120.nuc.ord.tre,0.641272
ENSG00000116127.nuc.ord.aln,ENSG00000116127.nuc.ord.tre,10.772261
ENSG00000116128.nuc.ord.aln,ENSG00000116128.nuc.ord.tre,1.438589
ENSG00000116133.nuc.ord.aln,ENSG00000116133.nuc.ord.tre,0.576560
ENSG00000116138.nuc.ord.aln,ENSG00000116138.nuc.ord.tre,0.785771
ENSG00000116141.nuc.ord.aln,ENSG00000116141.nuc.ord.tre,0.739119
ENSG00000116147.nuc.ord.aln,ENSG00000116147.nuc.ord.tre,2.587303
ENSG00000116151.nuc.ord.aln,ENSG00000116151.nuc.ord.tre,0.350389
ENSG00000116157.nuc.ord.aln,ENSG00000116157.nuc.ord.tre,0.268297
ENSG00000116161.nuc.ord.aln,ENSG00000116161.nuc.ord.tre,0.306868
ENSG00000116171.nuc.ord.aln,ENSG00000116171.nuc.ord.tre,0.410691
ENSG00000116183.nuc.ord.aln,ENSG00000116183.nuc.ord.tre,2.442367
ENSG00000116191.nuc.ord.aln,ENSG00000116191.nuc.ord.tre,0.513661
ENSG00000116194.nuc.ord.aln,ENSG00000116194.nuc.ord.tre,0.419657
ENSG00000116198.nuc.ord.aln,ENSG00000116198.nuc.ord.tre,0.827433
ENSG00000116199.nuc.ord.aln,ENSG00000116199.nuc.ord.tre,0.421813
ENSG00000116205.nuc.ord.aln,ENSG00000116205.nuc.ord.tre,0.361947
ENSG00000116209.nuc.ord.aln,ENSG00000116209.nuc.ord.tre,0.391222
ENSG00000116212.nuc.ord.aln,ENSG00000116212.nuc.ord.tre,0.393550
ENSG00000116213.nuc.ord.aln,ENSG00000116213.nuc.ord.tre,0.447506
ENSG00000116218.nuc.ord.aln,ENSG00000116218.nuc.ord.tre,0.433581
ENSG00000116221.nuc.ord.aln,ENSG00000116221.nuc.ord.tre,0.379643
ENSG00000116237.nuc.ord.aln,ENSG00000116237.nuc.ord.tre,0.455957
ENSG00000116251.nuc.ord.aln,ENSG00000116251.nuc.ord.tre,0.147070
ENSG00000116254.nuc.ord.aln,ENSG00000116254.nuc.ord.tre,3.836965
ENSG00000116260.nuc.ord.aln,ENSG00000116260.nuc.ord.tre,1.063791
ENSG00000116273.nuc.ord.aln,ENSG00000116273.nuc.ord.tre,0.378304
ENSG00000116285.nuc.ord.aln,ENSG00000116285.nuc.ord.tre,0.393272
ENSG00000116288.nuc.ord.aln,ENSG00000116288.nuc.ord.tre,0.370695
ENSG00000116299.nuc.ord.aln,ENSG00000116299.nuc.ord.tre,0.958246
ENSG00000116337.nuc.ord.aln,ENSG00000116337.nuc.ord.tre,0.847068
ENSG00000116353.nuc.ord.aln,ENSG00000116353.nuc.ord.tre,0.446988
ENSG00000116396.nuc.ord.aln,ENSG00000116396.nuc.ord.tre,0.602718
ENSG00000116406.nuc.ord.aln,ENSG00000116406.nuc.ord.tre,0.930057
ENSG00000116455.nuc.ord.aln,ENSG00000116455.nuc.ord.tre,0.387398
ENSG00000116473.nuc.ord.aln,ENSG00000116473.nuc.ord.tre,0.285060
ENSG00000116497.nuc.ord.aln,ENSG00000116497.nuc.ord.tre,0.508394
ENSG00000116514.nuc.ord.aln,ENSG00000116514.nuc.ord.tre,0.617026
ENSG00000116525.nuc.ord.aln,ENSG00000116525.nuc.ord.tre,0.401884
ENSG00000116539.nuc.ord.aln,ENSG00000116539.nuc.ord.tre,3.570236
ENSG00000116544.nuc.ord.aln,ENSG00000116544.nuc.ord.tre,0.963271
ENSG00000116574.nuc.ord.aln,ENSG00000116574.nuc.ord.tre,0.337656
ENSG00000116584.nuc.ord.aln,ENSG00000116584.nuc.ord.tre,1.219440
ENSG00000116604.nuc.ord.aln,ENSG00000116604.nuc.ord.tre,0.402258
ENSG00000116641.nuc.ord.aln,ENSG00000116641.nuc.ord.tre,2.824630
ENSG00000116661.nuc.ord.aln,ENSG00000116661.nuc.ord.tre,0.303935
ENSG00000116663.nuc.ord.aln,ENSG00000116663.nuc.ord.tre,0.342146
ENSG00000116667.nuc.ord.aln,ENSG00000116667.nuc.ord.tre,0.261970
ENSG00000116668.nuc.ord.aln,ENSG00000116668.nuc.ord.tre,1.082909
ENSG00000116670.nuc.ord.aln,ENSG00000116670.nuc.ord.tre,0.352131
ENSG00000116675.nuc.ord.aln,ENSG00000116675.nuc.ord.tre,0.999172
ENSG00000116678.nuc.ord.aln,ENSG00000116678.nuc.ord.tre,1.302805
ENSG00000116679.nuc.ord.aln,ENSG00000116679.nuc.ord.tre,0.524889
ENSG00000116688.nuc.ord.aln,ENSG00000116688.nuc.ord.tre,0.794924
ENSG00000116691.nuc.ord.aln,ENSG00000116691.nuc.ord.tre,0.358981
ENSG00000116698.nuc.ord.aln,ENSG00000116698.nuc.ord.tre,1.630383
ENSG00000116701.nuc.ord.aln,ENSG00000116701.nuc.ord.tre,0.878919
ENSG00000116703.nuc.ord.aln,ENSG00000116703.nuc.ord.tre,0.322109
ENSG00000116704.nuc.ord.aln,ENSG00000116704.nuc.ord.tre,0.430243
ENSG00000116711.nuc.ord.aln,ENSG00000116711.nuc.ord.tre,0.711591
ENSG00000116717.nuc.ord.aln,ENSG00000116717.nuc.ord.tre,0.271736
ENSG00000116729.nuc.ord.aln,ENSG00000116729.nuc.ord.tre,0.668889
ENSG00000116741.nuc.ord.aln,ENSG00000116741.nuc.ord.tre,0.259029
ENSG00000116745.nuc.ord.aln,ENSG00000116745.nuc.ord.tre,0.621208
ENSG00000116747.nuc.ord.aln,ENSG00000116747.nuc.ord.tre,0.466440
ENSG00000116748.nuc.ord.aln,ENSG00000116748.nuc.ord.tre,0.729957
ENSG00000116750.nuc.ord.aln,ENSG00000116750.nuc.ord.tre,0.484722
ENSG00000116752.nuc.ord.aln,ENSG00000116752.nuc.ord.tre,0.311551
ENSG00000116754.nuc.ord.aln,ENSG00000116754.nuc.ord.tre,0.513754
ENSG00000116761.nuc.ord.aln,ENSG00000116761.nuc.ord.tre,0.405896
ENSG00000116771.nuc.ord.aln,ENSG00000116771.nuc.ord.tre,0.412119
ENSG00000116774.nuc.ord.aln,ENSG00000116774.nuc.ord.tre,0.430466
ENSG00000116783.nuc.ord.aln,ENSG00000116783.nuc.ord.tre,0.917120
ENSG00000116786.nuc.ord.aln,ENSG00000116786.nuc.ord.tre,1.206930
ENSG00000116791.nuc.ord.aln,ENSG00000116791.nuc.ord.tre,0.367507
ENSG00000116793.nuc.ord.aln,ENSG00000116793.nuc.ord.tre,0.689466
ENSG00000116809.nuc.ord.aln,ENSG00000116809.nuc.ord.tre,0.857570
ENSG00000116819.nuc.ord.aln,ENSG00000116819.nuc.ord.tre,0.374590
ENSG00000116824.nuc.ord.aln,ENSG00000116824.nuc.ord.tre,0.394864
ENSG00000116830.nuc.ord.aln,ENSG00000116830.nuc.ord.tre,1.615335
ENSG00000116833.nuc.ord.aln,ENSG00000116833.nuc.ord.tre,0.495220
ENSG00000116852.nuc.ord.aln,ENSG00000116852.nuc.ord.tre,2.542484
ENSG00000116857.nuc.ord.aln,ENSG00000116857.nuc.ord.tre,0.255551
ENSG00000116863.nuc.ord.aln,ENSG00000116863.nuc.ord.tre,0.370326
ENSG00000116871.nuc.ord.aln,ENSG00000116871.nuc.ord.tre,0.996727
ENSG00000116874.nuc.ord.aln,ENSG00000116874.nuc.ord.tre,0.413970
ENSG00000116882.nuc.ord.aln,ENSG00000116882.nuc.ord.tre,0.414172
ENSG00000116885.nuc.ord.aln,ENSG00000116885.nuc.ord.tre,0.404944
ENSG00000116898.nuc.ord.aln,ENSG00000116898.nuc.ord.tre,0.308485
ENSG00000116906.nuc.ord.aln,ENSG00000116906.nuc.ord.tre,0.566986
ENSG00000116922.nuc.ord.aln,ENSG00000116922.nuc.ord.tre,0.288857
ENSG00000116954.nuc.ord.aln,ENSG00000116954.nuc.ord.tre,0.441771
ENSG00000116957.nuc.ord.aln,ENSG00000116957.nuc.ord.tre,0.478619
ENSG00000116962.nuc.ord.aln,ENSG00000116962.nuc.ord.tre,1.873297
ENSG00000116981.nuc.ord.aln,ENSG00000116981.nuc.ord.tre,0.371235
ENSG00000116984.nuc.ord.aln,ENSG00000116984.nuc.ord.tre,1.324955
ENSG00000117000.nuc.ord.aln,ENSG00000117000.nuc.ord.tre,3.014953
ENSG00000117009.nuc.ord.aln,ENSG00000117009.nuc.ord.tre,0.476495
ENSG00000117016.nuc.ord.aln,ENSG00000117016.nuc.ord.tre,0.370595
ENSG00000117020.nuc.ord.aln,ENSG00000117020.nuc.ord.tre,0.470953
ENSG00000117036.nuc.ord.aln,ENSG00000117036.nuc.ord.tre,0.316148
ENSG00000117054.nuc.ord.aln,ENSG00000117054.nuc.ord.tre,0.430633
ENSG00000117069.nuc.ord.aln,ENSG00000117069.nuc.ord.tre,0.391211
ENSG00000117090.nuc.ord.aln,ENSG00000117090.nuc.ord.tre,0.363175
ENSG00000117091.nuc.ord.aln,ENSG00000117091.nuc.ord.tre,0.302783
ENSG00000117114.nuc.ord.aln,ENSG00000117114.nuc.ord.tre,1.894127
ENSG00000117115.nuc.ord.aln,ENSG00000117115.nuc.ord.tre,0.592708
ENSG00000117118.nuc.ord.aln,ENSG00000117118.nuc.ord.tre,0.364259
ENSG00000117122.nuc.ord.aln,ENSG00000117122.nuc.ord.tre,0.226772
ENSG00000117133.nuc.ord.aln,ENSG00000117133.nuc.ord.tre,0.332428
ENSG00000117139.nuc.ord.aln,ENSG00000117139.nuc.ord.tre,2.508838
ENSG00000117143.nuc.ord.aln,ENSG00000117143.nuc.ord.tre,0.588105
ENSG00000117151.nuc.ord.aln,ENSG00000117151.nuc.ord.tre,0.404482
ENSG00000117152.nuc.ord.aln,ENSG00000117152.nuc.ord.tre,0.304751
ENSG00000117153.nuc.ord.aln,ENSG00000117153.nuc.ord.tre,0.496207
ENSG00000117155.nuc.ord.aln,ENSG00000117155.nuc.ord.tre,0.504869
ENSG00000117174.nuc.ord.aln,ENSG00000117174.nuc.ord.tre,0.422684
ENSG00000117215.nuc.ord.aln,ENSG00000117215.nuc.ord.tre,0.295851
ENSG00000117222.nuc.ord.aln,ENSG00000117222.nuc.ord.tre,0.494841
ENSG00000117245.nuc.ord.aln,ENSG00000117245.nuc.ord.tre,1.081524
ENSG00000117266.nuc.ord.aln,ENSG00000117266.nuc.ord.tre,0.504611
ENSG00000117280.nuc.ord.aln,ENSG00000117280.nuc.ord.tre,0.328002
ENSG00000117281.nuc.ord.aln,ENSG00000117281.nuc.ord.tre,0.216032
ENSG00000117298.nuc.ord.aln,ENSG00000117298.nuc.ord.tre,0.749479
ENSG00000117305.nuc.ord.aln,ENSG00000117305.nuc.ord.tre,0.385671
ENSG00000117308.nuc.ord.aln,ENSG00000117308.nuc.ord.tre,0.353925
ENSG00000117318.nuc.ord.aln,ENSG00000117318.nuc.ord.tre,0.229773
ENSG00000117322.nuc.ord.aln,ENSG00000117322.nuc.ord.tre,3.499737
ENSG00000117360.nuc.ord.aln,ENSG00000117360.nuc.ord.tre,0.669760
ENSG00000117385.nuc.ord.aln,ENSG00000117385.nuc.ord.tre,1.556261
ENSG00000117394.nuc.ord.aln,ENSG00000117394.nuc.ord.tre,0.388289
ENSG00000117395.nuc.ord.aln,ENSG00000117395.nuc.ord.tre,0.313167
ENSG00000117399.nuc.ord.aln,ENSG00000117399.nuc.ord.tre,0.487835
ENSG00000117400.nuc.ord.aln,ENSG00000117400.nuc.ord.tre,0.700819
ENSG00000117408.nuc.ord.aln,ENSG00000117408.nuc.ord.tre,0.724545
ENSG00000117411.nuc.ord.aln,ENSG00000117411.nuc.ord.tre,0.352071
ENSG00000117419.nuc.ord.aln,ENSG00000117419.nuc.ord.tre,0.440904
ENSG00000117425.nuc.ord.aln,ENSG00000117425.nuc.ord.tre,1.248408
ENSG00000117450.nuc.ord.aln,ENSG00000117450.nuc.ord.tre,0.305713
ENSG00000117461.nuc.ord.aln,ENSG00000117461.nuc.ord.tre,0.525963
ENSG00000117472.nuc.ord.aln,ENSG00000117472.nuc.ord.tre,0.203766
ENSG00000117475.nuc.ord.aln,ENSG00000117475.nuc.ord.tre,0.373585
ENSG00000117477.nuc.ord.aln,ENSG00000117477.nuc.ord.tre,0.419518
ENSG00000117479.nuc.ord.aln,ENSG00000117479.nuc.ord.tre,0.414449
ENSG00000117480.nuc.ord.aln,ENSG00000117480.nuc.ord.tre,0.968373
ENSG00000117481.nuc.ord.aln,ENSG00000117481.nuc.ord.tre,0.531436
ENSG00000117500.nuc.ord.aln,ENSG00000117500.nuc.ord.tre,0.336767
ENSG00000117501.nuc.ord.aln,ENSG00000117501.nuc.ord.tre,0.950941
ENSG00000117505.nuc.ord.aln,ENSG00000117505.nuc.ord.tre,0.306265
ENSG00000117523.nuc.ord.aln,ENSG00000117523.nuc.ord.tre,7.458013
ENSG00000117525.nuc.ord.aln,ENSG00000117525.nuc.ord.tre,0.347960
ENSG00000117528.nuc.ord.aln,ENSG00000117528.nuc.ord.tre,0.655717
ENSG00000117533.nuc.ord.aln,ENSG00000117533.nuc.ord.tre,0.117341
ENSG00000117543.nuc.ord.aln,ENSG00000117543.nuc.ord.tre,0.392124
ENSG00000117569.nuc.ord.aln,ENSG00000117569.nuc.ord.tre,0.468212
ENSG00000117586.nuc.ord.aln,ENSG00000117586.nuc.ord.tre,0.322058
ENSG00000117594.nuc.ord.aln,ENSG00000117594.nuc.ord.tre,0.309884
ENSG00000117595.nuc.ord.aln,ENSG00000117595.nuc.ord.tre,0.497081
ENSG00000117597.nuc.ord.aln,ENSG00000117597.nuc.ord.tre,0.781549
ENSG00000117598.nuc.ord.aln,ENSG00000117598.nuc.ord.tre,0.517475
ENSG00000117600.nuc.ord.aln,ENSG00000117600.nuc.ord.tre,0.821843
ENSG00000117601.nuc.ord.aln,ENSG00000117601.nuc.ord.tre,0.645259
ENSG00000117602.nuc.ord.aln,ENSG00000117602.nuc.ord.tre,0.383414
ENSG00000117614.nuc.ord.aln,ENSG00000117614.nuc.ord.tre,0.294166
ENSG00000117616.nuc.ord.aln,ENSG00000117616.nuc.ord.tre,0.296506
ENSG00000117625.nuc.ord.aln,ENSG00000117625.nuc.ord.tre,0.551390
ENSG00000117640.nuc.ord.aln,ENSG00000117640.nuc.ord.tre,0.387861
ENSG00000117643.nuc.ord.aln,ENSG00000117643.nuc.ord.tre,0.608637
ENSG00000117650.nuc.ord.aln,ENSG00000117650.nuc.ord.tre,0.426393
ENSG00000117676.nuc.ord.aln,ENSG00000117676.nuc.ord.tre,0.834361
ENSG00000117682.nuc.ord.aln,ENSG00000117682.nuc.ord.tre,0.403491
ENSG00000117691.nuc.ord.aln,ENSG00000117691.nuc.ord.tre,0.286297
ENSG00000117697.nuc.ord.aln,ENSG00000117697.nuc.ord.tre,0.344214
ENSG00000117707.nuc.ord.aln,ENSG00000117707.nuc.ord.tre,0.677161
ENSG00000117713.nuc.ord.aln,ENSG00000117713.nuc.ord.tre,4.272847
ENSG00000117724.nuc.ord.aln,ENSG00000117724.nuc.ord.tre,5.399073
ENSG00000117751.nuc.ord.aln,ENSG00000117751.nuc.ord.tre,0.409392
ENSG00000117758.nuc.ord.aln,ENSG00000117758.nuc.ord.tre,0.391596
ENSG00000117834.nuc.ord.aln,ENSG00000117834.nuc.ord.tre,0.811317
ENSG00000117862.nuc.ord.aln,ENSG00000117862.nuc.ord.tre,0.347932
ENSG00000117868.nuc.ord.aln,ENSG00000117868.nuc.ord.tre,1.074552
ENSG00000117877.nuc.ord.aln,ENSG00000117877.nuc.ord.tre,0.462428
ENSG00000117906.nuc.ord.aln,ENSG00000117906.nuc.ord.tre,0.480316
ENSG00000117971.nuc.ord.aln,ENSG00000117971.nuc.ord.tre,0.415102
ENSG00000118004.nuc.ord.aln,ENSG00000118004.nuc.ord.tre,0.338225
ENSG00000118007.nuc.ord.aln,ENSG00000118007.nuc.ord.tre,1.477885
ENSG00000118017.nuc.ord.aln,ENSG00000118017.nuc.ord.tre,0.335676
ENSG00000118046.nuc.ord.aln,ENSG00000118046.nuc.ord.tre,0.348553
ENSG00000118058.nuc.ord.aln,ENSG00000118058.nuc.ord.tre,9.644338
ENSG00000118094.nuc.ord.aln,ENSG00000118094.nuc.ord.tre,0.431788
ENSG00000118096.nuc.ord.aln,ENSG00000118096.nuc.ord.tre,0.418857
ENSG00000118113.nuc.ord.aln,ENSG00000118113.nuc.ord.tre,0.560513
ENSG00000118137.nuc.ord.aln,ENSG00000118137.nuc.ord.tre,0.300024
ENSG00000118156.nuc.ord.aln,ENSG00000118156.nuc.ord.tre,1.486097
ENSG00000118162.nuc.ord.aln,ENSG00000118162.nuc.ord.tre,0.661157
ENSG00000118193.nuc.ord.aln,ENSG00000118193.nuc.ord.tre,2.086106
ENSG00000118194.nuc.ord.aln,ENSG00000118194.nuc.ord.tre,0.318797
ENSG00000118197.nuc.ord.aln,ENSG00000118197.nuc.ord.tre,0.286285
ENSG00000118200.nuc.ord.aln,ENSG00000118200.nuc.ord.tre,2.003455
ENSG00000118217.nuc.ord.aln,ENSG00000118217.nuc.ord.tre,0.634584
ENSG00000118246.nuc.ord.aln,ENSG00000118246.nuc.ord.tre,0.724209
ENSG00000118257.nuc.ord.aln,ENSG00000118257.nuc.ord.tre,0.910793
ENSG00000118260.nuc.ord.aln,ENSG00000118260.nuc.ord.tre,0.397927
ENSG00000118263.nuc.ord.aln,ENSG00000118263.nuc.ord.tre,0.475156
ENSG00000118271.nuc.ord.aln,ENSG00000118271.nuc.ord.tre,0.301013
ENSG00000118276.nuc.ord.aln,ENSG00000118276.nuc.ord.tre,0.402645
ENSG00000118292.nuc.ord.aln,ENSG00000118292.nuc.ord.tre,0.305104
ENSG00000118298.nuc.ord.aln,ENSG00000118298.nuc.ord.tre,0.394153
ENSG00000118307.nuc.ord.aln,ENSG00000118307.nuc.ord.tre,0.742250
ENSG00000118308.nuc.ord.aln,ENSG00000118308.nuc.ord.tre,0.472921
ENSG00000118322.nuc.ord.aln,ENSG00000118322.nuc.ord.tre,1.689147
ENSG00000118363.nuc.ord.aln,ENSG00000118363.nuc.ord.tre,0.336544
ENSG00000118402.nuc.ord.aln,ENSG00000118402.nuc.ord.tre,0.384906
ENSG00000118407.nuc.ord.aln,ENSG00000118407.nuc.ord.tre,1.334775
ENSG00000118412.nuc.ord.aln,ENSG00000118412.nuc.ord.tre,2.532175
ENSG00000118418.nuc.ord.aln,ENSG00000118418.nuc.ord.tre,0.259097
ENSG00000118420.nuc.ord.aln,ENSG00000118420.nuc.ord.tre,0.408456
ENSG00000118432.nuc.ord.aln,ENSG00000118432.nuc.ord.tre,0.468172
ENSG00000118434.nuc.ord.aln,ENSG00000118434.nuc.ord.tre,0.391300
ENSG00000118454.nuc.ord.aln,ENSG00000118454.nuc.ord.tre,0.499134
ENSG00000118473.nuc.ord.aln,ENSG00000118473.nuc.ord.tre,0.954503
ENSG00000118482.nuc.ord.aln,ENSG00000118482.nuc.ord.tre,3.139012
ENSG00000118492.nuc.ord.aln,ENSG00000118492.nuc.ord.tre,2.024954
ENSG00000118495.nuc.ord.aln,ENSG00000118495.nuc.ord.tre,0.548064
ENSG00000118496.nuc.ord.aln,ENSG00000118496.nuc.ord.tre,0.578466
ENSG00000118503.nuc.ord.aln,ENSG00000118503.nuc.ord.tre,0.731226
ENSG00000118507.nuc.ord.aln,ENSG00000118507.nuc.ord.tre,0.432628
ENSG00000118508.nuc.ord.aln,ENSG00000118508.nuc.ord.tre,0.328364
ENSG00000118513.nuc.ord.aln,ENSG00000118513.nuc.ord.tre,0.775865
ENSG00000118514.nuc.ord.aln,ENSG00000118514.nuc.ord.tre,0.454919
ENSG00000118515.nuc.ord.aln,ENSG00000118515.nuc.ord.tre,0.419836
ENSG00000120727.nuc.ord.aln,ENSG00000120727.nuc.ord.tre,0.194767
ENSG00000120729.nuc.ord.aln,ENSG00000120729.nuc.ord.tre,1.299437
ENSG00000120733.nuc.ord.aln,ENSG00000120733.nuc.ord.tre,2.344132
ENSG00000120756.nuc.ord.aln,ENSG00000120756.nuc.ord.tre,0.559134
ENSG00000120798.nuc.ord.aln,ENSG00000120798.nuc.ord.tre,0.543371
ENSG00000120800.nuc.ord.aln,ENSG00000120800.nuc.ord.tre,5.225539
ENSG00000120802.nuc.ord.aln,ENSG00000120802.nuc.ord.tre,0.564251
ENSG00000120805.nuc.ord.aln,ENSG00000120805.nuc.ord.tre,0.307105
ENSG00000120820.nuc.ord.aln,ENSG00000120820.nuc.ord.tre,0.400581
ENSG00000120837.nuc.ord.aln,ENSG00000120837.nuc.ord.tre,0.323239
ENSG00000120860.nuc.ord.aln,ENSG00000120860.nuc.ord.tre,0.304665
ENSG00000120868.nuc.ord.aln,ENSG00000120868.nuc.ord.tre,1.510870
ENSG00000120875.nuc.ord.aln,ENSG00000120875.nuc.ord.tre,0.366878
ENSG00000120885.nuc.ord.aln,ENSG00000120885.nuc.ord.tre,0.499571
ENSG00000120896.nuc.ord.aln,ENSG00000120896.nuc.ord.tre,0.713074
ENSG00000120899.nuc.ord.aln,ENSG00000120899.nuc.ord.tre,0.942122
ENSG00000120903.nuc.ord.aln,ENSG00000120903.nuc.ord.tre,0.469502
ENSG00000120907.nuc.ord.aln,ENSG00000120907.nuc.ord.tre,0.380358
ENSG00000120910.nuc.ord.aln,ENSG00000120910.nuc.ord.tre,0.652946
ENSG00000120915.nuc.ord.aln,ENSG00000120915.nuc.ord.tre,0.484820
ENSG00000120925.nuc.ord.aln,ENSG00000120925.nuc.ord.tre,0.722145
ENSG00000120942.nuc.ord.aln,ENSG00000120942.nuc.ord.tre,0.330937
ENSG00000120949.nuc.ord.aln,ENSG00000120949.nuc.ord.tre,0.487810
ENSG00000121005.nuc.ord.aln,ENSG00000121005.nuc.ord.tre,0.449038
ENSG00000121022.nuc.ord.aln,ENSG00000121022.nuc.ord.tre,0.366053
ENSG00000121031.nuc.ord.aln,ENSG00000121031.nuc.ord.tre,9.472085
ENSG00000121039.nuc.ord.aln,ENSG00000121039.nuc.ord.tre,0.507759
ENSG00000121053.nuc.ord.aln,ENSG00000121053.nuc.ord.tre,0.679966
ENSG00000121057.nuc.ord.aln,ENSG00000121057.nuc.ord.tre,1.005817
ENSG00000121058.nuc.ord.aln,ENSG00000121058.nuc.ord.tre,0.518802
ENSG00000121060.nuc.ord.aln,ENSG00000121060.nuc.ord.tre,0.625518
ENSG00000121064.nuc.ord.aln,ENSG00000121064.nuc.ord.tre,0.445087
ENSG00000121068.nuc.ord.aln,ENSG00000121068.nuc.ord.tre,0.517267
ENSG00000121073.nuc.ord.aln,ENSG00000121073.nuc.ord.tre,0.388845
ENSG00000118518.nuc.ord.aln,ENSG00000118518.nuc.ord.tre,0.325423
ENSG00000118523.nuc.ord.aln,ENSG00000118523.nuc.ord.tre,0.336936
ENSG00000118526.nuc.ord.aln,ENSG00000118526.nuc.ord.tre,0.253523
ENSG00000118557.nuc.ord.aln,ENSG00000118557.nuc.ord.tre,1.033355
ENSG00000118564.nuc.ord.aln,ENSG00000118564.nuc.ord.tre,0.609230
ENSG00000118579.nuc.ord.aln,ENSG00000118579.nuc.ord.tre,0.305898
ENSG00000118596.nuc.ord.aln,ENSG00000118596.nuc.ord.tre,0.438890
ENSG00000118600.nuc.ord.aln,ENSG00000118600.nuc.ord.tre,0.335719
ENSG00000118655.nuc.ord.aln,ENSG00000118655.nuc.ord.tre,0.445199
ENSG00000118680.nuc.ord.aln,ENSG00000118680.nuc.ord.tre,0.093815
ENSG00000118689.nuc.ord.aln,ENSG00000118689.nuc.ord.tre,0.652180
ENSG00000118690.nuc.ord.aln,ENSG00000118690.nuc.ord.tre,0.896505
ENSG00000118702.nuc.ord.aln,ENSG00000118702.nuc.ord.tre,0.245174
ENSG00000118705.nuc.ord.aln,ENSG00000118705.nuc.ord.tre,0.625905
ENSG00000118707.nuc.ord.aln,ENSG00000118707.nuc.ord.tre,0.277383
ENSG00000118729.nuc.ord.aln,ENSG00000118729.nuc.ord.tre,0.475234
ENSG00000118733.nuc.ord.aln,ENSG00000118733.nuc.ord.tre,0.456704
ENSG00000118762.nuc.ord.aln,ENSG00000118762.nuc.ord.tre,1.055366
ENSG00000118777.nuc.ord.aln,ENSG00000118777.nuc.ord.tre,0.466542
ENSG00000118785.nuc.ord.aln,ENSG00000118785.nuc.ord.tre,0.388738
ENSG00000118804.nuc.ord.aln,ENSG00000118804.nuc.ord.tre,0.290506
ENSG00000118816.nuc.ord.aln,ENSG00000118816.nuc.ord.tre,0.236975
ENSG00000118849.nuc.ord.aln,ENSG00000118849.nuc.ord.tre,0.301671
ENSG00000118855.nuc.ord.aln,ENSG00000118855.nuc.ord.tre,0.425047
ENSG00000118873.nuc.ord.aln,ENSG00000118873.nuc.ord.tre,1.530823
ENSG00000118898.nuc.ord.aln,ENSG00000118898.nuc.ord.tre,2.211155
ENSG00000118900.nuc.ord.aln,ENSG00000118900.nuc.ord.tre,1.334912
ENSG00000118922.nuc.ord.aln,ENSG00000118922.nuc.ord.tre,0.423249
ENSG00000118946.nuc.ord.aln,ENSG00000118946.nuc.ord.tre,1.269237
ENSG00000118961.nuc.ord.aln,ENSG00000118961.nuc.ord.tre,0.358846
ENSG00000118965.nuc.ord.aln,ENSG00000118965.nuc.ord.tre,1.078566
ENSG00000118971.nuc.ord.aln,ENSG00000118971.nuc.ord.tre,0.323921
ENSG00000118972.nuc.ord.aln,ENSG00000118972.nuc.ord.tre,0.269099
ENSG00000118985.nuc.ord.aln,ENSG00000118985.nuc.ord.tre,0.486821
ENSG00000118997.nuc.ord.aln,ENSG00000118997.nuc.ord.tre,8.891156
ENSG00000119041.nuc.ord.aln,ENSG00000119041.nuc.ord.tre,0.835266
ENSG00000119042.nuc.ord.aln,ENSG00000119042.nuc.ord.tre,0.761861
ENSG00000119048.nuc.ord.aln,ENSG00000119048.nuc.ord.tre,0.280621
ENSG00000119121.nuc.ord.aln,ENSG00000119121.nuc.ord.tre,3.158699
ENSG00000119125.nuc.ord.aln,ENSG00000119125.nuc.ord.tre,0.497440
ENSG00000119138.nuc.ord.aln,ENSG00000119138.nuc.ord.tre,0.255735
ENSG00000119139.nuc.ord.aln,ENSG00000119139.nuc.ord.tre,1.519278
ENSG00000119147.nuc.ord.aln,ENSG00000119147.nuc.ord.tre,0.348606
ENSG00000119185.nuc.ord.aln,ENSG00000119185.nuc.ord.tre,0.329911
ENSG00000119203.nuc.ord.aln,ENSG00000119203.nuc.ord.tre,0.593533
ENSG00000119227.nuc.ord.aln,ENSG00000119227.nuc.ord.tre,0.517290
ENSG00000119231.nuc.ord.aln,ENSG00000119231.nuc.ord.tre,0.382408
ENSG00000119242.nuc.ord.aln,ENSG00000119242.nuc.ord.tre,0.323285
ENSG00000119280.nuc.ord.aln,ENSG00000119280.nuc.ord.tre,0.261964
ENSG00000119283.nuc.ord.aln,ENSG00000119283.nuc.ord.tre,0.642940
ENSG00000119285.nuc.ord.aln,ENSG00000119285.nuc.ord.tre,2.910478
ENSG00000119314.nuc.ord.aln,ENSG00000119314.nuc.ord.tre,0.730592
ENSG00000119318.nuc.ord.aln,ENSG00000119318.nuc.ord.tre,0.423864
ENSG00000119321.nuc.ord.aln,ENSG00000119321.nuc.ord.tre,1.923971
ENSG00000119326.nuc.ord.aln,ENSG00000119326.nuc.ord.tre,0.643512
ENSG00000119328.nuc.ord.aln,ENSG00000119328.nuc.ord.tre,0.330993
ENSG00000119333.nuc.ord.aln,ENSG00000119333.nuc.ord.tre,0.381171
ENSG00000119383.nuc.ord.aln,ENSG00000119383.nuc.ord.tre,0.577505
ENSG00000119392.nuc.ord.aln,ENSG00000119392.nuc.ord.tre,0.592509
ENSG00000119397.nuc.ord.aln,ENSG00000119397.nuc.ord.tre,3.498249
ENSG00000119401.nuc.ord.aln,ENSG00000119401.nuc.ord.tre,0.296611
ENSG00000119402.nuc.ord.aln,ENSG00000119402.nuc.ord.tre,0.436552
ENSG00000119403.nuc.ord.aln,ENSG00000119403.nuc.ord.tre,0.636801
ENSG00000119408.nuc.ord.aln,ENSG00000119408.nuc.ord.tre,0.389602
ENSG00000119411.nuc.ord.aln,ENSG00000119411.nuc.ord.tre,0.410022
ENSG00000119414.nuc.ord.aln,ENSG00000119414.nuc.ord.tre,0.384636
ENSG00000119421.nuc.ord.aln,ENSG00000119421.nuc.ord.tre,0.324285
ENSG00000119446.nuc.ord.aln,ENSG00000119446.nuc.ord.tre,0.296802
ENSG00000119457.nuc.ord.aln,ENSG00000119457.nuc.ord.tre,0.433501
ENSG00000119471.nuc.ord.aln,ENSG00000119471.nuc.ord.tre,0.448477
ENSG00000119487.nuc.ord.aln,ENSG00000119487.nuc.ord.tre,0.472682
ENSG00000119508.nuc.ord.aln,ENSG00000119508.nuc.ord.tre,0.736399
ENSG00000119509.nuc.ord.aln,ENSG00000119509.nuc.ord.tre,1.249718
ENSG00000119514.nuc.ord.aln,ENSG00000119514.nuc.ord.tre,0.472942
ENSG00000119522.nuc.ord.aln,ENSG00000119522.nuc.ord.tre,1.078056
ENSG00000119523.nuc.ord.aln,ENSG00000119523.nuc.ord.tre,0.368011
ENSG00000119535.nuc.ord.aln,ENSG00000119535.nuc.ord.tre,0.784045
ENSG00000119537.nuc.ord.aln,ENSG00000119537.nuc.ord.tre,0.419267
ENSG00000120519.nuc.ord.aln,ENSG00000120519.nuc.ord.tre,0.437522
ENSG00000120526.nuc.ord.aln,ENSG00000120526.nuc.ord.tre,0.558539
ENSG00000120533.nuc.ord.aln,ENSG00000120533.nuc.ord.tre,0.205543
ENSG00000120594.nuc.ord.aln,ENSG00000120594.nuc.ord.tre,0.485791
ENSG00000120616.nuc.ord.aln,ENSG00000120616.nuc.ord.tre,0.767152
ENSG00000120645.nuc.ord.aln,ENSG00000120645.nuc.ord.tre,1.612843
ENSG00000120647.nuc.ord.aln,ENSG00000120647.nuc.ord.tre,0.489455
ENSG00000120656.nuc.ord.aln,ENSG00000120656.nuc.ord.tre,0.311037
ENSG00000120658.nuc.ord.aln,ENSG00000120658.nuc.ord.tre,0.720190
ENSG00000120659.nuc.ord.aln,ENSG00000120659.nuc.ord.tre,0.392013
ENSG00000120662.nuc.ord.aln,ENSG00000120662.nuc.ord.tre,0.428942
ENSG00000120669.nuc.ord.aln,ENSG00000120669.nuc.ord.tre,0.479222
ENSG00000120675.nuc.ord.aln,ENSG00000120675.nuc.ord.tre,0.274298
ENSG00000120685.nuc.ord.aln,ENSG00000120685.nuc.ord.tre,0.837841
ENSG00000120688.nuc.ord.aln,ENSG00000120688.nuc.ord.tre,0.404698
ENSG00000120690.nuc.ord.aln,ENSG00000120690.nuc.ord.tre,0.425609
ENSG00000120694.nuc.ord.aln,ENSG00000120694.nuc.ord.tre,0.827837
ENSG00000120697.nuc.ord.aln,ENSG00000120697.nuc.ord.tre,0.401325
ENSG00000120705.nuc.ord.aln,ENSG00000120705.nuc.ord.tre,0.419948
ENSG00000120708.nuc.ord.aln,ENSG00000120708.nuc.ord.tre,0.732935
ENSG00000120709.nuc.ord.aln,ENSG00000120709.nuc.ord.tre,0.372875
ENSG00000120725.nuc.ord.aln,ENSG00000120725.nuc.ord.tre,0.444649
ENSG00000119541.nuc.ord.aln,ENSG00000119541.nuc.ord.tre,0.534511
ENSG00000119596.nuc.ord.aln,ENSG00000119596.nuc.ord.tre,3.569873
ENSG00000119608.nuc.ord.aln,ENSG00000119608.nuc.ord.tre,0.598673
ENSG00000119614.nuc.ord.aln,ENSG00000119614.nuc.ord.tre,0.381247
ENSG00000119616.nuc.ord.aln,ENSG00000119616.nuc.ord.tre,0.322468
ENSG00000119630.nuc.ord.aln,ENSG00000119630.nuc.ord.tre,0.292150
ENSG00000119636.nuc.ord.aln,ENSG00000119636.nuc.ord.tre,0.487985
ENSG00000119638.nuc.ord.aln,ENSG00000119638.nuc.ord.tre,1.049085
ENSG00000119640.nuc.ord.aln,ENSG00000119640.nuc.ord.tre,0.240762
ENSG00000119650.nuc.ord.aln,ENSG00000119650.nuc.ord.tre,0.357673
ENSG00000119655.nuc.ord.aln,ENSG00000119655.nuc.ord.tre,0.320372
ENSG00000119661.nuc.ord.aln,ENSG00000119661.nuc.ord.tre,0.320938
ENSG00000119681.nuc.ord.aln,ENSG00000119681.nuc.ord.tre,2.864799
ENSG00000119682.nuc.ord.aln,ENSG00000119682.nuc.ord.tre,0.741820
ENSG00000119684.nuc.ord.aln,ENSG00000119684.nuc.ord.tre,1.716637
ENSG00000119685.nuc.ord.aln,ENSG00000119685.nuc.ord.tre,1.816062
ENSG00000119688.nuc.ord.aln,ENSG00000119688.nuc.ord.tre,0.508382
ENSG00000119689.nuc.ord.aln,ENSG00000119689.nuc.ord.tre,0.480796
ENSG00000119698.nuc.ord.aln,ENSG00000119698.nuc.ord.tre,0.824046
ENSG00000119699.nuc.ord.aln,ENSG00000119699.nuc.ord.tre,0.405490
ENSG00000119703.nuc.ord.aln,ENSG00000119703.nuc.ord.tre,0.310992
ENSG00000119705.nuc.ord.aln,ENSG00000119705.nuc.ord.tre,0.259115
ENSG00000119707.nuc.ord.aln,ENSG00000119707.nuc.ord.tre,0.689425
ENSG00000119711.nuc.ord.aln,ENSG00000119711.nuc.ord.tre,0.441564
ENSG00000119715.nuc.ord.aln,ENSG00000119715.nuc.ord.tre,0.472895
ENSG00000119718.nuc.ord.aln,ENSG00000119718.nuc.ord.tre,0.390643
ENSG00000119720.nuc.ord.aln,ENSG00000119720.nuc.ord.tre,1.232757
ENSG00000119723.nuc.ord.aln,ENSG00000119723.nuc.ord.tre,0.499290
ENSG00000119725.nuc.ord.aln,ENSG00000119725.nuc.ord.tre,0.464448
ENSG00000119729.nuc.ord.aln,ENSG00000119729.nuc.ord.tre,0.339259
ENSG00000119737.nuc.ord.aln,ENSG00000119737.nuc.ord.tre,0.275122
ENSG00000119760.nuc.ord.aln,ENSG00000119760.nuc.ord.tre,0.543262
ENSG00000119771.nuc.ord.aln,ENSG00000119771.nuc.ord.tre,0.765913
ENSG00000119772.nuc.ord.aln,ENSG00000119772.nuc.ord.tre,0.647305
ENSG00000119777.nuc.ord.aln,ENSG00000119777.nuc.ord.tre,0.578457
ENSG00000119778.nuc.ord.aln,ENSG00000119778.nuc.ord.tre,2.149387
ENSG00000119782.nuc.ord.aln,ENSG00000119782.nuc.ord.tre,0.208292
ENSG00000119787.nuc.ord.aln,ENSG00000119787.nuc.ord.tre,0.534019
ENSG00000119801.nuc.ord.aln,ENSG00000119801.nuc.ord.tre,0.267372
ENSG00000119812.nuc.ord.aln,ENSG00000119812.nuc.ord.tre,0.426118
ENSG00000119820.nuc.ord.aln,ENSG00000119820.nuc.ord.tre,0.403135
ENSG00000119844.nuc.ord.aln,ENSG00000119844.nuc.ord.tre,0.882238
ENSG00000119865.nuc.ord.aln,ENSG00000119865.nuc.ord.tre,0.281334
ENSG00000119866.nuc.ord.aln,ENSG00000119866.nuc.ord.tre,0.786672
ENSG00000119878.nuc.ord.aln,ENSG00000119878.nuc.ord.tre,0.234700
ENSG00000119888.nuc.ord.aln,ENSG00000119888.nuc.ord.tre,0.575053
ENSG00000119899.nuc.ord.aln,ENSG00000119899.nuc.ord.tre,0.418151
ENSG00000119900.nuc.ord.aln,ENSG00000119900.nuc.ord.tre,0.535510
ENSG00000119906.nuc.ord.aln,ENSG00000119906.nuc.ord.tre,1.980872
ENSG00000119912.nuc.ord.aln,ENSG00000119912.nuc.ord.tre,1.042428
ENSG00000119913.nuc.ord.aln,ENSG00000119913.nuc.ord.tre,0.407437
ENSG00000119919.nuc.ord.aln,ENSG00000119919.nuc.ord.tre,0.413478
ENSG00000119927.nuc.ord.aln,ENSG00000119927.nuc.ord.tre,0.817387
ENSG00000119929.nuc.ord.aln,ENSG00000119929.nuc.ord.tre,0.374249
ENSG00000119938.nuc.ord.aln,ENSG00000119938.nuc.ord.tre,0.287562
ENSG00000119943.nuc.ord.aln,ENSG00000119943.nuc.ord.tre,0.489763
ENSG00000119946.nuc.ord.aln,ENSG00000119946.nuc.ord.tre,0.893621
ENSG00000119950.nuc.ord.aln,ENSG00000119950.nuc.ord.tre,0.307685
ENSG00000119969.nuc.ord.aln,ENSG00000119969.nuc.ord.tre,0.973034
ENSG00000119977.nuc.ord.aln,ENSG00000119977.nuc.ord.tre,0.562230
ENSG00000119979.nuc.ord.aln,ENSG00000119979.nuc.ord.tre,0.391433
ENSG00000120008.nuc.ord.aln,ENSG00000120008.nuc.ord.tre,1.419687
ENSG00000120029.nuc.ord.aln,ENSG00000120029.nuc.ord.tre,0.653607
ENSG00000120049.nuc.ord.aln,ENSG00000120049.nuc.ord.tre,0.304475
ENSG00000120051.nuc.ord.aln,ENSG00000120051.nuc.ord.tre,0.800720
ENSG00000120053.nuc.ord.aln,ENSG00000120053.nuc.ord.tre,0.440758
ENSG00000120054.nuc.ord.aln,ENSG00000120054.nuc.ord.tre,0.432094
ENSG00000120063.nuc.ord.aln,ENSG00000120063.nuc.ord.tre,0.446756
ENSG00000120071.nuc.ord.aln,ENSG00000120071.nuc.ord.tre,1.145151
ENSG00000120087.nuc.ord.aln,ENSG00000120087.nuc.ord.tre,0.261932
ENSG00000120088.nuc.ord.aln,ENSG00000120088.nuc.ord.tre,0.509161
ENSG00000120129.nuc.ord.aln,ENSG00000120129.nuc.ord.tre,0.381582
ENSG00000120137.nuc.ord.aln,ENSG00000120137.nuc.ord.tre,0.433255
ENSG00000120156.nuc.ord.aln,ENSG00000120156.nuc.ord.tre,1.656724
ENSG00000120158.nuc.ord.aln,ENSG00000120158.nuc.ord.tre,0.472986
ENSG00000120159.nuc.ord.aln,ENSG00000120159.nuc.ord.tre,0.534046
ENSG00000120162.nuc.ord.aln,ENSG00000120162.nuc.ord.tre,0.342778
ENSG00000120215.nuc.ord.aln,ENSG00000120215.nuc.ord.tre,0.273825
ENSG00000120217.nuc.ord.aln,ENSG00000120217.nuc.ord.tre,0.386452
ENSG00000120251.nuc.ord.aln,ENSG00000120251.nuc.ord.tre,1.024134
ENSG00000120253.nuc.ord.aln,ENSG00000120253.nuc.ord.tre,0.450045
ENSG00000120262.nuc.ord.aln,ENSG00000120262.nuc.ord.tre,0.729672
ENSG00000120265.nuc.ord.aln,ENSG00000120265.nuc.ord.tre,0.365469
ENSG00000120278.nuc.ord.aln,ENSG00000120278.nuc.ord.tre,1.816334
ENSG00000120279.nuc.ord.aln,ENSG00000120279.nuc.ord.tre,0.322341
ENSG00000120280.nuc.ord.aln,ENSG00000120280.nuc.ord.tre,0.278730
ENSG00000120306.nuc.ord.aln,ENSG00000120306.nuc.ord.tre,0.230236
ENSG00000120314.nuc.ord.aln,ENSG00000120314.nuc.ord.tre,0.252967
ENSG00000120318.nuc.ord.aln,ENSG00000120318.nuc.ord.tre,1.740159
ENSG00000120333.nuc.ord.aln,ENSG00000120333.nuc.ord.tre,0.252360
ENSG00000120334.nuc.ord.aln,ENSG00000120334.nuc.ord.tre,0.378174
ENSG00000120337.nuc.ord.aln,ENSG00000120337.nuc.ord.tre,0.394498
ENSG00000120341.nuc.ord.aln,ENSG00000120341.nuc.ord.tre,1.229910
ENSG00000120370.nuc.ord.aln,ENSG00000120370.nuc.ord.tre,0.402217
ENSG00000120436.nuc.ord.aln,ENSG00000120436.nuc.ord.tre,0.219038
ENSG00000120451.nuc.ord.aln,ENSG00000120451.nuc.ord.tre,1.004527
ENSG00000120457.nuc.ord.aln,ENSG00000120457.nuc.ord.tre,0.350942
ENSG00000120458.nuc.ord.aln,ENSG00000120458.nuc.ord.tre,0.546000
ENSG00000120498.nuc.ord.aln,ENSG00000120498.nuc.ord.tre,0.826288
ENSG00000120509.nuc.ord.aln,ENSG00000120509.nuc.ord.tre,0.294749
ENSG00000121075.nuc.ord.aln,ENSG00000121075.nuc.ord.tre,0.497439
ENSG00000121101.nuc.ord.aln,ENSG00000121101.nuc.ord.tre,1.932289
ENSG00000121104.nuc.ord.aln,ENSG00000121104.nuc.ord.tre,0.374409
ENSG00000121152.nuc.ord.aln,ENSG00000121152.nuc.ord.tre,0.725338
ENSG00000121207.nuc.ord.aln,ENSG00000121207.nuc.ord.tre,0.309999
ENSG00000121210.nuc.ord.aln,ENSG00000121210.nuc.ord.tre,2.049868
ENSG00000121211.nuc.ord.aln,ENSG00000121211.nuc.ord.tre,0.291484
ENSG00000121281.nuc.ord.aln,ENSG00000121281.nuc.ord.tre,1.957697
ENSG00000121289.nuc.ord.aln,ENSG00000121289.nuc.ord.tre,0.811209
ENSG00000121297.nuc.ord.aln,ENSG00000121297.nuc.ord.tre,0.943846
ENSG00000121310.nuc.ord.aln,ENSG00000121310.nuc.ord.tre,0.315255
ENSG00000121316.nuc.ord.aln,ENSG00000121316.nuc.ord.tre,0.494102
ENSG00000121350.nuc.ord.aln,ENSG00000121350.nuc.ord.tre,0.441027
ENSG00000121361.nuc.ord.aln,ENSG00000121361.nuc.ord.tre,0.348865
ENSG00000121390.nuc.ord.aln,ENSG00000121390.nuc.ord.tre,0.463184
ENSG00000121440.nuc.ord.aln,ENSG00000121440.nuc.ord.tre,1.084502
ENSG00000121454.nuc.ord.aln,ENSG00000121454.nuc.ord.tre,0.381926
ENSG00000121481.nuc.ord.aln,ENSG00000121481.nuc.ord.tre,0.377458
ENSG00000121486.nuc.ord.aln,ENSG00000121486.nuc.ord.tre,0.704238
ENSG00000121542.nuc.ord.aln,ENSG00000121542.nuc.ord.tre,0.368371
ENSG00000121577.nuc.ord.aln,ENSG00000121577.nuc.ord.tre,0.393728
ENSG00000121578.nuc.ord.aln,ENSG00000121578.nuc.ord.tre,0.498304
ENSG00000121579.nuc.ord.aln,ENSG00000121579.nuc.ord.tre,0.278515
ENSG00000121594.nuc.ord.aln,ENSG00000121594.nuc.ord.tre,0.316901
ENSG00000121621.nuc.ord.aln,ENSG00000121621.nuc.ord.tre,0.897686
ENSG00000121644.nuc.ord.aln,ENSG00000121644.nuc.ord.tre,0.407137
ENSG00000121671.nuc.ord.aln,ENSG00000121671.nuc.ord.tre,0.561520
ENSG00000121680.nuc.ord.aln,ENSG00000121680.nuc.ord.tre,0.431442
ENSG00000121690.nuc.ord.aln,ENSG00000121690.nuc.ord.tre,0.608118
ENSG00000121741.nuc.ord.aln,ENSG00000121741.nuc.ord.tre,1.514555
ENSG00000121742.nuc.ord.aln,ENSG00000121742.nuc.ord.tre,0.234805
ENSG00000121749.nuc.ord.aln,ENSG00000121749.nuc.ord.tre,0.671696
ENSG00000121753.nuc.ord.aln,ENSG00000121753.nuc.ord.tre,2.606979
ENSG00000121764.nuc.ord.aln,ENSG00000121764.nuc.ord.tre,0.388351
ENSG00000121774.nuc.ord.aln,ENSG00000121774.nuc.ord.tre,0.417584
ENSG00000121775.nuc.ord.aln,ENSG00000121775.nuc.ord.tre,0.543762
ENSG00000121848.nuc.ord.aln,ENSG00000121848.nuc.ord.tre,0.493748
ENSG00000121851.nuc.ord.aln,ENSG00000121851.nuc.ord.tre,0.334111
ENSG00000121853.nuc.ord.aln,ENSG00000121853.nuc.ord.tre,0.355231
ENSG00000121858.nuc.ord.aln,ENSG00000121858.nuc.ord.tre,0.368190
ENSG00000121871.nuc.ord.aln,ENSG00000121871.nuc.ord.tre,0.775383
ENSG00000121879.nuc.ord.aln,ENSG00000121879.nuc.ord.tre,0.998554
ENSG00000121892.nuc.ord.aln,ENSG00000121892.nuc.ord.tre,1.486484
ENSG00000121895.nuc.ord.aln,ENSG00000121895.nuc.ord.tre,0.399849
ENSG00000121897.nuc.ord.aln,ENSG00000121897.nuc.ord.tre,0.399614
ENSG00000121898.nuc.ord.aln,ENSG00000121898.nuc.ord.tre,0.595721
ENSG00000121900.nuc.ord.aln,ENSG00000121900.nuc.ord.tre,0.326756
ENSG00000121904.nuc.ord.aln,ENSG00000121904.nuc.ord.tre,9.065387
ENSG00000121905.nuc.ord.aln,ENSG00000121905.nuc.ord.tre,0.328934
ENSG00000121931.nuc.ord.aln,ENSG00000121931.nuc.ord.tre,0.738274
ENSG00000121933.nuc.ord.aln,ENSG00000121933.nuc.ord.tre,0.536790
ENSG00000121940.nuc.ord.aln,ENSG00000121940.nuc.ord.tre,0.507629
ENSG00000121957.nuc.ord.aln,ENSG00000121957.nuc.ord.tre,0.549115
ENSG00000121966.nuc.ord.aln,ENSG00000121966.nuc.ord.tre,0.343553
ENSG00000121988.nuc.ord.aln,ENSG00000121988.nuc.ord.tre,1.115057
ENSG00000121989.nuc.ord.aln,ENSG00000121989.nuc.ord.tre,0.533956
ENSG00000122008.nuc.ord.aln,ENSG00000122008.nuc.ord.tre,1.055341
ENSG00000122012.nuc.ord.aln,ENSG00000122012.nuc.ord.tre,0.651536
ENSG00000122025.nuc.ord.aln,ENSG00000122025.nuc.ord.tre,1.080214
ENSG00000122033.nuc.ord.aln,ENSG00000122033.nuc.ord.tre,0.329967
ENSG00000122034.nuc.ord.aln,ENSG00000122034.nuc.ord.tre,0.442917
ENSG00000122035.nuc.ord.aln,ENSG00000122035.nuc.ord.tre,0.401488
ENSG00000122042.nuc.ord.aln,ENSG00000122042.nuc.ord.tre,0.286778
ENSG00000122068.nuc.ord.aln,ENSG00000122068.nuc.ord.tre,0.387540
ENSG00000122085.nuc.ord.aln,ENSG00000122085.nuc.ord.tre,0.448857
ENSG00000122121.nuc.ord.aln,ENSG00000122121.nuc.ord.tre,0.684098
ENSG00000122126.nuc.ord.aln,ENSG00000122126.nuc.ord.tre,0.867916
ENSG00000122140.nuc.ord.aln,ENSG00000122140.nuc.ord.tre,0.303720
ENSG00000122176.nuc.ord.aln,ENSG00000122176.nuc.ord.tre,0.338392
ENSG00000122180.nuc.ord.aln,ENSG00000122180.nuc.ord.tre,0.354705
ENSG00000122188.nuc.ord.aln,ENSG00000122188.nuc.ord.tre,0.467547
ENSG00000122194.nuc.ord.aln,ENSG00000122194.nuc.ord.tre,0.435372
ENSG00000122203.nuc.ord.aln,ENSG00000122203.nuc.ord.tre,0.357764
ENSG00000122218.nuc.ord.aln,ENSG00000122218.nuc.ord.tre,1.479018
ENSG00000122223.nuc.ord.aln,ENSG00000122223.nuc.ord.tre,0.381607
ENSG00000122254.nuc.ord.aln,ENSG00000122254.nuc.ord.tre,0.324866
ENSG00000122257.nuc.ord.aln,ENSG00000122257.nuc.ord.tre,2.312344
ENSG00000122299.nuc.ord.aln,ENSG00000122299.nuc.ord.tre,0.926583
ENSG00000122335.nuc.ord.aln,ENSG00000122335.nuc.ord.tre,0.598369
ENSG00000122378.nuc.ord.aln,ENSG00000122378.nuc.ord.tre,0.341806
ENSG00000122390.nuc.ord.aln,ENSG00000122390.nuc.ord.tre,0.437279
ENSG00000122417.nuc.ord.aln,ENSG00000122417.nuc.ord.tre,0.606881
ENSG00000122420.nuc.ord.aln,ENSG00000122420.nuc.ord.tre,0.405664
ENSG00000122432.nuc.ord.aln,ENSG00000122432.nuc.ord.tre,0.364270
ENSG00000122435.nuc.ord.aln,ENSG00000122435.nuc.ord.tre,0.443366
ENSG00000122477.nuc.ord.aln,ENSG00000122477.nuc.ord.tre,0.445527
ENSG00000122481.nuc.ord.aln,ENSG00000122481.nuc.ord.tre,0.328786
ENSG00000122482.nuc.ord.aln,ENSG00000122482.nuc.ord.tre,1.465059
ENSG00000122483.nuc.ord.aln,ENSG00000122483.nuc.ord.tre,1.685475
ENSG00000122484.nuc.ord.aln,ENSG00000122484.nuc.ord.tre,0.557341
ENSG00000122490.nuc.ord.aln,ENSG00000122490.nuc.ord.tre,0.320475
ENSG00000122507.nuc.ord.aln,ENSG00000122507.nuc.ord.tre,0.824352
ENSG00000122547.nuc.ord.aln,ENSG00000122547.nuc.ord.tre,0.512655
ENSG00000122550.nuc.ord.aln,ENSG00000122550.nuc.ord.tre,0.497082
ENSG00000122557.nuc.ord.aln,ENSG00000122557.nuc.ord.tre,0.520337
ENSG00000122584.nuc.ord.aln,ENSG00000122584.nuc.ord.tre,0.349857
ENSG00000122585.nuc.ord.aln,ENSG00000122585.nuc.ord.tre,0.229742
ENSG00000122591.nuc.ord.aln,ENSG00000122591.nuc.ord.tre,0.504175
ENSG00000122592.nuc.ord.aln,ENSG00000122592.nuc.ord.tre,0.281515
ENSG00000122643.nuc.ord.aln,ENSG00000122643.nuc.ord.tre,0.378893
ENSG00000122678.nuc.ord.aln,ENSG00000122678.nuc.ord.tre,0.944175
ENSG00000122679.nuc.ord.aln,ENSG00000122679.nuc.ord.tre,0.208527
ENSG00000122687.nuc.ord.aln,ENSG00000122687.nuc.ord.tre,0.301733
ENSG00000122691.nuc.ord.aln,ENSG00000122691.nuc.ord.tre,0.118271
ENSG00000122692.nuc.ord.aln,ENSG00000122692.nuc.ord.tre,0.366116
ENSG00000122694.nuc.ord.aln,ENSG00000122694.nuc.ord.tre,0.328338
ENSG00000122705.nuc.ord.aln,ENSG00000122705.nuc.ord.tre,0.399763
ENSG00000122707.nuc.ord.aln,ENSG00000122707.nuc.ord.tre,0.982584
ENSG00000122711.nuc.ord.aln,ENSG00000122711.nuc.ord.tre,0.282731
ENSG00000122729.nuc.ord.aln,ENSG00000122729.nuc.ord.tre,1.055956
ENSG00000122735.nuc.ord.aln,ENSG00000122735.nuc.ord.tre,0.555571
ENSG00000122741.nuc.ord.aln,ENSG00000122741.nuc.ord.tre,0.521083
ENSG00000122756.nuc.ord.aln,ENSG00000122756.nuc.ord.tre,0.330866
ENSG00000122778.nuc.ord.aln,ENSG00000122778.nuc.ord.tre,2.732852
ENSG00000122779.nuc.ord.aln,ENSG00000122779.nuc.ord.tre,1.095103
ENSG00000122783.nuc.ord.aln,ENSG00000122783.nuc.ord.tre,0.247716
ENSG00000122786.nuc.ord.aln,ENSG00000122786.nuc.ord.tre,0.920486
ENSG00000122787.nuc.ord.aln,ENSG00000122787.nuc.ord.tre,0.375131
ENSG00000122859.nuc.ord.aln,ENSG00000122859.nuc.ord.tre,0.176220
ENSG00000122861.nuc.ord.aln,ENSG00000122861.nuc.ord.tre,0.416889
ENSG00000122862.nuc.ord.aln,ENSG00000122862.nuc.ord.tre,0.290411
ENSG00000122863.nuc.ord.aln,ENSG00000122863.nuc.ord.tre,0.372872
ENSG00000122870.nuc.ord.aln,ENSG00000122870.nuc.ord.tre,1.021102
ENSG00000122873.nuc.ord.aln,ENSG00000122873.nuc.ord.tre,0.251039
ENSG00000122877.nuc.ord.aln,ENSG00000122877.nuc.ord.tre,0.382786
ENSG00000122882.nuc.ord.aln,ENSG00000122882.nuc.ord.tre,0.644215
ENSG00000122884.nuc.ord.aln,ENSG00000122884.nuc.ord.tre,0.465002
ENSG00000122912.nuc.ord.aln,ENSG00000122912.nuc.ord.tre,0.444475
ENSG00000122958.nuc.ord.aln,ENSG00000122958.nuc.ord.tre,0.260231
ENSG00000122965.nuc.ord.aln,ENSG00000122965.nuc.ord.tre,1.012990
ENSG00000122966.nuc.ord.aln,ENSG00000122966.nuc.ord.tre,2.279792
ENSG00000122970.nuc.ord.aln,ENSG00000122970.nuc.ord.tre,0.738931
ENSG00000122986.nuc.ord.aln,ENSG00000122986.nuc.ord.tre,0.339583
ENSG00000123064.nuc.ord.aln,ENSG00000123064.nuc.ord.tre,0.833494
ENSG00000123066.nuc.ord.aln,ENSG00000123066.nuc.ord.tre,3.491612
ENSG00000123080.nuc.ord.aln,ENSG00000123080.nuc.ord.tre,0.291718
ENSG00000123091.nuc.ord.aln,ENSG00000123091.nuc.ord.tre,0.204540
ENSG00000123094.nuc.ord.aln,ENSG00000123094.nuc.ord.tre,0.399949
ENSG00000123096.nuc.ord.aln,ENSG00000123096.nuc.ord.tre,0.323639
ENSG00000123104.nuc.ord.aln,ENSG00000123104.nuc.ord.tre,4.083136
ENSG00000123106.nuc.ord.aln,ENSG00000123106.nuc.ord.tre,0.428420
ENSG00000123119.nuc.ord.aln,ENSG00000123119.nuc.ord.tre,0.407938
ENSG00000123124.nuc.ord.aln,ENSG00000123124.nuc.ord.tre,0.926219
ENSG00000123146.nuc.ord.aln,ENSG00000123146.nuc.ord.tre,0.887286
ENSG00000123154.nuc.ord.aln,ENSG00000123154.nuc.ord.tre,0.353819
ENSG00000123191.nuc.ord.aln,ENSG00000123191.nuc.ord.tre,2.167333
ENSG00000123200.nuc.ord.aln,ENSG00000123200.nuc.ord.tre,2.245206
ENSG00000123201.nuc.ord.aln,ENSG00000123201.nuc.ord.tre,0.851828
ENSG00000123213.nuc.ord.aln,ENSG00000123213.nuc.ord.tre,0.617320
ENSG00000123219.nuc.ord.aln,ENSG00000123219.nuc.ord.tre,0.439983
ENSG00000123240.nuc.ord.aln,ENSG00000123240.nuc.ord.tre,0.537927
ENSG00000123243.nuc.ord.aln,ENSG00000123243.nuc.ord.tre,1.072034
ENSG00000123297.nuc.ord.aln,ENSG00000123297.nuc.ord.tre,0.357736
ENSG00000123307.nuc.ord.aln,ENSG00000123307.nuc.ord.tre,0.297138
ENSG00000123329.nuc.ord.aln,ENSG00000123329.nuc.ord.tre,0.720460
ENSG00000128641.nuc.ord.aln,ENSG00000128641.nuc.ord.tre,1.380137
ENSG00000128645.nuc.ord.aln,ENSG00000128645.nuc.ord.tre,0.325422
ENSG00000128654.nuc.ord.aln,ENSG00000128654.nuc.ord.tre,0.324774
ENSG00000128655.nuc.ord.aln,ENSG00000128655.nuc.ord.tre,1.049902
ENSG00000128656.nuc.ord.aln,ENSG00000128656.nuc.ord.tre,0.402095
ENSG00000128683.nuc.ord.aln,ENSG00000128683.nuc.ord.tre,0.508998
ENSG00000128694.nuc.ord.aln,ENSG00000128694.nuc.ord.tre,0.428902
ENSG00000128708.nuc.ord.aln,ENSG00000128708.nuc.ord.tre,0.474749
ENSG00000128710.nuc.ord.aln,ENSG00000128710.nuc.ord.tre,0.410120
ENSG00000128714.nuc.ord.aln,ENSG00000128714.nuc.ord.tre,0.311909
ENSG00000128731.nuc.ord.aln,ENSG00000128731.nuc.ord.tre,16.074836
ENSG00000128739.nuc.ord.aln,ENSG00000128739.nuc.ord.tre,0.238000
ENSG00000128789.nuc.ord.aln,ENSG00000128789.nuc.ord.tre,0.319288
ENSG00000128791.nuc.ord.aln,ENSG00000128791.nuc.ord.tre,0.315253
ENSG00000128802.nuc.ord.aln,ENSG00000128802.nuc.ord.tre,0.353912
ENSG00000128805.nuc.ord.aln,ENSG00000128805.nuc.ord.tre,0.659777
ENSG00000128815.nuc.ord.aln,ENSG00000128815.nuc.ord.tre,6.836087
ENSG00000128829.nuc.ord.aln,ENSG00000128829.nuc.ord.tre,2.038532
ENSG00000128833.nuc.ord.aln,ENSG00000128833.nuc.ord.tre,2.601104
ENSG00000128845.nuc.ord.aln,ENSG00000128845.nuc.ord.tre,0.291991
ENSG00000128849.nuc.ord.aln,ENSG00000128849.nuc.ord.tre,0.910768
ENSG00000128872.nuc.ord.aln,ENSG00000128872.nuc.ord.tre,0.403279
ENSG00000128881.nuc.ord.aln,ENSG00000128881.nuc.ord.tre,3.237333
ENSG00000128886.nuc.ord.aln,ENSG00000128886.nuc.ord.tre,0.442507
ENSG00000128891.nuc.ord.aln,ENSG00000128891.nuc.ord.tre,0.262342
ENSG00000128908.nuc.ord.aln,ENSG00000128908.nuc.ord.tre,1.668980
ENSG00000128915.nuc.ord.aln,ENSG00000128915.nuc.ord.tre,1.013965
ENSG00000128918.nuc.ord.aln,ENSG00000128918.nuc.ord.tre,0.443642
ENSG00000128923.nuc.ord.aln,ENSG00000128923.nuc.ord.tre,0.587489
ENSG00000128928.nuc.ord.aln,ENSG00000128928.nuc.ord.tre,0.410722
ENSG00000128944.nuc.ord.aln,ENSG00000128944.nuc.ord.tre,0.347934
ENSG00000128965.nuc.ord.aln,ENSG00000128965.nuc.ord.tre,0.444238
ENSG00000128973.nuc.ord.aln,ENSG00000128973.nuc.ord.tre,0.360686
ENSG00000129003.nuc.ord.aln,ENSG00000129003.nuc.ord.tre,8.600160
ENSG00000129007.nuc.ord.aln,ENSG00000129007.nuc.ord.tre,0.264672
ENSG00000129071.nuc.ord.aln,ENSG00000129071.nuc.ord.tre,0.519174
ENSG00000129083.nuc.ord.aln,ENSG00000129083.nuc.ord.tre,0.912152
ENSG00000129084.nuc.ord.aln,ENSG00000129084.nuc.ord.tre,0.343846
ENSG00000129116.nuc.ord.aln,ENSG00000129116.nuc.ord.tre,1.785622
ENSG00000129128.nuc.ord.aln,ENSG00000129128.nuc.ord.tre,0.272900
ENSG00000129151.nuc.ord.aln,ENSG00000129151.nuc.ord.tre,0.398136
ENSG00000129152.nuc.ord.aln,ENSG00000129152.nuc.ord.tre,0.313196
ENSG00000129158.nuc.ord.aln,ENSG00000129158.nuc.ord.tre,0.474394
ENSG00000129159.nuc.ord.aln,ENSG00000129159.nuc.ord.tre,0.395575
ENSG00000129167.nuc.ord.aln,ENSG00000129167.nuc.ord.tre,0.536164
ENSG00000123338.nuc.ord.aln,ENSG00000123338.nuc.ord.tre,1.430867
ENSG00000123342.nuc.ord.aln,ENSG00000123342.nuc.ord.tre,0.613935
ENSG00000123349.nuc.ord.aln,ENSG00000123349.nuc.ord.tre,0.238562
ENSG00000123352.nuc.ord.aln,ENSG00000123352.nuc.ord.tre,0.456409
ENSG00000123353.nuc.ord.aln,ENSG00000123353.nuc.ord.tre,0.243999
ENSG00000123358.nuc.ord.aln,ENSG00000123358.nuc.ord.tre,0.472861
ENSG00000123360.nuc.ord.aln,ENSG00000123360.nuc.ord.tre,0.390590
ENSG00000123395.nuc.ord.aln,ENSG00000123395.nuc.ord.tre,0.268557
ENSG00000123405.nuc.ord.aln,ENSG00000123405.nuc.ord.tre,0.352751
ENSG00000123411.nuc.ord.aln,ENSG00000123411.nuc.ord.tre,0.479440
ENSG00000123415.nuc.ord.aln,ENSG00000123415.nuc.ord.tre,0.302873
ENSG00000123427.nuc.ord.aln,ENSG00000123427.nuc.ord.tre,0.249555
ENSG00000123444.nuc.ord.aln,ENSG00000123444.nuc.ord.tre,0.469403
ENSG00000123472.nuc.ord.aln,ENSG00000123472.nuc.ord.tre,0.409768
ENSG00000123473.nuc.ord.aln,ENSG00000123473.nuc.ord.tre,1.534478
ENSG00000123496.nuc.ord.aln,ENSG00000123496.nuc.ord.tre,0.398528
ENSG00000123500.nuc.ord.aln,ENSG00000123500.nuc.ord.tre,0.528806
ENSG00000123545.nuc.ord.aln,ENSG00000123545.nuc.ord.tre,0.267357
ENSG00000123552.nuc.ord.aln,ENSG00000123552.nuc.ord.tre,0.853352
ENSG00000123560.nuc.ord.aln,ENSG00000123560.nuc.ord.tre,0.357506
ENSG00000123562.nuc.ord.aln,ENSG00000123562.nuc.ord.tre,0.388291
ENSG00000123570.nuc.ord.aln,ENSG00000123570.nuc.ord.tre,0.280446
ENSG00000123575.nuc.ord.aln,ENSG00000123575.nuc.ord.tre,0.355972
ENSG00000125868.nuc.ord.aln,ENSG00000125868.nuc.ord.tre,0.272110
ENSG00000125869.nuc.ord.aln,ENSG00000125869.nuc.ord.tre,0.343541
ENSG00000125871.nuc.ord.aln,ENSG00000125871.nuc.ord.tre,0.421163
ENSG00000125872.nuc.ord.aln,ENSG00000125872.nuc.ord.tre,0.606131
ENSG00000125875.nuc.ord.aln,ENSG00000125875.nuc.ord.tre,0.493083
ENSG00000125877.nuc.ord.aln,ENSG00000125877.nuc.ord.tre,0.345329
ENSG00000125879.nuc.ord.aln,ENSG00000125879.nuc.ord.tre,0.306493
ENSG00000125885.nuc.ord.aln,ENSG00000125885.nuc.ord.tre,1.035754
ENSG00000125901.nuc.ord.aln,ENSG00000125901.nuc.ord.tre,0.238458
ENSG00000125910.nuc.ord.aln,ENSG00000125910.nuc.ord.tre,0.248914
ENSG00000125912.nuc.ord.aln,ENSG00000125912.nuc.ord.tre,0.335822
ENSG00000125931.nuc.ord.aln,ENSG00000125931.nuc.ord.tre,0.319238
ENSG00000125944.nuc.ord.aln,ENSG00000125944.nuc.ord.tre,0.465160
ENSG00000125945.nuc.ord.aln,ENSG00000125945.nuc.ord.tre,0.430302
ENSG00000125952.nuc.ord.aln,ENSG00000125952.nuc.ord.tre,0.295985
ENSG00000125954.nuc.ord.aln,ENSG00000125954.nuc.ord.tre,0.485034
ENSG00000125965.nuc.ord.aln,ENSG00000125965.nuc.ord.tre,0.423050
ENSG00000125966.nuc.ord.aln,ENSG00000125966.nuc.ord.tre,0.513359
ENSG00000125967.nuc.ord.aln,ENSG00000125967.nuc.ord.tre,0.375264
ENSG00000125968.nuc.ord.aln,ENSG00000125968.nuc.ord.tre,0.253720
ENSG00000125970.nuc.ord.aln,ENSG00000125970.nuc.ord.tre,0.295665
ENSG00000125999.nuc.ord.aln,ENSG00000125999.nuc.ord.tre,0.418867
ENSG00000126001.nuc.ord.aln,ENSG00000126001.nuc.ord.tre,4.669358
ENSG00000126003.nuc.ord.aln,ENSG00000126003.nuc.ord.tre,0.419910
ENSG00000126010.nuc.ord.aln,ENSG00000126010.nuc.ord.tre,0.420738
ENSG00000126016.nuc.ord.aln,ENSG00000126016.nuc.ord.tre,1.454842
ENSG00000126062.nuc.ord.aln,ENSG00000126062.nuc.ord.tre,0.358758
ENSG00000126067.nuc.ord.aln,ENSG00000126067.nuc.ord.tre,0.565898
ENSG00000126070.nuc.ord.aln,ENSG00000126070.nuc.ord.tre,0.742012
ENSG00000126088.nuc.ord.aln,ENSG00000126088.nuc.ord.tre,0.382221
ENSG00000126091.nuc.ord.aln,ENSG00000126091.nuc.ord.tre,0.404982
ENSG00000126106.nuc.ord.aln,ENSG00000126106.nuc.ord.tre,0.430915
ENSG00000126214.nuc.ord.aln,ENSG00000126214.nuc.ord.tre,1.114991
ENSG00000126216.nuc.ord.aln,ENSG00000126216.nuc.ord.tre,0.828473
ENSG00000126217.nuc.ord.aln,ENSG00000126217.nuc.ord.tre,1.264669
ENSG00000126218.nuc.ord.aln,ENSG00000126218.nuc.ord.tre,0.365918
ENSG00000126226.nuc.ord.aln,ENSG00000126226.nuc.ord.tre,0.372114
ENSG00000126231.nuc.ord.aln,ENSG00000126231.nuc.ord.tre,0.245370
ENSG00000126247.nuc.ord.aln,ENSG00000126247.nuc.ord.tre,0.366761
ENSG00000126249.nuc.ord.aln,ENSG00000126249.nuc.ord.tre,0.395525
ENSG00000126259.nuc.ord.aln,ENSG00000126259.nuc.ord.tre,0.590965
ENSG00000126261.nuc.ord.aln,ENSG00000126261.nuc.ord.tre,0.526261
ENSG00000126264.nuc.ord.aln,ENSG00000126264.nuc.ord.tre,0.174732
ENSG00000126267.nuc.ord.aln,ENSG00000126267.nuc.ord.tre,0.187649
ENSG00000126337.nuc.ord.aln,ENSG00000126337.nuc.ord.tre,0.377417
ENSG00000126351.nuc.ord.aln,ENSG00000126351.nuc.ord.tre,0.551262
ENSG00000126353.nuc.ord.aln,ENSG00000126353.nuc.ord.tre,0.306008
ENSG00000126391.nuc.ord.aln,ENSG00000126391.nuc.ord.tre,0.347079
ENSG00000126432.nuc.ord.aln,ENSG00000126432.nuc.ord.tre,0.251931
ENSG00000126467.nuc.ord.aln,ENSG00000126467.nuc.ord.tre,0.607938
ENSG00000126524.nuc.ord.aln,ENSG00000126524.nuc.ord.tre,0.388359
ENSG00000126561.nuc.ord.aln,ENSG00000126561.nuc.ord.tre,0.651015
ENSG00000126562.nuc.ord.aln,ENSG00000126562.nuc.ord.tre,2.131604
ENSG00000126581.nuc.ord.aln,ENSG00000126581.nuc.ord.tre,0.424341
ENSG00000126583.nuc.ord.aln,ENSG00000126583.nuc.ord.tre,0.586633
ENSG00000126602.nuc.ord.aln,ENSG00000126602.nuc.ord.tre,0.678751
ENSG00000126603.nuc.ord.aln,ENSG00000126603.nuc.ord.tre,0.458479
ENSG00000126653.nuc.ord.aln,ENSG00000126653.nuc.ord.tre,0.521774
ENSG00000126698.nuc.ord.aln,ENSG00000126698.nuc.ord.tre,0.374139
ENSG00000126733.nuc.ord.aln,ENSG00000126733.nuc.ord.tre,0.548523
ENSG00000126746.nuc.ord.aln,ENSG00000126746.nuc.ord.tre,0.713149
ENSG00000126749.nuc.ord.aln,ENSG00000126749.nuc.ord.tre,0.308692
ENSG00000126756.nuc.ord.aln,ENSG00000126756.nuc.ord.tre,0.273883
ENSG00000128573.nuc.ord.aln,ENSG00000128573.nuc.ord.tre,0.853734
ENSG00000128578.nuc.ord.aln,ENSG00000128578.nuc.ord.tre,1.098389
ENSG00000128581.nuc.ord.aln,ENSG00000128581.nuc.ord.tre,0.412377
ENSG00000128585.nuc.ord.aln,ENSG00000128585.nuc.ord.tre,0.732628
ENSG00000128591.nuc.ord.aln,ENSG00000128591.nuc.ord.tre,4.905461
ENSG00000128594.nuc.ord.aln,ENSG00000128594.nuc.ord.tre,0.285215
ENSG00000128595.nuc.ord.aln,ENSG00000128595.nuc.ord.tre,0.344308
ENSG00000128596.nuc.ord.aln,ENSG00000128596.nuc.ord.tre,2.070544
ENSG00000128602.nuc.ord.aln,ENSG00000128602.nuc.ord.tre,0.764410
ENSG00000128604.nuc.ord.aln,ENSG00000128604.nuc.ord.tre,0.410007
ENSG00000128606.nuc.ord.aln,ENSG00000128606.nuc.ord.tre,0.385227
ENSG00000128607.nuc.ord.aln,ENSG00000128607.nuc.ord.tre,0.447408
ENSG00000128617.nuc.ord.aln,ENSG00000128617.nuc.ord.tre,0.361318
ENSG00000128626.nuc.ord.aln,ENSG00000128626.nuc.ord.tre,0.260216
ENSG00000123600.nuc.ord.aln,ENSG00000123600.nuc.ord.tre,0.444095
ENSG00000123607.nuc.ord.aln,ENSG00000123607.nuc.ord.tre,1.415813
ENSG00000123609.nuc.ord.aln,ENSG00000123609.nuc.ord.tre,0.314693
ENSG00000123610.nuc.ord.aln,ENSG00000123610.nuc.ord.tre,0.322567
ENSG00000123612.nuc.ord.aln,ENSG00000123612.nuc.ord.tre,0.473525
ENSG00000123684.nuc.ord.aln,ENSG00000123684.nuc.ord.tre,0.475110
ENSG00000123685.nuc.ord.aln,ENSG00000123685.nuc.ord.tre,0.248646
ENSG00000123700.nuc.ord.aln,ENSG00000123700.nuc.ord.tre,0.357630
ENSG00000123728.nuc.ord.aln,ENSG00000123728.nuc.ord.tre,0.347052
ENSG00000123737.nuc.ord.aln,ENSG00000123737.nuc.ord.tre,0.458165
ENSG00000123739.nuc.ord.aln,ENSG00000123739.nuc.ord.tre,0.315841
ENSG00000123810.nuc.ord.aln,ENSG00000123810.nuc.ord.tre,0.194710
ENSG00000123815.nuc.ord.aln,ENSG00000123815.nuc.ord.tre,0.469198
ENSG00000123836.nuc.ord.aln,ENSG00000123836.nuc.ord.tre,0.612148
ENSG00000123838.nuc.ord.aln,ENSG00000123838.nuc.ord.tre,0.336529
ENSG00000123892.nuc.ord.aln,ENSG00000123892.nuc.ord.tre,0.344875
ENSG00000124795.nuc.ord.aln,ENSG00000124795.nuc.ord.tre,0.428948
ENSG00000124802.nuc.ord.aln,ENSG00000124802.nuc.ord.tre,0.306753
ENSG00000124812.nuc.ord.aln,ENSG00000124812.nuc.ord.tre,0.407633
ENSG00000124813.nuc.ord.aln,ENSG00000124813.nuc.ord.tre,0.540812
ENSG00000124818.nuc.ord.aln,ENSG00000124818.nuc.ord.tre,0.490806
ENSG00000124827.nuc.ord.aln,ENSG00000124827.nuc.ord.tre,0.421124
ENSG00000124831.nuc.ord.aln,ENSG00000124831.nuc.ord.tre,1.379468
ENSG00000124882.nuc.ord.aln,ENSG00000124882.nuc.ord.tre,0.294276
ENSG00000124920.nuc.ord.aln,ENSG00000124920.nuc.ord.tre,1.179861
ENSG00000125037.nuc.ord.aln,ENSG00000125037.nuc.ord.tre,0.398575
ENSG00000125046.nuc.ord.aln,ENSG00000125046.nuc.ord.tre,0.359174
ENSG00000125084.nuc.ord.aln,ENSG00000125084.nuc.ord.tre,0.316272
ENSG00000125107.nuc.ord.aln,ENSG00000125107.nuc.ord.tre,4.214407
ENSG00000125124.nuc.ord.aln,ENSG00000125124.nuc.ord.tre,0.687153
ENSG00000125149.nuc.ord.aln,ENSG00000125149.nuc.ord.tre,0.516677
ENSG00000125166.nuc.ord.aln,ENSG00000125166.nuc.ord.tre,0.524353
ENSG00000125170.nuc.ord.aln,ENSG00000125170.nuc.ord.tre,0.230892
ENSG00000125207.nuc.ord.aln,ENSG00000125207.nuc.ord.tre,0.822276
ENSG00000125245.nuc.ord.aln,ENSG00000125245.nuc.ord.tre,0.327279
ENSG00000125246.nuc.ord.aln,ENSG00000125246.nuc.ord.tre,0.418817
ENSG00000125247.nuc.ord.aln,ENSG00000125247.nuc.ord.tre,0.639472
ENSG00000125255.nuc.ord.aln,ENSG00000125255.nuc.ord.tre,0.428380
ENSG00000125266.nuc.ord.aln,ENSG00000125266.nuc.ord.tre,0.417823
ENSG00000125304.nuc.ord.aln,ENSG00000125304.nuc.ord.tre,0.709335
ENSG00000125319.nuc.ord.aln,ENSG00000125319.nuc.ord.tre,0.797276
ENSG00000125347.nuc.ord.aln,ENSG00000125347.nuc.ord.tre,0.389175
ENSG00000125351.nuc.ord.aln,ENSG00000125351.nuc.ord.tre,0.401165
ENSG00000125354.nuc.ord.aln,ENSG00000125354.nuc.ord.tre,0.526020
ENSG00000125355.nuc.ord.aln,ENSG00000125355.nuc.ord.tre,0.418025
ENSG00000125356.nuc.ord.aln,ENSG00000125356.nuc.ord.tre,0.203304
ENSG00000125375.nuc.ord.aln,ENSG00000125375.nuc.ord.tre,0.484732
ENSG00000125378.nuc.ord.aln,ENSG00000125378.nuc.ord.tre,0.366207
ENSG00000125384.nuc.ord.aln,ENSG00000125384.nuc.ord.tre,0.297728
ENSG00000125386.nuc.ord.aln,ENSG00000125386.nuc.ord.tre,1.774954
ENSG00000125388.nuc.ord.aln,ENSG00000125388.nuc.ord.tre,0.788057
ENSG00000125409.nuc.ord.aln,ENSG00000125409.nuc.ord.tre,0.406781
ENSG00000125445.nuc.ord.aln,ENSG00000125445.nuc.ord.tre,0.318890
ENSG00000125447.nuc.ord.aln,ENSG00000125447.nuc.ord.tre,0.588252
ENSG00000125450.nuc.ord.aln,ENSG00000125450.nuc.ord.tre,0.652630
ENSG00000125454.nuc.ord.aln,ENSG00000125454.nuc.ord.tre,0.335668
ENSG00000125457.nuc.ord.aln,ENSG00000125457.nuc.ord.tre,0.444875
ENSG00000125485.nuc.ord.aln,ENSG00000125485.nuc.ord.tre,1.119282
ENSG00000125492.nuc.ord.aln,ENSG00000125492.nuc.ord.tre,0.271518
ENSG00000125510.nuc.ord.aln,ENSG00000125510.nuc.ord.tre,0.291012
ENSG00000125538.nuc.ord.aln,ENSG00000125538.nuc.ord.tre,0.347396
ENSG00000125611.nuc.ord.aln,ENSG00000125611.nuc.ord.tre,0.257667
ENSG00000125629.nuc.ord.aln,ENSG00000125629.nuc.ord.tre,0.430983
ENSG00000125630.nuc.ord.aln,ENSG00000125630.nuc.ord.tre,1.164210
ENSG00000125633.nuc.ord.aln,ENSG00000125633.nuc.ord.tre,0.542820
ENSG00000125652.nuc.ord.aln,ENSG00000125652.nuc.ord.tre,0.248532
ENSG00000125656.nuc.ord.aln,ENSG00000125656.nuc.ord.tre,0.285928
ENSG00000125675.nuc.ord.aln,ENSG00000125675.nuc.ord.tre,0.865210
ENSG00000125676.nuc.ord.aln,ENSG00000125676.nuc.ord.tre,1.182950
ENSG00000125686.nuc.ord.aln,ENSG00000125686.nuc.ord.tre,2.244666
ENSG00000125695.nuc.ord.aln,ENSG00000125695.nuc.ord.tre,0.412352
ENSG00000125730.nuc.ord.aln,ENSG00000125730.nuc.ord.tre,2.329463
ENSG00000125733.nuc.ord.aln,ENSG00000125733.nuc.ord.tre,0.451862
ENSG00000125735.nuc.ord.aln,ENSG00000125735.nuc.ord.tre,0.254659
ENSG00000125740.nuc.ord.aln,ENSG00000125740.nuc.ord.tre,0.320907
ENSG00000125743.nuc.ord.aln,ENSG00000125743.nuc.ord.tre,0.166896
ENSG00000125753.nuc.ord.aln,ENSG00000125753.nuc.ord.tre,0.332558
ENSG00000125755.nuc.ord.aln,ENSG00000125755.nuc.ord.tre,1.266562
ENSG00000125772.nuc.ord.aln,ENSG00000125772.nuc.ord.tre,0.683674
ENSG00000125775.nuc.ord.aln,ENSG00000125775.nuc.ord.tre,0.346198
ENSG00000125779.nuc.ord.aln,ENSG00000125779.nuc.ord.tre,0.682871
ENSG00000125780.nuc.ord.aln,ENSG00000125780.nuc.ord.tre,0.576191
ENSG00000125810.nuc.ord.aln,ENSG00000125810.nuc.ord.tre,0.542691
ENSG00000125812.nuc.ord.aln,ENSG00000125812.nuc.ord.tre,0.486037
ENSG00000125813.nuc.ord.aln,ENSG00000125813.nuc.ord.tre,0.598549
ENSG00000125814.nuc.ord.aln,ENSG00000125814.nuc.ord.tre,0.382888
ENSG00000125818.nuc.ord.aln,ENSG00000125818.nuc.ord.tre,0.370854
ENSG00000125821.nuc.ord.aln,ENSG00000125821.nuc.ord.tre,0.333422
ENSG00000125826.nuc.ord.aln,ENSG00000125826.nuc.ord.tre,0.410793
ENSG00000125827.nuc.ord.aln,ENSG00000125827.nuc.ord.tre,0.403100
ENSG00000125834.nuc.ord.aln,ENSG00000125834.nuc.ord.tre,0.473425
ENSG00000125841.nuc.ord.aln,ENSG00000125841.nuc.ord.tre,0.236873
ENSG00000125843.nuc.ord.aln,ENSG00000125843.nuc.ord.tre,0.334302
ENSG00000125844.nuc.ord.aln,ENSG00000125844.nuc.ord.tre,2.611205
ENSG00000125845.nuc.ord.aln,ENSG00000125845.nuc.ord.tre,0.375574
ENSG00000125850.nuc.ord.aln,ENSG00000125850.nuc.ord.tre,0.377469
ENSG00000125851.nuc.ord.aln,ENSG00000125851.nuc.ord.tre,0.699702
ENSG00000125861.nuc.ord.aln,ENSG00000125861.nuc.ord.tre,0.392145
ENSG00000125863.nuc.ord.aln,ENSG00000125863.nuc.ord.tre,0.494992
ENSG00000125864.nuc.ord.aln,ENSG00000125864.nuc.ord.tre,0.724468
ENSG00000123901.nuc.ord.aln,ENSG00000123901.nuc.ord.tre,0.501580
ENSG00000123908.nuc.ord.aln,ENSG00000123908.nuc.ord.tre,0.891695
ENSG00000123933.nuc.ord.aln,ENSG00000123933.nuc.ord.tre,0.280181
ENSG00000123977.nuc.ord.aln,ENSG00000123977.nuc.ord.tre,0.408916
ENSG00000123983.nuc.ord.aln,ENSG00000123983.nuc.ord.tre,0.627761
ENSG00000123989.nuc.ord.aln,ENSG00000123989.nuc.ord.tre,0.546128
ENSG00000123992.nuc.ord.aln,ENSG00000123992.nuc.ord.tre,0.420657
ENSG00000123999.nuc.ord.aln,ENSG00000123999.nuc.ord.tre,0.351753
ENSG00000124003.nuc.ord.aln,ENSG00000124003.nuc.ord.tre,0.352868
ENSG00000124019.nuc.ord.aln,ENSG00000124019.nuc.ord.tre,0.577807
ENSG00000124067.nuc.ord.aln,ENSG00000124067.nuc.ord.tre,1.125485
ENSG00000124089.nuc.ord.aln,ENSG00000124089.nuc.ord.tre,0.225246
ENSG00000124091.nuc.ord.aln,ENSG00000124091.nuc.ord.tre,0.414694
ENSG00000124092.nuc.ord.aln,ENSG00000124092.nuc.ord.tre,0.835732
ENSG00000124098.nuc.ord.aln,ENSG00000124098.nuc.ord.tre,0.298592
ENSG00000124104.nuc.ord.aln,ENSG00000124104.nuc.ord.tre,0.312102
ENSG00000124120.nuc.ord.aln,ENSG00000124120.nuc.ord.tre,0.414518
ENSG00000124126.nuc.ord.aln,ENSG00000124126.nuc.ord.tre,2.261799
ENSG00000124134.nuc.ord.aln,ENSG00000124134.nuc.ord.tre,0.393919
ENSG00000124140.nuc.ord.aln,ENSG00000124140.nuc.ord.tre,1.577956
ENSG00000124143.nuc.ord.aln,ENSG00000124143.nuc.ord.tre,0.447174
ENSG00000124145.nuc.ord.aln,ENSG00000124145.nuc.ord.tre,0.309137
ENSG00000124155.nuc.ord.aln,ENSG00000124155.nuc.ord.tre,0.514279
ENSG00000124160.nuc.ord.aln,ENSG00000124160.nuc.ord.tre,0.554416
ENSG00000124164.nuc.ord.aln,ENSG00000124164.nuc.ord.tre,0.347377
ENSG00000124171.nuc.ord.aln,ENSG00000124171.nuc.ord.tre,0.345272
ENSG00000124177.nuc.ord.aln,ENSG00000124177.nuc.ord.tre,5.405123
ENSG00000124181.nuc.ord.aln,ENSG00000124181.nuc.ord.tre,1.749357
ENSG00000124191.nuc.ord.aln,ENSG00000124191.nuc.ord.tre,0.736292
ENSG00000124193.nuc.ord.aln,ENSG00000124193.nuc.ord.tre,0.435148
ENSG00000124198.nuc.ord.aln,ENSG00000124198.nuc.ord.tre,2.907615
ENSG00000124201.nuc.ord.aln,ENSG00000124201.nuc.ord.tre,2.856754
ENSG00000124203.nuc.ord.aln,ENSG00000124203.nuc.ord.tre,2.314116
ENSG00000124205.nuc.ord.aln,ENSG00000124205.nuc.ord.tre,0.310269
ENSG00000124207.nuc.ord.aln,ENSG00000124207.nuc.ord.tre,0.902313
ENSG00000124209.nuc.ord.aln,ENSG00000124209.nuc.ord.tre,0.356236
ENSG00000124212.nuc.ord.aln,ENSG00000124212.nuc.ord.tre,0.465677
ENSG00000124214.nuc.ord.aln,ENSG00000124214.nuc.ord.tre,0.462435
ENSG00000124215.nuc.ord.aln,ENSG00000124215.nuc.ord.tre,0.664066
ENSG00000124222.nuc.ord.aln,ENSG00000124222.nuc.ord.tre,0.397567
ENSG00000124225.nuc.ord.aln,ENSG00000124225.nuc.ord.tre,0.373429
ENSG00000124226.nuc.ord.aln,ENSG00000124226.nuc.ord.tre,0.346131
ENSG00000124228.nuc.ord.aln,ENSG00000124228.nuc.ord.tre,0.939861
ENSG00000124232.nuc.ord.aln,ENSG00000124232.nuc.ord.tre,0.490564
ENSG00000124237.nuc.ord.aln,ENSG00000124237.nuc.ord.tre,0.266507
ENSG00000124249.nuc.ord.aln,ENSG00000124249.nuc.ord.tre,0.220243
ENSG00000124251.nuc.ord.aln,ENSG00000124251.nuc.ord.tre,0.374477
ENSG00000124253.nuc.ord.aln,ENSG00000124253.nuc.ord.tre,0.507353
ENSG00000124275.nuc.ord.aln,ENSG00000124275.nuc.ord.tre,0.816939
ENSG00000124279.nuc.ord.aln,ENSG00000124279.nuc.ord.tre,0.552639
ENSG00000124299.nuc.ord.aln,ENSG00000124299.nuc.ord.tre,0.446183
ENSG00000124302.nuc.ord.aln,ENSG00000124302.nuc.ord.tre,0.338126
ENSG00000124356.nuc.ord.aln,ENSG00000124356.nuc.ord.tre,0.352850
ENSG00000124357.nuc.ord.aln,ENSG00000124357.nuc.ord.tre,0.400718
ENSG00000124370.nuc.ord.aln,ENSG00000124370.nuc.ord.tre,0.263066
ENSG00000124374.nuc.ord.aln,ENSG00000124374.nuc.ord.tre,0.256764
ENSG00000124380.nuc.ord.aln,ENSG00000124380.nuc.ord.tre,0.295036
ENSG00000124406.nuc.ord.aln,ENSG00000124406.nuc.ord.tre,1.227736
ENSG00000124422.nuc.ord.aln,ENSG00000124422.nuc.ord.tre,0.504622
ENSG00000124429.nuc.ord.aln,ENSG00000124429.nuc.ord.tre,0.617977
ENSG00000124440.nuc.ord.aln,ENSG00000124440.nuc.ord.tre,0.599220
ENSG00000124455.nuc.ord.aln,ENSG00000124455.nuc.ord.tre,0.367407
ENSG00000124466.nuc.ord.aln,ENSG00000124466.nuc.ord.tre,0.359393
ENSG00000124479.nuc.ord.aln,ENSG00000124479.nuc.ord.tre,0.256933
ENSG00000124491.nuc.ord.aln,ENSG00000124491.nuc.ord.tre,0.641299
ENSG00000124493.nuc.ord.aln,ENSG00000124493.nuc.ord.tre,0.879135
ENSG00000124496.nuc.ord.aln,ENSG00000124496.nuc.ord.tre,1.472283
ENSG00000124507.nuc.ord.aln,ENSG00000124507.nuc.ord.tre,0.314917
ENSG00000124523.nuc.ord.aln,ENSG00000124523.nuc.ord.tre,0.381273
ENSG00000124532.nuc.ord.aln,ENSG00000124532.nuc.ord.tre,0.446723
ENSG00000124535.nuc.ord.aln,ENSG00000124535.nuc.ord.tre,0.663927
ENSG00000124557.nuc.ord.aln,ENSG00000124557.nuc.ord.tre,0.403866
ENSG00000124571.nuc.ord.aln,ENSG00000124571.nuc.ord.tre,1.345165
ENSG00000124574.nuc.ord.aln,ENSG00000124574.nuc.ord.tre,1.726392
ENSG00000124587.nuc.ord.aln,ENSG00000124587.nuc.ord.tre,0.996624
ENSG00000124588.nuc.ord.aln,ENSG00000124588.nuc.ord.tre,0.297118
ENSG00000124593.nuc.ord.aln,ENSG00000124593.nuc.ord.tre,0.352950
ENSG00000124596.nuc.ord.aln,ENSG00000124596.nuc.ord.tre,0.408420
ENSG00000124602.nuc.ord.aln,ENSG00000124602.nuc.ord.tre,0.367271
ENSG00000124608.nuc.ord.aln,ENSG00000124608.nuc.ord.tre,0.942231
ENSG00000124615.nuc.ord.aln,ENSG00000124615.nuc.ord.tre,0.612655
ENSG00000124641.nuc.ord.aln,ENSG00000124641.nuc.ord.tre,0.333304
ENSG00000124659.nuc.ord.aln,ENSG00000124659.nuc.ord.tre,0.218445
ENSG00000124688.nuc.ord.aln,ENSG00000124688.nuc.ord.tre,0.304368
ENSG00000124701.nuc.ord.aln,ENSG00000124701.nuc.ord.tre,0.301649
ENSG00000124713.nuc.ord.aln,ENSG00000124713.nuc.ord.tre,0.340243
ENSG00000124721.nuc.ord.aln,ENSG00000124721.nuc.ord.tre,16.147158
ENSG00000124731.nuc.ord.aln,ENSG00000124731.nuc.ord.tre,0.270868
ENSG00000124743.nuc.ord.aln,ENSG00000124743.nuc.ord.tre,0.522995
ENSG00000124762.nuc.ord.aln,ENSG00000124762.nuc.ord.tre,0.307912
ENSG00000124767.nuc.ord.aln,ENSG00000124767.nuc.ord.tre,0.313491
ENSG00000124772.nuc.ord.aln,ENSG00000124772.nuc.ord.tre,0.609578
ENSG00000124782.nuc.ord.aln,ENSG00000124782.nuc.ord.tre,3.141261
ENSG00000124783.nuc.ord.aln,ENSG00000124783.nuc.ord.tre,0.378887
ENSG00000124784.nuc.ord.aln,ENSG00000124784.nuc.ord.tre,0.512641
ENSG00000124785.nuc.ord.aln,ENSG00000124785.nuc.ord.tre,0.232036
ENSG00000124786.nuc.ord.aln,ENSG00000124786.nuc.ord.tre,0.465571
ENSG00000124787.nuc.ord.aln,ENSG00000124787.nuc.ord.tre,0.337598
ENSG00000124788.nuc.ord.aln,ENSG00000124788.nuc.ord.tre,0.820280
ENSG00000124789.nuc.ord.aln,ENSG00000124789.nuc.ord.tre,1.760823
ENSG00000126759.nuc.ord.aln,ENSG00000126759.nuc.ord.tre,0.412464
ENSG00000126768.nuc.ord.aln,ENSG00000126768.nuc.ord.tre,0.291798
ENSG00000126773.nuc.ord.aln,ENSG00000126773.nuc.ord.tre,0.883890
ENSG00000126775.nuc.ord.aln,ENSG00000126775.nuc.ord.tre,0.456116
ENSG00000126777.nuc.ord.aln,ENSG00000126777.nuc.ord.tre,1.523652
ENSG00000126778.nuc.ord.aln,ENSG00000126778.nuc.ord.tre,0.346144
ENSG00000126785.nuc.ord.aln,ENSG00000126785.nuc.ord.tre,0.332441
ENSG00000126787.nuc.ord.aln,ENSG00000126787.nuc.ord.tre,1.152731
ENSG00000126790.nuc.ord.aln,ENSG00000126790.nuc.ord.tre,0.366320
ENSG00000126804.nuc.ord.aln,ENSG00000126804.nuc.ord.tre,0.487203
ENSG00000126814.nuc.ord.aln,ENSG00000126814.nuc.ord.tre,0.440635
ENSG00000126821.nuc.ord.aln,ENSG00000126821.nuc.ord.tre,0.376071
ENSG00000126822.nuc.ord.aln,ENSG00000126822.nuc.ord.tre,1.983272
ENSG00000126858.nuc.ord.aln,ENSG00000126858.nuc.ord.tre,0.740341
ENSG00000126860.nuc.ord.aln,ENSG00000126860.nuc.ord.tre,0.294206
ENSG00000126870.nuc.ord.aln,ENSG00000126870.nuc.ord.tre,1.188895
ENSG00000126882.nuc.ord.aln,ENSG00000126882.nuc.ord.tre,0.314421
ENSG00000126883.nuc.ord.aln,ENSG00000126883.nuc.ord.tre,4.059924
ENSG00000126950.nuc.ord.aln,ENSG00000126950.nuc.ord.tre,0.232829
ENSG00000126970.nuc.ord.aln,ENSG00000126970.nuc.ord.tre,0.343507
ENSG00000127022.nuc.ord.aln,ENSG00000127022.nuc.ord.tre,0.525082
ENSG00000127054.nuc.ord.aln,ENSG00000127054.nuc.ord.tre,0.628535
ENSG00000127074.nuc.ord.aln,ENSG00000127074.nuc.ord.tre,0.252110
ENSG00000127080.nuc.ord.aln,ENSG00000127080.nuc.ord.tre,0.432194
ENSG00000127083.nuc.ord.aln,ENSG00000127083.nuc.ord.tre,0.498196
ENSG00000127124.nuc.ord.aln,ENSG00000127124.nuc.ord.tre,4.243099
ENSG00000127125.nuc.ord.aln,ENSG00000127125.nuc.ord.tre,0.339560
ENSG00000127129.nuc.ord.aln,ENSG00000127129.nuc.ord.tre,0.310463
ENSG00000127152.nuc.ord.aln,ENSG00000127152.nuc.ord.tre,0.776003
ENSG00000127191.nuc.ord.aln,ENSG00000127191.nuc.ord.tre,0.600181
ENSG00000127226.nuc.ord.aln,ENSG00000127226.nuc.ord.tre,0.296583
ENSG00000127241.nuc.ord.aln,ENSG00000127241.nuc.ord.tre,0.816701
ENSG00000127249.nuc.ord.aln,ENSG00000127249.nuc.ord.tre,1.260918
ENSG00000127252.nuc.ord.aln,ENSG00000127252.nuc.ord.tre,0.296332
ENSG00000127311.nuc.ord.aln,ENSG00000127311.nuc.ord.tre,1.225989
ENSG00000127318.nuc.ord.aln,ENSG00000127318.nuc.ord.tre,0.329723
ENSG00000127324.nuc.ord.aln,ENSG00000127324.nuc.ord.tre,0.307250
ENSG00000127325.nuc.ord.aln,ENSG00000127325.nuc.ord.tre,0.711584
ENSG00000127328.nuc.ord.aln,ENSG00000127328.nuc.ord.tre,0.566066
ENSG00000127329.nuc.ord.aln,ENSG00000127329.nuc.ord.tre,3.246382
ENSG00000127334.nuc.ord.aln,ENSG00000127334.nuc.ord.tre,0.382829
ENSG00000127337.nuc.ord.aln,ENSG00000127337.nuc.ord.tre,0.339407
ENSG00000127359.nuc.ord.aln,ENSG00000127359.nuc.ord.tre,0.409968
ENSG00000127362.nuc.ord.aln,ENSG00000127362.nuc.ord.tre,0.306156
ENSG00000127364.nuc.ord.aln,ENSG00000127364.nuc.ord.tre,0.239307
ENSG00000127377.nuc.ord.aln,ENSG00000127377.nuc.ord.tre,0.289129
ENSG00000127412.nuc.ord.aln,ENSG00000127412.nuc.ord.tre,0.610696
ENSG00000127415.nuc.ord.aln,ENSG00000127415.nuc.ord.tre,0.719681
ENSG00000127423.nuc.ord.aln,ENSG00000127423.nuc.ord.tre,0.358031
ENSG00000127445.nuc.ord.aln,ENSG00000127445.nuc.ord.tre,0.250622
ENSG00000127452.nuc.ord.aln,ENSG00000127452.nuc.ord.tre,0.307605
ENSG00000127463.nuc.ord.aln,ENSG00000127463.nuc.ord.tre,1.161415
ENSG00000127472.nuc.ord.aln,ENSG00000127472.nuc.ord.tre,0.285499
ENSG00000127481.nuc.ord.aln,ENSG00000127481.nuc.ord.tre,15.281175
ENSG00000127483.nuc.ord.aln,ENSG00000127483.nuc.ord.tre,0.475540
ENSG00000127526.nuc.ord.aln,ENSG00000127526.nuc.ord.tre,0.379349
ENSG00000127564.nuc.ord.aln,ENSG00000127564.nuc.ord.tre,0.487832
ENSG00000127688.nuc.ord.aln,ENSG00000127688.nuc.ord.tre,0.531901
ENSG00000127720.nuc.ord.aln,ENSG00000127720.nuc.ord.tre,0.524287
ENSG00000127743.nuc.ord.aln,ENSG00000127743.nuc.ord.tre,0.295541
ENSG00000127774.nuc.ord.aln,ENSG00000127774.nuc.ord.tre,0.212224
ENSG00000127804.nuc.ord.aln,ENSG00000127804.nuc.ord.tre,0.455016
ENSG00000127831.nuc.ord.aln,ENSG00000127831.nuc.ord.tre,0.562748
ENSG00000127837.nuc.ord.aln,ENSG00000127837.nuc.ord.tre,0.388121
ENSG00000127838.nuc.ord.aln,ENSG00000127838.nuc.ord.tre,0.360219
ENSG00000127863.nuc.ord.aln,ENSG00000127863.nuc.ord.tre,0.435589
ENSG00000127884.nuc.ord.aln,ENSG00000127884.nuc.ord.tre,0.367260
ENSG00000127914.nuc.ord.aln,ENSG00000127914.nuc.ord.tre,10.181591
ENSG00000127946.nuc.ord.aln,ENSG00000127946.nuc.ord.tre,1.004085
ENSG00000127947.nuc.ord.aln,ENSG00000127947.nuc.ord.tre,0.594868
ENSG00000127951.nuc.ord.aln,ENSG00000127951.nuc.ord.tre,0.438095
ENSG00000127952.nuc.ord.aln,ENSG00000127952.nuc.ord.tre,0.421972
ENSG00000127954.nuc.ord.aln,ENSG00000127954.nuc.ord.tre,0.620317
ENSG00000127955.nuc.ord.aln,ENSG00000127955.nuc.ord.tre,0.435177
ENSG00000127980.nuc.ord.aln,ENSG00000127980.nuc.ord.tre,1.328053
ENSG00000127990.nuc.ord.aln,ENSG00000127990.nuc.ord.tre,0.472885
ENSG00000127995.nuc.ord.aln,ENSG00000127995.nuc.ord.tre,0.648405
ENSG00000128045.nuc.ord.aln,ENSG00000128045.nuc.ord.tre,0.321359
ENSG00000128050.nuc.ord.aln,ENSG00000128050.nuc.ord.tre,0.394511
ENSG00000128052.nuc.ord.aln,ENSG00000128052.nuc.ord.tre,1.815581
ENSG00000128059.nuc.ord.aln,ENSG00000128059.nuc.ord.tre,0.443620
ENSG00000128191.nuc.ord.aln,ENSG00000128191.nuc.ord.tre,0.680156
ENSG00000128203.nuc.ord.aln,ENSG00000128203.nuc.ord.tre,0.345779
ENSG00000128228.nuc.ord.aln,ENSG00000128228.nuc.ord.tre,0.259000
ENSG00000128242.nuc.ord.aln,ENSG00000128242.nuc.ord.tre,0.347592
ENSG00000128245.nuc.ord.aln,ENSG00000128245.nuc.ord.tre,0.311605
ENSG00000128271.nuc.ord.aln,ENSG00000128271.nuc.ord.tre,0.366529
ENSG00000128272.nuc.ord.aln,ENSG00000128272.nuc.ord.tre,0.330582
ENSG00000128283.nuc.ord.aln,ENSG00000128283.nuc.ord.tre,0.328201
ENSG00000128285.nuc.ord.aln,ENSG00000128285.nuc.ord.tre,0.375775
ENSG00000128298.nuc.ord.aln,ENSG00000128298.nuc.ord.tre,0.567347
ENSG00000128310.nuc.ord.aln,ENSG00000128310.nuc.ord.tre,0.226887
ENSG00000128311.nuc.ord.aln,ENSG00000128311.nuc.ord.tre,0.266837
ENSG00000128340.nuc.ord.aln,ENSG00000128340.nuc.ord.tre,0.229033
ENSG00000128463.nuc.ord.aln,ENSG00000128463.nuc.ord.tre,0.294061
ENSG00000128487.nuc.ord.aln,ENSG00000128487.nuc.ord.tre,1.025022
ENSG00000128510.nuc.ord.aln,ENSG00000128510.nuc.ord.tre,0.398544
ENSG00000128512.nuc.ord.aln,ENSG00000128512.nuc.ord.tre,2.431113
ENSG00000128536.nuc.ord.aln,ENSG00000128536.nuc.ord.tre,1.002982
ENSG00000128563.nuc.ord.aln,ENSG00000128563.nuc.ord.tre,0.344560
ENSG00000129173.nuc.ord.aln,ENSG00000129173.nuc.ord.tre,0.830779
ENSG00000129187.nuc.ord.aln,ENSG00000129187.nuc.ord.tre,0.353407
ENSG00000129195.nuc.ord.aln,ENSG00000129195.nuc.ord.tre,0.293646
ENSG00000129197.nuc.ord.aln,ENSG00000129197.nuc.ord.tre,0.343554
ENSG00000129214.nuc.ord.aln,ENSG00000129214.nuc.ord.tre,0.353009
ENSG00000129219.nuc.ord.aln,ENSG00000129219.nuc.ord.tre,1.270042
ENSG00000129221.nuc.ord.aln,ENSG00000129221.nuc.ord.tre,0.314284
ENSG00000129226.nuc.ord.aln,ENSG00000129226.nuc.ord.tre,0.408010
ENSG00000129235.nuc.ord.aln,ENSG00000129235.nuc.ord.tre,0.212321
ENSG00000129245.nuc.ord.aln,ENSG00000129245.nuc.ord.tre,0.803976
ENSG00000129250.nuc.ord.aln,ENSG00000129250.nuc.ord.tre,1.122504
ENSG00000129255.nuc.ord.aln,ENSG00000129255.nuc.ord.tre,0.415844
ENSG00000129270.nuc.ord.aln,ENSG00000129270.nuc.ord.tre,0.429865
ENSG00000129282.nuc.ord.aln,ENSG00000129282.nuc.ord.tre,0.389455
ENSG00000129295.nuc.ord.aln,ENSG00000129295.nuc.ord.tre,0.584183
ENSG00000129315.nuc.ord.aln,ENSG00000129315.nuc.ord.tre,0.538654
ENSG00000129351.nuc.ord.aln,ENSG00000129351.nuc.ord.tre,0.705968
ENSG00000129422.nuc.ord.aln,ENSG00000129422.nuc.ord.tre,1.654696
ENSG00000129437.nuc.ord.aln,ENSG00000129437.nuc.ord.tre,0.176004
ENSG00000129451.nuc.ord.aln,ENSG00000129451.nuc.ord.tre,0.402012
ENSG00000129455.nuc.ord.aln,ENSG00000129455.nuc.ord.tre,0.586471
ENSG00000129460.nuc.ord.aln,ENSG00000129460.nuc.ord.tre,0.382953
ENSG00000129467.nuc.ord.aln,ENSG00000129467.nuc.ord.tre,1.254946
ENSG00000129473.nuc.ord.aln,ENSG00000129473.nuc.ord.tre,0.233746
ENSG00000129474.nuc.ord.aln,ENSG00000129474.nuc.ord.tre,0.417088
ENSG00000129480.nuc.ord.aln,ENSG00000129480.nuc.ord.tre,0.272661
ENSG00000129484.nuc.ord.aln,ENSG00000129484.nuc.ord.tre,0.427315
ENSG00000129493.nuc.ord.aln,ENSG00000129493.nuc.ord.tre,3.092493
ENSG00000129514.nuc.ord.aln,ENSG00000129514.nuc.ord.tre,0.278687
ENSG00000129518.nuc.ord.aln,ENSG00000129518.nuc.ord.tre,0.345752
ENSG00000129521.nuc.ord.aln,ENSG00000129521.nuc.ord.tre,0.956803
ENSG00000129534.nuc.ord.aln,ENSG00000129534.nuc.ord.tre,0.913363
ENSG00000129535.nuc.ord.aln,ENSG00000129535.nuc.ord.tre,0.410491
ENSG00000129562.nuc.ord.aln,ENSG00000129562.nuc.ord.tre,0.248039
ENSG00000129566.nuc.ord.aln,ENSG00000129566.nuc.ord.tre,4.580049
ENSG00000129595.nuc.ord.aln,ENSG00000129595.nuc.ord.tre,0.635580
ENSG00000129596.nuc.ord.aln,ENSG00000129596.nuc.ord.tre,0.329069
ENSG00000129625.nuc.ord.aln,ENSG00000129625.nuc.ord.tre,0.278622
ENSG00000129636.nuc.ord.aln,ENSG00000129636.nuc.ord.tre,0.569946
ENSG00000129646.nuc.ord.aln,ENSG00000129646.nuc.ord.tre,2.441318
ENSG00000129675.nuc.ord.aln,ENSG00000129675.nuc.ord.tre,0.743669
ENSG00000129680.nuc.ord.aln,ENSG00000129680.nuc.ord.tre,1.480752
ENSG00000129682.nuc.ord.aln,ENSG00000129682.nuc.ord.tre,0.365261
ENSG00000129691.nuc.ord.aln,ENSG00000129691.nuc.ord.tre,0.603660
ENSG00000129696.nuc.ord.aln,ENSG00000129696.nuc.ord.tre,0.435040
ENSG00000129744.nuc.ord.aln,ENSG00000129744.nuc.ord.tre,0.304979
ENSG00000129810.nuc.ord.aln,ENSG00000129810.nuc.ord.tre,0.619288
ENSG00000129988.nuc.ord.aln,ENSG00000129988.nuc.ord.tre,0.532803
ENSG00000129990.nuc.ord.aln,ENSG00000129990.nuc.ord.tre,0.305938
ENSG00000130005.nuc.ord.aln,ENSG00000130005.nuc.ord.tre,0.275217
ENSG00000130021.nuc.ord.aln,ENSG00000130021.nuc.ord.tre,0.274604
ENSG00000130024.nuc.ord.aln,ENSG00000130024.nuc.ord.tre,0.457273
ENSG00000130038.nuc.ord.aln,ENSG00000130038.nuc.ord.tre,0.690017
ENSG00000130045.nuc.ord.aln,ENSG00000130045.nuc.ord.tre,0.153295
ENSG00000130052.nuc.ord.aln,ENSG00000130052.nuc.ord.tre,1.178782
ENSG00000130055.nuc.ord.aln,ENSG00000130055.nuc.ord.tre,0.446641
ENSG00000130066.nuc.ord.aln,ENSG00000130066.nuc.ord.tre,0.204070
ENSG00000130119.nuc.ord.aln,ENSG00000130119.nuc.ord.tre,0.523444
ENSG00000130147.nuc.ord.aln,ENSG00000130147.nuc.ord.tre,0.808720
ENSG00000130150.nuc.ord.aln,ENSG00000130150.nuc.ord.tre,0.431595
ENSG00000130177.nuc.ord.aln,ENSG00000130177.nuc.ord.tre,0.500595
ENSG00000130203.nuc.ord.aln,ENSG00000130203.nuc.ord.tre,0.306546
ENSG00000130222.nuc.ord.aln,ENSG00000130222.nuc.ord.tre,0.271724
ENSG00000130224.nuc.ord.aln,ENSG00000130224.nuc.ord.tre,0.720561
ENSG00000130226.nuc.ord.aln,ENSG00000130226.nuc.ord.tre,0.772355
ENSG00000130227.nuc.ord.aln,ENSG00000130227.nuc.ord.tre,1.392814
ENSG00000130234.nuc.ord.aln,ENSG00000130234.nuc.ord.tre,0.827307
ENSG00000130254.nuc.ord.aln,ENSG00000130254.nuc.ord.tre,1.104455
ENSG00000130299.nuc.ord.aln,ENSG00000130299.nuc.ord.tre,0.532334
ENSG00000130300.nuc.ord.aln,ENSG00000130300.nuc.ord.tre,0.355649
ENSG00000130313.nuc.ord.aln,ENSG00000130313.nuc.ord.tre,0.311402
ENSG00000130338.nuc.ord.aln,ENSG00000130338.nuc.ord.tre,1.856458
ENSG00000130340.nuc.ord.aln,ENSG00000130340.nuc.ord.tre,0.426885
ENSG00000130347.nuc.ord.aln,ENSG00000130347.nuc.ord.tre,0.439133
ENSG00000130348.nuc.ord.aln,ENSG00000130348.nuc.ord.tre,0.438935
ENSG00000130349.nuc.ord.aln,ENSG00000130349.nuc.ord.tre,0.334199
ENSG00000130377.nuc.ord.aln,ENSG00000130377.nuc.ord.tre,0.526710
ENSG00000130382.nuc.ord.aln,ENSG00000130382.nuc.ord.tre,0.411387
ENSG00000130385.nuc.ord.aln,ENSG00000130385.nuc.ord.tre,0.351625
ENSG00000130402.nuc.ord.aln,ENSG00000130402.nuc.ord.tre,0.727986
ENSG00000130413.nuc.ord.aln,ENSG00000130413.nuc.ord.tre,0.598355
ENSG00000130427.nuc.ord.aln,ENSG00000130427.nuc.ord.tre,0.407114
ENSG00000130449.nuc.ord.aln,ENSG00000130449.nuc.ord.tre,1.381134
ENSG00000130508.nuc.ord.aln,ENSG00000130508.nuc.ord.tre,2.196873
ENSG00000130529.nuc.ord.aln,ENSG00000130529.nuc.ord.tre,1.579980
ENSG00000130545.nuc.ord.aln,ENSG00000130545.nuc.ord.tre,0.198459
ENSG00000130558.nuc.ord.aln,ENSG00000130558.nuc.ord.tre,0.434683
ENSG00000130559.nuc.ord.aln,ENSG00000130559.nuc.ord.tre,1.578673
ENSG00000130560.nuc.ord.aln,ENSG00000130560.nuc.ord.tre,0.347509
ENSG00000130561.nuc.ord.aln,ENSG00000130561.nuc.ord.tre,0.422694
ENSG00000130589.nuc.ord.aln,ENSG00000130589.nuc.ord.tre,4.447284
ENSG00000130638.nuc.ord.aln,ENSG00000130638.nuc.ord.tre,0.463614
ENSG00000130640.nuc.ord.aln,ENSG00000130640.nuc.ord.tre,0.894705
ENSG00000130643.nuc.ord.aln,ENSG00000130643.nuc.ord.tre,0.270348
ENSG00000130653.nuc.ord.aln,ENSG00000130653.nuc.ord.tre,1.409797
ENSG00000130669.nuc.ord.aln,ENSG00000130669.nuc.ord.tre,0.472113
ENSG00000130695.nuc.ord.aln,ENSG00000130695.nuc.ord.tre,0.690461
ENSG00000130703.nuc.ord.aln,ENSG00000130703.nuc.ord.tre,0.389959
ENSG00000130713.nuc.ord.aln,ENSG00000130713.nuc.ord.tre,0.429698
ENSG00000130714.nuc.ord.aln,ENSG00000130714.nuc.ord.tre,0.906757
ENSG00000130717.nuc.ord.aln,ENSG00000130717.nuc.ord.tre,0.317091
ENSG00000130725.nuc.ord.aln,ENSG00000130725.nuc.ord.tre,0.251448
ENSG00000130726.nuc.ord.aln,ENSG00000130726.nuc.ord.tre,0.645037
ENSG00000130733.nuc.ord.aln,ENSG00000130733.nuc.ord.tre,0.351157
ENSG00000130734.nuc.ord.aln,ENSG00000130734.nuc.ord.tre,0.375164
ENSG00000130749.nuc.ord.aln,ENSG00000130749.nuc.ord.tre,2.050666
ENSG00000130755.nuc.ord.aln,ENSG00000130755.nuc.ord.tre,0.248202
ENSG00000130758.nuc.ord.aln,ENSG00000130758.nuc.ord.tre,0.950763
ENSG00000130764.nuc.ord.aln,ENSG00000130764.nuc.ord.tre,0.404790
ENSG00000130766.nuc.ord.aln,ENSG00000130766.nuc.ord.tre,0.449665
ENSG00000130768.nuc.ord.aln,ENSG00000130768.nuc.ord.tre,0.393561
ENSG00000130770.nuc.ord.aln,ENSG00000130770.nuc.ord.tre,0.200767
ENSG00000130772.nuc.ord.aln,ENSG00000130772.nuc.ord.tre,0.294860
ENSG00000130775.nuc.ord.aln,ENSG00000130775.nuc.ord.tre,0.702741
ENSG00000130779.nuc.ord.aln,ENSG00000130779.nuc.ord.tre,1.595903
ENSG00000130783.nuc.ord.aln,ENSG00000130783.nuc.ord.tre,0.743103
ENSG00000130787.nuc.ord.aln,ENSG00000130787.nuc.ord.tre,1.062899
ENSG00000130816.nuc.ord.aln,ENSG00000130816.nuc.ord.tre,2.271397
ENSG00000130826.nuc.ord.aln,ENSG00000130826.nuc.ord.tre,0.419865
ENSG00000130827.nuc.ord.aln,ENSG00000130827.nuc.ord.tre,2.212538
ENSG00000130829.nuc.ord.aln,ENSG00000130829.nuc.ord.tre,0.365634
ENSG00000130830.nuc.ord.aln,ENSG00000130830.nuc.ord.tre,0.419540
ENSG00000130856.nuc.ord.aln,ENSG00000130856.nuc.ord.tre,1.923291
ENSG00000130921.nuc.ord.aln,ENSG00000130921.nuc.ord.tre,0.304698
ENSG00000130935.nuc.ord.aln,ENSG00000130935.nuc.ord.tre,0.639571
ENSG00000130939.nuc.ord.aln,ENSG00000130939.nuc.ord.tre,1.457799
ENSG00000130940.nuc.ord.aln,ENSG00000130940.nuc.ord.tre,1.966280
ENSG00000130948.nuc.ord.aln,ENSG00000130948.nuc.ord.tre,0.361984
ENSG00000130956.nuc.ord.aln,ENSG00000130956.nuc.ord.tre,0.381387
ENSG00000130957.nuc.ord.aln,ENSG00000130957.nuc.ord.tre,0.509547
ENSG00000130958.nuc.ord.aln,ENSG00000130958.nuc.ord.tre,0.400413
ENSG00000130962.nuc.ord.aln,ENSG00000130962.nuc.ord.tre,0.282798
ENSG00000130985.nuc.ord.aln,ENSG00000130985.nuc.ord.tre,1.140439
ENSG00000130988.nuc.ord.aln,ENSG00000130988.nuc.ord.tre,0.329834
ENSG00000130997.nuc.ord.aln,ENSG00000130997.nuc.ord.tre,0.897269
ENSG00000131013.nuc.ord.aln,ENSG00000131013.nuc.ord.tre,0.440976
ENSG00000131016.nuc.ord.aln,ENSG00000131016.nuc.ord.tre,2.391028
ENSG00000131023.nuc.ord.aln,ENSG00000131023.nuc.ord.tre,1.105781
ENSG00000131043.nuc.ord.aln,ENSG00000131043.nuc.ord.tre,0.394057
ENSG00000131044.nuc.ord.aln,ENSG00000131044.nuc.ord.tre,0.456321
ENSG00000131050.nuc.ord.aln,ENSG00000131050.nuc.ord.tre,0.258333
ENSG00000131055.nuc.ord.aln,ENSG00000131055.nuc.ord.tre,0.238034
ENSG00000131067.nuc.ord.aln,ENSG00000131067.nuc.ord.tre,0.569162
ENSG00000131069.nuc.ord.aln,ENSG00000131069.nuc.ord.tre,0.682083
ENSG00000132356.nuc.ord.aln,ENSG00000132356.nuc.ord.tre,0.642427
ENSG00000132357.nuc.ord.aln,ENSG00000132357.nuc.ord.tre,1.369309
ENSG00000132359.nuc.ord.aln,ENSG00000132359.nuc.ord.tre,0.694839
ENSG00000132361.nuc.ord.aln,ENSG00000132361.nuc.ord.tre,1.551284
ENSG00000132383.nuc.ord.aln,ENSG00000132383.nuc.ord.tre,0.724938
ENSG00000132386.nuc.ord.aln,ENSG00000132386.nuc.ord.tre,0.404452
ENSG00000132388.nuc.ord.aln,ENSG00000132388.nuc.ord.tre,0.335808
ENSG00000132394.nuc.ord.aln,ENSG00000132394.nuc.ord.tre,0.434800
ENSG00000132405.nuc.ord.aln,ENSG00000132405.nuc.ord.tre,0.554946
ENSG00000132406.nuc.ord.aln,ENSG00000132406.nuc.ord.tre,0.187902
ENSG00000132423.nuc.ord.aln,ENSG00000132423.nuc.ord.tre,0.418253
ENSG00000132424.nuc.ord.aln,ENSG00000132424.nuc.ord.tre,0.788293
ENSG00000132429.nuc.ord.aln,ENSG00000132429.nuc.ord.tre,0.313796
ENSG00000132432.nuc.ord.aln,ENSG00000132432.nuc.ord.tre,0.218731
ENSG00000132434.nuc.ord.aln,ENSG00000132434.nuc.ord.tre,0.475807
ENSG00000132437.nuc.ord.aln,ENSG00000132437.nuc.ord.tre,0.589015
ENSG00000132463.nuc.ord.aln,ENSG00000132463.nuc.ord.tre,0.455796
ENSG00000132464.nuc.ord.aln,ENSG00000132464.nuc.ord.tre,1.555941
ENSG00000132465.nuc.ord.aln,ENSG00000132465.nuc.ord.tre,0.315508
ENSG00000132466.nuc.ord.aln,ENSG00000132466.nuc.ord.tre,3.848783
ENSG00000132467.nuc.ord.aln,ENSG00000132467.nuc.ord.tre,0.327508
ENSG00000132481.nuc.ord.aln,ENSG00000132481.nuc.ord.tre,0.631236
ENSG00000132485.nuc.ord.aln,ENSG00000132485.nuc.ord.tre,0.411831
ENSG00000132510.nuc.ord.aln,ENSG00000132510.nuc.ord.tre,1.807629
ENSG00000132518.nuc.ord.aln,ENSG00000132518.nuc.ord.tre,1.108209
ENSG00000132522.nuc.ord.aln,ENSG00000132522.nuc.ord.tre,0.260303
ENSG00000132530.nuc.ord.aln,ENSG00000132530.nuc.ord.tre,0.371552
ENSG00000132535.nuc.ord.aln,ENSG00000132535.nuc.ord.tre,0.666556
ENSG00000132541.nuc.ord.aln,ENSG00000132541.nuc.ord.tre,0.252265
ENSG00000132549.nuc.ord.aln,ENSG00000132549.nuc.ord.tre,8.703493
ENSG00000132554.nuc.ord.aln,ENSG00000132554.nuc.ord.tre,1.205892
ENSG00000132561.nuc.ord.aln,ENSG00000132561.nuc.ord.tre,1.044518
ENSG00000132563.nuc.ord.aln,ENSG00000132563.nuc.ord.tre,0.306424
ENSG00000132570.nuc.ord.aln,ENSG00000132570.nuc.ord.tre,0.237669
ENSG00000132581.nuc.ord.aln,ENSG00000132581.nuc.ord.tre,0.318372
ENSG00000132589.nuc.ord.aln,ENSG00000132589.nuc.ord.tre,0.495626
ENSG00000132591.nuc.ord.aln,ENSG00000132591.nuc.ord.tre,0.450531
ENSG00000132600.nuc.ord.aln,ENSG00000132600.nuc.ord.tre,0.744337
ENSG00000132603.nuc.ord.aln,ENSG00000132603.nuc.ord.tre,0.268163
ENSG00000132604.nuc.ord.aln,ENSG00000132604.nuc.ord.tre,0.518933
ENSG00000132622.nuc.ord.aln,ENSG00000132622.nuc.ord.tre,0.699553
ENSG00000132623.nuc.ord.aln,ENSG00000132623.nuc.ord.tre,0.744296
ENSG00000132631.nuc.ord.aln,ENSG00000132631.nuc.ord.tre,0.242646
ENSG00000132639.nuc.ord.aln,ENSG00000132639.nuc.ord.tre,0.348788
ENSG00000132640.nuc.ord.aln,ENSG00000132640.nuc.ord.tre,0.537048
ENSG00000132646.nuc.ord.aln,ENSG00000132646.nuc.ord.tre,0.311873
ENSG00000132664.nuc.ord.aln,ENSG00000132664.nuc.ord.tre,0.394250
ENSG00000132669.nuc.ord.aln,ENSG00000132669.nuc.ord.tre,1.569170
ENSG00000132670.nuc.ord.aln,ENSG00000132670.nuc.ord.tre,0.586281
ENSG00000132676.nuc.ord.aln,ENSG00000132676.nuc.ord.tre,0.373868
ENSG00000132677.nuc.ord.aln,ENSG00000132677.nuc.ord.tre,0.552234
ENSG00000132680.nuc.ord.aln,ENSG00000132680.nuc.ord.tre,0.554815
ENSG00000132681.nuc.ord.aln,ENSG00000132681.nuc.ord.tre,0.877749
ENSG00000132688.nuc.ord.aln,ENSG00000132688.nuc.ord.tre,2.665943
ENSG00000132692.nuc.ord.aln,ENSG00000132692.nuc.ord.tre,1.656824
ENSG00000132694.nuc.ord.aln,ENSG00000132694.nuc.ord.tre,1.895180
ENSG00000131089.nuc.ord.aln,ENSG00000131089.nuc.ord.tre,0.574685
ENSG00000131094.nuc.ord.aln,ENSG00000131094.nuc.ord.tre,0.230077
ENSG00000131095.nuc.ord.aln,ENSG00000131095.nuc.ord.tre,0.479941
ENSG00000131116.nuc.ord.aln,ENSG00000131116.nuc.ord.tre,0.321637
ENSG00000131143.nuc.ord.aln,ENSG00000131143.nuc.ord.tre,0.283781
ENSG00000131148.nuc.ord.aln,ENSG00000131148.nuc.ord.tre,0.286612
ENSG00000131149.nuc.ord.aln,ENSG00000131149.nuc.ord.tre,1.373594
ENSG00000131153.nuc.ord.aln,ENSG00000131153.nuc.ord.tre,0.290011
ENSG00000131183.nuc.ord.aln,ENSG00000131183.nuc.ord.tre,0.466298
ENSG00000131187.nuc.ord.aln,ENSG00000131187.nuc.ord.tre,0.657494
ENSG00000131196.nuc.ord.aln,ENSG00000131196.nuc.ord.tre,0.976575
ENSG00000131203.nuc.ord.aln,ENSG00000131203.nuc.ord.tre,0.397274
ENSG00000131236.nuc.ord.aln,ENSG00000131236.nuc.ord.tre,0.432807
ENSG00000131238.nuc.ord.aln,ENSG00000131238.nuc.ord.tre,0.341290
ENSG00000131242.nuc.ord.aln,ENSG00000131242.nuc.ord.tre,0.580543
ENSG00000131269.nuc.ord.aln,ENSG00000131269.nuc.ord.tre,0.706048
ENSG00000131323.nuc.ord.aln,ENSG00000131323.nuc.ord.tre,0.504044
ENSG00000131368.nuc.ord.aln,ENSG00000131368.nuc.ord.tre,0.278255
ENSG00000131370.nuc.ord.aln,ENSG00000131370.nuc.ord.tre,0.350159
ENSG00000131373.nuc.ord.aln,ENSG00000131373.nuc.ord.tre,0.366501
ENSG00000131374.nuc.ord.aln,ENSG00000131374.nuc.ord.tre,0.932031
ENSG00000131375.nuc.ord.aln,ENSG00000131375.nuc.ord.tre,0.730970
ENSG00000131378.nuc.ord.aln,ENSG00000131378.nuc.ord.tre,0.652569
ENSG00000131379.nuc.ord.aln,ENSG00000131379.nuc.ord.tre,0.866127
ENSG00000131381.nuc.ord.aln,ENSG00000131381.nuc.ord.tre,0.846644
ENSG00000131386.nuc.ord.aln,ENSG00000131386.nuc.ord.tre,0.478796
ENSG00000131389.nuc.ord.aln,ENSG00000131389.nuc.ord.tre,0.628934
ENSG00000131409.nuc.ord.aln,ENSG00000131409.nuc.ord.tre,0.323895
ENSG00000131435.nuc.ord.aln,ENSG00000131435.nuc.ord.tre,0.356989
ENSG00000131437.nuc.ord.aln,ENSG00000131437.nuc.ord.tre,0.685396
ENSG00000131446.nuc.ord.aln,ENSG00000131446.nuc.ord.tre,0.271636
ENSG00000131459.nuc.ord.aln,ENSG00000131459.nuc.ord.tre,0.613520
ENSG00000131467.nuc.ord.aln,ENSG00000131467.nuc.ord.tre,0.242101
ENSG00000131473.nuc.ord.aln,ENSG00000131473.nuc.ord.tre,1.334472
ENSG00000131475.nuc.ord.aln,ENSG00000131475.nuc.ord.tre,0.284425
ENSG00000131477.nuc.ord.aln,ENSG00000131477.nuc.ord.tre,0.245374
ENSG00000131482.nuc.ord.aln,ENSG00000131482.nuc.ord.tre,0.313188
ENSG00000131503.nuc.ord.aln,ENSG00000131503.nuc.ord.tre,5.279164
ENSG00000131504.nuc.ord.aln,ENSG00000131504.nuc.ord.tre,1.617100
ENSG00000131507.nuc.ord.aln,ENSG00000131507.nuc.ord.tre,0.348318
ENSG00000131558.nuc.ord.aln,ENSG00000131558.nuc.ord.tre,0.880960
ENSG00000131584.nuc.ord.aln,ENSG00000131584.nuc.ord.tre,0.750106
ENSG00000131634.nuc.ord.aln,ENSG00000131634.nuc.ord.tre,0.331599
ENSG00000131652.nuc.ord.aln,ENSG00000131652.nuc.ord.tre,0.323824
ENSG00000131668.nuc.ord.aln,ENSG00000131668.nuc.ord.tre,0.274235
ENSG00000131669.nuc.ord.aln,ENSG00000131669.nuc.ord.tre,0.235249
ENSG00000131686.nuc.ord.aln,ENSG00000131686.nuc.ord.tre,0.449508
ENSG00000131697.nuc.ord.aln,ENSG00000131697.nuc.ord.tre,1.476180
ENSG00000131711.nuc.ord.aln,ENSG00000131711.nuc.ord.tre,3.803852
ENSG00000131724.nuc.ord.aln,ENSG00000131724.nuc.ord.tre,0.424029
ENSG00000131725.nuc.ord.aln,ENSG00000131725.nuc.ord.tre,0.902258
ENSG00000131732.nuc.ord.aln,ENSG00000131732.nuc.ord.tre,0.332509
ENSG00000131746.nuc.ord.aln,ENSG00000131746.nuc.ord.tre,0.463429
ENSG00000131747.nuc.ord.aln,ENSG00000131747.nuc.ord.tre,2.944726
ENSG00000131748.nuc.ord.aln,ENSG00000131748.nuc.ord.tre,0.409566
ENSG00000131759.nuc.ord.aln,ENSG00000131759.nuc.ord.tre,0.687159
ENSG00000131771.nuc.ord.aln,ENSG00000131771.nuc.ord.tre,0.309036
ENSG00000131773.nuc.ord.aln,ENSG00000131773.nuc.ord.tre,0.407014
ENSG00000131778.nuc.ord.aln,ENSG00000131778.nuc.ord.tre,0.994089
ENSG00000131779.nuc.ord.aln,ENSG00000131779.nuc.ord.tre,0.309789
ENSG00000131781.nuc.ord.aln,ENSG00000131781.nuc.ord.tre,0.493669
ENSG00000131788.nuc.ord.aln,ENSG00000131788.nuc.ord.tre,0.454959
ENSG00000131791.nuc.ord.aln,ENSG00000131791.nuc.ord.tre,0.357689
ENSG00000131808.nuc.ord.aln,ENSG00000131808.nuc.ord.tre,0.238023
ENSG00000131844.nuc.ord.aln,ENSG00000131844.nuc.ord.tre,0.465578
ENSG00000131871.nuc.ord.aln,ENSG00000131871.nuc.ord.tre,0.322262
ENSG00000131873.nuc.ord.aln,ENSG00000131873.nuc.ord.tre,0.679416
ENSG00000131876.nuc.ord.aln,ENSG00000131876.nuc.ord.tre,0.348315
ENSG00000131910.nuc.ord.aln,ENSG00000131910.nuc.ord.tre,0.312270
ENSG00000131931.nuc.ord.aln,ENSG00000131931.nuc.ord.tre,0.284196
ENSG00000131944.nuc.ord.aln,ENSG00000131944.nuc.ord.tre,0.249091
ENSG00000131951.nuc.ord.aln,ENSG00000131951.nuc.ord.tre,1.862021
ENSG00000131966.nuc.ord.aln,ENSG00000131966.nuc.ord.tre,0.409028
ENSG00000131969.nuc.ord.aln,ENSG00000131969.nuc.ord.tre,0.429791
ENSG00000132024.nuc.ord.aln,ENSG00000132024.nuc.ord.tre,1.138550
ENSG00000132031.nuc.ord.aln,ENSG00000132031.nuc.ord.tre,0.418213
ENSG00000132122.nuc.ord.aln,ENSG00000132122.nuc.ord.tre,0.441976
ENSG00000132128.nuc.ord.aln,ENSG00000132128.nuc.ord.tre,0.903721
ENSG00000132130.nuc.ord.aln,ENSG00000132130.nuc.ord.tre,0.377218
ENSG00000132141.nuc.ord.aln,ENSG00000132141.nuc.ord.tre,0.403298
ENSG00000132142.nuc.ord.aln,ENSG00000132142.nuc.ord.tre,4.679858
ENSG00000132153.nuc.ord.aln,ENSG00000132153.nuc.ord.tre,1.132373
ENSG00000132164.nuc.ord.aln,ENSG00000132164.nuc.ord.tre,0.481999
ENSG00000132170.nuc.ord.aln,ENSG00000132170.nuc.ord.tre,0.481089
ENSG00000132182.nuc.ord.aln,ENSG00000132182.nuc.ord.tre,2.227549
ENSG00000132185.nuc.ord.aln,ENSG00000132185.nuc.ord.tre,0.400490
ENSG00000132205.nuc.ord.aln,ENSG00000132205.nuc.ord.tre,1.224954
ENSG00000132254.nuc.ord.aln,ENSG00000132254.nuc.ord.tre,0.403284
ENSG00000132259.nuc.ord.aln,ENSG00000132259.nuc.ord.tre,0.574248
ENSG00000132275.nuc.ord.aln,ENSG00000132275.nuc.ord.tre,0.425319
ENSG00000132294.nuc.ord.aln,ENSG00000132294.nuc.ord.tre,0.819300
ENSG00000132297.nuc.ord.aln,ENSG00000132297.nuc.ord.tre,0.759338
ENSG00000132300.nuc.ord.aln,ENSG00000132300.nuc.ord.tre,0.712538
ENSG00000132305.nuc.ord.aln,ENSG00000132305.nuc.ord.tre,0.700108
ENSG00000132313.nuc.ord.aln,ENSG00000132313.nuc.ord.tre,0.329953
ENSG00000132321.nuc.ord.aln,ENSG00000132321.nuc.ord.tre,0.814158
ENSG00000132323.nuc.ord.aln,ENSG00000132323.nuc.ord.tre,0.393649
ENSG00000132326.nuc.ord.aln,ENSG00000132326.nuc.ord.tre,1.628852
ENSG00000132330.nuc.ord.aln,ENSG00000132330.nuc.ord.tre,0.436001
ENSG00000132334.nuc.ord.aln,ENSG00000132334.nuc.ord.tre,0.599141
ENSG00000132698.nuc.ord.aln,ENSG00000132698.nuc.ord.tre,0.401912
ENSG00000132718.nuc.ord.aln,ENSG00000132718.nuc.ord.tre,0.386706
ENSG00000132740.nuc.ord.aln,ENSG00000132740.nuc.ord.tre,0.843059
ENSG00000132749.nuc.ord.aln,ENSG00000132749.nuc.ord.tre,0.501245
ENSG00000132763.nuc.ord.aln,ENSG00000132763.nuc.ord.tre,0.338988
ENSG00000132773.nuc.ord.aln,ENSG00000132773.nuc.ord.tre,0.531466
ENSG00000132780.nuc.ord.aln,ENSG00000132780.nuc.ord.tre,1.028734
ENSG00000132781.nuc.ord.aln,ENSG00000132781.nuc.ord.tre,0.511096
ENSG00000132792.nuc.ord.aln,ENSG00000132792.nuc.ord.tre,0.487988
ENSG00000132793.nuc.ord.aln,ENSG00000132793.nuc.ord.tre,1.131796
ENSG00000132801.nuc.ord.aln,ENSG00000132801.nuc.ord.tre,0.659704
ENSG00000132821.nuc.ord.aln,ENSG00000132821.nuc.ord.tre,0.317872
ENSG00000132824.nuc.ord.aln,ENSG00000132824.nuc.ord.tre,0.455978
ENSG00000132837.nuc.ord.aln,ENSG00000132837.nuc.ord.tre,0.884997
ENSG00000132840.nuc.ord.aln,ENSG00000132840.nuc.ord.tre,0.381994
ENSG00000132842.nuc.ord.aln,ENSG00000132842.nuc.ord.tre,1.357377
ENSG00000132849.nuc.ord.aln,ENSG00000132849.nuc.ord.tre,2.204472
ENSG00000132854.nuc.ord.aln,ENSG00000132854.nuc.ord.tre,1.249331
ENSG00000132855.nuc.ord.aln,ENSG00000132855.nuc.ord.tre,0.450028
ENSG00000132872.nuc.ord.aln,ENSG00000132872.nuc.ord.tre,0.448993
ENSG00000132874.nuc.ord.aln,ENSG00000132874.nuc.ord.tre,0.804997
ENSG00000132881.nuc.ord.aln,ENSG00000132881.nuc.ord.tre,0.328475
ENSG00000132906.nuc.ord.aln,ENSG00000132906.nuc.ord.tre,0.726771
ENSG00000132911.nuc.ord.aln,ENSG00000132911.nuc.ord.tre,0.373553
ENSG00000132912.nuc.ord.aln,ENSG00000132912.nuc.ord.tre,0.429824
ENSG00000132915.nuc.ord.aln,ENSG00000132915.nuc.ord.tre,0.935404
ENSG00000132938.nuc.ord.aln,ENSG00000132938.nuc.ord.tre,1.631818
ENSG00000132952.nuc.ord.aln,ENSG00000132952.nuc.ord.tre,1.455588
ENSG00000132953.nuc.ord.aln,ENSG00000132953.nuc.ord.tre,0.936750
ENSG00000132963.nuc.ord.aln,ENSG00000132963.nuc.ord.tre,0.315135
ENSG00000132964.nuc.ord.aln,ENSG00000132964.nuc.ord.tre,0.483927
ENSG00000132965.nuc.ord.aln,ENSG00000132965.nuc.ord.tre,0.339771
ENSG00000132970.nuc.ord.aln,ENSG00000132970.nuc.ord.tre,0.803167
ENSG00000132972.nuc.ord.aln,ENSG00000132972.nuc.ord.tre,2.301661
ENSG00000132975.nuc.ord.aln,ENSG00000132975.nuc.ord.tre,0.273461
ENSG00000133019.nuc.ord.aln,ENSG00000133019.nuc.ord.tre,0.299301
ENSG00000133026.nuc.ord.aln,ENSG00000133026.nuc.ord.tre,3.191991
ENSG00000133028.nuc.ord.aln,ENSG00000133028.nuc.ord.tre,0.370089
ENSG00000133048.nuc.ord.aln,ENSG00000133048.nuc.ord.tre,0.382721
ENSG00000133055.nuc.ord.aln,ENSG00000133055.nuc.ord.tre,0.438721
ENSG00000133056.nuc.ord.aln,ENSG00000133056.nuc.ord.tre,2.190239
ENSG00000133059.nuc.ord.aln,ENSG00000133059.nuc.ord.tre,0.997386
ENSG00000133063.nuc.ord.aln,ENSG00000133063.nuc.ord.tre,0.438467
ENSG00000133065.nuc.ord.aln,ENSG00000133065.nuc.ord.tre,0.415776
ENSG00000133067.nuc.ord.aln,ENSG00000133067.nuc.ord.tre,0.916250
ENSG00000133083.nuc.ord.aln,ENSG00000133083.nuc.ord.tre,0.641987
ENSG00000133101.nuc.ord.aln,ENSG00000133101.nuc.ord.tre,0.559114
ENSG00000133103.nuc.ord.aln,ENSG00000133103.nuc.ord.tre,0.629601
ENSG00000133104.nuc.ord.aln,ENSG00000133104.nuc.ord.tre,0.699991
ENSG00000133105.nuc.ord.aln,ENSG00000133105.nuc.ord.tre,0.683188
ENSG00000133106.nuc.ord.aln,ENSG00000133106.nuc.ord.tre,0.415383
ENSG00000133107.nuc.ord.aln,ENSG00000133107.nuc.ord.tre,0.962392
ENSG00000133110.nuc.ord.aln,ENSG00000133110.nuc.ord.tre,0.784700
ENSG00000133111.nuc.ord.aln,ENSG00000133111.nuc.ord.tre,0.343127
ENSG00000133115.nuc.ord.aln,ENSG00000133115.nuc.ord.tre,0.368832
ENSG00000133116.nuc.ord.aln,ENSG00000133116.nuc.ord.tre,1.063694
ENSG00000133119.nuc.ord.aln,ENSG00000133119.nuc.ord.tre,0.389585
ENSG00000133121.nuc.ord.aln,ENSG00000133121.nuc.ord.tre,1.249099
ENSG00000133131.nuc.ord.aln,ENSG00000133131.nuc.ord.tre,0.842280
ENSG00000133135.nuc.ord.aln,ENSG00000133135.nuc.ord.tre,0.443849
ENSG00000133138.nuc.ord.aln,ENSG00000133138.nuc.ord.tre,1.612092
ENSG00000133195.nuc.ord.aln,ENSG00000133195.nuc.ord.tre,0.495520
ENSG00000133216.nuc.ord.aln,ENSG00000133216.nuc.ord.tre,1.344494
ENSG00000133226.nuc.ord.aln,ENSG00000133226.nuc.ord.tre,0.999486
ENSG00000133250.nuc.ord.aln,ENSG00000133250.nuc.ord.tre,0.357889
ENSG00000133256.nuc.ord.aln,ENSG00000133256.nuc.ord.tre,0.840227
ENSG00000133275.nuc.ord.aln,ENSG00000133275.nuc.ord.tre,0.301779
ENSG00000133302.nuc.ord.aln,ENSG00000133302.nuc.ord.tre,1.107195
ENSG00000133313.nuc.ord.aln,ENSG00000133313.nuc.ord.tre,0.375612
ENSG00000133315.nuc.ord.aln,ENSG00000133315.nuc.ord.tre,0.318986
ENSG00000133316.nuc.ord.aln,ENSG00000133316.nuc.ord.tre,0.330488
ENSG00000133317.nuc.ord.aln,ENSG00000133317.nuc.ord.tre,0.313470
ENSG00000133318.nuc.ord.aln,ENSG00000133318.nuc.ord.tre,0.828393
ENSG00000133392.nuc.ord.aln,ENSG00000133392.nuc.ord.tre,2.772898
ENSG00000133393.nuc.ord.aln,ENSG00000133393.nuc.ord.tre,0.286270
ENSG00000133398.nuc.ord.aln,ENSG00000133398.nuc.ord.tre,0.278631
ENSG00000133401.nuc.ord.aln,ENSG00000133401.nuc.ord.tre,5.092693
ENSG00000133454.nuc.ord.aln,ENSG00000133454.nuc.ord.tre,4.451826
ENSG00000133466.nuc.ord.aln,ENSG00000133466.nuc.ord.tre,0.260844
ENSG00000133477.nuc.ord.aln,ENSG00000133477.nuc.ord.tre,0.429761
ENSG00000133597.nuc.ord.aln,ENSG00000133597.nuc.ord.tre,0.465486
ENSG00000133619.nuc.ord.aln,ENSG00000133619.nuc.ord.tre,1.030527
ENSG00000133636.nuc.ord.aln,ENSG00000133636.nuc.ord.tre,0.296845
ENSG00000133640.nuc.ord.aln,ENSG00000133640.nuc.ord.tre,1.812729
ENSG00000133641.nuc.ord.aln,ENSG00000133641.nuc.ord.tre,0.500468
ENSG00000133657.nuc.ord.aln,ENSG00000133657.nuc.ord.tre,1.495818
ENSG00000133661.nuc.ord.aln,ENSG00000133661.nuc.ord.tre,0.229806
ENSG00000133687.nuc.ord.aln,ENSG00000133687.nuc.ord.tre,0.979841
ENSG00000133703.nuc.ord.aln,ENSG00000133703.nuc.ord.tre,0.261252
ENSG00000133704.nuc.ord.aln,ENSG00000133704.nuc.ord.tre,0.955060
ENSG00000133706.nuc.ord.aln,ENSG00000133706.nuc.ord.tre,1.245958
ENSG00000133710.nuc.ord.aln,ENSG00000133710.nuc.ord.tre,1.296115
ENSG00000133739.nuc.ord.aln,ENSG00000133739.nuc.ord.tre,1.099536
ENSG00000133740.nuc.ord.aln,ENSG00000133740.nuc.ord.tre,0.449408
ENSG00000133742.nuc.ord.aln,ENSG00000133742.nuc.ord.tre,0.295628
ENSG00000133773.nuc.ord.aln,ENSG00000133773.nuc.ord.tre,0.350774
ENSG00000133789.nuc.ord.aln,ENSG00000133789.nuc.ord.tre,0.558732
ENSG00000133800.nuc.ord.aln,ENSG00000133800.nuc.ord.tre,0.413602
ENSG00000133805.nuc.ord.aln,ENSG00000133805.nuc.ord.tre,0.697947
ENSG00000134594.nuc.ord.aln,ENSG00000134594.nuc.ord.tre,0.243110
ENSG00000133808.nuc.ord.aln,ENSG00000133808.nuc.ord.tre,0.594331
ENSG00000133812.nuc.ord.aln,ENSG00000133812.nuc.ord.tre,2.718642
ENSG00000133816.nuc.ord.aln,ENSG00000133816.nuc.ord.tre,1.275407
ENSG00000133818.nuc.ord.aln,ENSG00000133818.nuc.ord.tre,0.268835
ENSG00000133835.nuc.ord.aln,ENSG00000133835.nuc.ord.tre,0.743360
ENSG00000133858.nuc.ord.aln,ENSG00000133858.nuc.ord.tre,2.558478
ENSG00000133863.nuc.ord.aln,ENSG00000133863.nuc.ord.tre,6.429873
ENSG00000133872.nuc.ord.aln,ENSG00000133872.nuc.ord.tre,0.361728
ENSG00000133874.nuc.ord.aln,ENSG00000133874.nuc.ord.tre,0.325679
ENSG00000133878.nuc.ord.aln,ENSG00000133878.nuc.ord.tre,0.245564
ENSG00000133884.nuc.ord.aln,ENSG00000133884.nuc.ord.tre,0.461591
ENSG00000133895.nuc.ord.aln,ENSG00000133895.nuc.ord.tre,0.387344
ENSG00000133935.nuc.ord.aln,ENSG00000133935.nuc.ord.tre,0.271154
ENSG00000133937.nuc.ord.aln,ENSG00000133937.nuc.ord.tre,0.249307
ENSG00000133943.nuc.ord.aln,ENSG00000133943.nuc.ord.tre,0.626934
ENSG00000133958.nuc.ord.aln,ENSG00000133958.nuc.ord.tre,4.864503
ENSG00000133961.nuc.ord.aln,ENSG00000133961.nuc.ord.tre,0.559810
ENSG00000133962.nuc.ord.aln,ENSG00000133962.nuc.ord.tre,1.116280
ENSG00000133980.nuc.ord.aln,ENSG00000133980.nuc.ord.tre,0.330596
ENSG00000133997.nuc.ord.aln,ENSG00000133997.nuc.ord.tre,0.352276
ENSG00000134001.nuc.ord.aln,ENSG00000134001.nuc.ord.tre,0.396098
ENSG00000134013.nuc.ord.aln,ENSG00000134013.nuc.ord.tre,0.742010
ENSG00000134014.nuc.ord.aln,ENSG00000134014.nuc.ord.tre,0.535226
ENSG00000134020.nuc.ord.aln,ENSG00000134020.nuc.ord.tre,0.370792
ENSG00000134028.nuc.ord.aln,ENSG00000134028.nuc.ord.tre,0.464404
ENSG00000134030.nuc.ord.aln,ENSG00000134030.nuc.ord.tre,0.618675
ENSG00000134042.nuc.ord.aln,ENSG00000134042.nuc.ord.tre,0.375847
ENSG00000134046.nuc.ord.aln,ENSG00000134046.nuc.ord.tre,0.422295
ENSG00000134056.nuc.ord.aln,ENSG00000134056.nuc.ord.tre,0.197690
ENSG00000134070.nuc.ord.aln,ENSG00000134070.nuc.ord.tre,0.580510
ENSG00000134072.nuc.ord.aln,ENSG00000134072.nuc.ord.tre,0.350817
ENSG00000134077.nuc.ord.aln,ENSG00000134077.nuc.ord.tre,0.392887
ENSG00000134086.nuc.ord.aln,ENSG00000134086.nuc.ord.tre,0.320335
ENSG00000134107.nuc.ord.aln,ENSG00000134107.nuc.ord.tre,0.368398
ENSG00000134108.nuc.ord.aln,ENSG00000134108.nuc.ord.tre,0.361288
ENSG00000134109.nuc.ord.aln,ENSG00000134109.nuc.ord.tre,0.731746
ENSG00000134115.nuc.ord.aln,ENSG00000134115.nuc.ord.tre,1.040654
ENSG00000134121.nuc.ord.aln,ENSG00000134121.nuc.ord.tre,1.836326
ENSG00000134138.nuc.ord.aln,ENSG00000134138.nuc.ord.tre,0.466374
ENSG00000134146.nuc.ord.aln,ENSG00000134146.nuc.ord.tre,0.377975
ENSG00000134152.nuc.ord.aln,ENSG00000134152.nuc.ord.tre,0.369882
ENSG00000134153.nuc.ord.aln,ENSG00000134153.nuc.ord.tre,0.321342
ENSG00000134160.nuc.ord.aln,ENSG00000134160.nuc.ord.tre,2.190181
ENSG00000134183.nuc.ord.aln,ENSG00000134183.nuc.ord.tre,0.420287
ENSG00000134193.nuc.ord.aln,ENSG00000134193.nuc.ord.tre,0.243351
ENSG00000134198.nuc.ord.aln,ENSG00000134198.nuc.ord.tre,0.343612
ENSG00000134200.nuc.ord.aln,ENSG00000134200.nuc.ord.tre,0.267354
ENSG00000134202.nuc.ord.aln,ENSG00000134202.nuc.ord.tre,0.316049
ENSG00000134207.nuc.ord.aln,ENSG00000134207.nuc.ord.tre,0.566361
ENSG00000134215.nuc.ord.aln,ENSG00000134215.nuc.ord.tre,0.819472
ENSG00000134222.nuc.ord.aln,ENSG00000134222.nuc.ord.tre,0.464180
ENSG00000134240.nuc.ord.aln,ENSG00000134240.nuc.ord.tre,0.435407
ENSG00000134242.nuc.ord.aln,ENSG00000134242.nuc.ord.tre,0.771848
ENSG00000134243.nuc.ord.aln,ENSG00000134243.nuc.ord.tre,1.007033
ENSG00000134245.nuc.ord.aln,ENSG00000134245.nuc.ord.tre,0.435375
ENSG00000134247.nuc.ord.aln,ENSG00000134247.nuc.ord.tre,0.977269
ENSG00000134250.nuc.ord.aln,ENSG00000134250.nuc.ord.tre,4.060926
ENSG00000134253.nuc.ord.aln,ENSG00000134253.nuc.ord.tre,0.589015
ENSG00000134255.nuc.ord.aln,ENSG00000134255.nuc.ord.tre,0.426552
ENSG00000134259.nuc.ord.aln,ENSG00000134259.nuc.ord.tre,0.238347
ENSG00000134262.nuc.ord.aln,ENSG00000134262.nuc.ord.tre,0.660753
ENSG00000134265.nuc.ord.aln,ENSG00000134265.nuc.ord.tre,0.379777
ENSG00000134278.nuc.ord.aln,ENSG00000134278.nuc.ord.tre,0.819027
ENSG00000134287.nuc.ord.aln,ENSG00000134287.nuc.ord.tre,0.254019
ENSG00000134294.nuc.ord.aln,ENSG00000134294.nuc.ord.tre,0.469244
ENSG00000134313.nuc.ord.aln,ENSG00000134313.nuc.ord.tre,2.647627
ENSG00000134317.nuc.ord.aln,ENSG00000134317.nuc.ord.tre,0.547957
ENSG00000134318.nuc.ord.aln,ENSG00000134318.nuc.ord.tre,1.793133
ENSG00000134321.nuc.ord.aln,ENSG00000134321.nuc.ord.tre,0.410146
ENSG00000134324.nuc.ord.aln,ENSG00000134324.nuc.ord.tre,1.054018
ENSG00000134326.nuc.ord.aln,ENSG00000134326.nuc.ord.tre,0.333205
ENSG00000134330.nuc.ord.aln,ENSG00000134330.nuc.ord.tre,0.356457
ENSG00000134333.nuc.ord.aln,ENSG00000134333.nuc.ord.tre,0.354681
ENSG00000134343.nuc.ord.aln,ENSG00000134343.nuc.ord.tre,1.029366
ENSG00000134352.nuc.ord.aln,ENSG00000134352.nuc.ord.tre,1.133111
ENSG00000134363.nuc.ord.aln,ENSG00000134363.nuc.ord.tre,0.448416
ENSG00000134369.nuc.ord.aln,ENSG00000134369.nuc.ord.tre,2.483505
ENSG00000134371.nuc.ord.aln,ENSG00000134371.nuc.ord.tre,0.459649
ENSG00000134375.nuc.ord.aln,ENSG00000134375.nuc.ord.tre,0.305073
ENSG00000134376.nuc.ord.aln,ENSG00000134376.nuc.ord.tre,1.545873
ENSG00000134398.nuc.ord.aln,ENSG00000134398.nuc.ord.tre,1.073944
ENSG00000134440.nuc.ord.aln,ENSG00000134440.nuc.ord.tre,0.429503
ENSG00000134443.nuc.ord.aln,ENSG00000134443.nuc.ord.tre,0.260927
ENSG00000134444.nuc.ord.aln,ENSG00000134444.nuc.ord.tre,1.396335
ENSG00000134452.nuc.ord.aln,ENSG00000134452.nuc.ord.tre,1.204963
ENSG00000134453.nuc.ord.aln,ENSG00000134453.nuc.ord.tre,0.447667
ENSG00000134460.nuc.ord.aln,ENSG00000134460.nuc.ord.tre,0.304284
ENSG00000134461.nuc.ord.aln,ENSG00000134461.nuc.ord.tre,0.347867
ENSG00000134463.nuc.ord.aln,ENSG00000134463.nuc.ord.tre,0.360736
ENSG00000134470.nuc.ord.aln,ENSG00000134470.nuc.ord.tre,0.258079
ENSG00000134480.nuc.ord.aln,ENSG00000134480.nuc.ord.tre,0.368566
ENSG00000134489.nuc.ord.aln,ENSG00000134489.nuc.ord.tre,0.397366
ENSG00000134504.nuc.ord.aln,ENSG00000134504.nuc.ord.tre,1.008325
ENSG00000134508.nuc.ord.aln,ENSG00000134508.nuc.ord.tre,0.689373
ENSG00000134516.nuc.ord.aln,ENSG00000134516.nuc.ord.tre,2.853148
ENSG00000134532.nuc.ord.aln,ENSG00000134532.nuc.ord.tre,0.770124
ENSG00000134533.nuc.ord.aln,ENSG00000134533.nuc.ord.tre,0.287182
ENSG00000134569.nuc.ord.aln,ENSG00000134569.nuc.ord.tre,2.738441
ENSG00000134574.nuc.ord.aln,ENSG00000134574.nuc.ord.tre,0.430622
ENSG00000134575.nuc.ord.aln,ENSG00000134575.nuc.ord.tre,0.403920
ENSG00000134602.nuc.ord.aln,ENSG00000134602.nuc.ord.tre,0.542545
ENSG00000134627.nuc.ord.aln,ENSG00000134627.nuc.ord.tre,0.882349
ENSG00000134640.nuc.ord.aln,ENSG00000134640.nuc.ord.tre,0.271506
ENSG00000134644.nuc.ord.aln,ENSG00000134644.nuc.ord.tre,1.446020
ENSG00000134668.nuc.ord.aln,ENSG00000134668.nuc.ord.tre,1.747925
ENSG00000134684.nuc.ord.aln,ENSG00000134684.nuc.ord.tre,0.538583
ENSG00000134686.nuc.ord.aln,ENSG00000134686.nuc.ord.tre,0.797151
ENSG00000134690.nuc.ord.aln,ENSG00000134690.nuc.ord.tre,0.392308
ENSG00000134697.nuc.ord.aln,ENSG00000134697.nuc.ord.tre,0.807410
ENSG00000134698.nuc.ord.aln,ENSG00000134698.nuc.ord.tre,1.678774
ENSG00000134709.nuc.ord.aln,ENSG00000134709.nuc.ord.tre,0.694945
ENSG00000134744.nuc.ord.aln,ENSG00000134744.nuc.ord.tre,2.176461
ENSG00000134755.nuc.ord.aln,ENSG00000134755.nuc.ord.tre,0.872177
ENSG00000134757.nuc.ord.aln,ENSG00000134757.nuc.ord.tre,0.997506
ENSG00000134758.nuc.ord.aln,ENSG00000134758.nuc.ord.tre,0.349156
ENSG00000134759.nuc.ord.aln,ENSG00000134759.nuc.ord.tre,0.858696
ENSG00000134762.nuc.ord.aln,ENSG00000134762.nuc.ord.tre,0.925091
ENSG00000134765.nuc.ord.aln,ENSG00000134765.nuc.ord.tre,0.862048
ENSG00000134769.nuc.ord.aln,ENSG00000134769.nuc.ord.tre,0.681737
ENSG00000134775.nuc.ord.aln,ENSG00000134775.nuc.ord.tre,2.010183
ENSG00000134779.nuc.ord.aln,ENSG00000134779.nuc.ord.tre,0.379717
ENSG00000134802.nuc.ord.aln,ENSG00000134802.nuc.ord.tre,0.436822
ENSG00000134812.nuc.ord.aln,ENSG00000134812.nuc.ord.tre,0.539252
ENSG00000134830.nuc.ord.aln,ENSG00000134830.nuc.ord.tre,0.194764
ENSG00000134851.nuc.ord.aln,ENSG00000134851.nuc.ord.tre,0.374088
ENSG00000134852.nuc.ord.aln,ENSG00000134852.nuc.ord.tre,0.858343
ENSG00000134853.nuc.ord.aln,ENSG00000134853.nuc.ord.tre,1.112499
ENSG00000134864.nuc.ord.aln,ENSG00000134864.nuc.ord.tre,0.193465
ENSG00000134871.nuc.ord.aln,ENSG00000134871.nuc.ord.tre,2.172911
ENSG00000134873.nuc.ord.aln,ENSG00000134873.nuc.ord.tre,0.345387
ENSG00000134882.nuc.ord.aln,ENSG00000134882.nuc.ord.tre,0.303540
ENSG00000134884.nuc.ord.aln,ENSG00000134884.nuc.ord.tre,0.326924
ENSG00000134897.nuc.ord.aln,ENSG00000134897.nuc.ord.tre,0.382146
ENSG00000134899.nuc.ord.aln,ENSG00000134899.nuc.ord.tre,2.324018
ENSG00000134900.nuc.ord.aln,ENSG00000134900.nuc.ord.tre,1.409976
ENSG00000134901.nuc.ord.aln,ENSG00000134901.nuc.ord.tre,0.477546
ENSG00000134905.nuc.ord.aln,ENSG00000134905.nuc.ord.tre,0.430728
ENSG00000134909.nuc.ord.aln,ENSG00000134909.nuc.ord.tre,2.925344
ENSG00000134910.nuc.ord.aln,ENSG00000134910.nuc.ord.tre,0.974913
ENSG00000134917.nuc.ord.aln,ENSG00000134917.nuc.ord.tre,1.303792
ENSG00000134954.nuc.ord.aln,ENSG00000134954.nuc.ord.tre,0.434807
ENSG00000134962.nuc.ord.aln,ENSG00000134962.nuc.ord.tre,0.877679
ENSG00000134982.nuc.ord.aln,ENSG00000134982.nuc.ord.tre,5.142002
ENSG00000134986.nuc.ord.aln,ENSG00000134986.nuc.ord.tre,0.198226
ENSG00000134987.nuc.ord.aln,ENSG00000134987.nuc.ord.tre,0.982214
ENSG00000134996.nuc.ord.aln,ENSG00000134996.nuc.ord.tre,0.404161
ENSG00000135002.nuc.ord.aln,ENSG00000135002.nuc.ord.tre,0.310269
ENSG00000135040.nuc.ord.aln,ENSG00000135040.nuc.ord.tre,0.589193
ENSG00000135045.nuc.ord.aln,ENSG00000135045.nuc.ord.tre,0.239379
ENSG00000135046.nuc.ord.aln,ENSG00000135046.nuc.ord.tre,0.414097
ENSG00000135048.nuc.ord.aln,ENSG00000135048.nuc.ord.tre,1.699533
ENSG00000135049.nuc.ord.aln,ENSG00000135049.nuc.ord.tre,1.397929
ENSG00000135052.nuc.ord.aln,ENSG00000135052.nuc.ord.tre,0.385872
ENSG00000135063.nuc.ord.aln,ENSG00000135063.nuc.ord.tre,0.770262
ENSG00000135069.nuc.ord.aln,ENSG00000135069.nuc.ord.tre,0.403754
ENSG00000135074.nuc.ord.aln,ENSG00000135074.nuc.ord.tre,0.949829
ENSG00000135083.nuc.ord.aln,ENSG00000135083.nuc.ord.tre,0.396590
ENSG00000135090.nuc.ord.aln,ENSG00000135090.nuc.ord.tre,0.798150
ENSG00000135093.nuc.ord.aln,ENSG00000135093.nuc.ord.tre,0.461476
ENSG00000135097.nuc.ord.aln,ENSG00000135097.nuc.ord.tre,0.368710
ENSG00000135100.nuc.ord.aln,ENSG00000135100.nuc.ord.tre,0.465470
ENSG00000135108.nuc.ord.aln,ENSG00000135108.nuc.ord.tre,0.570428
ENSG00000135111.nuc.ord.aln,ENSG00000135111.nuc.ord.tre,0.690873
ENSG00000135119.nuc.ord.aln,ENSG00000135119.nuc.ord.tre,0.461295
ENSG00000135124.nuc.ord.aln,ENSG00000135124.nuc.ord.tre,0.392734
ENSG00000135127.nuc.ord.aln,ENSG00000135127.nuc.ord.tre,0.764338
ENSG00000135148.nuc.ord.aln,ENSG00000135148.nuc.ord.tre,0.556137
ENSG00000135185.nuc.ord.aln,ENSG00000135185.nuc.ord.tre,0.286227
ENSG00000135205.nuc.ord.aln,ENSG00000135205.nuc.ord.tre,0.966803
ENSG00000135211.nuc.ord.aln,ENSG00000135211.nuc.ord.tre,0.213781
ENSG00000135218.nuc.ord.aln,ENSG00000135218.nuc.ord.tre,0.497361
ENSG00000135241.nuc.ord.aln,ENSG00000135241.nuc.ord.tre,0.721113
ENSG00000135248.nuc.ord.aln,ENSG00000135248.nuc.ord.tre,0.382765
ENSG00000135249.nuc.ord.aln,ENSG00000135249.nuc.ord.tre,0.749888
ENSG00000135250.nuc.ord.aln,ENSG00000135250.nuc.ord.tre,0.806907
ENSG00000135272.nuc.ord.aln,ENSG00000135272.nuc.ord.tre,0.412707
ENSG00000135297.nuc.ord.aln,ENSG00000135297.nuc.ord.tre,0.781293
ENSG00000135298.nuc.ord.aln,ENSG00000135298.nuc.ord.tre,2.009266
ENSG00000135299.nuc.ord.aln,ENSG00000135299.nuc.ord.tre,0.506916
ENSG00000135312.nuc.ord.aln,ENSG00000135312.nuc.ord.tre,0.196050
ENSG00000135315.nuc.ord.aln,ENSG00000135315.nuc.ord.tre,1.555578
ENSG00000135316.nuc.ord.aln,ENSG00000135316.nuc.ord.tre,0.597039
ENSG00000135317.nuc.ord.aln,ENSG00000135317.nuc.ord.tre,0.902315
ENSG00000135318.nuc.ord.aln,ENSG00000135318.nuc.ord.tre,0.466594
ENSG00000135324.nuc.ord.aln,ENSG00000135324.nuc.ord.tre,0.263234
ENSG00000135334.nuc.ord.aln,ENSG00000135334.nuc.ord.tre,0.474930
ENSG00000135336.nuc.ord.aln,ENSG00000135336.nuc.ord.tre,0.680609
ENSG00000135338.nuc.ord.aln,ENSG00000135338.nuc.ord.tre,0.729590
ENSG00000135341.nuc.ord.aln,ENSG00000135341.nuc.ord.tre,0.525501
ENSG00000135346.nuc.ord.aln,ENSG00000135346.nuc.ord.tre,0.220452
ENSG00000135362.nuc.ord.aln,ENSG00000135362.nuc.ord.tre,0.390033
ENSG00000135363.nuc.ord.aln,ENSG00000135363.nuc.ord.tre,0.324257
ENSG00000135365.nuc.ord.aln,ENSG00000135365.nuc.ord.tre,0.690093
ENSG00000135372.nuc.ord.aln,ENSG00000135372.nuc.ord.tre,1.070654
ENSG00000135373.nuc.ord.aln,ENSG00000135373.nuc.ord.tre,0.384371
ENSG00000135374.nuc.ord.aln,ENSG00000135374.nuc.ord.tre,0.306083
ENSG00000135378.nuc.ord.aln,ENSG00000135378.nuc.ord.tre,0.329460
ENSG00000135387.nuc.ord.aln,ENSG00000135387.nuc.ord.tre,0.725408
ENSG00000135392.nuc.ord.aln,ENSG00000135392.nuc.ord.tre,0.409827
ENSG00000135407.nuc.ord.aln,ENSG00000135407.nuc.ord.tre,0.658828
ENSG00000135409.nuc.ord.aln,ENSG00000135409.nuc.ord.tre,0.554344
ENSG00000135423.nuc.ord.aln,ENSG00000135423.nuc.ord.tre,0.555427
ENSG00000135426.nuc.ord.aln,ENSG00000135426.nuc.ord.tre,0.452247
ENSG00000135436.nuc.ord.aln,ENSG00000135436.nuc.ord.tre,0.887587
ENSG00000135439.nuc.ord.aln,ENSG00000135439.nuc.ord.tre,1.121966
ENSG00000135451.nuc.ord.aln,ENSG00000135451.nuc.ord.tre,1.001395
ENSG00000135452.nuc.ord.aln,ENSG00000135452.nuc.ord.tre,0.277684
ENSG00000135457.nuc.ord.aln,ENSG00000135457.nuc.ord.tre,0.479151
ENSG00000135473.nuc.ord.aln,ENSG00000135473.nuc.ord.tre,1.308058
ENSG00000135476.nuc.ord.aln,ENSG00000135476.nuc.ord.tre,3.073179
ENSG00000135480.nuc.ord.aln,ENSG00000135480.nuc.ord.tre,0.258321
ENSG00000135482.nuc.ord.aln,ENSG00000135482.nuc.ord.tre,0.301162
ENSG00000135503.nuc.ord.aln,ENSG00000135503.nuc.ord.tre,0.539844
ENSG00000135506.nuc.ord.aln,ENSG00000135506.nuc.ord.tre,0.597513
ENSG00000135517.nuc.ord.aln,ENSG00000135517.nuc.ord.tre,0.455927
ENSG00000135521.nuc.ord.aln,ENSG00000135521.nuc.ord.tre,0.483617
ENSG00000135525.nuc.ord.aln,ENSG00000135525.nuc.ord.tre,0.912922
ENSG00000135537.nuc.ord.aln,ENSG00000135537.nuc.ord.tre,0.512066
ENSG00000135541.nuc.ord.aln,ENSG00000135541.nuc.ord.tre,1.389969
ENSG00000135547.nuc.ord.aln,ENSG00000135547.nuc.ord.tre,0.365329
ENSG00000135569.nuc.ord.aln,ENSG00000135569.nuc.ord.tre,0.237479
ENSG00000135587.nuc.ord.aln,ENSG00000135587.nuc.ord.tre,0.394385
ENSG00000135596.nuc.ord.aln,ENSG00000135596.nuc.ord.tre,1.089191
ENSG00000135597.nuc.ord.aln,ENSG00000135597.nuc.ord.tre,0.715852
ENSG00000135604.nuc.ord.aln,ENSG00000135604.nuc.ord.tre,0.265626
ENSG00000135605.nuc.ord.aln,ENSG00000135605.nuc.ord.tre,0.556983
ENSG00000135617.nuc.ord.aln,ENSG00000135617.nuc.ord.tre,0.318655
ENSG00000135622.nuc.ord.aln,ENSG00000135622.nuc.ord.tre,0.581580
ENSG00000135624.nuc.ord.aln,ENSG00000135624.nuc.ord.tre,0.440121
ENSG00000135625.nuc.ord.aln,ENSG00000135625.nuc.ord.tre,0.300550
ENSG00000135631.nuc.ord.aln,ENSG00000135631.nuc.ord.tre,1.300968
ENSG00000135636.nuc.ord.aln,ENSG00000135636.nuc.ord.tre,3.735032
ENSG00000135637.nuc.ord.aln,ENSG00000135637.nuc.ord.tre,0.650929
ENSG00000135643.nuc.ord.aln,ENSG00000135643.nuc.ord.tre,0.199934
ENSG00000135655.nuc.ord.aln,ENSG00000135655.nuc.ord.tre,0.942174
ENSG00000135677.nuc.ord.aln,ENSG00000135677.nuc.ord.tre,0.514738
ENSG00000135678.nuc.ord.aln,ENSG00000135678.nuc.ord.tre,0.317936
ENSG00000135686.nuc.ord.aln,ENSG00000135686.nuc.ord.tre,0.542873
ENSG00000135697.nuc.ord.aln,ENSG00000135697.nuc.ord.tre,0.485308
ENSG00000135698.nuc.ord.aln,ENSG00000135698.nuc.ord.tre,0.231149
ENSG00000135709.nuc.ord.aln,ENSG00000135709.nuc.ord.tre,0.385537
ENSG00000135720.nuc.ord.aln,ENSG00000135720.nuc.ord.tre,0.485408
ENSG00000135723.nuc.ord.aln,ENSG00000135723.nuc.ord.tre,3.003691
ENSG00000135736.nuc.ord.aln,ENSG00000135736.nuc.ord.tre,0.332462
ENSG00000135740.nuc.ord.aln,ENSG00000135740.nuc.ord.tre,0.848966
ENSG00000135744.nuc.ord.aln,ENSG00000135744.nuc.ord.tre,0.341697
ENSG00000135750.nuc.ord.aln,ENSG00000135750.nuc.ord.tre,0.408580
ENSG00000135763.nuc.ord.aln,ENSG00000135763.nuc.ord.tre,1.727977
ENSG00000135766.nuc.ord.aln,ENSG00000135766.nuc.ord.tre,0.481588
ENSG00000135775.nuc.ord.aln,ENSG00000135775.nuc.ord.tre,0.732110
ENSG00000135776.nuc.ord.aln,ENSG00000135776.nuc.ord.tre,0.931242
ENSG00000135778.nuc.ord.aln,ENSG00000135778.nuc.ord.tre,0.319798
ENSG00000135823.nuc.ord.aln,ENSG00000135823.nuc.ord.tre,0.373975
ENSG00000135824.nuc.ord.aln,ENSG00000135824.nuc.ord.tre,0.316251
ENSG00000135828.nuc.ord.aln,ENSG00000135828.nuc.ord.tre,0.659742
ENSG00000135829.nuc.ord.aln,ENSG00000135829.nuc.ord.tre,1.893275
ENSG00000135835.nuc.ord.aln,ENSG00000135835.nuc.ord.tre,1.508963
ENSG00000135837.nuc.ord.aln,ENSG00000135837.nuc.ord.tre,5.528460
ENSG00000135838.nuc.ord.aln,ENSG00000135838.nuc.ord.tre,0.344025
ENSG00000135842.nuc.ord.aln,ENSG00000135842.nuc.ord.tre,1.115551
ENSG00000135845.nuc.ord.aln,ENSG00000135845.nuc.ord.tre,0.258779
ENSG00000135847.nuc.ord.aln,ENSG00000135847.nuc.ord.tre,0.490077
ENSG00000135862.nuc.ord.aln,ENSG00000135862.nuc.ord.tre,2.109331
ENSG00000135870.nuc.ord.aln,ENSG00000135870.nuc.ord.tre,1.250271
ENSG00000135900.nuc.ord.aln,ENSG00000135900.nuc.ord.tre,0.387925
ENSG00000135902.nuc.ord.aln,ENSG00000135902.nuc.ord.tre,0.465502
ENSG00000135905.nuc.ord.aln,ENSG00000135905.nuc.ord.tre,3.556376
ENSG00000135914.nuc.ord.aln,ENSG00000135914.nuc.ord.tre,0.408082
ENSG00000135917.nuc.ord.aln,ENSG00000135917.nuc.ord.tre,0.406139
ENSG00000135919.nuc.ord.aln,ENSG00000135919.nuc.ord.tre,0.416548
ENSG00000135924.nuc.ord.aln,ENSG00000135924.nuc.ord.tre,0.393199
ENSG00000135925.nuc.ord.aln,ENSG00000135925.nuc.ord.tre,0.291639
ENSG00000135926.nuc.ord.aln,ENSG00000135926.nuc.ord.tre,0.381390
ENSG00000135929.nuc.ord.aln,ENSG00000135929.nuc.ord.tre,0.427577
ENSG00000135930.nuc.ord.aln,ENSG00000135930.nuc.ord.tre,0.350137
ENSG00000135931.nuc.ord.aln,ENSG00000135931.nuc.ord.tre,0.876328
ENSG00000135932.nuc.ord.aln,ENSG00000135932.nuc.ord.tre,0.360261
ENSG00000135945.nuc.ord.aln,ENSG00000135945.nuc.ord.tre,1.426252
ENSG00000135951.nuc.ord.aln,ENSG00000135951.nuc.ord.tre,0.569038
ENSG00000135960.nuc.ord.aln,ENSG00000135960.nuc.ord.tre,0.448319
ENSG00000135966.nuc.ord.aln,ENSG00000135966.nuc.ord.tre,0.725723
ENSG00000135968.nuc.ord.aln,ENSG00000135968.nuc.ord.tre,1.896792
ENSG00000135972.nuc.ord.aln,ENSG00000135972.nuc.ord.tre,0.403765
ENSG00000135974.nuc.ord.aln,ENSG00000135974.nuc.ord.tre,0.297706
ENSG00000135999.nuc.ord.aln,ENSG00000135999.nuc.ord.tre,0.794273
ENSG00000136003.nuc.ord.aln,ENSG00000136003.nuc.ord.tre,0.318651
ENSG00000136010.nuc.ord.aln,ENSG00000136010.nuc.ord.tre,0.817428
ENSG00000136011.nuc.ord.aln,ENSG00000136011.nuc.ord.tre,4.827183
ENSG00000136014.nuc.ord.aln,ENSG00000136014.nuc.ord.tre,0.654953
ENSG00000136026.nuc.ord.aln,ENSG00000136026.nuc.ord.tre,0.887427
ENSG00000136040.nuc.ord.aln,ENSG00000136040.nuc.ord.tre,2.054219
ENSG00000136044.nuc.ord.aln,ENSG00000136044.nuc.ord.tre,0.624324
ENSG00000136045.nuc.ord.aln,ENSG00000136045.nuc.ord.tre,0.470958
ENSG00000136048.nuc.ord.aln,ENSG00000136048.nuc.ord.tre,0.335133
ENSG00000136051.nuc.ord.aln,ENSG00000136051.nuc.ord.tre,1.388555
ENSG00000136052.nuc.ord.aln,ENSG00000136052.nuc.ord.tre,0.511046
ENSG00000136059.nuc.ord.aln,ENSG00000136059.nuc.ord.tre,0.704878
ENSG00000136098.nuc.ord.aln,ENSG00000136098.nuc.ord.tre,0.401895
ENSG00000136100.nuc.ord.aln,ENSG00000136100.nuc.ord.tre,0.370261
ENSG00000136104.nuc.ord.aln,ENSG00000136104.nuc.ord.tre,0.404572
ENSG00000136108.nuc.ord.aln,ENSG00000136108.nuc.ord.tre,0.506835
ENSG00000136110.nuc.ord.aln,ENSG00000136110.nuc.ord.tre,0.383902
ENSG00000136111.nuc.ord.aln,ENSG00000136111.nuc.ord.tre,1.538255
ENSG00000136114.nuc.ord.aln,ENSG00000136114.nuc.ord.tre,0.673362
ENSG00000136122.nuc.ord.aln,ENSG00000136122.nuc.ord.tre,0.620994
ENSG00000136141.nuc.ord.aln,ENSG00000136141.nuc.ord.tre,0.964417
ENSG00000136143.nuc.ord.aln,ENSG00000136143.nuc.ord.tre,0.419050
ENSG00000136146.nuc.ord.aln,ENSG00000136146.nuc.ord.tre,0.351732
ENSG00000136152.nuc.ord.aln,ENSG00000136152.nuc.ord.tre,0.801445
ENSG00000136153.nuc.ord.aln,ENSG00000136153.nuc.ord.tre,2.846739
ENSG00000136155.nuc.ord.aln,ENSG00000136155.nuc.ord.tre,0.647193
ENSG00000136156.nuc.ord.aln,ENSG00000136156.nuc.ord.tre,0.337435
ENSG00000136158.nuc.ord.aln,ENSG00000136158.nuc.ord.tre,0.262485
ENSG00000136160.nuc.ord.aln,ENSG00000136160.nuc.ord.tre,0.469506
ENSG00000136161.nuc.ord.aln,ENSG00000136161.nuc.ord.tre,0.500436
ENSG00000136167.nuc.ord.aln,ENSG00000136167.nuc.ord.tre,0.582054
ENSG00000136169.nuc.ord.aln,ENSG00000136169.nuc.ord.tre,0.680094
ENSG00000136193.nuc.ord.aln,ENSG00000136193.nuc.ord.tre,0.434272
ENSG00000136205.nuc.ord.aln,ENSG00000136205.nuc.ord.tre,1.987259
ENSG00000136235.nuc.ord.aln,ENSG00000136235.nuc.ord.tre,0.663218
ENSG00000136237.nuc.ord.aln,ENSG00000136237.nuc.ord.tre,0.861180
ENSG00000136238.nuc.ord.aln,ENSG00000136238.nuc.ord.tre,0.323299
ENSG00000136243.nuc.ord.aln,ENSG00000136243.nuc.ord.tre,0.454119
ENSG00000136244.nuc.ord.aln,ENSG00000136244.nuc.ord.tre,0.350399
ENSG00000136247.nuc.ord.aln,ENSG00000136247.nuc.ord.tre,0.343245
ENSG00000136250.nuc.ord.aln,ENSG00000136250.nuc.ord.tre,0.624658
ENSG00000136261.nuc.ord.aln,ENSG00000136261.nuc.ord.tre,0.407055
ENSG00000136270.nuc.ord.aln,ENSG00000136270.nuc.ord.tre,0.492336
ENSG00000136271.nuc.ord.aln,ENSG00000136271.nuc.ord.tre,0.440043
ENSG00000136273.nuc.ord.aln,ENSG00000136273.nuc.ord.tre,0.309602
ENSG00000136279.nuc.ord.aln,ENSG00000136279.nuc.ord.tre,0.402338
ENSG00000136286.nuc.ord.aln,ENSG00000136286.nuc.ord.tre,0.850020
ENSG00000136305.nuc.ord.aln,ENSG00000136305.nuc.ord.tre,0.301048
ENSG00000136327.nuc.ord.aln,ENSG00000136327.nuc.ord.tre,0.250075
ENSG00000136381.nuc.ord.aln,ENSG00000136381.nuc.ord.tre,0.942643
ENSG00000136383.nuc.ord.aln,ENSG00000136383.nuc.ord.tre,3.001571
ENSG00000136404.nuc.ord.aln,ENSG00000136404.nuc.ord.tre,0.427383
ENSG00000136425.nuc.ord.aln,ENSG00000136425.nuc.ord.tre,0.260614
ENSG00000136436.nuc.ord.aln,ENSG00000136436.nuc.ord.tre,0.406724
ENSG00000136444.nuc.ord.aln,ENSG00000136444.nuc.ord.tre,0.309095
ENSG00000136448.nuc.ord.aln,ENSG00000136448.nuc.ord.tre,0.455883
ENSG00000136449.nuc.ord.aln,ENSG00000136449.nuc.ord.tre,1.072466
ENSG00000136451.nuc.ord.aln,ENSG00000136451.nuc.ord.tre,0.420694
ENSG00000136457.nuc.ord.aln,ENSG00000136457.nuc.ord.tre,0.301480
ENSG00000136463.nuc.ord.aln,ENSG00000136463.nuc.ord.tre,0.373487
ENSG00000136478.nuc.ord.aln,ENSG00000136478.nuc.ord.tre,1.190472
ENSG00000136480.nuc.ord.aln,ENSG00000136480.nuc.ord.tre,0.443821
ENSG00000136485.nuc.ord.aln,ENSG00000136485.nuc.ord.tre,0.329708
ENSG00000136490.nuc.ord.aln,ENSG00000136490.nuc.ord.tre,0.238445
ENSG00000136492.nuc.ord.aln,ENSG00000136492.nuc.ord.tre,1.459547
ENSG00000136504.nuc.ord.aln,ENSG00000136504.nuc.ord.tre,0.496891
ENSG00000136518.nuc.ord.aln,ENSG00000136518.nuc.ord.tre,0.445496
ENSG00000136522.nuc.ord.aln,ENSG00000136522.nuc.ord.tre,0.351502
ENSG00000136531.nuc.ord.aln,ENSG00000136531.nuc.ord.tre,3.035912
ENSG00000136535.nuc.ord.aln,ENSG00000136535.nuc.ord.tre,0.467058
ENSG00000136536.nuc.ord.aln,ENSG00000136536.nuc.ord.tre,0.580781
ENSG00000137338.nuc.ord.aln,ENSG00000137338.nuc.ord.tre,0.522892
ENSG00000137343.nuc.ord.aln,ENSG00000137343.nuc.ord.tre,0.565743
ENSG00000137364.nuc.ord.aln,ENSG00000137364.nuc.ord.tre,0.359993
ENSG00000137393.nuc.ord.aln,ENSG00000137393.nuc.ord.tre,0.395534
ENSG00000137404.nuc.ord.aln,ENSG00000137404.nuc.ord.tre,0.294004
ENSG00000137409.nuc.ord.aln,ENSG00000137409.nuc.ord.tre,0.465692
ENSG00000137413.nuc.ord.aln,ENSG00000137413.nuc.ord.tre,0.416748
ENSG00000137414.nuc.ord.aln,ENSG00000137414.nuc.ord.tre,0.329832
ENSG00000137449.nuc.ord.aln,ENSG00000137449.nuc.ord.tre,0.592524
ENSG00000137460.nuc.ord.aln,ENSG00000137460.nuc.ord.tre,1.198437
ENSG00000137463.nuc.ord.aln,ENSG00000137463.nuc.ord.tre,0.509292
ENSG00000137473.nuc.ord.aln,ENSG00000137473.nuc.ord.tre,0.584510
ENSG00000137474.nuc.ord.aln,ENSG00000137474.nuc.ord.tre,2.952850
ENSG00000137478.nuc.ord.aln,ENSG00000137478.nuc.ord.tre,0.759272
ENSG00000137486.nuc.ord.aln,ENSG00000137486.nuc.ord.tre,0.380473
ENSG00000137491.nuc.ord.aln,ENSG00000137491.nuc.ord.tre,0.651371
ENSG00000137494.nuc.ord.aln,ENSG00000137494.nuc.ord.tre,0.823409
ENSG00000137497.nuc.ord.aln,ENSG00000137497.nuc.ord.tre,3.304692
ENSG00000137500.nuc.ord.aln,ENSG00000137500.nuc.ord.tre,0.352746
ENSG00000137501.nuc.ord.aln,ENSG00000137501.nuc.ord.tre,2.979530
ENSG00000137504.nuc.ord.aln,ENSG00000137504.nuc.ord.tre,0.243607
ENSG00000137509.nuc.ord.aln,ENSG00000137509.nuc.ord.tre,0.489143
ENSG00000137513.nuc.ord.aln,ENSG00000137513.nuc.ord.tre,0.457918
ENSG00000137522.nuc.ord.aln,ENSG00000137522.nuc.ord.tre,0.381470
ENSG00000137547.nuc.ord.aln,ENSG00000137547.nuc.ord.tre,0.374041
ENSG00000137558.nuc.ord.aln,ENSG00000137558.nuc.ord.tre,0.501638
ENSG00000137561.nuc.ord.aln,ENSG00000137561.nuc.ord.tre,0.413757
ENSG00000137563.nuc.ord.aln,ENSG00000137563.nuc.ord.tre,0.427561
ENSG00000137571.nuc.ord.aln,ENSG00000137571.nuc.ord.tre,0.747273
ENSG00000137574.nuc.ord.aln,ENSG00000137574.nuc.ord.tre,0.887812
ENSG00000137575.nuc.ord.aln,ENSG00000137575.nuc.ord.tre,0.368994
ENSG00000137601.nuc.ord.aln,ENSG00000137601.nuc.ord.tre,1.511800
ENSG00000137642.nuc.ord.aln,ENSG00000137642.nuc.ord.tre,3.392972
ENSG00000137656.nuc.ord.aln,ENSG00000137656.nuc.ord.tre,0.728865
ENSG00000137672.nuc.ord.aln,ENSG00000137672.nuc.ord.tre,0.958854
ENSG00000137673.nuc.ord.aln,ENSG00000137673.nuc.ord.tre,0.312788
ENSG00000137674.nuc.ord.aln,ENSG00000137674.nuc.ord.tre,0.420622
ENSG00000137675.nuc.ord.aln,ENSG00000137675.nuc.ord.tre,0.403369
ENSG00000137691.nuc.ord.aln,ENSG00000137691.nuc.ord.tre,0.457935
ENSG00000137692.nuc.ord.aln,ENSG00000137692.nuc.ord.tre,0.333658
ENSG00000137699.nuc.ord.aln,ENSG00000137699.nuc.ord.tre,0.486152
ENSG00000137700.nuc.ord.aln,ENSG00000137700.nuc.ord.tre,0.396020
ENSG00000137707.nuc.ord.aln,ENSG00000137707.nuc.ord.tre,0.364463
ENSG00000137709.nuc.ord.aln,ENSG00000137709.nuc.ord.tre,0.416348
ENSG00000136541.nuc.ord.aln,ENSG00000136541.nuc.ord.tre,0.406403
ENSG00000136542.nuc.ord.aln,ENSG00000136542.nuc.ord.tre,0.887066
ENSG00000136560.nuc.ord.aln,ENSG00000136560.nuc.ord.tre,0.458257
ENSG00000136574.nuc.ord.aln,ENSG00000136574.nuc.ord.tre,0.540642
ENSG00000136603.nuc.ord.aln,ENSG00000136603.nuc.ord.tre,0.614305
ENSG00000136628.nuc.ord.aln,ENSG00000136628.nuc.ord.tre,2.007001
ENSG00000136630.nuc.ord.aln,ENSG00000136630.nuc.ord.tre,0.415027
ENSG00000136631.nuc.ord.aln,ENSG00000136631.nuc.ord.tre,0.496607
ENSG00000136634.nuc.ord.aln,ENSG00000136634.nuc.ord.tre,0.452268
ENSG00000136636.nuc.ord.aln,ENSG00000136636.nuc.ord.tre,0.804775
ENSG00000136643.nuc.ord.aln,ENSG00000136643.nuc.ord.tre,0.986359
ENSG00000136653.nuc.ord.aln,ENSG00000136653.nuc.ord.tre,0.398173
ENSG00000136709.nuc.ord.aln,ENSG00000136709.nuc.ord.tre,1.281273
ENSG00000136715.nuc.ord.aln,ENSG00000136715.nuc.ord.tre,1.493724
ENSG00000136718.nuc.ord.aln,ENSG00000136718.nuc.ord.tre,0.393397
ENSG00000136720.nuc.ord.aln,ENSG00000136720.nuc.ord.tre,0.343920
ENSG00000136731.nuc.ord.aln,ENSG00000136731.nuc.ord.tre,1.921283
ENSG00000136738.nuc.ord.aln,ENSG00000136738.nuc.ord.tre,0.505688
ENSG00000136750.nuc.ord.aln,ENSG00000136750.nuc.ord.tre,0.521410
ENSG00000136754.nuc.ord.aln,ENSG00000136754.nuc.ord.tre,0.469011
ENSG00000136758.nuc.ord.aln,ENSG00000136758.nuc.ord.tre,0.834217
ENSG00000136770.nuc.ord.aln,ENSG00000136770.nuc.ord.tre,0.533877
ENSG00000136805.nuc.ord.aln,ENSG00000136805.nuc.ord.tre,0.513794
ENSG00000136807.nuc.ord.aln,ENSG00000136807.nuc.ord.tre,0.349266
ENSG00000136811.nuc.ord.aln,ENSG00000136811.nuc.ord.tre,0.842776
ENSG00000136813.nuc.ord.aln,ENSG00000136813.nuc.ord.tre,3.071560
ENSG00000136816.nuc.ord.aln,ENSG00000136816.nuc.ord.tre,0.373619
ENSG00000136824.nuc.ord.aln,ENSG00000136824.nuc.ord.tre,1.239351
ENSG00000136827.nuc.ord.aln,ENSG00000136827.nuc.ord.tre,0.370365
ENSG00000136828.nuc.ord.aln,ENSG00000136828.nuc.ord.tre,0.484181
ENSG00000136830.nuc.ord.aln,ENSG00000136830.nuc.ord.tre,0.650735
ENSG00000136840.nuc.ord.aln,ENSG00000136840.nuc.ord.tre,0.378930
ENSG00000136848.nuc.ord.aln,ENSG00000136848.nuc.ord.tre,1.118237
ENSG00000136854.nuc.ord.aln,ENSG00000136854.nuc.ord.tre,0.560579
ENSG00000136856.nuc.ord.aln,ENSG00000136856.nuc.ord.tre,0.407664
ENSG00000136859.nuc.ord.aln,ENSG00000136859.nuc.ord.tre,0.442973
ENSG00000136861.nuc.ord.aln,ENSG00000136861.nuc.ord.tre,2.753597
ENSG00000136867.nuc.ord.aln,ENSG00000136867.nuc.ord.tre,0.453376
ENSG00000136872.nuc.ord.aln,ENSG00000136872.nuc.ord.tre,0.378814
ENSG00000136874.nuc.ord.aln,ENSG00000136874.nuc.ord.tre,0.381707
ENSG00000136877.nuc.ord.aln,ENSG00000136877.nuc.ord.tre,0.465406
ENSG00000136881.nuc.ord.aln,ENSG00000136881.nuc.ord.tre,0.347048
ENSG00000136883.nuc.ord.aln,ENSG00000136883.nuc.ord.tre,0.577474
ENSG00000136891.nuc.ord.aln,ENSG00000136891.nuc.ord.tre,0.847324
ENSG00000136895.nuc.ord.aln,ENSG00000136895.nuc.ord.tre,0.968038
ENSG00000136897.nuc.ord.aln,ENSG00000136897.nuc.ord.tre,0.264744
ENSG00000136925.nuc.ord.aln,ENSG00000136925.nuc.ord.tre,0.473445
ENSG00000136928.nuc.ord.aln,ENSG00000136928.nuc.ord.tre,0.842674
ENSG00000136929.nuc.ord.aln,ENSG00000136929.nuc.ord.tre,0.501503
ENSG00000136930.nuc.ord.aln,ENSG00000136930.nuc.ord.tre,0.367600
ENSG00000136932.nuc.ord.aln,ENSG00000136932.nuc.ord.tre,0.422804
ENSG00000136933.nuc.ord.aln,ENSG00000136933.nuc.ord.tre,0.429743
ENSG00000136935.nuc.ord.aln,ENSG00000136935.nuc.ord.tre,0.723042
ENSG00000136936.nuc.ord.aln,ENSG00000136936.nuc.ord.tre,0.427047
ENSG00000136937.nuc.ord.aln,ENSG00000136937.nuc.ord.tre,0.905314
ENSG00000136940.nuc.ord.aln,ENSG00000136940.nuc.ord.tre,0.342705
ENSG00000136950.nuc.ord.aln,ENSG00000136950.nuc.ord.tre,0.329523
ENSG00000136960.nuc.ord.aln,ENSG00000136960.nuc.ord.tre,0.947525
ENSG00000136982.nuc.ord.aln,ENSG00000136982.nuc.ord.tre,0.431213
ENSG00000136986.nuc.ord.aln,ENSG00000136986.nuc.ord.tre,0.389056
ENSG00000136997.nuc.ord.aln,ENSG00000136997.nuc.ord.tre,0.370623
ENSG00000136999.nuc.ord.aln,ENSG00000136999.nuc.ord.tre,0.393950
ENSG00000137038.nuc.ord.aln,ENSG00000137038.nuc.ord.tre,0.221143
ENSG00000137054.nuc.ord.aln,ENSG00000137054.nuc.ord.tre,0.649633
ENSG00000137055.nuc.ord.aln,ENSG00000137055.nuc.ord.tre,0.791283
ENSG00000137073.nuc.ord.aln,ENSG00000137073.nuc.ord.tre,1.168875
ENSG00000137074.nuc.ord.aln,ENSG00000137074.nuc.ord.tre,0.470461
ENSG00000137075.nuc.ord.aln,ENSG00000137075.nuc.ord.tre,0.493634
ENSG00000137076.nuc.ord.aln,ENSG00000137076.nuc.ord.tre,4.468502
ENSG00000137078.nuc.ord.aln,ENSG00000137078.nuc.ord.tre,0.274026
ENSG00000137090.nuc.ord.aln,ENSG00000137090.nuc.ord.tre,0.242348
ENSG00000137094.nuc.ord.aln,ENSG00000137094.nuc.ord.tre,0.418677
ENSG00000137100.nuc.ord.aln,ENSG00000137100.nuc.ord.tre,0.334449
ENSG00000137101.nuc.ord.aln,ENSG00000137101.nuc.ord.tre,0.399356
ENSG00000137106.nuc.ord.aln,ENSG00000137106.nuc.ord.tre,0.982770
ENSG00000137133.nuc.ord.aln,ENSG00000137133.nuc.ord.tre,0.240712
ENSG00000137135.nuc.ord.aln,ENSG00000137135.nuc.ord.tre,0.415835
ENSG00000137145.nuc.ord.aln,ENSG00000137145.nuc.ord.tre,3.268861
ENSG00000137161.nuc.ord.aln,ENSG00000137161.nuc.ord.tre,0.329349
ENSG00000137168.nuc.ord.aln,ENSG00000137168.nuc.ord.tre,0.263400
ENSG00000137171.nuc.ord.aln,ENSG00000137171.nuc.ord.tre,0.716543
ENSG00000137177.nuc.ord.aln,ENSG00000137177.nuc.ord.tre,2.785312
ENSG00000137198.nuc.ord.aln,ENSG00000137198.nuc.ord.tre,0.479934
ENSG00000137200.nuc.ord.aln,ENSG00000137200.nuc.ord.tre,1.145846
ENSG00000137203.nuc.ord.aln,ENSG00000137203.nuc.ord.tre,0.504354
ENSG00000137216.nuc.ord.aln,ENSG00000137216.nuc.ord.tre,0.730103
ENSG00000137218.nuc.ord.aln,ENSG00000137218.nuc.ord.tre,0.461130
ENSG00000137221.nuc.ord.aln,ENSG00000137221.nuc.ord.tre,0.445484
ENSG00000137251.nuc.ord.aln,ENSG00000137251.nuc.ord.tre,0.488757
ENSG00000137252.nuc.ord.aln,ENSG00000137252.nuc.ord.tre,0.424805
ENSG00000137265.nuc.ord.aln,ENSG00000137265.nuc.ord.tre,0.478761
ENSG00000137266.nuc.ord.aln,ENSG00000137266.nuc.ord.tre,0.620923
ENSG00000137269.nuc.ord.aln,ENSG00000137269.nuc.ord.tre,0.480075
ENSG00000137270.nuc.ord.aln,ENSG00000137270.nuc.ord.tre,0.459105
ENSG00000137274.nuc.ord.aln,ENSG00000137274.nuc.ord.tre,0.409988
ENSG00000137275.nuc.ord.aln,ENSG00000137275.nuc.ord.tre,0.658240
ENSG00000137310.nuc.ord.aln,ENSG00000137310.nuc.ord.tre,0.410257
ENSG00000137312.nuc.ord.aln,ENSG00000137312.nuc.ord.tre,0.373365
ENSG00000137331.nuc.ord.aln,ENSG00000137331.nuc.ord.tre,0.278714
ENSG00000137337.nuc.ord.aln,ENSG00000137337.nuc.ord.tre,3.598758
ENSG00000137710.nuc.ord.aln,ENSG00000137710.nuc.ord.tre,0.774869
ENSG00000137713.nuc.ord.aln,ENSG00000137713.nuc.ord.tre,0.640233
ENSG00000137714.nuc.ord.aln,ENSG00000137714.nuc.ord.tre,0.261753
ENSG00000137720.nuc.ord.aln,ENSG00000137720.nuc.ord.tre,0.309787
ENSG00000137727.nuc.ord.aln,ENSG00000137727.nuc.ord.tre,1.223523
ENSG00000137745.nuc.ord.aln,ENSG00000137745.nuc.ord.tre,0.586269
ENSG00000137747.nuc.ord.aln,ENSG00000137747.nuc.ord.tre,0.620842
ENSG00000137760.nuc.ord.aln,ENSG00000137760.nuc.ord.tre,0.578062
ENSG00000137764.nuc.ord.aln,ENSG00000137764.nuc.ord.tre,0.575461
ENSG00000137766.nuc.ord.aln,ENSG00000137766.nuc.ord.tre,4.169635
ENSG00000137770.nuc.ord.aln,ENSG00000137770.nuc.ord.tre,0.415106
ENSG00000137776.nuc.ord.aln,ENSG00000137776.nuc.ord.tre,0.587775
ENSG00000137801.nuc.ord.aln,ENSG00000137801.nuc.ord.tre,1.400515
ENSG00000137802.nuc.ord.aln,ENSG00000137802.nuc.ord.tre,1.786990
ENSG00000137804.nuc.ord.aln,ENSG00000137804.nuc.ord.tre,0.351007
ENSG00000137806.nuc.ord.aln,ENSG00000137806.nuc.ord.tre,0.534672
ENSG00000137807.nuc.ord.aln,ENSG00000137807.nuc.ord.tre,0.905364
ENSG00000137809.nuc.ord.aln,ENSG00000137809.nuc.ord.tre,1.176493
ENSG00000137812.nuc.ord.aln,ENSG00000137812.nuc.ord.tre,3.970781
ENSG00000137814.nuc.ord.aln,ENSG00000137814.nuc.ord.tre,0.335711
ENSG00000137815.nuc.ord.aln,ENSG00000137815.nuc.ord.tre,0.664020
ENSG00000137817.nuc.ord.aln,ENSG00000137817.nuc.ord.tre,0.618263
ENSG00000137819.nuc.ord.aln,ENSG00000137819.nuc.ord.tre,0.378686
ENSG00000137821.nuc.ord.aln,ENSG00000137821.nuc.ord.tre,0.641076
ENSG00000137822.nuc.ord.aln,ENSG00000137822.nuc.ord.tre,0.618749
ENSG00000137824.nuc.ord.aln,ENSG00000137824.nuc.ord.tre,0.426174
ENSG00000137831.nuc.ord.aln,ENSG00000137831.nuc.ord.tre,1.591578
ENSG00000137834.nuc.ord.aln,ENSG00000137834.nuc.ord.tre,0.387366
ENSG00000137841.nuc.ord.aln,ENSG00000137841.nuc.ord.tre,1.084726
ENSG00000137842.nuc.ord.aln,ENSG00000137842.nuc.ord.tre,0.619732
ENSG00000137843.nuc.ord.aln,ENSG00000137843.nuc.ord.tre,0.882038
ENSG00000137845.nuc.ord.aln,ENSG00000137845.nuc.ord.tre,0.785543
ENSG00000137868.nuc.ord.aln,ENSG00000137868.nuc.ord.tre,0.545407
ENSG00000137869.nuc.ord.aln,ENSG00000137869.nuc.ord.tre,0.414706
ENSG00000137872.nuc.ord.aln,ENSG00000137872.nuc.ord.tre,1.128717
ENSG00000137875.nuc.ord.aln,ENSG00000137875.nuc.ord.tre,0.229609
ENSG00000137878.nuc.ord.aln,ENSG00000137878.nuc.ord.tre,0.513219
ENSG00000137936.nuc.ord.aln,ENSG00000137936.nuc.ord.tre,0.761926
ENSG00000137941.nuc.ord.aln,ENSG00000137941.nuc.ord.tre,0.989353
ENSG00000137942.nuc.ord.aln,ENSG00000137942.nuc.ord.tre,0.591705
ENSG00000137944.nuc.ord.aln,ENSG00000137944.nuc.ord.tre,0.462734
ENSG00000137947.nuc.ord.aln,ENSG00000137947.nuc.ord.tre,0.371578
ENSG00000137948.nuc.ord.aln,ENSG00000137948.nuc.ord.tre,1.067938
ENSG00000137955.nuc.ord.aln,ENSG00000137955.nuc.ord.tre,0.412015
ENSG00000137960.nuc.ord.aln,ENSG00000137960.nuc.ord.tre,0.496454
ENSG00000137962.nuc.ord.aln,ENSG00000137962.nuc.ord.tre,1.606468
ENSG00000137968.nuc.ord.aln,ENSG00000137968.nuc.ord.tre,0.633882
ENSG00000137975.nuc.ord.aln,ENSG00000137975.nuc.ord.tre,0.966601
ENSG00000137976.nuc.ord.aln,ENSG00000137976.nuc.ord.tre,0.351712
ENSG00000137992.nuc.ord.aln,ENSG00000137992.nuc.ord.tre,0.421988
ENSG00000137996.nuc.ord.aln,ENSG00000137996.nuc.ord.tre,0.414883
ENSG00000138002.nuc.ord.aln,ENSG00000138002.nuc.ord.tre,2.042308
ENSG00000138018.nuc.ord.aln,ENSG00000138018.nuc.ord.tre,0.445680
ENSG00000138028.nuc.ord.aln,ENSG00000138028.nuc.ord.tre,0.436543
ENSG00000138031.nuc.ord.aln,ENSG00000138031.nuc.ord.tre,1.173811
ENSG00000138032.nuc.ord.aln,ENSG00000138032.nuc.ord.tre,0.429976
ENSG00000138035.nuc.ord.aln,ENSG00000138035.nuc.ord.tre,0.768579
ENSG00000138036.nuc.ord.aln,ENSG00000138036.nuc.ord.tre,0.385465
ENSG00000138039.nuc.ord.aln,ENSG00000138039.nuc.ord.tre,0.663095
ENSG00000138041.nuc.ord.aln,ENSG00000138041.nuc.ord.tre,0.938161
ENSG00000138050.nuc.ord.aln,ENSG00000138050.nuc.ord.tre,0.530776
ENSG00000138061.nuc.ord.aln,ENSG00000138061.nuc.ord.tre,0.416393
ENSG00000138068.nuc.ord.aln,ENSG00000138068.nuc.ord.tre,0.286795
ENSG00000138073.nuc.ord.aln,ENSG00000138073.nuc.ord.tre,0.421328
ENSG00000138074.nuc.ord.aln,ENSG00000138074.nuc.ord.tre,0.567453
ENSG00000138075.nuc.ord.aln,ENSG00000138075.nuc.ord.tre,0.564015
ENSG00000138078.nuc.ord.aln,ENSG00000138078.nuc.ord.tre,0.620771
ENSG00000138079.nuc.ord.aln,ENSG00000138079.nuc.ord.tre,0.710759
ENSG00000138081.nuc.ord.aln,ENSG00000138081.nuc.ord.tre,0.976622
ENSG00000138085.nuc.ord.aln,ENSG00000138085.nuc.ord.tre,0.327057
ENSG00000138092.nuc.ord.aln,ENSG00000138092.nuc.ord.tre,0.359066
ENSG00000138095.nuc.ord.aln,ENSG00000138095.nuc.ord.tre,1.545003
ENSG00000138101.nuc.ord.aln,ENSG00000138101.nuc.ord.tre,0.895862
ENSG00000138107.nuc.ord.aln,ENSG00000138107.nuc.ord.tre,0.432639
ENSG00000138111.nuc.ord.aln,ENSG00000138111.nuc.ord.tre,0.455449
ENSG00000138119.nuc.ord.aln,ENSG00000138119.nuc.ord.tre,3.515200
ENSG00000138134.nuc.ord.aln,ENSG00000138134.nuc.ord.tre,0.420822
ENSG00000138138.nuc.ord.aln,ENSG00000138138.nuc.ord.tre,0.471117
ENSG00000138160.nuc.ord.aln,ENSG00000138160.nuc.ord.tre,1.118168
ENSG00000138161.nuc.ord.aln,ENSG00000138161.nuc.ord.tre,0.525203
ENSG00000138162.nuc.ord.aln,ENSG00000138162.nuc.ord.tre,5.797082
ENSG00000138166.nuc.ord.aln,ENSG00000138166.nuc.ord.tre,0.397676
ENSG00000138172.nuc.ord.aln,ENSG00000138172.nuc.ord.tre,0.323033
ENSG00000138175.nuc.ord.aln,ENSG00000138175.nuc.ord.tre,0.300246
ENSG00000138180.nuc.ord.aln,ENSG00000138180.nuc.ord.tre,0.436787
ENSG00000138182.nuc.ord.aln,ENSG00000138182.nuc.ord.tre,2.333514
ENSG00000138185.nuc.ord.aln,ENSG00000138185.nuc.ord.tre,0.601551
ENSG00000138190.nuc.ord.aln,ENSG00000138190.nuc.ord.tre,0.900496
ENSG00000138193.nuc.ord.aln,ENSG00000138193.nuc.ord.tre,4.159786
ENSG00000138207.nuc.ord.aln,ENSG00000138207.nuc.ord.tre,0.337399
ENSG00000138231.nuc.ord.aln,ENSG00000138231.nuc.ord.tre,0.431937
ENSG00000138271.nuc.ord.aln,ENSG00000138271.nuc.ord.tre,0.349635
ENSG00000138279.nuc.ord.aln,ENSG00000138279.nuc.ord.tre,0.374041
ENSG00000138294.nuc.ord.aln,ENSG00000138294.nuc.ord.tre,0.159586
ENSG00000138303.nuc.ord.aln,ENSG00000138303.nuc.ord.tre,0.473578
ENSG00000138308.nuc.ord.aln,ENSG00000138308.nuc.ord.tre,0.328368
ENSG00000138311.nuc.ord.aln,ENSG00000138311.nuc.ord.tre,0.461129
ENSG00000138315.nuc.ord.aln,ENSG00000138315.nuc.ord.tre,0.466740
ENSG00000138316.nuc.ord.aln,ENSG00000138316.nuc.ord.tre,1.281174
ENSG00000138336.nuc.ord.aln,ENSG00000138336.nuc.ord.tre,2.506206
ENSG00000138346.nuc.ord.aln,ENSG00000138346.nuc.ord.tre,1.023207
ENSG00000138347.nuc.ord.aln,ENSG00000138347.nuc.ord.tre,1.421827
ENSG00000138356.nuc.ord.aln,ENSG00000138356.nuc.ord.tre,1.455357
ENSG00000138363.nuc.ord.aln,ENSG00000138363.nuc.ord.tre,0.556048
ENSG00000138375.nuc.ord.aln,ENSG00000138375.nuc.ord.tre,1.073179
ENSG00000138378.nuc.ord.aln,ENSG00000138378.nuc.ord.tre,0.723258
ENSG00000138379.nuc.ord.aln,ENSG00000138379.nuc.ord.tre,0.389467
ENSG00000138380.nuc.ord.aln,ENSG00000138380.nuc.ord.tre,0.650046
ENSG00000138381.nuc.ord.aln,ENSG00000138381.nuc.ord.tre,0.524154
ENSG00000138382.nuc.ord.aln,ENSG00000138382.nuc.ord.tre,0.325619
ENSG00000138385.nuc.ord.aln,ENSG00000138385.nuc.ord.tre,0.377486
ENSG00000138386.nuc.ord.aln,ENSG00000138386.nuc.ord.tre,0.432860
ENSG00000138395.nuc.ord.aln,ENSG00000138395.nuc.ord.tre,0.475467
ENSG00000138400.nuc.ord.aln,ENSG00000138400.nuc.ord.tre,0.476399
ENSG00000138411.nuc.ord.aln,ENSG00000138411.nuc.ord.tre,2.351456
ENSG00000138413.nuc.ord.aln,ENSG00000138413.nuc.ord.tre,0.397874
ENSG00000138433.nuc.ord.aln,ENSG00000138433.nuc.ord.tre,0.548218
ENSG00000138434.nuc.ord.aln,ENSG00000138434.nuc.ord.tre,1.453970
ENSG00000138435.nuc.ord.aln,ENSG00000138435.nuc.ord.tre,0.401904
ENSG00000138439.nuc.ord.aln,ENSG00000138439.nuc.ord.tre,0.611976
ENSG00000138442.nuc.ord.aln,ENSG00000138442.nuc.ord.tre,0.355875
ENSG00000138443.nuc.ord.aln,ENSG00000138443.nuc.ord.tre,0.585170
ENSG00000138448.nuc.ord.aln,ENSG00000138448.nuc.ord.tre,1.158330
ENSG00000138449.nuc.ord.aln,ENSG00000138449.nuc.ord.tre,0.433038
ENSG00000138459.nuc.ord.aln,ENSG00000138459.nuc.ord.tre,0.404489
ENSG00000138463.nuc.ord.aln,ENSG00000138463.nuc.ord.tre,0.481832
ENSG00000138468.nuc.ord.aln,ENSG00000138468.nuc.ord.tre,1.046004
ENSG00000138496.nuc.ord.aln,ENSG00000138496.nuc.ord.tre,0.828225
ENSG00000138587.nuc.ord.aln,ENSG00000138587.nuc.ord.tre,0.444445
ENSG00000138592.nuc.ord.aln,ENSG00000138592.nuc.ord.tre,1.112729
ENSG00000138593.nuc.ord.aln,ENSG00000138593.nuc.ord.tre,1.166537
ENSG00000138594.nuc.ord.aln,ENSG00000138594.nuc.ord.tre,0.516049
ENSG00000138600.nuc.ord.aln,ENSG00000138600.nuc.ord.tre,0.466044
ENSG00000138604.nuc.ord.aln,ENSG00000138604.nuc.ord.tre,0.532261
ENSG00000138606.nuc.ord.aln,ENSG00000138606.nuc.ord.tre,0.739115
ENSG00000138614.nuc.ord.aln,ENSG00000138614.nuc.ord.tre,0.456730
ENSG00000138615.nuc.ord.aln,ENSG00000138615.nuc.ord.tre,1.347538
ENSG00000138617.nuc.ord.aln,ENSG00000138617.nuc.ord.tre,0.441155
ENSG00000138621.nuc.ord.aln,ENSG00000138621.nuc.ord.tre,0.336206
ENSG00000138622.nuc.ord.aln,ENSG00000138622.nuc.ord.tre,1.040359
ENSG00000138623.nuc.ord.aln,ENSG00000138623.nuc.ord.tre,0.440992
ENSG00000138629.nuc.ord.aln,ENSG00000138629.nuc.ord.tre,0.393876
ENSG00000138639.nuc.ord.aln,ENSG00000138639.nuc.ord.tre,0.710646
ENSG00000138640.nuc.ord.aln,ENSG00000138640.nuc.ord.tre,1.166475
ENSG00000138641.nuc.ord.aln,ENSG00000138641.nuc.ord.tre,1.014328
ENSG00000138650.nuc.ord.aln,ENSG00000138650.nuc.ord.tre,0.922686
ENSG00000138653.nuc.ord.aln,ENSG00000138653.nuc.ord.tre,0.901207
ENSG00000138663.nuc.ord.aln,ENSG00000138663.nuc.ord.tre,0.376163
ENSG00000138668.nuc.ord.aln,ENSG00000138668.nuc.ord.tre,0.394293
ENSG00000138669.nuc.ord.aln,ENSG00000138669.nuc.ord.tre,0.680576
ENSG00000138670.nuc.ord.aln,ENSG00000138670.nuc.ord.tre,0.418720
ENSG00000138674.nuc.ord.aln,ENSG00000138674.nuc.ord.tre,1.416715
ENSG00000138675.nuc.ord.aln,ENSG00000138675.nuc.ord.tre,0.386676
ENSG00000138678.nuc.ord.aln,ENSG00000138678.nuc.ord.tre,0.466339
ENSG00000138684.nuc.ord.aln,ENSG00000138684.nuc.ord.tre,0.321814
ENSG00000138686.nuc.ord.aln,ENSG00000138686.nuc.ord.tre,0.701002
ENSG00000138688.nuc.ord.aln,ENSG00000138688.nuc.ord.tre,11.862263
ENSG00000138698.nuc.ord.aln,ENSG00000138698.nuc.ord.tre,0.527626
ENSG00000138709.nuc.ord.aln,ENSG00000138709.nuc.ord.tre,0.816896
ENSG00000138722.nuc.ord.aln,ENSG00000138722.nuc.ord.tre,1.273815
ENSG00000138741.nuc.ord.aln,ENSG00000138741.nuc.ord.tre,1.012077
ENSG00000138744.nuc.ord.aln,ENSG00000138744.nuc.ord.tre,0.362134
ENSG00000138750.nuc.ord.aln,ENSG00000138750.nuc.ord.tre,0.476099
ENSG00000138755.nuc.ord.aln,ENSG00000138755.nuc.ord.tre,0.236219
ENSG00000138757.nuc.ord.aln,ENSG00000138757.nuc.ord.tre,0.401263
ENSG00000138758.nuc.ord.aln,ENSG00000138758.nuc.ord.tre,0.445324
ENSG00000138759.nuc.ord.aln,ENSG00000138759.nuc.ord.tre,10.565106
ENSG00000138760.nuc.ord.aln,ENSG00000138760.nuc.ord.tre,0.490213
ENSG00000138764.nuc.ord.aln,ENSG00000138764.nuc.ord.tre,0.425706
ENSG00000138767.nuc.ord.aln,ENSG00000138767.nuc.ord.tre,0.651304
ENSG00000138768.nuc.ord.aln,ENSG00000138768.nuc.ord.tre,1.328086
ENSG00000138769.nuc.ord.aln,ENSG00000138769.nuc.ord.tre,0.815512
ENSG00000138771.nuc.ord.aln,ENSG00000138771.nuc.ord.tre,2.040915
ENSG00000138772.nuc.ord.aln,ENSG00000138772.nuc.ord.tre,0.367102
ENSG00000138777.nuc.ord.aln,ENSG00000138777.nuc.ord.tre,0.377975
ENSG00000138778.nuc.ord.aln,ENSG00000138778.nuc.ord.tre,4.040556
ENSG00000138780.nuc.ord.aln,ENSG00000138780.nuc.ord.tre,0.561221
ENSG00000138784.nuc.ord.aln,ENSG00000138784.nuc.ord.tre,0.228511
ENSG00000138785.nuc.ord.aln,ENSG00000138785.nuc.ord.tre,0.429398
ENSG00000138792.nuc.ord.aln,ENSG00000138792.nuc.ord.tre,0.978733
ENSG00000138794.nuc.ord.aln,ENSG00000138794.nuc.ord.tre,0.342760
ENSG00000138795.nuc.ord.aln,ENSG00000138795.nuc.ord.tre,0.437539
ENSG00000138796.nuc.ord.aln,ENSG00000138796.nuc.ord.tre,0.451450
ENSG00000138798.nuc.ord.aln,ENSG00000138798.nuc.ord.tre,1.147920
ENSG00000138801.nuc.ord.aln,ENSG00000138801.nuc.ord.tre,0.550408
ENSG00000138802.nuc.ord.aln,ENSG00000138802.nuc.ord.tre,1.468707
ENSG00000138813.nuc.ord.aln,ENSG00000138813.nuc.ord.tre,0.406138
ENSG00000138814.nuc.ord.aln,ENSG00000138814.nuc.ord.tre,0.481067
ENSG00000138821.nuc.ord.aln,ENSG00000138821.nuc.ord.tre,0.433630
ENSG00000138823.nuc.ord.aln,ENSG00000138823.nuc.ord.tre,0.805277
ENSG00000138829.nuc.ord.aln,ENSG00000138829.nuc.ord.tre,5.912896
ENSG00000138942.nuc.ord.aln,ENSG00000138942.nuc.ord.tre,0.313856
ENSG00000138964.nuc.ord.aln,ENSG00000138964.nuc.ord.tre,0.306930
ENSG00000139044.nuc.ord.aln,ENSG00000139044.nuc.ord.tre,1.065289
ENSG00000139055.nuc.ord.aln,ENSG00000139055.nuc.ord.tre,0.344765
ENSG00000139083.nuc.ord.aln,ENSG00000139083.nuc.ord.tre,0.468485
ENSG00000139116.nuc.ord.aln,ENSG00000139116.nuc.ord.tre,2.436009
ENSG00000139117.nuc.ord.aln,ENSG00000139117.nuc.ord.tre,0.413902
ENSG00000139977.nuc.ord.aln,ENSG00000139977.nuc.ord.tre,0.505923
ENSG00000139988.nuc.ord.aln,ENSG00000139988.nuc.ord.tre,0.392637
ENSG00000139131.nuc.ord.aln,ENSG00000139131.nuc.ord.tre,0.426689
ENSG00000139132.nuc.ord.aln,ENSG00000139132.nuc.ord.tre,0.726092
ENSG00000139151.nuc.ord.aln,ENSG00000139151.nuc.ord.tre,0.602435
ENSG00000139154.nuc.ord.aln,ENSG00000139154.nuc.ord.tre,0.504240
ENSG00000139155.nuc.ord.aln,ENSG00000139155.nuc.ord.tre,0.743832
ENSG00000139160.nuc.ord.aln,ENSG00000139160.nuc.ord.tre,0.308833
ENSG00000139163.nuc.ord.aln,ENSG00000139163.nuc.ord.tre,0.422594
ENSG00000139168.nuc.ord.aln,ENSG00000139168.nuc.ord.tre,0.341349
ENSG00000139173.nuc.ord.aln,ENSG00000139173.nuc.ord.tre,0.488625
ENSG00000139174.nuc.ord.aln,ENSG00000139174.nuc.ord.tre,0.692962
ENSG00000139178.nuc.ord.aln,ENSG00000139178.nuc.ord.tre,0.353511
ENSG00000139180.nuc.ord.aln,ENSG00000139180.nuc.ord.tre,0.376333
ENSG00000139190.nuc.ord.aln,ENSG00000139190.nuc.ord.tre,0.343330
ENSG00000139197.nuc.ord.aln,ENSG00000139197.nuc.ord.tre,0.467014
ENSG00000139209.nuc.ord.aln,ENSG00000139209.nuc.ord.tre,0.472052
ENSG00000139211.nuc.ord.aln,ENSG00000139211.nuc.ord.tre,0.260328
ENSG00000139218.nuc.ord.aln,ENSG00000139218.nuc.ord.tre,1.906823
ENSG00000139219.nuc.ord.aln,ENSG00000139219.nuc.ord.tre,1.560893
ENSG00000139220.nuc.ord.aln,ENSG00000139220.nuc.ord.tre,1.440679
ENSG00000139233.nuc.ord.aln,ENSG00000139233.nuc.ord.tre,0.215059
ENSG00000139263.nuc.ord.aln,ENSG00000139263.nuc.ord.tre,1.264892
ENSG00000139266.nuc.ord.aln,ENSG00000139266.nuc.ord.tre,0.406119
ENSG00000139269.nuc.ord.aln,ENSG00000139269.nuc.ord.tre,0.338074
ENSG00000139278.nuc.ord.aln,ENSG00000139278.nuc.ord.tre,0.374046
ENSG00000139287.nuc.ord.aln,ENSG00000139287.nuc.ord.tre,0.466326
ENSG00000139291.nuc.ord.aln,ENSG00000139291.nuc.ord.tre,0.360854
ENSG00000139292.nuc.ord.aln,ENSG00000139292.nuc.ord.tre,0.782445
ENSG00000139304.nuc.ord.aln,ENSG00000139304.nuc.ord.tre,4.594915
ENSG00000139318.nuc.ord.aln,ENSG00000139318.nuc.ord.tre,0.448084
ENSG00000139323.nuc.ord.aln,ENSG00000139323.nuc.ord.tre,0.448722
ENSG00000139324.nuc.ord.aln,ENSG00000139324.nuc.ord.tre,0.881512
ENSG00000139329.nuc.ord.aln,ENSG00000139329.nuc.ord.tre,0.339632
ENSG00000139330.nuc.ord.aln,ENSG00000139330.nuc.ord.tre,0.384802
ENSG00000139344.nuc.ord.aln,ENSG00000139344.nuc.ord.tre,0.466599
ENSG00000139350.nuc.ord.aln,ENSG00000139350.nuc.ord.tre,0.488416
ENSG00000139354.nuc.ord.aln,ENSG00000139354.nuc.ord.tre,0.678125
ENSG00000139357.nuc.ord.aln,ENSG00000139357.nuc.ord.tre,0.457762
ENSG00000139370.nuc.ord.aln,ENSG00000139370.nuc.ord.tre,0.995481
ENSG00000139405.nuc.ord.aln,ENSG00000139405.nuc.ord.tre,0.258744
ENSG00000139428.nuc.ord.aln,ENSG00000139428.nuc.ord.tre,0.369496
ENSG00000139433.nuc.ord.aln,ENSG00000139433.nuc.ord.tre,0.294301
ENSG00000139436.nuc.ord.aln,ENSG00000139436.nuc.ord.tre,0.716738
ENSG00000139437.nuc.ord.aln,ENSG00000139437.nuc.ord.tre,0.407887
ENSG00000139445.nuc.ord.aln,ENSG00000139445.nuc.ord.tre,0.416332
ENSG00000139496.nuc.ord.aln,ENSG00000139496.nuc.ord.tre,0.666218
ENSG00000139505.nuc.ord.aln,ENSG00000139505.nuc.ord.tre,0.448529
ENSG00000139508.nuc.ord.aln,ENSG00000139508.nuc.ord.tre,0.450208
ENSG00000139514.nuc.ord.aln,ENSG00000139514.nuc.ord.tre,0.560818
ENSG00000139515.nuc.ord.aln,ENSG00000139515.nuc.ord.tre,0.296520
ENSG00000139517.nuc.ord.aln,ENSG00000139517.nuc.ord.tre,0.809403
ENSG00000139531.nuc.ord.aln,ENSG00000139531.nuc.ord.tre,0.426036
ENSG00000139537.nuc.ord.aln,ENSG00000139537.nuc.ord.tre,0.482394
ENSG00000139549.nuc.ord.aln,ENSG00000139549.nuc.ord.tre,0.365933
ENSG00000139567.nuc.ord.aln,ENSG00000139567.nuc.ord.tre,0.494733
ENSG00000139572.nuc.ord.aln,ENSG00000139572.nuc.ord.tre,0.247469
ENSG00000139574.nuc.ord.aln,ENSG00000139574.nuc.ord.tre,0.199435
ENSG00000139579.nuc.ord.aln,ENSG00000139579.nuc.ord.tre,0.246033
ENSG00000139610.nuc.ord.aln,ENSG00000139610.nuc.ord.tre,0.302936
ENSG00000139613.nuc.ord.aln,ENSG00000139613.nuc.ord.tre,1.268918
ENSG00000139618.nuc.ord.aln,ENSG00000139618.nuc.ord.tre,8.293884
ENSG00000139624.nuc.ord.aln,ENSG00000139624.nuc.ord.tre,0.374237
ENSG00000139625.nuc.ord.aln,ENSG00000139625.nuc.ord.tre,0.822771
ENSG00000139626.nuc.ord.aln,ENSG00000139626.nuc.ord.tre,0.866407
ENSG00000139631.nuc.ord.aln,ENSG00000139631.nuc.ord.tre,0.554788
ENSG00000139636.nuc.ord.aln,ENSG00000139636.nuc.ord.tre,0.475111
ENSG00000139641.nuc.ord.aln,ENSG00000139641.nuc.ord.tre,1.093929
ENSG00000139645.nuc.ord.aln,ENSG00000139645.nuc.ord.tre,0.829204
ENSG00000139648.nuc.ord.aln,ENSG00000139648.nuc.ord.tre,0.300951
ENSG00000139651.nuc.ord.aln,ENSG00000139651.nuc.ord.tre,0.296994
ENSG00000139668.nuc.ord.aln,ENSG00000139668.nuc.ord.tre,0.411692
ENSG00000139684.nuc.ord.aln,ENSG00000139684.nuc.ord.tre,0.300529
ENSG00000139687.nuc.ord.aln,ENSG00000139687.nuc.ord.tre,1.013181
ENSG00000139697.nuc.ord.aln,ENSG00000139697.nuc.ord.tre,1.981127
ENSG00000139719.nuc.ord.aln,ENSG00000139719.nuc.ord.tre,0.587922
ENSG00000139722.nuc.ord.aln,ENSG00000139722.nuc.ord.tre,0.360686
ENSG00000139725.nuc.ord.aln,ENSG00000139725.nuc.ord.tre,0.251381
ENSG00000139726.nuc.ord.aln,ENSG00000139726.nuc.ord.tre,0.367148
ENSG00000139734.nuc.ord.aln,ENSG00000139734.nuc.ord.tre,0.803819
ENSG00000139737.nuc.ord.aln,ENSG00000139737.nuc.ord.tre,0.522112
ENSG00000139746.nuc.ord.aln,ENSG00000139746.nuc.ord.tre,1.345469
ENSG00000139767.nuc.ord.aln,ENSG00000139767.nuc.ord.tre,0.766930
ENSG00000139780.nuc.ord.aln,ENSG00000139780.nuc.ord.tre,0.365725
ENSG00000139793.nuc.ord.aln,ENSG00000139793.nuc.ord.tre,0.456114
ENSG00000139800.nuc.ord.aln,ENSG00000139800.nuc.ord.tre,0.643780
ENSG00000139826.nuc.ord.aln,ENSG00000139826.nuc.ord.tre,0.253996
ENSG00000139832.nuc.ord.aln,ENSG00000139832.nuc.ord.tre,0.278159
ENSG00000139835.nuc.ord.aln,ENSG00000139835.nuc.ord.tre,3.783724
ENSG00000139842.nuc.ord.aln,ENSG00000139842.nuc.ord.tre,0.689024
ENSG00000139874.nuc.ord.aln,ENSG00000139874.nuc.ord.tre,0.238566
ENSG00000139880.nuc.ord.aln,ENSG00000139880.nuc.ord.tre,0.743489
ENSG00000139899.nuc.ord.aln,ENSG00000139899.nuc.ord.tre,0.327234
ENSG00000139908.nuc.ord.aln,ENSG00000139908.nuc.ord.tre,0.335108
ENSG00000139910.nuc.ord.aln,ENSG00000139910.nuc.ord.tre,0.421674
ENSG00000139914.nuc.ord.aln,ENSG00000139914.nuc.ord.tre,0.328090
ENSG00000139915.nuc.ord.aln,ENSG00000139915.nuc.ord.tre,0.998823
ENSG00000139921.nuc.ord.aln,ENSG00000139921.nuc.ord.tre,0.512782
ENSG00000139946.nuc.ord.aln,ENSG00000139946.nuc.ord.tre,0.430167
ENSG00000139971.nuc.ord.aln,ENSG00000139971.nuc.ord.tre,0.810010
ENSG00000139973.nuc.ord.aln,ENSG00000139973.nuc.ord.tre,0.578242
ENSG00000139974.nuc.ord.aln,ENSG00000139974.nuc.ord.tre,0.593791
ENSG00000139990.nuc.ord.aln,ENSG00000139990.nuc.ord.tre,0.895802
ENSG00000140006.nuc.ord.aln,ENSG00000140006.nuc.ord.tre,0.345997
ENSG00000140009.nuc.ord.aln,ENSG00000140009.nuc.ord.tre,0.563651
ENSG00000140015.nuc.ord.aln,ENSG00000140015.nuc.ord.tre,1.027478
ENSG00000140022.nuc.ord.aln,ENSG00000140022.nuc.ord.tre,1.020694
ENSG00000140025.nuc.ord.aln,ENSG00000140025.nuc.ord.tre,0.325426
ENSG00000140030.nuc.ord.aln,ENSG00000140030.nuc.ord.tre,0.253430
ENSG00000140043.nuc.ord.aln,ENSG00000140043.nuc.ord.tre,0.332936
ENSG00000140044.nuc.ord.aln,ENSG00000140044.nuc.ord.tre,0.234671
ENSG00000140057.nuc.ord.aln,ENSG00000140057.nuc.ord.tre,0.749869
ENSG00000140090.nuc.ord.aln,ENSG00000140090.nuc.ord.tre,0.744502
ENSG00000140092.nuc.ord.aln,ENSG00000140092.nuc.ord.tre,0.632737
ENSG00000140093.nuc.ord.aln,ENSG00000140093.nuc.ord.tre,0.317494
ENSG00000140157.nuc.ord.aln,ENSG00000140157.nuc.ord.tre,0.375540
ENSG00000140199.nuc.ord.aln,ENSG00000140199.nuc.ord.tre,1.291522
ENSG00000140254.nuc.ord.aln,ENSG00000140254.nuc.ord.tre,0.527640
ENSG00000140262.nuc.ord.aln,ENSG00000140262.nuc.ord.tre,0.654240
ENSG00000140263.nuc.ord.aln,ENSG00000140263.nuc.ord.tre,0.336689
ENSG00000140265.nuc.ord.aln,ENSG00000140265.nuc.ord.tre,0.962610
ENSG00000140274.nuc.ord.aln,ENSG00000140274.nuc.ord.tre,0.391090
ENSG00000140279.nuc.ord.aln,ENSG00000140279.nuc.ord.tre,1.567441
ENSG00000140280.nuc.ord.aln,ENSG00000140280.nuc.ord.tre,0.282534
ENSG00000140284.nuc.ord.aln,ENSG00000140284.nuc.ord.tre,0.491428
ENSG00000140285.nuc.ord.aln,ENSG00000140285.nuc.ord.tre,0.301079
ENSG00000140287.nuc.ord.aln,ENSG00000140287.nuc.ord.tre,0.731191
ENSG00000140297.nuc.ord.aln,ENSG00000140297.nuc.ord.tre,0.323049
ENSG00000140307.nuc.ord.aln,ENSG00000140307.nuc.ord.tre,0.284072
ENSG00000140320.nuc.ord.aln,ENSG00000140320.nuc.ord.tre,0.730090
ENSG00000140323.nuc.ord.aln,ENSG00000140323.nuc.ord.tre,1.288181
ENSG00000140332.nuc.ord.aln,ENSG00000140332.nuc.ord.tre,0.830817
ENSG00000140368.nuc.ord.aln,ENSG00000140368.nuc.ord.tre,0.362597
ENSG00000140374.nuc.ord.aln,ENSG00000140374.nuc.ord.tre,0.405807
ENSG00000140382.nuc.ord.aln,ENSG00000140382.nuc.ord.tre,0.438782
ENSG00000140386.nuc.ord.aln,ENSG00000140386.nuc.ord.tre,1.508456
ENSG00000140391.nuc.ord.aln,ENSG00000140391.nuc.ord.tre,0.378460
ENSG00000140395.nuc.ord.aln,ENSG00000140395.nuc.ord.tre,0.381536
ENSG00000140396.nuc.ord.aln,ENSG00000140396.nuc.ord.tre,1.570112
ENSG00000140398.nuc.ord.aln,ENSG00000140398.nuc.ord.tre,0.390281
ENSG00000140400.nuc.ord.aln,ENSG00000140400.nuc.ord.tre,0.988829
ENSG00000140443.nuc.ord.aln,ENSG00000140443.nuc.ord.tre,1.750760
ENSG00000140450.nuc.ord.aln,ENSG00000140450.nuc.ord.tre,0.599137
ENSG00000140451.nuc.ord.aln,ENSG00000140451.nuc.ord.tre,0.842439
ENSG00000140455.nuc.ord.aln,ENSG00000140455.nuc.ord.tre,0.512232
ENSG00000140459.nuc.ord.aln,ENSG00000140459.nuc.ord.tre,0.428969
ENSG00000140463.nuc.ord.aln,ENSG00000140463.nuc.ord.tre,0.483877
ENSG00000140464.nuc.ord.aln,ENSG00000140464.nuc.ord.tre,1.001635
ENSG00000140470.nuc.ord.aln,ENSG00000140470.nuc.ord.tre,1.043210
ENSG00000140471.nuc.ord.aln,ENSG00000140471.nuc.ord.tre,0.618601
ENSG00000140474.nuc.ord.aln,ENSG00000140474.nuc.ord.tre,0.457337
ENSG00000140479.nuc.ord.aln,ENSG00000140479.nuc.ord.tre,1.167456
ENSG00000140481.nuc.ord.aln,ENSG00000140481.nuc.ord.tre,0.921913
ENSG00000140497.nuc.ord.aln,ENSG00000140497.nuc.ord.tre,0.383879
ENSG00000140506.nuc.ord.aln,ENSG00000140506.nuc.ord.tre,0.310921
ENSG00000140511.nuc.ord.aln,ENSG00000140511.nuc.ord.tre,0.288220
ENSG00000140521.nuc.ord.aln,ENSG00000140521.nuc.ord.tre,1.634456
ENSG00000140525.nuc.ord.aln,ENSG00000140525.nuc.ord.tre,1.521952
ENSG00000140526.nuc.ord.aln,ENSG00000140526.nuc.ord.tre,0.414132
ENSG00000140527.nuc.ord.aln,ENSG00000140527.nuc.ord.tre,0.771352
ENSG00000140534.nuc.ord.aln,ENSG00000140534.nuc.ord.tre,3.777953
ENSG00000140538.nuc.ord.aln,ENSG00000140538.nuc.ord.tre,0.769714
ENSG00000140543.nuc.ord.aln,ENSG00000140543.nuc.ord.tre,0.453368
ENSG00000140545.nuc.ord.aln,ENSG00000140545.nuc.ord.tre,0.434056
ENSG00000140548.nuc.ord.aln,ENSG00000140548.nuc.ord.tre,0.603770
ENSG00000140553.nuc.ord.aln,ENSG00000140553.nuc.ord.tre,0.897690
ENSG00000140557.nuc.ord.aln,ENSG00000140557.nuc.ord.tre,0.402769
ENSG00000140563.nuc.ord.aln,ENSG00000140563.nuc.ord.tre,0.908397
ENSG00000140575.nuc.ord.aln,ENSG00000140575.nuc.ord.tre,2.121611
ENSG00000140577.nuc.ord.aln,ENSG00000140577.nuc.ord.tre,0.745747
ENSG00000140600.nuc.ord.aln,ENSG00000140600.nuc.ord.tre,0.403838
ENSG00000140612.nuc.ord.aln,ENSG00000140612.nuc.ord.tre,0.430944
ENSG00000140623.nuc.ord.aln,ENSG00000140623.nuc.ord.tre,0.408827
ENSG00000140632.nuc.ord.aln,ENSG00000140632.nuc.ord.tre,0.478938
ENSG00000140650.nuc.ord.aln,ENSG00000140650.nuc.ord.tre,0.322492
ENSG00000140682.nuc.ord.aln,ENSG00000140682.nuc.ord.tre,0.408814
ENSG00000140688.nuc.ord.aln,ENSG00000140688.nuc.ord.tre,0.444741
ENSG00000140691.nuc.ord.aln,ENSG00000140691.nuc.ord.tre,0.966493
ENSG00000140694.nuc.ord.aln,ENSG00000140694.nuc.ord.tre,0.570958
ENSG00000140718.nuc.ord.aln,ENSG00000140718.nuc.ord.tre,0.453790
ENSG00000140740.nuc.ord.aln,ENSG00000140740.nuc.ord.tre,0.342678
ENSG00000140743.nuc.ord.aln,ENSG00000140743.nuc.ord.tre,0.359690
ENSG00000140749.nuc.ord.aln,ENSG00000140749.nuc.ord.tre,0.303337
ENSG00000140750.nuc.ord.aln,ENSG00000140750.nuc.ord.tre,1.048671
ENSG00000140795.nuc.ord.aln,ENSG00000140795.nuc.ord.tre,0.909144
ENSG00000140798.nuc.ord.aln,ENSG00000140798.nuc.ord.tre,1.503424
ENSG00000140807.nuc.ord.aln,ENSG00000140807.nuc.ord.tre,0.389597
ENSG00000140830.nuc.ord.aln,ENSG00000140830.nuc.ord.tre,0.282031
ENSG00000140832.nuc.ord.aln,ENSG00000140832.nuc.ord.tre,0.456845
ENSG00000140835.nuc.ord.aln,ENSG00000140835.nuc.ord.tre,0.300690
ENSG00000140836.nuc.ord.aln,ENSG00000140836.nuc.ord.tre,8.893471
ENSG00000140848.nuc.ord.aln,ENSG00000140848.nuc.ord.tre,0.509665
ENSG00000140853.nuc.ord.aln,ENSG00000140853.nuc.ord.tre,3.284391
ENSG00000140854.nuc.ord.aln,ENSG00000140854.nuc.ord.tre,0.532300
ENSG00000140873.nuc.ord.aln,ENSG00000140873.nuc.ord.tre,1.373315
ENSG00000140943.nuc.ord.aln,ENSG00000140943.nuc.ord.tre,1.018969
ENSG00000140945.nuc.ord.aln,ENSG00000140945.nuc.ord.tre,0.623552
ENSG00000140948.nuc.ord.aln,ENSG00000140948.nuc.ord.tre,0.921469
ENSG00000140950.nuc.ord.aln,ENSG00000140950.nuc.ord.tre,0.518780
ENSG00000140955.nuc.ord.aln,ENSG00000140955.nuc.ord.tre,0.747869
ENSG00000140968.nuc.ord.aln,ENSG00000140968.nuc.ord.tre,0.349574
ENSG00000140986.nuc.ord.aln,ENSG00000140986.nuc.ord.tre,0.343756
ENSG00000140990.nuc.ord.aln,ENSG00000140990.nuc.ord.tre,0.268926
ENSG00000141002.nuc.ord.aln,ENSG00000141002.nuc.ord.tre,0.689827
ENSG00000141012.nuc.ord.aln,ENSG00000141012.nuc.ord.tre,0.403044
ENSG00000141013.nuc.ord.aln,ENSG00000141013.nuc.ord.tre,0.417493
ENSG00000141026.nuc.ord.aln,ENSG00000141026.nuc.ord.tre,0.239123
ENSG00000141030.nuc.ord.aln,ENSG00000141030.nuc.ord.tre,0.408219
ENSG00000141052.nuc.ord.aln,ENSG00000141052.nuc.ord.tre,1.130854
ENSG00000141068.nuc.ord.aln,ENSG00000141068.nuc.ord.tre,1.255275
ENSG00000141076.nuc.ord.aln,ENSG00000141076.nuc.ord.tre,0.638449
ENSG00000141084.nuc.ord.aln,ENSG00000141084.nuc.ord.tre,0.662804
ENSG00000141086.nuc.ord.aln,ENSG00000141086.nuc.ord.tre,0.311394
ENSG00000141098.nuc.ord.aln,ENSG00000141098.nuc.ord.tre,0.302819
ENSG00000141101.nuc.ord.aln,ENSG00000141101.nuc.ord.tre,0.478231
ENSG00000141140.nuc.ord.aln,ENSG00000141140.nuc.ord.tre,1.370379
ENSG00000141141.nuc.ord.aln,ENSG00000141141.nuc.ord.tre,0.556527
ENSG00000141150.nuc.ord.aln,ENSG00000141150.nuc.ord.tre,0.287738
ENSG00000141161.nuc.ord.aln,ENSG00000141161.nuc.ord.tre,0.935068
ENSG00000141179.nuc.ord.aln,ENSG00000141179.nuc.ord.tre,0.267755
ENSG00000141198.nuc.ord.aln,ENSG00000141198.nuc.ord.tre,0.428860
ENSG00000141200.nuc.ord.aln,ENSG00000141200.nuc.ord.tre,0.362294
ENSG00000141232.nuc.ord.aln,ENSG00000141232.nuc.ord.tre,0.274458
ENSG00000141252.nuc.ord.aln,ENSG00000141252.nuc.ord.tre,0.782651
ENSG00000141255.nuc.ord.aln,ENSG00000141255.nuc.ord.tre,0.298965
ENSG00000141258.nuc.ord.aln,ENSG00000141258.nuc.ord.tre,2.047910
ENSG00000141293.nuc.ord.aln,ENSG00000141293.nuc.ord.tre,0.452257
ENSG00000141298.nuc.ord.aln,ENSG00000141298.nuc.ord.tre,1.893905
ENSG00000141314.nuc.ord.aln,ENSG00000141314.nuc.ord.tre,0.557794
ENSG00000141316.nuc.ord.aln,ENSG00000141316.nuc.ord.tre,0.274090
ENSG00000141325.nuc.ord.aln,ENSG00000141325.nuc.ord.tre,0.783091
ENSG00000141337.nuc.ord.aln,ENSG00000141337.nuc.ord.tre,0.457255
ENSG00000141349.nuc.ord.aln,ENSG00000141349.nuc.ord.tre,0.374592
ENSG00000141367.nuc.ord.aln,ENSG00000141367.nuc.ord.tre,2.239212
ENSG00000141371.nuc.ord.aln,ENSG00000141371.nuc.ord.tre,0.352826
ENSG00000141376.nuc.ord.aln,ENSG00000141376.nuc.ord.tre,1.046834
ENSG00000141378.nuc.ord.aln,ENSG00000141378.nuc.ord.tre,0.199626
ENSG00000141385.nuc.ord.aln,ENSG00000141385.nuc.ord.tre,0.773474
ENSG00000141391.nuc.ord.aln,ENSG00000141391.nuc.ord.tre,0.271952
ENSG00000141401.nuc.ord.aln,ENSG00000141401.nuc.ord.tre,0.347266
ENSG00000141404.nuc.ord.aln,ENSG00000141404.nuc.ord.tre,0.567008
ENSG00000141424.nuc.ord.aln,ENSG00000141424.nuc.ord.tre,0.713039
ENSG00000141425.nuc.ord.aln,ENSG00000141425.nuc.ord.tre,0.350457
ENSG00000141428.nuc.ord.aln,ENSG00000141428.nuc.ord.tre,0.300105
ENSG00000141429.nuc.ord.aln,ENSG00000141429.nuc.ord.tre,0.499259
ENSG00000141431.nuc.ord.aln,ENSG00000141431.nuc.ord.tre,3.263769
ENSG00000141433.nuc.ord.aln,ENSG00000141433.nuc.ord.tre,0.272716
ENSG00000141434.nuc.ord.aln,ENSG00000141434.nuc.ord.tre,0.631727
ENSG00000141441.nuc.ord.aln,ENSG00000141441.nuc.ord.tre,0.870724
ENSG00000141446.nuc.ord.aln,ENSG00000141446.nuc.ord.tre,0.818856
ENSG00000141447.nuc.ord.aln,ENSG00000141447.nuc.ord.tre,0.886548
ENSG00000141449.nuc.ord.aln,ENSG00000141449.nuc.ord.tre,2.643328
ENSG00000141452.nuc.ord.aln,ENSG00000141452.nuc.ord.tre,0.647243
ENSG00000141458.nuc.ord.aln,ENSG00000141458.nuc.ord.tre,1.456152
ENSG00000141469.nuc.ord.aln,ENSG00000141469.nuc.ord.tre,0.420346
ENSG00000141485.nuc.ord.aln,ENSG00000141485.nuc.ord.tre,0.566999
ENSG00000141497.nuc.ord.aln,ENSG00000141497.nuc.ord.tre,0.658597
ENSG00000141499.nuc.ord.aln,ENSG00000141499.nuc.ord.tre,0.456837
ENSG00000141503.nuc.ord.aln,ENSG00000141503.nuc.ord.tre,1.292482
ENSG00000141506.nuc.ord.aln,ENSG00000141506.nuc.ord.tre,0.759278
ENSG00000141510.nuc.ord.aln,ENSG00000141510.nuc.ord.tre,0.328352
ENSG00000141519.nuc.ord.aln,ENSG00000141519.nuc.ord.tre,1.600007
ENSG00000141524.nuc.ord.aln,ENSG00000141524.nuc.ord.tre,0.595463
ENSG00000141527.nuc.ord.aln,ENSG00000141527.nuc.ord.tre,1.004202
ENSG00000141540.nuc.ord.aln,ENSG00000141540.nuc.ord.tre,0.448051
ENSG00000141551.nuc.ord.aln,ENSG00000141551.nuc.ord.tre,0.400097
ENSG00000141556.nuc.ord.aln,ENSG00000141556.nuc.ord.tre,1.339142
ENSG00000141560.nuc.ord.aln,ENSG00000141560.nuc.ord.tre,0.352591
ENSG00000141562.nuc.ord.aln,ENSG00000141562.nuc.ord.tre,0.485562
ENSG00000141576.nuc.ord.aln,ENSG00000141576.nuc.ord.tre,0.632949
ENSG00000141577.nuc.ord.aln,ENSG00000141577.nuc.ord.tre,0.978167
ENSG00000141580.nuc.ord.aln,ENSG00000141580.nuc.ord.tre,0.336354
ENSG00000141622.nuc.ord.aln,ENSG00000141622.nuc.ord.tre,0.399993
ENSG00000141627.nuc.ord.aln,ENSG00000141627.nuc.ord.tre,0.611819
ENSG00000141639.nuc.ord.aln,ENSG00000141639.nuc.ord.tre,0.615104
ENSG00000141642.nuc.ord.aln,ENSG00000141642.nuc.ord.tre,0.475868
ENSG00000141644.nuc.ord.aln,ENSG00000141644.nuc.ord.tre,0.591664
ENSG00000141646.nuc.ord.aln,ENSG00000141646.nuc.ord.tre,0.631106
ENSG00000141655.nuc.ord.aln,ENSG00000141655.nuc.ord.tre,0.584662
ENSG00000141664.nuc.ord.aln,ENSG00000141664.nuc.ord.tre,1.576030
ENSG00000141665.nuc.ord.aln,ENSG00000141665.nuc.ord.tre,0.527327
ENSG00000141668.nuc.ord.aln,ENSG00000141668.nuc.ord.tre,0.266362
ENSG00000141696.nuc.ord.aln,ENSG00000141696.nuc.ord.tre,0.489807
ENSG00000141698.nuc.ord.aln,ENSG00000141698.nuc.ord.tre,0.336765
ENSG00000141699.nuc.ord.aln,ENSG00000141699.nuc.ord.tre,0.464348
ENSG00000141720.nuc.ord.aln,ENSG00000141720.nuc.ord.tre,0.348092
ENSG00000141736.nuc.ord.aln,ENSG00000141736.nuc.ord.tre,1.497685
ENSG00000141738.nuc.ord.aln,ENSG00000141738.nuc.ord.tre,0.461214
ENSG00000141741.nuc.ord.aln,ENSG00000141741.nuc.ord.tre,0.232208
ENSG00000141748.nuc.ord.aln,ENSG00000141748.nuc.ord.tre,0.228499
ENSG00000141750.nuc.ord.aln,ENSG00000141750.nuc.ord.tre,0.442963
ENSG00000141753.nuc.ord.aln,ENSG00000141753.nuc.ord.tre,0.370924
ENSG00000141756.nuc.ord.aln,ENSG00000141756.nuc.ord.tre,0.499833
ENSG00000141873.nuc.ord.aln,ENSG00000141873.nuc.ord.tre,0.303023
ENSG00000141905.nuc.ord.aln,ENSG00000141905.nuc.ord.tre,0.515864
ENSG00000141968.nuc.ord.aln,ENSG00000141968.nuc.ord.tre,0.729202
ENSG00000141979.nuc.ord.aln,ENSG00000141979.nuc.ord.tre,0.457755
ENSG00000142046.nuc.ord.aln,ENSG00000142046.nuc.ord.tre,0.497617
ENSG00000142149.nuc.ord.aln,ENSG00000142149.nuc.ord.tre,0.507971
ENSG00000142166.nuc.ord.aln,ENSG00000142166.nuc.ord.tre,0.480625
ENSG00000142168.nuc.ord.aln,ENSG00000142168.nuc.ord.tre,0.298032
ENSG00000142178.nuc.ord.aln,ENSG00000142178.nuc.ord.tre,0.612826
ENSG00000142182.nuc.ord.aln,ENSG00000142182.nuc.ord.tre,0.297951
ENSG00000142186.nuc.ord.aln,ENSG00000142186.nuc.ord.tre,0.852505
ENSG00000142192.nuc.ord.aln,ENSG00000142192.nuc.ord.tre,0.692770
ENSG00000142197.nuc.ord.aln,ENSG00000142197.nuc.ord.tre,3.864365
ENSG00000142207.nuc.ord.aln,ENSG00000142207.nuc.ord.tre,3.446012
ENSG00000142224.nuc.ord.aln,ENSG00000142224.nuc.ord.tre,0.338207
ENSG00000142227.nuc.ord.aln,ENSG00000142227.nuc.ord.tre,0.244165
ENSG00000142230.nuc.ord.aln,ENSG00000142230.nuc.ord.tre,0.410298
ENSG00000142233.nuc.ord.aln,ENSG00000142233.nuc.ord.tre,0.594206
ENSG00000142273.nuc.ord.aln,ENSG00000142273.nuc.ord.tre,0.334928
ENSG00000142279.nuc.ord.aln,ENSG00000142279.nuc.ord.tre,0.291837
ENSG00000142303.nuc.ord.aln,ENSG00000142303.nuc.ord.tre,1.006419
ENSG00000142330.nuc.ord.aln,ENSG00000142330.nuc.ord.tre,0.529811
ENSG00000142405.nuc.ord.aln,ENSG00000142405.nuc.ord.tre,0.742144
ENSG00000142408.nuc.ord.aln,ENSG00000142408.nuc.ord.tre,0.131470
ENSG00000142459.nuc.ord.aln,ENSG00000142459.nuc.ord.tre,0.624516
ENSG00000142484.nuc.ord.aln,ENSG00000142484.nuc.ord.tre,0.277189
ENSG00000142494.nuc.ord.aln,ENSG00000142494.nuc.ord.tre,0.536455
ENSG00000142507.nuc.ord.aln,ENSG00000142507.nuc.ord.tre,0.252149
ENSG00000142528.nuc.ord.aln,ENSG00000142528.nuc.ord.tre,1.057505
ENSG00000142583.nuc.ord.aln,ENSG00000142583.nuc.ord.tre,0.379231
ENSG00000142606.nuc.ord.aln,ENSG00000142606.nuc.ord.tre,0.733013
ENSG00000142609.nuc.ord.aln,ENSG00000142609.nuc.ord.tre,0.835106
ENSG00000142619.nuc.ord.aln,ENSG00000142619.nuc.ord.tre,0.511880
ENSG00000142621.nuc.ord.aln,ENSG00000142621.nuc.ord.tre,1.366041
ENSG00000142623.nuc.ord.aln,ENSG00000142623.nuc.ord.tre,0.492993
ENSG00000142627.nuc.ord.aln,ENSG00000142627.nuc.ord.tre,1.351472
ENSG00000142634.nuc.ord.aln,ENSG00000142634.nuc.ord.tre,0.319995
ENSG00000142655.nuc.ord.aln,ENSG00000142655.nuc.ord.tre,0.357896
ENSG00000142657.nuc.ord.aln,ENSG00000142657.nuc.ord.tre,0.583461
ENSG00000142661.nuc.ord.aln,ENSG00000142661.nuc.ord.tre,1.697213
ENSG00000142675.nuc.ord.aln,ENSG00000142675.nuc.ord.tre,0.633232
ENSG00000142676.nuc.ord.aln,ENSG00000142676.nuc.ord.tre,0.175259
ENSG00000142677.nuc.ord.aln,ENSG00000142677.nuc.ord.tre,0.422298
ENSG00000142684.nuc.ord.aln,ENSG00000142684.nuc.ord.tre,0.259325
ENSG00000142686.nuc.ord.aln,ENSG00000142686.nuc.ord.tre,0.248612
ENSG00000142687.nuc.ord.aln,ENSG00000142687.nuc.ord.tre,1.177442
ENSG00000142694.nuc.ord.aln,ENSG00000142694.nuc.ord.tre,0.221052
ENSG00000142698.nuc.ord.aln,ENSG00000142698.nuc.ord.tre,0.471133
ENSG00000142700.nuc.ord.aln,ENSG00000142700.nuc.ord.tre,0.392292
ENSG00000142731.nuc.ord.aln,ENSG00000142731.nuc.ord.tre,1.041163
ENSG00000142733.nuc.ord.aln,ENSG00000142733.nuc.ord.tre,1.426192
ENSG00000142751.nuc.ord.aln,ENSG00000142751.nuc.ord.tre,0.351331
ENSG00000142765.nuc.ord.aln,ENSG00000142765.nuc.ord.tre,0.662407
ENSG00000142784.nuc.ord.aln,ENSG00000142784.nuc.ord.tre,0.585615
ENSG00000142798.nuc.ord.aln,ENSG00000142798.nuc.ord.tre,10.256017
ENSG00000142856.nuc.ord.aln,ENSG00000142856.nuc.ord.tre,0.273588
ENSG00000142864.nuc.ord.aln,ENSG00000142864.nuc.ord.tre,0.385117
ENSG00000142867.nuc.ord.aln,ENSG00000142867.nuc.ord.tre,0.320698
ENSG00000142871.nuc.ord.aln,ENSG00000142871.nuc.ord.tre,0.428792
ENSG00000142875.nuc.ord.aln,ENSG00000142875.nuc.ord.tre,0.410398
ENSG00000142892.nuc.ord.aln,ENSG00000142892.nuc.ord.tre,0.385759
ENSG00000142910.nuc.ord.aln,ENSG00000142910.nuc.ord.tre,0.395099
ENSG00000142920.nuc.ord.aln,ENSG00000142920.nuc.ord.tre,0.534477
ENSG00000142945.nuc.ord.aln,ENSG00000142945.nuc.ord.tre,0.598406
ENSG00000142949.nuc.ord.aln,ENSG00000142949.nuc.ord.tre,2.548329
ENSG00000142959.nuc.ord.aln,ENSG00000142959.nuc.ord.tre,0.425081
ENSG00000142973.nuc.ord.aln,ENSG00000142973.nuc.ord.tre,0.434450
ENSG00000143006.nuc.ord.aln,ENSG00000143006.nuc.ord.tre,0.370395
ENSG00000143013.nuc.ord.aln,ENSG00000143013.nuc.ord.tre,0.334199
ENSG00000143028.nuc.ord.aln,ENSG00000143028.nuc.ord.tre,0.419750
ENSG00000143032.nuc.ord.aln,ENSG00000143032.nuc.ord.tre,0.575835
ENSG00000143033.nuc.ord.aln,ENSG00000143033.nuc.ord.tre,0.494133
ENSG00000143036.nuc.ord.aln,ENSG00000143036.nuc.ord.tre,0.391728
ENSG00000143061.nuc.ord.aln,ENSG00000143061.nuc.ord.tre,1.371035
ENSG00000143067.nuc.ord.aln,ENSG00000143067.nuc.ord.tre,0.335765
ENSG00000143079.nuc.ord.aln,ENSG00000143079.nuc.ord.tre,0.579036
ENSG00000143093.nuc.ord.aln,ENSG00000143093.nuc.ord.tre,0.827231
ENSG00000143107.nuc.ord.aln,ENSG00000143107.nuc.ord.tre,0.704400
ENSG00000143119.nuc.ord.aln,ENSG00000143119.nuc.ord.tre,0.368618
ENSG00000143125.nuc.ord.aln,ENSG00000143125.nuc.ord.tre,0.244721
ENSG00000143127.nuc.ord.aln,ENSG00000143127.nuc.ord.tre,1.151092
ENSG00000143140.nuc.ord.aln,ENSG00000143140.nuc.ord.tre,0.293113
ENSG00000143149.nuc.ord.aln,ENSG00000143149.nuc.ord.tre,0.474558
ENSG00000143153.nuc.ord.aln,ENSG00000143153.nuc.ord.tre,0.411883
ENSG00000143155.nuc.ord.aln,ENSG00000143155.nuc.ord.tre,0.385231
ENSG00000143156.nuc.ord.aln,ENSG00000143156.nuc.ord.tre,0.417748
ENSG00000143157.nuc.ord.aln,ENSG00000143157.nuc.ord.tre,0.486534
ENSG00000143158.nuc.ord.aln,ENSG00000143158.nuc.ord.tre,0.238629
ENSG00000143162.nuc.ord.aln,ENSG00000143162.nuc.ord.tre,0.511438
ENSG00000143164.nuc.ord.aln,ENSG00000143164.nuc.ord.tre,0.962960
ENSG00000143167.nuc.ord.aln,ENSG00000143167.nuc.ord.tre,0.355698
ENSG00000143171.nuc.ord.aln,ENSG00000143171.nuc.ord.tre,0.398666
ENSG00000143178.nuc.ord.aln,ENSG00000143178.nuc.ord.tre,0.437666
ENSG00000143179.nuc.ord.aln,ENSG00000143179.nuc.ord.tre,0.377995
ENSG00000143183.nuc.ord.aln,ENSG00000143183.nuc.ord.tre,0.382389
ENSG00000143190.nuc.ord.aln,ENSG00000143190.nuc.ord.tre,0.702744
ENSG00000143194.nuc.ord.aln,ENSG00000143194.nuc.ord.tre,0.407145
ENSG00000143195.nuc.ord.aln,ENSG00000143195.nuc.ord.tre,0.562256
ENSG00000143196.nuc.ord.aln,ENSG00000143196.nuc.ord.tre,0.263237
ENSG00000143198.nuc.ord.aln,ENSG00000143198.nuc.ord.tre,0.303706
ENSG00000143199.nuc.ord.aln,ENSG00000143199.nuc.ord.tre,1.986160
ENSG00000143217.nuc.ord.aln,ENSG00000143217.nuc.ord.tre,0.425603
ENSG00000143224.nuc.ord.aln,ENSG00000143224.nuc.ord.tre,0.542208
ENSG00000143228.nuc.ord.aln,ENSG00000143228.nuc.ord.tre,0.436499
ENSG00000143248.nuc.ord.aln,ENSG00000143248.nuc.ord.tre,0.307479
ENSG00000143252.nuc.ord.aln,ENSG00000143252.nuc.ord.tre,0.206470
ENSG00000143256.nuc.ord.aln,ENSG00000143256.nuc.ord.tre,0.286717
ENSG00000143257.nuc.ord.aln,ENSG00000143257.nuc.ord.tre,0.407122
ENSG00000143258.nuc.ord.aln,ENSG00000143258.nuc.ord.tre,0.398289
ENSG00000143278.nuc.ord.aln,ENSG00000143278.nuc.ord.tre,0.583071
ENSG00000143294.nuc.ord.aln,ENSG00000143294.nuc.ord.tre,0.422444
ENSG00000143303.nuc.ord.aln,ENSG00000143303.nuc.ord.tre,0.394561
ENSG00000143315.nuc.ord.aln,ENSG00000143315.nuc.ord.tre,0.306198
ENSG00000143318.nuc.ord.aln,ENSG00000143318.nuc.ord.tre,0.369656
ENSG00000143319.nuc.ord.aln,ENSG00000143319.nuc.ord.tre,0.371376
ENSG00000143322.nuc.ord.aln,ENSG00000143322.nuc.ord.tre,1.311986
ENSG00000143324.nuc.ord.aln,ENSG00000143324.nuc.ord.tre,0.561754
ENSG00000143333.nuc.ord.aln,ENSG00000143333.nuc.ord.tre,0.256495
ENSG00000143337.nuc.ord.aln,ENSG00000143337.nuc.ord.tre,0.715627
ENSG00000143344.nuc.ord.aln,ENSG00000143344.nuc.ord.tre,0.971124
ENSG00000143353.nuc.ord.aln,ENSG00000143353.nuc.ord.tre,0.366900
ENSG00000143363.nuc.ord.aln,ENSG00000143363.nuc.ord.tre,0.436285
ENSG00000143365.nuc.ord.aln,ENSG00000143365.nuc.ord.tre,0.322384
ENSG00000143367.nuc.ord.aln,ENSG00000143367.nuc.ord.tre,0.415484
ENSG00000143369.nuc.ord.aln,ENSG00000143369.nuc.ord.tre,0.424874
ENSG00000143373.nuc.ord.aln,ENSG00000143373.nuc.ord.tre,1.317151
ENSG00000143374.nuc.ord.aln,ENSG00000143374.nuc.ord.tre,0.689786
ENSG00000143375.nuc.ord.aln,ENSG00000143375.nuc.ord.tre,1.263041
ENSG00000143376.nuc.ord.aln,ENSG00000143376.nuc.ord.tre,0.466408
ENSG00000143379.nuc.ord.aln,ENSG00000143379.nuc.ord.tre,1.402743
ENSG00000143384.nuc.ord.aln,ENSG00000143384.nuc.ord.tre,0.265885
ENSG00000143387.nuc.ord.aln,ENSG00000143387.nuc.ord.tre,0.382159
ENSG00000143390.nuc.ord.aln,ENSG00000143390.nuc.ord.tre,0.576749
ENSG00000143393.nuc.ord.aln,ENSG00000143393.nuc.ord.tre,0.751368
ENSG00000143401.nuc.ord.aln,ENSG00000143401.nuc.ord.tre,0.215693
ENSG00000143409.nuc.ord.aln,ENSG00000143409.nuc.ord.tre,0.491804
ENSG00000143412.nuc.ord.aln,ENSG00000143412.nuc.ord.tre,0.519279
ENSG00000143418.nuc.ord.aln,ENSG00000143418.nuc.ord.tre,0.386259
ENSG00000143436.nuc.ord.aln,ENSG00000143436.nuc.ord.tre,0.249837
ENSG00000143437.nuc.ord.aln,ENSG00000143437.nuc.ord.tre,0.918917
ENSG00000143442.nuc.ord.aln,ENSG00000143442.nuc.ord.tre,1.376009
ENSG00000143450.nuc.ord.aln,ENSG00000143450.nuc.ord.tre,0.362409
ENSG00000143452.nuc.ord.aln,ENSG00000143452.nuc.ord.tre,0.431086
ENSG00000143457.nuc.ord.aln,ENSG00000143457.nuc.ord.tre,0.335016
ENSG00000143458.nuc.ord.aln,ENSG00000143458.nuc.ord.tre,0.415371
ENSG00000143476.nuc.ord.aln,ENSG00000143476.nuc.ord.tre,0.694195
ENSG00000143479.nuc.ord.aln,ENSG00000143479.nuc.ord.tre,0.426957
ENSG00000143486.nuc.ord.aln,ENSG00000143486.nuc.ord.tre,0.532149
ENSG00000143493.nuc.ord.aln,ENSG00000143493.nuc.ord.tre,0.853880
ENSG00000143494.nuc.ord.aln,ENSG00000143494.nuc.ord.tre,0.386636
ENSG00000143498.nuc.ord.aln,ENSG00000143498.nuc.ord.tre,0.484285
ENSG00000143499.nuc.ord.aln,ENSG00000143499.nuc.ord.tre,0.587036
ENSG00000143502.nuc.ord.aln,ENSG00000143502.nuc.ord.tre,0.455263
ENSG00000143507.nuc.ord.aln,ENSG00000143507.nuc.ord.tre,0.408229
ENSG00000143512.nuc.ord.aln,ENSG00000143512.nuc.ord.tre,0.670680
ENSG00000143514.nuc.ord.aln,ENSG00000143514.nuc.ord.tre,1.252912
ENSG00000143515.nuc.ord.aln,ENSG00000143515.nuc.ord.tre,1.274966
ENSG00000143536.nuc.ord.aln,ENSG00000143536.nuc.ord.tre,0.430830
ENSG00000143537.nuc.ord.aln,ENSG00000143537.nuc.ord.tre,0.851321
ENSG00000143543.nuc.ord.aln,ENSG00000143543.nuc.ord.tre,0.246701
ENSG00000143552.nuc.ord.aln,ENSG00000143552.nuc.ord.tre,2.915366
ENSG00000143553.nuc.ord.aln,ENSG00000143553.nuc.ord.tre,0.232931
ENSG00000143569.nuc.ord.aln,ENSG00000143569.nuc.ord.tre,1.005145
ENSG00000143570.nuc.ord.aln,ENSG00000143570.nuc.ord.tre,0.287758
ENSG00000143575.nuc.ord.aln,ENSG00000143575.nuc.ord.tre,0.379542
ENSG00000143578.nuc.ord.aln,ENSG00000143578.nuc.ord.tre,0.403340
ENSG00000143590.nuc.ord.aln,ENSG00000143590.nuc.ord.tre,0.287341
ENSG00000143603.nuc.ord.aln,ENSG00000143603.nuc.ord.tre,0.899616
ENSG00000143612.nuc.ord.aln,ENSG00000143612.nuc.ord.tre,0.279485
ENSG00000143614.nuc.ord.aln,ENSG00000143614.nuc.ord.tre,0.541112
ENSG00000143621.nuc.ord.aln,ENSG00000143621.nuc.ord.tre,0.255396
ENSG00000143622.nuc.ord.aln,ENSG00000143622.nuc.ord.tre,0.314480
ENSG00000143624.nuc.ord.aln,ENSG00000143624.nuc.ord.tre,1.031827
ENSG00000143630.nuc.ord.aln,ENSG00000143630.nuc.ord.tre,0.957531
ENSG00000143632.nuc.ord.aln,ENSG00000143632.nuc.ord.tre,0.321052
ENSG00000143633.nuc.ord.aln,ENSG00000143633.nuc.ord.tre,0.380800
ENSG00000143641.nuc.ord.aln,ENSG00000143641.nuc.ord.tre,0.417213
ENSG00000143643.nuc.ord.aln,ENSG00000143643.nuc.ord.tre,0.816005
ENSG00000143653.nuc.ord.aln,ENSG00000143653.nuc.ord.tre,0.397753
ENSG00000143669.nuc.ord.aln,ENSG00000143669.nuc.ord.tre,9.495197
ENSG00000143674.nuc.ord.aln,ENSG00000143674.nuc.ord.tre,1.190362
ENSG00000143740.nuc.ord.aln,ENSG00000143740.nuc.ord.tre,0.454733
ENSG00000143748.nuc.ord.aln,ENSG00000143748.nuc.ord.tre,0.784033
ENSG00000143751.nuc.ord.aln,ENSG00000143751.nuc.ord.tre,0.634490
ENSG00000143756.nuc.ord.aln,ENSG00000143756.nuc.ord.tre,0.378921
ENSG00000143771.nuc.ord.aln,ENSG00000143771.nuc.ord.tre,0.292099
ENSG00000143772.nuc.ord.aln,ENSG00000143772.nuc.ord.tre,0.919588
ENSG00000143776.nuc.ord.aln,ENSG00000143776.nuc.ord.tre,2.407472
ENSG00000143786.nuc.ord.aln,ENSG00000143786.nuc.ord.tre,0.320066
ENSG00000143797.nuc.ord.aln,ENSG00000143797.nuc.ord.tre,0.444519
ENSG00000143799.nuc.ord.aln,ENSG00000143799.nuc.ord.tre,0.970896
ENSG00000143811.nuc.ord.aln,ENSG00000143811.nuc.ord.tre,0.351255
ENSG00000143815.nuc.ord.aln,ENSG00000143815.nuc.ord.tre,0.555992
ENSG00000143819.nuc.ord.aln,ENSG00000143819.nuc.ord.tre,0.422955
ENSG00000143845.nuc.ord.aln,ENSG00000143845.nuc.ord.tre,0.572421
ENSG00000143847.nuc.ord.aln,ENSG00000143847.nuc.ord.tre,2.182121
ENSG00000143850.nuc.ord.aln,ENSG00000143850.nuc.ord.tre,1.698270
ENSG00000143858.nuc.ord.aln,ENSG00000143858.nuc.ord.tre,0.583071
ENSG00000143862.nuc.ord.aln,ENSG00000143862.nuc.ord.tre,0.234185
ENSG00000143867.nuc.ord.aln,ENSG00000143867.nuc.ord.tre,0.306164
ENSG00000143870.nuc.ord.aln,ENSG00000143870.nuc.ord.tre,0.560973
ENSG00000143882.nuc.ord.aln,ENSG00000143882.nuc.ord.tre,0.388182
ENSG00000143889.nuc.ord.aln,ENSG00000143889.nuc.ord.tre,0.577932
ENSG00000143891.nuc.ord.aln,ENSG00000143891.nuc.ord.tre,0.370039
ENSG00000143921.nuc.ord.aln,ENSG00000143921.nuc.ord.tre,0.505266
ENSG00000143924.nuc.ord.aln,ENSG00000143924.nuc.ord.tre,1.313968
ENSG00000143942.nuc.ord.aln,ENSG00000143942.nuc.ord.tre,0.317653
ENSG00000143951.nuc.ord.aln,ENSG00000143951.nuc.ord.tre,0.635427
ENSG00000143970.nuc.ord.aln,ENSG00000143970.nuc.ord.tre,1.983655
ENSG00000143971.nuc.ord.aln,ENSG00000143971.nuc.ord.tre,1.005290
ENSG00000143994.nuc.ord.aln,ENSG00000143994.nuc.ord.tre,0.358187
ENSG00000143995.nuc.ord.aln,ENSG00000143995.nuc.ord.tre,0.268238
ENSG00000144021.nuc.ord.aln,ENSG00000144021.nuc.ord.tre,0.347571
ENSG00000144034.nuc.ord.aln,ENSG00000144034.nuc.ord.tre,0.282531
ENSG00000144036.nuc.ord.aln,ENSG00000144036.nuc.ord.tre,0.877493
ENSG00000144040.nuc.ord.aln,ENSG00000144040.nuc.ord.tre,0.405153
ENSG00000144043.nuc.ord.aln,ENSG00000144043.nuc.ord.tre,0.305303
ENSG00000144045.nuc.ord.aln,ENSG00000144045.nuc.ord.tre,0.687234
ENSG00000144048.nuc.ord.aln,ENSG00000144048.nuc.ord.tre,0.451162
ENSG00000144057.nuc.ord.aln,ENSG00000144057.nuc.ord.tre,0.528044
ENSG00000144061.nuc.ord.aln,ENSG00000144061.nuc.ord.tre,0.664726
ENSG00000144115.nuc.ord.aln,ENSG00000144115.nuc.ord.tre,0.395457
ENSG00000144118.nuc.ord.aln,ENSG00000144118.nuc.ord.tre,0.341983
ENSG00000144136.nuc.ord.aln,ENSG00000144136.nuc.ord.tre,0.625737
ENSG00000144161.nuc.ord.aln,ENSG00000144161.nuc.ord.tre,0.334038
ENSG00000144182.nuc.ord.aln,ENSG00000144182.nuc.ord.tre,0.282769
ENSG00000144191.nuc.ord.aln,ENSG00000144191.nuc.ord.tre,0.786849
ENSG00000144214.nuc.ord.aln,ENSG00000144214.nuc.ord.tre,0.235223
ENSG00000144218.nuc.ord.aln,ENSG00000144218.nuc.ord.tre,0.997139
ENSG00000144224.nuc.ord.aln,ENSG00000144224.nuc.ord.tre,0.501017
ENSG00000144227.nuc.ord.aln,ENSG00000144227.nuc.ord.tre,0.296218
ENSG00000144228.nuc.ord.aln,ENSG00000144228.nuc.ord.tre,0.503624
ENSG00000144229.nuc.ord.aln,ENSG00000144229.nuc.ord.tre,1.822875
ENSG00000144231.nuc.ord.aln,ENSG00000144231.nuc.ord.tre,0.232662
ENSG00000144233.nuc.ord.aln,ENSG00000144233.nuc.ord.tre,0.407690
ENSG00000144278.nuc.ord.aln,ENSG00000144278.nuc.ord.tre,0.559588
ENSG00000144283.nuc.ord.aln,ENSG00000144283.nuc.ord.tre,1.276928
ENSG00000144285.nuc.ord.aln,ENSG00000144285.nuc.ord.tre,2.679418
ENSG00000144290.nuc.ord.aln,ENSG00000144290.nuc.ord.tre,1.216604
ENSG00000144306.nuc.ord.aln,ENSG00000144306.nuc.ord.tre,0.441717
ENSG00000144320.nuc.ord.aln,ENSG00000144320.nuc.ord.tre,0.359815
ENSG00000144331.nuc.ord.aln,ENSG00000144331.nuc.ord.tre,0.458473
ENSG00000144339.nuc.ord.aln,ENSG00000144339.nuc.ord.tre,0.334871
ENSG00000144354.nuc.ord.aln,ENSG00000144354.nuc.ord.tre,0.437359
ENSG00000144355.nuc.ord.aln,ENSG00000144355.nuc.ord.tre,0.336359
ENSG00000144362.nuc.ord.aln,ENSG00000144362.nuc.ord.tre,0.150029
ENSG00000144366.nuc.ord.aln,ENSG00000144366.nuc.ord.tre,0.346054
ENSG00000144369.nuc.ord.aln,ENSG00000144369.nuc.ord.tre,0.755808
ENSG00000144401.nuc.ord.aln,ENSG00000144401.nuc.ord.tre,0.482520
ENSG00000144406.nuc.ord.aln,ENSG00000144406.nuc.ord.tre,7.153476
ENSG00000144407.nuc.ord.aln,ENSG00000144407.nuc.ord.tre,0.693386
ENSG00000144426.nuc.ord.aln,ENSG00000144426.nuc.ord.tre,5.483090
ENSG00000144445.nuc.ord.aln,ENSG00000144445.nuc.ord.tre,0.978312
ENSG00000145414.nuc.ord.aln,ENSG00000145414.nuc.ord.tre,0.626369
ENSG00000145416.nuc.ord.aln,ENSG00000145416.nuc.ord.tre,1.147979
ENSG00000145431.nuc.ord.aln,ENSG00000145431.nuc.ord.tre,0.397759
ENSG00000145439.nuc.ord.aln,ENSG00000145439.nuc.ord.tre,0.328071
ENSG00000145451.nuc.ord.aln,ENSG00000145451.nuc.ord.tre,0.419304
ENSG00000145476.nuc.ord.aln,ENSG00000145476.nuc.ord.tre,0.393544
ENSG00000145491.nuc.ord.aln,ENSG00000145491.nuc.ord.tre,0.462796
ENSG00000145494.nuc.ord.aln,ENSG00000145494.nuc.ord.tre,0.230962
ENSG00000145495.nuc.ord.aln,ENSG00000145495.nuc.ord.tre,0.882963
ENSG00000145526.nuc.ord.aln,ENSG00000145526.nuc.ord.tre,0.649219
ENSG00000145536.nuc.ord.aln,ENSG00000145536.nuc.ord.tre,1.341969
ENSG00000145545.nuc.ord.aln,ENSG00000145545.nuc.ord.tre,0.322271
ENSG00000145555.nuc.ord.aln,ENSG00000145555.nuc.ord.tre,3.056491
ENSG00000145569.nuc.ord.aln,ENSG00000145569.nuc.ord.tre,0.408474
ENSG00000145604.nuc.ord.aln,ENSG00000145604.nuc.ord.tre,0.553822
ENSG00000145623.nuc.ord.aln,ENSG00000145623.nuc.ord.tre,0.936252
ENSG00000145632.nuc.ord.aln,ENSG00000145632.nuc.ord.tre,0.597686
ENSG00000145642.nuc.ord.aln,ENSG00000145642.nuc.ord.tre,0.267429
ENSG00000145649.nuc.ord.aln,ENSG00000145649.nuc.ord.tre,0.332156
ENSG00000145675.nuc.ord.aln,ENSG00000145675.nuc.ord.tre,0.732108
ENSG00000145681.nuc.ord.aln,ENSG00000145681.nuc.ord.tre,0.390509
ENSG00000145685.nuc.ord.aln,ENSG00000145685.nuc.ord.tre,0.295448
ENSG00000145687.nuc.ord.aln,ENSG00000145687.nuc.ord.tre,0.550918
ENSG00000145703.nuc.ord.aln,ENSG00000145703.nuc.ord.tre,2.016929
ENSG00000145708.nuc.ord.aln,ENSG00000145708.nuc.ord.tre,0.339379
ENSG00000145715.nuc.ord.aln,ENSG00000145715.nuc.ord.tre,1.095621
ENSG00000145721.nuc.ord.aln,ENSG00000145721.nuc.ord.tre,0.368991
ENSG00000145723.nuc.ord.aln,ENSG00000145723.nuc.ord.tre,0.396522
ENSG00000145725.nuc.ord.aln,ENSG00000145725.nuc.ord.tre,1.613646
ENSG00000145730.nuc.ord.aln,ENSG00000145730.nuc.ord.tre,1.195596
ENSG00000145734.nuc.ord.aln,ENSG00000145734.nuc.ord.tre,4.711412
ENSG00000145743.nuc.ord.aln,ENSG00000145743.nuc.ord.tre,0.760861
ENSG00000145780.nuc.ord.aln,ENSG00000145780.nuc.ord.tre,0.454303
ENSG00000145781.nuc.ord.aln,ENSG00000145781.nuc.ord.tre,0.369257
ENSG00000145782.nuc.ord.aln,ENSG00000145782.nuc.ord.tre,0.279564
ENSG00000145794.nuc.ord.aln,ENSG00000145794.nuc.ord.tre,1.207020
ENSG00000145817.nuc.ord.aln,ENSG00000145817.nuc.ord.tre,0.302965
ENSG00000145819.nuc.ord.aln,ENSG00000145819.nuc.ord.tre,0.967066
ENSG00000145824.nuc.ord.aln,ENSG00000145824.nuc.ord.tre,0.236522
ENSG00000145826.nuc.ord.aln,ENSG00000145826.nuc.ord.tre,0.333964
ENSG00000145832.nuc.ord.aln,ENSG00000145832.nuc.ord.tre,0.436422
ENSG00000145833.nuc.ord.aln,ENSG00000145833.nuc.ord.tre,0.886773
ENSG00000145850.nuc.ord.aln,ENSG00000145850.nuc.ord.tre,0.330792
ENSG00000145860.nuc.ord.aln,ENSG00000145860.nuc.ord.tre,0.742677
ENSG00000145861.nuc.ord.aln,ENSG00000145861.nuc.ord.tre,0.355837
ENSG00000145863.nuc.ord.aln,ENSG00000145863.nuc.ord.tre,0.524899
ENSG00000145864.nuc.ord.aln,ENSG00000145864.nuc.ord.tre,0.450226
ENSG00000145868.nuc.ord.aln,ENSG00000145868.nuc.ord.tre,1.301203
ENSG00000145882.nuc.ord.aln,ENSG00000145882.nuc.ord.tre,0.428386
ENSG00000145888.nuc.ord.aln,ENSG00000145888.nuc.ord.tre,0.412732
ENSG00000145901.nuc.ord.aln,ENSG00000145901.nuc.ord.tre,0.577796
ENSG00000145907.nuc.ord.aln,ENSG00000145907.nuc.ord.tre,0.265340
ENSG00000145911.nuc.ord.aln,ENSG00000145911.nuc.ord.tre,0.530454
ENSG00000145912.nuc.ord.aln,ENSG00000145912.nuc.ord.tre,0.239235
ENSG00000145916.nuc.ord.aln,ENSG00000145916.nuc.ord.tre,0.560349
ENSG00000145919.nuc.ord.aln,ENSG00000145919.nuc.ord.tre,0.231268
ENSG00000144451.nuc.ord.aln,ENSG00000144451.nuc.ord.tre,0.515993
ENSG00000144452.nuc.ord.aln,ENSG00000144452.nuc.ord.tre,6.610420
ENSG00000144455.nuc.ord.aln,ENSG00000144455.nuc.ord.tre,0.568551
ENSG00000144460.nuc.ord.aln,ENSG00000144460.nuc.ord.tre,1.267035
ENSG00000144468.nuc.ord.aln,ENSG00000144468.nuc.ord.tre,0.420447
ENSG00000144481.nuc.ord.aln,ENSG00000144481.nuc.ord.tre,1.104371
ENSG00000144524.nuc.ord.aln,ENSG00000144524.nuc.ord.tre,0.377352
ENSG00000144550.nuc.ord.aln,ENSG00000144550.nuc.ord.tre,0.494367
ENSG00000144554.nuc.ord.aln,ENSG00000144554.nuc.ord.tre,1.843034
ENSG00000144559.nuc.ord.aln,ENSG00000144559.nuc.ord.tre,0.410474
ENSG00000144560.nuc.ord.aln,ENSG00000144560.nuc.ord.tre,0.355629
ENSG00000144567.nuc.ord.aln,ENSG00000144567.nuc.ord.tre,0.392884
ENSG00000144580.nuc.ord.aln,ENSG00000144580.nuc.ord.tre,0.520109
ENSG00000144583.nuc.ord.aln,ENSG00000144583.nuc.ord.tre,0.382437
ENSG00000144589.nuc.ord.aln,ENSG00000144589.nuc.ord.tre,1.167903
ENSG00000144597.nuc.ord.aln,ENSG00000144597.nuc.ord.tre,0.402122
ENSG00000144619.nuc.ord.aln,ENSG00000144619.nuc.ord.tre,1.067768
ENSG00000144635.nuc.ord.aln,ENSG00000144635.nuc.ord.tre,0.495139
ENSG00000144642.nuc.ord.aln,ENSG00000144642.nuc.ord.tre,0.484900
ENSG00000144645.nuc.ord.aln,ENSG00000144645.nuc.ord.tre,0.726447
ENSG00000144647.nuc.ord.aln,ENSG00000144647.nuc.ord.tre,0.320934
ENSG00000144649.nuc.ord.aln,ENSG00000144649.nuc.ord.tre,0.650555
ENSG00000144655.nuc.ord.aln,ENSG00000144655.nuc.ord.tre,0.409203
ENSG00000144659.nuc.ord.aln,ENSG00000144659.nuc.ord.tre,0.353515
ENSG00000144668.nuc.ord.aln,ENSG00000144668.nuc.ord.tre,1.001769
ENSG00000144674.nuc.ord.aln,ENSG00000144674.nuc.ord.tre,3.224730
ENSG00000144677.nuc.ord.aln,ENSG00000144677.nuc.ord.tre,0.364037
ENSG00000144681.nuc.ord.aln,ENSG00000144681.nuc.ord.tre,0.420868
ENSG00000144711.nuc.ord.aln,ENSG00000144711.nuc.ord.tre,1.350399
ENSG00000144724.nuc.ord.aln,ENSG00000144724.nuc.ord.tre,1.960961
ENSG00000144730.nuc.ord.aln,ENSG00000144730.nuc.ord.tre,0.715547
ENSG00000144736.nuc.ord.aln,ENSG00000144736.nuc.ord.tre,0.599511
ENSG00000144741.nuc.ord.aln,ENSG00000144741.nuc.ord.tre,0.385724
ENSG00000144744.nuc.ord.aln,ENSG00000144744.nuc.ord.tre,0.415129
ENSG00000144746.nuc.ord.aln,ENSG00000144746.nuc.ord.tre,0.300405
ENSG00000144747.nuc.ord.aln,ENSG00000144747.nuc.ord.tre,1.139416
ENSG00000144749.nuc.ord.aln,ENSG00000144749.nuc.ord.tre,1.220634
ENSG00000144771.nuc.ord.aln,ENSG00000144771.nuc.ord.tre,0.363909
ENSG00000144785.nuc.ord.aln,ENSG00000144785.nuc.ord.tre,0.277740
ENSG00000144802.nuc.ord.aln,ENSG00000144802.nuc.ord.tre,0.663773
ENSG00000144810.nuc.ord.aln,ENSG00000144810.nuc.ord.tre,0.574490
ENSG00000144815.nuc.ord.aln,ENSG00000144815.nuc.ord.tre,0.512579
ENSG00000144820.nuc.ord.aln,ENSG00000144820.nuc.ord.tre,0.783116
ENSG00000144824.nuc.ord.aln,ENSG00000144824.nuc.ord.tre,1.596974
ENSG00000144827.nuc.ord.aln,ENSG00000144827.nuc.ord.tre,0.314451
ENSG00000144834.nuc.ord.aln,ENSG00000144834.nuc.ord.tre,0.361558
ENSG00000144837.nuc.ord.aln,ENSG00000144837.nuc.ord.tre,0.407123
ENSG00000144840.nuc.ord.aln,ENSG00000144840.nuc.ord.tre,0.341578
ENSG00000144843.nuc.ord.aln,ENSG00000144843.nuc.ord.tre,0.428556
ENSG00000144847.nuc.ord.aln,ENSG00000144847.nuc.ord.tre,0.472411
ENSG00000144848.nuc.ord.aln,ENSG00000144848.nuc.ord.tre,0.349813
ENSG00000144867.nuc.ord.aln,ENSG00000144867.nuc.ord.tre,0.293541
ENSG00000144893.nuc.ord.aln,ENSG00000144893.nuc.ord.tre,3.760380
ENSG00000144895.nuc.ord.aln,ENSG00000144895.nuc.ord.tre,0.474212
ENSG00000144908.nuc.ord.aln,ENSG00000144908.nuc.ord.tre,0.719009
ENSG00000144909.nuc.ord.aln,ENSG00000144909.nuc.ord.tre,0.638877
ENSG00000144935.nuc.ord.aln,ENSG00000144935.nuc.ord.tre,0.767498
ENSG00000144959.nuc.ord.aln,ENSG00000144959.nuc.ord.tre,0.546793
ENSG00000144962.nuc.ord.aln,ENSG00000144962.nuc.ord.tre,0.451562
ENSG00000145012.nuc.ord.aln,ENSG00000145012.nuc.ord.tre,0.621802
ENSG00000145014.nuc.ord.aln,ENSG00000145014.nuc.ord.tre,0.476589
ENSG00000145016.nuc.ord.aln,ENSG00000145016.nuc.ord.tre,1.055217
ENSG00000145020.nuc.ord.aln,ENSG00000145020.nuc.ord.tre,0.358793
ENSG00000145022.nuc.ord.aln,ENSG00000145022.nuc.ord.tre,0.226504
ENSG00000145029.nuc.ord.aln,ENSG00000145029.nuc.ord.tre,0.313130
ENSG00000145040.nuc.ord.aln,ENSG00000145040.nuc.ord.tre,0.178620
ENSG00000145041.nuc.ord.aln,ENSG00000145041.nuc.ord.tre,2.578459
ENSG00000145075.nuc.ord.aln,ENSG00000145075.nuc.ord.tre,1.215716
ENSG00000145087.nuc.ord.aln,ENSG00000145087.nuc.ord.tre,1.207064
ENSG00000145088.nuc.ord.aln,ENSG00000145088.nuc.ord.tre,0.334139
ENSG00000145103.nuc.ord.aln,ENSG00000145103.nuc.ord.tre,0.504668
ENSG00000145107.nuc.ord.aln,ENSG00000145107.nuc.ord.tre,0.285313
ENSG00000145147.nuc.ord.aln,ENSG00000145147.nuc.ord.tre,2.070388
ENSG00000145191.nuc.ord.aln,ENSG00000145191.nuc.ord.tre,0.736106
ENSG00000145192.nuc.ord.aln,ENSG00000145192.nuc.ord.tre,0.700088
ENSG00000145194.nuc.ord.aln,ENSG00000145194.nuc.ord.tre,1.073857
ENSG00000145216.nuc.ord.aln,ENSG00000145216.nuc.ord.tre,0.625894
ENSG00000145217.nuc.ord.aln,ENSG00000145217.nuc.ord.tre,0.471883
ENSG00000145220.nuc.ord.aln,ENSG00000145220.nuc.ord.tre,0.401610
ENSG00000145242.nuc.ord.aln,ENSG00000145242.nuc.ord.tre,0.780054
ENSG00000145244.nuc.ord.aln,ENSG00000145244.nuc.ord.tre,1.200427
ENSG00000145246.nuc.ord.aln,ENSG00000145246.nuc.ord.tre,1.853646
ENSG00000145247.nuc.ord.aln,ENSG00000145247.nuc.ord.tre,0.261913
ENSG00000145283.nuc.ord.aln,ENSG00000145283.nuc.ord.tre,0.389661
ENSG00000145287.nuc.ord.aln,ENSG00000145287.nuc.ord.tre,0.228285
ENSG00000145293.nuc.ord.aln,ENSG00000145293.nuc.ord.tre,0.339628
ENSG00000145309.nuc.ord.aln,ENSG00000145309.nuc.ord.tre,0.365496
ENSG00000145321.nuc.ord.aln,ENSG00000145321.nuc.ord.tre,0.405136
ENSG00000145332.nuc.ord.aln,ENSG00000145332.nuc.ord.tre,0.562078
ENSG00000145348.nuc.ord.aln,ENSG00000145348.nuc.ord.tre,0.766467
ENSG00000145349.nuc.ord.aln,ENSG00000145349.nuc.ord.tre,0.476805
ENSG00000145358.nuc.ord.aln,ENSG00000145358.nuc.ord.tre,0.305252
ENSG00000145362.nuc.ord.aln,ENSG00000145362.nuc.ord.tre,9.869055
ENSG00000145365.nuc.ord.aln,ENSG00000145365.nuc.ord.tre,0.361807
ENSG00000145375.nuc.ord.aln,ENSG00000145375.nuc.ord.tre,0.804833
ENSG00000145384.nuc.ord.aln,ENSG00000145384.nuc.ord.tre,0.235463
ENSG00000145386.nuc.ord.aln,ENSG00000145386.nuc.ord.tre,0.384625
ENSG00000145388.nuc.ord.aln,ENSG00000145388.nuc.ord.tre,0.515926
ENSG00000145390.nuc.ord.aln,ENSG00000145390.nuc.ord.tre,0.959753
ENSG00000145391.nuc.ord.aln,ENSG00000145391.nuc.ord.tre,0.402934
ENSG00000145920.nuc.ord.aln,ENSG00000145920.nuc.ord.tre,0.317237
ENSG00000145936.nuc.ord.aln,ENSG00000145936.nuc.ord.tre,0.311777
ENSG00000145975.nuc.ord.aln,ENSG00000145975.nuc.ord.tre,0.617636
ENSG00000145979.nuc.ord.aln,ENSG00000145979.nuc.ord.tre,0.363918
ENSG00000145982.nuc.ord.aln,ENSG00000145982.nuc.ord.tre,0.444951
ENSG00000145990.nuc.ord.aln,ENSG00000145990.nuc.ord.tre,0.320008
ENSG00000146007.nuc.ord.aln,ENSG00000146007.nuc.ord.tre,0.292412
ENSG00000146013.nuc.ord.aln,ENSG00000146013.nuc.ord.tre,0.423629
ENSG00000146021.nuc.ord.aln,ENSG00000146021.nuc.ord.tre,0.539388
ENSG00000146038.nuc.ord.aln,ENSG00000146038.nuc.ord.tre,0.451893
ENSG00000146070.nuc.ord.aln,ENSG00000146070.nuc.ord.tre,0.408016
ENSG00000146072.nuc.ord.aln,ENSG00000146072.nuc.ord.tre,0.516155
ENSG00000146083.nuc.ord.aln,ENSG00000146083.nuc.ord.tre,0.370306
ENSG00000146085.nuc.ord.aln,ENSG00000146085.nuc.ord.tre,0.684465
ENSG00000146090.nuc.ord.aln,ENSG00000146090.nuc.ord.tre,0.463090
ENSG00000146109.nuc.ord.aln,ENSG00000146109.nuc.ord.tre,0.337320
ENSG00000146112.nuc.ord.aln,ENSG00000146112.nuc.ord.tre,0.542210
ENSG00000146122.nuc.ord.aln,ENSG00000146122.nuc.ord.tre,1.883471
ENSG00000146143.nuc.ord.aln,ENSG00000146143.nuc.ord.tre,0.496890
ENSG00000146147.nuc.ord.aln,ENSG00000146147.nuc.ord.tre,0.903343
ENSG00000146151.nuc.ord.aln,ENSG00000146151.nuc.ord.tre,0.423615
ENSG00000146166.nuc.ord.aln,ENSG00000146166.nuc.ord.tre,0.538176
ENSG00000146192.nuc.ord.aln,ENSG00000146192.nuc.ord.tre,0.763736
ENSG00000146197.nuc.ord.aln,ENSG00000146197.nuc.ord.tre,1.076316
ENSG00000146215.nuc.ord.aln,ENSG00000146215.nuc.ord.tre,0.341854
ENSG00000146221.nuc.ord.aln,ENSG00000146221.nuc.ord.tre,0.475841
ENSG00000146233.nuc.ord.aln,ENSG00000146233.nuc.ord.tre,0.446911
ENSG00000146242.nuc.ord.aln,ENSG00000146242.nuc.ord.tre,0.255055
ENSG00000146243.nuc.ord.aln,ENSG00000146243.nuc.ord.tre,0.341049
ENSG00000146247.nuc.ord.aln,ENSG00000146247.nuc.ord.tre,2.685969
ENSG00000146250.nuc.ord.aln,ENSG00000146250.nuc.ord.tre,0.294140
ENSG00000146263.nuc.ord.aln,ENSG00000146263.nuc.ord.tre,1.176120
ENSG00000146267.nuc.ord.aln,ENSG00000146267.nuc.ord.tre,0.408590
ENSG00000146276.nuc.ord.aln,ENSG00000146276.nuc.ord.tre,0.530610
ENSG00000146278.nuc.ord.aln,ENSG00000146278.nuc.ord.tre,0.268125
ENSG00000146281.nuc.ord.aln,ENSG00000146281.nuc.ord.tre,0.444909
ENSG00000146282.nuc.ord.aln,ENSG00000146282.nuc.ord.tre,0.481796
ENSG00000146285.nuc.ord.aln,ENSG00000146285.nuc.ord.tre,0.354199
ENSG00000146350.nuc.ord.aln,ENSG00000146350.nuc.ord.tre,1.137316
ENSG00000146352.nuc.ord.aln,ENSG00000146352.nuc.ord.tre,0.382413
ENSG00000146373.nuc.ord.aln,ENSG00000146373.nuc.ord.tre,0.456888
ENSG00000146374.nuc.ord.aln,ENSG00000146374.nuc.ord.tre,0.390062
ENSG00000146376.nuc.ord.aln,ENSG00000146376.nuc.ord.tre,0.676253
ENSG00000146378.nuc.ord.aln,ENSG00000146378.nuc.ord.tre,0.309825
ENSG00000146399.nuc.ord.aln,ENSG00000146399.nuc.ord.tre,0.247056
ENSG00000146409.nuc.ord.aln,ENSG00000146409.nuc.ord.tre,0.490724
ENSG00000146410.nuc.ord.aln,ENSG00000146410.nuc.ord.tre,0.446330
ENSG00000146414.nuc.ord.aln,ENSG00000146414.nuc.ord.tre,2.258391
ENSG00000146416.nuc.ord.aln,ENSG00000146416.nuc.ord.tre,0.396182
ENSG00000146426.nuc.ord.aln,ENSG00000146426.nuc.ord.tre,2.865845
ENSG00000146453.nuc.ord.aln,ENSG00000146453.nuc.ord.tre,0.463453
ENSG00000146463.nuc.ord.aln,ENSG00000146463.nuc.ord.tre,1.846838
ENSG00000146469.nuc.ord.aln,ENSG00000146469.nuc.ord.tre,0.285956
ENSG00000146476.nuc.ord.aln,ENSG00000146476.nuc.ord.tre,0.380363
ENSG00000146477.nuc.ord.aln,ENSG00000146477.nuc.ord.tre,0.591051
ENSG00000146530.nuc.ord.aln,ENSG00000146530.nuc.ord.tre,1.401007
ENSG00000146535.nuc.ord.aln,ENSG00000146535.nuc.ord.tre,0.459715
ENSG00000146555.nuc.ord.aln,ENSG00000146555.nuc.ord.tre,3.315008
ENSG00000146576.nuc.ord.aln,ENSG00000146576.nuc.ord.tre,0.407538
ENSG00000146592.nuc.ord.aln,ENSG00000146592.nuc.ord.tre,0.464378
ENSG00000146670.nuc.ord.aln,ENSG00000146670.nuc.ord.tre,0.692060
ENSG00000146674.nuc.ord.aln,ENSG00000146674.nuc.ord.tre,0.367338
ENSG00000146678.nuc.ord.aln,ENSG00000146678.nuc.ord.tre,0.348981
ENSG00000146701.nuc.ord.aln,ENSG00000146701.nuc.ord.tre,0.487972
ENSG00000146729.nuc.ord.aln,ENSG00000146729.nuc.ord.tre,0.376959
ENSG00000146776.nuc.ord.aln,ENSG00000146776.nuc.ord.tre,0.871148
ENSG00000146802.nuc.ord.aln,ENSG00000146802.nuc.ord.tre,0.653073
ENSG00000146828.nuc.ord.aln,ENSG00000146828.nuc.ord.tre,0.681503
ENSG00000146830.nuc.ord.aln,ENSG00000146830.nuc.ord.tre,1.117834
ENSG00000146834.nuc.ord.aln,ENSG00000146834.nuc.ord.tre,0.464657
ENSG00000146842.nuc.ord.aln,ENSG00000146842.nuc.ord.tre,0.530215
ENSG00000146856.nuc.ord.aln,ENSG00000146856.nuc.ord.tre,1.009925
ENSG00000146858.nuc.ord.aln,ENSG00000146858.nuc.ord.tre,0.320135
ENSG00000146859.nuc.ord.aln,ENSG00000146859.nuc.ord.tre,0.242497
ENSG00000146904.nuc.ord.aln,ENSG00000146904.nuc.ord.tre,0.851608
ENSG00000146909.nuc.ord.aln,ENSG00000146909.nuc.ord.tre,0.899088
ENSG00000146910.nuc.ord.aln,ENSG00000146910.nuc.ord.tre,0.290482
ENSG00000146918.nuc.ord.aln,ENSG00000146918.nuc.ord.tre,1.252841
ENSG00000146926.nuc.ord.aln,ENSG00000146926.nuc.ord.tre,0.603427
ENSG00000146950.nuc.ord.aln,ENSG00000146950.nuc.ord.tre,2.219015
ENSG00000146955.nuc.ord.aln,ENSG00000146955.nuc.ord.tre,0.324368
ENSG00000146963.nuc.ord.aln,ENSG00000146963.nuc.ord.tre,0.450998
ENSG00000146966.nuc.ord.aln,ENSG00000146966.nuc.ord.tre,1.055282
ENSG00000147003.nuc.ord.aln,ENSG00000147003.nuc.ord.tre,0.302540
ENSG00000147010.nuc.ord.aln,ENSG00000147010.nuc.ord.tre,0.801272
ENSG00000147027.nuc.ord.aln,ENSG00000147027.nuc.ord.tre,0.275130
ENSG00000147036.nuc.ord.aln,ENSG00000147036.nuc.ord.tre,0.357526
ENSG00000147041.nuc.ord.aln,ENSG00000147041.nuc.ord.tre,0.665612
ENSG00000147044.nuc.ord.aln,ENSG00000147044.nuc.ord.tre,0.885502
ENSG00000147065.nuc.ord.aln,ENSG00000147065.nuc.ord.tre,0.710501
ENSG00000147082.nuc.ord.aln,ENSG00000147082.nuc.ord.tre,3.095342
ENSG00000147099.nuc.ord.aln,ENSG00000147099.nuc.ord.tre,0.402622
ENSG00000147100.nuc.ord.aln,ENSG00000147100.nuc.ord.tre,0.675239
ENSG00000147113.nuc.ord.aln,ENSG00000147113.nuc.ord.tre,0.394711
ENSG00000147130.nuc.ord.aln,ENSG00000147130.nuc.ord.tre,1.511986
ENSG00000147144.nuc.ord.aln,ENSG00000147144.nuc.ord.tre,0.533868
ENSG00000147155.nuc.ord.aln,ENSG00000147155.nuc.ord.tre,0.288082
ENSG00000147162.nuc.ord.aln,ENSG00000147162.nuc.ord.tre,0.632327
ENSG00000147168.nuc.ord.aln,ENSG00000147168.nuc.ord.tre,0.455572
ENSG00000154589.nuc.ord.aln,ENSG00000154589.nuc.ord.tre,0.264134
ENSG00000147180.nuc.ord.aln,ENSG00000147180.nuc.ord.tre,0.691539
ENSG00000147202.nuc.ord.aln,ENSG00000147202.nuc.ord.tre,1.199984
ENSG00000147231.nuc.ord.aln,ENSG00000147231.nuc.ord.tre,0.591822
ENSG00000147234.nuc.ord.aln,ENSG00000147234.nuc.ord.tre,1.777337
ENSG00000147246.nuc.ord.aln,ENSG00000147246.nuc.ord.tre,0.343854
ENSG00000147251.nuc.ord.aln,ENSG00000147251.nuc.ord.tre,3.151217
ENSG00000147256.nuc.ord.aln,ENSG00000147256.nuc.ord.tre,0.509441
ENSG00000147257.nuc.ord.aln,ENSG00000147257.nuc.ord.tre,0.563920
ENSG00000147262.nuc.ord.aln,ENSG00000147262.nuc.ord.tre,0.312173
ENSG00000147324.nuc.ord.aln,ENSG00000147324.nuc.ord.tre,0.908432
ENSG00000147364.nuc.ord.aln,ENSG00000147364.nuc.ord.tre,0.470979
ENSG00000147383.nuc.ord.aln,ENSG00000147383.nuc.ord.tre,0.371979
ENSG00000147408.nuc.ord.aln,ENSG00000147408.nuc.ord.tre,0.522887
ENSG00000147416.nuc.ord.aln,ENSG00000147416.nuc.ord.tre,0.472093
ENSG00000147421.nuc.ord.aln,ENSG00000147421.nuc.ord.tre,0.433613
ENSG00000147432.nuc.ord.aln,ENSG00000147432.nuc.ord.tre,0.392941
ENSG00000147434.nuc.ord.aln,ENSG00000147434.nuc.ord.tre,0.378081
ENSG00000147437.nuc.ord.aln,ENSG00000147437.nuc.ord.tre,0.225452
ENSG00000147439.nuc.ord.aln,ENSG00000147439.nuc.ord.tre,0.311064
ENSG00000147454.nuc.ord.aln,ENSG00000147454.nuc.ord.tre,0.424166
ENSG00000147457.nuc.ord.aln,ENSG00000147457.nuc.ord.tre,0.412115
ENSG00000147459.nuc.ord.aln,ENSG00000147459.nuc.ord.tre,3.197098
ENSG00000147465.nuc.ord.aln,ENSG00000147465.nuc.ord.tre,0.349883
ENSG00000147471.nuc.ord.aln,ENSG00000147471.nuc.ord.tre,0.428272
ENSG00000147475.nuc.ord.aln,ENSG00000147475.nuc.ord.tre,0.418631
ENSG00000147481.nuc.ord.aln,ENSG00000147481.nuc.ord.tre,0.484129
ENSG00000147488.nuc.ord.aln,ENSG00000147488.nuc.ord.tre,1.231994
ENSG00000147507.nuc.ord.aln,ENSG00000147507.nuc.ord.tre,0.596294
ENSG00000147509.nuc.ord.aln,ENSG00000147509.nuc.ord.tre,0.357755
ENSG00000147526.nuc.ord.aln,ENSG00000147526.nuc.ord.tre,0.757413
ENSG00000147533.nuc.ord.aln,ENSG00000147533.nuc.ord.tre,0.199429
ENSG00000147535.nuc.ord.aln,ENSG00000147535.nuc.ord.tre,0.302764
ENSG00000147536.nuc.ord.aln,ENSG00000147536.nuc.ord.tre,0.335478
ENSG00000147548.nuc.ord.aln,ENSG00000147548.nuc.ord.tre,1.839180
ENSG00000153914.nuc.ord.aln,ENSG00000153914.nuc.ord.tre,0.790812
ENSG00000153922.nuc.ord.aln,ENSG00000153922.nuc.ord.tre,2.384779
ENSG00000153930.nuc.ord.aln,ENSG00000153930.nuc.ord.tre,0.744559
ENSG00000153933.nuc.ord.aln,ENSG00000153933.nuc.ord.tre,0.504489
ENSG00000153936.nuc.ord.aln,ENSG00000153936.nuc.ord.tre,0.391664
ENSG00000153944.nuc.ord.aln,ENSG00000153944.nuc.ord.tre,0.422454
ENSG00000153956.nuc.ord.aln,ENSG00000153956.nuc.ord.tre,1.128169
ENSG00000153975.nuc.ord.aln,ENSG00000153975.nuc.ord.tre,0.599578
ENSG00000153982.nuc.ord.aln,ENSG00000153982.nuc.ord.tre,0.392515
ENSG00000153989.nuc.ord.aln,ENSG00000153989.nuc.ord.tre,0.380899
ENSG00000153993.nuc.ord.aln,ENSG00000153993.nuc.ord.tre,0.737720
ENSG00000154001.nuc.ord.aln,ENSG00000154001.nuc.ord.tre,0.451522
ENSG00000154007.nuc.ord.aln,ENSG00000154007.nuc.ord.tre,0.329439
ENSG00000154027.nuc.ord.aln,ENSG00000154027.nuc.ord.tre,0.473382
ENSG00000154035.nuc.ord.aln,ENSG00000154035.nuc.ord.tre,0.242212
ENSG00000154040.nuc.ord.aln,ENSG00000154040.nuc.ord.tre,0.434398
ENSG00000154065.nuc.ord.aln,ENSG00000154065.nuc.ord.tre,0.421160
ENSG00000154079.nuc.ord.aln,ENSG00000154079.nuc.ord.tre,0.234872
ENSG00000154080.nuc.ord.aln,ENSG00000154080.nuc.ord.tre,0.429835
ENSG00000154096.nuc.ord.aln,ENSG00000154096.nuc.ord.tre,0.233857
ENSG00000154099.nuc.ord.aln,ENSG00000154099.nuc.ord.tre,1.071441
ENSG00000154102.nuc.ord.aln,ENSG00000154102.nuc.ord.tre,0.204882
ENSG00000154114.nuc.ord.aln,ENSG00000154114.nuc.ord.tre,0.410346
ENSG00000154122.nuc.ord.aln,ENSG00000154122.nuc.ord.tre,0.559390
ENSG00000154124.nuc.ord.aln,ENSG00000154124.nuc.ord.tre,0.401895
ENSG00000154127.nuc.ord.aln,ENSG00000154127.nuc.ord.tre,0.735361
ENSG00000154133.nuc.ord.aln,ENSG00000154133.nuc.ord.tre,1.538577
ENSG00000154134.nuc.ord.aln,ENSG00000154134.nuc.ord.tre,1.828794
ENSG00000154143.nuc.ord.aln,ENSG00000154143.nuc.ord.tre,0.362976
ENSG00000154144.nuc.ord.aln,ENSG00000154144.nuc.ord.tre,0.425700
ENSG00000154153.nuc.ord.aln,ENSG00000154153.nuc.ord.tre,0.447122
ENSG00000154162.nuc.ord.aln,ENSG00000154162.nuc.ord.tre,0.696456
ENSG00000154165.nuc.ord.aln,ENSG00000154165.nuc.ord.tre,0.289026
ENSG00000154174.nuc.ord.aln,ENSG00000154174.nuc.ord.tre,0.642911
ENSG00000154175.nuc.ord.aln,ENSG00000154175.nuc.ord.tre,2.739741
ENSG00000154188.nuc.ord.aln,ENSG00000154188.nuc.ord.tre,0.472077
ENSG00000154217.nuc.ord.aln,ENSG00000154217.nuc.ord.tre,0.564814
ENSG00000154222.nuc.ord.aln,ENSG00000154222.nuc.ord.tre,0.781098
ENSG00000154227.nuc.ord.aln,ENSG00000154227.nuc.ord.tre,0.456156
ENSG00000154229.nuc.ord.aln,ENSG00000154229.nuc.ord.tre,0.563322
ENSG00000154237.nuc.ord.aln,ENSG00000154237.nuc.ord.tre,2.761910
ENSG00000154240.nuc.ord.aln,ENSG00000154240.nuc.ord.tre,1.122824
ENSG00000154265.nuc.ord.aln,ENSG00000154265.nuc.ord.tre,1.874849
ENSG00000154269.nuc.ord.aln,ENSG00000154269.nuc.ord.tre,0.797145
ENSG00000154274.nuc.ord.aln,ENSG00000154274.nuc.ord.tre,0.296360
ENSG00000154277.nuc.ord.aln,ENSG00000154277.nuc.ord.tre,0.312160
ENSG00000154305.nuc.ord.aln,ENSG00000154305.nuc.ord.tre,2.920341
ENSG00000154309.nuc.ord.aln,ENSG00000154309.nuc.ord.tre,1.843146
ENSG00000154310.nuc.ord.aln,ENSG00000154310.nuc.ord.tre,1.880415
ENSG00000154316.nuc.ord.aln,ENSG00000154316.nuc.ord.tre,0.368121
ENSG00000154319.nuc.ord.aln,ENSG00000154319.nuc.ord.tre,0.415646
ENSG00000154328.nuc.ord.aln,ENSG00000154328.nuc.ord.tre,0.354597
ENSG00000154359.nuc.ord.aln,ENSG00000154359.nuc.ord.tre,0.980981
ENSG00000154370.nuc.ord.aln,ENSG00000154370.nuc.ord.tre,0.656277
ENSG00000154380.nuc.ord.aln,ENSG00000154380.nuc.ord.tre,0.803108
ENSG00000154415.nuc.ord.aln,ENSG00000154415.nuc.ord.tre,1.214163
ENSG00000154429.nuc.ord.aln,ENSG00000154429.nuc.ord.tre,0.338235
ENSG00000154438.nuc.ord.aln,ENSG00000154438.nuc.ord.tre,0.482584
ENSG00000154447.nuc.ord.aln,ENSG00000154447.nuc.ord.tre,0.939661
ENSG00000154479.nuc.ord.aln,ENSG00000154479.nuc.ord.tre,0.482825
ENSG00000154493.nuc.ord.aln,ENSG00000154493.nuc.ord.tre,0.976005
ENSG00000154511.nuc.ord.aln,ENSG00000154511.nuc.ord.tre,0.380219
ENSG00000154518.nuc.ord.aln,ENSG00000154518.nuc.ord.tre,0.154202
ENSG00000154548.nuc.ord.aln,ENSG00000154548.nuc.ord.tre,0.300329
ENSG00000154553.nuc.ord.aln,ENSG00000154553.nuc.ord.tre,0.416625
ENSG00000154556.nuc.ord.aln,ENSG00000154556.nuc.ord.tre,1.503889
ENSG00000147570.nuc.ord.aln,ENSG00000147570.nuc.ord.tre,0.479245
ENSG00000148824.nuc.ord.aln,ENSG00000148824.nuc.ord.tre,0.344148
ENSG00000148826.nuc.ord.aln,ENSG00000148826.nuc.ord.tre,0.181126
ENSG00000148835.nuc.ord.aln,ENSG00000148835.nuc.ord.tre,0.879716
ENSG00000148840.nuc.ord.aln,ENSG00000148840.nuc.ord.tre,2.343358
ENSG00000148842.nuc.ord.aln,ENSG00000148842.nuc.ord.tre,0.635788
ENSG00000148843.nuc.ord.aln,ENSG00000148843.nuc.ord.tre,2.499524
ENSG00000148848.nuc.ord.aln,ENSG00000148848.nuc.ord.tre,0.788161
ENSG00000148908.nuc.ord.aln,ENSG00000148908.nuc.ord.tre,0.328881
ENSG00000148925.nuc.ord.aln,ENSG00000148925.nuc.ord.tre,0.466705
ENSG00000148926.nuc.ord.aln,ENSG00000148926.nuc.ord.tre,0.315894
ENSG00000148935.nuc.ord.aln,ENSG00000148935.nuc.ord.tre,0.374074
ENSG00000148942.nuc.ord.aln,ENSG00000148942.nuc.ord.tre,0.605615
ENSG00000148943.nuc.ord.aln,ENSG00000148943.nuc.ord.tre,0.329938
ENSG00000148948.nuc.ord.aln,ENSG00000148948.nuc.ord.tre,0.388707
ENSG00000149084.nuc.ord.aln,ENSG00000149084.nuc.ord.tre,0.502839
ENSG00000149089.nuc.ord.aln,ENSG00000149089.nuc.ord.tre,0.348720
ENSG00000149090.nuc.ord.aln,ENSG00000149090.nuc.ord.tre,0.658017
ENSG00000149091.nuc.ord.aln,ENSG00000149091.nuc.ord.tre,1.456349
ENSG00000149115.nuc.ord.aln,ENSG00000149115.nuc.ord.tre,1.737281
ENSG00000149131.nuc.ord.aln,ENSG00000149131.nuc.ord.tre,0.541581
ENSG00000149150.nuc.ord.aln,ENSG00000149150.nuc.ord.tre,0.624122
ENSG00000149177.nuc.ord.aln,ENSG00000149177.nuc.ord.tre,1.989422
ENSG00000149179.nuc.ord.aln,ENSG00000149179.nuc.ord.tre,0.413939
ENSG00000149187.nuc.ord.aln,ENSG00000149187.nuc.ord.tre,0.503142
ENSG00000149196.nuc.ord.aln,ENSG00000149196.nuc.ord.tre,0.348477
ENSG00000149201.nuc.ord.aln,ENSG00000149201.nuc.ord.tre,0.558726
ENSG00000149212.nuc.ord.aln,ENSG00000149212.nuc.ord.tre,0.490795
ENSG00000149218.nuc.ord.aln,ENSG00000149218.nuc.ord.tre,0.369285
ENSG00000152953.nuc.ord.aln,ENSG00000152953.nuc.ord.tre,0.361465
ENSG00000152954.nuc.ord.aln,ENSG00000152954.nuc.ord.tre,0.282425
ENSG00000152969.nuc.ord.aln,ENSG00000152969.nuc.ord.tre,0.810568
ENSG00000152990.nuc.ord.aln,ENSG00000152990.nuc.ord.tre,1.729026
ENSG00000153002.nuc.ord.aln,ENSG00000153002.nuc.ord.tre,0.413359
ENSG00000153006.nuc.ord.aln,ENSG00000153006.nuc.ord.tre,0.329665
ENSG00000153012.nuc.ord.aln,ENSG00000153012.nuc.ord.tre,0.466602
ENSG00000153015.nuc.ord.aln,ENSG00000153015.nuc.ord.tre,0.420487
ENSG00000153029.nuc.ord.aln,ENSG00000153029.nuc.ord.tre,0.289026
ENSG00000153037.nuc.ord.aln,ENSG00000153037.nuc.ord.tre,0.226960
ENSG00000153044.nuc.ord.aln,ENSG00000153044.nuc.ord.tre,0.318616
ENSG00000153048.nuc.ord.aln,ENSG00000153048.nuc.ord.tre,0.249898
ENSG00000153060.nuc.ord.aln,ENSG00000153060.nuc.ord.tre,0.457909
ENSG00000153064.nuc.ord.aln,ENSG00000153064.nuc.ord.tre,0.428933
ENSG00000153066.nuc.ord.aln,ENSG00000153066.nuc.ord.tre,1.118561
ENSG00000153071.nuc.ord.aln,ENSG00000153071.nuc.ord.tre,0.734180
ENSG00000153086.nuc.ord.aln,ENSG00000153086.nuc.ord.tre,0.408700
ENSG00000153093.nuc.ord.aln,ENSG00000153093.nuc.ord.tre,0.605772
ENSG00000153113.nuc.ord.aln,ENSG00000153113.nuc.ord.tre,0.829104
ENSG00000153132.nuc.ord.aln,ENSG00000153132.nuc.ord.tre,0.509796
ENSG00000153140.nuc.ord.aln,ENSG00000153140.nuc.ord.tre,0.427927
ENSG00000153147.nuc.ord.aln,ENSG00000153147.nuc.ord.tre,1.078377
ENSG00000153157.nuc.ord.aln,ENSG00000153157.nuc.ord.tre,0.864520
ENSG00000153162.nuc.ord.aln,ENSG00000153162.nuc.ord.tre,0.351846
ENSG00000153179.nuc.ord.aln,ENSG00000153179.nuc.ord.tre,0.277548
ENSG00000153187.nuc.ord.aln,ENSG00000153187.nuc.ord.tre,0.796819
ENSG00000153207.nuc.ord.aln,ENSG00000153207.nuc.ord.tre,4.046566
ENSG00000153208.nuc.ord.aln,ENSG00000153208.nuc.ord.tre,1.063572
ENSG00000153214.nuc.ord.aln,ENSG00000153214.nuc.ord.tre,0.638128
ENSG00000153233.nuc.ord.aln,ENSG00000153233.nuc.ord.tre,0.640440
ENSG00000153234.nuc.ord.aln,ENSG00000153234.nuc.ord.tre,0.532397
ENSG00000153237.nuc.ord.aln,ENSG00000153237.nuc.ord.tre,0.536823
ENSG00000153246.nuc.ord.aln,ENSG00000153246.nuc.ord.tre,2.050308
ENSG00000153250.nuc.ord.aln,ENSG00000153250.nuc.ord.tre,0.592051
ENSG00000153253.nuc.ord.aln,ENSG00000153253.nuc.ord.tre,3.140485
ENSG00000153283.nuc.ord.aln,ENSG00000153283.nuc.ord.tre,0.498517
ENSG00000153291.nuc.ord.aln,ENSG00000153291.nuc.ord.tre,0.364398
ENSG00000153292.nuc.ord.aln,ENSG00000153292.nuc.ord.tre,0.785526
ENSG00000153294.nuc.ord.aln,ENSG00000153294.nuc.ord.tre,0.632104
ENSG00000153310.nuc.ord.aln,ENSG00000153310.nuc.ord.tre,0.339279
ENSG00000153317.nuc.ord.aln,ENSG00000153317.nuc.ord.tre,1.132987
ENSG00000153339.nuc.ord.aln,ENSG00000153339.nuc.ord.tre,1.475826
ENSG00000153347.nuc.ord.aln,ENSG00000153347.nuc.ord.tre,0.489897
ENSG00000153406.nuc.ord.aln,ENSG00000153406.nuc.ord.tre,0.379130
ENSG00000153446.nuc.ord.aln,ENSG00000153446.nuc.ord.tre,0.358738
ENSG00000153485.nuc.ord.aln,ENSG00000153485.nuc.ord.tre,0.234616
ENSG00000153531.nuc.ord.aln,ENSG00000153531.nuc.ord.tre,0.271629
ENSG00000153558.nuc.ord.aln,ENSG00000153558.nuc.ord.tre,0.376437
ENSG00000153560.nuc.ord.aln,ENSG00000153560.nuc.ord.tre,0.550876
ENSG00000153561.nuc.ord.aln,ENSG00000153561.nuc.ord.tre,0.441544
ENSG00000153563.nuc.ord.aln,ENSG00000153563.nuc.ord.tre,0.337243
ENSG00000153574.nuc.ord.aln,ENSG00000153574.nuc.ord.tre,0.360206
ENSG00000153575.nuc.ord.aln,ENSG00000153575.nuc.ord.tre,1.012073
ENSG00000153707.nuc.ord.aln,ENSG00000153707.nuc.ord.tre,2.506030
ENSG00000153714.nuc.ord.aln,ENSG00000153714.nuc.ord.tre,0.308602
ENSG00000153721.nuc.ord.aln,ENSG00000153721.nuc.ord.tre,0.513237
ENSG00000153767.nuc.ord.aln,ENSG00000153767.nuc.ord.tre,0.397370
ENSG00000153774.nuc.ord.aln,ENSG00000153774.nuc.ord.tre,0.371683
ENSG00000153786.nuc.ord.aln,ENSG00000153786.nuc.ord.tre,0.416168
ENSG00000153789.nuc.ord.aln,ENSG00000153789.nuc.ord.tre,0.445869
ENSG00000153790.nuc.ord.aln,ENSG00000153790.nuc.ord.tre,0.529629
ENSG00000153802.nuc.ord.aln,ENSG00000153802.nuc.ord.tre,0.439517
ENSG00000153807.nuc.ord.aln,ENSG00000153807.nuc.ord.tre,0.309215
ENSG00000153814.nuc.ord.aln,ENSG00000153814.nuc.ord.tre,0.366220
ENSG00000153815.nuc.ord.aln,ENSG00000153815.nuc.ord.tre,0.662307
ENSG00000153820.nuc.ord.aln,ENSG00000153820.nuc.ord.tre,2.543476
ENSG00000153823.nuc.ord.aln,ENSG00000153823.nuc.ord.tre,0.442540
ENSG00000153827.nuc.ord.aln,ENSG00000153827.nuc.ord.tre,3.263197
ENSG00000153832.nuc.ord.aln,ENSG00000153832.nuc.ord.tre,0.300384
ENSG00000153898.nuc.ord.aln,ENSG00000153898.nuc.ord.tre,0.483572
ENSG00000153904.nuc.ord.aln,ENSG00000153904.nuc.ord.tre,0.387064
ENSG00000147571.nuc.ord.aln,ENSG00000147571.nuc.ord.tre,0.248397
ENSG00000147573.nuc.ord.aln,ENSG00000147573.nuc.ord.tre,0.656281
ENSG00000147576.nuc.ord.aln,ENSG00000147576.nuc.ord.tre,0.464135
ENSG00000147586.nuc.ord.aln,ENSG00000147586.nuc.ord.tre,0.335219
ENSG00000147588.nuc.ord.aln,ENSG00000147588.nuc.ord.tre,0.254416
ENSG00000147592.nuc.ord.aln,ENSG00000147592.nuc.ord.tre,0.394810
ENSG00000147596.nuc.ord.aln,ENSG00000147596.nuc.ord.tre,0.585211
ENSG00000147606.nuc.ord.aln,ENSG00000147606.nuc.ord.tre,0.653688
ENSG00000147614.nuc.ord.aln,ENSG00000147614.nuc.ord.tre,0.463920
ENSG00000147642.nuc.ord.aln,ENSG00000147642.nuc.ord.tre,0.959348
ENSG00000147647.nuc.ord.aln,ENSG00000147647.nuc.ord.tre,0.531638
ENSG00000147649.nuc.ord.aln,ENSG00000147649.nuc.ord.tre,0.535875
ENSG00000147650.nuc.ord.aln,ENSG00000147650.nuc.ord.tre,0.854609
ENSG00000147654.nuc.ord.aln,ENSG00000147654.nuc.ord.tre,0.387640
ENSG00000147655.nuc.ord.aln,ENSG00000147655.nuc.ord.tre,0.365029
ENSG00000147676.nuc.ord.aln,ENSG00000147676.nuc.ord.tre,0.319004
ENSG00000147677.nuc.ord.aln,ENSG00000147677.nuc.ord.tre,0.391237
ENSG00000147679.nuc.ord.aln,ENSG00000147679.nuc.ord.tre,0.368196
ENSG00000147684.nuc.ord.aln,ENSG00000147684.nuc.ord.tre,0.290462
ENSG00000147687.nuc.ord.aln,ENSG00000147687.nuc.ord.tre,0.393335
ENSG00000147689.nuc.ord.aln,ENSG00000147689.nuc.ord.tre,0.393775
ENSG00000147724.nuc.ord.aln,ENSG00000147724.nuc.ord.tre,2.602733
ENSG00000147799.nuc.ord.aln,ENSG00000147799.nuc.ord.tre,0.997950
ENSG00000147852.nuc.ord.aln,ENSG00000147852.nuc.ord.tre,0.962945
ENSG00000147854.nuc.ord.aln,ENSG00000147854.nuc.ord.tre,0.847839
ENSG00000147862.nuc.ord.aln,ENSG00000147862.nuc.ord.tre,0.491638
ENSG00000147869.nuc.ord.aln,ENSG00000147869.nuc.ord.tre,0.328626
ENSG00000147872.nuc.ord.aln,ENSG00000147872.nuc.ord.tre,0.451617
ENSG00000147874.nuc.ord.aln,ENSG00000147874.nuc.ord.tre,0.995411
ENSG00000147883.nuc.ord.aln,ENSG00000147883.nuc.ord.tre,0.109611
ENSG00000147894.nuc.ord.aln,ENSG00000147894.nuc.ord.tre,0.467569
ENSG00000147896.nuc.ord.aln,ENSG00000147896.nuc.ord.tre,0.223509
ENSG00000147905.nuc.ord.aln,ENSG00000147905.nuc.ord.tre,0.483914
ENSG00000147912.nuc.ord.aln,ENSG00000147912.nuc.ord.tre,0.932782
ENSG00000147955.nuc.ord.aln,ENSG00000147955.nuc.ord.tre,0.278012
ENSG00000148019.nuc.ord.aln,ENSG00000148019.nuc.ord.tre,0.801517
ENSG00000148053.nuc.ord.aln,ENSG00000148053.nuc.ord.tre,0.824687
ENSG00000148057.nuc.ord.aln,ENSG00000148057.nuc.ord.tre,0.298084
ENSG00000148082.nuc.ord.aln,ENSG00000148082.nuc.ord.tre,0.580402
ENSG00000148090.nuc.ord.aln,ENSG00000148090.nuc.ord.tre,0.367601
ENSG00000148120.nuc.ord.aln,ENSG00000148120.nuc.ord.tre,0.790439
ENSG00000148143.nuc.ord.aln,ENSG00000148143.nuc.ord.tre,3.818541
ENSG00000148153.nuc.ord.aln,ENSG00000148153.nuc.ord.tre,0.325384
ENSG00000148154.nuc.ord.aln,ENSG00000148154.nuc.ord.tre,0.423592
ENSG00000148158.nuc.ord.aln,ENSG00000148158.nuc.ord.tre,0.405235
ENSG00000148180.nuc.ord.aln,ENSG00000148180.nuc.ord.tre,0.724095
ENSG00000148200.nuc.ord.aln,ENSG00000148200.nuc.ord.tre,0.438135
ENSG00000148218.nuc.ord.aln,ENSG00000148218.nuc.ord.tre,0.365950
ENSG00000148219.nuc.ord.aln,ENSG00000148219.nuc.ord.tre,1.574341
ENSG00000148225.nuc.ord.aln,ENSG00000148225.nuc.ord.tre,0.393592
ENSG00000148229.nuc.ord.aln,ENSG00000148229.nuc.ord.tre,0.220446
ENSG00000148248.nuc.ord.aln,ENSG00000148248.nuc.ord.tre,0.247458
ENSG00000148288.nuc.ord.aln,ENSG00000148288.nuc.ord.tre,0.281273
ENSG00000148290.nuc.ord.aln,ENSG00000148290.nuc.ord.tre,0.706482
ENSG00000148296.nuc.ord.aln,ENSG00000148296.nuc.ord.tre,0.300027
ENSG00000148300.nuc.ord.aln,ENSG00000148300.nuc.ord.tre,0.503055
ENSG00000148308.nuc.ord.aln,ENSG00000148308.nuc.ord.tre,0.435300
ENSG00000148331.nuc.ord.aln,ENSG00000148331.nuc.ord.tre,0.389678
ENSG00000148334.nuc.ord.aln,ENSG00000148334.nuc.ord.tre,0.322892
ENSG00000148335.nuc.ord.aln,ENSG00000148335.nuc.ord.tre,0.280524
ENSG00000148339.nuc.ord.aln,ENSG00000148339.nuc.ord.tre,0.589340
ENSG00000148343.nuc.ord.aln,ENSG00000148343.nuc.ord.tre,0.606097
ENSG00000148344.nuc.ord.aln,ENSG00000148344.nuc.ord.tre,0.212229
ENSG00000148356.nuc.ord.aln,ENSG00000148356.nuc.ord.tre,0.664924
ENSG00000148358.nuc.ord.aln,ENSG00000148358.nuc.ord.tre,0.761189
ENSG00000148362.nuc.ord.aln,ENSG00000148362.nuc.ord.tre,0.246527
ENSG00000148384.nuc.ord.aln,ENSG00000148384.nuc.ord.tre,0.453994
ENSG00000148396.nuc.ord.aln,ENSG00000148396.nuc.ord.tre,4.096396
ENSG00000148399.nuc.ord.aln,ENSG00000148399.nuc.ord.tre,0.515475
ENSG00000148400.nuc.ord.aln,ENSG00000148400.nuc.ord.tre,3.920092
ENSG00000148408.nuc.ord.aln,ENSG00000148408.nuc.ord.tre,5.532220
ENSG00000148426.nuc.ord.aln,ENSG00000148426.nuc.ord.tre,0.355339
ENSG00000148429.nuc.ord.aln,ENSG00000148429.nuc.ord.tre,0.796688
ENSG00000148444.nuc.ord.aln,ENSG00000148444.nuc.ord.tre,0.323363
ENSG00000148459.nuc.ord.aln,ENSG00000148459.nuc.ord.tre,0.451897
ENSG00000148468.nuc.ord.aln,ENSG00000148468.nuc.ord.tre,0.818636
ENSG00000148481.nuc.ord.aln,ENSG00000148481.nuc.ord.tre,0.441365
ENSG00000148482.nuc.ord.aln,ENSG00000148482.nuc.ord.tre,0.635874
ENSG00000148488.nuc.ord.aln,ENSG00000148488.nuc.ord.tre,0.403216
ENSG00000148498.nuc.ord.aln,ENSG00000148498.nuc.ord.tre,1.786338
ENSG00000148516.nuc.ord.aln,ENSG00000148516.nuc.ord.tre,1.217145
ENSG00000148541.nuc.ord.aln,ENSG00000148541.nuc.ord.tre,0.595787
ENSG00000148572.nuc.ord.aln,ENSG00000148572.nuc.ord.tre,0.367076
ENSG00000148584.nuc.ord.aln,ENSG00000148584.nuc.ord.tre,0.641399
ENSG00000148602.nuc.ord.aln,ENSG00000148602.nuc.ord.tre,0.595169
ENSG00000148604.nuc.ord.aln,ENSG00000148604.nuc.ord.tre,0.442852
ENSG00000148606.nuc.ord.aln,ENSG00000148606.nuc.ord.tre,1.532750
ENSG00000148634.nuc.ord.aln,ENSG00000148634.nuc.ord.tre,0.942915
ENSG00000148655.nuc.ord.aln,ENSG00000148655.nuc.ord.tre,0.402258
ENSG00000148660.nuc.ord.aln,ENSG00000148660.nuc.ord.tre,0.626909
ENSG00000148680.nuc.ord.aln,ENSG00000148680.nuc.ord.tre,0.459838
ENSG00000148688.nuc.ord.aln,ENSG00000148688.nuc.ord.tre,0.367122
ENSG00000148690.nuc.ord.aln,ENSG00000148690.nuc.ord.tre,0.398292
ENSG00000148700.nuc.ord.aln,ENSG00000148700.nuc.ord.tre,0.635361
ENSG00000148702.nuc.ord.aln,ENSG00000148702.nuc.ord.tre,0.528342
ENSG00000148730.nuc.ord.aln,ENSG00000148730.nuc.ord.tre,0.262543
ENSG00000148735.nuc.ord.aln,ENSG00000148735.nuc.ord.tre,0.586506
ENSG00000148737.nuc.ord.aln,ENSG00000148737.nuc.ord.tre,0.757416
ENSG00000148795.nuc.ord.aln,ENSG00000148795.nuc.ord.tre,0.423221
ENSG00000148798.nuc.ord.aln,ENSG00000148798.nuc.ord.tre,0.311450
ENSG00000149231.nuc.ord.aln,ENSG00000149231.nuc.ord.tre,0.562712
ENSG00000149256.nuc.ord.aln,ENSG00000149256.nuc.ord.tre,4.626903
ENSG00000149257.nuc.ord.aln,ENSG00000149257.nuc.ord.tre,0.366888
ENSG00000149262.nuc.ord.aln,ENSG00000149262.nuc.ord.tre,0.924073
ENSG00000149269.nuc.ord.aln,ENSG00000149269.nuc.ord.tre,0.517222
ENSG00000149273.nuc.ord.aln,ENSG00000149273.nuc.ord.tre,0.275486
ENSG00000149289.nuc.ord.aln,ENSG00000149289.nuc.ord.tre,0.841441
ENSG00000149292.nuc.ord.aln,ENSG00000149292.nuc.ord.tre,0.722282
ENSG00000149294.nuc.ord.aln,ENSG00000149294.nuc.ord.tre,1.229497
ENSG00000149295.nuc.ord.aln,ENSG00000149295.nuc.ord.tre,0.454329
ENSG00000149300.nuc.ord.aln,ENSG00000149300.nuc.ord.tre,0.254133
ENSG00000149305.nuc.ord.aln,ENSG00000149305.nuc.ord.tre,0.445263
ENSG00000149308.nuc.ord.aln,ENSG00000149308.nuc.ord.tre,1.608886
ENSG00000151917.nuc.ord.aln,ENSG00000151917.nuc.ord.tre,0.329757
ENSG00000151923.nuc.ord.aln,ENSG00000151923.nuc.ord.tre,0.442885
ENSG00000151929.nuc.ord.aln,ENSG00000151929.nuc.ord.tre,0.534436
ENSG00000151948.nuc.ord.aln,ENSG00000151948.nuc.ord.tre,0.372099
ENSG00000151952.nuc.ord.aln,ENSG00000151952.nuc.ord.tre,0.963361
ENSG00000151962.nuc.ord.aln,ENSG00000151962.nuc.ord.tre,0.455171
ENSG00000152022.nuc.ord.aln,ENSG00000152022.nuc.ord.tre,0.368606
ENSG00000152049.nuc.ord.aln,ENSG00000152049.nuc.ord.tre,0.315316
ENSG00000152056.nuc.ord.aln,ENSG00000152056.nuc.ord.tre,0.295095
ENSG00000152061.nuc.ord.aln,ENSG00000152061.nuc.ord.tre,0.684806
ENSG00000152078.nuc.ord.aln,ENSG00000152078.nuc.ord.tre,0.358138
ENSG00000152092.nuc.ord.aln,ENSG00000152092.nuc.ord.tre,1.430955
ENSG00000152102.nuc.ord.aln,ENSG00000152102.nuc.ord.tre,0.362538
ENSG00000152104.nuc.ord.aln,ENSG00000152104.nuc.ord.tre,1.232399
ENSG00000152127.nuc.ord.aln,ENSG00000152127.nuc.ord.tre,0.741671
ENSG00000152128.nuc.ord.aln,ENSG00000152128.nuc.ord.tre,0.386103
ENSG00000152133.nuc.ord.aln,ENSG00000152133.nuc.ord.tre,0.548411
ENSG00000152147.nuc.ord.aln,ENSG00000152147.nuc.ord.tre,0.266217
ENSG00000152154.nuc.ord.aln,ENSG00000152154.nuc.ord.tre,0.342846
ENSG00000152193.nuc.ord.aln,ENSG00000152193.nuc.ord.tre,0.601950
ENSG00000152208.nuc.ord.aln,ENSG00000152208.nuc.ord.tre,0.860213
ENSG00000152213.nuc.ord.aln,ENSG00000152213.nuc.ord.tre,0.155021
ENSG00000152214.nuc.ord.aln,ENSG00000152214.nuc.ord.tre,0.278819
ENSG00000152217.nuc.ord.aln,ENSG00000152217.nuc.ord.tre,1.965520
ENSG00000152219.nuc.ord.aln,ENSG00000152219.nuc.ord.tre,0.327972
ENSG00000152223.nuc.ord.aln,ENSG00000152223.nuc.ord.tre,3.855531
ENSG00000152240.nuc.ord.aln,ENSG00000152240.nuc.ord.tre,0.350908
ENSG00000152242.nuc.ord.aln,ENSG00000152242.nuc.ord.tre,0.437748
ENSG00000152253.nuc.ord.aln,ENSG00000152253.nuc.ord.tre,0.340636
ENSG00000152254.nuc.ord.aln,ENSG00000152254.nuc.ord.tre,0.380165
ENSG00000152256.nuc.ord.aln,ENSG00000152256.nuc.ord.tre,0.475645
ENSG00000152266.nuc.ord.aln,ENSG00000152266.nuc.ord.tre,0.234623
ENSG00000152268.nuc.ord.aln,ENSG00000152268.nuc.ord.tre,0.773766
ENSG00000152270.nuc.ord.aln,ENSG00000152270.nuc.ord.tre,1.394886
ENSG00000152292.nuc.ord.aln,ENSG00000152292.nuc.ord.tre,0.380641
ENSG00000152315.nuc.ord.aln,ENSG00000152315.nuc.ord.tre,0.309914
ENSG00000152348.nuc.ord.aln,ENSG00000152348.nuc.ord.tre,0.334982
ENSG00000152359.nuc.ord.aln,ENSG00000152359.nuc.ord.tre,0.692377
ENSG00000152377.nuc.ord.aln,ENSG00000152377.nuc.ord.tre,0.440230
ENSG00000152380.nuc.ord.aln,ENSG00000152380.nuc.ord.tre,0.371309
ENSG00000152382.nuc.ord.aln,ENSG00000152382.nuc.ord.tre,0.392662
ENSG00000152409.nuc.ord.aln,ENSG00000152409.nuc.ord.tre,1.121090
ENSG00000152413.nuc.ord.aln,ENSG00000152413.nuc.ord.tre,0.442647
ENSG00000152422.nuc.ord.aln,ENSG00000152422.nuc.ord.tre,0.369768
ENSG00000152428.nuc.ord.aln,ENSG00000152428.nuc.ord.tre,0.342495
ENSG00000152430.nuc.ord.aln,ENSG00000152430.nuc.ord.tre,0.403790
ENSG00000152455.nuc.ord.aln,ENSG00000152455.nuc.ord.tre,0.401373
ENSG00000152457.nuc.ord.aln,ENSG00000152457.nuc.ord.tre,0.797233
ENSG00000152463.nuc.ord.aln,ENSG00000152463.nuc.ord.tre,0.283177
ENSG00000152464.nuc.ord.aln,ENSG00000152464.nuc.ord.tre,0.221550
ENSG00000152465.nuc.ord.aln,ENSG00000152465.nuc.ord.tre,0.636379
ENSG00000152492.nuc.ord.aln,ENSG00000152492.nuc.ord.tre,0.716946
ENSG00000152495.nuc.ord.aln,ENSG00000152495.nuc.ord.tre,0.517483
ENSG00000152503.nuc.ord.aln,ENSG00000152503.nuc.ord.tre,0.712505
ENSG00000152520.nuc.ord.aln,ENSG00000152520.nuc.ord.tre,0.705291
ENSG00000152527.nuc.ord.aln,ENSG00000152527.nuc.ord.tre,1.988481
ENSG00000152556.nuc.ord.aln,ENSG00000152556.nuc.ord.tre,0.850501
ENSG00000152558.nuc.ord.aln,ENSG00000152558.nuc.ord.tre,0.281526
ENSG00000152578.nuc.ord.aln,ENSG00000152578.nuc.ord.tre,0.814790
ENSG00000152583.nuc.ord.aln,ENSG00000152583.nuc.ord.tre,0.535460
ENSG00000152592.nuc.ord.aln,ENSG00000152592.nuc.ord.tre,0.947155
ENSG00000152595.nuc.ord.aln,ENSG00000152595.nuc.ord.tre,0.442136
ENSG00000152601.nuc.ord.aln,ENSG00000152601.nuc.ord.tre,0.426619
ENSG00000152620.nuc.ord.aln,ENSG00000152620.nuc.ord.tre,0.478058
ENSG00000152669.nuc.ord.aln,ENSG00000152669.nuc.ord.tre,0.335154
ENSG00000152670.nuc.ord.aln,ENSG00000152670.nuc.ord.tre,0.779763
ENSG00000152672.nuc.ord.aln,ENSG00000152672.nuc.ord.tre,0.455479
ENSG00000152684.nuc.ord.aln,ENSG00000152684.nuc.ord.tre,0.233496
ENSG00000152689.nuc.ord.aln,ENSG00000152689.nuc.ord.tre,0.625049
ENSG00000152700.nuc.ord.aln,ENSG00000152700.nuc.ord.tre,0.246195
ENSG00000152705.nuc.ord.aln,ENSG00000152705.nuc.ord.tre,0.382159
ENSG00000152749.nuc.ord.aln,ENSG00000152749.nuc.ord.tre,0.407218
ENSG00000152760.nuc.ord.aln,ENSG00000152760.nuc.ord.tre,0.313228
ENSG00000152763.nuc.ord.aln,ENSG00000152763.nuc.ord.tre,0.789711
ENSG00000152767.nuc.ord.aln,ENSG00000152767.nuc.ord.tre,1.323018
ENSG00000152782.nuc.ord.aln,ENSG00000152782.nuc.ord.tre,0.616732
ENSG00000152784.nuc.ord.aln,ENSG00000152784.nuc.ord.tre,0.547496
ENSG00000152804.nuc.ord.aln,ENSG00000152804.nuc.ord.tre,0.324560
ENSG00000152818.nuc.ord.aln,ENSG00000152818.nuc.ord.tre,8.140601
ENSG00000152822.nuc.ord.aln,ENSG00000152822.nuc.ord.tre,1.056034
ENSG00000152894.nuc.ord.aln,ENSG00000152894.nuc.ord.tre,1.567792
ENSG00000152904.nuc.ord.aln,ENSG00000152904.nuc.ord.tre,0.467674
ENSG00000152932.nuc.ord.aln,ENSG00000152932.nuc.ord.tre,0.346522
ENSG00000152936.nuc.ord.aln,ENSG00000152936.nuc.ord.tre,0.432403
ENSG00000152939.nuc.ord.aln,ENSG00000152939.nuc.ord.tre,0.478189
ENSG00000152942.nuc.ord.aln,ENSG00000152942.nuc.ord.tre,0.639955
ENSG00000152952.nuc.ord.aln,ENSG00000152952.nuc.ord.tre,0.712327
ENSG00000149311.nuc.ord.aln,ENSG00000149311.nuc.ord.tre,5.781830
ENSG00000149313.nuc.ord.aln,ENSG00000149313.nuc.ord.tre,0.395843
ENSG00000149346.nuc.ord.aln,ENSG00000149346.nuc.ord.tre,0.428389
ENSG00000149403.nuc.ord.aln,ENSG00000149403.nuc.ord.tre,1.050891
ENSG00000149418.nuc.ord.aln,ENSG00000149418.nuc.ord.tre,0.679983
ENSG00000149428.nuc.ord.aln,ENSG00000149428.nuc.ord.tre,1.013711
ENSG00000149452.nuc.ord.aln,ENSG00000149452.nuc.ord.tre,0.434466
ENSG00000149474.nuc.ord.aln,ENSG00000149474.nuc.ord.tre,0.935236
ENSG00000149476.nuc.ord.aln,ENSG00000149476.nuc.ord.tre,0.458285
ENSG00000149483.nuc.ord.aln,ENSG00000149483.nuc.ord.tre,0.353969
ENSG00000149485.nuc.ord.aln,ENSG00000149485.nuc.ord.tre,0.384183
ENSG00000149488.nuc.ord.aln,ENSG00000149488.nuc.ord.tre,0.939816
ENSG00000149489.nuc.ord.aln,ENSG00000149489.nuc.ord.tre,0.286917
ENSG00000149503.nuc.ord.aln,ENSG00000149503.nuc.ord.tre,1.279555
ENSG00000149506.nuc.ord.aln,ENSG00000149506.nuc.ord.tre,0.475702
ENSG00000149516.nuc.ord.aln,ENSG00000149516.nuc.ord.tre,0.263057
ENSG00000149532.nuc.ord.aln,ENSG00000149532.nuc.ord.tre,0.606524
ENSG00000149534.nuc.ord.aln,ENSG00000149534.nuc.ord.tre,0.313802
ENSG00000149547.nuc.ord.aln,ENSG00000149547.nuc.ord.tre,0.422784
ENSG00000149548.nuc.ord.aln,ENSG00000149548.nuc.ord.tre,1.977110
ENSG00000149557.nuc.ord.aln,ENSG00000149557.nuc.ord.tre,0.435661
ENSG00000149564.nuc.ord.aln,ENSG00000149564.nuc.ord.tre,0.383385
ENSG00000149571.nuc.ord.aln,ENSG00000149571.nuc.ord.tre,0.854679
ENSG00000149573.nuc.ord.aln,ENSG00000149573.nuc.ord.tre,0.333080
ENSG00000149582.nuc.ord.aln,ENSG00000149582.nuc.ord.tre,0.423913
ENSG00000149600.nuc.ord.aln,ENSG00000149600.nuc.ord.tre,0.370868
ENSG00000149609.nuc.ord.aln,ENSG00000149609.nuc.ord.tre,0.211517
ENSG00000149633.nuc.ord.aln,ENSG00000149633.nuc.ord.tre,1.338349
ENSG00000149634.nuc.ord.aln,ENSG00000149634.nuc.ord.tre,0.321928
ENSG00000149635.nuc.ord.aln,ENSG00000149635.nuc.ord.tre,0.674139
ENSG00000149636.nuc.ord.aln,ENSG00000149636.nuc.ord.tre,0.380888
ENSG00000149639.nuc.ord.aln,ENSG00000149639.nuc.ord.tre,2.476553
ENSG00000149646.nuc.ord.aln,ENSG00000149646.nuc.ord.tre,1.599420
ENSG00000149657.nuc.ord.aln,ENSG00000149657.nuc.ord.tre,0.508948
ENSG00000149716.nuc.ord.aln,ENSG00000149716.nuc.ord.tre,0.311456
ENSG00000149735.nuc.ord.aln,ENSG00000149735.nuc.ord.tre,0.230397
ENSG00000149743.nuc.ord.aln,ENSG00000149743.nuc.ord.tre,0.292664
ENSG00000151422.nuc.ord.aln,ENSG00000151422.nuc.ord.tre,0.796796
ENSG00000151445.nuc.ord.aln,ENSG00000151445.nuc.ord.tre,0.420085
ENSG00000151458.nuc.ord.aln,ENSG00000151458.nuc.ord.tre,1.502527
ENSG00000151461.nuc.ord.aln,ENSG00000151461.nuc.ord.tre,1.497671
ENSG00000151465.nuc.ord.aln,ENSG00000151465.nuc.ord.tre,0.414483
ENSG00000151466.nuc.ord.aln,ENSG00000151466.nuc.ord.tre,0.590529
ENSG00000151468.nuc.ord.aln,ENSG00000151468.nuc.ord.tre,0.305554
ENSG00000151470.nuc.ord.aln,ENSG00000151470.nuc.ord.tre,0.308530
ENSG00000151474.nuc.ord.aln,ENSG00000151474.nuc.ord.tre,1.207843
ENSG00000151475.nuc.ord.aln,ENSG00000151475.nuc.ord.tre,0.390204
ENSG00000151490.nuc.ord.aln,ENSG00000151490.nuc.ord.tre,0.720270
ENSG00000151491.nuc.ord.aln,ENSG00000151491.nuc.ord.tre,0.787760
ENSG00000151498.nuc.ord.aln,ENSG00000151498.nuc.ord.tre,0.385845
ENSG00000151500.nuc.ord.aln,ENSG00000151500.nuc.ord.tre,0.312759
ENSG00000151502.nuc.ord.aln,ENSG00000151502.nuc.ord.tre,0.354192
ENSG00000151503.nuc.ord.aln,ENSG00000151503.nuc.ord.tre,2.122243
ENSG00000151514.nuc.ord.aln,ENSG00000151514.nuc.ord.tre,1.447069
ENSG00000151532.nuc.ord.aln,ENSG00000151532.nuc.ord.tre,0.485028
ENSG00000151552.nuc.ord.aln,ENSG00000151552.nuc.ord.tre,0.332558
ENSG00000151553.nuc.ord.aln,ENSG00000151553.nuc.ord.tre,0.769792
ENSG00000151572.nuc.ord.aln,ENSG00000151572.nuc.ord.tre,1.067332
ENSG00000151575.nuc.ord.aln,ENSG00000151575.nuc.ord.tre,0.439851
ENSG00000151576.nuc.ord.aln,ENSG00000151576.nuc.ord.tre,0.416964
ENSG00000151577.nuc.ord.aln,ENSG00000151577.nuc.ord.tre,0.442242
ENSG00000151611.nuc.ord.aln,ENSG00000151611.nuc.ord.tre,0.426077
ENSG00000151612.nuc.ord.aln,ENSG00000151612.nuc.ord.tre,1.062789
ENSG00000151615.nuc.ord.aln,ENSG00000151615.nuc.ord.tre,0.380037
ENSG00000151617.nuc.ord.aln,ENSG00000151617.nuc.ord.tre,0.444943
ENSG00000151623.nuc.ord.aln,ENSG00000151623.nuc.ord.tre,0.927415
ENSG00000151640.nuc.ord.aln,ENSG00000151640.nuc.ord.tre,0.450960
ENSG00000151655.nuc.ord.aln,ENSG00000151655.nuc.ord.tre,1.005090
ENSG00000151657.nuc.ord.aln,ENSG00000151657.nuc.ord.tre,0.402680
ENSG00000151665.nuc.ord.aln,ENSG00000151665.nuc.ord.tre,0.334427
ENSG00000151687.nuc.ord.aln,ENSG00000151687.nuc.ord.tre,1.519530
ENSG00000151689.nuc.ord.aln,ENSG00000151689.nuc.ord.tre,0.421989
ENSG00000151690.nuc.ord.aln,ENSG00000151690.nuc.ord.tre,0.856103
ENSG00000151692.nuc.ord.aln,ENSG00000151692.nuc.ord.tre,0.388966
ENSG00000151693.nuc.ord.aln,ENSG00000151693.nuc.ord.tre,1.243804
ENSG00000151694.nuc.ord.aln,ENSG00000151694.nuc.ord.tre,0.834430
ENSG00000151704.nuc.ord.aln,ENSG00000151704.nuc.ord.tre,0.408258
ENSG00000151718.nuc.ord.aln,ENSG00000151718.nuc.ord.tre,1.310541
ENSG00000151725.nuc.ord.aln,ENSG00000151725.nuc.ord.tre,0.413991
ENSG00000151726.nuc.ord.aln,ENSG00000151726.nuc.ord.tre,0.688181
ENSG00000151729.nuc.ord.aln,ENSG00000151729.nuc.ord.tre,0.465723
ENSG00000151743.nuc.ord.aln,ENSG00000151743.nuc.ord.tre,0.269491
ENSG00000151746.nuc.ord.aln,ENSG00000151746.nuc.ord.tre,0.999533
ENSG00000151748.nuc.ord.aln,ENSG00000151748.nuc.ord.tre,0.386336
ENSG00000151773.nuc.ord.aln,ENSG00000151773.nuc.ord.tre,0.337470
ENSG00000151778.nuc.ord.aln,ENSG00000151778.nuc.ord.tre,0.201234
ENSG00000151790.nuc.ord.aln,ENSG00000151790.nuc.ord.tre,0.416145
ENSG00000151792.nuc.ord.aln,ENSG00000151792.nuc.ord.tre,0.397065
ENSG00000151806.nuc.ord.aln,ENSG00000151806.nuc.ord.tre,0.575611
ENSG00000151812.nuc.ord.aln,ENSG00000151812.nuc.ord.tre,0.562553
ENSG00000151834.nuc.ord.aln,ENSG00000151834.nuc.ord.tre,0.439782
ENSG00000151835.nuc.ord.aln,ENSG00000151835.nuc.ord.tre,11.028025
ENSG00000151838.nuc.ord.aln,ENSG00000151838.nuc.ord.tre,0.856064
ENSG00000151849.nuc.ord.aln,ENSG00000151849.nuc.ord.tre,1.639355
ENSG00000151876.nuc.ord.aln,ENSG00000151876.nuc.ord.tre,0.509952
ENSG00000151881.nuc.ord.aln,ENSG00000151881.nuc.ord.tre,0.344314
ENSG00000151882.nuc.ord.aln,ENSG00000151882.nuc.ord.tre,0.237139
ENSG00000151883.nuc.ord.aln,ENSG00000151883.nuc.ord.tre,0.873830
ENSG00000151892.nuc.ord.aln,ENSG00000151892.nuc.ord.tre,0.475977
ENSG00000151893.nuc.ord.aln,ENSG00000151893.nuc.ord.tre,0.421494
ENSG00000149761.nuc.ord.aln,ENSG00000149761.nuc.ord.tre,0.302892
ENSG00000149782.nuc.ord.aln,ENSG00000149782.nuc.ord.tre,1.375175
ENSG00000149798.nuc.ord.aln,ENSG00000149798.nuc.ord.tre,0.256033
ENSG00000149823.nuc.ord.aln,ENSG00000149823.nuc.ord.tre,0.640063
ENSG00000149923.nuc.ord.aln,ENSG00000149923.nuc.ord.tre,0.359860
ENSG00000149929.nuc.ord.aln,ENSG00000149929.nuc.ord.tre,0.665696
ENSG00000149932.nuc.ord.aln,ENSG00000149932.nuc.ord.tre,0.357352
ENSG00000149948.nuc.ord.aln,ENSG00000149948.nuc.ord.tre,0.197218
ENSG00000149970.nuc.ord.aln,ENSG00000149970.nuc.ord.tre,0.958222
ENSG00000150048.nuc.ord.aln,ENSG00000150048.nuc.ord.tre,0.370980
ENSG00000150051.nuc.ord.aln,ENSG00000150051.nuc.ord.tre,0.406419
ENSG00000150054.nuc.ord.aln,ENSG00000150054.nuc.ord.tre,0.633869
ENSG00000150086.nuc.ord.aln,ENSG00000150086.nuc.ord.tre,1.739100
ENSG00000150093.nuc.ord.aln,ENSG00000150093.nuc.ord.tre,0.802870
ENSG00000150275.nuc.ord.aln,ENSG00000150275.nuc.ord.tre,3.273095
ENSG00000150281.nuc.ord.aln,ENSG00000150281.nuc.ord.tre,0.270721
ENSG00000150347.nuc.ord.aln,ENSG00000150347.nuc.ord.tre,1.145859
ENSG00000150361.nuc.ord.aln,ENSG00000150361.nuc.ord.tre,0.680660
ENSG00000150401.nuc.ord.aln,ENSG00000150401.nuc.ord.tre,0.271741
ENSG00000150403.nuc.ord.aln,ENSG00000150403.nuc.ord.tre,0.673754
ENSG00000150433.nuc.ord.aln,ENSG00000150433.nuc.ord.tre,0.215730
ENSG00000150455.nuc.ord.aln,ENSG00000150455.nuc.ord.tre,0.384622
ENSG00000150456.nuc.ord.aln,ENSG00000150456.nuc.ord.tre,0.341592
ENSG00000150457.nuc.ord.aln,ENSG00000150457.nuc.ord.tre,1.234498
ENSG00000150471.nuc.ord.aln,ENSG00000150471.nuc.ord.tre,2.003300
ENSG00000150510.nuc.ord.aln,ENSG00000150510.nuc.ord.tre,0.458185
ENSG00000150526.nuc.ord.aln,ENSG00000150526.nuc.ord.tre,0.337998
ENSG00000150540.nuc.ord.aln,ENSG00000150540.nuc.ord.tre,0.441598
ENSG00000150551.nuc.ord.aln,ENSG00000150551.nuc.ord.tre,0.318744
ENSG00000150556.nuc.ord.aln,ENSG00000150556.nuc.ord.tre,0.327482
ENSG00000150593.nuc.ord.aln,ENSG00000150593.nuc.ord.tre,0.470909
ENSG00000150625.nuc.ord.aln,ENSG00000150625.nuc.ord.tre,0.422317
ENSG00000150627.nuc.ord.aln,ENSG00000150627.nuc.ord.tre,1.357868
ENSG00000150628.nuc.ord.aln,ENSG00000150628.nuc.ord.tre,0.360602
ENSG00000150630.nuc.ord.aln,ENSG00000150630.nuc.ord.tre,0.431219
ENSG00000150637.nuc.ord.aln,ENSG00000150637.nuc.ord.tre,0.347390
ENSG00000150656.nuc.ord.aln,ENSG00000150656.nuc.ord.tre,0.421279
ENSG00000150672.nuc.ord.aln,ENSG00000150672.nuc.ord.tre,1.299643
ENSG00000150676.nuc.ord.aln,ENSG00000150676.nuc.ord.tre,0.521263
ENSG00000150681.nuc.ord.aln,ENSG00000150681.nuc.ord.tre,0.341261
ENSG00000150687.nuc.ord.aln,ENSG00000150687.nuc.ord.tre,0.267012
ENSG00000150712.nuc.ord.aln,ENSG00000150712.nuc.ord.tre,0.798259
ENSG00000150722.nuc.ord.aln,ENSG00000150722.nuc.ord.tre,0.389442
ENSG00000150750.nuc.ord.aln,ENSG00000150750.nuc.ord.tre,0.341759
ENSG00000150753.nuc.ord.aln,ENSG00000150753.nuc.ord.tre,0.394303
ENSG00000150756.nuc.ord.aln,ENSG00000150756.nuc.ord.tre,0.315845
ENSG00000150760.nuc.ord.aln,ENSG00000150760.nuc.ord.tre,2.394198
ENSG00000150764.nuc.ord.aln,ENSG00000150764.nuc.ord.tre,0.678146
ENSG00000150773.nuc.ord.aln,ENSG00000150773.nuc.ord.tre,0.358616
ENSG00000150776.nuc.ord.aln,ENSG00000150776.nuc.ord.tre,0.332610
ENSG00000150782.nuc.ord.aln,ENSG00000150782.nuc.ord.tre,0.283582
ENSG00000150783.nuc.ord.aln,ENSG00000150783.nuc.ord.tre,0.219216
ENSG00000150867.nuc.ord.aln,ENSG00000150867.nuc.ord.tre,0.422588
ENSG00000150893.nuc.ord.aln,ENSG00000150893.nuc.ord.tre,6.107037
ENSG00000150907.nuc.ord.aln,ENSG00000150907.nuc.ord.tre,0.476793
ENSG00000150938.nuc.ord.aln,ENSG00000150938.nuc.ord.tre,0.920031
ENSG00000150961.nuc.ord.aln,ENSG00000150961.nuc.ord.tre,1.319989
ENSG00000150967.nuc.ord.aln,ENSG00000150967.nuc.ord.tre,0.710951
ENSG00000150977.nuc.ord.aln,ENSG00000150977.nuc.ord.tre,0.286421
ENSG00000150990.nuc.ord.aln,ENSG00000150990.nuc.ord.tre,1.269505
ENSG00000150995.nuc.ord.aln,ENSG00000150995.nuc.ord.tre,4.629378
ENSG00000151006.nuc.ord.aln,ENSG00000151006.nuc.ord.tre,0.366419
ENSG00000151012.nuc.ord.aln,ENSG00000151012.nuc.ord.tre,0.453476
ENSG00000151023.nuc.ord.aln,ENSG00000151023.nuc.ord.tre,0.348255
ENSG00000151025.nuc.ord.aln,ENSG00000151025.nuc.ord.tre,0.583089
ENSG00000151065.nuc.ord.aln,ENSG00000151065.nuc.ord.tre,0.571718
ENSG00000151067.nuc.ord.aln,ENSG00000151067.nuc.ord.tre,4.115271
ENSG00000151090.nuc.ord.aln,ENSG00000151090.nuc.ord.tre,0.848921
ENSG00000151092.nuc.ord.aln,ENSG00000151092.nuc.ord.tre,0.689333
ENSG00000151093.nuc.ord.aln,ENSG00000151093.nuc.ord.tre,0.403028
ENSG00000151116.nuc.ord.aln,ENSG00000151116.nuc.ord.tre,0.448296
ENSG00000151117.nuc.ord.aln,ENSG00000151117.nuc.ord.tre,0.327808
ENSG00000151131.nuc.ord.aln,ENSG00000151131.nuc.ord.tre,0.260930
ENSG00000151135.nuc.ord.aln,ENSG00000151135.nuc.ord.tre,0.259894
ENSG00000151148.nuc.ord.aln,ENSG00000151148.nuc.ord.tre,1.113410
ENSG00000151150.nuc.ord.aln,ENSG00000151150.nuc.ord.tre,12.651126
ENSG00000151151.nuc.ord.aln,ENSG00000151151.nuc.ord.tre,0.442606
ENSG00000151164.nuc.ord.aln,ENSG00000151164.nuc.ord.tre,0.458026
ENSG00000151176.nuc.ord.aln,ENSG00000151176.nuc.ord.tre,0.517753
ENSG00000151208.nuc.ord.aln,ENSG00000151208.nuc.ord.tre,2.450141
ENSG00000151224.nuc.ord.aln,ENSG00000151224.nuc.ord.tre,0.418547
ENSG00000151229.nuc.ord.aln,ENSG00000151229.nuc.ord.tre,0.610081
ENSG00000151233.nuc.ord.aln,ENSG00000151233.nuc.ord.tre,0.512761
ENSG00000151239.nuc.ord.aln,ENSG00000151239.nuc.ord.tre,0.415905
ENSG00000151247.nuc.ord.aln,ENSG00000151247.nuc.ord.tre,0.355294
ENSG00000151276.nuc.ord.aln,ENSG00000151276.nuc.ord.tre,3.312567
ENSG00000151287.nuc.ord.aln,ENSG00000151287.nuc.ord.tre,0.318508
ENSG00000151292.nuc.ord.aln,ENSG00000151292.nuc.ord.tre,0.413941
ENSG00000151304.nuc.ord.aln,ENSG00000151304.nuc.ord.tre,0.398661
ENSG00000151332.nuc.ord.aln,ENSG00000151332.nuc.ord.tre,0.398564
ENSG00000151338.nuc.ord.aln,ENSG00000151338.nuc.ord.tre,0.442247
ENSG00000151348.nuc.ord.aln,ENSG00000151348.nuc.ord.tre,0.732481
ENSG00000151353.nuc.ord.aln,ENSG00000151353.nuc.ord.tre,0.278336
ENSG00000151360.nuc.ord.aln,ENSG00000151360.nuc.ord.tre,0.399898
ENSG00000151366.nuc.ord.aln,ENSG00000151366.nuc.ord.tre,0.246001
ENSG00000151376.nuc.ord.aln,ENSG00000151376.nuc.ord.tre,0.501106
ENSG00000151388.nuc.ord.aln,ENSG00000151388.nuc.ord.tre,3.051000
ENSG00000151413.nuc.ord.aln,ENSG00000151413.nuc.ord.tre,0.410580
ENSG00000151414.nuc.ord.aln,ENSG00000151414.nuc.ord.tre,0.459941
ENSG00000151418.nuc.ord.aln,ENSG00000151418.nuc.ord.tre,0.249644
ENSG00000154611.nuc.ord.aln,ENSG00000154611.nuc.ord.tre,0.338106
ENSG00000154639.nuc.ord.aln,ENSG00000154639.nuc.ord.tre,0.392868
ENSG00000154642.nuc.ord.aln,ENSG00000154642.nuc.ord.tre,0.333414
ENSG00000154645.nuc.ord.aln,ENSG00000154645.nuc.ord.tre,0.395532
ENSG00000154646.nuc.ord.aln,ENSG00000154646.nuc.ord.tre,0.998841
ENSG00000154654.nuc.ord.aln,ENSG00000154654.nuc.ord.tre,0.882839
ENSG00000154655.nuc.ord.aln,ENSG00000154655.nuc.ord.tre,0.451401
ENSG00000154678.nuc.ord.aln,ENSG00000154678.nuc.ord.tre,0.798594
ENSG00000154710.nuc.ord.aln,ENSG00000154710.nuc.ord.tre,0.821633
ENSG00000154719.nuc.ord.aln,ENSG00000154719.nuc.ord.tre,0.403217
ENSG00000154721.nuc.ord.aln,ENSG00000154721.nuc.ord.tre,0.369906
ENSG00000154723.nuc.ord.aln,ENSG00000154723.nuc.ord.tre,0.274647
ENSG00000154727.nuc.ord.aln,ENSG00000154727.nuc.ord.tre,0.549446
ENSG00000154734.nuc.ord.aln,ENSG00000154734.nuc.ord.tre,1.010312
ENSG00000154736.nuc.ord.aln,ENSG00000154736.nuc.ord.tre,1.029675
ENSG00000154743.nuc.ord.aln,ENSG00000154743.nuc.ord.tre,0.438688
ENSG00000154767.nuc.ord.aln,ENSG00000154767.nuc.ord.tre,0.973192
ENSG00000154781.nuc.ord.aln,ENSG00000154781.nuc.ord.tre,0.409490
ENSG00000154783.nuc.ord.aln,ENSG00000154783.nuc.ord.tre,2.236726
ENSG00000154803.nuc.ord.aln,ENSG00000154803.nuc.ord.tre,0.472304
ENSG00000154814.nuc.ord.aln,ENSG00000154814.nuc.ord.tre,0.410127
ENSG00000154839.nuc.ord.aln,ENSG00000154839.nuc.ord.tre,0.365375
ENSG00000154845.nuc.ord.aln,ENSG00000154845.nuc.ord.tre,0.718658
ENSG00000154856.nuc.ord.aln,ENSG00000154856.nuc.ord.tre,0.427580
ENSG00000154889.nuc.ord.aln,ENSG00000154889.nuc.ord.tre,0.418333
ENSG00000154914.nuc.ord.aln,ENSG00000154914.nuc.ord.tre,1.214436
ENSG00000154917.nuc.ord.aln,ENSG00000154917.nuc.ord.tre,0.285175
ENSG00000154920.nuc.ord.aln,ENSG00000154920.nuc.ord.tre,0.798738
ENSG00000154928.nuc.ord.aln,ENSG00000154928.nuc.ord.tre,1.181410
ENSG00000154945.nuc.ord.aln,ENSG00000154945.nuc.ord.tre,0.351989
ENSG00000154957.nuc.ord.aln,ENSG00000154957.nuc.ord.tre,0.387562
ENSG00000155011.nuc.ord.aln,ENSG00000155011.nuc.ord.tre,0.341606
ENSG00000155016.nuc.ord.aln,ENSG00000155016.nuc.ord.tre,0.523617
ENSG00000155093.nuc.ord.aln,ENSG00000155093.nuc.ord.tre,0.896433
ENSG00000155096.nuc.ord.aln,ENSG00000155096.nuc.ord.tre,0.375746
ENSG00000155097.nuc.ord.aln,ENSG00000155097.nuc.ord.tre,0.418978
ENSG00000155099.nuc.ord.aln,ENSG00000155099.nuc.ord.tre,0.379099
ENSG00000155100.nuc.ord.aln,ENSG00000155100.nuc.ord.tre,0.351589
ENSG00000155111.nuc.ord.aln,ENSG00000155111.nuc.ord.tre,0.509152
ENSG00000155115.nuc.ord.aln,ENSG00000155115.nuc.ord.tre,0.292821
ENSG00000155158.nuc.ord.aln,ENSG00000155158.nuc.ord.tre,0.713116
ENSG00000155229.nuc.ord.aln,ENSG00000155229.nuc.ord.tre,1.081242
ENSG00000155249.nuc.ord.aln,ENSG00000155249.nuc.ord.tre,0.308151
ENSG00000155252.nuc.ord.aln,ENSG00000155252.nuc.ord.tre,0.390281
ENSG00000155256.nuc.ord.aln,ENSG00000155256.nuc.ord.tre,0.387900
ENSG00000155275.nuc.ord.aln,ENSG00000155275.nuc.ord.tre,0.624678
ENSG00000155287.nuc.ord.aln,ENSG00000155287.nuc.ord.tre,0.365925
ENSG00000155304.nuc.ord.aln,ENSG00000155304.nuc.ord.tre,0.495974
ENSG00000155307.nuc.ord.aln,ENSG00000155307.nuc.ord.tre,0.510812
ENSG00000155313.nuc.ord.aln,ENSG00000155313.nuc.ord.tre,1.016334
ENSG00000155324.nuc.ord.aln,ENSG00000155324.nuc.ord.tre,0.508961
ENSG00000155329.nuc.ord.aln,ENSG00000155329.nuc.ord.tre,0.261147
ENSG00000155330.nuc.ord.aln,ENSG00000155330.nuc.ord.tre,0.266379
ENSG00000155363.nuc.ord.aln,ENSG00000155363.nuc.ord.tre,0.942812
ENSG00000155367.nuc.ord.aln,ENSG00000155367.nuc.ord.tre,0.439405
ENSG00000155368.nuc.ord.aln,ENSG00000155368.nuc.ord.tre,0.320717
ENSG00000155393.nuc.ord.aln,ENSG00000155393.nuc.ord.tre,0.642687
ENSG00000155438.nuc.ord.aln,ENSG00000155438.nuc.ord.tre,0.363410
ENSG00000155463.nuc.ord.aln,ENSG00000155463.nuc.ord.tre,0.517422
ENSG00000155465.nuc.ord.aln,ENSG00000155465.nuc.ord.tre,0.620870
ENSG00000155506.nuc.ord.aln,ENSG00000155506.nuc.ord.tre,1.415736
ENSG00000155508.nuc.ord.aln,ENSG00000155508.nuc.ord.tre,0.334254
ENSG00000155511.nuc.ord.aln,ENSG00000155511.nuc.ord.tre,0.740343
ENSG00000155530.nuc.ord.aln,ENSG00000155530.nuc.ord.tre,0.981018
ENSG00000155545.nuc.ord.aln,ENSG00000155545.nuc.ord.tre,0.480326
ENSG00000155561.nuc.ord.aln,ENSG00000155561.nuc.ord.tre,2.971111
ENSG00000155592.nuc.ord.aln,ENSG00000155592.nuc.ord.tre,0.898344
ENSG00000155621.nuc.ord.aln,ENSG00000155621.nuc.ord.tre,0.300976
ENSG00000155629.nuc.ord.aln,ENSG00000155629.nuc.ord.tre,0.993090
ENSG00000155636.nuc.ord.aln,ENSG00000155636.nuc.ord.tre,0.483386
ENSG00000155659.nuc.ord.aln,ENSG00000155659.nuc.ord.tre,0.360454
ENSG00000155660.nuc.ord.aln,ENSG00000155660.nuc.ord.tre,0.493291
ENSG00000155666.nuc.ord.aln,ENSG00000155666.nuc.ord.tre,0.430853
ENSG00000155714.nuc.ord.aln,ENSG00000155714.nuc.ord.tre,0.483168
ENSG00000155719.nuc.ord.aln,ENSG00000155719.nuc.ord.tre,1.080905
ENSG00000155729.nuc.ord.aln,ENSG00000155729.nuc.ord.tre,0.426820
ENSG00000155744.nuc.ord.aln,ENSG00000155744.nuc.ord.tre,0.489443
ENSG00000155749.nuc.ord.aln,ENSG00000155749.nuc.ord.tre,0.455521
ENSG00000155754.nuc.ord.aln,ENSG00000155754.nuc.ord.tre,3.119188
ENSG00000155755.nuc.ord.aln,ENSG00000155755.nuc.ord.tre,0.419487
ENSG00000155761.nuc.ord.aln,ENSG00000155761.nuc.ord.tre,3.901573
ENSG00000155792.nuc.ord.aln,ENSG00000155792.nuc.ord.tre,0.450006
ENSG00000155816.nuc.ord.aln,ENSG00000155816.nuc.ord.tre,2.603609
ENSG00000155827.nuc.ord.aln,ENSG00000155827.nuc.ord.tre,0.952832
ENSG00000155846.nuc.ord.aln,ENSG00000155846.nuc.ord.tre,1.554506
ENSG00000155849.nuc.ord.aln,ENSG00000155849.nuc.ord.tre,0.623464
ENSG00000155850.nuc.ord.aln,ENSG00000155850.nuc.ord.tre,0.579593
ENSG00000155858.nuc.ord.aln,ENSG00000155858.nuc.ord.tre,0.470052
ENSG00000155875.nuc.ord.aln,ENSG00000155875.nuc.ord.tre,0.375338
ENSG00000155890.nuc.ord.aln,ENSG00000155890.nuc.ord.tre,0.610948
ENSG00000155893.nuc.ord.aln,ENSG00000155893.nuc.ord.tre,0.430257
ENSG00000155897.nuc.ord.aln,ENSG00000155897.nuc.ord.tre,1.412463
ENSG00000155903.nuc.ord.aln,ENSG00000155903.nuc.ord.tre,0.782888
ENSG00000155906.nuc.ord.aln,ENSG00000155906.nuc.ord.tre,0.451795
ENSG00000155926.nuc.ord.aln,ENSG00000155926.nuc.ord.tre,0.415828
ENSG00000155957.nuc.ord.aln,ENSG00000155957.nuc.ord.tre,0.383841
ENSG00000155959.nuc.ord.aln,ENSG00000155959.nuc.ord.tre,0.311552
ENSG00000155966.nuc.ord.aln,ENSG00000155966.nuc.ord.tre,1.331491
ENSG00000155970.nuc.ord.aln,ENSG00000155970.nuc.ord.tre,0.455978
ENSG00000155974.nuc.ord.aln,ENSG00000155974.nuc.ord.tre,1.226961
ENSG00000155975.nuc.ord.aln,ENSG00000155975.nuc.ord.tre,0.380937
ENSG00000155980.nuc.ord.aln,ENSG00000155980.nuc.ord.tre,1.175708
ENSG00000156011.nuc.ord.aln,ENSG00000156011.nuc.ord.tre,0.693100
ENSG00000156017.nuc.ord.aln,ENSG00000156017.nuc.ord.tre,0.452878
ENSG00000156026.nuc.ord.aln,ENSG00000156026.nuc.ord.tre,0.404541
ENSG00000156030.nuc.ord.aln,ENSG00000156030.nuc.ord.tre,0.725250
ENSG00000156042.nuc.ord.aln,ENSG00000156042.nuc.ord.tre,1.252342
ENSG00000156050.nuc.ord.aln,ENSG00000156050.nuc.ord.tre,0.505027
ENSG00000156052.nuc.ord.aln,ENSG00000156052.nuc.ord.tre,0.409148
ENSG00000156076.nuc.ord.aln,ENSG00000156076.nuc.ord.tre,0.437999
ENSG00000156103.nuc.ord.aln,ENSG00000156103.nuc.ord.tre,0.547510
ENSG00000156113.nuc.ord.aln,ENSG00000156113.nuc.ord.tre,1.568040
ENSG00000156127.nuc.ord.aln,ENSG00000156127.nuc.ord.tre,0.237024
ENSG00000156136.nuc.ord.aln,ENSG00000156136.nuc.ord.tre,0.364469
ENSG00000156140.nuc.ord.aln,ENSG00000156140.nuc.ord.tre,1.468937
ENSG00000156162.nuc.ord.aln,ENSG00000156162.nuc.ord.tre,0.616303
ENSG00000156170.nuc.ord.aln,ENSG00000156170.nuc.ord.tre,0.476081
ENSG00000156171.nuc.ord.aln,ENSG00000156171.nuc.ord.tre,0.386005
ENSG00000156172.nuc.ord.aln,ENSG00000156172.nuc.ord.tre,0.343420
ENSG00000156194.nuc.ord.aln,ENSG00000156194.nuc.ord.tre,0.889339
ENSG00000156206.nuc.ord.aln,ENSG00000156206.nuc.ord.tre,0.388457
ENSG00000156219.nuc.ord.aln,ENSG00000156219.nuc.ord.tre,0.440429
ENSG00000156222.nuc.ord.aln,ENSG00000156222.nuc.ord.tre,0.617422
ENSG00000156239.nuc.ord.aln,ENSG00000156239.nuc.ord.tre,0.317036
ENSG00000156253.nuc.ord.aln,ENSG00000156253.nuc.ord.tre,0.344059
ENSG00000156256.nuc.ord.aln,ENSG00000156256.nuc.ord.tre,0.696810
ENSG00000156261.nuc.ord.aln,ENSG00000156261.nuc.ord.tre,0.446558
ENSG00000156273.nuc.ord.aln,ENSG00000156273.nuc.ord.tre,0.771371
ENSG00000156298.nuc.ord.aln,ENSG00000156298.nuc.ord.tre,0.320609
ENSG00000157542.nuc.ord.aln,ENSG00000157542.nuc.ord.tre,0.488368
ENSG00000157551.nuc.ord.aln,ENSG00000157551.nuc.ord.tre,0.288335
ENSG00000157554.nuc.ord.aln,ENSG00000157554.nuc.ord.tre,0.437646
ENSG00000157570.nuc.ord.aln,ENSG00000157570.nuc.ord.tre,0.323217
ENSG00000157578.nuc.ord.aln,ENSG00000157578.nuc.ord.tre,0.886650
ENSG00000157593.nuc.ord.aln,ENSG00000157593.nuc.ord.tre,0.372933
ENSG00000158869.nuc.ord.aln,ENSG00000158869.nuc.ord.tre,0.264250
ENSG00000158882.nuc.ord.aln,ENSG00000158882.nuc.ord.tre,0.472569
ENSG00000158941.nuc.ord.aln,ENSG00000158941.nuc.ord.tre,1.058401
ENSG00000158955.nuc.ord.aln,ENSG00000158955.nuc.ord.tre,0.340822
ENSG00000158966.nuc.ord.aln,ENSG00000158966.nuc.ord.tre,1.484151
ENSG00000158987.nuc.ord.aln,ENSG00000158987.nuc.ord.tre,2.075325
ENSG00000159023.nuc.ord.aln,ENSG00000159023.nuc.ord.tre,1.135846
ENSG00000159063.nuc.ord.aln,ENSG00000159063.nuc.ord.tre,0.487363
ENSG00000159069.nuc.ord.aln,ENSG00000159069.nuc.ord.tre,0.435126
ENSG00000159082.nuc.ord.aln,ENSG00000159082.nuc.ord.tre,2.835743
ENSG00000159086.nuc.ord.aln,ENSG00000159086.nuc.ord.tre,1.031497
ENSG00000159110.nuc.ord.aln,ENSG00000159110.nuc.ord.tre,0.476340
ENSG00000159128.nuc.ord.aln,ENSG00000159128.nuc.ord.tre,0.364976
ENSG00000159131.nuc.ord.aln,ENSG00000159131.nuc.ord.tre,1.066606
ENSG00000159140.nuc.ord.aln,ENSG00000159140.nuc.ord.tre,4.051834
ENSG00000159147.nuc.ord.aln,ENSG00000159147.nuc.ord.tre,0.556734
ENSG00000159164.nuc.ord.aln,ENSG00000159164.nuc.ord.tre,0.669341
ENSG00000159166.nuc.ord.aln,ENSG00000159166.nuc.ord.tre,0.726445
ENSG00000159167.nuc.ord.aln,ENSG00000159167.nuc.ord.tre,0.356225
ENSG00000159173.nuc.ord.aln,ENSG00000159173.nuc.ord.tre,0.229904
ENSG00000159176.nuc.ord.aln,ENSG00000159176.nuc.ord.tre,0.300485
ENSG00000159184.nuc.ord.aln,ENSG00000159184.nuc.ord.tre,0.343451
ENSG00000159189.nuc.ord.aln,ENSG00000159189.nuc.ord.tre,0.242163
ENSG00000159197.nuc.ord.aln,ENSG00000159197.nuc.ord.tre,0.255060
ENSG00000159199.nuc.ord.aln,ENSG00000159199.nuc.ord.tre,0.189867
ENSG00000159200.nuc.ord.aln,ENSG00000159200.nuc.ord.tre,0.353908
ENSG00000159202.nuc.ord.aln,ENSG00000159202.nuc.ord.tre,0.579613
ENSG00000159208.nuc.ord.aln,ENSG00000159208.nuc.ord.tre,0.442534
ENSG00000159210.nuc.ord.aln,ENSG00000159210.nuc.ord.tre,0.367175
ENSG00000159212.nuc.ord.aln,ENSG00000159212.nuc.ord.tre,0.459516
ENSG00000159214.nuc.ord.aln,ENSG00000159214.nuc.ord.tre,0.284803
ENSG00000159216.nuc.ord.aln,ENSG00000159216.nuc.ord.tre,0.472013
ENSG00000159217.nuc.ord.aln,ENSG00000159217.nuc.ord.tre,0.625756
ENSG00000159224.nuc.ord.aln,ENSG00000159224.nuc.ord.tre,0.261522
ENSG00000159248.nuc.ord.aln,ENSG00000159248.nuc.ord.tre,0.303204
ENSG00000159256.nuc.ord.aln,ENSG00000159256.nuc.ord.tre,0.973344
ENSG00000159259.nuc.ord.aln,ENSG00000159259.nuc.ord.tre,0.557620
ENSG00000159261.nuc.ord.aln,ENSG00000159261.nuc.ord.tre,0.222450
ENSG00000159263.nuc.ord.aln,ENSG00000159263.nuc.ord.tre,0.714881
ENSG00000159267.nuc.ord.aln,ENSG00000159267.nuc.ord.tre,0.623990
ENSG00000159314.nuc.ord.aln,ENSG00000159314.nuc.ord.tre,0.943936
ENSG00000159322.nuc.ord.aln,ENSG00000159322.nuc.ord.tre,0.442521
ENSG00000159335.nuc.ord.aln,ENSG00000159335.nuc.ord.tre,0.189523
ENSG00000159337.nuc.ord.aln,ENSG00000159337.nuc.ord.tre,0.756226
ENSG00000159339.nuc.ord.aln,ENSG00000159339.nuc.ord.tre,0.481449
ENSG00000159348.nuc.ord.aln,ENSG00000159348.nuc.ord.tre,0.379447
ENSG00000159352.nuc.ord.aln,ENSG00000159352.nuc.ord.tre,0.629469
ENSG00000159363.nuc.ord.aln,ENSG00000159363.nuc.ord.tre,1.253827
ENSG00000159374.nuc.ord.aln,ENSG00000159374.nuc.ord.tre,0.472222
ENSG00000159377.nuc.ord.aln,ENSG00000159377.nuc.ord.tre,0.448164
ENSG00000159387.nuc.ord.aln,ENSG00000159387.nuc.ord.tre,0.401195
ENSG00000159399.nuc.ord.aln,ENSG00000159399.nuc.ord.tre,0.862024
ENSG00000159403.nuc.ord.aln,ENSG00000159403.nuc.ord.tre,0.950606
ENSG00000159450.nuc.ord.aln,ENSG00000159450.nuc.ord.tre,1.927620
ENSG00000159459.nuc.ord.aln,ENSG00000159459.nuc.ord.tre,2.228072
ENSG00000159461.nuc.ord.aln,ENSG00000159461.nuc.ord.tre,0.652782
ENSG00000159479.nuc.ord.aln,ENSG00000159479.nuc.ord.tre,0.424752
ENSG00000159495.nuc.ord.aln,ENSG00000159495.nuc.ord.tre,0.626770
ENSG00000159556.nuc.ord.aln,ENSG00000159556.nuc.ord.tre,0.325466
ENSG00000159579.nuc.ord.aln,ENSG00000159579.nuc.ord.tre,0.447713
ENSG00000159588.nuc.ord.aln,ENSG00000159588.nuc.ord.tre,0.776945
ENSG00000159592.nuc.ord.aln,ENSG00000159592.nuc.ord.tre,0.410563
ENSG00000159593.nuc.ord.aln,ENSG00000159593.nuc.ord.tre,0.428764
ENSG00000159596.nuc.ord.aln,ENSG00000159596.nuc.ord.tre,0.266861
ENSG00000159625.nuc.ord.aln,ENSG00000159625.nuc.ord.tre,0.994172
ENSG00000156299.nuc.ord.aln,ENSG00000156299.nuc.ord.tre,1.872325
ENSG00000156304.nuc.ord.aln,ENSG00000156304.nuc.ord.tre,1.329333
ENSG00000156313.nuc.ord.aln,ENSG00000156313.nuc.ord.tre,1.925965
ENSG00000156345.nuc.ord.aln,ENSG00000156345.nuc.ord.tre,0.803625
ENSG00000156384.nuc.ord.aln,ENSG00000156384.nuc.ord.tre,0.410613
ENSG00000156395.nuc.ord.aln,ENSG00000156395.nuc.ord.tre,1.304202
ENSG00000156398.nuc.ord.aln,ENSG00000156398.nuc.ord.tre,0.381469
ENSG00000156414.nuc.ord.aln,ENSG00000156414.nuc.ord.tre,1.593272
ENSG00000156427.nuc.ord.aln,ENSG00000156427.nuc.ord.tre,0.272471
ENSG00000156463.nuc.ord.aln,ENSG00000156463.nuc.ord.tre,0.761928
ENSG00000156466.nuc.ord.aln,ENSG00000156466.nuc.ord.tre,0.312788
ENSG00000156469.nuc.ord.aln,ENSG00000156469.nuc.ord.tre,0.446295
ENSG00000156471.nuc.ord.aln,ENSG00000156471.nuc.ord.tre,0.442693
ENSG00000156475.nuc.ord.aln,ENSG00000156475.nuc.ord.tre,0.504336
ENSG00000156486.nuc.ord.aln,ENSG00000156486.nuc.ord.tre,0.457482
ENSG00000156502.nuc.ord.aln,ENSG00000156502.nuc.ord.tre,0.799497
ENSG00000156504.nuc.ord.aln,ENSG00000156504.nuc.ord.tre,0.384103
ENSG00000156509.nuc.ord.aln,ENSG00000156509.nuc.ord.tre,0.573351
ENSG00000156510.nuc.ord.aln,ENSG00000156510.nuc.ord.tre,0.744254
ENSG00000156515.nuc.ord.aln,ENSG00000156515.nuc.ord.tre,1.122722
ENSG00000156521.nuc.ord.aln,ENSG00000156521.nuc.ord.tre,0.467845
ENSG00000156531.nuc.ord.aln,ENSG00000156531.nuc.ord.tre,0.422784
ENSG00000156535.nuc.ord.aln,ENSG00000156535.nuc.ord.tre,1.689727
ENSG00000156574.nuc.ord.aln,ENSG00000156574.nuc.ord.tre,0.361782
ENSG00000156587.nuc.ord.aln,ENSG00000156587.nuc.ord.tre,0.293335
ENSG00000156603.nuc.ord.aln,ENSG00000156603.nuc.ord.tre,0.305310
ENSG00000156639.nuc.ord.aln,ENSG00000156639.nuc.ord.tre,0.330640
ENSG00000156642.nuc.ord.aln,ENSG00000156642.nuc.ord.tre,0.448380
ENSG00000156650.nuc.ord.aln,ENSG00000156650.nuc.ord.tre,3.082281
ENSG00000156671.nuc.ord.aln,ENSG00000156671.nuc.ord.tre,0.457779
ENSG00000156675.nuc.ord.aln,ENSG00000156675.nuc.ord.tre,2.350701
ENSG00000156687.nuc.ord.aln,ENSG00000156687.nuc.ord.tre,1.078526
ENSG00000156709.nuc.ord.aln,ENSG00000156709.nuc.ord.tre,0.546367
ENSG00000156711.nuc.ord.aln,ENSG00000156711.nuc.ord.tre,0.333234
ENSG00000156735.nuc.ord.aln,ENSG00000156735.nuc.ord.tre,0.388918
ENSG00000156738.nuc.ord.aln,ENSG00000156738.nuc.ord.tre,0.382195
ENSG00000156787.nuc.ord.aln,ENSG00000156787.nuc.ord.tre,1.081282
ENSG00000156802.nuc.ord.aln,ENSG00000156802.nuc.ord.tre,1.974819
ENSG00000156804.nuc.ord.aln,ENSG00000156804.nuc.ord.tre,0.412601
ENSG00000156831.nuc.ord.aln,ENSG00000156831.nuc.ord.tre,0.321959
ENSG00000156869.nuc.ord.aln,ENSG00000156869.nuc.ord.tre,0.765248
ENSG00000156873.nuc.ord.aln,ENSG00000156873.nuc.ord.tre,0.392029
ENSG00000156875.nuc.ord.aln,ENSG00000156875.nuc.ord.tre,0.379180
ENSG00000156876.nuc.ord.aln,ENSG00000156876.nuc.ord.tre,0.564734
ENSG00000156925.nuc.ord.aln,ENSG00000156925.nuc.ord.tre,0.451588
ENSG00000156928.nuc.ord.aln,ENSG00000156928.nuc.ord.tre,0.295749
ENSG00000156931.nuc.ord.aln,ENSG00000156931.nuc.ord.tre,1.540510
ENSG00000156958.nuc.ord.aln,ENSG00000156958.nuc.ord.tre,0.482171
ENSG00000156968.nuc.ord.aln,ENSG00000156968.nuc.ord.tre,0.204713
ENSG00000156970.nuc.ord.aln,ENSG00000156970.nuc.ord.tre,1.246750
ENSG00000156973.nuc.ord.aln,ENSG00000156973.nuc.ord.tre,0.263122
ENSG00000156983.nuc.ord.aln,ENSG00000156983.nuc.ord.tre,1.539064
ENSG00000156990.nuc.ord.aln,ENSG00000156990.nuc.ord.tre,0.362496
ENSG00000157005.nuc.ord.aln,ENSG00000157005.nuc.ord.tre,0.249493
ENSG00000157017.nuc.ord.aln,ENSG00000157017.nuc.ord.tre,0.244857
ENSG00000157020.nuc.ord.aln,ENSG00000157020.nuc.ord.tre,0.381972
ENSG00000157036.nuc.ord.aln,ENSG00000157036.nuc.ord.tre,0.400160
ENSG00000157045.nuc.ord.aln,ENSG00000157045.nuc.ord.tre,0.379973
ENSG00000157060.nuc.ord.aln,ENSG00000157060.nuc.ord.tre,0.749213
ENSG00000157064.nuc.ord.aln,ENSG00000157064.nuc.ord.tre,0.500327
ENSG00000157087.nuc.ord.aln,ENSG00000157087.nuc.ord.tre,1.485635
ENSG00000157106.nuc.ord.aln,ENSG00000157106.nuc.ord.tre,3.696438
ENSG00000157110.nuc.ord.aln,ENSG00000157110.nuc.ord.tre,0.361554
ENSG00000157111.nuc.ord.aln,ENSG00000157111.nuc.ord.tre,0.327787
ENSG00000157131.nuc.ord.aln,ENSG00000157131.nuc.ord.tre,0.589189
ENSG00000157150.nuc.ord.aln,ENSG00000157150.nuc.ord.tre,0.305619
ENSG00000157152.nuc.ord.aln,ENSG00000157152.nuc.ord.tre,0.573660
ENSG00000157181.nuc.ord.aln,ENSG00000157181.nuc.ord.tre,0.410917
ENSG00000157184.nuc.ord.aln,ENSG00000157184.nuc.ord.tre,0.551246
ENSG00000157191.nuc.ord.aln,ENSG00000157191.nuc.ord.tre,0.426073
ENSG00000157193.nuc.ord.aln,ENSG00000157193.nuc.ord.tre,1.077445
ENSG00000157211.nuc.ord.aln,ENSG00000157211.nuc.ord.tre,0.468089
ENSG00000157212.nuc.ord.aln,ENSG00000157212.nuc.ord.tre,1.639569
ENSG00000157214.nuc.ord.aln,ENSG00000157214.nuc.ord.tre,0.447458
ENSG00000157216.nuc.ord.aln,ENSG00000157216.nuc.ord.tre,0.391017
ENSG00000157219.nuc.ord.aln,ENSG00000157219.nuc.ord.tre,0.369030
ENSG00000157227.nuc.ord.aln,ENSG00000157227.nuc.ord.tre,0.519217
ENSG00000157240.nuc.ord.aln,ENSG00000157240.nuc.ord.tre,0.366909
ENSG00000157259.nuc.ord.aln,ENSG00000157259.nuc.ord.tre,0.336869
ENSG00000157303.nuc.ord.aln,ENSG00000157303.nuc.ord.tre,0.365222
ENSG00000157306.nuc.ord.aln,ENSG00000157306.nuc.ord.tre,0.334186
ENSG00000157315.nuc.ord.aln,ENSG00000157315.nuc.ord.tre,0.355121
ENSG00000157330.nuc.ord.aln,ENSG00000157330.nuc.ord.tre,0.293917
ENSG00000157343.nuc.ord.aln,ENSG00000157343.nuc.ord.tre,0.330283
ENSG00000157350.nuc.ord.aln,ENSG00000157350.nuc.ord.tre,0.368234
ENSG00000157353.nuc.ord.aln,ENSG00000157353.nuc.ord.tre,1.161214
ENSG00000157368.nuc.ord.aln,ENSG00000157368.nuc.ord.tre,0.333268
ENSG00000157379.nuc.ord.aln,ENSG00000157379.nuc.ord.tre,0.359530
ENSG00000157388.nuc.ord.aln,ENSG00000157388.nuc.ord.tre,4.104506
ENSG00000157404.nuc.ord.aln,ENSG00000157404.nuc.ord.tre,1.246517
ENSG00000157426.nuc.ord.aln,ENSG00000157426.nuc.ord.tre,1.204812
ENSG00000157445.nuc.ord.aln,ENSG00000157445.nuc.ord.tre,0.844351
ENSG00000157450.nuc.ord.aln,ENSG00000157450.nuc.ord.tre,1.111813
ENSG00000157456.nuc.ord.aln,ENSG00000157456.nuc.ord.tre,0.405674
ENSG00000157470.nuc.ord.aln,ENSG00000157470.nuc.ord.tre,0.406313
ENSG00000157483.nuc.ord.aln,ENSG00000157483.nuc.ord.tre,1.171376
ENSG00000157500.nuc.ord.aln,ENSG00000157500.nuc.ord.tre,0.582275
ENSG00000157510.nuc.ord.aln,ENSG00000157510.nuc.ord.tre,0.822684
ENSG00000157538.nuc.ord.aln,ENSG00000157538.nuc.ord.tre,0.358583
ENSG00000157540.nuc.ord.aln,ENSG00000157540.nuc.ord.tre,0.758916
ENSG00000157600.nuc.ord.aln,ENSG00000157600.nuc.ord.tre,0.283983
ENSG00000157613.nuc.ord.aln,ENSG00000157613.nuc.ord.tre,0.500413
ENSG00000157617.nuc.ord.aln,ENSG00000157617.nuc.ord.tre,0.684387
ENSG00000157625.nuc.ord.aln,ENSG00000157625.nuc.ord.tre,0.603426
ENSG00000157637.nuc.ord.aln,ENSG00000157637.nuc.ord.tre,1.426331
ENSG00000157657.nuc.ord.aln,ENSG00000157657.nuc.ord.tre,0.830666
ENSG00000157680.nuc.ord.aln,ENSG00000157680.nuc.ord.tre,1.210027
ENSG00000157693.nuc.ord.aln,ENSG00000157693.nuc.ord.tre,0.394772
ENSG00000157703.nuc.ord.aln,ENSG00000157703.nuc.ord.tre,0.684706
ENSG00000157734.nuc.ord.aln,ENSG00000157734.nuc.ord.tre,0.283220
ENSG00000157741.nuc.ord.aln,ENSG00000157741.nuc.ord.tre,1.417048
ENSG00000157764.nuc.ord.aln,ENSG00000157764.nuc.ord.tre,0.800273
ENSG00000157766.nuc.ord.aln,ENSG00000157766.nuc.ord.tre,9.623817
ENSG00000157796.nuc.ord.aln,ENSG00000157796.nuc.ord.tre,1.433649
ENSG00000157800.nuc.ord.aln,ENSG00000157800.nuc.ord.tre,0.431013
ENSG00000157823.nuc.ord.aln,ENSG00000157823.nuc.ord.tre,0.233089
ENSG00000157837.nuc.ord.aln,ENSG00000157837.nuc.ord.tre,0.385094
ENSG00000157851.nuc.ord.aln,ENSG00000157851.nuc.ord.tre,0.567585
ENSG00000157856.nuc.ord.aln,ENSG00000157856.nuc.ord.tre,0.861773
ENSG00000157869.nuc.ord.aln,ENSG00000157869.nuc.ord.tre,0.315526
ENSG00000157870.nuc.ord.aln,ENSG00000157870.nuc.ord.tre,0.226682
ENSG00000157881.nuc.ord.aln,ENSG00000157881.nuc.ord.tre,0.573138
ENSG00000157884.nuc.ord.aln,ENSG00000157884.nuc.ord.tre,0.369678
ENSG00000157890.nuc.ord.aln,ENSG00000157890.nuc.ord.tre,1.208317
ENSG00000157895.nuc.ord.aln,ENSG00000157895.nuc.ord.tre,0.335070
ENSG00000157916.nuc.ord.aln,ENSG00000157916.nuc.ord.tre,0.349149
ENSG00000157933.nuc.ord.aln,ENSG00000157933.nuc.ord.tre,0.476844
ENSG00000157954.nuc.ord.aln,ENSG00000157954.nuc.ord.tre,0.448801
ENSG00000157978.nuc.ord.aln,ENSG00000157978.nuc.ord.tre,0.347333
ENSG00000157992.nuc.ord.aln,ENSG00000157992.nuc.ord.tre,0.327204
ENSG00000157999.nuc.ord.aln,ENSG00000157999.nuc.ord.tre,0.374922
ENSG00000158006.nuc.ord.aln,ENSG00000158006.nuc.ord.tre,0.414702
ENSG00000158008.nuc.ord.aln,ENSG00000158008.nuc.ord.tre,0.583724
ENSG00000158014.nuc.ord.aln,ENSG00000158014.nuc.ord.tre,0.379356
ENSG00000158019.nuc.ord.aln,ENSG00000158019.nuc.ord.tre,0.643934
ENSG00000158022.nuc.ord.aln,ENSG00000158022.nuc.ord.tre,0.399989
ENSG00000158023.nuc.ord.aln,ENSG00000158023.nuc.ord.tre,2.449145
ENSG00000158042.nuc.ord.aln,ENSG00000158042.nuc.ord.tre,0.276202
ENSG00000158055.nuc.ord.aln,ENSG00000158055.nuc.ord.tre,1.091636
ENSG00000158062.nuc.ord.aln,ENSG00000158062.nuc.ord.tre,0.509186
ENSG00000158079.nuc.ord.aln,ENSG00000158079.nuc.ord.tre,0.908947
ENSG00000158089.nuc.ord.aln,ENSG00000158089.nuc.ord.tre,0.582483
ENSG00000158104.nuc.ord.aln,ENSG00000158104.nuc.ord.tre,0.403550
ENSG00000158122.nuc.ord.aln,ENSG00000158122.nuc.ord.tre,0.282628
ENSG00000158125.nuc.ord.aln,ENSG00000158125.nuc.ord.tre,1.538521
ENSG00000158156.nuc.ord.aln,ENSG00000158156.nuc.ord.tre,0.273635
ENSG00000158161.nuc.ord.aln,ENSG00000158161.nuc.ord.tre,0.535198
ENSG00000158163.nuc.ord.aln,ENSG00000158163.nuc.ord.tre,0.631705
ENSG00000158169.nuc.ord.aln,ENSG00000158169.nuc.ord.tre,0.532781
ENSG00000158186.nuc.ord.aln,ENSG00000158186.nuc.ord.tre,0.294791
ENSG00000158201.nuc.ord.aln,ENSG00000158201.nuc.ord.tre,0.399359
ENSG00000158220.nuc.ord.aln,ENSG00000158220.nuc.ord.tre,0.772333
ENSG00000158246.nuc.ord.aln,ENSG00000158246.nuc.ord.tre,0.388234
ENSG00000158258.nuc.ord.aln,ENSG00000158258.nuc.ord.tre,1.386579
ENSG00000158270.nuc.ord.aln,ENSG00000158270.nuc.ord.tre,0.596232
ENSG00000158290.nuc.ord.aln,ENSG00000158290.nuc.ord.tre,1.027214
ENSG00000158296.nuc.ord.aln,ENSG00000158296.nuc.ord.tre,0.709261
ENSG00000158315.nuc.ord.aln,ENSG00000158315.nuc.ord.tre,0.425810
ENSG00000158321.nuc.ord.aln,ENSG00000158321.nuc.ord.tre,1.462761
ENSG00000158352.nuc.ord.aln,ENSG00000158352.nuc.ord.tre,2.477524
ENSG00000158411.nuc.ord.aln,ENSG00000158411.nuc.ord.tre,0.337977
ENSG00000158417.nuc.ord.aln,ENSG00000158417.nuc.ord.tre,1.415859
ENSG00000158435.nuc.ord.aln,ENSG00000158435.nuc.ord.tre,0.516394
ENSG00000158445.nuc.ord.aln,ENSG00000158445.nuc.ord.tre,0.752433
ENSG00000158457.nuc.ord.aln,ENSG00000158457.nuc.ord.tre,0.369595
ENSG00000158467.nuc.ord.aln,ENSG00000158467.nuc.ord.tre,0.597620
ENSG00000158470.nuc.ord.aln,ENSG00000158470.nuc.ord.tre,0.562188
ENSG00000158480.nuc.ord.aln,ENSG00000158480.nuc.ord.tre,0.380979
ENSG00000158516.nuc.ord.aln,ENSG00000158516.nuc.ord.tre,0.385593
ENSG00000158525.nuc.ord.aln,ENSG00000158525.nuc.ord.tre,0.716928
ENSG00000158526.nuc.ord.aln,ENSG00000158526.nuc.ord.tre,0.270012
ENSG00000158528.nuc.ord.aln,ENSG00000158528.nuc.ord.tre,1.537353
ENSG00000158545.nuc.ord.aln,ENSG00000158545.nuc.ord.tre,0.888541
ENSG00000158552.nuc.ord.aln,ENSG00000158552.nuc.ord.tre,0.342481
ENSG00000158555.nuc.ord.aln,ENSG00000158555.nuc.ord.tre,0.509160
ENSG00000158560.nuc.ord.aln,ENSG00000158560.nuc.ord.tre,0.583383
ENSG00000158571.nuc.ord.aln,ENSG00000158571.nuc.ord.tre,0.423063
ENSG00000158578.nuc.ord.aln,ENSG00000158578.nuc.ord.tre,0.728989
ENSG00000158604.nuc.ord.aln,ENSG00000158604.nuc.ord.tre,0.321793
ENSG00000158615.nuc.ord.aln,ENSG00000158615.nuc.ord.tre,0.481521
ENSG00000158636.nuc.ord.aln,ENSG00000158636.nuc.ord.tre,1.532630
ENSG00000158669.nuc.ord.aln,ENSG00000158669.nuc.ord.tre,0.404177
ENSG00000158711.nuc.ord.aln,ENSG00000158711.nuc.ord.tre,0.408299
ENSG00000158714.nuc.ord.aln,ENSG00000158714.nuc.ord.tre,0.341496
ENSG00000158715.nuc.ord.aln,ENSG00000158715.nuc.ord.tre,0.529753
ENSG00000158769.nuc.ord.aln,ENSG00000158769.nuc.ord.tre,0.372789
ENSG00000158773.nuc.ord.aln,ENSG00000158773.nuc.ord.tre,0.379914
ENSG00000158786.nuc.ord.aln,ENSG00000158786.nuc.ord.tre,0.290181
ENSG00000158793.nuc.ord.aln,ENSG00000158793.nuc.ord.tre,0.408010
ENSG00000158796.nuc.ord.aln,ENSG00000158796.nuc.ord.tre,0.370214
ENSG00000158805.nuc.ord.aln,ENSG00000158805.nuc.ord.tre,0.521620
ENSG00000158806.nuc.ord.aln,ENSG00000158806.nuc.ord.tre,0.229200
ENSG00000158813.nuc.ord.aln,ENSG00000158813.nuc.ord.tre,0.381705
ENSG00000158816.nuc.ord.aln,ENSG00000158816.nuc.ord.tre,2.176374
ENSG00000158825.nuc.ord.aln,ENSG00000158825.nuc.ord.tre,0.263277
ENSG00000158828.nuc.ord.aln,ENSG00000158828.nuc.ord.tre,0.513575
ENSG00000158850.nuc.ord.aln,ENSG00000158850.nuc.ord.tre,0.382619
ENSG00000158859.nuc.ord.aln,ENSG00000158859.nuc.ord.tre,0.861097
ENSG00000158864.nuc.ord.aln,ENSG00000158864.nuc.ord.tre,0.438097
ENSG00000158865.nuc.ord.aln,ENSG00000158865.nuc.ord.tre,0.728477
ENSG00000159640.nuc.ord.aln,ENSG00000159640.nuc.ord.tre,1.381637
ENSG00000159648.nuc.ord.aln,ENSG00000159648.nuc.ord.tre,0.440979
ENSG00000159650.nuc.ord.aln,ENSG00000159650.nuc.ord.tre,0.652073
ENSG00000159658.nuc.ord.aln,ENSG00000159658.nuc.ord.tre,0.462785
ENSG00000159674.nuc.ord.aln,ENSG00000159674.nuc.ord.tre,0.289008
ENSG00000159708.nuc.ord.aln,ENSG00000159708.nuc.ord.tre,0.728922
ENSG00000159713.nuc.ord.aln,ENSG00000159713.nuc.ord.tre,0.251828
ENSG00000162511.nuc.ord.aln,ENSG00000162511.nuc.ord.tre,0.335081
ENSG00000162517.nuc.ord.aln,ENSG00000162517.nuc.ord.tre,0.341201
ENSG00000162520.nuc.ord.aln,ENSG00000162520.nuc.ord.tre,0.331216
ENSG00000162521.nuc.ord.aln,ENSG00000162521.nuc.ord.tre,0.247537
ENSG00000162522.nuc.ord.aln,ENSG00000162522.nuc.ord.tre,0.878575
ENSG00000162526.nuc.ord.aln,ENSG00000162526.nuc.ord.tre,0.323315
ENSG00000162542.nuc.ord.aln,ENSG00000162542.nuc.ord.tre,0.570770
ENSG00000162543.nuc.ord.aln,ENSG00000162543.nuc.ord.tre,0.235261
ENSG00000162551.nuc.ord.aln,ENSG00000162551.nuc.ord.tre,0.363891
ENSG00000162571.nuc.ord.aln,ENSG00000162571.nuc.ord.tre,0.710569
ENSG00000162594.nuc.ord.aln,ENSG00000162594.nuc.ord.tre,0.610378
ENSG00000162598.nuc.ord.aln,ENSG00000162598.nuc.ord.tre,0.495423
ENSG00000162599.nuc.ord.aln,ENSG00000162599.nuc.ord.tre,0.420581
ENSG00000162600.nuc.ord.aln,ENSG00000162600.nuc.ord.tre,0.601657
ENSG00000162601.nuc.ord.aln,ENSG00000162601.nuc.ord.tre,0.724485
ENSG00000162604.nuc.ord.aln,ENSG00000162604.nuc.ord.tre,0.386805
ENSG00000162607.nuc.ord.aln,ENSG00000162607.nuc.ord.tre,0.723971
ENSG00000162614.nuc.ord.aln,ENSG00000162614.nuc.ord.tre,0.635165
ENSG00000162618.nuc.ord.aln,ENSG00000162618.nuc.ord.tre,0.635148
ENSG00000162620.nuc.ord.aln,ENSG00000162620.nuc.ord.tre,0.592111
ENSG00000162623.nuc.ord.aln,ENSG00000162623.nuc.ord.tre,0.401498
ENSG00000162624.nuc.ord.aln,ENSG00000162624.nuc.ord.tre,0.410402
ENSG00000162627.nuc.ord.aln,ENSG00000162627.nuc.ord.tre,0.451805
ENSG00000162630.nuc.ord.aln,ENSG00000162630.nuc.ord.tre,0.330410
ENSG00000162631.nuc.ord.aln,ENSG00000162631.nuc.ord.tre,0.532223
ENSG00000162636.nuc.ord.aln,ENSG00000162636.nuc.ord.tre,0.441205
ENSG00000162639.nuc.ord.aln,ENSG00000162639.nuc.ord.tre,0.402647
ENSG00000162641.nuc.ord.aln,ENSG00000162641.nuc.ord.tre,1.329522
ENSG00000162642.nuc.ord.aln,ENSG00000162642.nuc.ord.tre,0.261451
ENSG00000162643.nuc.ord.aln,ENSG00000162643.nuc.ord.tre,0.861809
ENSG00000162650.nuc.ord.aln,ENSG00000162650.nuc.ord.tre,0.741082
ENSG00000162664.nuc.ord.aln,ENSG00000162664.nuc.ord.tre,0.730018
ENSG00000162670.nuc.ord.aln,ENSG00000162670.nuc.ord.tre,0.654293
ENSG00000162676.nuc.ord.aln,ENSG00000162676.nuc.ord.tre,0.379734
ENSG00000162687.nuc.ord.aln,ENSG00000162687.nuc.ord.tre,1.369359
ENSG00000162688.nuc.ord.aln,ENSG00000162688.nuc.ord.tre,1.693333
ENSG00000162692.nuc.ord.aln,ENSG00000162692.nuc.ord.tre,0.688345
ENSG00000162694.nuc.ord.aln,ENSG00000162694.nuc.ord.tre,0.396323
ENSG00000162695.nuc.ord.aln,ENSG00000162695.nuc.ord.tre,0.432623
ENSG00000162704.nuc.ord.aln,ENSG00000162704.nuc.ord.tre,0.274385
ENSG00000162706.nuc.ord.aln,ENSG00000162706.nuc.ord.tre,0.419729
ENSG00000162714.nuc.ord.aln,ENSG00000162714.nuc.ord.tre,0.781404
ENSG00000162722.nuc.ord.aln,ENSG00000162722.nuc.ord.tre,0.419748
ENSG00000162723.nuc.ord.aln,ENSG00000162723.nuc.ord.tre,0.436175
ENSG00000162733.nuc.ord.aln,ENSG00000162733.nuc.ord.tre,0.798757
ENSG00000162736.nuc.ord.aln,ENSG00000162736.nuc.ord.tre,0.646565
ENSG00000162739.nuc.ord.aln,ENSG00000162739.nuc.ord.tre,0.359093
ENSG00000162745.nuc.ord.aln,ENSG00000162745.nuc.ord.tre,0.703963
ENSG00000162755.nuc.ord.aln,ENSG00000162755.nuc.ord.tre,0.331292
ENSG00000162757.nuc.ord.aln,ENSG00000162757.nuc.ord.tre,0.258238
ENSG00000162761.nuc.ord.aln,ENSG00000162761.nuc.ord.tre,0.367519
ENSG00000162763.nuc.ord.aln,ENSG00000162763.nuc.ord.tre,0.300128
ENSG00000162769.nuc.ord.aln,ENSG00000162769.nuc.ord.tre,0.459267
ENSG00000162775.nuc.ord.aln,ENSG00000162775.nuc.ord.tre,0.857540
ENSG00000162777.nuc.ord.aln,ENSG00000162777.nuc.ord.tre,0.464910
ENSG00000162779.nuc.ord.aln,ENSG00000162779.nuc.ord.tre,1.027315
ENSG00000162782.nuc.ord.aln,ENSG00000162782.nuc.ord.tre,1.137063
ENSG00000162783.nuc.ord.aln,ENSG00000162783.nuc.ord.tre,0.125727
ENSG00000162813.nuc.ord.aln,ENSG00000162813.nuc.ord.tre,0.380820
ENSG00000162814.nuc.ord.aln,ENSG00000162814.nuc.ord.tre,0.384612
ENSG00000162817.nuc.ord.aln,ENSG00000162817.nuc.ord.tre,0.239407
ENSG00000162819.nuc.ord.aln,ENSG00000162819.nuc.ord.tre,0.443701
ENSG00000162836.nuc.ord.aln,ENSG00000162836.nuc.ord.tre,0.537561
ENSG00000162843.nuc.ord.aln,ENSG00000162843.nuc.ord.tre,1.125117
ENSG00000162849.nuc.ord.aln,ENSG00000162849.nuc.ord.tre,2.867470
ENSG00000162851.nuc.ord.aln,ENSG00000162851.nuc.ord.tre,0.400682
ENSG00000162869.nuc.ord.aln,ENSG00000162869.nuc.ord.tre,0.785240
ENSG00000162873.nuc.ord.aln,ENSG00000162873.nuc.ord.tre,0.310720
ENSG00000162877.nuc.ord.aln,ENSG00000162877.nuc.ord.tre,0.464900
ENSG00000162878.nuc.ord.aln,ENSG00000162878.nuc.ord.tre,0.385307
ENSG00000162885.nuc.ord.aln,ENSG00000162885.nuc.ord.tre,0.716810
ENSG00000162889.nuc.ord.aln,ENSG00000162889.nuc.ord.tre,0.454996
ENSG00000162891.nuc.ord.aln,ENSG00000162891.nuc.ord.tre,0.295162
ENSG00000162892.nuc.ord.aln,ENSG00000162892.nuc.ord.tre,0.302300
ENSG00000162894.nuc.ord.aln,ENSG00000162894.nuc.ord.tre,0.397954
ENSG00000162896.nuc.ord.aln,ENSG00000162896.nuc.ord.tre,0.843184
ENSG00000162897.nuc.ord.aln,ENSG00000162897.nuc.ord.tre,0.623479
ENSG00000162909.nuc.ord.aln,ENSG00000162909.nuc.ord.tre,0.742967
ENSG00000162910.nuc.ord.aln,ENSG00000162910.nuc.ord.tre,0.241803
ENSG00000162923.nuc.ord.aln,ENSG00000162923.nuc.ord.tre,0.631860
ENSG00000162924.nuc.ord.aln,ENSG00000162924.nuc.ord.tre,0.533934
ENSG00000162927.nuc.ord.aln,ENSG00000162927.nuc.ord.tre,0.474968
ENSG00000162928.nuc.ord.aln,ENSG00000162928.nuc.ord.tre,0.377593
ENSG00000162929.nuc.ord.aln,ENSG00000162929.nuc.ord.tre,0.790931
ENSG00000162944.nuc.ord.aln,ENSG00000162944.nuc.ord.tre,0.507852
ENSG00000162949.nuc.ord.aln,ENSG00000162949.nuc.ord.tre,0.513816
ENSG00000162951.nuc.ord.aln,ENSG00000162951.nuc.ord.tre,0.220114
ENSG00000162961.nuc.ord.aln,ENSG00000162961.nuc.ord.tre,0.274945
ENSG00000162971.nuc.ord.aln,ENSG00000162971.nuc.ord.tre,0.319407
ENSG00000162972.nuc.ord.aln,ENSG00000162972.nuc.ord.tre,0.340986
ENSG00000162975.nuc.ord.aln,ENSG00000162975.nuc.ord.tre,0.303067
ENSG00000162976.nuc.ord.aln,ENSG00000162976.nuc.ord.tre,0.283784
ENSG00000162981.nuc.ord.aln,ENSG00000162981.nuc.ord.tre,0.312752
ENSG00000159720.nuc.ord.aln,ENSG00000159720.nuc.ord.tre,0.353482
ENSG00000159723.nuc.ord.aln,ENSG00000159723.nuc.ord.tre,0.263983
ENSG00000159761.nuc.ord.aln,ENSG00000159761.nuc.ord.tre,0.236591
ENSG00000159788.nuc.ord.aln,ENSG00000159788.nuc.ord.tre,1.608960
ENSG00000159792.nuc.ord.aln,ENSG00000159792.nuc.ord.tre,0.335084
ENSG00000159842.nuc.ord.aln,ENSG00000159842.nuc.ord.tre,0.962093
ENSG00000159873.nuc.ord.aln,ENSG00000159873.nuc.ord.tre,0.338108
ENSG00000159884.nuc.ord.aln,ENSG00000159884.nuc.ord.tre,0.329649
ENSG00000159899.nuc.ord.aln,ENSG00000159899.nuc.ord.tre,1.131002
ENSG00000159921.nuc.ord.aln,ENSG00000159921.nuc.ord.tre,0.685148
ENSG00000160007.nuc.ord.aln,ENSG00000160007.nuc.ord.tre,2.193702
ENSG00000160049.nuc.ord.aln,ENSG00000160049.nuc.ord.tre,0.346315
ENSG00000160050.nuc.ord.aln,ENSG00000160050.nuc.ord.tre,0.317219
ENSG00000160055.nuc.ord.aln,ENSG00000160055.nuc.ord.tre,0.366918
ENSG00000160058.nuc.ord.aln,ENSG00000160058.nuc.ord.tre,0.548131
ENSG00000160062.nuc.ord.aln,ENSG00000160062.nuc.ord.tre,0.279577
ENSG00000160094.nuc.ord.aln,ENSG00000160094.nuc.ord.tre,0.553932
ENSG00000160097.nuc.ord.aln,ENSG00000160097.nuc.ord.tre,0.289043
ENSG00000160131.nuc.ord.aln,ENSG00000160131.nuc.ord.tre,0.301952
ENSG00000160145.nuc.ord.aln,ENSG00000160145.nuc.ord.tre,5.432606
ENSG00000160180.nuc.ord.aln,ENSG00000160180.nuc.ord.tre,0.165285
ENSG00000160183.nuc.ord.aln,ENSG00000160183.nuc.ord.tre,0.385783
ENSG00000160185.nuc.ord.aln,ENSG00000160185.nuc.ord.tre,0.702671
ENSG00000160190.nuc.ord.aln,ENSG00000160190.nuc.ord.tre,0.424117
ENSG00000160191.nuc.ord.aln,ENSG00000160191.nuc.ord.tre,0.691622
ENSG00000160193.nuc.ord.aln,ENSG00000160193.nuc.ord.tre,0.407846
ENSG00000160194.nuc.ord.aln,ENSG00000160194.nuc.ord.tre,0.400145
ENSG00000160199.nuc.ord.aln,ENSG00000160199.nuc.ord.tre,0.427001
ENSG00000160200.nuc.ord.aln,ENSG00000160200.nuc.ord.tre,0.380942
ENSG00000160207.nuc.ord.aln,ENSG00000160207.nuc.ord.tre,0.357346
ENSG00000160208.nuc.ord.aln,ENSG00000160208.nuc.ord.tre,0.626152
ENSG00000160213.nuc.ord.aln,ENSG00000160213.nuc.ord.tre,0.146713
ENSG00000160214.nuc.ord.aln,ENSG00000160214.nuc.ord.tre,0.556601
ENSG00000160219.nuc.ord.aln,ENSG00000160219.nuc.ord.tre,0.507943
ENSG00000160221.nuc.ord.aln,ENSG00000160221.nuc.ord.tre,0.302780
ENSG00000160223.nuc.ord.aln,ENSG00000160223.nuc.ord.tre,0.591335
ENSG00000160226.nuc.ord.aln,ENSG00000160226.nuc.ord.tre,0.954523
ENSG00000160233.nuc.ord.aln,ENSG00000160233.nuc.ord.tre,0.224694
ENSG00000160285.nuc.ord.aln,ENSG00000160285.nuc.ord.tre,0.707592
ENSG00000160294.nuc.ord.aln,ENSG00000160294.nuc.ord.tre,2.786859
ENSG00000160299.nuc.ord.aln,ENSG00000160299.nuc.ord.tre,8.585653
ENSG00000160305.nuc.ord.aln,ENSG00000160305.nuc.ord.tre,1.947391
ENSG00000160310.nuc.ord.aln,ENSG00000160310.nuc.ord.tre,0.421728
ENSG00000160318.nuc.ord.aln,ENSG00000160318.nuc.ord.tre,0.233531
ENSG00000160323.nuc.ord.aln,ENSG00000160323.nuc.ord.tre,1.854718
ENSG00000160325.nuc.ord.aln,ENSG00000160325.nuc.ord.tre,0.265778
ENSG00000160392.nuc.ord.aln,ENSG00000160392.nuc.ord.tre,0.398372
ENSG00000160396.nuc.ord.aln,ENSG00000160396.nuc.ord.tre,0.500527
ENSG00000160401.nuc.ord.aln,ENSG00000160401.nuc.ord.tre,0.453093
ENSG00000160404.nuc.ord.aln,ENSG00000160404.nuc.ord.tre,0.482488
ENSG00000160408.nuc.ord.aln,ENSG00000160408.nuc.ord.tre,0.394093
ENSG00000160410.nuc.ord.aln,ENSG00000160410.nuc.ord.tre,0.511696
ENSG00000160439.nuc.ord.aln,ENSG00000160439.nuc.ord.tre,0.329773
ENSG00000160445.nuc.ord.aln,ENSG00000160445.nuc.ord.tre,0.773539
ENSG00000160446.nuc.ord.aln,ENSG00000160446.nuc.ord.tre,0.319483
ENSG00000160447.nuc.ord.aln,ENSG00000160447.nuc.ord.tre,1.296875
ENSG00000160469.nuc.ord.aln,ENSG00000160469.nuc.ord.tre,0.696829
ENSG00000160539.nuc.ord.aln,ENSG00000160539.nuc.ord.tre,0.320624
ENSG00000160551.nuc.ord.aln,ENSG00000160551.nuc.ord.tre,1.087704
ENSG00000160563.nuc.ord.aln,ENSG00000160563.nuc.ord.tre,0.355878
ENSG00000160588.nuc.ord.aln,ENSG00000160588.nuc.ord.tre,0.363842
ENSG00000160593.nuc.ord.aln,ENSG00000160593.nuc.ord.tre,0.399440
ENSG00000160602.nuc.ord.aln,ENSG00000160602.nuc.ord.tre,0.598162
ENSG00000160606.nuc.ord.aln,ENSG00000160606.nuc.ord.tre,0.322972
ENSG00000160613.nuc.ord.aln,ENSG00000160613.nuc.ord.tre,0.600675
ENSG00000160633.nuc.ord.aln,ENSG00000160633.nuc.ord.tre,0.921044
ENSG00000160654.nuc.ord.aln,ENSG00000160654.nuc.ord.tre,0.323722
ENSG00000160678.nuc.ord.aln,ENSG00000160678.nuc.ord.tre,0.242435
ENSG00000160688.nuc.ord.aln,ENSG00000160688.nuc.ord.tre,0.531232
ENSG00000160691.nuc.ord.aln,ENSG00000160691.nuc.ord.tre,0.520592
ENSG00000160695.nuc.ord.aln,ENSG00000160695.nuc.ord.tre,0.927736
ENSG00000160703.nuc.ord.aln,ENSG00000160703.nuc.ord.tre,0.918364
ENSG00000162337.nuc.ord.aln,ENSG00000162337.nuc.ord.tre,1.601763
ENSG00000162366.nuc.ord.aln,ENSG00000162366.nuc.ord.tre,0.198102
ENSG00000162368.nuc.ord.aln,ENSG00000162368.nuc.ord.tre,0.233322
ENSG00000162373.nuc.ord.aln,ENSG00000162373.nuc.ord.tre,0.462993
ENSG00000162374.nuc.ord.aln,ENSG00000162374.nuc.ord.tre,0.414039
ENSG00000162377.nuc.ord.aln,ENSG00000162377.nuc.ord.tre,0.297789
ENSG00000162378.nuc.ord.aln,ENSG00000162378.nuc.ord.tre,0.643388
ENSG00000162384.nuc.ord.aln,ENSG00000162384.nuc.ord.tre,0.354525
ENSG00000162390.nuc.ord.aln,ENSG00000162390.nuc.ord.tre,0.646154
ENSG00000162391.nuc.ord.aln,ENSG00000162391.nuc.ord.tre,0.372953
ENSG00000162398.nuc.ord.aln,ENSG00000162398.nuc.ord.tre,0.415877
ENSG00000162399.nuc.ord.aln,ENSG00000162399.nuc.ord.tre,0.412602
ENSG00000162402.nuc.ord.aln,ENSG00000162402.nuc.ord.tre,4.570030
ENSG00000162407.nuc.ord.aln,ENSG00000162407.nuc.ord.tre,0.362488
ENSG00000162408.nuc.ord.aln,ENSG00000162408.nuc.ord.tre,0.871702
ENSG00000162409.nuc.ord.aln,ENSG00000162409.nuc.ord.tre,0.512379
ENSG00000162419.nuc.ord.aln,ENSG00000162419.nuc.ord.tre,0.458809
ENSG00000162426.nuc.ord.aln,ENSG00000162426.nuc.ord.tre,0.660522
ENSG00000162430.nuc.ord.aln,ENSG00000162430.nuc.ord.tre,0.457990
ENSG00000162434.nuc.ord.aln,ENSG00000162434.nuc.ord.tre,1.213529
ENSG00000162437.nuc.ord.aln,ENSG00000162437.nuc.ord.tre,0.604165
ENSG00000162438.nuc.ord.aln,ENSG00000162438.nuc.ord.tre,0.373169
ENSG00000162441.nuc.ord.aln,ENSG00000162441.nuc.ord.tre,0.275049
ENSG00000162458.nuc.ord.aln,ENSG00000162458.nuc.ord.tre,0.382727
ENSG00000162461.nuc.ord.aln,ENSG00000162461.nuc.ord.tre,0.308515
ENSG00000162490.nuc.ord.aln,ENSG00000162490.nuc.ord.tre,0.337403
ENSG00000162493.nuc.ord.aln,ENSG00000162493.nuc.ord.tre,0.322340
ENSG00000162496.nuc.ord.aln,ENSG00000162496.nuc.ord.tre,0.481377
ENSG00000160710.nuc.ord.aln,ENSG00000160710.nuc.ord.tre,1.404466
ENSG00000160712.nuc.ord.aln,ENSG00000160712.nuc.ord.tre,0.397934
ENSG00000160714.nuc.ord.aln,ENSG00000160714.nuc.ord.tre,0.409066
ENSG00000160716.nuc.ord.aln,ENSG00000160716.nuc.ord.tre,0.334748
ENSG00000160746.nuc.ord.aln,ENSG00000160746.nuc.ord.tre,0.614014
ENSG00000160753.nuc.ord.aln,ENSG00000160753.nuc.ord.tre,1.086694
ENSG00000160785.nuc.ord.aln,ENSG00000160785.nuc.ord.tre,0.366349
ENSG00000160789.nuc.ord.aln,ENSG00000160789.nuc.ord.tre,0.556859
ENSG00000160796.nuc.ord.aln,ENSG00000160796.nuc.ord.tre,5.054767
ENSG00000160801.nuc.ord.aln,ENSG00000160801.nuc.ord.tre,1.594730
ENSG00000160808.nuc.ord.aln,ENSG00000160808.nuc.ord.tre,0.288067
ENSG00000160813.nuc.ord.aln,ENSG00000160813.nuc.ord.tre,0.305973
ENSG00000160818.nuc.ord.aln,ENSG00000160818.nuc.ord.tre,0.331715
ENSG00000160867.nuc.ord.aln,ENSG00000160867.nuc.ord.tre,2.134309
ENSG00000160877.nuc.ord.aln,ENSG00000160877.nuc.ord.tre,0.381348
ENSG00000160883.nuc.ord.aln,ENSG00000160883.nuc.ord.tre,0.883936
ENSG00000160948.nuc.ord.aln,ENSG00000160948.nuc.ord.tre,0.337455
ENSG00000160949.nuc.ord.aln,ENSG00000160949.nuc.ord.tre,1.509679
ENSG00000160951.nuc.ord.aln,ENSG00000160951.nuc.ord.tre,0.252721
ENSG00000160957.nuc.ord.aln,ENSG00000160957.nuc.ord.tre,1.652426
ENSG00000160967.nuc.ord.aln,ENSG00000160967.nuc.ord.tre,1.839231
ENSG00000160991.nuc.ord.aln,ENSG00000160991.nuc.ord.tre,0.351277
ENSG00000160993.nuc.ord.aln,ENSG00000160993.nuc.ord.tre,0.314924
ENSG00000160994.nuc.ord.aln,ENSG00000160994.nuc.ord.tre,0.339629
ENSG00000161011.nuc.ord.aln,ENSG00000161011.nuc.ord.tre,0.374809
ENSG00000161016.nuc.ord.aln,ENSG00000161016.nuc.ord.tre,0.171791
ENSG00000161021.nuc.ord.aln,ENSG00000161021.nuc.ord.tre,0.968898
ENSG00000161036.nuc.ord.aln,ENSG00000161036.nuc.ord.tre,0.492918
ENSG00000161040.nuc.ord.aln,ENSG00000161040.nuc.ord.tre,0.707548
ENSG00000161048.nuc.ord.aln,ENSG00000161048.nuc.ord.tre,0.530339
ENSG00000161055.nuc.ord.aln,ENSG00000161055.nuc.ord.tre,0.189021
ENSG00000161057.nuc.ord.aln,ENSG00000161057.nuc.ord.tre,0.497878
ENSG00000161091.nuc.ord.aln,ENSG00000161091.nuc.ord.tre,0.487324
ENSG00000161179.nuc.ord.aln,ENSG00000161179.nuc.ord.tre,0.287571
ENSG00000161202.nuc.ord.aln,ENSG00000161202.nuc.ord.tre,0.679974
ENSG00000161203.nuc.ord.aln,ENSG00000161203.nuc.ord.tre,0.366418
ENSG00000161204.nuc.ord.aln,ENSG00000161204.nuc.ord.tre,0.488606
ENSG00000161217.nuc.ord.aln,ENSG00000161217.nuc.ord.tre,0.408591
ENSG00000161243.nuc.ord.aln,ENSG00000161243.nuc.ord.tre,0.217766
ENSG00000161249.nuc.ord.aln,ENSG00000161249.nuc.ord.tre,0.720690
ENSG00000161265.nuc.ord.aln,ENSG00000161265.nuc.ord.tre,0.326261
ENSG00000161267.nuc.ord.aln,ENSG00000161267.nuc.ord.tre,0.348333
ENSG00000161270.nuc.ord.aln,ENSG00000161270.nuc.ord.tre,1.007830
ENSG00000161326.nuc.ord.aln,ENSG00000161326.nuc.ord.tre,0.275216
ENSG00000161328.nuc.ord.aln,ENSG00000161328.nuc.ord.tre,0.386429
ENSG00000161381.nuc.ord.aln,ENSG00000161381.nuc.ord.tre,0.718936
ENSG00000161395.nuc.ord.aln,ENSG00000161395.nuc.ord.tre,0.346666
ENSG00000161405.nuc.ord.aln,ENSG00000161405.nuc.ord.tre,0.474195
ENSG00000161509.nuc.ord.aln,ENSG00000161509.nuc.ord.tre,1.405083
ENSG00000161526.nuc.ord.aln,ENSG00000161526.nuc.ord.tre,0.434589
ENSG00000161533.nuc.ord.aln,ENSG00000161533.nuc.ord.tre,0.630877
ENSG00000161542.nuc.ord.aln,ENSG00000161542.nuc.ord.tre,0.416569
ENSG00000161544.nuc.ord.aln,ENSG00000161544.nuc.ord.tre,0.237146
ENSG00000161558.nuc.ord.aln,ENSG00000161558.nuc.ord.tre,0.384742
ENSG00000161594.nuc.ord.aln,ENSG00000161594.nuc.ord.tre,0.655156
ENSG00000161638.nuc.ord.aln,ENSG00000161638.nuc.ord.tre,1.186512
ENSG00000161647.nuc.ord.aln,ENSG00000161647.nuc.ord.tre,0.538237
ENSG00000161664.nuc.ord.aln,ENSG00000161664.nuc.ord.tre,0.379252
ENSG00000161677.nuc.ord.aln,ENSG00000161677.nuc.ord.tre,0.154546
ENSG00000161714.nuc.ord.aln,ENSG00000161714.nuc.ord.tre,0.720491
ENSG00000161791.nuc.ord.aln,ENSG00000161791.nuc.ord.tre,1.133107
ENSG00000161800.nuc.ord.aln,ENSG00000161800.nuc.ord.tre,0.521300
ENSG00000161813.nuc.ord.aln,ENSG00000161813.nuc.ord.tre,0.687706
ENSG00000161849.nuc.ord.aln,ENSG00000161849.nuc.ord.tre,0.532377
ENSG00000161850.nuc.ord.aln,ENSG00000161850.nuc.ord.tre,0.391262
ENSG00000161860.nuc.ord.aln,ENSG00000161860.nuc.ord.tre,0.275913
ENSG00000161896.nuc.ord.aln,ENSG00000161896.nuc.ord.tre,0.461233
ENSG00000161904.nuc.ord.aln,ENSG00000161904.nuc.ord.tre,0.444542
ENSG00000161905.nuc.ord.aln,ENSG00000161905.nuc.ord.tre,0.291897
ENSG00000161911.nuc.ord.aln,ENSG00000161911.nuc.ord.tre,0.413945
ENSG00000161920.nuc.ord.aln,ENSG00000161920.nuc.ord.tre,0.245802
ENSG00000161921.nuc.ord.aln,ENSG00000161921.nuc.ord.tre,0.290891
ENSG00000161929.nuc.ord.aln,ENSG00000161929.nuc.ord.tre,0.263090
ENSG00000161939.nuc.ord.aln,ENSG00000161939.nuc.ord.tre,0.276207
ENSG00000161940.nuc.ord.aln,ENSG00000161940.nuc.ord.tre,0.702287
ENSG00000161960.nuc.ord.aln,ENSG00000161960.nuc.ord.tre,0.283414
ENSG00000161973.nuc.ord.aln,ENSG00000161973.nuc.ord.tre,0.359620
ENSG00000161981.nuc.ord.aln,ENSG00000161981.nuc.ord.tre,0.336508
ENSG00000162032.nuc.ord.aln,ENSG00000162032.nuc.ord.tre,0.273698
ENSG00000162039.nuc.ord.aln,ENSG00000162039.nuc.ord.tre,0.466540
ENSG00000162040.nuc.ord.aln,ENSG00000162040.nuc.ord.tre,0.266358
ENSG00000162063.nuc.ord.aln,ENSG00000162063.nuc.ord.tre,0.700840
ENSG00000162065.nuc.ord.aln,ENSG00000162065.nuc.ord.tre,0.688996
ENSG00000162066.nuc.ord.aln,ENSG00000162066.nuc.ord.tre,0.518364
ENSG00000162068.nuc.ord.aln,ENSG00000162068.nuc.ord.tre,0.298174
ENSG00000162104.nuc.ord.aln,ENSG00000162104.nuc.ord.tre,1.253148
ENSG00000162105.nuc.ord.aln,ENSG00000162105.nuc.ord.tre,2.478571
ENSG00000162129.nuc.ord.aln,ENSG00000162129.nuc.ord.tre,0.654033
ENSG00000162139.nuc.ord.aln,ENSG00000162139.nuc.ord.tre,1.312696
ENSG00000162144.nuc.ord.aln,ENSG00000162144.nuc.ord.tre,0.390394
ENSG00000162174.nuc.ord.aln,ENSG00000162174.nuc.ord.tre,0.379436
ENSG00000162191.nuc.ord.aln,ENSG00000162191.nuc.ord.tre,0.423435
ENSG00000162222.nuc.ord.aln,ENSG00000162222.nuc.ord.tre,0.414392
ENSG00000162227.nuc.ord.aln,ENSG00000162227.nuc.ord.tre,0.414395
ENSG00000162236.nuc.ord.aln,ENSG00000162236.nuc.ord.tre,0.395297
ENSG00000162241.nuc.ord.aln,ENSG00000162241.nuc.ord.tre,0.447226
ENSG00000162267.nuc.ord.aln,ENSG00000162267.nuc.ord.tre,0.844379
ENSG00000162290.nuc.ord.aln,ENSG00000162290.nuc.ord.tre,0.594772
ENSG00000162298.nuc.ord.aln,ENSG00000162298.nuc.ord.tre,0.628219
ENSG00000162300.nuc.ord.aln,ENSG00000162300.nuc.ord.tre,0.351705
ENSG00000162989.nuc.ord.aln,ENSG00000162989.nuc.ord.tre,0.434549
ENSG00000162994.nuc.ord.aln,ENSG00000162994.nuc.ord.tre,0.649874
ENSG00000162998.nuc.ord.aln,ENSG00000162998.nuc.ord.tre,0.344856
ENSG00000162999.nuc.ord.aln,ENSG00000162999.nuc.ord.tre,0.355970
ENSG00000163001.nuc.ord.aln,ENSG00000163001.nuc.ord.tre,0.430501
ENSG00000163002.nuc.ord.aln,ENSG00000163002.nuc.ord.tre,0.388422
ENSG00000163006.nuc.ord.aln,ENSG00000163006.nuc.ord.tre,0.664454
ENSG00000163012.nuc.ord.aln,ENSG00000163012.nuc.ord.tre,0.521359
ENSG00000163017.nuc.ord.aln,ENSG00000163017.nuc.ord.tre,0.309621
ENSG00000163026.nuc.ord.aln,ENSG00000163026.nuc.ord.tre,0.596612
ENSG00000163029.nuc.ord.aln,ENSG00000163029.nuc.ord.tre,1.065325
ENSG00000163053.nuc.ord.aln,ENSG00000163053.nuc.ord.tre,0.447965
ENSG00000163069.nuc.ord.aln,ENSG00000163069.nuc.ord.tre,0.389305
ENSG00000163071.nuc.ord.aln,ENSG00000163071.nuc.ord.tre,0.648828
ENSG00000163072.nuc.ord.aln,ENSG00000163072.nuc.ord.tre,0.626861
ENSG00000163075.nuc.ord.aln,ENSG00000163075.nuc.ord.tre,0.802037
ENSG00000163082.nuc.ord.aln,ENSG00000163082.nuc.ord.tre,0.385060
ENSG00000163083.nuc.ord.aln,ENSG00000163083.nuc.ord.tre,0.283620
ENSG00000163092.nuc.ord.aln,ENSG00000163092.nuc.ord.tre,9.584973
ENSG00000163093.nuc.ord.aln,ENSG00000163093.nuc.ord.tre,0.482286
ENSG00000163104.nuc.ord.aln,ENSG00000163104.nuc.ord.tre,1.088078
ENSG00000163106.nuc.ord.aln,ENSG00000163106.nuc.ord.tre,0.314084
ENSG00000163110.nuc.ord.aln,ENSG00000163110.nuc.ord.tre,0.457268
ENSG00000163113.nuc.ord.aln,ENSG00000163113.nuc.ord.tre,0.638479
ENSG00000163116.nuc.ord.aln,ENSG00000163116.nuc.ord.tre,0.500311
ENSG00000163126.nuc.ord.aln,ENSG00000163126.nuc.ord.tre,0.322238
ENSG00000163131.nuc.ord.aln,ENSG00000163131.nuc.ord.tre,0.383809
ENSG00000163132.nuc.ord.aln,ENSG00000163132.nuc.ord.tre,0.298390
ENSG00000163138.nuc.ord.aln,ENSG00000163138.nuc.ord.tre,0.482422
ENSG00000163141.nuc.ord.aln,ENSG00000163141.nuc.ord.tre,0.391165
ENSG00000163145.nuc.ord.aln,ENSG00000163145.nuc.ord.tre,0.364901
ENSG00000163154.nuc.ord.aln,ENSG00000163154.nuc.ord.tre,0.270449
ENSG00000163155.nuc.ord.aln,ENSG00000163155.nuc.ord.tre,0.304960
ENSG00000163156.nuc.ord.aln,ENSG00000163156.nuc.ord.tre,0.306135
ENSG00000163157.nuc.ord.aln,ENSG00000163157.nuc.ord.tre,0.347091
ENSG00000163159.nuc.ord.aln,ENSG00000163159.nuc.ord.tre,0.366202
ENSG00000163161.nuc.ord.aln,ENSG00000163161.nuc.ord.tre,0.655565
ENSG00000163162.nuc.ord.aln,ENSG00000163162.nuc.ord.tre,0.390236
ENSG00000163166.nuc.ord.aln,ENSG00000163166.nuc.ord.tre,1.077920
ENSG00000163171.nuc.ord.aln,ENSG00000163171.nuc.ord.tre,0.294904
ENSG00000163214.nuc.ord.aln,ENSG00000163214.nuc.ord.tre,1.498987
ENSG00000163217.nuc.ord.aln,ENSG00000163217.nuc.ord.tre,0.420119
ENSG00000163219.nuc.ord.aln,ENSG00000163219.nuc.ord.tre,0.606039
ENSG00000163235.nuc.ord.aln,ENSG00000163235.nuc.ord.tre,0.518523
ENSG00000163263.nuc.ord.aln,ENSG00000163263.nuc.ord.tre,0.221257
ENSG00000163273.nuc.ord.aln,ENSG00000163273.nuc.ord.tre,0.216475
ENSG00000163281.nuc.ord.aln,ENSG00000163281.nuc.ord.tre,0.342259
ENSG00000163285.nuc.ord.aln,ENSG00000163285.nuc.ord.tre,0.491754
ENSG00000163288.nuc.ord.aln,ENSG00000163288.nuc.ord.tre,0.383410
ENSG00000163291.nuc.ord.aln,ENSG00000163291.nuc.ord.tre,0.362634
ENSG00000163293.nuc.ord.aln,ENSG00000163293.nuc.ord.tre,0.439706
ENSG00000163297.nuc.ord.aln,ENSG00000163297.nuc.ord.tre,0.477655
ENSG00000163312.nuc.ord.aln,ENSG00000163312.nuc.ord.tre,1.285416
ENSG00000163319.nuc.ord.aln,ENSG00000163319.nuc.ord.tre,0.254453
ENSG00000163328.nuc.ord.aln,ENSG00000163328.nuc.ord.tre,0.912203
ENSG00000163344.nuc.ord.aln,ENSG00000163344.nuc.ord.tre,0.321948
ENSG00000163347.nuc.ord.aln,ENSG00000163347.nuc.ord.tre,0.332144
ENSG00000163349.nuc.ord.aln,ENSG00000163349.nuc.ord.tre,1.434975
ENSG00000163357.nuc.ord.aln,ENSG00000163357.nuc.ord.tre,0.780229
ENSG00000163359.nuc.ord.aln,ENSG00000163359.nuc.ord.tre,6.771115
ENSG00000163376.nuc.ord.aln,ENSG00000163376.nuc.ord.tre,0.448741
ENSG00000163377.nuc.ord.aln,ENSG00000163377.nuc.ord.tre,0.296959
ENSG00000163378.nuc.ord.aln,ENSG00000163378.nuc.ord.tre,0.463387
ENSG00000163380.nuc.ord.aln,ENSG00000163380.nuc.ord.tre,0.504173
ENSG00000163389.nuc.ord.aln,ENSG00000163389.nuc.ord.tre,0.425580
ENSG00000163393.nuc.ord.aln,ENSG00000163393.nuc.ord.tre,0.416639
ENSG00000163394.nuc.ord.aln,ENSG00000163394.nuc.ord.tre,0.404923
ENSG00000163395.nuc.ord.aln,ENSG00000163395.nuc.ord.tre,0.910160
ENSG00000163399.nuc.ord.aln,ENSG00000163399.nuc.ord.tre,1.019301
ENSG00000163406.nuc.ord.aln,ENSG00000163406.nuc.ord.tre,0.655770
ENSG00000163412.nuc.ord.aln,ENSG00000163412.nuc.ord.tre,0.354455
ENSG00000163428.nuc.ord.aln,ENSG00000163428.nuc.ord.tre,0.382820
ENSG00000163808.nuc.ord.aln,ENSG00000163808.nuc.ord.tre,1.526816
ENSG00000163811.nuc.ord.aln,ENSG00000163811.nuc.ord.tre,0.875808
ENSG00000163812.nuc.ord.aln,ENSG00000163812.nuc.ord.tre,0.275949
ENSG00000163814.nuc.ord.aln,ENSG00000163814.nuc.ord.tre,0.831129
ENSG00000163818.nuc.ord.aln,ENSG00000163818.nuc.ord.tre,0.317293
ENSG00000163820.nuc.ord.aln,ENSG00000163820.nuc.ord.tre,1.803313
ENSG00000163827.nuc.ord.aln,ENSG00000163827.nuc.ord.tre,0.381058
ENSG00000163832.nuc.ord.aln,ENSG00000163832.nuc.ord.tre,0.370030
ENSG00000163833.nuc.ord.aln,ENSG00000163833.nuc.ord.tre,0.652850
ENSG00000163840.nuc.ord.aln,ENSG00000163840.nuc.ord.tre,0.685595
ENSG00000163848.nuc.ord.aln,ENSG00000163848.nuc.ord.tre,0.727536
ENSG00000163864.nuc.ord.aln,ENSG00000163864.nuc.ord.tre,0.348772
ENSG00000163870.nuc.ord.aln,ENSG00000163870.nuc.ord.tre,0.318014
ENSG00000163872.nuc.ord.aln,ENSG00000163872.nuc.ord.tre,2.034648
ENSG00000163873.nuc.ord.aln,ENSG00000163873.nuc.ord.tre,0.953096
ENSG00000163874.nuc.ord.aln,ENSG00000163874.nuc.ord.tre,0.484895
ENSG00000163875.nuc.ord.aln,ENSG00000163875.nuc.ord.tre,0.425010
ENSG00000163877.nuc.ord.aln,ENSG00000163877.nuc.ord.tre,0.302286
ENSG00000163879.nuc.ord.aln,ENSG00000163879.nuc.ord.tre,0.339871
ENSG00000163882.nuc.ord.aln,ENSG00000163882.nuc.ord.tre,0.330614
ENSG00000163885.nuc.ord.aln,ENSG00000163885.nuc.ord.tre,0.532911
ENSG00000163898.nuc.ord.aln,ENSG00000163898.nuc.ord.tre,0.427451
ENSG00000163900.nuc.ord.aln,ENSG00000163900.nuc.ord.tre,0.347539
ENSG00000163902.nuc.ord.aln,ENSG00000163902.nuc.ord.tre,0.416040
ENSG00000163904.nuc.ord.aln,ENSG00000163904.nuc.ord.tre,0.607187
ENSG00000163914.nuc.ord.aln,ENSG00000163914.nuc.ord.tre,0.381821
ENSG00000163918.nuc.ord.aln,ENSG00000163918.nuc.ord.tre,0.389120
ENSG00000163930.nuc.ord.aln,ENSG00000163930.nuc.ord.tre,0.657182
ENSG00000163430.nuc.ord.aln,ENSG00000163430.nuc.ord.tre,0.366242
ENSG00000163431.nuc.ord.aln,ENSG00000163431.nuc.ord.tre,0.703381
ENSG00000163435.nuc.ord.aln,ENSG00000163435.nuc.ord.tre,0.394289
ENSG00000163440.nuc.ord.aln,ENSG00000163440.nuc.ord.tre,0.337961
ENSG00000163444.nuc.ord.aln,ENSG00000163444.nuc.ord.tre,0.485739
ENSG00000163449.nuc.ord.aln,ENSG00000163449.nuc.ord.tre,0.255421
ENSG00000163462.nuc.ord.aln,ENSG00000163462.nuc.ord.tre,0.523497
ENSG00000163463.nuc.ord.aln,ENSG00000163463.nuc.ord.tre,0.361044
ENSG00000163466.nuc.ord.aln,ENSG00000163466.nuc.ord.tre,0.395853
ENSG00000163467.nuc.ord.aln,ENSG00000163467.nuc.ord.tre,0.239183
ENSG00000163468.nuc.ord.aln,ENSG00000163468.nuc.ord.tre,0.420373
ENSG00000163472.nuc.ord.aln,ENSG00000163472.nuc.ord.tre,0.388267
ENSG00000163479.nuc.ord.aln,ENSG00000163479.nuc.ord.tre,0.291423
ENSG00000163481.nuc.ord.aln,ENSG00000163481.nuc.ord.tre,0.417041
ENSG00000163482.nuc.ord.aln,ENSG00000163482.nuc.ord.tre,1.421487
ENSG00000163485.nuc.ord.aln,ENSG00000163485.nuc.ord.tre,0.331241
ENSG00000163486.nuc.ord.aln,ENSG00000163486.nuc.ord.tre,1.245710
ENSG00000163491.nuc.ord.aln,ENSG00000163491.nuc.ord.tre,1.289794
ENSG00000163492.nuc.ord.aln,ENSG00000163492.nuc.ord.tre,1.637226
ENSG00000163499.nuc.ord.aln,ENSG00000163499.nuc.ord.tre,0.248678
ENSG00000163501.nuc.ord.aln,ENSG00000163501.nuc.ord.tre,0.348229
ENSG00000163507.nuc.ord.aln,ENSG00000163507.nuc.ord.tre,0.889137
ENSG00000163508.nuc.ord.aln,ENSG00000163508.nuc.ord.tre,0.607223
ENSG00000163512.nuc.ord.aln,ENSG00000163512.nuc.ord.tre,0.423705
ENSG00000163513.nuc.ord.aln,ENSG00000163513.nuc.ord.tre,0.436638
ENSG00000163516.nuc.ord.aln,ENSG00000163516.nuc.ord.tre,0.756058
ENSG00000163517.nuc.ord.aln,ENSG00000163517.nuc.ord.tre,0.383689
ENSG00000163519.nuc.ord.aln,ENSG00000163519.nuc.ord.tre,0.352819
ENSG00000163521.nuc.ord.aln,ENSG00000163521.nuc.ord.tre,0.607475
ENSG00000163527.nuc.ord.aln,ENSG00000163527.nuc.ord.tre,0.801016
ENSG00000163531.nuc.ord.aln,ENSG00000163531.nuc.ord.tre,1.762817
ENSG00000163535.nuc.ord.aln,ENSG00000163535.nuc.ord.tre,1.194810
ENSG00000163536.nuc.ord.aln,ENSG00000163536.nuc.ord.tre,0.395008
ENSG00000163539.nuc.ord.aln,ENSG00000163539.nuc.ord.tre,1.978626
ENSG00000163541.nuc.ord.aln,ENSG00000163541.nuc.ord.tre,0.426652
ENSG00000163545.nuc.ord.aln,ENSG00000163545.nuc.ord.tre,0.651860
ENSG00000163554.nuc.ord.aln,ENSG00000163554.nuc.ord.tre,4.358776
ENSG00000163576.nuc.ord.aln,ENSG00000163576.nuc.ord.tre,0.911493
ENSG00000163577.nuc.ord.aln,ENSG00000163577.nuc.ord.tre,0.306900
ENSG00000163581.nuc.ord.aln,ENSG00000163581.nuc.ord.tre,0.460279
ENSG00000163584.nuc.ord.aln,ENSG00000163584.nuc.ord.tre,0.234103
ENSG00000163590.nuc.ord.aln,ENSG00000163590.nuc.ord.tre,0.366329
ENSG00000163596.nuc.ord.aln,ENSG00000163596.nuc.ord.tre,0.345556
ENSG00000163599.nuc.ord.aln,ENSG00000163599.nuc.ord.tre,0.316034
ENSG00000163600.nuc.ord.aln,ENSG00000163600.nuc.ord.tre,0.306123
ENSG00000163607.nuc.ord.aln,ENSG00000163607.nuc.ord.tre,0.479843
ENSG00000163608.nuc.ord.aln,ENSG00000163608.nuc.ord.tre,0.526686
ENSG00000163611.nuc.ord.aln,ENSG00000163611.nuc.ord.tre,0.812644
ENSG00000163617.nuc.ord.aln,ENSG00000163617.nuc.ord.tre,1.112700
ENSG00000163618.nuc.ord.aln,ENSG00000163618.nuc.ord.tre,1.135143
ENSG00000163624.nuc.ord.aln,ENSG00000163624.nuc.ord.tre,0.427528
ENSG00000163625.nuc.ord.aln,ENSG00000163625.nuc.ord.tre,7.959236
ENSG00000163629.nuc.ord.aln,ENSG00000163629.nuc.ord.tre,3.998996
ENSG00000163630.nuc.ord.aln,ENSG00000163630.nuc.ord.tre,0.412280
ENSG00000163631.nuc.ord.aln,ENSG00000163631.nuc.ord.tre,0.499054
ENSG00000163632.nuc.ord.aln,ENSG00000163632.nuc.ord.tre,0.405993
ENSG00000163633.nuc.ord.aln,ENSG00000163633.nuc.ord.tre,0.246863
ENSG00000163634.nuc.ord.aln,ENSG00000163634.nuc.ord.tre,0.267744
ENSG00000163635.nuc.ord.aln,ENSG00000163635.nuc.ord.tre,0.821174
ENSG00000163636.nuc.ord.aln,ENSG00000163636.nuc.ord.tre,0.436047
ENSG00000163637.nuc.ord.aln,ENSG00000163637.nuc.ord.tre,0.853742
ENSG00000163638.nuc.ord.aln,ENSG00000163638.nuc.ord.tre,2.639679
ENSG00000163644.nuc.ord.aln,ENSG00000163644.nuc.ord.tre,0.369813
ENSG00000163645.nuc.ord.aln,ENSG00000163645.nuc.ord.tre,0.873422
ENSG00000163646.nuc.ord.aln,ENSG00000163646.nuc.ord.tre,0.354761
ENSG00000163655.nuc.ord.aln,ENSG00000163655.nuc.ord.tre,0.971899
ENSG00000163659.nuc.ord.aln,ENSG00000163659.nuc.ord.tre,0.578706
ENSG00000163660.nuc.ord.aln,ENSG00000163660.nuc.ord.tre,0.483718
ENSG00000163661.nuc.ord.aln,ENSG00000163661.nuc.ord.tre,0.417333
ENSG00000163666.nuc.ord.aln,ENSG00000163666.nuc.ord.tre,0.300692
ENSG00000163673.nuc.ord.aln,ENSG00000163673.nuc.ord.tre,0.681181
ENSG00000163681.nuc.ord.aln,ENSG00000163681.nuc.ord.tre,0.911714
ENSG00000163683.nuc.ord.aln,ENSG00000163683.nuc.ord.tre,0.213121
ENSG00000163684.nuc.ord.aln,ENSG00000163684.nuc.ord.tre,0.231912
ENSG00000163686.nuc.ord.aln,ENSG00000163686.nuc.ord.tre,0.415747
ENSG00000163687.nuc.ord.aln,ENSG00000163687.nuc.ord.tre,0.390358
ENSG00000163689.nuc.ord.aln,ENSG00000163689.nuc.ord.tre,1.112132
ENSG00000163694.nuc.ord.aln,ENSG00000163694.nuc.ord.tre,0.534039
ENSG00000163697.nuc.ord.aln,ENSG00000163697.nuc.ord.tre,1.176161
ENSG00000163701.nuc.ord.aln,ENSG00000163701.nuc.ord.tre,0.583736
ENSG00000163702.nuc.ord.aln,ENSG00000163702.nuc.ord.tre,0.715884
ENSG00000163710.nuc.ord.aln,ENSG00000163710.nuc.ord.tre,0.417155
ENSG00000163714.nuc.ord.aln,ENSG00000163714.nuc.ord.tre,1.310644
ENSG00000163719.nuc.ord.aln,ENSG00000163719.nuc.ord.tre,0.592961
ENSG00000163728.nuc.ord.aln,ENSG00000163728.nuc.ord.tre,0.820824
ENSG00000163738.nuc.ord.aln,ENSG00000163738.nuc.ord.tre,0.416975
ENSG00000163743.nuc.ord.aln,ENSG00000163743.nuc.ord.tre,0.309094
ENSG00000163749.nuc.ord.aln,ENSG00000163749.nuc.ord.tre,0.666270
ENSG00000163751.nuc.ord.aln,ENSG00000163751.nuc.ord.tre,0.367668
ENSG00000163754.nuc.ord.aln,ENSG00000163754.nuc.ord.tre,0.462762
ENSG00000163755.nuc.ord.aln,ENSG00000163755.nuc.ord.tre,1.060450
ENSG00000163781.nuc.ord.aln,ENSG00000163781.nuc.ord.tre,2.087390
ENSG00000163785.nuc.ord.aln,ENSG00000163785.nuc.ord.tre,0.694680
ENSG00000163788.nuc.ord.aln,ENSG00000163788.nuc.ord.tre,0.692737
ENSG00000163792.nuc.ord.aln,ENSG00000163792.nuc.ord.tre,0.301245
ENSG00000163793.nuc.ord.aln,ENSG00000163793.nuc.ord.tre,0.260856
ENSG00000163795.nuc.ord.aln,ENSG00000163795.nuc.ord.tre,0.421503
ENSG00000163798.nuc.ord.aln,ENSG00000163798.nuc.ord.tre,0.679028
ENSG00000163803.nuc.ord.aln,ENSG00000163803.nuc.ord.tre,1.854702
ENSG00000163806.nuc.ord.aln,ENSG00000163806.nuc.ord.tre,0.238206
ENSG00000163931.nuc.ord.aln,ENSG00000163931.nuc.ord.tre,0.556710
ENSG00000163932.nuc.ord.aln,ENSG00000163932.nuc.ord.tre,0.639835
ENSG00000163933.nuc.ord.aln,ENSG00000163933.nuc.ord.tre,0.490396
ENSG00000163935.nuc.ord.aln,ENSG00000163935.nuc.ord.tre,1.014089
ENSG00000163938.nuc.ord.aln,ENSG00000163938.nuc.ord.tre,0.497667
ENSG00000163939.nuc.ord.aln,ENSG00000163939.nuc.ord.tre,2.176923
ENSG00000163945.nuc.ord.aln,ENSG00000163945.nuc.ord.tre,0.860840
ENSG00000163946.nuc.ord.aln,ENSG00000163946.nuc.ord.tre,2.191675
ENSG00000163947.nuc.ord.aln,ENSG00000163947.nuc.ord.tre,0.717050
ENSG00000163950.nuc.ord.aln,ENSG00000163950.nuc.ord.tre,0.305175
ENSG00000163956.nuc.ord.aln,ENSG00000163956.nuc.ord.tre,0.297248
ENSG00000163958.nuc.ord.aln,ENSG00000163958.nuc.ord.tre,0.359095
ENSG00000163959.nuc.ord.aln,ENSG00000163959.nuc.ord.tre,0.397334
ENSG00000163960.nuc.ord.aln,ENSG00000163960.nuc.ord.tre,0.455132
ENSG00000163964.nuc.ord.aln,ENSG00000163964.nuc.ord.tre,0.355262
ENSG00000163975.nuc.ord.aln,ENSG00000163975.nuc.ord.tre,0.755892
ENSG00000163982.nuc.ord.aln,ENSG00000163982.nuc.ord.tre,0.418453
ENSG00000163995.nuc.ord.aln,ENSG00000163995.nuc.ord.tre,0.570301
ENSG00000164007.nuc.ord.aln,ENSG00000164007.nuc.ord.tre,0.246810
ENSG00000164010.nuc.ord.aln,ENSG00000164010.nuc.ord.tre,0.409800
ENSG00000164011.nuc.ord.aln,ENSG00000164011.nuc.ord.tre,0.407293
ENSG00000164022.nuc.ord.aln,ENSG00000164022.nuc.ord.tre,0.352230
ENSG00000164023.nuc.ord.aln,ENSG00000164023.nuc.ord.tre,0.422990
ENSG00000164024.nuc.ord.aln,ENSG00000164024.nuc.ord.tre,0.383593
ENSG00000164031.nuc.ord.aln,ENSG00000164031.nuc.ord.tre,0.387110
ENSG00000164038.nuc.ord.aln,ENSG00000164038.nuc.ord.tre,0.425304
ENSG00000164039.nuc.ord.aln,ENSG00000164039.nuc.ord.tre,0.472469
ENSG00000164040.nuc.ord.aln,ENSG00000164040.nuc.ord.tre,0.285009
ENSG00000164045.nuc.ord.aln,ENSG00000164045.nuc.ord.tre,0.505069
ENSG00000164047.nuc.ord.aln,ENSG00000164047.nuc.ord.tre,0.264425
ENSG00000164053.nuc.ord.aln,ENSG00000164053.nuc.ord.tre,0.770638
ENSG00000164056.nuc.ord.aln,ENSG00000164056.nuc.ord.tre,0.272976
ENSG00000164066.nuc.ord.aln,ENSG00000164066.nuc.ord.tre,0.816209
ENSG00000164068.nuc.ord.aln,ENSG00000164068.nuc.ord.tre,1.482791
ENSG00000164070.nuc.ord.aln,ENSG00000164070.nuc.ord.tre,0.829344
ENSG00000164073.nuc.ord.aln,ENSG00000164073.nuc.ord.tre,0.435639
ENSG00000164076.nuc.ord.aln,ENSG00000164076.nuc.ord.tre,0.423070
ENSG00000164077.nuc.ord.aln,ENSG00000164077.nuc.ord.tre,0.518198
ENSG00000164078.nuc.ord.aln,ENSG00000164078.nuc.ord.tre,1.676727
ENSG00000164080.nuc.ord.aln,ENSG00000164080.nuc.ord.tre,1.764841
ENSG00000164081.nuc.ord.aln,ENSG00000164081.nuc.ord.tre,0.314750
ENSG00000164086.nuc.ord.aln,ENSG00000164086.nuc.ord.tre,0.304934
ENSG00000164087.nuc.ord.aln,ENSG00000164087.nuc.ord.tre,0.425772
ENSG00000164088.nuc.ord.aln,ENSG00000164088.nuc.ord.tre,0.487882
ENSG00000164089.nuc.ord.aln,ENSG00000164089.nuc.ord.tre,0.458786
ENSG00000164091.nuc.ord.aln,ENSG00000164091.nuc.ord.tre,0.508732
ENSG00000164093.nuc.ord.aln,ENSG00000164093.nuc.ord.tre,0.487864
ENSG00000164099.nuc.ord.aln,ENSG00000164099.nuc.ord.tre,0.869295
ENSG00000164100.nuc.ord.aln,ENSG00000164100.nuc.ord.tre,0.808403
ENSG00000164105.nuc.ord.aln,ENSG00000164105.nuc.ord.tre,0.311687
ENSG00000164106.nuc.ord.aln,ENSG00000164106.nuc.ord.tre,0.223019
ENSG00000164107.nuc.ord.aln,ENSG00000164107.nuc.ord.tre,0.241699
ENSG00000164111.nuc.ord.aln,ENSG00000164111.nuc.ord.tre,0.381639
ENSG00000164113.nuc.ord.aln,ENSG00000164113.nuc.ord.tre,0.535335
ENSG00000164114.nuc.ord.aln,ENSG00000164114.nuc.ord.tre,0.621207
ENSG00000164116.nuc.ord.aln,ENSG00000164116.nuc.ord.tre,0.558912
ENSG00000164117.nuc.ord.aln,ENSG00000164117.nuc.ord.tre,0.241069
ENSG00000164118.nuc.ord.aln,ENSG00000164118.nuc.ord.tre,0.413336
ENSG00000164120.nuc.ord.aln,ENSG00000164120.nuc.ord.tre,0.364407
ENSG00000164122.nuc.ord.aln,ENSG00000164122.nuc.ord.tre,0.446699
ENSG00000164124.nuc.ord.aln,ENSG00000164124.nuc.ord.tre,0.412173
ENSG00000164125.nuc.ord.aln,ENSG00000164125.nuc.ord.tre,0.531725
ENSG00000164128.nuc.ord.aln,ENSG00000164128.nuc.ord.tre,0.394136
ENSG00000164134.nuc.ord.aln,ENSG00000164134.nuc.ord.tre,1.070899
ENSG00000164142.nuc.ord.aln,ENSG00000164142.nuc.ord.tre,2.176817
ENSG00000164144.nuc.ord.aln,ENSG00000164144.nuc.ord.tre,0.425249
ENSG00000164151.nuc.ord.aln,ENSG00000164151.nuc.ord.tre,3.222872
ENSG00000164161.nuc.ord.aln,ENSG00000164161.nuc.ord.tre,0.635869
ENSG00000164162.nuc.ord.aln,ENSG00000164162.nuc.ord.tre,0.297709
ENSG00000164163.nuc.ord.aln,ENSG00000164163.nuc.ord.tre,0.495060
ENSG00000164169.nuc.ord.aln,ENSG00000164169.nuc.ord.tre,0.838647
ENSG00000164171.nuc.ord.aln,ENSG00000164171.nuc.ord.tre,1.251040
ENSG00000164172.nuc.ord.aln,ENSG00000164172.nuc.ord.tre,0.456848
ENSG00000164175.nuc.ord.aln,ENSG00000164175.nuc.ord.tre,0.635457
ENSG00000164180.nuc.ord.aln,ENSG00000164180.nuc.ord.tre,0.432766
ENSG00000164181.nuc.ord.aln,ENSG00000164181.nuc.ord.tre,0.349000
ENSG00000164182.nuc.ord.aln,ENSG00000164182.nuc.ord.tre,0.272397
ENSG00000164187.nuc.ord.aln,ENSG00000164187.nuc.ord.tre,0.600009
ENSG00000164188.nuc.ord.aln,ENSG00000164188.nuc.ord.tre,0.499783
ENSG00000164190.nuc.ord.aln,ENSG00000164190.nuc.ord.tre,5.033661
ENSG00000164197.nuc.ord.aln,ENSG00000164197.nuc.ord.tre,0.524242
ENSG00000164209.nuc.ord.aln,ENSG00000164209.nuc.ord.tre,0.438259
ENSG00000164211.nuc.ord.aln,ENSG00000164211.nuc.ord.tre,0.326748
ENSG00000164220.nuc.ord.aln,ENSG00000164220.nuc.ord.tre,0.331409
ENSG00000164236.nuc.ord.aln,ENSG00000164236.nuc.ord.tre,0.352234
ENSG00000164241.nuc.ord.aln,ENSG00000164241.nuc.ord.tre,0.251214
ENSG00000164244.nuc.ord.aln,ENSG00000164244.nuc.ord.tre,0.467813
ENSG00000164251.nuc.ord.aln,ENSG00000164251.nuc.ord.tre,0.407757
ENSG00000164253.nuc.ord.aln,ENSG00000164253.nuc.ord.tre,0.537823
ENSG00000164258.nuc.ord.aln,ENSG00000164258.nuc.ord.tre,0.326948
ENSG00000164265.nuc.ord.aln,ENSG00000164265.nuc.ord.tre,0.227035
ENSG00000164270.nuc.ord.aln,ENSG00000164270.nuc.ord.tre,0.502724
ENSG00000164283.nuc.ord.aln,ENSG00000164283.nuc.ord.tre,0.280210
ENSG00000164284.nuc.ord.aln,ENSG00000164284.nuc.ord.tre,0.276339
ENSG00000164287.nuc.ord.aln,ENSG00000164287.nuc.ord.tre,0.393005
ENSG00000164291.nuc.ord.aln,ENSG00000164291.nuc.ord.tre,0.545185
ENSG00000164292.nuc.ord.aln,ENSG00000164292.nuc.ord.tre,0.588639
ENSG00000164294.nuc.ord.aln,ENSG00000164294.nuc.ord.tre,0.297108
ENSG00000164300.nuc.ord.aln,ENSG00000164300.nuc.ord.tre,0.465330
ENSG00000164303.nuc.ord.aln,ENSG00000164303.nuc.ord.tre,0.473530
ENSG00000164304.nuc.ord.aln,ENSG00000164304.nuc.ord.tre,0.896008
ENSG00000164305.nuc.ord.aln,ENSG00000164305.nuc.ord.tre,0.328747
ENSG00000164306.nuc.ord.aln,ENSG00000164306.nuc.ord.tre,0.629346
ENSG00000164307.nuc.ord.aln,ENSG00000164307.nuc.ord.tre,1.134208
ENSG00000164318.nuc.ord.aln,ENSG00000164318.nuc.ord.tre,1.091359
ENSG00000164323.nuc.ord.aln,ENSG00000164323.nuc.ord.tre,0.457608
ENSG00000164325.nuc.ord.aln,ENSG00000164325.nuc.ord.tre,0.325911
ENSG00000164326.nuc.ord.aln,ENSG00000164326.nuc.ord.tre,0.230685
ENSG00000164327.nuc.ord.aln,ENSG00000164327.nuc.ord.tre,2.194767
ENSG00000164329.nuc.ord.aln,ENSG00000164329.nuc.ord.tre,0.455429
ENSG00000164330.nuc.ord.aln,ENSG00000164330.nuc.ord.tre,0.570072
ENSG00000164331.nuc.ord.aln,ENSG00000164331.nuc.ord.tre,0.365103
ENSG00000164332.nuc.ord.aln,ENSG00000164332.nuc.ord.tre,0.347719
ENSG00000164334.nuc.ord.aln,ENSG00000164334.nuc.ord.tre,0.390458
ENSG00000164338.nuc.ord.aln,ENSG00000164338.nuc.ord.tre,0.476394
ENSG00000164342.nuc.ord.aln,ENSG00000164342.nuc.ord.tre,0.797058
ENSG00000164344.nuc.ord.aln,ENSG00000164344.nuc.ord.tre,0.582584
ENSG00000164347.nuc.ord.aln,ENSG00000164347.nuc.ord.tre,0.959928
ENSG00000164362.nuc.ord.aln,ENSG00000164362.nuc.ord.tre,1.120127
ENSG00000164366.nuc.ord.aln,ENSG00000164366.nuc.ord.tre,0.338899
ENSG00000164393.nuc.ord.aln,ENSG00000164393.nuc.ord.tre,0.697579
ENSG00000164398.nuc.ord.aln,ENSG00000164398.nuc.ord.tre,0.739405
ENSG00000164402.nuc.ord.aln,ENSG00000164402.nuc.ord.tre,0.401264
ENSG00000164403.nuc.ord.aln,ENSG00000164403.nuc.ord.tre,0.725202
ENSG00000164404.nuc.ord.aln,ENSG00000164404.nuc.ord.tre,0.402616
ENSG00000164405.nuc.ord.aln,ENSG00000164405.nuc.ord.tre,0.218724
ENSG00000164414.nuc.ord.aln,ENSG00000164414.nuc.ord.tre,0.268146
ENSG00000164418.nuc.ord.aln,ENSG00000164418.nuc.ord.tre,1.005278
ENSG00000164430.nuc.ord.aln,ENSG00000164430.nuc.ord.tre,0.461473
ENSG00000164434.nuc.ord.aln,ENSG00000164434.nuc.ord.tre,0.250379
ENSG00000164438.nuc.ord.aln,ENSG00000164438.nuc.ord.tre,0.305449
ENSG00000164440.nuc.ord.aln,ENSG00000164440.nuc.ord.tre,0.909722
ENSG00000164451.nuc.ord.aln,ENSG00000164451.nuc.ord.tre,0.366154
ENSG00000164458.nuc.ord.aln,ENSG00000164458.nuc.ord.tre,0.466524
ENSG00000164463.nuc.ord.aln,ENSG00000164463.nuc.ord.tre,0.744398
ENSG00000164465.nuc.ord.aln,ENSG00000164465.nuc.ord.tre,0.669967
ENSG00000164466.nuc.ord.aln,ENSG00000164466.nuc.ord.tre,0.377270
ENSG00000164483.nuc.ord.aln,ENSG00000164483.nuc.ord.tre,0.539751
ENSG00000164484.nuc.ord.aln,ENSG00000164484.nuc.ord.tre,0.358918
ENSG00000164485.nuc.ord.aln,ENSG00000164485.nuc.ord.tre,0.352009
ENSG00000164488.nuc.ord.aln,ENSG00000164488.nuc.ord.tre,0.526571
ENSG00000164494.nuc.ord.aln,ENSG00000164494.nuc.ord.tre,0.440351
ENSG00000164506.nuc.ord.aln,ENSG00000164506.nuc.ord.tre,1.475477
ENSG00000164512.nuc.ord.aln,ENSG00000164512.nuc.ord.tre,0.475670
ENSG00000164532.nuc.ord.aln,ENSG00000164532.nuc.ord.tre,0.412669
ENSG00000164535.nuc.ord.aln,ENSG00000164535.nuc.ord.tre,0.620544
ENSG00000164542.nuc.ord.aln,ENSG00000164542.nuc.ord.tre,0.756818
ENSG00000164548.nuc.ord.aln,ENSG00000164548.nuc.ord.tre,0.365838
ENSG00000164574.nuc.ord.aln,ENSG00000164574.nuc.ord.tre,0.614897
ENSG00000164576.nuc.ord.aln,ENSG00000164576.nuc.ord.tre,0.313996
ENSG00000164588.nuc.ord.aln,ENSG00000164588.nuc.ord.tre,0.744096
ENSG00000164591.nuc.ord.aln,ENSG00000164591.nuc.ord.tre,0.290344
ENSG00000164597.nuc.ord.aln,ENSG00000164597.nuc.ord.tre,0.857302
ENSG00000164600.nuc.ord.aln,ENSG00000164600.nuc.ord.tre,0.268857
ENSG00000164603.nuc.ord.aln,ENSG00000164603.nuc.ord.tre,0.379238
ENSG00000167646.nuc.ord.aln,ENSG00000167646.nuc.ord.tre,0.601978
ENSG00000167656.nuc.ord.aln,ENSG00000167656.nuc.ord.tre,0.170025
ENSG00000167658.nuc.ord.aln,ENSG00000167658.nuc.ord.tre,0.647143
ENSG00000167670.nuc.ord.aln,ENSG00000167670.nuc.ord.tre,1.114545
ENSG00000167674.nuc.ord.aln,ENSG00000167674.nuc.ord.tre,0.559913
ENSG00000167680.nuc.ord.aln,ENSG00000167680.nuc.ord.tre,0.560619
ENSG00000167693.nuc.ord.aln,ENSG00000167693.nuc.ord.tre,0.378806
ENSG00000167695.nuc.ord.aln,ENSG00000167695.nuc.ord.tre,0.414416
ENSG00000167699.nuc.ord.aln,ENSG00000167699.nuc.ord.tre,0.675582
ENSG00000167700.nuc.ord.aln,ENSG00000167700.nuc.ord.tre,0.369909
ENSG00000167703.nuc.ord.aln,ENSG00000167703.nuc.ord.tre,0.652875
ENSG00000167711.nuc.ord.aln,ENSG00000167711.nuc.ord.tre,0.420357
ENSG00000167720.nuc.ord.aln,ENSG00000167720.nuc.ord.tre,0.366443
ENSG00000167721.nuc.ord.aln,ENSG00000167721.nuc.ord.tre,0.872727
ENSG00000167723.nuc.ord.aln,ENSG00000167723.nuc.ord.tre,0.521337
ENSG00000167740.nuc.ord.aln,ENSG00000167740.nuc.ord.tre,0.318134
ENSG00000167754.nuc.ord.aln,ENSG00000167754.nuc.ord.tre,0.232370
ENSG00000167755.nuc.ord.aln,ENSG00000167755.nuc.ord.tre,0.214331
ENSG00000167769.nuc.ord.aln,ENSG00000167769.nuc.ord.tre,0.277995
ENSG00000167771.nuc.ord.aln,ENSG00000167771.nuc.ord.tre,0.348151
ENSG00000167772.nuc.ord.aln,ENSG00000167772.nuc.ord.tre,0.391352
ENSG00000167774.nuc.ord.aln,ENSG00000167774.nuc.ord.tre,0.235288
ENSG00000167778.nuc.ord.aln,ENSG00000167778.nuc.ord.tre,0.425672
ENSG00000167779.nuc.ord.aln,ENSG00000167779.nuc.ord.tre,0.309505
ENSG00000167780.nuc.ord.aln,ENSG00000167780.nuc.ord.tre,0.502130
ENSG00000167792.nuc.ord.aln,ENSG00000167792.nuc.ord.tre,0.375337
ENSG00000167797.nuc.ord.aln,ENSG00000167797.nuc.ord.tre,0.196492
ENSG00000167799.nuc.ord.aln,ENSG00000167799.nuc.ord.tre,0.235762
ENSG00000167815.nuc.ord.aln,ENSG00000167815.nuc.ord.tre,0.289615
ENSG00000167825.nuc.ord.aln,ENSG00000167825.nuc.ord.tre,0.169906
ENSG00000167858.nuc.ord.aln,ENSG00000167858.nuc.ord.tre,0.350695
ENSG00000167862.nuc.ord.aln,ENSG00000167862.nuc.ord.tre,0.332158
ENSG00000167874.nuc.ord.aln,ENSG00000167874.nuc.ord.tre,0.279223
ENSG00000167880.nuc.ord.aln,ENSG00000167880.nuc.ord.tre,2.653190
ENSG00000167881.nuc.ord.aln,ENSG00000167881.nuc.ord.tre,0.646654
ENSG00000167889.nuc.ord.aln,ENSG00000167889.nuc.ord.tre,0.728401
ENSG00000167904.nuc.ord.aln,ENSG00000167904.nuc.ord.tre,0.380074
ENSG00000167910.nuc.ord.aln,ENSG00000167910.nuc.ord.tre,0.466843
ENSG00000167916.nuc.ord.aln,ENSG00000167916.nuc.ord.tre,0.407351
ENSG00000167930.nuc.ord.aln,ENSG00000167930.nuc.ord.tre,0.585082
ENSG00000167962.nuc.ord.aln,ENSG00000167962.nuc.ord.tre,0.794264
ENSG00000167965.nuc.ord.aln,ENSG00000167965.nuc.ord.tre,0.353961
ENSG00000167967.nuc.ord.aln,ENSG00000167967.nuc.ord.tre,0.661870
ENSG00000167969.nuc.ord.aln,ENSG00000167969.nuc.ord.tre,0.329877
ENSG00000167972.nuc.ord.aln,ENSG00000167972.nuc.ord.tre,2.506137
ENSG00000164609.nuc.ord.aln,ENSG00000164609.nuc.ord.tre,0.477320
ENSG00000164615.nuc.ord.aln,ENSG00000164615.nuc.ord.tre,0.320992
ENSG00000164619.nuc.ord.aln,ENSG00000164619.nuc.ord.tre,0.580855
ENSG00000164620.nuc.ord.aln,ENSG00000164620.nuc.ord.tre,0.312669
ENSG00000164626.nuc.ord.aln,ENSG00000164626.nuc.ord.tre,0.415836
ENSG00000164627.nuc.ord.aln,ENSG00000164627.nuc.ord.tre,0.802976
ENSG00000164645.nuc.ord.aln,ENSG00000164645.nuc.ord.tre,0.265579
ENSG00000164649.nuc.ord.aln,ENSG00000164649.nuc.ord.tre,0.427554
ENSG00000164651.nuc.ord.aln,ENSG00000164651.nuc.ord.tre,0.190324
ENSG00000164654.nuc.ord.aln,ENSG00000164654.nuc.ord.tre,0.865772
ENSG00000165209.nuc.ord.aln,ENSG00000165209.nuc.ord.tre,0.648692
ENSG00000165215.nuc.ord.aln,ENSG00000165215.nuc.ord.tre,0.169062
ENSG00000165219.nuc.ord.aln,ENSG00000165219.nuc.ord.tre,1.559480
ENSG00000165238.nuc.ord.aln,ENSG00000165238.nuc.ord.tre,5.240613
ENSG00000165240.nuc.ord.aln,ENSG00000165240.nuc.ord.tre,1.767965
ENSG00000165244.nuc.ord.aln,ENSG00000165244.nuc.ord.tre,0.416520
ENSG00000165259.nuc.ord.aln,ENSG00000165259.nuc.ord.tre,0.627024
ENSG00000165264.nuc.ord.aln,ENSG00000165264.nuc.ord.tre,0.224277
ENSG00000165269.nuc.ord.aln,ENSG00000165269.nuc.ord.tre,0.363512
ENSG00000165271.nuc.ord.aln,ENSG00000165271.nuc.ord.tre,1.205950
ENSG00000165272.nuc.ord.aln,ENSG00000165272.nuc.ord.tre,0.376861
ENSG00000165275.nuc.ord.aln,ENSG00000165275.nuc.ord.tre,0.383059
ENSG00000165280.nuc.ord.aln,ENSG00000165280.nuc.ord.tre,0.775765
ENSG00000165282.nuc.ord.aln,ENSG00000165282.nuc.ord.tre,1.254470
ENSG00000165288.nuc.ord.aln,ENSG00000165288.nuc.ord.tre,2.395565
ENSG00000167077.nuc.ord.aln,ENSG00000167077.nuc.ord.tre,1.491971
ENSG00000167080.nuc.ord.aln,ENSG00000167080.nuc.ord.tre,0.527578
ENSG00000167081.nuc.ord.aln,ENSG00000167081.nuc.ord.tre,0.508723
ENSG00000167088.nuc.ord.aln,ENSG00000167088.nuc.ord.tre,0.228247
ENSG00000167094.nuc.ord.aln,ENSG00000167094.nuc.ord.tre,1.313492
ENSG00000167098.nuc.ord.aln,ENSG00000167098.nuc.ord.tre,0.377995
ENSG00000167100.nuc.ord.aln,ENSG00000167100.nuc.ord.tre,0.429075
ENSG00000167103.nuc.ord.aln,ENSG00000167103.nuc.ord.tre,0.427099
ENSG00000167106.nuc.ord.aln,ENSG00000167106.nuc.ord.tre,0.365054
ENSG00000167112.nuc.ord.aln,ENSG00000167112.nuc.ord.tre,0.321085
ENSG00000167113.nuc.ord.aln,ENSG00000167113.nuc.ord.tre,0.374179
ENSG00000167114.nuc.ord.aln,ENSG00000167114.nuc.ord.tre,0.548778
ENSG00000167118.nuc.ord.aln,ENSG00000167118.nuc.ord.tre,0.265551
ENSG00000167123.nuc.ord.aln,ENSG00000167123.nuc.ord.tre,0.614692
ENSG00000167130.nuc.ord.aln,ENSG00000167130.nuc.ord.tre,0.307185
ENSG00000167131.nuc.ord.aln,ENSG00000167131.nuc.ord.tre,0.355933
ENSG00000167136.nuc.ord.aln,ENSG00000167136.nuc.ord.tre,0.253124
ENSG00000167139.nuc.ord.aln,ENSG00000167139.nuc.ord.tre,0.346415
ENSG00000167173.nuc.ord.aln,ENSG00000167173.nuc.ord.tre,0.921577
ENSG00000167178.nuc.ord.aln,ENSG00000167178.nuc.ord.tre,0.436311
ENSG00000167182.nuc.ord.aln,ENSG00000167182.nuc.ord.tre,0.587708
ENSG00000167183.nuc.ord.aln,ENSG00000167183.nuc.ord.tre,0.218981
ENSG00000167186.nuc.ord.aln,ENSG00000167186.nuc.ord.tre,0.380040
ENSG00000167193.nuc.ord.aln,ENSG00000167193.nuc.ord.tre,0.426054
ENSG00000167194.nuc.ord.aln,ENSG00000167194.nuc.ord.tre,0.245384
ENSG00000167196.nuc.ord.aln,ENSG00000167196.nuc.ord.tre,0.378276
ENSG00000167202.nuc.ord.aln,ENSG00000167202.nuc.ord.tre,0.990788
ENSG00000167207.nuc.ord.aln,ENSG00000167207.nuc.ord.tre,0.930627
ENSG00000167208.nuc.ord.aln,ENSG00000167208.nuc.ord.tre,0.351939
ENSG00000167210.nuc.ord.aln,ENSG00000167210.nuc.ord.tre,3.449699
ENSG00000167216.nuc.ord.aln,ENSG00000167216.nuc.ord.tre,0.484566
ENSG00000167220.nuc.ord.aln,ENSG00000167220.nuc.ord.tre,0.589072
ENSG00000167230.nuc.ord.aln,ENSG00000167230.nuc.ord.tre,0.382225
ENSG00000167257.nuc.ord.aln,ENSG00000167257.nuc.ord.tre,0.759070
ENSG00000167258.nuc.ord.aln,ENSG00000167258.nuc.ord.tre,1.810261
ENSG00000167264.nuc.ord.aln,ENSG00000167264.nuc.ord.tre,0.443824
ENSG00000167272.nuc.ord.aln,ENSG00000167272.nuc.ord.tre,0.314927
ENSG00000167280.nuc.ord.aln,ENSG00000167280.nuc.ord.tre,0.663123
ENSG00000167286.nuc.ord.aln,ENSG00000167286.nuc.ord.tre,0.327580
ENSG00000167306.nuc.ord.aln,ENSG00000167306.nuc.ord.tre,2.414157
ENSG00000167311.nuc.ord.aln,ENSG00000167311.nuc.ord.tre,0.377677
ENSG00000167315.nuc.ord.aln,ENSG00000167315.nuc.ord.tre,0.425008
ENSG00000167323.nuc.ord.aln,ENSG00000167323.nuc.ord.tre,0.621038
ENSG00000167325.nuc.ord.aln,ENSG00000167325.nuc.ord.tre,0.819062
ENSG00000167332.nuc.ord.aln,ENSG00000167332.nuc.ord.tre,0.289387
ENSG00000167359.nuc.ord.aln,ENSG00000167359.nuc.ord.tre,0.225979
ENSG00000167363.nuc.ord.aln,ENSG00000167363.nuc.ord.tre,0.261677
ENSG00000167393.nuc.ord.aln,ENSG00000167393.nuc.ord.tre,0.268387
ENSG00000167394.nuc.ord.aln,ENSG00000167394.nuc.ord.tre,0.553127
ENSG00000167395.nuc.ord.aln,ENSG00000167395.nuc.ord.tre,2.718804
ENSG00000167397.nuc.ord.aln,ENSG00000167397.nuc.ord.tre,0.287047
ENSG00000167419.nuc.ord.aln,ENSG00000167419.nuc.ord.tre,0.698151
ENSG00000167447.nuc.ord.aln,ENSG00000167447.nuc.ord.tre,1.000251
ENSG00000167461.nuc.ord.aln,ENSG00000167461.nuc.ord.tre,0.264784
ENSG00000167491.nuc.ord.aln,ENSG00000167491.nuc.ord.tre,0.552627
ENSG00000167508.nuc.ord.aln,ENSG00000167508.nuc.ord.tre,0.335332
ENSG00000167522.nuc.ord.aln,ENSG00000167522.nuc.ord.tre,4.142287
ENSG00000167524.nuc.ord.aln,ENSG00000167524.nuc.ord.tre,0.309157
ENSG00000167528.nuc.ord.aln,ENSG00000167528.nuc.ord.tre,0.489021
ENSG00000167531.nuc.ord.aln,ENSG00000167531.nuc.ord.tre,0.224264
ENSG00000167535.nuc.ord.aln,ENSG00000167535.nuc.ord.tre,0.476210
ENSG00000167536.nuc.ord.aln,ENSG00000167536.nuc.ord.tre,0.353272
ENSG00000167543.nuc.ord.aln,ENSG00000167543.nuc.ord.tre,0.302050
ENSG00000167549.nuc.ord.aln,ENSG00000167549.nuc.ord.tre,0.558433
ENSG00000167550.nuc.ord.aln,ENSG00000167550.nuc.ord.tre,0.336217
ENSG00000167566.nuc.ord.aln,ENSG00000167566.nuc.ord.tre,1.151006
ENSG00000167588.nuc.ord.aln,ENSG00000167588.nuc.ord.tre,0.461823
ENSG00000167601.nuc.ord.aln,ENSG00000167601.nuc.ord.tre,0.922282
ENSG00000167608.nuc.ord.aln,ENSG00000167608.nuc.ord.tre,0.693678
ENSG00000167612.nuc.ord.aln,ENSG00000167612.nuc.ord.tre,0.374501
ENSG00000167614.nuc.ord.aln,ENSG00000167614.nuc.ord.tre,0.408495
ENSG00000167615.nuc.ord.aln,ENSG00000167615.nuc.ord.tre,1.074980
ENSG00000167617.nuc.ord.aln,ENSG00000167617.nuc.ord.tre,0.091940
ENSG00000167632.nuc.ord.aln,ENSG00000167632.nuc.ord.tre,1.593132
ENSG00000167642.nuc.ord.aln,ENSG00000167642.nuc.ord.tre,0.343745
ENSG00000164659.nuc.ord.aln,ENSG00000164659.nuc.ord.tre,0.998830
ENSG00000164663.nuc.ord.aln,ENSG00000164663.nuc.ord.tre,0.649430
ENSG00000164675.nuc.ord.aln,ENSG00000164675.nuc.ord.tre,0.859818
ENSG00000164683.nuc.ord.aln,ENSG00000164683.nuc.ord.tre,0.350315
ENSG00000164684.nuc.ord.aln,ENSG00000164684.nuc.ord.tre,0.500687
ENSG00000164690.nuc.ord.aln,ENSG00000164690.nuc.ord.tre,0.434098
ENSG00000164692.nuc.ord.aln,ENSG00000164692.nuc.ord.tre,1.801579
ENSG00000164694.nuc.ord.aln,ENSG00000164694.nuc.ord.tre,2.969618
ENSG00000164707.nuc.ord.aln,ENSG00000164707.nuc.ord.tre,0.644606
ENSG00000164708.nuc.ord.aln,ENSG00000164708.nuc.ord.tre,0.302385
ENSG00000164715.nuc.ord.aln,ENSG00000164715.nuc.ord.tre,2.188323
ENSG00000164733.nuc.ord.aln,ENSG00000164733.nuc.ord.tre,0.369393
ENSG00000164741.nuc.ord.aln,ENSG00000164741.nuc.ord.tre,2.123449
ENSG00000164742.nuc.ord.aln,ENSG00000164742.nuc.ord.tre,1.265645
ENSG00000164744.nuc.ord.aln,ENSG00000164744.nuc.ord.tre,0.360667
ENSG00000164746.nuc.ord.aln,ENSG00000164746.nuc.ord.tre,0.468385
ENSG00000164749.nuc.ord.aln,ENSG00000164749.nuc.ord.tre,0.466796
ENSG00000164754.nuc.ord.aln,ENSG00000164754.nuc.ord.tre,0.564106
ENSG00000164756.nuc.ord.aln,ENSG00000164756.nuc.ord.tre,0.359496
ENSG00000164758.nuc.ord.aln,ENSG00000164758.nuc.ord.tre,0.305595
ENSG00000164761.nuc.ord.aln,ENSG00000164761.nuc.ord.tre,0.543572
ENSG00000164764.nuc.ord.aln,ENSG00000164764.nuc.ord.tre,0.356941
ENSG00000164794.nuc.ord.aln,ENSG00000164794.nuc.ord.tre,0.416553
ENSG00000164796.nuc.ord.aln,ENSG00000164796.nuc.ord.tre,8.173783
ENSG00000164808.nuc.ord.aln,ENSG00000164808.nuc.ord.tre,1.054222
ENSG00000164815.nuc.ord.aln,ENSG00000164815.nuc.ord.tre,0.421550
ENSG00000164818.nuc.ord.aln,ENSG00000164818.nuc.ord.tre,0.769519
ENSG00000164823.nuc.ord.aln,ENSG00000164823.nuc.ord.tre,0.464886
ENSG00000164828.nuc.ord.aln,ENSG00000164828.nuc.ord.tre,0.905889
ENSG00000164830.nuc.ord.aln,ENSG00000164830.nuc.ord.tre,1.127506
ENSG00000164841.nuc.ord.aln,ENSG00000164841.nuc.ord.tre,0.304446
ENSG00000164850.nuc.ord.aln,ENSG00000164850.nuc.ord.tre,0.469732
ENSG00000164867.nuc.ord.aln,ENSG00000164867.nuc.ord.tre,1.296465
ENSG00000164879.nuc.ord.aln,ENSG00000164879.nuc.ord.tre,0.336225
ENSG00000164885.nuc.ord.aln,ENSG00000164885.nuc.ord.tre,0.288608
ENSG00000164889.nuc.ord.aln,ENSG00000164889.nuc.ord.tre,1.194929
ENSG00000164893.nuc.ord.aln,ENSG00000164893.nuc.ord.tre,0.361000
ENSG00000164897.nuc.ord.aln,ENSG00000164897.nuc.ord.tre,0.250614
ENSG00000164898.nuc.ord.aln,ENSG00000164898.nuc.ord.tre,0.297715
ENSG00000164900.nuc.ord.aln,ENSG00000164900.nuc.ord.tre,0.292585
ENSG00000164904.nuc.ord.aln,ENSG00000164904.nuc.ord.tre,0.439219
ENSG00000164929.nuc.ord.aln,ENSG00000164929.nuc.ord.tre,0.278401
ENSG00000164930.nuc.ord.aln,ENSG00000164930.nuc.ord.tre,0.560148
ENSG00000164932.nuc.ord.aln,ENSG00000164932.nuc.ord.tre,0.355124
ENSG00000164933.nuc.ord.aln,ENSG00000164933.nuc.ord.tre,0.360294
ENSG00000164934.nuc.ord.aln,ENSG00000164934.nuc.ord.tre,0.602075
ENSG00000164935.nuc.ord.aln,ENSG00000164935.nuc.ord.tre,0.439752
ENSG00000164938.nuc.ord.aln,ENSG00000164938.nuc.ord.tre,0.369631
ENSG00000164941.nuc.ord.aln,ENSG00000164941.nuc.ord.tre,1.060916
ENSG00000164944.nuc.ord.aln,ENSG00000164944.nuc.ord.tre,2.459394
ENSG00000164946.nuc.ord.aln,ENSG00000164946.nuc.ord.tre,3.419237
ENSG00000164949.nuc.ord.aln,ENSG00000164949.nuc.ord.tre,0.487486
ENSG00000164951.nuc.ord.aln,ENSG00000164951.nuc.ord.tre,0.634458
ENSG00000164953.nuc.ord.aln,ENSG00000164953.nuc.ord.tre,1.009201
ENSG00000164961.nuc.ord.aln,ENSG00000164961.nuc.ord.tre,1.262149
ENSG00000164967.nuc.ord.aln,ENSG00000164967.nuc.ord.tre,0.171219
ENSG00000164970.nuc.ord.aln,ENSG00000164970.nuc.ord.tre,0.345792
ENSG00000164975.nuc.ord.aln,ENSG00000164975.nuc.ord.tre,0.436152
ENSG00000164976.nuc.ord.aln,ENSG00000164976.nuc.ord.tre,0.448609
ENSG00000164978.nuc.ord.aln,ENSG00000164978.nuc.ord.tre,0.251224
ENSG00000164989.nuc.ord.aln,ENSG00000164989.nuc.ord.tre,1.599067
ENSG00000165006.nuc.ord.aln,ENSG00000165006.nuc.ord.tre,0.472206
ENSG00000165023.nuc.ord.aln,ENSG00000165023.nuc.ord.tre,0.284677
ENSG00000165025.nuc.ord.aln,ENSG00000165025.nuc.ord.tre,0.558818
ENSG00000165029.nuc.ord.aln,ENSG00000165029.nuc.ord.tre,3.722269
ENSG00000165030.nuc.ord.aln,ENSG00000165030.nuc.ord.tre,0.315106
ENSG00000165046.nuc.ord.aln,ENSG00000165046.nuc.ord.tre,0.517546
ENSG00000165060.nuc.ord.aln,ENSG00000165060.nuc.ord.tre,0.325480
ENSG00000165061.nuc.ord.aln,ENSG00000165061.nuc.ord.tre,0.361042
ENSG00000165071.nuc.ord.aln,ENSG00000165071.nuc.ord.tre,0.492632
ENSG00000165072.nuc.ord.aln,ENSG00000165072.nuc.ord.tre,0.657859
ENSG00000165076.nuc.ord.aln,ENSG00000165076.nuc.ord.tre,0.321130
ENSG00000165078.nuc.ord.aln,ENSG00000165078.nuc.ord.tre,0.433640
ENSG00000165084.nuc.ord.aln,ENSG00000165084.nuc.ord.tre,0.512857
ENSG00000165091.nuc.ord.aln,ENSG00000165091.nuc.ord.tre,0.773525
ENSG00000165097.nuc.ord.aln,ENSG00000165097.nuc.ord.tre,0.867547
ENSG00000165102.nuc.ord.aln,ENSG00000165102.nuc.ord.tre,0.602865
ENSG00000165105.nuc.ord.aln,ENSG00000165105.nuc.ord.tre,0.721001
ENSG00000165113.nuc.ord.aln,ENSG00000165113.nuc.ord.tre,0.392287
ENSG00000165115.nuc.ord.aln,ENSG00000165115.nuc.ord.tre,1.577496
ENSG00000165118.nuc.ord.aln,ENSG00000165118.nuc.ord.tre,0.353968
ENSG00000165120.nuc.ord.aln,ENSG00000165120.nuc.ord.tre,0.338795
ENSG00000165124.nuc.ord.aln,ENSG00000165124.nuc.ord.tre,8.311060
ENSG00000165125.nuc.ord.aln,ENSG00000165125.nuc.ord.tre,0.615901
ENSG00000165138.nuc.ord.aln,ENSG00000165138.nuc.ord.tre,0.902957
ENSG00000165140.nuc.ord.aln,ENSG00000165140.nuc.ord.tre,0.370409
ENSG00000165152.nuc.ord.aln,ENSG00000165152.nuc.ord.tre,0.307648
ENSG00000165156.nuc.ord.aln,ENSG00000165156.nuc.ord.tre,0.532634
ENSG00000165164.nuc.ord.aln,ENSG00000165164.nuc.ord.tre,1.050219
ENSG00000165168.nuc.ord.aln,ENSG00000165168.nuc.ord.tre,0.508207
ENSG00000165169.nuc.ord.aln,ENSG00000165169.nuc.ord.tre,0.281603
ENSG00000165181.nuc.ord.aln,ENSG00000165181.nuc.ord.tre,1.823807
ENSG00000165185.nuc.ord.aln,ENSG00000165185.nuc.ord.tre,1.137545
ENSG00000165186.nuc.ord.aln,ENSG00000165186.nuc.ord.tre,0.754650
ENSG00000165188.nuc.ord.aln,ENSG00000165188.nuc.ord.tre,0.254928
ENSG00000165192.nuc.ord.aln,ENSG00000165192.nuc.ord.tre,0.386218
ENSG00000165194.nuc.ord.aln,ENSG00000165194.nuc.ord.tre,1.115645
ENSG00000165195.nuc.ord.aln,ENSG00000165195.nuc.ord.tre,0.478861
ENSG00000165197.nuc.ord.aln,ENSG00000165197.nuc.ord.tre,0.422053
ENSG00000165202.nuc.ord.aln,ENSG00000165202.nuc.ord.tre,0.366902
ENSG00000165300.nuc.ord.aln,ENSG00000165300.nuc.ord.tre,0.699183
ENSG00000165304.nuc.ord.aln,ENSG00000165304.nuc.ord.tre,0.653093
ENSG00000165309.nuc.ord.aln,ENSG00000165309.nuc.ord.tre,1.007443
ENSG00000165322.nuc.ord.aln,ENSG00000165322.nuc.ord.tre,0.709697
ENSG00000165323.nuc.ord.aln,ENSG00000165323.nuc.ord.tre,12.673086
ENSG00000165325.nuc.ord.aln,ENSG00000165325.nuc.ord.tre,0.599002
ENSG00000165338.nuc.ord.aln,ENSG00000165338.nuc.ord.tre,0.708363
ENSG00000165349.nuc.ord.aln,ENSG00000165349.nuc.ord.tre,0.520861
ENSG00000165355.nuc.ord.aln,ENSG00000165355.nuc.ord.tre,0.502310
ENSG00000165379.nuc.ord.aln,ENSG00000165379.nuc.ord.tre,0.629644
ENSG00000165383.nuc.ord.aln,ENSG00000165383.nuc.ord.tre,0.328739
ENSG00000165392.nuc.ord.aln,ENSG00000165392.nuc.ord.tre,2.529817
ENSG00000165409.nuc.ord.aln,ENSG00000165409.nuc.ord.tre,0.778237
ENSG00000165410.nuc.ord.aln,ENSG00000165410.nuc.ord.tre,0.212749
ENSG00000165417.nuc.ord.aln,ENSG00000165417.nuc.ord.tre,0.419965
ENSG00000165424.nuc.ord.aln,ENSG00000165424.nuc.ord.tre,0.351418
ENSG00000165434.nuc.ord.aln,ENSG00000165434.nuc.ord.tre,0.514784
ENSG00000165443.nuc.ord.aln,ENSG00000165443.nuc.ord.tre,0.392423
ENSG00000165449.nuc.ord.aln,ENSG00000165449.nuc.ord.tre,0.358286
ENSG00000165458.nuc.ord.aln,ENSG00000165458.nuc.ord.tre,1.425155
ENSG00000165462.nuc.ord.aln,ENSG00000165462.nuc.ord.tre,0.285333
ENSG00000165474.nuc.ord.aln,ENSG00000165474.nuc.ord.tre,0.261682
ENSG00000165475.nuc.ord.aln,ENSG00000165475.nuc.ord.tre,0.394300
ENSG00000165476.nuc.ord.aln,ENSG00000165476.nuc.ord.tre,0.356421
ENSG00000165478.nuc.ord.aln,ENSG00000165478.nuc.ord.tre,0.418033
ENSG00000165480.nuc.ord.aln,ENSG00000165480.nuc.ord.tre,0.363632
ENSG00000165487.nuc.ord.aln,ENSG00000165487.nuc.ord.tre,0.423853
ENSG00000165490.nuc.ord.aln,ENSG00000165490.nuc.ord.tre,1.101872
ENSG00000165494.nuc.ord.aln,ENSG00000165494.nuc.ord.tre,2.202479
ENSG00000165495.nuc.ord.aln,ENSG00000165495.nuc.ord.tre,0.557242
ENSG00000165501.nuc.ord.aln,ENSG00000165501.nuc.ord.tre,0.451545
ENSG00000165506.nuc.ord.aln,ENSG00000165506.nuc.ord.tre,0.861432
ENSG00000165512.nuc.ord.aln,ENSG00000165512.nuc.ord.tre,0.264338
ENSG00000165516.nuc.ord.aln,ENSG00000165516.nuc.ord.tre,0.445337
ENSG00000165521.nuc.ord.aln,ENSG00000165521.nuc.ord.tre,2.781115
ENSG00000165525.nuc.ord.aln,ENSG00000165525.nuc.ord.tre,0.977206
ENSG00000165526.nuc.ord.aln,ENSG00000165526.nuc.ord.tre,0.391630
ENSG00000165527.nuc.ord.aln,ENSG00000165527.nuc.ord.tre,0.228985
ENSG00000165533.nuc.ord.aln,ENSG00000165533.nuc.ord.tre,0.483120
ENSG00000165548.nuc.ord.aln,ENSG00000165548.nuc.ord.tre,0.675412
ENSG00000165553.nuc.ord.aln,ENSG00000165553.nuc.ord.tre,0.247283
ENSG00000165555.nuc.ord.aln,ENSG00000165555.nuc.ord.tre,0.368001
ENSG00000165566.nuc.ord.aln,ENSG00000165566.nuc.ord.tre,0.406270
ENSG00000165568.nuc.ord.aln,ENSG00000165568.nuc.ord.tre,0.318446
ENSG00000165588.nuc.ord.aln,ENSG00000165588.nuc.ord.tre,0.331740
ENSG00000165609.nuc.ord.aln,ENSG00000165609.nuc.ord.tre,0.346730
ENSG00000165617.nuc.ord.aln,ENSG00000165617.nuc.ord.tre,0.639038
ENSG00000165621.nuc.ord.aln,ENSG00000165621.nuc.ord.tre,0.421179
ENSG00000166793.nuc.ord.aln,ENSG00000166793.nuc.ord.tre,0.237874
ENSG00000166794.nuc.ord.aln,ENSG00000166794.nuc.ord.tre,0.303132
ENSG00000166796.nuc.ord.aln,ENSG00000166796.nuc.ord.tre,0.317150
ENSG00000166797.nuc.ord.aln,ENSG00000166797.nuc.ord.tre,0.291751
ENSG00000166801.nuc.ord.aln,ENSG00000166801.nuc.ord.tre,0.474148
ENSG00000166803.nuc.ord.aln,ENSG00000166803.nuc.ord.tre,0.243627
ENSG00000166816.nuc.ord.aln,ENSG00000166816.nuc.ord.tre,0.454470
ENSG00000166821.nuc.ord.aln,ENSG00000166821.nuc.ord.tre,0.285460
ENSG00000166822.nuc.ord.aln,ENSG00000166822.nuc.ord.tre,0.303880
ENSG00000166825.nuc.ord.aln,ENSG00000166825.nuc.ord.tre,0.848690
ENSG00000166828.nuc.ord.aln,ENSG00000166828.nuc.ord.tre,0.632577
ENSG00000166831.nuc.ord.aln,ENSG00000166831.nuc.ord.tre,0.306173
ENSG00000166833.nuc.ord.aln,ENSG00000166833.nuc.ord.tre,4.301376
ENSG00000166839.nuc.ord.aln,ENSG00000166839.nuc.ord.tre,0.424542
ENSG00000166845.nuc.ord.aln,ENSG00000166845.nuc.ord.tre,0.464368
ENSG00000166847.nuc.ord.aln,ENSG00000166847.nuc.ord.tre,0.336682
ENSG00000166848.nuc.ord.aln,ENSG00000166848.nuc.ord.tre,0.415422
ENSG00000166855.nuc.ord.aln,ENSG00000166855.nuc.ord.tre,0.653233
ENSG00000166860.nuc.ord.aln,ENSG00000166860.nuc.ord.tre,0.371647
ENSG00000166862.nuc.ord.aln,ENSG00000166862.nuc.ord.tre,0.378849
ENSG00000166863.nuc.ord.aln,ENSG00000166863.nuc.ord.tre,0.351780
ENSG00000166866.nuc.ord.aln,ENSG00000166866.nuc.ord.tre,1.342267
ENSG00000166869.nuc.ord.aln,ENSG00000166869.nuc.ord.tre,0.258870
ENSG00000166881.nuc.ord.aln,ENSG00000166881.nuc.ord.tre,0.430986
ENSG00000166886.nuc.ord.aln,ENSG00000166886.nuc.ord.tre,0.309823
ENSG00000166887.nuc.ord.aln,ENSG00000166887.nuc.ord.tre,0.855673
ENSG00000166888.nuc.ord.aln,ENSG00000166888.nuc.ord.tre,0.704194
ENSG00000166896.nuc.ord.aln,ENSG00000166896.nuc.ord.tre,0.398890
ENSG00000166900.nuc.ord.aln,ENSG00000166900.nuc.ord.tre,0.304251
ENSG00000166902.nuc.ord.aln,ENSG00000166902.nuc.ord.tre,0.360316
ENSG00000166908.nuc.ord.aln,ENSG00000166908.nuc.ord.tre,0.362519
ENSG00000166912.nuc.ord.aln,ENSG00000166912.nuc.ord.tre,0.699681
ENSG00000166922.nuc.ord.aln,ENSG00000166922.nuc.ord.tre,0.461218
ENSG00000166923.nuc.ord.aln,ENSG00000166923.nuc.ord.tre,0.239079
ENSG00000166924.nuc.ord.aln,ENSG00000166924.nuc.ord.tre,0.648472
ENSG00000166925.nuc.ord.aln,ENSG00000166925.nuc.ord.tre,0.468480
ENSG00000166938.nuc.ord.aln,ENSG00000166938.nuc.ord.tre,1.286389
ENSG00000166946.nuc.ord.aln,ENSG00000166946.nuc.ord.tre,0.424775
ENSG00000166947.nuc.ord.aln,ENSG00000166947.nuc.ord.tre,0.636168
ENSG00000166949.nuc.ord.aln,ENSG00000166949.nuc.ord.tre,0.405289
ENSG00000166960.nuc.ord.aln,ENSG00000166960.nuc.ord.tre,0.711464
ENSG00000166961.nuc.ord.aln,ENSG00000166961.nuc.ord.tre,0.292866
ENSG00000166963.nuc.ord.aln,ENSG00000166963.nuc.ord.tre,5.499210
ENSG00000166974.nuc.ord.aln,ENSG00000166974.nuc.ord.tre,0.348693
ENSG00000166986.nuc.ord.aln,ENSG00000166986.nuc.ord.tre,0.833963
ENSG00000166997.nuc.ord.aln,ENSG00000166997.nuc.ord.tre,0.360922
ENSG00000167004.nuc.ord.aln,ENSG00000167004.nuc.ord.tre,0.478174
ENSG00000167005.nuc.ord.aln,ENSG00000167005.nuc.ord.tre,0.312119
ENSG00000167014.nuc.ord.aln,ENSG00000167014.nuc.ord.tre,0.402485
ENSG00000167034.nuc.ord.aln,ENSG00000167034.nuc.ord.tre,0.384620
ENSG00000167037.nuc.ord.aln,ENSG00000167037.nuc.ord.tre,1.897407
ENSG00000167074.nuc.ord.aln,ENSG00000167074.nuc.ord.tre,0.351969
ENSG00000165629.nuc.ord.aln,ENSG00000165629.nuc.ord.tre,0.409894
ENSG00000165630.nuc.ord.aln,ENSG00000165630.nuc.ord.tre,0.364951
ENSG00000165632.nuc.ord.aln,ENSG00000165632.nuc.ord.tre,0.780468
ENSG00000165633.nuc.ord.aln,ENSG00000165633.nuc.ord.tre,0.378073
ENSG00000165644.nuc.ord.aln,ENSG00000165644.nuc.ord.tre,0.285114
ENSG00000165646.nuc.ord.aln,ENSG00000165646.nuc.ord.tre,0.468205
ENSG00000165650.nuc.ord.aln,ENSG00000165650.nuc.ord.tre,1.173935
ENSG00000165659.nuc.ord.aln,ENSG00000165659.nuc.ord.tre,0.745883
ENSG00000165660.nuc.ord.aln,ENSG00000165660.nuc.ord.tre,0.396511
ENSG00000165669.nuc.ord.aln,ENSG00000165669.nuc.ord.tre,0.341102
ENSG00000165671.nuc.ord.aln,ENSG00000165671.nuc.ord.tre,5.137815
ENSG00000165672.nuc.ord.aln,ENSG00000165672.nuc.ord.tre,0.357912
ENSG00000165675.nuc.ord.aln,ENSG00000165675.nuc.ord.tre,0.571175
ENSG00000165678.nuc.ord.aln,ENSG00000165678.nuc.ord.tre,0.317586
ENSG00000165682.nuc.ord.aln,ENSG00000165682.nuc.ord.tre,0.299146
ENSG00000165684.nuc.ord.aln,ENSG00000165684.nuc.ord.tre,2.491063
ENSG00000165685.nuc.ord.aln,ENSG00000165685.nuc.ord.tre,0.331818
ENSG00000165688.nuc.ord.aln,ENSG00000165688.nuc.ord.tre,0.461276
ENSG00000165694.nuc.ord.aln,ENSG00000165694.nuc.ord.tre,0.607723
ENSG00000165695.nuc.ord.aln,ENSG00000165695.nuc.ord.tre,0.459044
ENSG00000165698.nuc.ord.aln,ENSG00000165698.nuc.ord.tre,0.322877
ENSG00000165699.nuc.ord.aln,ENSG00000165699.nuc.ord.tre,1.202099
ENSG00000165702.nuc.ord.aln,ENSG00000165702.nuc.ord.tre,0.395540
ENSG00000165704.nuc.ord.aln,ENSG00000165704.nuc.ord.tre,0.303651
ENSG00000165714.nuc.ord.aln,ENSG00000165714.nuc.ord.tre,0.320127
ENSG00000165724.nuc.ord.aln,ENSG00000165724.nuc.ord.tre,0.265316
ENSG00000165730.nuc.ord.aln,ENSG00000165730.nuc.ord.tre,1.345219
ENSG00000165731.nuc.ord.aln,ENSG00000165731.nuc.ord.tre,1.140812
ENSG00000165732.nuc.ord.aln,ENSG00000165732.nuc.ord.tre,0.807031
ENSG00000165757.nuc.ord.aln,ENSG00000165757.nuc.ord.tre,1.603353
ENSG00000165762.nuc.ord.aln,ENSG00000165762.nuc.ord.tre,0.207537
ENSG00000165782.nuc.ord.aln,ENSG00000165782.nuc.ord.tre,0.330403
ENSG00000165792.nuc.ord.aln,ENSG00000165792.nuc.ord.tre,0.530147
ENSG00000165794.nuc.ord.aln,ENSG00000165794.nuc.ord.tre,0.249570
ENSG00000165795.nuc.ord.aln,ENSG00000165795.nuc.ord.tre,0.398885
ENSG00000166348.nuc.ord.aln,ENSG00000166348.nuc.ord.tre,2.843015
ENSG00000166352.nuc.ord.aln,ENSG00000166352.nuc.ord.tre,0.347281
ENSG00000166377.nuc.ord.aln,ENSG00000166377.nuc.ord.tre,1.055120
ENSG00000166387.nuc.ord.aln,ENSG00000166387.nuc.ord.tre,1.235117
ENSG00000166391.nuc.ord.aln,ENSG00000166391.nuc.ord.tre,0.430638
ENSG00000166394.nuc.ord.aln,ENSG00000166394.nuc.ord.tre,0.470351
ENSG00000166396.nuc.ord.aln,ENSG00000166396.nuc.ord.tre,0.493151
ENSG00000166398.nuc.ord.aln,ENSG00000166398.nuc.ord.tre,1.038617
ENSG00000166402.nuc.ord.aln,ENSG00000166402.nuc.ord.tre,0.551262
ENSG00000166405.nuc.ord.aln,ENSG00000166405.nuc.ord.tre,0.423645
ENSG00000166411.nuc.ord.aln,ENSG00000166411.nuc.ord.tre,0.374186
ENSG00000166415.nuc.ord.aln,ENSG00000166415.nuc.ord.tre,1.135473
ENSG00000166426.nuc.ord.aln,ENSG00000166426.nuc.ord.tre,0.238998
ENSG00000166435.nuc.ord.aln,ENSG00000166435.nuc.ord.tre,0.761837
ENSG00000166436.nuc.ord.aln,ENSG00000166436.nuc.ord.tre,1.940354
ENSG00000166439.nuc.ord.aln,ENSG00000166439.nuc.ord.tre,0.763494
ENSG00000166444.nuc.ord.aln,ENSG00000166444.nuc.ord.tre,1.137300
ENSG00000166446.nuc.ord.aln,ENSG00000166446.nuc.ord.tre,0.527194
ENSG00000166448.nuc.ord.aln,ENSG00000166448.nuc.ord.tre,0.353248
ENSG00000166450.nuc.ord.aln,ENSG00000166450.nuc.ord.tre,1.363347
ENSG00000166451.nuc.ord.aln,ENSG00000166451.nuc.ord.tre,0.558295
ENSG00000166452.nuc.ord.aln,ENSG00000166452.nuc.ord.tre,0.346107
ENSG00000166454.nuc.ord.aln,ENSG00000166454.nuc.ord.tre,0.798055
ENSG00000166455.nuc.ord.aln,ENSG00000166455.nuc.ord.tre,0.402448
ENSG00000166471.nuc.ord.aln,ENSG00000166471.nuc.ord.tre,0.385051
ENSG00000166478.nuc.ord.aln,ENSG00000166478.nuc.ord.tre,0.562380
ENSG00000166479.nuc.ord.aln,ENSG00000166479.nuc.ord.tre,0.368794
ENSG00000166483.nuc.ord.aln,ENSG00000166483.nuc.ord.tre,0.555518
ENSG00000166484.nuc.ord.aln,ENSG00000166484.nuc.ord.tre,0.605322
ENSG00000166501.nuc.ord.aln,ENSG00000166501.nuc.ord.tre,0.485786
ENSG00000166503.nuc.ord.aln,ENSG00000166503.nuc.ord.tre,0.357277
ENSG00000166507.nuc.ord.aln,ENSG00000166507.nuc.ord.tre,0.771393
ENSG00000166508.nuc.ord.aln,ENSG00000166508.nuc.ord.tre,0.586977
ENSG00000166509.nuc.ord.aln,ENSG00000166509.nuc.ord.tre,0.316162
ENSG00000166510.nuc.ord.aln,ENSG00000166510.nuc.ord.tre,0.404005
ENSG00000166523.nuc.ord.aln,ENSG00000166523.nuc.ord.tre,0.326191
ENSG00000166529.nuc.ord.aln,ENSG00000166529.nuc.ord.tre,0.355323
ENSG00000166532.nuc.ord.aln,ENSG00000166532.nuc.ord.tre,0.482354
ENSG00000166548.nuc.ord.aln,ENSG00000166548.nuc.ord.tre,0.391943
ENSG00000166557.nuc.ord.aln,ENSG00000166557.nuc.ord.tre,0.228483
ENSG00000166562.nuc.ord.aln,ENSG00000166562.nuc.ord.tre,0.321290
ENSG00000166569.nuc.ord.aln,ENSG00000166569.nuc.ord.tre,0.316963
ENSG00000166573.nuc.ord.aln,ENSG00000166573.nuc.ord.tre,0.265174
ENSG00000166575.nuc.ord.aln,ENSG00000166575.nuc.ord.tre,0.437003
ENSG00000166579.nuc.ord.aln,ENSG00000166579.nuc.ord.tre,0.522913
ENSG00000166592.nuc.ord.aln,ENSG00000166592.nuc.ord.tre,0.321271
ENSG00000166595.nuc.ord.aln,ENSG00000166595.nuc.ord.tre,0.211052
ENSG00000166596.nuc.ord.aln,ENSG00000166596.nuc.ord.tre,0.651441
ENSG00000166619.nuc.ord.aln,ENSG00000166619.nuc.ord.tre,0.213583
ENSG00000166634.nuc.ord.aln,ENSG00000166634.nuc.ord.tre,0.363839
ENSG00000166669.nuc.ord.aln,ENSG00000166669.nuc.ord.tre,0.712461
ENSG00000166676.nuc.ord.aln,ENSG00000166676.nuc.ord.tre,0.340958
ENSG00000166682.nuc.ord.aln,ENSG00000166682.nuc.ord.tre,0.298866
ENSG00000166685.nuc.ord.aln,ENSG00000166685.nuc.ord.tre,1.001168
ENSG00000166689.nuc.ord.aln,ENSG00000166689.nuc.ord.tre,1.749974
ENSG00000166710.nuc.ord.aln,ENSG00000166710.nuc.ord.tre,0.224469
ENSG00000166716.nuc.ord.aln,ENSG00000166716.nuc.ord.tre,1.495858
ENSG00000166734.nuc.ord.aln,ENSG00000166734.nuc.ord.tre,0.460257
ENSG00000166736.nuc.ord.aln,ENSG00000166736.nuc.ord.tre,0.351945
ENSG00000166747.nuc.ord.aln,ENSG00000166747.nuc.ord.tre,0.991629
ENSG00000166748.nuc.ord.aln,ENSG00000166748.nuc.ord.tre,1.137439
ENSG00000166762.nuc.ord.aln,ENSG00000166762.nuc.ord.tre,0.427625
ENSG00000166780.nuc.ord.aln,ENSG00000166780.nuc.ord.tre,0.327454
ENSG00000166783.nuc.ord.aln,ENSG00000166783.nuc.ord.tre,2.188698
ENSG00000166788.nuc.ord.aln,ENSG00000166788.nuc.ord.tre,0.550904
ENSG00000165801.nuc.ord.aln,ENSG00000165801.nuc.ord.tre,1.827906
ENSG00000165804.nuc.ord.aln,ENSG00000165804.nuc.ord.tre,0.743894
ENSG00000165805.nuc.ord.aln,ENSG00000165805.nuc.ord.tre,0.440806
ENSG00000165806.nuc.ord.aln,ENSG00000165806.nuc.ord.tre,0.410915
ENSG00000165807.nuc.ord.aln,ENSG00000165807.nuc.ord.tre,0.561874
ENSG00000165810.nuc.ord.aln,ENSG00000165810.nuc.ord.tre,0.509460
ENSG00000165813.nuc.ord.aln,ENSG00000165813.nuc.ord.tre,0.871226
ENSG00000165816.nuc.ord.aln,ENSG00000165816.nuc.ord.tre,0.687209
ENSG00000165819.nuc.ord.aln,ENSG00000165819.nuc.ord.tre,0.454941
ENSG00000165832.nuc.ord.aln,ENSG00000165832.nuc.ord.tre,0.436791
ENSG00000165861.nuc.ord.aln,ENSG00000165861.nuc.ord.tre,0.816525
ENSG00000165863.nuc.ord.aln,ENSG00000165863.nuc.ord.tre,0.386241
ENSG00000165868.nuc.ord.aln,ENSG00000165868.nuc.ord.tre,0.781066
ENSG00000165887.nuc.ord.aln,ENSG00000165887.nuc.ord.tre,0.416836
ENSG00000165891.nuc.ord.aln,ENSG00000165891.nuc.ord.tre,0.961910
ENSG00000165895.nuc.ord.aln,ENSG00000165895.nuc.ord.tre,1.151094
ENSG00000165898.nuc.ord.aln,ENSG00000165898.nuc.ord.tre,0.277865
ENSG00000165905.nuc.ord.aln,ENSG00000165905.nuc.ord.tre,0.774574
ENSG00000165914.nuc.ord.aln,ENSG00000165914.nuc.ord.tre,0.745631
ENSG00000165915.nuc.ord.aln,ENSG00000165915.nuc.ord.tre,0.503053
ENSG00000165916.nuc.ord.aln,ENSG00000165916.nuc.ord.tre,0.357827
ENSG00000165923.nuc.ord.aln,ENSG00000165923.nuc.ord.tre,1.079408
ENSG00000165929.nuc.ord.aln,ENSG00000165929.nuc.ord.tre,0.464195
ENSG00000165953.nuc.ord.aln,ENSG00000165953.nuc.ord.tre,0.347346
ENSG00000165959.nuc.ord.aln,ENSG00000165959.nuc.ord.tre,1.510533
ENSG00000165966.nuc.ord.aln,ENSG00000165966.nuc.ord.tre,1.186972
ENSG00000165970.nuc.ord.aln,ENSG00000165970.nuc.ord.tre,1.027075
ENSG00000165972.nuc.ord.aln,ENSG00000165972.nuc.ord.tre,0.557429
ENSG00000165973.nuc.ord.aln,ENSG00000165973.nuc.ord.tre,0.749225
ENSG00000165983.nuc.ord.aln,ENSG00000165983.nuc.ord.tre,0.398856
ENSG00000165990.nuc.ord.aln,ENSG00000165990.nuc.ord.tre,0.771265
ENSG00000165995.nuc.ord.aln,ENSG00000165995.nuc.ord.tre,0.645949
ENSG00000165996.nuc.ord.aln,ENSG00000165996.nuc.ord.tre,0.344738
ENSG00000165997.nuc.ord.aln,ENSG00000165997.nuc.ord.tre,0.325228
ENSG00000166006.nuc.ord.aln,ENSG00000166006.nuc.ord.tre,0.519881
ENSG00000166012.nuc.ord.aln,ENSG00000166012.nuc.ord.tre,0.419334
ENSG00000166016.nuc.ord.aln,ENSG00000166016.nuc.ord.tre,0.959553
ENSG00000166025.nuc.ord.aln,ENSG00000166025.nuc.ord.tre,1.069440
ENSG00000166033.nuc.ord.aln,ENSG00000166033.nuc.ord.tre,0.392948
ENSG00000166035.nuc.ord.aln,ENSG00000166035.nuc.ord.tre,0.465444
ENSG00000166037.nuc.ord.aln,ENSG00000166037.nuc.ord.tre,0.440464
ENSG00000166046.nuc.ord.aln,ENSG00000166046.nuc.ord.tre,0.452426
ENSG00000166068.nuc.ord.aln,ENSG00000166068.nuc.ord.tre,0.557021
ENSG00000166069.nuc.ord.aln,ENSG00000166069.nuc.ord.tre,0.427131
ENSG00000166073.nuc.ord.aln,ENSG00000166073.nuc.ord.tre,0.471827
ENSG00000166086.nuc.ord.aln,ENSG00000166086.nuc.ord.tre,0.406718
ENSG00000166091.nuc.ord.aln,ENSG00000166091.nuc.ord.tre,0.386304
ENSG00000166106.nuc.ord.aln,ENSG00000166106.nuc.ord.tre,1.140554
ENSG00000166111.nuc.ord.aln,ENSG00000166111.nuc.ord.tre,0.511154
ENSG00000166118.nuc.ord.aln,ENSG00000166118.nuc.ord.tre,0.403537
ENSG00000166123.nuc.ord.aln,ENSG00000166123.nuc.ord.tre,0.466049
ENSG00000166128.nuc.ord.aln,ENSG00000166128.nuc.ord.tre,0.219970
ENSG00000166130.nuc.ord.aln,ENSG00000166130.nuc.ord.tre,0.387087
ENSG00000166133.nuc.ord.aln,ENSG00000166133.nuc.ord.tre,0.522619
ENSG00000166135.nuc.ord.aln,ENSG00000166135.nuc.ord.tre,0.362104
ENSG00000166136.nuc.ord.aln,ENSG00000166136.nuc.ord.tre,0.246654
ENSG00000166140.nuc.ord.aln,ENSG00000166140.nuc.ord.tre,0.710234
ENSG00000166143.nuc.ord.aln,ENSG00000166143.nuc.ord.tre,0.342601
ENSG00000166145.nuc.ord.aln,ENSG00000166145.nuc.ord.tre,0.450918
ENSG00000166148.nuc.ord.aln,ENSG00000166148.nuc.ord.tre,0.354869
ENSG00000166166.nuc.ord.aln,ENSG00000166166.nuc.ord.tre,0.304336
ENSG00000166167.nuc.ord.aln,ENSG00000166167.nuc.ord.tre,0.620680
ENSG00000166169.nuc.ord.aln,ENSG00000166169.nuc.ord.tre,0.472785
ENSG00000166171.nuc.ord.aln,ENSG00000166171.nuc.ord.tre,0.326558
ENSG00000166173.nuc.ord.aln,ENSG00000166173.nuc.ord.tre,0.309993
ENSG00000166181.nuc.ord.aln,ENSG00000166181.nuc.ord.tre,0.320982
ENSG00000166192.nuc.ord.aln,ENSG00000166192.nuc.ord.tre,0.248022
ENSG00000166199.nuc.ord.aln,ENSG00000166199.nuc.ord.tre,0.343070
ENSG00000166206.nuc.ord.aln,ENSG00000166206.nuc.ord.tre,0.627814
ENSG00000166211.nuc.ord.aln,ENSG00000166211.nuc.ord.tre,0.248331
ENSG00000166220.nuc.ord.aln,ENSG00000166220.nuc.ord.tre,0.553158
ENSG00000166224.nuc.ord.aln,ENSG00000166224.nuc.ord.tre,0.509331
ENSG00000166225.nuc.ord.aln,ENSG00000166225.nuc.ord.tre,0.560947
ENSG00000166226.nuc.ord.aln,ENSG00000166226.nuc.ord.tre,0.451927
ENSG00000166233.nuc.ord.aln,ENSG00000166233.nuc.ord.tre,0.482090
ENSG00000166250.nuc.ord.aln,ENSG00000166250.nuc.ord.tre,0.370885
ENSG00000166257.nuc.ord.aln,ENSG00000166257.nuc.ord.tre,0.368310
ENSG00000166260.nuc.ord.aln,ENSG00000166260.nuc.ord.tre,0.318420
ENSG00000166261.nuc.ord.aln,ENSG00000166261.nuc.ord.tre,0.572769
ENSG00000166262.nuc.ord.aln,ENSG00000166262.nuc.ord.tre,0.552088
ENSG00000166263.nuc.ord.aln,ENSG00000166263.nuc.ord.tre,0.510542
ENSG00000166265.nuc.ord.aln,ENSG00000166265.nuc.ord.tre,0.305488
ENSG00000166266.nuc.ord.aln,ENSG00000166266.nuc.ord.tre,0.689288
ENSG00000166272.nuc.ord.aln,ENSG00000166272.nuc.ord.tre,0.391056
ENSG00000166275.nuc.ord.aln,ENSG00000166275.nuc.ord.tre,0.188882
ENSG00000166278.nuc.ord.aln,ENSG00000166278.nuc.ord.tre,0.677592
ENSG00000166289.nuc.ord.aln,ENSG00000166289.nuc.ord.tre,0.281495
ENSG00000166295.nuc.ord.aln,ENSG00000166295.nuc.ord.tre,0.258337
ENSG00000166313.nuc.ord.aln,ENSG00000166313.nuc.ord.tre,0.758797
ENSG00000166317.nuc.ord.aln,ENSG00000166317.nuc.ord.tre,1.031838
ENSG00000166321.nuc.ord.aln,ENSG00000166321.nuc.ord.tre,0.389881
ENSG00000166323.nuc.ord.aln,ENSG00000166323.nuc.ord.tre,0.314022
ENSG00000166326.nuc.ord.aln,ENSG00000166326.nuc.ord.tre,0.350348
ENSG00000166329.nuc.ord.aln,ENSG00000166329.nuc.ord.tre,0.221524
ENSG00000166333.nuc.ord.aln,ENSG00000166333.nuc.ord.tre,0.405181
ENSG00000166340.nuc.ord.aln,ENSG00000166340.nuc.ord.tre,0.431639
ENSG00000166341.nuc.ord.aln,ENSG00000166341.nuc.ord.tre,5.554687
ENSG00000166342.nuc.ord.aln,ENSG00000166342.nuc.ord.tre,0.463740
ENSG00000166343.nuc.ord.aln,ENSG00000166343.nuc.ord.tre,0.435608
ENSG00000166347.nuc.ord.aln,ENSG00000166347.nuc.ord.tre,0.279504
ENSG00000167977.nuc.ord.aln,ENSG00000167977.nuc.ord.tre,0.248214
ENSG00000167978.nuc.ord.aln,ENSG00000167978.nuc.ord.tre,5.658541
ENSG00000167981.nuc.ord.aln,ENSG00000167981.nuc.ord.tre,0.403089
ENSG00000167984.nuc.ord.aln,ENSG00000167984.nuc.ord.tre,1.052495
ENSG00000167985.nuc.ord.aln,ENSG00000167985.nuc.ord.tre,0.322896
ENSG00000167986.nuc.ord.aln,ENSG00000167986.nuc.ord.tre,1.295530
ENSG00000167992.nuc.ord.aln,ENSG00000167992.nuc.ord.tre,0.899181
ENSG00000167994.nuc.ord.aln,ENSG00000167994.nuc.ord.tre,0.381112
ENSG00000168002.nuc.ord.aln,ENSG00000168002.nuc.ord.tre,0.299365
ENSG00000168003.nuc.ord.aln,ENSG00000168003.nuc.ord.tre,0.535441
ENSG00000168005.nuc.ord.aln,ENSG00000168005.nuc.ord.tre,0.377301
ENSG00000168010.nuc.ord.aln,ENSG00000168010.nuc.ord.tre,0.579359
ENSG00000168014.nuc.ord.aln,ENSG00000168014.nuc.ord.tre,4.586391
ENSG00000168026.nuc.ord.aln,ENSG00000168026.nuc.ord.tre,1.533282
ENSG00000168032.nuc.ord.aln,ENSG00000168032.nuc.ord.tre,0.543661
ENSG00000168036.nuc.ord.aln,ENSG00000168036.nuc.ord.tre,0.695132
ENSG00000168060.nuc.ord.aln,ENSG00000168060.nuc.ord.tre,0.714813
ENSG00000168061.nuc.ord.aln,ENSG00000168061.nuc.ord.tre,0.248482
ENSG00000168066.nuc.ord.aln,ENSG00000168066.nuc.ord.tre,0.918046
ENSG00000168077.nuc.ord.aln,ENSG00000168077.nuc.ord.tre,0.466881
ENSG00000168078.nuc.ord.aln,ENSG00000168078.nuc.ord.tre,0.379757
ENSG00000168079.nuc.ord.aln,ENSG00000168079.nuc.ord.tre,0.412728
ENSG00000168081.nuc.ord.aln,ENSG00000168081.nuc.ord.tre,0.293862
ENSG00000168090.nuc.ord.aln,ENSG00000168090.nuc.ord.tre,0.319548
ENSG00000168092.nuc.ord.aln,ENSG00000168092.nuc.ord.tre,0.300806
ENSG00000168096.nuc.ord.aln,ENSG00000168096.nuc.ord.tre,0.551936
ENSG00000168118.nuc.ord.aln,ENSG00000168118.nuc.ord.tre,0.317721
ENSG00000168135.nuc.ord.aln,ENSG00000168135.nuc.ord.tre,0.220682
ENSG00000168137.nuc.ord.aln,ENSG00000168137.nuc.ord.tre,1.769521
ENSG00000168143.nuc.ord.aln,ENSG00000168143.nuc.ord.tre,1.017473
ENSG00000168172.nuc.ord.aln,ENSG00000168172.nuc.ord.tre,1.070535
ENSG00000168209.nuc.ord.aln,ENSG00000168209.nuc.ord.tre,0.302502
ENSG00000168216.nuc.ord.aln,ENSG00000168216.nuc.ord.tre,0.508672
ENSG00000168228.nuc.ord.aln,ENSG00000168228.nuc.ord.tre,0.496291
ENSG00000168234.nuc.ord.aln,ENSG00000168234.nuc.ord.tre,0.513560
ENSG00000168237.nuc.ord.aln,ENSG00000168237.nuc.ord.tre,0.442573
ENSG00000168246.nuc.ord.aln,ENSG00000168246.nuc.ord.tre,0.198162
ENSG00000168256.nuc.ord.aln,ENSG00000168256.nuc.ord.tre,0.341868
ENSG00000168259.nuc.ord.aln,ENSG00000168259.nuc.ord.tre,0.455818
ENSG00000168263.nuc.ord.aln,ENSG00000168263.nuc.ord.tre,0.408442
ENSG00000168264.nuc.ord.aln,ENSG00000168264.nuc.ord.tre,0.417144
ENSG00000168273.nuc.ord.aln,ENSG00000168273.nuc.ord.tre,0.235493
ENSG00000168282.nuc.ord.aln,ENSG00000168282.nuc.ord.tre,0.297640
ENSG00000168286.nuc.ord.aln,ENSG00000168286.nuc.ord.tre,0.245380
ENSG00000168288.nuc.ord.aln,ENSG00000168288.nuc.ord.tre,0.313330
ENSG00000168291.nuc.ord.aln,ENSG00000168291.nuc.ord.tre,0.379421
ENSG00000168297.nuc.ord.aln,ENSG00000168297.nuc.ord.tre,0.498507
ENSG00000168300.nuc.ord.aln,ENSG00000168300.nuc.ord.tre,0.405001
ENSG00000168301.nuc.ord.aln,ENSG00000168301.nuc.ord.tre,0.314287
ENSG00000168303.nuc.ord.aln,ENSG00000168303.nuc.ord.tre,0.387342
ENSG00000168306.nuc.ord.aln,ENSG00000168306.nuc.ord.tre,0.574754
ENSG00000168309.nuc.ord.aln,ENSG00000168309.nuc.ord.tre,0.291148
ENSG00000168310.nuc.ord.aln,ENSG00000168310.nuc.ord.tre,0.372489
ENSG00000168356.nuc.ord.aln,ENSG00000168356.nuc.ord.tre,3.039701
ENSG00000168374.nuc.ord.aln,ENSG00000168374.nuc.ord.tre,0.378337
ENSG00000168385.nuc.ord.aln,ENSG00000168385.nuc.ord.tre,0.431465
ENSG00000168386.nuc.ord.aln,ENSG00000168386.nuc.ord.tre,1.141010
ENSG00000168389.nuc.ord.aln,ENSG00000168389.nuc.ord.tre,0.527961
ENSG00000168394.nuc.ord.aln,ENSG00000168394.nuc.ord.tre,0.791855
ENSG00000168397.nuc.ord.aln,ENSG00000168397.nuc.ord.tre,0.395286
ENSG00000168404.nuc.ord.aln,ENSG00000168404.nuc.ord.tre,0.371527
ENSG00000168411.nuc.ord.aln,ENSG00000168411.nuc.ord.tre,0.849013
ENSG00000168412.nuc.ord.aln,ENSG00000168412.nuc.ord.tre,0.270725
ENSG00000168418.nuc.ord.aln,ENSG00000168418.nuc.ord.tre,0.371630
ENSG00000168421.nuc.ord.aln,ENSG00000168421.nuc.ord.tre,0.228853
ENSG00000168427.nuc.ord.aln,ENSG00000168427.nuc.ord.tre,0.432522
ENSG00000168434.nuc.ord.aln,ENSG00000168434.nuc.ord.tre,0.806493
ENSG00000168438.nuc.ord.aln,ENSG00000168438.nuc.ord.tre,0.515554
ENSG00000168439.nuc.ord.aln,ENSG00000168439.nuc.ord.tre,0.640404
ENSG00000168447.nuc.ord.aln,ENSG00000168447.nuc.ord.tre,0.556422
ENSG00000168453.nuc.ord.aln,ENSG00000168453.nuc.ord.tre,1.271258
ENSG00000168461.nuc.ord.aln,ENSG00000168461.nuc.ord.tre,0.333361
ENSG00000173559.nuc.ord.aln,ENSG00000173559.nuc.ord.tre,0.336531
ENSG00000173567.nuc.ord.aln,ENSG00000173567.nuc.ord.tre,1.459840
ENSG00000173581.nuc.ord.aln,ENSG00000173581.nuc.ord.tre,0.307753
ENSG00000173585.nuc.ord.aln,ENSG00000173585.nuc.ord.tre,0.322241
ENSG00000173588.nuc.ord.aln,ENSG00000173588.nuc.ord.tre,0.580992
ENSG00000173597.nuc.ord.aln,ENSG00000173597.nuc.ord.tre,0.276999
ENSG00000173598.nuc.ord.aln,ENSG00000173598.nuc.ord.tre,0.333250
ENSG00000173599.nuc.ord.aln,ENSG00000173599.nuc.ord.tre,0.907076
ENSG00000173611.nuc.ord.aln,ENSG00000173611.nuc.ord.tre,0.664507
ENSG00000173612.nuc.ord.aln,ENSG00000173612.nuc.ord.tre,0.759796
ENSG00000173614.nuc.ord.aln,ENSG00000173614.nuc.ord.tre,0.308089
ENSG00000173621.nuc.ord.aln,ENSG00000173621.nuc.ord.tre,0.393589
ENSG00000173626.nuc.ord.aln,ENSG00000173626.nuc.ord.tre,0.448557
ENSG00000173627.nuc.ord.aln,ENSG00000173627.nuc.ord.tre,0.271891
ENSG00000173641.nuc.ord.aln,ENSG00000173641.nuc.ord.tre,0.258966
ENSG00000173653.nuc.ord.aln,ENSG00000173653.nuc.ord.tre,0.332850
ENSG00000173662.nuc.ord.aln,ENSG00000173662.nuc.ord.tre,0.590104
ENSG00000173674.nuc.ord.aln,ENSG00000173674.nuc.ord.tre,0.121652
ENSG00000173681.nuc.ord.aln,ENSG00000173681.nuc.ord.tre,0.784365
ENSG00000173692.nuc.ord.aln,ENSG00000173692.nuc.ord.tre,1.064626
ENSG00000173698.nuc.ord.aln,ENSG00000173698.nuc.ord.tre,1.061093
ENSG00000173702.nuc.ord.aln,ENSG00000173702.nuc.ord.tre,0.671365
ENSG00000173706.nuc.ord.aln,ENSG00000173706.nuc.ord.tre,1.831406
ENSG00000173714.nuc.ord.aln,ENSG00000173714.nuc.ord.tre,0.343830
ENSG00000173715.nuc.ord.aln,ENSG00000173715.nuc.ord.tre,0.910045
ENSG00000173728.nuc.ord.aln,ENSG00000173728.nuc.ord.tre,0.271449
ENSG00000173744.nuc.ord.aln,ENSG00000173744.nuc.ord.tre,0.478837
ENSG00000173762.nuc.ord.aln,ENSG00000173762.nuc.ord.tre,0.203297
ENSG00000168481.nuc.ord.aln,ENSG00000168481.nuc.ord.tre,0.364644
ENSG00000168484.nuc.ord.aln,ENSG00000168484.nuc.ord.tre,0.328509
ENSG00000168488.nuc.ord.aln,ENSG00000168488.nuc.ord.tre,1.455082
ENSG00000168491.nuc.ord.aln,ENSG00000168491.nuc.ord.tre,0.929236
ENSG00000168495.nuc.ord.aln,ENSG00000168495.nuc.ord.tre,0.437109
ENSG00000168496.nuc.ord.aln,ENSG00000168496.nuc.ord.tre,0.309167
ENSG00000168497.nuc.ord.aln,ENSG00000168497.nuc.ord.tre,0.365068
ENSG00000168505.nuc.ord.aln,ENSG00000168505.nuc.ord.tre,0.279780
ENSG00000168509.nuc.ord.aln,ENSG00000168509.nuc.ord.tre,0.348853
ENSG00000168517.nuc.ord.aln,ENSG00000168517.nuc.ord.tre,0.319984
ENSG00000168522.nuc.ord.aln,ENSG00000168522.nuc.ord.tre,0.413023
ENSG00000168528.nuc.ord.aln,ENSG00000168528.nuc.ord.tre,0.438377
ENSG00000168530.nuc.ord.aln,ENSG00000168530.nuc.ord.tre,0.318275
ENSG00000168538.nuc.ord.aln,ENSG00000168538.nuc.ord.tre,1.171531
ENSG00000168542.nuc.ord.aln,ENSG00000168542.nuc.ord.tre,2.118152
ENSG00000168556.nuc.ord.aln,ENSG00000168556.nuc.ord.tre,0.312297
ENSG00000168564.nuc.ord.aln,ENSG00000168564.nuc.ord.tre,0.579615
ENSG00000168566.nuc.ord.aln,ENSG00000168566.nuc.ord.tre,0.408044
ENSG00000168569.nuc.ord.aln,ENSG00000168569.nuc.ord.tre,0.281019
ENSG00000168575.nuc.ord.aln,ENSG00000168575.nuc.ord.tre,0.796960
ENSG00000168591.nuc.ord.aln,ENSG00000168591.nuc.ord.tre,0.366437
ENSG00000168610.nuc.ord.aln,ENSG00000168610.nuc.ord.tre,0.549775
ENSG00000168615.nuc.ord.aln,ENSG00000168615.nuc.ord.tre,0.877455
ENSG00000168619.nuc.ord.aln,ENSG00000168619.nuc.ord.tre,0.695009
ENSG00000168646.nuc.ord.aln,ENSG00000168646.nuc.ord.tre,0.942775
ENSG00000171877.nuc.ord.aln,ENSG00000171877.nuc.ord.tre,0.670935
ENSG00000171885.nuc.ord.aln,ENSG00000171885.nuc.ord.tre,0.399208
ENSG00000171914.nuc.ord.aln,ENSG00000171914.nuc.ord.tre,4.406715
ENSG00000171940.nuc.ord.aln,ENSG00000171940.nuc.ord.tre,1.180152
ENSG00000171953.nuc.ord.aln,ENSG00000171953.nuc.ord.tre,0.334140
ENSG00000171954.nuc.ord.aln,ENSG00000171954.nuc.ord.tre,0.346591
ENSG00000171962.nuc.ord.aln,ENSG00000171962.nuc.ord.tre,0.408940
ENSG00000171984.nuc.ord.aln,ENSG00000171984.nuc.ord.tre,0.278173
ENSG00000171988.nuc.ord.aln,ENSG00000171988.nuc.ord.tre,4.316798
ENSG00000172007.nuc.ord.aln,ENSG00000172007.nuc.ord.tre,0.442889
ENSG00000172009.nuc.ord.aln,ENSG00000172009.nuc.ord.tre,0.571393
ENSG00000172020.nuc.ord.aln,ENSG00000172020.nuc.ord.tre,0.352917
ENSG00000172031.nuc.ord.aln,ENSG00000172031.nuc.ord.tre,0.411036
ENSG00000172037.nuc.ord.aln,ENSG00000172037.nuc.ord.tre,2.275978
ENSG00000172046.nuc.ord.aln,ENSG00000172046.nuc.ord.tre,2.255125
ENSG00000172053.nuc.ord.aln,ENSG00000172053.nuc.ord.tre,0.758280
ENSG00000172057.nuc.ord.aln,ENSG00000172057.nuc.ord.tre,0.267860
ENSG00000172059.nuc.ord.aln,ENSG00000172059.nuc.ord.tre,0.350297
ENSG00000172061.nuc.ord.aln,ENSG00000172061.nuc.ord.tre,0.441483
ENSG00000172070.nuc.ord.aln,ENSG00000172070.nuc.ord.tre,0.208328
ENSG00000172071.nuc.ord.aln,ENSG00000172071.nuc.ord.tre,1.219833
ENSG00000172113.nuc.ord.aln,ENSG00000172113.nuc.ord.tre,0.291918
ENSG00000172137.nuc.ord.aln,ENSG00000172137.nuc.ord.tre,0.395622
ENSG00000172139.nuc.ord.aln,ENSG00000172139.nuc.ord.tre,1.427423
ENSG00000172159.nuc.ord.aln,ENSG00000172159.nuc.ord.tre,0.636057
ENSG00000172164.nuc.ord.aln,ENSG00000172164.nuc.ord.tre,0.473645
ENSG00000172167.nuc.ord.aln,ENSG00000172167.nuc.ord.tre,0.834143
ENSG00000172171.nuc.ord.aln,ENSG00000172171.nuc.ord.tre,0.352010
ENSG00000172172.nuc.ord.aln,ENSG00000172172.nuc.ord.tre,0.326515
ENSG00000172175.nuc.ord.aln,ENSG00000172175.nuc.ord.tre,0.731329
ENSG00000172197.nuc.ord.aln,ENSG00000172197.nuc.ord.tre,0.483374
ENSG00000172201.nuc.ord.aln,ENSG00000172201.nuc.ord.tre,0.171449
ENSG00000172215.nuc.ord.aln,ENSG00000172215.nuc.ord.tre,0.360534
ENSG00000172238.nuc.ord.aln,ENSG00000172238.nuc.ord.tre,0.243773
ENSG00000172239.nuc.ord.aln,ENSG00000172239.nuc.ord.tre,0.311789
ENSG00000172243.nuc.ord.aln,ENSG00000172243.nuc.ord.tre,0.308031
ENSG00000172244.nuc.ord.aln,ENSG00000172244.nuc.ord.tre,0.528594
ENSG00000172260.nuc.ord.aln,ENSG00000172260.nuc.ord.tre,0.407425
ENSG00000172264.nuc.ord.aln,ENSG00000172264.nuc.ord.tre,0.355610
ENSG00000172269.nuc.ord.aln,ENSG00000172269.nuc.ord.tre,0.378908
ENSG00000172273.nuc.ord.aln,ENSG00000172273.nuc.ord.tre,0.474622
ENSG00000172289.nuc.ord.aln,ENSG00000172289.nuc.ord.tre,0.234608
ENSG00000172292.nuc.ord.aln,ENSG00000172292.nuc.ord.tre,0.546763
ENSG00000172296.nuc.ord.aln,ENSG00000172296.nuc.ord.tre,0.498168
ENSG00000172301.nuc.ord.aln,ENSG00000172301.nuc.ord.tre,0.302200
ENSG00000173226.nuc.ord.aln,ENSG00000173226.nuc.ord.tre,0.495933
ENSG00000173227.nuc.ord.aln,ENSG00000173227.nuc.ord.tre,0.343293
ENSG00000173230.nuc.ord.aln,ENSG00000173230.nuc.ord.tre,6.530323
ENSG00000173239.nuc.ord.aln,ENSG00000173239.nuc.ord.tre,0.439925
ENSG00000173250.nuc.ord.aln,ENSG00000173250.nuc.ord.tre,0.361367
ENSG00000173253.nuc.ord.aln,ENSG00000173253.nuc.ord.tre,0.586484
ENSG00000173261.nuc.ord.aln,ENSG00000173261.nuc.ord.tre,0.308085
ENSG00000173264.nuc.ord.aln,ENSG00000173264.nuc.ord.tre,0.430034
ENSG00000173269.nuc.ord.aln,ENSG00000173269.nuc.ord.tre,1.006740
ENSG00000173273.nuc.ord.aln,ENSG00000173273.nuc.ord.tre,1.465203
ENSG00000173281.nuc.ord.aln,ENSG00000173281.nuc.ord.tre,0.270869
ENSG00000173320.nuc.ord.aln,ENSG00000173320.nuc.ord.tre,0.871764
ENSG00000173334.nuc.ord.aln,ENSG00000173334.nuc.ord.tre,0.425952
ENSG00000173369.nuc.ord.aln,ENSG00000173369.nuc.ord.tre,0.363555
ENSG00000173376.nuc.ord.aln,ENSG00000173376.nuc.ord.tre,0.487043
ENSG00000173391.nuc.ord.aln,ENSG00000173391.nuc.ord.tre,0.398098
ENSG00000173402.nuc.ord.aln,ENSG00000173402.nuc.ord.tre,0.757277
ENSG00000173406.nuc.ord.aln,ENSG00000173406.nuc.ord.tre,0.487084
ENSG00000173418.nuc.ord.aln,ENSG00000173418.nuc.ord.tre,0.282241
ENSG00000173421.nuc.ord.aln,ENSG00000173421.nuc.ord.tre,0.527327
ENSG00000173465.nuc.ord.aln,ENSG00000173465.nuc.ord.tre,0.264279
ENSG00000173467.nuc.ord.aln,ENSG00000173467.nuc.ord.tre,0.211636
ENSG00000173473.nuc.ord.aln,ENSG00000173473.nuc.ord.tre,1.364006
ENSG00000173482.nuc.ord.aln,ENSG00000173482.nuc.ord.tre,1.926515
ENSG00000173511.nuc.ord.aln,ENSG00000173511.nuc.ord.tre,0.329446
ENSG00000173517.nuc.ord.aln,ENSG00000173517.nuc.ord.tre,1.208066
ENSG00000173540.nuc.ord.aln,ENSG00000173540.nuc.ord.tre,0.363278
ENSG00000173542.nuc.ord.aln,ENSG00000173542.nuc.ord.tre,0.511258
ENSG00000173545.nuc.ord.aln,ENSG00000173545.nuc.ord.tre,0.526166
ENSG00000173548.nuc.ord.aln,ENSG00000173548.nuc.ord.tre,0.380950
ENSG00000168658.nuc.ord.aln,ENSG00000168658.nuc.ord.tre,1.762780
ENSG00000168672.nuc.ord.aln,ENSG00000168672.nuc.ord.tre,0.216094
ENSG00000168676.nuc.ord.aln,ENSG00000168676.nuc.ord.tre,0.964303
ENSG00000168679.nuc.ord.aln,ENSG00000168679.nuc.ord.tre,0.459438
ENSG00000168685.nuc.ord.aln,ENSG00000168685.nuc.ord.tre,0.467982
ENSG00000168701.nuc.ord.aln,ENSG00000168701.nuc.ord.tre,0.289005
ENSG00000168710.nuc.ord.aln,ENSG00000168710.nuc.ord.tre,0.600328
ENSG00000168724.nuc.ord.aln,ENSG00000168724.nuc.ord.tre,0.487976
ENSG00000168738.nuc.ord.aln,ENSG00000168738.nuc.ord.tre,0.396153
ENSG00000168743.nuc.ord.aln,ENSG00000168743.nuc.ord.tre,0.537765
ENSG00000168748.nuc.ord.aln,ENSG00000168748.nuc.ord.tre,0.335508
ENSG00000168758.nuc.ord.aln,ENSG00000168758.nuc.ord.tre,0.805425
ENSG00000168778.nuc.ord.aln,ENSG00000168778.nuc.ord.tre,0.689837
ENSG00000168779.nuc.ord.aln,ENSG00000168779.nuc.ord.tre,0.374170
ENSG00000168781.nuc.ord.aln,ENSG00000168781.nuc.ord.tre,2.003511
ENSG00000168785.nuc.ord.aln,ENSG00000168785.nuc.ord.tre,0.358422
ENSG00000168792.nuc.ord.aln,ENSG00000168792.nuc.ord.tre,0.358027
ENSG00000168795.nuc.ord.aln,ENSG00000168795.nuc.ord.tre,0.457181
ENSG00000168807.nuc.ord.aln,ENSG00000168807.nuc.ord.tre,0.480551
ENSG00000168813.nuc.ord.aln,ENSG00000168813.nuc.ord.tre,0.967572
ENSG00000168818.nuc.ord.aln,ENSG00000168818.nuc.ord.tre,0.393927
ENSG00000168826.nuc.ord.aln,ENSG00000168826.nuc.ord.tre,0.533704
ENSG00000168827.nuc.ord.aln,ENSG00000168827.nuc.ord.tre,0.651049
ENSG00000168828.nuc.ord.aln,ENSG00000168828.nuc.ord.tre,0.197537
ENSG00000168874.nuc.ord.aln,ENSG00000168874.nuc.ord.tre,0.299563
ENSG00000168876.nuc.ord.aln,ENSG00000168876.nuc.ord.tre,0.337733
ENSG00000168878.nuc.ord.aln,ENSG00000168878.nuc.ord.tre,0.377992
ENSG00000168883.nuc.ord.aln,ENSG00000168883.nuc.ord.tre,0.488083
ENSG00000168887.nuc.ord.aln,ENSG00000168887.nuc.ord.tre,0.331458
ENSG00000168904.nuc.ord.aln,ENSG00000168904.nuc.ord.tre,0.395862
ENSG00000168907.nuc.ord.aln,ENSG00000168907.nuc.ord.tre,1.000275
ENSG00000168916.nuc.ord.aln,ENSG00000168916.nuc.ord.tre,1.857654
ENSG00000168918.nuc.ord.aln,ENSG00000168918.nuc.ord.tre,1.590819
ENSG00000168924.nuc.ord.aln,ENSG00000168924.nuc.ord.tre,0.710963
ENSG00000168938.nuc.ord.aln,ENSG00000168938.nuc.ord.tre,0.335569
ENSG00000168944.nuc.ord.aln,ENSG00000168944.nuc.ord.tre,0.972170
ENSG00000168952.nuc.ord.aln,ENSG00000168952.nuc.ord.tre,0.325042
ENSG00000168955.nuc.ord.aln,ENSG00000168955.nuc.ord.tre,0.373760
ENSG00000168958.nuc.ord.aln,ENSG00000168958.nuc.ord.tre,0.323902
ENSG00000168994.nuc.ord.aln,ENSG00000168994.nuc.ord.tre,0.322635
ENSG00000169018.nuc.ord.aln,ENSG00000169018.nuc.ord.tre,0.448643
ENSG00000171476.nuc.ord.aln,ENSG00000171476.nuc.ord.tre,0.235012
ENSG00000171484.nuc.ord.aln,ENSG00000171484.nuc.ord.tre,0.161299
ENSG00000171488.nuc.ord.aln,ENSG00000171488.nuc.ord.tre,0.716514
ENSG00000171490.nuc.ord.aln,ENSG00000171490.nuc.ord.tre,0.544243
ENSG00000171492.nuc.ord.aln,ENSG00000171492.nuc.ord.tre,0.392552
ENSG00000171495.nuc.ord.aln,ENSG00000171495.nuc.ord.tre,1.966809
ENSG00000171502.nuc.ord.aln,ENSG00000171502.nuc.ord.tre,2.056114
ENSG00000171503.nuc.ord.aln,ENSG00000171503.nuc.ord.tre,0.554278
ENSG00000171509.nuc.ord.aln,ENSG00000171509.nuc.ord.tre,0.682475
ENSG00000171517.nuc.ord.aln,ENSG00000171517.nuc.ord.tre,0.413256
ENSG00000171522.nuc.ord.aln,ENSG00000171522.nuc.ord.tre,0.417177
ENSG00000171530.nuc.ord.aln,ENSG00000171530.nuc.ord.tre,0.299090
ENSG00000171532.nuc.ord.aln,ENSG00000171532.nuc.ord.tre,0.210485
ENSG00000171533.nuc.ord.aln,ENSG00000171533.nuc.ord.tre,1.800733
ENSG00000171540.nuc.ord.aln,ENSG00000171540.nuc.ord.tre,0.257675
ENSG00000171551.nuc.ord.aln,ENSG00000171551.nuc.ord.tre,0.902213
ENSG00000171557.nuc.ord.aln,ENSG00000171557.nuc.ord.tre,0.480314
ENSG00000171560.nuc.ord.aln,ENSG00000171560.nuc.ord.tre,0.899412
ENSG00000171564.nuc.ord.aln,ENSG00000171564.nuc.ord.tre,0.457490
ENSG00000171566.nuc.ord.aln,ENSG00000171566.nuc.ord.tre,0.462731
ENSG00000171587.nuc.ord.aln,ENSG00000171587.nuc.ord.tre,3.324334
ENSG00000171595.nuc.ord.aln,ENSG00000171595.nuc.ord.tre,0.518094
ENSG00000171596.nuc.ord.aln,ENSG00000171596.nuc.ord.tre,0.354604
ENSG00000171603.nuc.ord.aln,ENSG00000171603.nuc.ord.tre,1.169229
ENSG00000171604.nuc.ord.aln,ENSG00000171604.nuc.ord.tre,0.336269
ENSG00000171608.nuc.ord.aln,ENSG00000171608.nuc.ord.tre,1.582054
ENSG00000171612.nuc.ord.aln,ENSG00000171612.nuc.ord.tre,0.386545
ENSG00000171617.nuc.ord.aln,ENSG00000171617.nuc.ord.tre,0.357175
ENSG00000171631.nuc.ord.aln,ENSG00000171631.nuc.ord.tre,0.200381
ENSG00000171643.nuc.ord.aln,ENSG00000171643.nuc.ord.tre,0.198056
ENSG00000171659.nuc.ord.aln,ENSG00000171659.nuc.ord.tre,0.281005
ENSG00000171681.nuc.ord.aln,ENSG00000171681.nuc.ord.tre,1.658352
ENSG00000171700.nuc.ord.aln,ENSG00000171700.nuc.ord.tre,0.272692
ENSG00000171703.nuc.ord.aln,ENSG00000171703.nuc.ord.tre,0.328350
ENSG00000171714.nuc.ord.aln,ENSG00000171714.nuc.ord.tre,0.927852
ENSG00000171723.nuc.ord.aln,ENSG00000171723.nuc.ord.tre,0.808486
ENSG00000171724.nuc.ord.aln,ENSG00000171724.nuc.ord.tre,0.446064
ENSG00000171729.nuc.ord.aln,ENSG00000171729.nuc.ord.tre,0.305247
ENSG00000171735.nuc.ord.aln,ENSG00000171735.nuc.ord.tre,1.798823
ENSG00000171757.nuc.ord.aln,ENSG00000171757.nuc.ord.tre,0.442326
ENSG00000171759.nuc.ord.aln,ENSG00000171759.nuc.ord.tre,0.459534
ENSG00000171763.nuc.ord.aln,ENSG00000171763.nuc.ord.tre,0.772478
ENSG00000171766.nuc.ord.aln,ENSG00000171766.nuc.ord.tre,0.448574
ENSG00000171777.nuc.ord.aln,ENSG00000171777.nuc.ord.tre,0.644263
ENSG00000171790.nuc.ord.aln,ENSG00000171790.nuc.ord.tre,0.396140
ENSG00000171792.nuc.ord.aln,ENSG00000171792.nuc.ord.tre,0.277592
ENSG00000171793.nuc.ord.aln,ENSG00000171793.nuc.ord.tre,0.493555
ENSG00000171806.nuc.ord.aln,ENSG00000171806.nuc.ord.tre,0.249690
ENSG00000171823.nuc.ord.aln,ENSG00000171823.nuc.ord.tre,0.229346
ENSG00000171824.nuc.ord.aln,ENSG00000171824.nuc.ord.tre,0.902905
ENSG00000171840.nuc.ord.aln,ENSG00000171840.nuc.ord.tre,0.261830
ENSG00000171843.nuc.ord.aln,ENSG00000171843.nuc.ord.tre,0.612493
ENSG00000171848.nuc.ord.aln,ENSG00000171848.nuc.ord.tre,0.631538
ENSG00000171853.nuc.ord.aln,ENSG00000171853.nuc.ord.tre,0.952376
ENSG00000171855.nuc.ord.aln,ENSG00000171855.nuc.ord.tre,0.191113
ENSG00000171861.nuc.ord.aln,ENSG00000171861.nuc.ord.tre,0.421334
ENSG00000171862.nuc.ord.aln,ENSG00000171862.nuc.ord.tre,0.361166
ENSG00000171864.nuc.ord.aln,ENSG00000171864.nuc.ord.tre,0.176536
ENSG00000171865.nuc.ord.aln,ENSG00000171865.nuc.ord.tre,0.289920
ENSG00000169019.nuc.ord.aln,ENSG00000169019.nuc.ord.tre,0.415215
ENSG00000169021.nuc.ord.aln,ENSG00000169021.nuc.ord.tre,0.257492
ENSG00000169031.nuc.ord.aln,ENSG00000169031.nuc.ord.tre,2.365844
ENSG00000169032.nuc.ord.aln,ENSG00000169032.nuc.ord.tre,0.484200
ENSG00000169047.nuc.ord.aln,ENSG00000169047.nuc.ord.tre,0.821866
ENSG00000169057.nuc.ord.aln,ENSG00000169057.nuc.ord.tre,0.436630
ENSG00000169062.nuc.ord.aln,ENSG00000169062.nuc.ord.tre,0.459463
ENSG00000169064.nuc.ord.aln,ENSG00000169064.nuc.ord.tre,0.998695
ENSG00000169067.nuc.ord.aln,ENSG00000169067.nuc.ord.tre,0.238110
ENSG00000169071.nuc.ord.aln,ENSG00000169071.nuc.ord.tre,0.723029
ENSG00000169083.nuc.ord.aln,ENSG00000169083.nuc.ord.tre,0.623329
ENSG00000169084.nuc.ord.aln,ENSG00000169084.nuc.ord.tre,0.175120
ENSG00000169087.nuc.ord.aln,ENSG00000169087.nuc.ord.tre,0.464207
ENSG00000169105.nuc.ord.aln,ENSG00000169105.nuc.ord.tre,0.240353
ENSG00000169116.nuc.ord.aln,ENSG00000169116.nuc.ord.tre,0.433932
ENSG00000169118.nuc.ord.aln,ENSG00000169118.nuc.ord.tre,0.468901
ENSG00000169122.nuc.ord.aln,ENSG00000169122.nuc.ord.tre,0.221873
ENSG00000169126.nuc.ord.aln,ENSG00000169126.nuc.ord.tre,0.812583
ENSG00000169129.nuc.ord.aln,ENSG00000169129.nuc.ord.tre,0.992058
ENSG00000169174.nuc.ord.aln,ENSG00000169174.nuc.ord.tre,0.405386
ENSG00000169180.nuc.ord.aln,ENSG00000169180.nuc.ord.tre,1.167385
ENSG00000169181.nuc.ord.aln,ENSG00000169181.nuc.ord.tre,0.269074
ENSG00000169184.nuc.ord.aln,ENSG00000169184.nuc.ord.tre,1.155336
ENSG00000169188.nuc.ord.aln,ENSG00000169188.nuc.ord.tre,0.371662
ENSG00000169189.nuc.ord.aln,ENSG00000169189.nuc.ord.tre,0.360923
ENSG00000169193.nuc.ord.aln,ENSG00000169193.nuc.ord.tre,0.243844
ENSG00000169213.nuc.ord.aln,ENSG00000169213.nuc.ord.tre,0.357679
ENSG00000169217.nuc.ord.aln,ENSG00000169217.nuc.ord.tre,0.347977
ENSG00000169218.nuc.ord.aln,ENSG00000169218.nuc.ord.tre,0.354085
ENSG00000169221.nuc.ord.aln,ENSG00000169221.nuc.ord.tre,0.797661
ENSG00000169228.nuc.ord.aln,ENSG00000169228.nuc.ord.tre,0.193234
ENSG00000169231.nuc.ord.aln,ENSG00000169231.nuc.ord.tre,0.818901
ENSG00000169239.nuc.ord.aln,ENSG00000169239.nuc.ord.tre,0.264114
ENSG00000169241.nuc.ord.aln,ENSG00000169241.nuc.ord.tre,0.300344
ENSG00000169242.nuc.ord.aln,ENSG00000169242.nuc.ord.tre,0.264145
ENSG00000169245.nuc.ord.aln,ENSG00000169245.nuc.ord.tre,0.222380
ENSG00000169247.nuc.ord.aln,ENSG00000169247.nuc.ord.tre,1.457269
ENSG00000169251.nuc.ord.aln,ENSG00000169251.nuc.ord.tre,0.498775
ENSG00000169255.nuc.ord.aln,ENSG00000169255.nuc.ord.tre,0.452210
ENSG00000169271.nuc.ord.aln,ENSG00000169271.nuc.ord.tre,0.236595
ENSG00000169282.nuc.ord.aln,ENSG00000169282.nuc.ord.tre,0.581171
ENSG00000169288.nuc.ord.aln,ENSG00000169288.nuc.ord.tre,0.409339
ENSG00000169291.nuc.ord.aln,ENSG00000169291.nuc.ord.tre,0.533199
ENSG00000169297.nuc.ord.aln,ENSG00000169297.nuc.ord.tre,0.431675
ENSG00000169299.nuc.ord.aln,ENSG00000169299.nuc.ord.tre,0.530748
ENSG00000169302.nuc.ord.aln,ENSG00000169302.nuc.ord.tre,0.480643
ENSG00000169306.nuc.ord.aln,ENSG00000169306.nuc.ord.tre,0.692423
ENSG00000169313.nuc.ord.aln,ENSG00000169313.nuc.ord.tre,0.318535
ENSG00000169330.nuc.ord.aln,ENSG00000169330.nuc.ord.tre,0.641292
ENSG00000169340.nuc.ord.aln,ENSG00000169340.nuc.ord.tre,0.479810
ENSG00000169344.nuc.ord.aln,ENSG00000169344.nuc.ord.tre,0.526719
ENSG00000169347.nuc.ord.aln,ENSG00000169347.nuc.ord.tre,0.614492
ENSG00000169359.nuc.ord.aln,ENSG00000169359.nuc.ord.tre,0.467208
ENSG00000169371.nuc.ord.aln,ENSG00000169371.nuc.ord.tre,0.499154
ENSG00000169372.nuc.ord.aln,ENSG00000169372.nuc.ord.tre,0.320468
ENSG00000169375.nuc.ord.aln,ENSG00000169375.nuc.ord.tre,1.611351
ENSG00000169398.nuc.ord.aln,ENSG00000169398.nuc.ord.tre,1.255789
ENSG00000169403.nuc.ord.aln,ENSG00000169403.nuc.ord.tre,0.273083
ENSG00000169410.nuc.ord.aln,ENSG00000169410.nuc.ord.tre,0.602294
ENSG00000169418.nuc.ord.aln,ENSG00000169418.nuc.ord.tre,0.944406
ENSG00000169427.nuc.ord.aln,ENSG00000169427.nuc.ord.tre,0.324240
ENSG00000169432.nuc.ord.aln,ENSG00000169432.nuc.ord.tre,2.943200
ENSG00000169435.nuc.ord.aln,ENSG00000169435.nuc.ord.tre,0.447065
ENSG00000169436.nuc.ord.aln,ENSG00000169436.nuc.ord.tre,2.196872
ENSG00000170348.nuc.ord.aln,ENSG00000170348.nuc.ord.tre,0.307504
ENSG00000170370.nuc.ord.aln,ENSG00000170370.nuc.ord.tre,0.338012
ENSG00000170381.nuc.ord.aln,ENSG00000170381.nuc.ord.tre,0.687097
ENSG00000170382.nuc.ord.aln,ENSG00000170382.nuc.ord.tre,0.457766
ENSG00000170385.nuc.ord.aln,ENSG00000170385.nuc.ord.tre,0.372714
ENSG00000170390.nuc.ord.aln,ENSG00000170390.nuc.ord.tre,0.944578
ENSG00000170396.nuc.ord.aln,ENSG00000170396.nuc.ord.tre,1.884896
ENSG00000170412.nuc.ord.aln,ENSG00000170412.nuc.ord.tre,0.448258
ENSG00000170417.nuc.ord.aln,ENSG00000170417.nuc.ord.tre,0.382088
ENSG00000170423.nuc.ord.aln,ENSG00000170423.nuc.ord.tre,0.513050
ENSG00000170426.nuc.ord.aln,ENSG00000170426.nuc.ord.tre,0.374715
ENSG00000170430.nuc.ord.aln,ENSG00000170430.nuc.ord.tre,0.316839
ENSG00000170445.nuc.ord.aln,ENSG00000170445.nuc.ord.tre,0.472610
ENSG00000170448.nuc.ord.aln,ENSG00000170448.nuc.ord.tre,0.882437
ENSG00000170454.nuc.ord.aln,ENSG00000170454.nuc.ord.tre,0.509216
ENSG00000170456.nuc.ord.aln,ENSG00000170456.nuc.ord.tre,1.278555
ENSG00000170464.nuc.ord.aln,ENSG00000170464.nuc.ord.tre,0.392878
ENSG00000170469.nuc.ord.aln,ENSG00000170469.nuc.ord.tre,0.420267
ENSG00000170471.nuc.ord.aln,ENSG00000170471.nuc.ord.tre,1.728957
ENSG00000170473.nuc.ord.aln,ENSG00000170473.nuc.ord.tre,0.282862
ENSG00000170477.nuc.ord.aln,ENSG00000170477.nuc.ord.tre,0.638909
ENSG00000170482.nuc.ord.aln,ENSG00000170482.nuc.ord.tre,0.476964
ENSG00000170485.nuc.ord.aln,ENSG00000170485.nuc.ord.tre,0.883687
ENSG00000170500.nuc.ord.aln,ENSG00000170500.nuc.ord.tre,0.584609
ENSG00000170502.nuc.ord.aln,ENSG00000170502.nuc.ord.tre,0.375378
ENSG00000171401.nuc.ord.aln,ENSG00000171401.nuc.ord.tre,0.299490
ENSG00000171408.nuc.ord.aln,ENSG00000171408.nuc.ord.tre,0.626494
ENSG00000171421.nuc.ord.aln,ENSG00000171421.nuc.ord.tre,0.158835
ENSG00000171431.nuc.ord.aln,ENSG00000171431.nuc.ord.tre,0.361691
ENSG00000171444.nuc.ord.aln,ENSG00000171444.nuc.ord.tre,1.172151
ENSG00000171446.nuc.ord.aln,ENSG00000171446.nuc.ord.tre,0.349040
ENSG00000171451.nuc.ord.aln,ENSG00000171451.nuc.ord.tre,0.683832
ENSG00000171453.nuc.ord.aln,ENSG00000171453.nuc.ord.tre,0.348999
ENSG00000171456.nuc.ord.aln,ENSG00000171456.nuc.ord.tre,1.967083
ENSG00000171467.nuc.ord.aln,ENSG00000171467.nuc.ord.tre,4.207196
ENSG00000171475.nuc.ord.aln,ENSG00000171475.nuc.ord.tre,0.524150
ENSG00000169439.nuc.ord.aln,ENSG00000169439.nuc.ord.tre,0.361768
ENSG00000169490.nuc.ord.aln,ENSG00000169490.nuc.ord.tre,0.328361
ENSG00000169495.nuc.ord.aln,ENSG00000169495.nuc.ord.tre,0.413694
ENSG00000169499.nuc.ord.aln,ENSG00000169499.nuc.ord.tre,0.462905
ENSG00000169504.nuc.ord.aln,ENSG00000169504.nuc.ord.tre,0.359563
ENSG00000169507.nuc.ord.aln,ENSG00000169507.nuc.ord.tre,0.452358
ENSG00000169508.nuc.ord.aln,ENSG00000169508.nuc.ord.tre,0.324037
ENSG00000169550.nuc.ord.aln,ENSG00000169550.nuc.ord.tre,0.313973
ENSG00000169554.nuc.ord.aln,ENSG00000169554.nuc.ord.tre,1.179664
ENSG00000169562.nuc.ord.aln,ENSG00000169562.nuc.ord.tre,0.254541
ENSG00000169570.nuc.ord.aln,ENSG00000169570.nuc.ord.tre,0.420793
ENSG00000169594.nuc.ord.aln,ENSG00000169594.nuc.ord.tre,1.042373
ENSG00000169598.nuc.ord.aln,ENSG00000169598.nuc.ord.tre,0.372904
ENSG00000169599.nuc.ord.aln,ENSG00000169599.nuc.ord.tre,0.351721
ENSG00000169604.nuc.ord.aln,ENSG00000169604.nuc.ord.tre,0.674019
ENSG00000169605.nuc.ord.aln,ENSG00000169605.nuc.ord.tre,0.307847
ENSG00000169607.nuc.ord.aln,ENSG00000169607.nuc.ord.tre,0.641457
ENSG00000169609.nuc.ord.aln,ENSG00000169609.nuc.ord.tre,0.235492
ENSG00000169621.nuc.ord.aln,ENSG00000169621.nuc.ord.tre,0.450281
ENSG00000169635.nuc.ord.aln,ENSG00000169635.nuc.ord.tre,0.406935
ENSG00000169641.nuc.ord.aln,ENSG00000169641.nuc.ord.tre,0.983815
ENSG00000169660.nuc.ord.aln,ENSG00000169660.nuc.ord.tre,1.076069
ENSG00000169676.nuc.ord.aln,ENSG00000169676.nuc.ord.tre,0.246043
ENSG00000169679.nuc.ord.aln,ENSG00000169679.nuc.ord.tre,1.152139
ENSG00000169682.nuc.ord.aln,ENSG00000169682.nuc.ord.tre,0.365370
ENSG00000169683.nuc.ord.aln,ENSG00000169683.nuc.ord.tre,0.514868
ENSG00000169684.nuc.ord.aln,ENSG00000169684.nuc.ord.tre,0.545847
ENSG00000169704.nuc.ord.aln,ENSG00000169704.nuc.ord.tre,0.142756
ENSG00000169727.nuc.ord.aln,ENSG00000169727.nuc.ord.tre,0.810287
ENSG00000169738.nuc.ord.aln,ENSG00000169738.nuc.ord.tre,0.211252
ENSG00000169744.nuc.ord.aln,ENSG00000169744.nuc.ord.tre,0.407113
ENSG00000169752.nuc.ord.aln,ENSG00000169752.nuc.ord.tre,0.160397
ENSG00000169760.nuc.ord.aln,ENSG00000169760.nuc.ord.tre,0.901240
ENSG00000169762.nuc.ord.aln,ENSG00000169762.nuc.ord.tre,0.534453
ENSG00000169764.nuc.ord.aln,ENSG00000169764.nuc.ord.tre,0.458217
ENSG00000169783.nuc.ord.aln,ENSG00000169783.nuc.ord.tre,0.326266
ENSG00000169814.nuc.ord.aln,ENSG00000169814.nuc.ord.tre,0.456353
ENSG00000169836.nuc.ord.aln,ENSG00000169836.nuc.ord.tre,0.409022
ENSG00000169851.nuc.ord.aln,ENSG00000169851.nuc.ord.tre,1.490448
ENSG00000169855.nuc.ord.aln,ENSG00000169855.nuc.ord.tre,2.038630
ENSG00000169856.nuc.ord.aln,ENSG00000169856.nuc.ord.tre,0.345122
ENSG00000169857.nuc.ord.aln,ENSG00000169857.nuc.ord.tre,0.459413
ENSG00000169862.nuc.ord.aln,ENSG00000169862.nuc.ord.tre,1.424667
ENSG00000169884.nuc.ord.aln,ENSG00000169884.nuc.ord.tre,0.306011
ENSG00000169891.nuc.ord.aln,ENSG00000169891.nuc.ord.tre,0.591625
ENSG00000169895.nuc.ord.aln,ENSG00000169895.nuc.ord.tre,0.423717
ENSG00000169902.nuc.ord.aln,ENSG00000169902.nuc.ord.tre,0.357302
ENSG00000169903.nuc.ord.aln,ENSG00000169903.nuc.ord.tre,0.460751
ENSG00000169905.nuc.ord.aln,ENSG00000169905.nuc.ord.tre,0.514991
ENSG00000169908.nuc.ord.aln,ENSG00000169908.nuc.ord.tre,0.323598
ENSG00000169914.nuc.ord.aln,ENSG00000169914.nuc.ord.tre,0.390845
ENSG00000169918.nuc.ord.aln,ENSG00000169918.nuc.ord.tre,0.943336
ENSG00000169925.nuc.ord.aln,ENSG00000169925.nuc.ord.tre,0.553814
ENSG00000169933.nuc.ord.aln,ENSG00000169933.nuc.ord.tre,2.331146
ENSG00000169946.nuc.ord.aln,ENSG00000169946.nuc.ord.tre,1.163359
ENSG00000169957.nuc.ord.aln,ENSG00000169957.nuc.ord.tre,0.424980
ENSG00000169964.nuc.ord.aln,ENSG00000169964.nuc.ord.tre,0.249204
ENSG00000169967.nuc.ord.aln,ENSG00000169967.nuc.ord.tre,0.702794
ENSG00000169989.nuc.ord.aln,ENSG00000169989.nuc.ord.tre,0.395507
ENSG00000169991.nuc.ord.aln,ENSG00000169991.nuc.ord.tre,0.451774
ENSG00000170006.nuc.ord.aln,ENSG00000170006.nuc.ord.tre,0.344292
ENSG00000170017.nuc.ord.aln,ENSG00000170017.nuc.ord.tre,0.620145
ENSG00000170037.nuc.ord.aln,ENSG00000170037.nuc.ord.tre,1.034545
ENSG00000170043.nuc.ord.aln,ENSG00000170043.nuc.ord.tre,0.302729
ENSG00000170044.nuc.ord.aln,ENSG00000170044.nuc.ord.tre,0.450951
ENSG00000170049.nuc.ord.aln,ENSG00000170049.nuc.ord.tre,0.382634
ENSG00000170075.nuc.ord.aln,ENSG00000170075.nuc.ord.tre,0.339508
ENSG00000170085.nuc.ord.aln,ENSG00000170085.nuc.ord.tre,1.387170
ENSG00000170088.nuc.ord.aln,ENSG00000170088.nuc.ord.tre,0.379675
ENSG00000170091.nuc.ord.aln,ENSG00000170091.nuc.ord.tre,0.284681
ENSG00000170099.nuc.ord.aln,ENSG00000170099.nuc.ord.tre,0.380579
ENSG00000170113.nuc.ord.aln,ENSG00000170113.nuc.ord.tre,0.383518
ENSG00000170145.nuc.ord.aln,ENSG00000170145.nuc.ord.tre,0.877017
ENSG00000170153.nuc.ord.aln,ENSG00000170153.nuc.ord.tre,0.430529
ENSG00000170166.nuc.ord.aln,ENSG00000170166.nuc.ord.tre,0.288690
ENSG00000170175.nuc.ord.aln,ENSG00000170175.nuc.ord.tre,0.414189
ENSG00000170178.nuc.ord.aln,ENSG00000170178.nuc.ord.tre,0.372986
ENSG00000170185.nuc.ord.aln,ENSG00000170185.nuc.ord.tre,1.112009
ENSG00000170209.nuc.ord.aln,ENSG00000170209.nuc.ord.tre,1.018063
ENSG00000170214.nuc.ord.aln,ENSG00000170214.nuc.ord.tre,0.396821
ENSG00000170222.nuc.ord.aln,ENSG00000170222.nuc.ord.tre,0.370081
ENSG00000170231.nuc.ord.aln,ENSG00000170231.nuc.ord.tre,0.281748
ENSG00000170234.nuc.ord.aln,ENSG00000170234.nuc.ord.tre,0.663429
ENSG00000170236.nuc.ord.aln,ENSG00000170236.nuc.ord.tre,0.446646
ENSG00000170242.nuc.ord.aln,ENSG00000170242.nuc.ord.tre,1.500926
ENSG00000170262.nuc.ord.aln,ENSG00000170262.nuc.ord.tre,0.244595
ENSG00000170264.nuc.ord.aln,ENSG00000170264.nuc.ord.tre,0.553982
ENSG00000170265.nuc.ord.aln,ENSG00000170265.nuc.ord.tre,0.661173
ENSG00000170266.nuc.ord.aln,ENSG00000170266.nuc.ord.tre,0.723821
ENSG00000170276.nuc.ord.aln,ENSG00000170276.nuc.ord.tre,0.266502
ENSG00000170289.nuc.ord.aln,ENSG00000170289.nuc.ord.tre,0.903255
ENSG00000170291.nuc.ord.aln,ENSG00000170291.nuc.ord.tre,0.309701
ENSG00000170293.nuc.ord.aln,ENSG00000170293.nuc.ord.tre,0.294690
ENSG00000170310.nuc.ord.aln,ENSG00000170310.nuc.ord.tre,0.329887
ENSG00000170312.nuc.ord.aln,ENSG00000170312.nuc.ord.tre,0.325361
ENSG00000170322.nuc.ord.aln,ENSG00000170322.nuc.ord.tre,1.374201
ENSG00000170323.nuc.ord.aln,ENSG00000170323.nuc.ord.tre,0.345096
ENSG00000170325.nuc.ord.aln,ENSG00000170325.nuc.ord.tre,1.380090
ENSG00000170340.nuc.ord.aln,ENSG00000170340.nuc.ord.tre,0.319090
ENSG00000170345.nuc.ord.aln,ENSG00000170345.nuc.ord.tre,0.383071
ENSG00000170509.nuc.ord.aln,ENSG00000170509.nuc.ord.tre,0.332450
ENSG00000170522.nuc.ord.aln,ENSG00000170522.nuc.ord.tre,0.356445
ENSG00000170525.nuc.ord.aln,ENSG00000170525.nuc.ord.tre,0.457372
ENSG00000170537.nuc.ord.aln,ENSG00000170537.nuc.ord.tre,0.797500
ENSG00000170540.nuc.ord.aln,ENSG00000170540.nuc.ord.tre,0.276572
ENSG00000170545.nuc.ord.aln,ENSG00000170545.nuc.ord.tre,0.270332
ENSG00000170549.nuc.ord.aln,ENSG00000170549.nuc.ord.tre,0.333500
ENSG00000170558.nuc.ord.aln,ENSG00000170558.nuc.ord.tre,1.341406
ENSG00000170561.nuc.ord.aln,ENSG00000170561.nuc.ord.tre,0.342242
ENSG00000170571.nuc.ord.aln,ENSG00000170571.nuc.ord.tre,0.267135
ENSG00000170577.nuc.ord.aln,ENSG00000170577.nuc.ord.tre,0.246003
ENSG00000170579.nuc.ord.aln,ENSG00000170579.nuc.ord.tre,0.993663
ENSG00000170581.nuc.ord.aln,ENSG00000170581.nuc.ord.tre,0.977828
ENSG00000170584.nuc.ord.aln,ENSG00000170584.nuc.ord.tre,0.276872
ENSG00000170615.nuc.ord.aln,ENSG00000170615.nuc.ord.tre,0.693457
ENSG00000170624.nuc.ord.aln,ENSG00000170624.nuc.ord.tre,0.487728
ENSG00000170627.nuc.ord.aln,ENSG00000170627.nuc.ord.tre,0.292377
ENSG00000170633.nuc.ord.aln,ENSG00000170633.nuc.ord.tre,0.395167
ENSG00000170634.nuc.ord.aln,ENSG00000170634.nuc.ord.tre,0.262762
ENSG00000170653.nuc.ord.aln,ENSG00000170653.nuc.ord.tre,0.447268
ENSG00000170677.nuc.ord.aln,ENSG00000170677.nuc.ord.tre,0.362874
ENSG00000170681.nuc.ord.aln,ENSG00000170681.nuc.ord.tre,0.342336
ENSG00000170684.nuc.ord.aln,ENSG00000170684.nuc.ord.tre,0.366489
ENSG00000170689.nuc.ord.aln,ENSG00000170689.nuc.ord.tre,0.284730
ENSG00000170703.nuc.ord.aln,ENSG00000170703.nuc.ord.tre,1.192528
ENSG00000170734.nuc.ord.aln,ENSG00000170734.nuc.ord.tre,0.751073
ENSG00000170743.nuc.ord.aln,ENSG00000170743.nuc.ord.tre,0.480653
ENSG00000170745.nuc.ord.aln,ENSG00000170745.nuc.ord.tre,0.348938
ENSG00000170759.nuc.ord.aln,ENSG00000170759.nuc.ord.tre,0.954163
ENSG00000170776.nuc.ord.aln,ENSG00000170776.nuc.ord.tre,4.677661
ENSG00000170786.nuc.ord.aln,ENSG00000170786.nuc.ord.tre,0.338281
ENSG00000170788.nuc.ord.aln,ENSG00000170788.nuc.ord.tre,0.308976
ENSG00000170791.nuc.ord.aln,ENSG00000170791.nuc.ord.tre,0.228085
ENSG00000170802.nuc.ord.aln,ENSG00000170802.nuc.ord.tre,0.434588
ENSG00000170807.nuc.ord.aln,ENSG00000170807.nuc.ord.tre,1.000746
ENSG00000170819.nuc.ord.aln,ENSG00000170819.nuc.ord.tre,0.442803
ENSG00000170820.nuc.ord.aln,ENSG00000170820.nuc.ord.tre,0.539378
ENSG00000170835.nuc.ord.aln,ENSG00000170835.nuc.ord.tre,0.413492
ENSG00000170836.nuc.ord.aln,ENSG00000170836.nuc.ord.tre,0.710187
ENSG00000170852.nuc.ord.aln,ENSG00000170852.nuc.ord.tre,0.448821
ENSG00000170854.nuc.ord.aln,ENSG00000170854.nuc.ord.tre,0.408472
ENSG00000170860.nuc.ord.aln,ENSG00000170860.nuc.ord.tre,0.251335
ENSG00000170871.nuc.ord.aln,ENSG00000170871.nuc.ord.tre,1.537143
ENSG00000170873.nuc.ord.aln,ENSG00000170873.nuc.ord.tre,0.792460
ENSG00000170876.nuc.ord.aln,ENSG00000170876.nuc.ord.tre,0.370486
ENSG00000170881.nuc.ord.aln,ENSG00000170881.nuc.ord.tre,0.443714
ENSG00000170889.nuc.ord.aln,ENSG00000170889.nuc.ord.tre,0.257780
ENSG00000170891.nuc.ord.aln,ENSG00000170891.nuc.ord.tre,0.332390
ENSG00000170893.nuc.ord.aln,ENSG00000170893.nuc.ord.tre,0.305507
ENSG00000170903.nuc.ord.aln,ENSG00000170903.nuc.ord.tre,0.339886
ENSG00000170909.nuc.ord.aln,ENSG00000170909.nuc.ord.tre,0.207190
ENSG00000170915.nuc.ord.aln,ENSG00000170915.nuc.ord.tre,0.270516
ENSG00000170917.nuc.ord.aln,ENSG00000170917.nuc.ord.tre,0.316973
ENSG00000170921.nuc.ord.aln,ENSG00000170921.nuc.ord.tre,2.839259
ENSG00000170929.nuc.ord.aln,ENSG00000170929.nuc.ord.tre,0.198723
ENSG00000170941.nuc.ord.aln,ENSG00000170941.nuc.ord.tre,0.452599
ENSG00000170946.nuc.ord.aln,ENSG00000170946.nuc.ord.tre,0.327765
ENSG00000170955.nuc.ord.aln,ENSG00000170955.nuc.ord.tre,0.300712
ENSG00000170961.nuc.ord.aln,ENSG00000170961.nuc.ord.tre,0.399371
ENSG00000170962.nuc.ord.aln,ENSG00000170962.nuc.ord.tre,0.430717
ENSG00000170989.nuc.ord.aln,ENSG00000170989.nuc.ord.tre,0.283951
ENSG00000171004.nuc.ord.aln,ENSG00000171004.nuc.ord.tre,0.551393
ENSG00000171014.nuc.ord.aln,ENSG00000171014.nuc.ord.tre,0.206364
ENSG00000171016.nuc.ord.aln,ENSG00000171016.nuc.ord.tre,0.377695
ENSG00000171055.nuc.ord.aln,ENSG00000171055.nuc.ord.tre,0.441852
ENSG00000171060.nuc.ord.aln,ENSG00000171060.nuc.ord.tre,0.323653
ENSG00000171067.nuc.ord.aln,ENSG00000171067.nuc.ord.tre,0.315557
ENSG00000171094.nuc.ord.aln,ENSG00000171094.nuc.ord.tre,2.256316
ENSG00000171097.nuc.ord.aln,ENSG00000171097.nuc.ord.tre,0.359851
ENSG00000171100.nuc.ord.aln,ENSG00000171100.nuc.ord.tre,0.532045
ENSG00000171109.nuc.ord.aln,ENSG00000171109.nuc.ord.tre,0.646570
ENSG00000171126.nuc.ord.aln,ENSG00000171126.nuc.ord.tre,0.357527
ENSG00000171132.nuc.ord.aln,ENSG00000171132.nuc.ord.tre,0.643402
ENSG00000171135.nuc.ord.aln,ENSG00000171135.nuc.ord.tre,0.276966
ENSG00000171148.nuc.ord.aln,ENSG00000171148.nuc.ord.tre,0.378809
ENSG00000171155.nuc.ord.aln,ENSG00000171155.nuc.ord.tre,0.263221
ENSG00000171160.nuc.ord.aln,ENSG00000171160.nuc.ord.tre,0.388211
ENSG00000171163.nuc.ord.aln,ENSG00000171163.nuc.ord.tre,0.433055
ENSG00000171169.nuc.ord.aln,ENSG00000171169.nuc.ord.tre,0.359042
ENSG00000171174.nuc.ord.aln,ENSG00000171174.nuc.ord.tre,0.425461
ENSG00000171189.nuc.ord.aln,ENSG00000171189.nuc.ord.tre,1.091276
ENSG00000171202.nuc.ord.aln,ENSG00000171202.nuc.ord.tre,0.319641
ENSG00000171204.nuc.ord.aln,ENSG00000171204.nuc.ord.tre,0.330590
ENSG00000171208.nuc.ord.aln,ENSG00000171208.nuc.ord.tre,0.677669
ENSG00000171222.nuc.ord.aln,ENSG00000171222.nuc.ord.tre,0.206877
ENSG00000171224.nuc.ord.aln,ENSG00000171224.nuc.ord.tre,0.293380
ENSG00000171227.nuc.ord.aln,ENSG00000171227.nuc.ord.tre,0.224809
ENSG00000171236.nuc.ord.aln,ENSG00000171236.nuc.ord.tre,0.297228
ENSG00000171241.nuc.ord.aln,ENSG00000171241.nuc.ord.tre,0.504787
ENSG00000171243.nuc.ord.aln,ENSG00000171243.nuc.ord.tre,0.344782
ENSG00000171262.nuc.ord.aln,ENSG00000171262.nuc.ord.tre,0.532269
ENSG00000171302.nuc.ord.aln,ENSG00000171302.nuc.ord.tre,0.336298
ENSG00000171303.nuc.ord.aln,ENSG00000171303.nuc.ord.tre,0.324948
ENSG00000171307.nuc.ord.aln,ENSG00000171307.nuc.ord.tre,0.240936
ENSG00000171310.nuc.ord.aln,ENSG00000171310.nuc.ord.tre,0.352306
ENSG00000171316.nuc.ord.aln,ENSG00000171316.nuc.ord.tre,6.036333
ENSG00000171320.nuc.ord.aln,ENSG00000171320.nuc.ord.tre,0.486258
ENSG00000171357.nuc.ord.aln,ENSG00000171357.nuc.ord.tre,0.292938
ENSG00000171365.nuc.ord.aln,ENSG00000171365.nuc.ord.tre,0.740633
ENSG00000171385.nuc.ord.aln,ENSG00000171385.nuc.ord.tre,0.502480
ENSG00000172318.nuc.ord.aln,ENSG00000172318.nuc.ord.tre,0.304123
ENSG00000172331.nuc.ord.aln,ENSG00000172331.nuc.ord.tre,0.374079
ENSG00000172336.nuc.ord.aln,ENSG00000172336.nuc.ord.tre,0.315029
ENSG00000172339.nuc.ord.aln,ENSG00000172339.nuc.ord.tre,0.368883
ENSG00000172340.nuc.ord.aln,ENSG00000172340.nuc.ord.tre,0.423417
ENSG00000172345.nuc.ord.aln,ENSG00000172345.nuc.ord.tre,0.302126
ENSG00000172346.nuc.ord.aln,ENSG00000172346.nuc.ord.tre,0.263333
ENSG00000172348.nuc.ord.aln,ENSG00000172348.nuc.ord.tre,0.292105
ENSG00000172349.nuc.ord.aln,ENSG00000172349.nuc.ord.tre,1.402777
ENSG00000172350.nuc.ord.aln,ENSG00000172350.nuc.ord.tre,0.652318
ENSG00000172361.nuc.ord.aln,ENSG00000172361.nuc.ord.tre,0.474548
ENSG00000172379.nuc.ord.aln,ENSG00000172379.nuc.ord.tre,0.682909
ENSG00000172403.nuc.ord.aln,ENSG00000172403.nuc.ord.tre,1.535452
ENSG00000172410.nuc.ord.aln,ENSG00000172410.nuc.ord.tre,0.201196
ENSG00000172426.nuc.ord.aln,ENSG00000172426.nuc.ord.tre,0.394970
ENSG00000172432.nuc.ord.aln,ENSG00000172432.nuc.ord.tre,0.429774
ENSG00000172456.nuc.ord.aln,ENSG00000172456.nuc.ord.tre,0.484196
ENSG00000172458.nuc.ord.aln,ENSG00000172458.nuc.ord.tre,0.232536
ENSG00000172459.nuc.ord.aln,ENSG00000172459.nuc.ord.tre,0.226758
ENSG00000172461.nuc.ord.aln,ENSG00000172461.nuc.ord.tre,0.437468
ENSG00000172464.nuc.ord.aln,ENSG00000172464.nuc.ord.tre,0.160575
ENSG00000172493.nuc.ord.aln,ENSG00000172493.nuc.ord.tre,1.847071
ENSG00000172497.nuc.ord.aln,ENSG00000172497.nuc.ord.tre,0.540621
ENSG00000172500.nuc.ord.aln,ENSG00000172500.nuc.ord.tre,0.329320
ENSG00000172534.nuc.ord.aln,ENSG00000172534.nuc.ord.tre,3.115380
ENSG00000172538.nuc.ord.aln,ENSG00000172538.nuc.ord.tre,0.330986
ENSG00000172548.nuc.ord.aln,ENSG00000172548.nuc.ord.tre,0.459849
ENSG00000172554.nuc.ord.aln,ENSG00000172554.nuc.ord.tre,0.394735
ENSG00000172568.nuc.ord.aln,ENSG00000172568.nuc.ord.tre,0.235797
ENSG00000172572.nuc.ord.aln,ENSG00000172572.nuc.ord.tre,1.153401
ENSG00000172575.nuc.ord.aln,ENSG00000172575.nuc.ord.tre,0.728143
ENSG00000172578.nuc.ord.aln,ENSG00000172578.nuc.ord.tre,0.578852
ENSG00000172594.nuc.ord.aln,ENSG00000172594.nuc.ord.tre,0.433854
ENSG00000172602.nuc.ord.aln,ENSG00000172602.nuc.ord.tre,0.305616
ENSG00000172653.nuc.ord.aln,ENSG00000172653.nuc.ord.tre,0.455124
ENSG00000172660.nuc.ord.aln,ENSG00000172660.nuc.ord.tre,0.820959
ENSG00000172667.nuc.ord.aln,ENSG00000172667.nuc.ord.tre,0.359267
ENSG00000172671.nuc.ord.aln,ENSG00000172671.nuc.ord.tre,0.750585
ENSG00000172673.nuc.ord.aln,ENSG00000172673.nuc.ord.tre,0.568003
ENSG00000172680.nuc.ord.aln,ENSG00000172680.nuc.ord.tre,0.253124
ENSG00000172725.nuc.ord.aln,ENSG00000172725.nuc.ord.tre,0.363188
ENSG00000172728.nuc.ord.aln,ENSG00000172728.nuc.ord.tre,0.423484
ENSG00000172732.nuc.ord.aln,ENSG00000172732.nuc.ord.tre,0.458218
ENSG00000172733.nuc.ord.aln,ENSG00000172733.nuc.ord.tre,0.320773
ENSG00000172765.nuc.ord.aln,ENSG00000172765.nuc.ord.tre,0.500511
ENSG00000172766.nuc.ord.aln,ENSG00000172766.nuc.ord.tre,0.774980
ENSG00000172771.nuc.ord.aln,ENSG00000172771.nuc.ord.tre,0.593969
ENSG00000172772.nuc.ord.aln,ENSG00000172772.nuc.ord.tre,0.220763
ENSG00000172775.nuc.ord.aln,ENSG00000172775.nuc.ord.tre,0.290122
ENSG00000172789.nuc.ord.aln,ENSG00000172789.nuc.ord.tre,0.270426
ENSG00000172794.nuc.ord.aln,ENSG00000172794.nuc.ord.tre,0.305442
ENSG00000172795.nuc.ord.aln,ENSG00000172795.nuc.ord.tre,0.376387
ENSG00000172803.nuc.ord.aln,ENSG00000172803.nuc.ord.tre,0.404804
ENSG00000172817.nuc.ord.aln,ENSG00000172817.nuc.ord.tre,0.489896
ENSG00000172818.nuc.ord.aln,ENSG00000172818.nuc.ord.tre,0.480781
ENSG00000172819.nuc.ord.aln,ENSG00000172819.nuc.ord.tre,0.601096
ENSG00000172845.nuc.ord.aln,ENSG00000172845.nuc.ord.tre,0.649498
ENSG00000172869.nuc.ord.aln,ENSG00000172869.nuc.ord.tre,5.950512
ENSG00000172878.nuc.ord.aln,ENSG00000172878.nuc.ord.tre,0.483081
ENSG00000172890.nuc.ord.aln,ENSG00000172890.nuc.ord.tre,0.573462
ENSG00000172893.nuc.ord.aln,ENSG00000172893.nuc.ord.tre,0.391396
ENSG00000172901.nuc.ord.aln,ENSG00000172901.nuc.ord.tre,1.083754
ENSG00000172915.nuc.ord.aln,ENSG00000172915.nuc.ord.tre,5.427559
ENSG00000172922.nuc.ord.aln,ENSG00000172922.nuc.ord.tre,0.265853
ENSG00000172932.nuc.ord.aln,ENSG00000172932.nuc.ord.tre,0.490609
ENSG00000172939.nuc.ord.aln,ENSG00000172939.nuc.ord.tre,0.497156
ENSG00000172954.nuc.ord.aln,ENSG00000172954.nuc.ord.tre,0.434519
ENSG00000172977.nuc.ord.aln,ENSG00000172977.nuc.ord.tre,0.425819
ENSG00000172986.nuc.ord.aln,ENSG00000172986.nuc.ord.tre,0.590419
ENSG00000172987.nuc.ord.aln,ENSG00000172987.nuc.ord.tre,0.480627
ENSG00000172992.nuc.ord.aln,ENSG00000172992.nuc.ord.tre,0.317105
ENSG00000173011.nuc.ord.aln,ENSG00000173011.nuc.ord.tre,0.300530
ENSG00000173013.nuc.ord.aln,ENSG00000173013.nuc.ord.tre,0.269669
ENSG00000173020.nuc.ord.aln,ENSG00000173020.nuc.ord.tre,0.409705
ENSG00000173039.nuc.ord.aln,ENSG00000173039.nuc.ord.tre,0.497570
ENSG00000173040.nuc.ord.aln,ENSG00000173040.nuc.ord.tre,1.468613
ENSG00000173064.nuc.ord.aln,ENSG00000173064.nuc.ord.tre,9.900690
ENSG00000173065.nuc.ord.aln,ENSG00000173065.nuc.ord.tre,0.315341
ENSG00000173068.nuc.ord.aln,ENSG00000173068.nuc.ord.tre,1.054408
ENSG00000173080.nuc.ord.aln,ENSG00000173080.nuc.ord.tre,0.199927
ENSG00000173083.nuc.ord.aln,ENSG00000173083.nuc.ord.tre,0.479649
ENSG00000173085.nuc.ord.aln,ENSG00000173085.nuc.ord.tre,0.441726
ENSG00000173093.nuc.ord.aln,ENSG00000173093.nuc.ord.tre,0.479617
ENSG00000173114.nuc.ord.aln,ENSG00000173114.nuc.ord.tre,0.399205
ENSG00000173120.nuc.ord.aln,ENSG00000173120.nuc.ord.tre,1.288710
ENSG00000173141.nuc.ord.aln,ENSG00000173141.nuc.ord.tre,0.150686
ENSG00000173145.nuc.ord.aln,ENSG00000173145.nuc.ord.tre,0.844408
ENSG00000173153.nuc.ord.aln,ENSG00000173153.nuc.ord.tre,0.293622
ENSG00000173156.nuc.ord.aln,ENSG00000173156.nuc.ord.tre,0.277663
ENSG00000173163.nuc.ord.aln,ENSG00000173163.nuc.ord.tre,0.347789
ENSG00000173166.nuc.ord.aln,ENSG00000173166.nuc.ord.tre,1.532124
ENSG00000173171.nuc.ord.aln,ENSG00000173171.nuc.ord.tre,0.369490
ENSG00000173175.nuc.ord.aln,ENSG00000173175.nuc.ord.tre,1.492906
ENSG00000173193.nuc.ord.aln,ENSG00000173193.nuc.ord.tre,2.101435
ENSG00000173198.nuc.ord.aln,ENSG00000173198.nuc.ord.tre,0.246763
ENSG00000173208.nuc.ord.aln,ENSG00000173208.nuc.ord.tre,0.465709
ENSG00000173209.nuc.ord.aln,ENSG00000173209.nuc.ord.tre,0.381299
ENSG00000173210.nuc.ord.aln,ENSG00000173210.nuc.ord.tre,0.693087
ENSG00000173212.nuc.ord.aln,ENSG00000173212.nuc.ord.tre,0.417432
ENSG00000173218.nuc.ord.aln,ENSG00000173218.nuc.ord.tre,0.509595
ENSG00000173786.nuc.ord.aln,ENSG00000173786.nuc.ord.tre,0.331781
ENSG00000173801.nuc.ord.aln,ENSG00000173801.nuc.ord.tre,0.707652
ENSG00000173809.nuc.ord.aln,ENSG00000173809.nuc.ord.tre,1.603941
ENSG00000173821.nuc.ord.aln,ENSG00000173821.nuc.ord.tre,13.591214
ENSG00000173826.nuc.ord.aln,ENSG00000173826.nuc.ord.tre,0.788610
ENSG00000173846.nuc.ord.aln,ENSG00000173846.nuc.ord.tre,0.706027
ENSG00000173848.nuc.ord.aln,ENSG00000173848.nuc.ord.tre,0.536750
ENSG00000173852.nuc.ord.aln,ENSG00000173852.nuc.ord.tre,0.563177
ENSG00000173867.nuc.ord.aln,ENSG00000173867.nuc.ord.tre,0.375959
ENSG00000173868.nuc.ord.aln,ENSG00000173868.nuc.ord.tre,0.296369
ENSG00000173889.nuc.ord.aln,ENSG00000173889.nuc.ord.tre,0.857246
ENSG00000173890.nuc.ord.aln,ENSG00000173890.nuc.ord.tre,0.257911
ENSG00000173894.nuc.ord.aln,ENSG00000173894.nuc.ord.tre,0.449924
ENSG00000173898.nuc.ord.aln,ENSG00000173898.nuc.ord.tre,4.200172
ENSG00000173905.nuc.ord.aln,ENSG00000173905.nuc.ord.tre,0.693002
ENSG00000173928.nuc.ord.aln,ENSG00000173928.nuc.ord.tre,0.330196
ENSG00000173930.nuc.ord.aln,ENSG00000173930.nuc.ord.tre,0.496686
ENSG00000173933.nuc.ord.aln,ENSG00000173933.nuc.ord.tre,0.224857
ENSG00000173947.nuc.ord.aln,ENSG00000173947.nuc.ord.tre,0.438663
ENSG00000173950.nuc.ord.aln,ENSG00000173950.nuc.ord.tre,0.423097
ENSG00000173960.nuc.ord.aln,ENSG00000173960.nuc.ord.tre,0.307173
ENSG00000173991.nuc.ord.aln,ENSG00000173991.nuc.ord.tre,0.262278
ENSG00000173992.nuc.ord.aln,ENSG00000173992.nuc.ord.tre,0.309791
ENSG00000174004.nuc.ord.aln,ENSG00000174004.nuc.ord.tre,0.589599
ENSG00000174007.nuc.ord.aln,ENSG00000174007.nuc.ord.tre,0.290732
ENSG00000174010.nuc.ord.aln,ENSG00000174010.nuc.ord.tre,0.491352
ENSG00000174013.nuc.ord.aln,ENSG00000174013.nuc.ord.tre,0.336999
ENSG00000174015.nuc.ord.aln,ENSG00000174015.nuc.ord.tre,0.381258
ENSG00000174016.nuc.ord.aln,ENSG00000174016.nuc.ord.tre,0.233691
ENSG00000174032.nuc.ord.aln,ENSG00000174032.nuc.ord.tre,0.377626
ENSG00000174038.nuc.ord.aln,ENSG00000174038.nuc.ord.tre,1.172468
ENSG00000174059.nuc.ord.aln,ENSG00000174059.nuc.ord.tre,0.402397
ENSG00000174080.nuc.ord.aln,ENSG00000174080.nuc.ord.tre,0.409082
ENSG00000174099.nuc.ord.aln,ENSG00000174099.nuc.ord.tre,0.360175
ENSG00000174106.nuc.ord.aln,ENSG00000174106.nuc.ord.tre,0.867929
ENSG00000174111.nuc.ord.aln,ENSG00000174111.nuc.ord.tre,0.835808
ENSG00000174132.nuc.ord.aln,ENSG00000174132.nuc.ord.tre,0.223944
ENSG00000174136.nuc.ord.aln,ENSG00000174136.nuc.ord.tre,0.657862
ENSG00000174151.nuc.ord.aln,ENSG00000174151.nuc.ord.tre,0.328356
ENSG00000174173.nuc.ord.aln,ENSG00000174173.nuc.ord.tre,0.459247
ENSG00000174175.nuc.ord.aln,ENSG00000174175.nuc.ord.tre,0.796174
ENSG00000174197.nuc.ord.aln,ENSG00000174197.nuc.ord.tre,5.738765
ENSG00000174206.nuc.ord.aln,ENSG00000174206.nuc.ord.tre,0.407350
ENSG00000174226.nuc.ord.aln,ENSG00000174226.nuc.ord.tre,0.425008
ENSG00000174227.nuc.ord.aln,ENSG00000174227.nuc.ord.tre,0.827829
ENSG00000174231.nuc.ord.aln,ENSG00000174231.nuc.ord.tre,3.758976
ENSG00000174243.nuc.ord.aln,ENSG00000174243.nuc.ord.tre,0.793214
ENSG00000174282.nuc.ord.aln,ENSG00000174282.nuc.ord.tre,1.015507
ENSG00000174306.nuc.ord.aln,ENSG00000174306.nuc.ord.tre,0.728034
ENSG00000174326.nuc.ord.aln,ENSG00000174326.nuc.ord.tre,0.460301
ENSG00000174327.nuc.ord.aln,ENSG00000174327.nuc.ord.tre,0.446619
ENSG00000174348.nuc.ord.aln,ENSG00000174348.nuc.ord.tre,0.830349
ENSG00000174371.nuc.ord.aln,ENSG00000174371.nuc.ord.tre,0.856435
ENSG00000174373.nuc.ord.aln,ENSG00000174373.nuc.ord.tre,2.987200
ENSG00000174417.nuc.ord.aln,ENSG00000174417.nuc.ord.tre,0.495494
ENSG00000174429.nuc.ord.aln,ENSG00000174429.nuc.ord.tre,0.423865
ENSG00000174437.nuc.ord.aln,ENSG00000174437.nuc.ord.tre,1.475997
ENSG00000174442.nuc.ord.aln,ENSG00000174442.nuc.ord.tre,0.607030
ENSG00000174444.nuc.ord.aln,ENSG00000174444.nuc.ord.tre,0.223229
ENSG00000174453.nuc.ord.aln,ENSG00000174453.nuc.ord.tre,0.330382
ENSG00000174473.nuc.ord.aln,ENSG00000174473.nuc.ord.tre,0.590972
ENSG00000174482.nuc.ord.aln,ENSG00000174482.nuc.ord.tre,0.386539
ENSG00000174483.nuc.ord.aln,ENSG00000174483.nuc.ord.tre,0.645812
ENSG00000174485.nuc.ord.aln,ENSG00000174485.nuc.ord.tre,2.714012
ENSG00000174498.nuc.ord.aln,ENSG00000174498.nuc.ord.tre,0.870345
ENSG00000174502.nuc.ord.aln,ENSG00000174502.nuc.ord.tre,1.005110
ENSG00000174514.nuc.ord.aln,ENSG00000174514.nuc.ord.tre,0.632833
ENSG00000174516.nuc.ord.aln,ENSG00000174516.nuc.ord.tre,0.446755
ENSG00000174547.nuc.ord.aln,ENSG00000174547.nuc.ord.tre,0.268085
ENSG00000174562.nuc.ord.aln,ENSG00000174562.nuc.ord.tre,0.257998
ENSG00000174564.nuc.ord.aln,ENSG00000174564.nuc.ord.tre,0.369431
ENSG00000174567.nuc.ord.aln,ENSG00000174567.nuc.ord.tre,0.317268
ENSG00000174574.nuc.ord.aln,ENSG00000174574.nuc.ord.tre,0.308217
ENSG00000174576.nuc.ord.aln,ENSG00000174576.nuc.ord.tre,0.590487
ENSG00000174579.nuc.ord.aln,ENSG00000174579.nuc.ord.tre,0.394289
ENSG00000174606.nuc.ord.aln,ENSG00000174606.nuc.ord.tre,0.486552
ENSG00000174607.nuc.ord.aln,ENSG00000174607.nuc.ord.tre,0.399289
ENSG00000174611.nuc.ord.aln,ENSG00000174611.nuc.ord.tre,0.475394
ENSG00000174628.nuc.ord.aln,ENSG00000174628.nuc.ord.tre,0.362863
ENSG00000174640.nuc.ord.aln,ENSG00000174640.nuc.ord.tre,0.562895
ENSG00000174684.nuc.ord.aln,ENSG00000174684.nuc.ord.tre,0.361217
ENSG00000174697.nuc.ord.aln,ENSG00000174697.nuc.ord.tre,0.249920
ENSG00000174705.nuc.ord.aln,ENSG00000174705.nuc.ord.tre,0.815771
ENSG00000174718.nuc.ord.aln,ENSG00000174718.nuc.ord.tre,2.115092
ENSG00000174738.nuc.ord.aln,ENSG00000174738.nuc.ord.tre,0.588904
ENSG00000174744.nuc.ord.aln,ENSG00000174744.nuc.ord.tre,0.282763
ENSG00000174749.nuc.ord.aln,ENSG00000174749.nuc.ord.tre,0.272941
ENSG00000174775.nuc.ord.aln,ENSG00000174775.nuc.ord.tre,0.206394
ENSG00000174780.nuc.ord.aln,ENSG00000174780.nuc.ord.tre,0.570460
ENSG00000174788.nuc.ord.aln,ENSG00000174788.nuc.ord.tre,0.278974
ENSG00000174791.nuc.ord.aln,ENSG00000174791.nuc.ord.tre,0.609235
ENSG00000174796.nuc.ord.aln,ENSG00000174796.nuc.ord.tre,0.324113
ENSG00000174799.nuc.ord.aln,ENSG00000174799.nuc.ord.tre,1.249644
ENSG00000174808.nuc.ord.aln,ENSG00000174808.nuc.ord.tre,0.307548
ENSG00000174827.nuc.ord.aln,ENSG00000174827.nuc.ord.tre,0.375492
ENSG00000174837.nuc.ord.aln,ENSG00000174837.nuc.ord.tre,1.206756
ENSG00000174839.nuc.ord.aln,ENSG00000174839.nuc.ord.tre,0.568486
ENSG00000174840.nuc.ord.aln,ENSG00000174840.nuc.ord.tre,0.625313
ENSG00000174842.nuc.ord.aln,ENSG00000174842.nuc.ord.tre,0.491631
ENSG00000174844.nuc.ord.aln,ENSG00000174844.nuc.ord.tre,13.795314
ENSG00000174871.nuc.ord.aln,ENSG00000174871.nuc.ord.tre,0.300361
ENSG00000174885.nuc.ord.aln,ENSG00000174885.nuc.ord.tre,0.481867
ENSG00000174915.nuc.ord.aln,ENSG00000174915.nuc.ord.tre,0.315634
ENSG00000174928.nuc.ord.aln,ENSG00000174928.nuc.ord.tre,0.325005
ENSG00000174938.nuc.ord.aln,ENSG00000174938.nuc.ord.tre,0.979800
ENSG00000174939.nuc.ord.aln,ENSG00000174939.nuc.ord.tre,0.332083
ENSG00000174943.nuc.ord.aln,ENSG00000174943.nuc.ord.tre,0.385472
ENSG00000174944.nuc.ord.aln,ENSG00000174944.nuc.ord.tre,0.338252
ENSG00000174948.nuc.ord.aln,ENSG00000174948.nuc.ord.tre,0.768790
ENSG00000174951.nuc.ord.aln,ENSG00000174951.nuc.ord.tre,0.326958
ENSG00000174953.nuc.ord.aln,ENSG00000174953.nuc.ord.tre,0.967111
ENSG00000174963.nuc.ord.aln,ENSG00000174963.nuc.ord.tre,0.383682
ENSG00000174982.nuc.ord.aln,ENSG00000174982.nuc.ord.tre,0.209152
ENSG00000174989.nuc.ord.aln,ENSG00000174989.nuc.ord.tre,0.673436
ENSG00000174992.nuc.ord.aln,ENSG00000174992.nuc.ord.tre,0.214808
ENSG00000175003.nuc.ord.aln,ENSG00000175003.nuc.ord.tre,0.471501
ENSG00000175054.nuc.ord.aln,ENSG00000175054.nuc.ord.tre,4.824770
ENSG00000175065.nuc.ord.aln,ENSG00000175065.nuc.ord.tre,1.404151
ENSG00000175066.nuc.ord.aln,ENSG00000175066.nuc.ord.tre,0.456957
ENSG00000175073.nuc.ord.aln,ENSG00000175073.nuc.ord.tre,1.298563
ENSG00000175087.nuc.ord.aln,ENSG00000175087.nuc.ord.tre,0.505703
ENSG00000175093.nuc.ord.aln,ENSG00000175093.nuc.ord.tre,0.302336
ENSG00000175097.nuc.ord.aln,ENSG00000175097.nuc.ord.tre,0.306069
ENSG00000175104.nuc.ord.aln,ENSG00000175104.nuc.ord.tre,0.471162
ENSG00000175105.nuc.ord.aln,ENSG00000175105.nuc.ord.tre,0.348850
ENSG00000175115.nuc.ord.aln,ENSG00000175115.nuc.ord.tre,1.205616
ENSG00000175121.nuc.ord.aln,ENSG00000175121.nuc.ord.tre,0.295899
ENSG00000175137.nuc.ord.aln,ENSG00000175137.nuc.ord.tre,0.347600
ENSG00000175155.nuc.ord.aln,ENSG00000175155.nuc.ord.tre,0.241150
ENSG00000175161.nuc.ord.aln,ENSG00000175161.nuc.ord.tre,0.446672
ENSG00000175166.nuc.ord.aln,ENSG00000175166.nuc.ord.tre,0.989492
ENSG00000175175.nuc.ord.aln,ENSG00000175175.nuc.ord.tre,0.814284
ENSG00000175182.nuc.ord.aln,ENSG00000175182.nuc.ord.tre,0.382416
ENSG00000175183.nuc.ord.aln,ENSG00000175183.nuc.ord.tre,0.347629
ENSG00000175193.nuc.ord.aln,ENSG00000175193.nuc.ord.tre,0.351347
ENSG00000175197.nuc.ord.aln,ENSG00000175197.nuc.ord.tre,0.264148
ENSG00000175198.nuc.ord.aln,ENSG00000175198.nuc.ord.tre,0.802734
ENSG00000175203.nuc.ord.aln,ENSG00000175203.nuc.ord.tre,0.376179
ENSG00000175206.nuc.ord.aln,ENSG00000175206.nuc.ord.tre,0.310017
ENSG00000175213.nuc.ord.aln,ENSG00000175213.nuc.ord.tre,0.570211
ENSG00000175215.nuc.ord.aln,ENSG00000175215.nuc.ord.tre,0.314866
ENSG00000175216.nuc.ord.aln,ENSG00000175216.nuc.ord.tre,2.887348
ENSG00000175220.nuc.ord.aln,ENSG00000175220.nuc.ord.tre,0.548591
ENSG00000175224.nuc.ord.aln,ENSG00000175224.nuc.ord.tre,0.505901
ENSG00000175229.nuc.ord.aln,ENSG00000175229.nuc.ord.tre,0.299607
ENSG00000175262.nuc.ord.aln,ENSG00000175262.nuc.ord.tre,0.702106
ENSG00000175264.nuc.ord.aln,ENSG00000175264.nuc.ord.tre,0.254357
ENSG00000175267.nuc.ord.aln,ENSG00000175267.nuc.ord.tre,1.309335
ENSG00000175274.nuc.ord.aln,ENSG00000175274.nuc.ord.tre,0.401834
ENSG00000175283.nuc.ord.aln,ENSG00000175283.nuc.ord.tre,0.290547
ENSG00000175287.nuc.ord.aln,ENSG00000175287.nuc.ord.tre,0.365234
ENSG00000175305.nuc.ord.aln,ENSG00000175305.nuc.ord.tre,0.423864
ENSG00000175309.nuc.ord.aln,ENSG00000175309.nuc.ord.tre,0.462084
ENSG00000175311.nuc.ord.aln,ENSG00000175311.nuc.ord.tre,0.430595
ENSG00000175315.nuc.ord.aln,ENSG00000175315.nuc.ord.tre,0.226576
ENSG00000175318.nuc.ord.aln,ENSG00000175318.nuc.ord.tre,0.422199
ENSG00000175324.nuc.ord.aln,ENSG00000175324.nuc.ord.tre,0.259725
ENSG00000180998.nuc.ord.aln,ENSG00000180998.nuc.ord.tre,0.306663
ENSG00000181001.nuc.ord.aln,ENSG00000181001.nuc.ord.tre,0.222580
ENSG00000181004.nuc.ord.aln,ENSG00000181004.nuc.ord.tre,0.332485
ENSG00000181013.nuc.ord.aln,ENSG00000181013.nuc.ord.tre,0.537824
ENSG00000181016.nuc.ord.aln,ENSG00000181016.nuc.ord.tre,0.269274
ENSG00000181019.nuc.ord.aln,ENSG00000181019.nuc.ord.tre,0.380858
ENSG00000181026.nuc.ord.aln,ENSG00000181026.nuc.ord.tre,0.330404
ENSG00000181031.nuc.ord.aln,ENSG00000181031.nuc.ord.tre,0.275735
ENSG00000181038.nuc.ord.aln,ENSG00000181038.nuc.ord.tre,0.469124
ENSG00000181045.nuc.ord.aln,ENSG00000181045.nuc.ord.tre,0.545126
ENSG00000181072.nuc.ord.aln,ENSG00000181072.nuc.ord.tre,0.402086
ENSG00000181090.nuc.ord.aln,ENSG00000181090.nuc.ord.tre,1.268007
ENSG00000181092.nuc.ord.aln,ENSG00000181092.nuc.ord.tre,0.320527
ENSG00000181104.nuc.ord.aln,ENSG00000181104.nuc.ord.tre,0.341941
ENSG00000181192.nuc.ord.aln,ENSG00000181192.nuc.ord.tre,0.972937
ENSG00000181195.nuc.ord.aln,ENSG00000181195.nuc.ord.tre,0.365938
ENSG00000181222.nuc.ord.aln,ENSG00000181222.nuc.ord.tre,3.158912
ENSG00000182533.nuc.ord.aln,ENSG00000182533.nuc.ord.tre,0.250004
ENSG00000182541.nuc.ord.aln,ENSG00000182541.nuc.ord.tre,0.652444
ENSG00000182551.nuc.ord.aln,ENSG00000182551.nuc.ord.tre,0.260261
ENSG00000182552.nuc.ord.aln,ENSG00000182552.nuc.ord.tre,0.278010
ENSG00000182557.nuc.ord.aln,ENSG00000182557.nuc.ord.tre,0.476901
ENSG00000182568.nuc.ord.aln,ENSG00000182568.nuc.ord.tre,1.021885
ENSG00000182578.nuc.ord.aln,ENSG00000182578.nuc.ord.tre,1.000515
ENSG00000182580.nuc.ord.aln,ENSG00000182580.nuc.ord.tre,0.996994
ENSG00000182585.nuc.ord.aln,ENSG00000182585.nuc.ord.tre,0.325575
ENSG00000182601.nuc.ord.aln,ENSG00000182601.nuc.ord.tre,0.352140
ENSG00000182621.nuc.ord.aln,ENSG00000182621.nuc.ord.tre,1.504899
ENSG00000182631.nuc.ord.aln,ENSG00000182631.nuc.ord.tre,0.296037
ENSG00000182645.nuc.ord.aln,ENSG00000182645.nuc.ord.tre,0.362035
ENSG00000182667.nuc.ord.aln,ENSG00000182667.nuc.ord.tre,0.428473
ENSG00000182685.nuc.ord.aln,ENSG00000182685.nuc.ord.tre,0.395695
ENSG00000182732.nuc.ord.aln,ENSG00000182732.nuc.ord.tre,0.717035
ENSG00000182742.nuc.ord.aln,ENSG00000182742.nuc.ord.tre,0.254335
ENSG00000182749.nuc.ord.aln,ENSG00000182749.nuc.ord.tre,0.264315
ENSG00000182752.nuc.ord.aln,ENSG00000182752.nuc.ord.tre,2.225055
ENSG00000182771.nuc.ord.aln,ENSG00000182771.nuc.ord.tre,0.839086
ENSG00000182782.nuc.ord.aln,ENSG00000182782.nuc.ord.tre,0.222187
ENSG00000182791.nuc.ord.aln,ENSG00000182791.nuc.ord.tre,0.481075
ENSG00000182795.nuc.ord.aln,ENSG00000182795.nuc.ord.tre,0.613895
ENSG00000182810.nuc.ord.aln,ENSG00000182810.nuc.ord.tre,0.259619
ENSG00000182827.nuc.ord.aln,ENSG00000182827.nuc.ord.tre,0.440710
ENSG00000182831.nuc.ord.aln,ENSG00000182831.nuc.ord.tre,0.291237
ENSG00000175348.nuc.ord.aln,ENSG00000175348.nuc.ord.tre,0.343967
ENSG00000175352.nuc.ord.aln,ENSG00000175352.nuc.ord.tre,0.366879
ENSG00000175356.nuc.ord.aln,ENSG00000175356.nuc.ord.tre,1.252363
ENSG00000175374.nuc.ord.aln,ENSG00000175374.nuc.ord.tre,0.215781
ENSG00000175414.nuc.ord.aln,ENSG00000175414.nuc.ord.tre,0.369106
ENSG00000175416.nuc.ord.aln,ENSG00000175416.nuc.ord.tre,0.256813
ENSG00000175426.nuc.ord.aln,ENSG00000175426.nuc.ord.tre,0.751844
ENSG00000175445.nuc.ord.aln,ENSG00000175445.nuc.ord.tre,0.450006
ENSG00000175455.nuc.ord.aln,ENSG00000175455.nuc.ord.tre,0.943823
ENSG00000175470.nuc.ord.aln,ENSG00000175470.nuc.ord.tre,0.316365
ENSG00000175471.nuc.ord.aln,ENSG00000175471.nuc.ord.tre,1.212206
ENSG00000175482.nuc.ord.aln,ENSG00000175482.nuc.ord.tre,0.214924
ENSG00000175485.nuc.ord.aln,ENSG00000175485.nuc.ord.tre,0.217786
ENSG00000175497.nuc.ord.aln,ENSG00000175497.nuc.ord.tre,0.747915
ENSG00000175505.nuc.ord.aln,ENSG00000175505.nuc.ord.tre,0.318516
ENSG00000175513.nuc.ord.aln,ENSG00000175513.nuc.ord.tre,0.443738
ENSG00000175514.nuc.ord.aln,ENSG00000175514.nuc.ord.tre,0.245847
ENSG00000175518.nuc.ord.aln,ENSG00000175518.nuc.ord.tre,0.287219
ENSG00000175520.nuc.ord.aln,ENSG00000175520.nuc.ord.tre,0.413302
ENSG00000175535.nuc.ord.aln,ENSG00000175535.nuc.ord.tre,0.382217
ENSG00000175536.nuc.ord.aln,ENSG00000175536.nuc.ord.tre,0.292712
ENSG00000175538.nuc.ord.aln,ENSG00000175538.nuc.ord.tre,0.235801
ENSG00000175556.nuc.ord.aln,ENSG00000175556.nuc.ord.tre,1.088718
ENSG00000175564.nuc.ord.aln,ENSG00000175564.nuc.ord.tre,0.383296
ENSG00000175567.nuc.ord.aln,ENSG00000175567.nuc.ord.tre,0.364600
ENSG00000175573.nuc.ord.aln,ENSG00000175573.nuc.ord.tre,0.257057
ENSG00000175581.nuc.ord.aln,ENSG00000175581.nuc.ord.tre,0.360207
ENSG00000175592.nuc.ord.aln,ENSG00000175592.nuc.ord.tre,0.338674
ENSG00000175595.nuc.ord.aln,ENSG00000175595.nuc.ord.tre,0.836746
ENSG00000175600.nuc.ord.aln,ENSG00000175600.nuc.ord.tre,0.467575
ENSG00000175643.nuc.ord.aln,ENSG00000175643.nuc.ord.tre,0.176213
ENSG00000175662.nuc.ord.aln,ENSG00000175662.nuc.ord.tre,0.519793
ENSG00000175664.nuc.ord.aln,ENSG00000175664.nuc.ord.tre,0.335781
ENSG00000175697.nuc.ord.aln,ENSG00000175697.nuc.ord.tre,0.788287
ENSG00000175707.nuc.ord.aln,ENSG00000175707.nuc.ord.tre,0.374547
ENSG00000175711.nuc.ord.aln,ENSG00000175711.nuc.ord.tre,0.327624
ENSG00000175727.nuc.ord.aln,ENSG00000175727.nuc.ord.tre,0.757577
ENSG00000175745.nuc.ord.aln,ENSG00000175745.nuc.ord.tre,0.317337
ENSG00000175764.nuc.ord.aln,ENSG00000175764.nuc.ord.tre,0.816029
ENSG00000175768.nuc.ord.aln,ENSG00000175768.nuc.ord.tre,0.391115
ENSG00000175782.nuc.ord.aln,ENSG00000175782.nuc.ord.tre,0.378392
ENSG00000175785.nuc.ord.aln,ENSG00000175785.nuc.ord.tre,0.293188
ENSG00000175818.nuc.ord.aln,ENSG00000175818.nuc.ord.tre,0.368339
ENSG00000175826.nuc.ord.aln,ENSG00000175826.nuc.ord.tre,0.308427
ENSG00000175832.nuc.ord.aln,ENSG00000175832.nuc.ord.tre,0.460550
ENSG00000175854.nuc.ord.aln,ENSG00000175854.nuc.ord.tre,0.256404
ENSG00000175857.nuc.ord.aln,ENSG00000175857.nuc.ord.tre,0.248474
ENSG00000175877.nuc.ord.aln,ENSG00000175877.nuc.ord.tre,0.281999
ENSG00000175879.nuc.ord.aln,ENSG00000175879.nuc.ord.tre,0.266710
ENSG00000175893.nuc.ord.aln,ENSG00000175893.nuc.ord.tre,0.348608
ENSG00000175894.nuc.ord.aln,ENSG00000175894.nuc.ord.tre,0.507811
ENSG00000175895.nuc.ord.aln,ENSG00000175895.nuc.ord.tre,0.269261
ENSG00000175898.nuc.ord.aln,ENSG00000175898.nuc.ord.tre,0.267653
ENSG00000175906.nuc.ord.aln,ENSG00000175906.nuc.ord.tre,0.248675
ENSG00000175928.nuc.ord.aln,ENSG00000175928.nuc.ord.tre,0.343749
ENSG00000175931.nuc.ord.aln,ENSG00000175931.nuc.ord.tre,1.278704
ENSG00000175946.nuc.ord.aln,ENSG00000175946.nuc.ord.tre,0.358026
ENSG00000175970.nuc.ord.aln,ENSG00000175970.nuc.ord.tre,0.374201
ENSG00000175984.nuc.ord.aln,ENSG00000175984.nuc.ord.tre,0.890229
ENSG00000175985.nuc.ord.aln,ENSG00000175985.nuc.ord.tre,0.550459
ENSG00000176018.nuc.ord.aln,ENSG00000176018.nuc.ord.tre,0.460679
ENSG00000176029.nuc.ord.aln,ENSG00000176029.nuc.ord.tre,0.453460
ENSG00000176040.nuc.ord.aln,ENSG00000176040.nuc.ord.tre,0.738148
ENSG00000176046.nuc.ord.aln,ENSG00000176046.nuc.ord.tre,0.222487
ENSG00000176049.nuc.ord.aln,ENSG00000176049.nuc.ord.tre,1.000537
ENSG00000176055.nuc.ord.aln,ENSG00000176055.nuc.ord.tre,0.307404
ENSG00000176095.nuc.ord.aln,ENSG00000176095.nuc.ord.tre,0.452242
ENSG00000176101.nuc.ord.aln,ENSG00000176101.nuc.ord.tre,0.184547
ENSG00000176102.nuc.ord.aln,ENSG00000176102.nuc.ord.tre,0.638076
ENSG00000176105.nuc.ord.aln,ENSG00000176105.nuc.ord.tre,0.416543
ENSG00000176136.nuc.ord.aln,ENSG00000176136.nuc.ord.tre,0.195220
ENSG00000176142.nuc.ord.aln,ENSG00000176142.nuc.ord.tre,0.464580
ENSG00000176148.nuc.ord.aln,ENSG00000176148.nuc.ord.tre,0.451786
ENSG00000176153.nuc.ord.aln,ENSG00000176153.nuc.ord.tre,0.271079
ENSG00000176155.nuc.ord.aln,ENSG00000176155.nuc.ord.tre,1.385018
ENSG00000176160.nuc.ord.aln,ENSG00000176160.nuc.ord.tre,0.665916
ENSG00000176170.nuc.ord.aln,ENSG00000176170.nuc.ord.tre,0.408327
ENSG00000176177.nuc.ord.aln,ENSG00000176177.nuc.ord.tre,0.567847
ENSG00000176194.nuc.ord.aln,ENSG00000176194.nuc.ord.tre,0.511591
ENSG00000176204.nuc.ord.aln,ENSG00000176204.nuc.ord.tre,0.402981
ENSG00000176208.nuc.ord.aln,ENSG00000176208.nuc.ord.tre,2.537978
ENSG00000180773.nuc.ord.aln,ENSG00000180773.nuc.ord.tre,0.454829
ENSG00000180776.nuc.ord.aln,ENSG00000180776.nuc.ord.tre,0.428724
ENSG00000180785.nuc.ord.aln,ENSG00000180785.nuc.ord.tre,0.325527
ENSG00000180801.nuc.ord.aln,ENSG00000180801.nuc.ord.tre,0.397462
ENSG00000180806.nuc.ord.aln,ENSG00000180806.nuc.ord.tre,0.248456
ENSG00000180815.nuc.ord.aln,ENSG00000180815.nuc.ord.tre,2.028118
ENSG00000180817.nuc.ord.aln,ENSG00000180817.nuc.ord.tre,0.389971
ENSG00000180818.nuc.ord.aln,ENSG00000180818.nuc.ord.tre,0.280616
ENSG00000180822.nuc.ord.aln,ENSG00000180822.nuc.ord.tre,0.254434
ENSG00000180878.nuc.ord.aln,ENSG00000180878.nuc.ord.tre,0.343607
ENSG00000180879.nuc.ord.aln,ENSG00000180879.nuc.ord.tre,0.260319
ENSG00000180881.nuc.ord.aln,ENSG00000180881.nuc.ord.tre,0.542474
ENSG00000180901.nuc.ord.aln,ENSG00000180901.nuc.ord.tre,0.338708
ENSG00000180914.nuc.ord.aln,ENSG00000180914.nuc.ord.tre,0.310540
ENSG00000180917.nuc.ord.aln,ENSG00000180917.nuc.ord.tre,0.439459
ENSG00000180957.nuc.ord.aln,ENSG00000180957.nuc.ord.tre,0.359084
ENSG00000180974.nuc.ord.aln,ENSG00000180974.nuc.ord.tre,0.174411
ENSG00000180979.nuc.ord.aln,ENSG00000180979.nuc.ord.tre,0.323360
ENSG00000180992.nuc.ord.aln,ENSG00000180992.nuc.ord.tre,0.238982
ENSG00000176209.nuc.ord.aln,ENSG00000176209.nuc.ord.tre,0.264959
ENSG00000176219.nuc.ord.aln,ENSG00000176219.nuc.ord.tre,0.198704
ENSG00000176225.nuc.ord.aln,ENSG00000176225.nuc.ord.tre,3.268940
ENSG00000176248.nuc.ord.aln,ENSG00000176248.nuc.ord.tre,0.728612
ENSG00000176273.nuc.ord.aln,ENSG00000176273.nuc.ord.tre,0.388361
ENSG00000176274.nuc.ord.aln,ENSG00000176274.nuc.ord.tre,0.258424
ENSG00000176302.nuc.ord.aln,ENSG00000176302.nuc.ord.tre,0.400017
ENSG00000176387.nuc.ord.aln,ENSG00000176387.nuc.ord.tre,0.362402
ENSG00000176390.nuc.ord.aln,ENSG00000176390.nuc.ord.tre,0.396050
ENSG00000176393.nuc.ord.aln,ENSG00000176393.nuc.ord.tre,0.439021
ENSG00000176399.nuc.ord.aln,ENSG00000176399.nuc.ord.tre,0.508492
ENSG00000176406.nuc.ord.aln,ENSG00000176406.nuc.ord.tre,2.327913
ENSG00000176407.nuc.ord.aln,ENSG00000176407.nuc.ord.tre,0.357773
ENSG00000176410.nuc.ord.aln,ENSG00000176410.nuc.ord.tre,0.223290
ENSG00000176422.nuc.ord.aln,ENSG00000176422.nuc.ord.tre,0.307639
ENSG00000176438.nuc.ord.aln,ENSG00000176438.nuc.ord.tre,0.998221
ENSG00000176444.nuc.ord.aln,ENSG00000176444.nuc.ord.tre,0.538402
ENSG00000176454.nuc.ord.aln,ENSG00000176454.nuc.ord.tre,0.442899
ENSG00000176463.nuc.ord.aln,ENSG00000176463.nuc.ord.tre,0.637786
ENSG00000176472.nuc.ord.aln,ENSG00000176472.nuc.ord.tre,0.297528
ENSG00000176485.nuc.ord.aln,ENSG00000176485.nuc.ord.tre,0.289336
ENSG00000176532.nuc.ord.aln,ENSG00000176532.nuc.ord.tre,0.173097
ENSG00000176563.nuc.ord.aln,ENSG00000176563.nuc.ord.tre,0.363794
ENSG00000176571.nuc.ord.aln,ENSG00000176571.nuc.ord.tre,0.408989
ENSG00000176595.nuc.ord.aln,ENSG00000176595.nuc.ord.tre,0.428852
ENSG00000176597.nuc.ord.aln,ENSG00000176597.nuc.ord.tre,0.245744
ENSG00000176623.nuc.ord.aln,ENSG00000176623.nuc.ord.tre,0.375636
ENSG00000176624.nuc.ord.aln,ENSG00000176624.nuc.ord.tre,0.442549
ENSG00000176635.nuc.ord.aln,ENSG00000176635.nuc.ord.tre,0.366534
ENSG00000176641.nuc.ord.aln,ENSG00000176641.nuc.ord.tre,0.255040
ENSG00000178074.nuc.ord.aln,ENSG00000178074.nuc.ord.tre,0.445467
ENSG00000178075.nuc.ord.aln,ENSG00000178075.nuc.ord.tre,0.682305
ENSG00000178105.nuc.ord.aln,ENSG00000178105.nuc.ord.tre,0.884554
ENSG00000178125.nuc.ord.aln,ENSG00000178125.nuc.ord.tre,0.354297
ENSG00000178149.nuc.ord.aln,ENSG00000178149.nuc.ord.tre,0.599075
ENSG00000178163.nuc.ord.aln,ENSG00000178163.nuc.ord.tre,0.801941
ENSG00000178171.nuc.ord.aln,ENSG00000178171.nuc.ord.tre,0.896385
ENSG00000178172.nuc.ord.aln,ENSG00000178172.nuc.ord.tre,0.259844
ENSG00000178175.nuc.ord.aln,ENSG00000178175.nuc.ord.tre,0.746726
ENSG00000178177.nuc.ord.aln,ENSG00000178177.nuc.ord.tre,0.493201
ENSG00000178188.nuc.ord.aln,ENSG00000178188.nuc.ord.tre,0.618533
ENSG00000178202.nuc.ord.aln,ENSG00000178202.nuc.ord.tre,0.447495
ENSG00000178217.nuc.ord.aln,ENSG00000178217.nuc.ord.tre,0.459612
ENSG00000178226.nuc.ord.aln,ENSG00000178226.nuc.ord.tre,0.753441
ENSG00000178233.nuc.ord.aln,ENSG00000178233.nuc.ord.tre,0.401035
ENSG00000178235.nuc.ord.aln,ENSG00000178235.nuc.ord.tre,0.476913
ENSG00000178252.nuc.ord.aln,ENSG00000178252.nuc.ord.tre,1.142385
ENSG00000178295.nuc.ord.aln,ENSG00000178295.nuc.ord.tre,0.866959
ENSG00000178301.nuc.ord.aln,ENSG00000178301.nuc.ord.tre,0.297436
ENSG00000178307.nuc.ord.aln,ENSG00000178307.nuc.ord.tre,0.236268
ENSG00000178343.nuc.ord.aln,ENSG00000178343.nuc.ord.tre,0.374391
ENSG00000178363.nuc.ord.aln,ENSG00000178363.nuc.ord.tre,0.211278
ENSG00000178381.nuc.ord.aln,ENSG00000178381.nuc.ord.tre,0.329956
ENSG00000178385.nuc.ord.aln,ENSG00000178385.nuc.ord.tre,0.581803
ENSG00000178401.nuc.ord.aln,ENSG00000178401.nuc.ord.tre,0.319158
ENSG00000178404.nuc.ord.aln,ENSG00000178404.nuc.ord.tre,0.391470
ENSG00000179941.nuc.ord.aln,ENSG00000179941.nuc.ord.tre,0.448020
ENSG00000179950.nuc.ord.aln,ENSG00000179950.nuc.ord.tre,0.372458
ENSG00000179965.nuc.ord.aln,ENSG00000179965.nuc.ord.tre,0.721598
ENSG00000180008.nuc.ord.aln,ENSG00000180008.nuc.ord.tre,0.324374
ENSG00000180043.nuc.ord.aln,ENSG00000180043.nuc.ord.tre,0.553411
ENSG00000180096.nuc.ord.aln,ENSG00000180096.nuc.ord.tre,0.388384
ENSG00000180098.nuc.ord.aln,ENSG00000180098.nuc.ord.tre,0.372751
ENSG00000180104.nuc.ord.aln,ENSG00000180104.nuc.ord.tre,0.611288
ENSG00000180113.nuc.ord.aln,ENSG00000180113.nuc.ord.tre,3.270379
ENSG00000180116.nuc.ord.aln,ENSG00000180116.nuc.ord.tre,0.590976
ENSG00000180182.nuc.ord.aln,ENSG00000180182.nuc.ord.tre,1.504900
ENSG00000180190.nuc.ord.aln,ENSG00000180190.nuc.ord.tre,0.332928
ENSG00000180198.nuc.ord.aln,ENSG00000180198.nuc.ord.tre,0.435462
ENSG00000180209.nuc.ord.aln,ENSG00000180209.nuc.ord.tre,0.357309
ENSG00000180210.nuc.ord.aln,ENSG00000180210.nuc.ord.tre,0.554237
ENSG00000180228.nuc.ord.aln,ENSG00000180228.nuc.ord.tre,0.366999
ENSG00000180233.nuc.ord.aln,ENSG00000180233.nuc.ord.tre,0.186864
ENSG00000180245.nuc.ord.aln,ENSG00000180245.nuc.ord.tre,0.446921
ENSG00000180251.nuc.ord.aln,ENSG00000180251.nuc.ord.tre,0.780218
ENSG00000180263.nuc.ord.aln,ENSG00000180263.nuc.ord.tre,1.269463
ENSG00000180269.nuc.ord.aln,ENSG00000180269.nuc.ord.tre,0.358282
ENSG00000180304.nuc.ord.aln,ENSG00000180304.nuc.ord.tre,0.312973
ENSG00000180318.nuc.ord.aln,ENSG00000180318.nuc.ord.tre,0.411244
ENSG00000180329.nuc.ord.aln,ENSG00000180329.nuc.ord.tre,0.309715
ENSG00000180332.nuc.ord.aln,ENSG00000180332.nuc.ord.tre,0.276673
ENSG00000180336.nuc.ord.aln,ENSG00000180336.nuc.ord.tre,0.820545
ENSG00000180347.nuc.ord.aln,ENSG00000180347.nuc.ord.tre,1.218609
ENSG00000180353.nuc.ord.aln,ENSG00000180353.nuc.ord.tre,0.705601
ENSG00000180357.nuc.ord.aln,ENSG00000180357.nuc.ord.tre,1.725879
ENSG00000180370.nuc.ord.aln,ENSG00000180370.nuc.ord.tre,0.417978
ENSG00000180376.nuc.ord.aln,ENSG00000180376.nuc.ord.tre,1.012185
ENSG00000180408.nuc.ord.aln,ENSG00000180408.nuc.ord.tre,0.322563
ENSG00000180440.nuc.ord.aln,ENSG00000180440.nuc.ord.tre,0.201960
ENSG00000180481.nuc.ord.aln,ENSG00000180481.nuc.ord.tre,0.322652
ENSG00000180488.nuc.ord.aln,ENSG00000180488.nuc.ord.tre,0.617055
ENSG00000180509.nuc.ord.aln,ENSG00000180509.nuc.ord.tre,0.220753
ENSG00000180537.nuc.ord.aln,ENSG00000180537.nuc.ord.tre,0.266089
ENSG00000180611.nuc.ord.aln,ENSG00000180611.nuc.ord.tre,0.449038
ENSG00000180644.nuc.ord.aln,ENSG00000180644.nuc.ord.tre,0.400405
ENSG00000180667.nuc.ord.aln,ENSG00000180667.nuc.ord.tre,0.384936
ENSG00000180694.nuc.ord.aln,ENSG00000180694.nuc.ord.tre,0.246288
ENSG00000180730.nuc.ord.aln,ENSG00000180730.nuc.ord.tre,0.305395
ENSG00000180745.nuc.ord.aln,ENSG00000180745.nuc.ord.tre,0.282198
ENSG00000180767.nuc.ord.aln,ENSG00000180767.nuc.ord.tre,0.243474
ENSG00000176658.nuc.ord.aln,ENSG00000176658.nuc.ord.tre,0.779429
ENSG00000176692.nuc.ord.aln,ENSG00000176692.nuc.ord.tre,0.239565
ENSG00000176697.nuc.ord.aln,ENSG00000176697.nuc.ord.tre,0.461598
ENSG00000176731.nuc.ord.aln,ENSG00000176731.nuc.ord.tre,0.202726
ENSG00000176732.nuc.ord.aln,ENSG00000176732.nuc.ord.tre,0.236350
ENSG00000176749.nuc.ord.aln,ENSG00000176749.nuc.ord.tre,0.232999
ENSG00000176769.nuc.ord.aln,ENSG00000176769.nuc.ord.tre,0.454363
ENSG00000176771.nuc.ord.aln,ENSG00000176771.nuc.ord.tre,2.466442
ENSG00000176783.nuc.ord.aln,ENSG00000176783.nuc.ord.tre,0.711330
ENSG00000176834.nuc.ord.aln,ENSG00000176834.nuc.ord.tre,0.545214
ENSG00000176853.nuc.ord.aln,ENSG00000176853.nuc.ord.tre,0.461990
ENSG00000176871.nuc.ord.aln,ENSG00000176871.nuc.ord.tre,0.440581
ENSG00000176890.nuc.ord.aln,ENSG00000176890.nuc.ord.tre,0.351448
ENSG00000176894.nuc.ord.aln,ENSG00000176894.nuc.ord.tre,0.270043
ENSG00000176907.nuc.ord.aln,ENSG00000176907.nuc.ord.tre,0.239460
ENSG00000176909.nuc.ord.aln,ENSG00000176909.nuc.ord.tre,0.392470
ENSG00000176915.nuc.ord.aln,ENSG00000176915.nuc.ord.tre,1.060040
ENSG00000176919.nuc.ord.aln,ENSG00000176919.nuc.ord.tre,0.298188
ENSG00000176927.nuc.ord.aln,ENSG00000176927.nuc.ord.tre,2.913425
ENSG00000176946.nuc.ord.aln,ENSG00000176946.nuc.ord.tre,0.776683
ENSG00000176953.nuc.ord.aln,ENSG00000176953.nuc.ord.tre,0.403990
ENSG00000176971.nuc.ord.aln,ENSG00000176971.nuc.ord.tre,0.228312
ENSG00000176973.nuc.ord.aln,ENSG00000176973.nuc.ord.tre,0.190815
ENSG00000176974.nuc.ord.aln,ENSG00000176974.nuc.ord.tre,0.549416
ENSG00000176978.nuc.ord.aln,ENSG00000176978.nuc.ord.tre,0.338431
ENSG00000176986.nuc.ord.aln,ENSG00000176986.nuc.ord.tre,1.067091
ENSG00000176994.nuc.ord.aln,ENSG00000176994.nuc.ord.tre,0.708270
ENSG00000177030.nuc.ord.aln,ENSG00000177030.nuc.ord.tre,0.364187
ENSG00000177034.nuc.ord.aln,ENSG00000177034.nuc.ord.tre,0.386283
ENSG00000177045.nuc.ord.aln,ENSG00000177045.nuc.ord.tre,0.429572
ENSG00000177054.nuc.ord.aln,ENSG00000177054.nuc.ord.tre,0.599878
ENSG00000177058.nuc.ord.aln,ENSG00000177058.nuc.ord.tre,0.489299
ENSG00000177076.nuc.ord.aln,ENSG00000177076.nuc.ord.tre,0.363548
ENSG00000177082.nuc.ord.aln,ENSG00000177082.nuc.ord.tre,0.393927
ENSG00000177084.nuc.ord.aln,ENSG00000177084.nuc.ord.tre,3.318069
ENSG00000177103.nuc.ord.aln,ENSG00000177103.nuc.ord.tre,2.559954
ENSG00000177105.nuc.ord.aln,ENSG00000177105.nuc.ord.tre,0.237067
ENSG00000177108.nuc.ord.aln,ENSG00000177108.nuc.ord.tre,0.425333
ENSG00000177119.nuc.ord.aln,ENSG00000177119.nuc.ord.tre,0.975528
ENSG00000177125.nuc.ord.aln,ENSG00000177125.nuc.ord.tre,0.329935
ENSG00000177150.nuc.ord.aln,ENSG00000177150.nuc.ord.tre,0.288460
ENSG00000177181.nuc.ord.aln,ENSG00000177181.nuc.ord.tre,0.391185
ENSG00000177182.nuc.ord.aln,ENSG00000177182.nuc.ord.tre,0.410892
ENSG00000177189.nuc.ord.aln,ENSG00000177189.nuc.ord.tre,0.714382
ENSG00000177200.nuc.ord.aln,ENSG00000177200.nuc.ord.tre,5.225126
ENSG00000177238.nuc.ord.aln,ENSG00000177238.nuc.ord.tre,0.584243
ENSG00000177291.nuc.ord.aln,ENSG00000177291.nuc.ord.tre,0.431194
ENSG00000177294.nuc.ord.aln,ENSG00000177294.nuc.ord.tre,0.363562
ENSG00000177301.nuc.ord.aln,ENSG00000177301.nuc.ord.tre,0.317715
ENSG00000177302.nuc.ord.aln,ENSG00000177302.nuc.ord.tre,1.084795
ENSG00000177352.nuc.ord.aln,ENSG00000177352.nuc.ord.tre,0.274154
ENSG00000177363.nuc.ord.aln,ENSG00000177363.nuc.ord.tre,0.167183
ENSG00000177370.nuc.ord.aln,ENSG00000177370.nuc.ord.tre,0.289125
ENSG00000177374.nuc.ord.aln,ENSG00000177374.nuc.ord.tre,0.438651
ENSG00000177414.nuc.ord.aln,ENSG00000177414.nuc.ord.tre,0.430286
ENSG00000177425.nuc.ord.aln,ENSG00000177425.nuc.ord.tre,0.308426
ENSG00000177427.nuc.ord.aln,ENSG00000177427.nuc.ord.tre,0.361747
ENSG00000177455.nuc.ord.aln,ENSG00000177455.nuc.ord.tre,0.480127
ENSG00000177459.nuc.ord.aln,ENSG00000177459.nuc.ord.tre,0.653750
ENSG00000177461.nuc.ord.aln,ENSG00000177461.nuc.ord.tre,0.637380
ENSG00000177463.nuc.ord.aln,ENSG00000177463.nuc.ord.tre,0.514792
ENSG00000177468.nuc.ord.aln,ENSG00000177468.nuc.ord.tre,0.220980
ENSG00000177469.nuc.ord.aln,ENSG00000177469.nuc.ord.tre,0.323915
ENSG00000177479.nuc.ord.aln,ENSG00000177479.nuc.ord.tre,0.472920
ENSG00000177483.nuc.ord.aln,ENSG00000177483.nuc.ord.tre,0.967605
ENSG00000177485.nuc.ord.aln,ENSG00000177485.nuc.ord.tre,0.444018
ENSG00000177508.nuc.ord.aln,ENSG00000177508.nuc.ord.tre,0.319221
ENSG00000177511.nuc.ord.aln,ENSG00000177511.nuc.ord.tre,0.447529
ENSG00000177535.nuc.ord.aln,ENSG00000177535.nuc.ord.tre,0.250381
ENSG00000177551.nuc.ord.aln,ENSG00000177551.nuc.ord.tre,0.183570
ENSG00000177556.nuc.ord.aln,ENSG00000177556.nuc.ord.tre,0.196780
ENSG00000177565.nuc.ord.aln,ENSG00000177565.nuc.ord.tre,0.445446
ENSG00000177570.nuc.ord.aln,ENSG00000177570.nuc.ord.tre,0.363678
ENSG00000177600.nuc.ord.aln,ENSG00000177600.nuc.ord.tre,0.168035
ENSG00000177614.nuc.ord.aln,ENSG00000177614.nuc.ord.tre,1.066100
ENSG00000177646.nuc.ord.aln,ENSG00000177646.nuc.ord.tre,0.437385
ENSG00000177692.nuc.ord.aln,ENSG00000177692.nuc.ord.tre,0.252666
ENSG00000177694.nuc.ord.aln,ENSG00000177694.nuc.ord.tre,0.782780
ENSG00000177697.nuc.ord.aln,ENSG00000177697.nuc.ord.tre,0.298624
ENSG00000177707.nuc.ord.aln,ENSG00000177707.nuc.ord.tre,0.566646
ENSG00000177728.nuc.ord.aln,ENSG00000177728.nuc.ord.tre,1.550385
ENSG00000177752.nuc.ord.aln,ENSG00000177752.nuc.ord.tre,0.391879
ENSG00000177791.nuc.ord.aln,ENSG00000177791.nuc.ord.tre,0.395084
ENSG00000177853.nuc.ord.aln,ENSG00000177853.nuc.ord.tre,1.056563
ENSG00000177868.nuc.ord.aln,ENSG00000177868.nuc.ord.tre,0.186911
ENSG00000177875.nuc.ord.aln,ENSG00000177875.nuc.ord.tre,0.238654
ENSG00000177879.nuc.ord.aln,ENSG00000177879.nuc.ord.tre,0.312141
ENSG00000177885.nuc.ord.aln,ENSG00000177885.nuc.ord.tre,0.403062
ENSG00000177888.nuc.ord.aln,ENSG00000177888.nuc.ord.tre,1.111149
ENSG00000177947.nuc.ord.aln,ENSG00000177947.nuc.ord.tre,0.312374
ENSG00000177963.nuc.ord.aln,ENSG00000177963.nuc.ord.tre,0.369107
ENSG00000177971.nuc.ord.aln,ENSG00000177971.nuc.ord.tre,0.239214
ENSG00000177981.nuc.ord.aln,ENSG00000177981.nuc.ord.tre,0.325348
ENSG00000177994.nuc.ord.aln,ENSG00000177994.nuc.ord.tre,0.318719
ENSG00000178028.nuc.ord.aln,ENSG00000178028.nuc.ord.tre,0.393818
ENSG00000178033.nuc.ord.aln,ENSG00000178033.nuc.ord.tre,0.452130
ENSG00000178035.nuc.ord.aln,ENSG00000178035.nuc.ord.tre,0.430957
ENSG00000178053.nuc.ord.aln,ENSG00000178053.nuc.ord.tre,0.350330
ENSG00000178055.nuc.ord.aln,ENSG00000178055.nuc.ord.tre,0.240746
ENSG00000178057.nuc.ord.aln,ENSG00000178057.nuc.ord.tre,0.288930
ENSG00000178409.nuc.ord.aln,ENSG00000178409.nuc.ord.tre,0.649119
ENSG00000178445.nuc.ord.aln,ENSG00000178445.nuc.ord.tre,1.132907
ENSG00000178460.nuc.ord.aln,ENSG00000178460.nuc.ord.tre,0.577869
ENSG00000178467.nuc.ord.aln,ENSG00000178467.nuc.ord.tre,0.654219
ENSG00000178473.nuc.ord.aln,ENSG00000178473.nuc.ord.tre,0.230850
ENSG00000178502.nuc.ord.aln,ENSG00000178502.nuc.ord.tre,0.549865
ENSG00000178522.nuc.ord.aln,ENSG00000178522.nuc.ord.tre,0.488296
ENSG00000178537.nuc.ord.aln,ENSG00000178537.nuc.ord.tre,0.443950
ENSG00000178538.nuc.ord.aln,ENSG00000178538.nuc.ord.tre,0.380619
ENSG00000178562.nuc.ord.aln,ENSG00000178562.nuc.ord.tre,0.372792
ENSG00000178568.nuc.ord.aln,ENSG00000178568.nuc.ord.tre,1.474975
ENSG00000178585.nuc.ord.aln,ENSG00000178585.nuc.ord.tre,0.206695
ENSG00000178605.nuc.ord.aln,ENSG00000178605.nuc.ord.tre,0.257807
ENSG00000178607.nuc.ord.aln,ENSG00000178607.nuc.ord.tre,1.195496
ENSG00000178662.nuc.ord.aln,ENSG00000178662.nuc.ord.tre,0.597061
ENSG00000178694.nuc.ord.aln,ENSG00000178694.nuc.ord.tre,0.392334
ENSG00000178718.nuc.ord.aln,ENSG00000178718.nuc.ord.tre,0.227376
ENSG00000178719.nuc.ord.aln,ENSG00000178719.nuc.ord.tre,0.394457
ENSG00000178741.nuc.ord.aln,ENSG00000178741.nuc.ord.tre,0.268678
ENSG00000178750.nuc.ord.aln,ENSG00000178750.nuc.ord.tre,0.234933
ENSG00000178761.nuc.ord.aln,ENSG00000178761.nuc.ord.tre,0.278550
ENSG00000178776.nuc.ord.aln,ENSG00000178776.nuc.ord.tre,0.231957
ENSG00000178795.nuc.ord.aln,ENSG00000178795.nuc.ord.tre,0.724027
ENSG00000178802.nuc.ord.aln,ENSG00000178802.nuc.ord.tre,0.317878
ENSG00000178826.nuc.ord.aln,ENSG00000178826.nuc.ord.tre,0.307470
ENSG00000178828.nuc.ord.aln,ENSG00000178828.nuc.ord.tre,0.231196
ENSG00000178852.nuc.ord.aln,ENSG00000178852.nuc.ord.tre,1.447608
ENSG00000178860.nuc.ord.aln,ENSG00000178860.nuc.ord.tre,0.272304
ENSG00000178882.nuc.ord.aln,ENSG00000178882.nuc.ord.tre,0.280724
ENSG00000178896.nuc.ord.aln,ENSG00000178896.nuc.ord.tre,0.264382
ENSG00000178904.nuc.ord.aln,ENSG00000178904.nuc.ord.tre,0.706347
ENSG00000178913.nuc.ord.aln,ENSG00000178913.nuc.ord.tre,0.248919
ENSG00000178919.nuc.ord.aln,ENSG00000178919.nuc.ord.tre,0.244625
ENSG00000178921.nuc.ord.aln,ENSG00000178921.nuc.ord.tre,1.407721
ENSG00000178922.nuc.ord.aln,ENSG00000178922.nuc.ord.tre,0.344829
ENSG00000178950.nuc.ord.aln,ENSG00000178950.nuc.ord.tre,1.533247
ENSG00000178965.nuc.ord.aln,ENSG00000178965.nuc.ord.tre,3.924097
ENSG00000178996.nuc.ord.aln,ENSG00000178996.nuc.ord.tre,0.452691
ENSG00000178997.nuc.ord.aln,ENSG00000178997.nuc.ord.tre,0.473426
ENSG00000179008.nuc.ord.aln,ENSG00000179008.nuc.ord.tre,0.550817
ENSG00000179021.nuc.ord.aln,ENSG00000179021.nuc.ord.tre,0.372077
ENSG00000179023.nuc.ord.aln,ENSG00000179023.nuc.ord.tre,0.434303
ENSG00000179029.nuc.ord.aln,ENSG00000179029.nuc.ord.tre,0.264539
ENSG00000179041.nuc.ord.aln,ENSG00000179041.nuc.ord.tre,0.284265
ENSG00000179044.nuc.ord.aln,ENSG00000179044.nuc.ord.tre,0.648277
ENSG00000179051.nuc.ord.aln,ENSG00000179051.nuc.ord.tre,0.418718
ENSG00000179055.nuc.ord.aln,ENSG00000179055.nuc.ord.tre,0.201625
ENSG00000179091.nuc.ord.aln,ENSG00000179091.nuc.ord.tre,0.272827
ENSG00000179094.nuc.ord.aln,ENSG00000179094.nuc.ord.tre,1.483245
ENSG00000179097.nuc.ord.aln,ENSG00000179097.nuc.ord.tre,0.243176
ENSG00000179104.nuc.ord.aln,ENSG00000179104.nuc.ord.tre,0.794453
ENSG00000179111.nuc.ord.aln,ENSG00000179111.nuc.ord.tre,0.264568
ENSG00000179119.nuc.ord.aln,ENSG00000179119.nuc.ord.tre,0.636547
ENSG00000179133.nuc.ord.aln,ENSG00000179133.nuc.ord.tre,0.454036
ENSG00000179148.nuc.ord.aln,ENSG00000179148.nuc.ord.tre,0.842200
ENSG00000179151.nuc.ord.aln,ENSG00000179151.nuc.ord.tre,0.635004
ENSG00000179152.nuc.ord.aln,ENSG00000179152.nuc.ord.tre,0.470291
ENSG00000179163.nuc.ord.aln,ENSG00000179163.nuc.ord.tre,0.481134
ENSG00000179168.nuc.ord.aln,ENSG00000179168.nuc.ord.tre,0.388336
ENSG00000179218.nuc.ord.aln,ENSG00000179218.nuc.ord.tre,0.367564
ENSG00000179241.nuc.ord.aln,ENSG00000179241.nuc.ord.tre,0.327229
ENSG00000179256.nuc.ord.aln,ENSG00000179256.nuc.ord.tre,0.188247
ENSG00000179270.nuc.ord.aln,ENSG00000179270.nuc.ord.tre,1.465935
ENSG00000179295.nuc.ord.aln,ENSG00000179295.nuc.ord.tre,0.309222
ENSG00000179299.nuc.ord.aln,ENSG00000179299.nuc.ord.tre,0.640032
ENSG00000179314.nuc.ord.aln,ENSG00000179314.nuc.ord.tre,0.515719
ENSG00000179331.nuc.ord.aln,ENSG00000179331.nuc.ord.tre,0.291147
ENSG00000179335.nuc.ord.aln,ENSG00000179335.nuc.ord.tre,0.832274
ENSG00000179348.nuc.ord.aln,ENSG00000179348.nuc.ord.tre,0.320088
ENSG00000179361.nuc.ord.aln,ENSG00000179361.nuc.ord.tre,0.526434
ENSG00000179387.nuc.ord.aln,ENSG00000179387.nuc.ord.tre,0.411751
ENSG00000179388.nuc.ord.aln,ENSG00000179388.nuc.ord.tre,0.368987
ENSG00000179397.nuc.ord.aln,ENSG00000179397.nuc.ord.tre,1.016017
ENSG00000179399.nuc.ord.aln,ENSG00000179399.nuc.ord.tre,0.656140
ENSG00000179409.nuc.ord.aln,ENSG00000179409.nuc.ord.tre,0.683849
ENSG00000179454.nuc.ord.aln,ENSG00000179454.nuc.ord.tre,0.579962
ENSG00000179455.nuc.ord.aln,ENSG00000179455.nuc.ord.tre,0.291675
ENSG00000179476.nuc.ord.aln,ENSG00000179476.nuc.ord.tre,0.332255
ENSG00000179520.nuc.ord.aln,ENSG00000179520.nuc.ord.tre,0.549726
ENSG00000179528.nuc.ord.aln,ENSG00000179528.nuc.ord.tre,0.240614
ENSG00000179532.nuc.ord.aln,ENSG00000179532.nuc.ord.tre,9.818619
ENSG00000179546.nuc.ord.aln,ENSG00000179546.nuc.ord.tre,0.297395
ENSG00000179562.nuc.ord.aln,ENSG00000179562.nuc.ord.tre,0.658781
ENSG00000179598.nuc.ord.aln,ENSG00000179598.nuc.ord.tre,0.217977
ENSG00000179600.nuc.ord.aln,ENSG00000179600.nuc.ord.tre,0.265612
ENSG00000179603.nuc.ord.aln,ENSG00000179603.nuc.ord.tre,0.807540
ENSG00000179630.nuc.ord.aln,ENSG00000179630.nuc.ord.tre,0.453166
ENSG00000179636.nuc.ord.aln,ENSG00000179636.nuc.ord.tre,0.288012
ENSG00000179639.nuc.ord.aln,ENSG00000179639.nuc.ord.tre,0.262769
ENSG00000179674.nuc.ord.aln,ENSG00000179674.nuc.ord.tre,0.390955
ENSG00000179761.nuc.ord.aln,ENSG00000179761.nuc.ord.tre,0.421234
ENSG00000179774.nuc.ord.aln,ENSG00000179774.nuc.ord.tre,0.209615
ENSG00000179796.nuc.ord.aln,ENSG00000179796.nuc.ord.tre,0.321174
ENSG00000179833.nuc.ord.aln,ENSG00000179833.nuc.ord.tre,0.332058
ENSG00000179846.nuc.ord.aln,ENSG00000179846.nuc.ord.tre,0.375070
ENSG00000179869.nuc.ord.aln,ENSG00000179869.nuc.ord.tre,14.576850
ENSG00000179902.nuc.ord.aln,ENSG00000179902.nuc.ord.tre,0.271072
ENSG00000179912.nuc.ord.aln,ENSG00000179912.nuc.ord.tre,1.022196
ENSG00000179915.nuc.ord.aln,ENSG00000179915.nuc.ord.tre,1.135815
ENSG00000179933.nuc.ord.aln,ENSG00000179933.nuc.ord.tre,0.212472
ENSG00000181240.nuc.ord.aln,ENSG00000181240.nuc.ord.tre,0.232045
ENSG00000181264.nuc.ord.aln,ENSG00000181264.nuc.ord.tre,0.344668
ENSG00000181284.nuc.ord.aln,ENSG00000181284.nuc.ord.tre,0.377859
ENSG00000181291.nuc.ord.aln,ENSG00000181291.nuc.ord.tre,1.185967
ENSG00000181323.nuc.ord.aln,ENSG00000181323.nuc.ord.tre,0.301169
ENSG00000181333.nuc.ord.aln,ENSG00000181333.nuc.ord.tre,1.273879
ENSG00000181378.nuc.ord.aln,ENSG00000181378.nuc.ord.tre,2.942420
ENSG00000181392.nuc.ord.aln,ENSG00000181392.nuc.ord.tre,0.458076
ENSG00000181396.nuc.ord.aln,ENSG00000181396.nuc.ord.tre,0.316004
ENSG00000181408.nuc.ord.aln,ENSG00000181408.nuc.ord.tre,0.244442
ENSG00000181437.nuc.ord.aln,ENSG00000181437.nuc.ord.tre,0.130865
ENSG00000181449.nuc.ord.aln,ENSG00000181449.nuc.ord.tre,0.232383
ENSG00000181458.nuc.ord.aln,ENSG00000181458.nuc.ord.tre,0.320518
ENSG00000181472.nuc.ord.aln,ENSG00000181472.nuc.ord.tre,0.420222
ENSG00000181481.nuc.ord.aln,ENSG00000181481.nuc.ord.tre,0.446790
ENSG00000181513.nuc.ord.aln,ENSG00000181513.nuc.ord.tre,0.382742
ENSG00000181544.nuc.ord.aln,ENSG00000181544.nuc.ord.tre,0.873786
ENSG00000181555.nuc.ord.aln,ENSG00000181555.nuc.ord.tre,4.073313
ENSG00000181585.nuc.ord.aln,ENSG00000181585.nuc.ord.tre,0.298848
ENSG00000181610.nuc.ord.aln,ENSG00000181610.nuc.ord.tre,0.315132
ENSG00000181616.nuc.ord.aln,ENSG00000181616.nuc.ord.tre,0.207776
ENSG00000181634.nuc.ord.aln,ENSG00000181634.nuc.ord.tre,0.357222
ENSG00000181652.nuc.ord.aln,ENSG00000181652.nuc.ord.tre,0.790798
ENSG00000181656.nuc.ord.aln,ENSG00000181656.nuc.ord.tre,0.149319
ENSG00000181690.nuc.ord.aln,ENSG00000181690.nuc.ord.tre,0.551298
ENSG00000181704.nuc.ord.aln,ENSG00000181704.nuc.ord.tre,0.337967
ENSG00000181722.nuc.ord.aln,ENSG00000181722.nuc.ord.tre,0.571315
ENSG00000181744.nuc.ord.aln,ENSG00000181744.nuc.ord.tre,0.628750
ENSG00000181751.nuc.ord.aln,ENSG00000181751.nuc.ord.tre,0.273345
ENSG00000181754.nuc.ord.aln,ENSG00000181754.nuc.ord.tre,0.262313
ENSG00000181778.nuc.ord.aln,ENSG00000181778.nuc.ord.tre,0.329105
ENSG00000181784.nuc.ord.aln,ENSG00000181784.nuc.ord.tre,0.214270
ENSG00000181785.nuc.ord.aln,ENSG00000181785.nuc.ord.tre,0.184069
ENSG00000181788.nuc.ord.aln,ENSG00000181788.nuc.ord.tre,0.350815
ENSG00000181789.nuc.ord.aln,ENSG00000181789.nuc.ord.tre,0.802689
ENSG00000181803.nuc.ord.aln,ENSG00000181803.nuc.ord.tre,0.275649
ENSG00000181804.nuc.ord.aln,ENSG00000181804.nuc.ord.tre,0.649054
ENSG00000181817.nuc.ord.aln,ENSG00000181817.nuc.ord.tre,0.238866
ENSG00000181826.nuc.ord.aln,ENSG00000181826.nuc.ord.tre,0.372185
ENSG00000181827.nuc.ord.aln,ENSG00000181827.nuc.ord.tre,1.698516
ENSG00000181830.nuc.ord.aln,ENSG00000181830.nuc.ord.tre,0.361085
ENSG00000181852.nuc.ord.aln,ENSG00000181852.nuc.ord.tre,0.394833
ENSG00000181856.nuc.ord.aln,ENSG00000181856.nuc.ord.tre,0.422441
ENSG00000181873.nuc.ord.aln,ENSG00000181873.nuc.ord.tre,0.315237
ENSG00000181904.nuc.ord.aln,ENSG00000181904.nuc.ord.tre,0.266340
ENSG00000181924.nuc.ord.aln,ENSG00000181924.nuc.ord.tre,0.332580
ENSG00000181929.nuc.ord.aln,ENSG00000181929.nuc.ord.tre,0.384374
ENSG00000181938.nuc.ord.aln,ENSG00000181938.nuc.ord.tre,0.380892
ENSG00000181982.nuc.ord.aln,ENSG00000181982.nuc.ord.tre,0.862140
ENSG00000181991.nuc.ord.aln,ENSG00000181991.nuc.ord.tre,0.244875
ENSG00000182010.nuc.ord.aln,ENSG00000182010.nuc.ord.tre,0.569630
ENSG00000182022.nuc.ord.aln,ENSG00000182022.nuc.ord.tre,0.478210
ENSG00000182050.nuc.ord.aln,ENSG00000182050.nuc.ord.tre,0.434052
ENSG00000182054.nuc.ord.aln,ENSG00000182054.nuc.ord.tre,0.401151
ENSG00000182077.nuc.ord.aln,ENSG00000182077.nuc.ord.tre,0.661150
ENSG00000182093.nuc.ord.aln,ENSG00000182093.nuc.ord.tre,0.264581
ENSG00000182107.nuc.ord.aln,ENSG00000182107.nuc.ord.tre,0.178167
ENSG00000182118.nuc.ord.aln,ENSG00000182118.nuc.ord.tre,0.212258
ENSG00000182132.nuc.ord.aln,ENSG00000182132.nuc.ord.tre,0.429096
ENSG00000182134.nuc.ord.aln,ENSG00000182134.nuc.ord.tre,0.446050
ENSG00000182149.nuc.ord.aln,ENSG00000182149.nuc.ord.tre,0.432578
ENSG00000182150.nuc.ord.aln,ENSG00000182150.nuc.ord.tre,1.809008
ENSG00000182154.nuc.ord.aln,ENSG00000182154.nuc.ord.tre,0.259307
ENSG00000182156.nuc.ord.aln,ENSG00000182156.nuc.ord.tre,0.375051
ENSG00000182158.nuc.ord.aln,ENSG00000182158.nuc.ord.tre,0.501962
ENSG00000182168.nuc.ord.aln,ENSG00000182168.nuc.ord.tre,0.974985
ENSG00000182173.nuc.ord.aln,ENSG00000182173.nuc.ord.tre,0.455342
ENSG00000182179.nuc.ord.aln,ENSG00000182179.nuc.ord.tre,1.090290
ENSG00000182180.nuc.ord.aln,ENSG00000182180.nuc.ord.tre,0.203921
ENSG00000182185.nuc.ord.aln,ENSG00000182185.nuc.ord.tre,0.391220
ENSG00000182196.nuc.ord.aln,ENSG00000182196.nuc.ord.tre,0.591033
ENSG00000182197.nuc.ord.aln,ENSG00000182197.nuc.ord.tre,0.627078
ENSG00000182220.nuc.ord.aln,ENSG00000182220.nuc.ord.tre,0.389386
ENSG00000182223.nuc.ord.aln,ENSG00000182223.nuc.ord.tre,0.316299
ENSG00000182240.nuc.ord.aln,ENSG00000182240.nuc.ord.tre,0.436230
ENSG00000182247.nuc.ord.aln,ENSG00000182247.nuc.ord.tre,0.144202
ENSG00000182253.nuc.ord.aln,ENSG00000182253.nuc.ord.tre,1.904270
ENSG00000182256.nuc.ord.aln,ENSG00000182256.nuc.ord.tre,0.444909
ENSG00000182263.nuc.ord.aln,ENSG00000182263.nuc.ord.tre,0.758354
ENSG00000182264.nuc.ord.aln,ENSG00000182264.nuc.ord.tre,0.392477
ENSG00000182271.nuc.ord.aln,ENSG00000182271.nuc.ord.tre,0.512466
ENSG00000182319.nuc.ord.aln,ENSG00000182319.nuc.ord.tre,1.619341
ENSG00000182324.nuc.ord.aln,ENSG00000182324.nuc.ord.tre,0.395562
ENSG00000182327.nuc.ord.aln,ENSG00000182327.nuc.ord.tre,0.285098
ENSG00000182329.nuc.ord.aln,ENSG00000182329.nuc.ord.tre,1.530651
ENSG00000182359.nuc.ord.aln,ENSG00000182359.nuc.ord.tre,0.502393
ENSG00000182362.nuc.ord.aln,ENSG00000182362.nuc.ord.tre,0.249121
ENSG00000182372.nuc.ord.aln,ENSG00000182372.nuc.ord.tre,0.191021
ENSG00000182389.nuc.ord.aln,ENSG00000182389.nuc.ord.tre,0.594652
ENSG00000182400.nuc.ord.aln,ENSG00000182400.nuc.ord.tre,0.264381
ENSG00000182446.nuc.ord.aln,ENSG00000182446.nuc.ord.tre,0.623690
ENSG00000182447.nuc.ord.aln,ENSG00000182447.nuc.ord.tre,0.341539
ENSG00000182463.nuc.ord.aln,ENSG00000182463.nuc.ord.tre,0.889970
ENSG00000182489.nuc.ord.aln,ENSG00000182489.nuc.ord.tre,0.400571
ENSG00000182500.nuc.ord.aln,ENSG00000182500.nuc.ord.tre,0.329950
ENSG00000182504.nuc.ord.aln,ENSG00000182504.nuc.ord.tre,0.792242
ENSG00000182508.nuc.ord.aln,ENSG00000182508.nuc.ord.tre,0.334199
ENSG00000182511.nuc.ord.aln,ENSG00000182511.nuc.ord.tre,0.802046
ENSG00000182512.nuc.ord.aln,ENSG00000182512.nuc.ord.tre,0.268722
ENSG00000182521.nuc.ord.aln,ENSG00000182521.nuc.ord.tre,0.564075
ENSG00000182836.nuc.ord.aln,ENSG00000182836.nuc.ord.tre,0.393436
ENSG00000182853.nuc.ord.aln,ENSG00000182853.nuc.ord.tre,0.259108
ENSG00000182858.nuc.ord.aln,ENSG00000182858.nuc.ord.tre,0.426050
ENSG00000182866.nuc.ord.aln,ENSG00000182866.nuc.ord.tre,0.480607
ENSG00000182872.nuc.ord.aln,ENSG00000182872.nuc.ord.tre,1.134284
ENSG00000182885.nuc.ord.aln,ENSG00000182885.nuc.ord.tre,0.755895
ENSG00000182898.nuc.ord.aln,ENSG00000182898.nuc.ord.tre,0.749211
ENSG00000182901.nuc.ord.aln,ENSG00000182901.nuc.ord.tre,0.544480
ENSG00000182902.nuc.ord.aln,ENSG00000182902.nuc.ord.tre,0.312768
ENSG00000182909.nuc.ord.aln,ENSG00000182909.nuc.ord.tre,0.307336
ENSG00000182919.nuc.ord.aln,ENSG00000182919.nuc.ord.tre,0.374927
ENSG00000182923.nuc.ord.aln,ENSG00000182923.nuc.ord.tre,0.730349
ENSG00000182934.nuc.ord.aln,ENSG00000182934.nuc.ord.tre,0.490937
ENSG00000182963.nuc.ord.aln,ENSG00000182963.nuc.ord.tre,0.341582
ENSG00000182968.nuc.ord.aln,ENSG00000182968.nuc.ord.tre,0.125468
ENSG00000182973.nuc.ord.aln,ENSG00000182973.nuc.ord.tre,0.678752
ENSG00000182979.nuc.ord.aln,ENSG00000182979.nuc.ord.tre,0.649760
ENSG00000182985.nuc.ord.aln,ENSG00000182985.nuc.ord.tre,0.598056
ENSG00000183011.nuc.ord.aln,ENSG00000183011.nuc.ord.tre,0.273744
ENSG00000183020.nuc.ord.aln,ENSG00000183020.nuc.ord.tre,0.851294
ENSG00000183023.nuc.ord.aln,ENSG00000183023.nuc.ord.tre,0.893787
ENSG00000183032.nuc.ord.aln,ENSG00000183032.nuc.ord.tre,0.379928
ENSG00000183044.nuc.ord.aln,ENSG00000183044.nuc.ord.tre,0.433914
ENSG00000183049.nuc.ord.aln,ENSG00000183049.nuc.ord.tre,0.366522
ENSG00000183060.nuc.ord.aln,ENSG00000183060.nuc.ord.tre,0.327238
ENSG00000183067.nuc.ord.aln,ENSG00000183067.nuc.ord.tre,0.401942
ENSG00000183072.nuc.ord.aln,ENSG00000183072.nuc.ord.tre,0.274606
ENSG00000183077.nuc.ord.aln,ENSG00000183077.nuc.ord.tre,0.324637
ENSG00000183087.nuc.ord.aln,ENSG00000183087.nuc.ord.tre,0.691404
ENSG00000183090.nuc.ord.aln,ENSG00000183090.nuc.ord.tre,4.012207
ENSG00000183092.nuc.ord.aln,ENSG00000183092.nuc.ord.tre,0.440948
ENSG00000183093.nuc.ord.aln,ENSG00000183093.nuc.ord.tre,0.298650
ENSG00000183098.nuc.ord.aln,ENSG00000183098.nuc.ord.tre,0.515606
ENSG00000183111.nuc.ord.aln,ENSG00000183111.nuc.ord.tre,0.741607
ENSG00000183117.nuc.ord.aln,ENSG00000183117.nuc.ord.tre,7.755214
ENSG00000183137.nuc.ord.aln,ENSG00000183137.nuc.ord.tre,0.437588
ENSG00000183145.nuc.ord.aln,ENSG00000183145.nuc.ord.tre,0.279265
ENSG00000183150.nuc.ord.aln,ENSG00000183150.nuc.ord.tre,0.252494
ENSG00000183155.nuc.ord.aln,ENSG00000183155.nuc.ord.tre,0.219064
ENSG00000183172.nuc.ord.aln,ENSG00000183172.nuc.ord.tre,0.242160
ENSG00000183207.nuc.ord.aln,ENSG00000183207.nuc.ord.tre,0.359502
ENSG00000183208.nuc.ord.aln,ENSG00000183208.nuc.ord.tre,0.220058
ENSG00000183230.nuc.ord.aln,ENSG00000183230.nuc.ord.tre,0.767367
ENSG00000183258.nuc.ord.aln,ENSG00000183258.nuc.ord.tre,0.407712
ENSG00000183273.nuc.ord.aln,ENSG00000183273.nuc.ord.tre,0.479978
ENSG00000183283.nuc.ord.aln,ENSG00000183283.nuc.ord.tre,0.290867
ENSG00000183287.nuc.ord.aln,ENSG00000183287.nuc.ord.tre,0.414407
ENSG00000183291.nuc.ord.aln,ENSG00000183291.nuc.ord.tre,0.292491
ENSG00000183323.nuc.ord.aln,ENSG00000183323.nuc.ord.tre,0.466900
ENSG00000183324.nuc.ord.aln,ENSG00000183324.nuc.ord.tre,0.352254
ENSG00000183337.nuc.ord.aln,ENSG00000183337.nuc.ord.tre,1.533952
ENSG00000183346.nuc.ord.aln,ENSG00000183346.nuc.ord.tre,0.397418
ENSG00000183354.nuc.ord.aln,ENSG00000183354.nuc.ord.tre,2.456678
ENSG00000183378.nuc.ord.aln,ENSG00000183378.nuc.ord.tre,0.532728
ENSG00000183379.nuc.ord.aln,ENSG00000183379.nuc.ord.tre,0.265282
ENSG00000183395.nuc.ord.aln,ENSG00000183395.nuc.ord.tre,0.217026
ENSG00000183421.nuc.ord.aln,ENSG00000183421.nuc.ord.tre,1.020349
ENSG00000183431.nuc.ord.aln,ENSG00000183431.nuc.ord.tre,0.503700
ENSG00000183454.nuc.ord.aln,ENSG00000183454.nuc.ord.tre,1.484974
ENSG00000183475.nuc.ord.aln,ENSG00000183475.nuc.ord.tre,0.310018
ENSG00000183495.nuc.ord.aln,ENSG00000183495.nuc.ord.tre,4.938784
ENSG00000183496.nuc.ord.aln,ENSG00000183496.nuc.ord.tre,0.487553
ENSG00000183508.nuc.ord.aln,ENSG00000183508.nuc.ord.tre,0.344076
ENSG00000183520.nuc.ord.aln,ENSG00000183520.nuc.ord.tre,0.325068
ENSG00000183527.nuc.ord.aln,ENSG00000183527.nuc.ord.tre,0.352207
ENSG00000183530.nuc.ord.aln,ENSG00000183530.nuc.ord.tre,3.233026
ENSG00000183549.nuc.ord.aln,ENSG00000183549.nuc.ord.tre,0.629187
ENSG00000183559.nuc.ord.aln,ENSG00000183559.nuc.ord.tre,0.287270
ENSG00000183560.nuc.ord.aln,ENSG00000183560.nuc.ord.tre,0.398707
ENSG00000183571.nuc.ord.aln,ENSG00000183571.nuc.ord.tre,0.304043
ENSG00000183576.nuc.ord.aln,ENSG00000183576.nuc.ord.tre,0.482402
ENSG00000183578.nuc.ord.aln,ENSG00000183578.nuc.ord.tre,0.436750
ENSG00000183579.nuc.ord.aln,ENSG00000183579.nuc.ord.tre,1.018638
ENSG00000183580.nuc.ord.aln,ENSG00000183580.nuc.ord.tre,0.398239
ENSG00000183597.nuc.ord.aln,ENSG00000183597.nuc.ord.tre,0.348475
ENSG00000183605.nuc.ord.aln,ENSG00000183605.nuc.ord.tre,0.354444
ENSG00000183607.nuc.ord.aln,ENSG00000183607.nuc.ord.tre,0.307007
ENSG00000183615.nuc.ord.aln,ENSG00000183615.nuc.ord.tre,0.295784
ENSG00000183617.nuc.ord.aln,ENSG00000183617.nuc.ord.tre,0.193591
ENSG00000183621.nuc.ord.aln,ENSG00000183621.nuc.ord.tre,0.767702
ENSG00000183624.nuc.ord.aln,ENSG00000183624.nuc.ord.tre,0.368223
ENSG00000183644.nuc.ord.aln,ENSG00000183644.nuc.ord.tre,0.322680
ENSG00000183662.nuc.ord.aln,ENSG00000183662.nuc.ord.tre,0.325755
ENSG00000183671.nuc.ord.aln,ENSG00000183671.nuc.ord.tre,0.303981
ENSG00000183688.nuc.ord.aln,ENSG00000183688.nuc.ord.tre,0.316299
ENSG00000183690.nuc.ord.aln,ENSG00000183690.nuc.ord.tre,0.755307
ENSG00000183696.nuc.ord.aln,ENSG00000183696.nuc.ord.tre,0.444590
ENSG00000183715.nuc.ord.aln,ENSG00000183715.nuc.ord.tre,0.406639
ENSG00000183722.nuc.ord.aln,ENSG00000183722.nuc.ord.tre,0.226539
ENSG00000183723.nuc.ord.aln,ENSG00000183723.nuc.ord.tre,0.361969
ENSG00000183729.nuc.ord.aln,ENSG00000183729.nuc.ord.tre,0.201505
ENSG00000183733.nuc.ord.aln,ENSG00000183733.nuc.ord.tre,0.289635
ENSG00000183735.nuc.ord.aln,ENSG00000183735.nuc.ord.tre,0.582607
ENSG00000183742.nuc.ord.aln,ENSG00000183742.nuc.ord.tre,0.728738
ENSG00000183751.nuc.ord.aln,ENSG00000183751.nuc.ord.tre,0.706623
ENSG00000183760.nuc.ord.aln,ENSG00000183760.nuc.ord.tre,0.429127
ENSG00000183762.nuc.ord.aln,ENSG00000183762.nuc.ord.tre,0.489594
ENSG00000183763.nuc.ord.aln,ENSG00000183763.nuc.ord.tre,0.433345
ENSG00000183765.nuc.ord.aln,ENSG00000183765.nuc.ord.tre,0.517743
ENSG00000183775.nuc.ord.aln,ENSG00000183775.nuc.ord.tre,0.388034
ENSG00000183780.nuc.ord.aln,ENSG00000183780.nuc.ord.tre,0.479850
ENSG00000183783.nuc.ord.aln,ENSG00000183783.nuc.ord.tre,0.270393
ENSG00000183798.nuc.ord.aln,ENSG00000183798.nuc.ord.tre,0.672434
ENSG00000183801.nuc.ord.aln,ENSG00000183801.nuc.ord.tre,0.355203
ENSG00000183813.nuc.ord.aln,ENSG00000183813.nuc.ord.tre,0.313454
ENSG00000183814.nuc.ord.aln,ENSG00000183814.nuc.ord.tre,0.867999
ENSG00000183831.nuc.ord.aln,ENSG00000183831.nuc.ord.tre,0.395100
ENSG00000183833.nuc.ord.aln,ENSG00000183833.nuc.ord.tre,0.783849
ENSG00000183844.nuc.ord.aln,ENSG00000183844.nuc.ord.tre,0.437781
ENSG00000183853.nuc.ord.aln,ENSG00000183853.nuc.ord.tre,0.809308
ENSG00000183856.nuc.ord.aln,ENSG00000183856.nuc.ord.tre,1.701059
ENSG00000183876.nuc.ord.aln,ENSG00000183876.nuc.ord.tre,0.371245
ENSG00000183891.nuc.ord.aln,ENSG00000183891.nuc.ord.tre,0.195147
ENSG00000183908.nuc.ord.aln,ENSG00000183908.nuc.ord.tre,0.369535
ENSG00000183914.nuc.ord.aln,ENSG00000183914.nuc.ord.tre,14.262569
ENSG00000183918.nuc.ord.aln,ENSG00000183918.nuc.ord.tre,0.260995
ENSG00000183977.nuc.ord.aln,ENSG00000183977.nuc.ord.tre,0.533118
ENSG00000183978.nuc.ord.aln,ENSG00000183978.nuc.ord.tre,0.161388
ENSG00000184007.nuc.ord.aln,ENSG00000184007.nuc.ord.tre,0.327880
ENSG00000184012.nuc.ord.aln,ENSG00000184012.nuc.ord.tre,0.332744
ENSG00000184014.nuc.ord.aln,ENSG00000184014.nuc.ord.tre,1.410815
ENSG00000184047.nuc.ord.aln,ENSG00000184047.nuc.ord.tre,0.428143
ENSG00000184056.nuc.ord.aln,ENSG00000184056.nuc.ord.tre,0.536435
ENSG00000184060.nuc.ord.aln,ENSG00000184060.nuc.ord.tre,0.391660
ENSG00000184083.nuc.ord.aln,ENSG00000184083.nuc.ord.tre,1.092154
ENSG00000184156.nuc.ord.aln,ENSG00000184156.nuc.ord.tre,1.123532
ENSG00000184162.nuc.ord.aln,ENSG00000184162.nuc.ord.tre,0.256052
ENSG00000184178.nuc.ord.aln,ENSG00000184178.nuc.ord.tre,0.512218
ENSG00000184182.nuc.ord.aln,ENSG00000184182.nuc.ord.tre,0.300873
ENSG00000184194.nuc.ord.aln,ENSG00000184194.nuc.ord.tre,0.217984
ENSG00000184210.nuc.ord.aln,ENSG00000184210.nuc.ord.tre,0.363839
ENSG00000184216.nuc.ord.aln,ENSG00000184216.nuc.ord.tre,0.713551
ENSG00000184220.nuc.ord.aln,ENSG00000184220.nuc.ord.tre,0.393212
ENSG00000184226.nuc.ord.aln,ENSG00000184226.nuc.ord.tre,1.197208
ENSG00000184254.nuc.ord.aln,ENSG00000184254.nuc.ord.tre,0.438517
ENSG00000184261.nuc.ord.aln,ENSG00000184261.nuc.ord.tre,0.297138
ENSG00000184270.nuc.ord.aln,ENSG00000184270.nuc.ord.tre,0.201311
ENSG00000184271.nuc.ord.aln,ENSG00000184271.nuc.ord.tre,0.533500
ENSG00000184277.nuc.ord.aln,ENSG00000184277.nuc.ord.tre,0.341408
ENSG00000184302.nuc.ord.aln,ENSG00000184302.nuc.ord.tre,0.532710
ENSG00000184307.nuc.ord.aln,ENSG00000184307.nuc.ord.tre,0.418283
ENSG00000184313.nuc.ord.aln,ENSG00000184313.nuc.ord.tre,1.826870
ENSG00000184344.nuc.ord.aln,ENSG00000184344.nuc.ord.tre,0.337726
ENSG00000184347.nuc.ord.aln,ENSG00000184347.nuc.ord.tre,1.805947
ENSG00000184349.nuc.ord.aln,ENSG00000184349.nuc.ord.tre,0.356777
ENSG00000184363.nuc.ord.aln,ENSG00000184363.nuc.ord.tre,0.380299
ENSG00000184368.nuc.ord.aln,ENSG00000184368.nuc.ord.tre,0.953364
ENSG00000184371.nuc.ord.aln,ENSG00000184371.nuc.ord.tre,0.349406
ENSG00000184374.nuc.ord.aln,ENSG00000184374.nuc.ord.tre,0.351799
ENSG00000184378.nuc.ord.aln,ENSG00000184378.nuc.ord.tre,0.350114
ENSG00000184381.nuc.ord.aln,ENSG00000184381.nuc.ord.tre,0.812072
ENSG00000184384.nuc.ord.aln,ENSG00000184384.nuc.ord.tre,1.265843
ENSG00000184408.nuc.ord.aln,ENSG00000184408.nuc.ord.tre,0.524595
ENSG00000184432.nuc.ord.aln,ENSG00000184432.nuc.ord.tre,0.902738
ENSG00000184434.nuc.ord.aln,ENSG00000184434.nuc.ord.tre,0.351011
ENSG00000184445.nuc.ord.aln,ENSG00000184445.nuc.ord.tre,3.604449
ENSG00000184451.nuc.ord.aln,ENSG00000184451.nuc.ord.tre,0.257862
ENSG00000184454.nuc.ord.aln,ENSG00000184454.nuc.ord.tre,0.303324
ENSG00000184459.nuc.ord.aln,ENSG00000184459.nuc.ord.tre,0.478481
ENSG00000184465.nuc.ord.aln,ENSG00000184465.nuc.ord.tre,0.817437
ENSG00000184502.nuc.ord.aln,ENSG00000184502.nuc.ord.tre,0.210541
ENSG00000184507.nuc.ord.aln,ENSG00000184507.nuc.ord.tre,1.251088
ENSG00000184508.nuc.ord.aln,ENSG00000184508.nuc.ord.tre,0.289297
ENSG00000184530.nuc.ord.aln,ENSG00000184530.nuc.ord.tre,0.333434
ENSG00000184544.nuc.ord.aln,ENSG00000184544.nuc.ord.tre,0.394770
ENSG00000184564.nuc.ord.aln,ENSG00000184564.nuc.ord.tre,0.562064
ENSG00000184574.nuc.ord.aln,ENSG00000184574.nuc.ord.tre,0.199680
ENSG00000184575.nuc.ord.aln,ENSG00000184575.nuc.ord.tre,0.840098
ENSG00000184584.nuc.ord.aln,ENSG00000184584.nuc.ord.tre,0.424190
ENSG00000184588.nuc.ord.aln,ENSG00000184588.nuc.ord.tre,0.839662
ENSG00000184599.nuc.ord.aln,ENSG00000184599.nuc.ord.tre,0.326163
ENSG00000184611.nuc.ord.aln,ENSG00000184611.nuc.ord.tre,1.374697
ENSG00000184613.nuc.ord.aln,ENSG00000184613.nuc.ord.tre,0.882246
ENSG00000184634.nuc.ord.aln,ENSG00000184634.nuc.ord.tre,3.001414
ENSG00000184640.nuc.ord.aln,ENSG00000184640.nuc.ord.tre,0.497765
ENSG00000184647.nuc.ord.aln,ENSG00000184647.nuc.ord.tre,0.352802
ENSG00000184661.nuc.ord.aln,ENSG00000184661.nuc.ord.tre,1.249991
ENSG00000184675.nuc.ord.aln,ENSG00000184675.nuc.ord.tre,1.135056
ENSG00000184677.nuc.ord.aln,ENSG00000184677.nuc.ord.tre,1.662841
ENSG00000184708.nuc.ord.aln,ENSG00000184708.nuc.ord.tre,1.136003
ENSG00000184716.nuc.ord.aln,ENSG00000184716.nuc.ord.tre,0.479037
ENSG00000184731.nuc.ord.aln,ENSG00000184731.nuc.ord.tre,0.255611
ENSG00000184743.nuc.ord.aln,ENSG00000184743.nuc.ord.tre,0.605359
ENSG00000184752.nuc.ord.aln,ENSG00000184752.nuc.ord.tre,0.265757
ENSG00000184787.nuc.ord.aln,ENSG00000184787.nuc.ord.tre,0.493089
ENSG00000184788.nuc.ord.aln,ENSG00000184788.nuc.ord.tre,0.413368
ENSG00000184792.nuc.ord.aln,ENSG00000184792.nuc.ord.tre,0.926418
ENSG00000184811.nuc.ord.aln,ENSG00000184811.nuc.ord.tre,0.210330
ENSG00000184838.nuc.ord.aln,ENSG00000184838.nuc.ord.tre,0.323815
ENSG00000184840.nuc.ord.aln,ENSG00000184840.nuc.ord.tre,0.365816
ENSG00000184860.nuc.ord.aln,ENSG00000184860.nuc.ord.tre,0.376919
ENSG00000184886.nuc.ord.aln,ENSG00000184886.nuc.ord.tre,0.299914
ENSG00000184898.nuc.ord.aln,ENSG00000184898.nuc.ord.tre,0.314250
ENSG00000184903.nuc.ord.aln,ENSG00000184903.nuc.ord.tre,0.236464
ENSG00000184922.nuc.ord.aln,ENSG00000184922.nuc.ord.tre,1.398597
ENSG00000184924.nuc.ord.aln,ENSG00000184924.nuc.ord.tre,0.236999
ENSG00000184933.nuc.ord.aln,ENSG00000184933.nuc.ord.tre,0.244128
ENSG00000184949.nuc.ord.aln,ENSG00000184949.nuc.ord.tre,0.583785
ENSG00000184967.nuc.ord.aln,ENSG00000184967.nuc.ord.tre,0.354438
ENSG00000184983.nuc.ord.aln,ENSG00000184983.nuc.ord.tre,0.314314
ENSG00000184984.nuc.ord.aln,ENSG00000184984.nuc.ord.tre,0.333877
ENSG00000184988.nuc.ord.aln,ENSG00000184988.nuc.ord.tre,0.256213
ENSG00000184990.nuc.ord.aln,ENSG00000184990.nuc.ord.tre,0.279438
ENSG00000184992.nuc.ord.aln,ENSG00000184992.nuc.ord.tre,0.331968
ENSG00000185002.nuc.ord.aln,ENSG00000185002.nuc.ord.tre,1.106433
ENSG00000185008.nuc.ord.aln,ENSG00000185008.nuc.ord.tre,1.717343
ENSG00000185009.nuc.ord.aln,ENSG00000185009.nuc.ord.tre,0.396461
ENSG00000185010.nuc.ord.aln,ENSG00000185010.nuc.ord.tre,4.463917
ENSG00000185013.nuc.ord.aln,ENSG00000185013.nuc.ord.tre,0.740053
ENSG00000185015.nuc.ord.aln,ENSG00000185015.nuc.ord.tre,0.348010
ENSG00000185019.nuc.ord.aln,ENSG00000185019.nuc.ord.tre,0.296083
ENSG00000185028.nuc.ord.aln,ENSG00000185028.nuc.ord.tre,0.393744
ENSG00000185033.nuc.ord.aln,ENSG00000185033.nuc.ord.tre,0.896142
ENSG00000185051.nuc.ord.aln,ENSG00000185051.nuc.ord.tre,0.146377
ENSG00000185052.nuc.ord.aln,ENSG00000185052.nuc.ord.tre,0.638008
ENSG00000185053.nuc.ord.aln,ENSG00000185053.nuc.ord.tre,0.354862
ENSG00000185055.nuc.ord.aln,ENSG00000185055.nuc.ord.tre,0.297439
ENSG00000185057.nuc.ord.aln,ENSG00000185057.nuc.ord.tre,0.169245
ENSG00000185070.nuc.ord.aln,ENSG00000185070.nuc.ord.tre,0.414102
ENSG00000185085.nuc.ord.aln,ENSG00000185085.nuc.ord.tre,0.688609
ENSG00000185088.nuc.ord.aln,ENSG00000185088.nuc.ord.tre,0.170876
ENSG00000185090.nuc.ord.aln,ENSG00000185090.nuc.ord.tre,0.560632
ENSG00000185104.nuc.ord.aln,ENSG00000185104.nuc.ord.tre,0.627920
ENSG00000185133.nuc.ord.aln,ENSG00000185133.nuc.ord.tre,1.009115
ENSG00000185149.nuc.ord.aln,ENSG00000185149.nuc.ord.tre,0.282213
ENSG00000185156.nuc.ord.aln,ENSG00000185156.nuc.ord.tre,0.344389
ENSG00000185163.nuc.ord.aln,ENSG00000185163.nuc.ord.tre,0.474866
ENSG00000185238.nuc.ord.aln,ENSG00000185238.nuc.ord.tre,0.707006
ENSG00000185246.nuc.ord.aln,ENSG00000185246.nuc.ord.tre,0.507869
ENSG00000185250.nuc.ord.aln,ENSG00000185250.nuc.ord.tre,0.411365
ENSG00000185261.nuc.ord.aln,ENSG00000185261.nuc.ord.tre,1.496777
ENSG00000185267.nuc.ord.aln,ENSG00000185267.nuc.ord.tre,0.361421
ENSG00000185272.nuc.ord.aln,ENSG00000185272.nuc.ord.tre,0.389007
ENSG00000185274.nuc.ord.aln,ENSG00000185274.nuc.ord.tre,0.466490
ENSG00000185278.nuc.ord.aln,ENSG00000185278.nuc.ord.tre,0.595805
ENSG00000185298.nuc.ord.aln,ENSG00000185298.nuc.ord.tre,0.311042
ENSG00000185305.nuc.ord.aln,ENSG00000185305.nuc.ord.tre,0.331332
ENSG00000185306.nuc.ord.aln,ENSG00000185306.nuc.ord.tre,0.506033
ENSG00000185313.nuc.ord.aln,ENSG00000185313.nuc.ord.tre,3.291053
ENSG00000185324.nuc.ord.aln,ENSG00000185324.nuc.ord.tre,0.401958
ENSG00000185339.nuc.ord.aln,ENSG00000185339.nuc.ord.tre,0.483148
ENSG00000185340.nuc.ord.aln,ENSG00000185340.nuc.ord.tre,0.378642
ENSG00000185344.nuc.ord.aln,ENSG00000185344.nuc.ord.tre,2.137527
ENSG00000185345.nuc.ord.aln,ENSG00000185345.nuc.ord.tre,0.427537
ENSG00000185347.nuc.ord.aln,ENSG00000185347.nuc.ord.tre,0.402015
ENSG00000185352.nuc.ord.aln,ENSG00000185352.nuc.ord.tre,0.319057
ENSG00000185379.nuc.ord.aln,ENSG00000185379.nuc.ord.tre,0.366761
ENSG00000185418.nuc.ord.aln,ENSG00000185418.nuc.ord.tre,0.836622
ENSG00000185436.nuc.ord.aln,ENSG00000185436.nuc.ord.tre,0.527345
ENSG00000185437.nuc.ord.aln,ENSG00000185437.nuc.ord.tre,0.354086
ENSG00000185467.nuc.ord.aln,ENSG00000185467.nuc.ord.tre,0.571007
ENSG00000185475.nuc.ord.aln,ENSG00000185475.nuc.ord.tre,0.302738
ENSG00000185480.nuc.ord.aln,ENSG00000185480.nuc.ord.tre,0.494727
ENSG00000185482.nuc.ord.aln,ENSG00000185482.nuc.ord.tre,0.338444
ENSG00000185483.nuc.ord.aln,ENSG00000185483.nuc.ord.tre,1.088939
ENSG00000186367.nuc.ord.aln,ENSG00000186367.nuc.ord.tre,0.279534
ENSG00000186369.nuc.ord.aln,ENSG00000186369.nuc.ord.tre,0.357356
ENSG00000186409.nuc.ord.aln,ENSG00000186409.nuc.ord.tre,0.830339
ENSG00000186416.nuc.ord.aln,ENSG00000186416.nuc.ord.tre,0.449739
ENSG00000186417.nuc.ord.aln,ENSG00000186417.nuc.ord.tre,0.520711
ENSG00000186432.nuc.ord.aln,ENSG00000186432.nuc.ord.tre,0.431456
ENSG00000186439.nuc.ord.aln,ENSG00000186439.nuc.ord.tre,0.751117
ENSG00000186440.nuc.ord.aln,ENSG00000186440.nuc.ord.tre,0.240319
ENSG00000186452.nuc.ord.aln,ENSG00000186452.nuc.ord.tre,0.410666
ENSG00000186471.nuc.ord.aln,ENSG00000186471.nuc.ord.tre,0.473580
ENSG00000186479.nuc.ord.aln,ENSG00000186479.nuc.ord.tre,0.349347
ENSG00000186487.nuc.ord.aln,ENSG00000186487.nuc.ord.tre,1.608287
ENSG00000186530.nuc.ord.aln,ENSG00000186530.nuc.ord.tre,0.678131
ENSG00000186532.nuc.ord.aln,ENSG00000186532.nuc.ord.tre,0.864737
ENSG00000186566.nuc.ord.aln,ENSG00000186566.nuc.ord.tre,1.611900
ENSG00000186567.nuc.ord.aln,ENSG00000186567.nuc.ord.tre,0.238918
ENSG00000186575.nuc.ord.aln,ENSG00000186575.nuc.ord.tre,0.559195
ENSG00000186603.nuc.ord.aln,ENSG00000186603.nuc.ord.tre,0.312326
ENSG00000186625.nuc.ord.aln,ENSG00000186625.nuc.ord.tre,0.501822
ENSG00000186628.nuc.ord.aln,ENSG00000186628.nuc.ord.tre,0.706427
ENSG00000186629.nuc.ord.aln,ENSG00000186629.nuc.ord.tre,1.131229
ENSG00000186635.nuc.ord.aln,ENSG00000186635.nuc.ord.tre,1.690265
ENSG00000186638.nuc.ord.aln,ENSG00000186638.nuc.ord.tre,1.657728
ENSG00000186648.nuc.ord.aln,ENSG00000186648.nuc.ord.tre,1.563258
ENSG00000186660.nuc.ord.aln,ENSG00000186660.nuc.ord.tre,0.583673
ENSG00000186687.nuc.ord.aln,ENSG00000186687.nuc.ord.tre,0.250450
ENSG00000186714.nuc.ord.aln,ENSG00000186714.nuc.ord.tre,0.949423
ENSG00000186732.nuc.ord.aln,ENSG00000186732.nuc.ord.tre,0.321536
ENSG00000186792.nuc.ord.aln,ENSG00000186792.nuc.ord.tre,0.255467
ENSG00000186812.nuc.ord.aln,ENSG00000186812.nuc.ord.tre,0.270858
ENSG00000186815.nuc.ord.aln,ENSG00000186815.nuc.ord.tre,0.832852
ENSG00000186832.nuc.ord.aln,ENSG00000186832.nuc.ord.tre,0.419225
ENSG00000186847.nuc.ord.aln,ENSG00000186847.nuc.ord.tre,0.346431
ENSG00000186866.nuc.ord.aln,ENSG00000186866.nuc.ord.tre,0.387239
ENSG00000186868.nuc.ord.aln,ENSG00000186868.nuc.ord.tre,0.846855
ENSG00000186871.nuc.ord.aln,ENSG00000186871.nuc.ord.tre,1.086695
ENSG00000186889.nuc.ord.aln,ENSG00000186889.nuc.ord.tre,0.316160
ENSG00000186895.nuc.ord.aln,ENSG00000186895.nuc.ord.tre,0.246739
ENSG00000186897.nuc.ord.aln,ENSG00000186897.nuc.ord.tre,0.270126
ENSG00000186908.nuc.ord.aln,ENSG00000186908.nuc.ord.tre,0.492593
ENSG00000186910.nuc.ord.aln,ENSG00000186910.nuc.ord.tre,0.536049
ENSG00000186918.nuc.ord.aln,ENSG00000186918.nuc.ord.tre,0.449587
ENSG00000186951.nuc.ord.aln,ENSG00000186951.nuc.ord.tre,0.421039
ENSG00000186952.nuc.ord.aln,ENSG00000186952.nuc.ord.tre,0.662549
ENSG00000186976.nuc.ord.aln,ENSG00000186976.nuc.ord.tre,1.700885
ENSG00000185499.nuc.ord.aln,ENSG00000185499.nuc.ord.tre,0.478759
ENSG00000185504.nuc.ord.aln,ENSG00000185504.nuc.ord.tre,0.617125
ENSG00000185507.nuc.ord.aln,ENSG00000185507.nuc.ord.tre,0.418310
ENSG00000185513.nuc.ord.aln,ENSG00000185513.nuc.ord.tre,0.919031
ENSG00000185515.nuc.ord.aln,ENSG00000185515.nuc.ord.tre,0.363020
ENSG00000185518.nuc.ord.aln,ENSG00000185518.nuc.ord.tre,0.649646
ENSG00000185532.nuc.ord.aln,ENSG00000185532.nuc.ord.tre,0.704424
ENSG00000185559.nuc.ord.aln,ENSG00000185559.nuc.ord.tre,0.265527
ENSG00000185561.nuc.ord.aln,ENSG00000185561.nuc.ord.tre,0.330483
ENSG00000185565.nuc.ord.aln,ENSG00000185565.nuc.ord.tre,0.360962
ENSG00000185585.nuc.ord.aln,ENSG00000185585.nuc.ord.tre,1.231091
ENSG00000185591.nuc.ord.aln,ENSG00000185591.nuc.ord.tre,0.593139
ENSG00000185608.nuc.ord.aln,ENSG00000185608.nuc.ord.tre,0.277491
ENSG00000185610.nuc.ord.aln,ENSG00000185610.nuc.ord.tre,0.367307
ENSG00000185614.nuc.ord.aln,ENSG00000185614.nuc.ord.tre,0.327801
ENSG00000185619.nuc.ord.aln,ENSG00000185619.nuc.ord.tre,0.305436
ENSG00000185621.nuc.ord.aln,ENSG00000185621.nuc.ord.tre,0.662297
ENSG00000185624.nuc.ord.aln,ENSG00000185624.nuc.ord.tre,0.385534
ENSG00000185630.nuc.ord.aln,ENSG00000185630.nuc.ord.tre,0.554280
ENSG00000185634.nuc.ord.aln,ENSG00000185634.nuc.ord.tre,0.569341
ENSG00000185640.nuc.ord.aln,ENSG00000185640.nuc.ord.tre,0.306588
ENSG00000185650.nuc.ord.aln,ENSG00000185650.nuc.ord.tre,0.231010
ENSG00000185652.nuc.ord.aln,ENSG00000185652.nuc.ord.tre,0.275517
ENSG00000185658.nuc.ord.aln,ENSG00000185658.nuc.ord.tre,3.628717
ENSG00000185664.nuc.ord.aln,ENSG00000185664.nuc.ord.tre,0.611285
ENSG00000185666.nuc.ord.aln,ENSG00000185666.nuc.ord.tre,0.665507
ENSG00000185674.nuc.ord.aln,ENSG00000185674.nuc.ord.tre,0.322158
ENSG00000185681.nuc.ord.aln,ENSG00000185681.nuc.ord.tre,0.345502
ENSG00000185697.nuc.ord.aln,ENSG00000185697.nuc.ord.tre,0.675929
ENSG00000185701.nuc.ord.aln,ENSG00000185701.nuc.ord.tre,0.208033
ENSG00000185721.nuc.ord.aln,ENSG00000185721.nuc.ord.tre,0.362886
ENSG00000185722.nuc.ord.aln,ENSG00000185722.nuc.ord.tre,1.248682
ENSG00000185728.nuc.ord.aln,ENSG00000185728.nuc.ord.tre,0.558993
ENSG00000185736.nuc.ord.aln,ENSG00000185736.nuc.ord.tre,0.669133
ENSG00000185737.nuc.ord.aln,ENSG00000185737.nuc.ord.tre,0.721398
ENSG00000185739.nuc.ord.aln,ENSG00000185739.nuc.ord.tre,0.967169
ENSG00000185753.nuc.ord.aln,ENSG00000185753.nuc.ord.tre,0.344616
ENSG00000185760.nuc.ord.aln,ENSG00000185760.nuc.ord.tre,0.936124
ENSG00000185761.nuc.ord.aln,ENSG00000185761.nuc.ord.tre,1.143194
ENSG00000185774.nuc.ord.aln,ENSG00000185774.nuc.ord.tre,0.351548
ENSG00000185787.nuc.ord.aln,ENSG00000185787.nuc.ord.tre,0.260244
ENSG00000185808.nuc.ord.aln,ENSG00000185808.nuc.ord.tre,0.322082
ENSG00000185811.nuc.ord.aln,ENSG00000185811.nuc.ord.tre,0.480311
ENSG00000185813.nuc.ord.aln,ENSG00000185813.nuc.ord.tre,0.320072
ENSG00000185818.nuc.ord.aln,ENSG00000185818.nuc.ord.tre,0.246064
ENSG00000185838.nuc.ord.aln,ENSG00000185838.nuc.ord.tre,0.249151
ENSG00000185842.nuc.ord.aln,ENSG00000185842.nuc.ord.tre,8.045584
ENSG00000185860.nuc.ord.aln,ENSG00000185860.nuc.ord.tre,0.298746
ENSG00000185862.nuc.ord.aln,ENSG00000185862.nuc.ord.tre,0.351353
ENSG00000185880.nuc.ord.aln,ENSG00000185880.nuc.ord.tre,0.427379
ENSG00000185900.nuc.ord.aln,ENSG00000185900.nuc.ord.tre,0.461066
ENSG00000185905.nuc.ord.aln,ENSG00000185905.nuc.ord.tre,0.172391
ENSG00000185917.nuc.ord.aln,ENSG00000185917.nuc.ord.tre,0.362017
ENSG00000185920.nuc.ord.aln,ENSG00000185920.nuc.ord.tre,1.834474
ENSG00000185933.nuc.ord.aln,ENSG00000185933.nuc.ord.tre,0.347839
ENSG00000185942.nuc.ord.aln,ENSG00000185942.nuc.ord.tre,0.323586
ENSG00000185946.nuc.ord.aln,ENSG00000185946.nuc.ord.tre,0.400233
ENSG00000185950.nuc.ord.aln,ENSG00000185950.nuc.ord.tre,0.711807
ENSG00000185963.nuc.ord.aln,ENSG00000185963.nuc.ord.tre,0.643600
ENSG00000185973.nuc.ord.aln,ENSG00000185973.nuc.ord.tre,0.340192
ENSG00000185974.nuc.ord.aln,ENSG00000185974.nuc.ord.tre,0.400827
ENSG00000185988.nuc.ord.aln,ENSG00000185988.nuc.ord.tre,0.608728
ENSG00000185989.nuc.ord.aln,ENSG00000185989.nuc.ord.tre,0.701927
ENSG00000186001.nuc.ord.aln,ENSG00000186001.nuc.ord.tre,0.847987
ENSG00000186007.nuc.ord.aln,ENSG00000186007.nuc.ord.tre,0.329671
ENSG00000186009.nuc.ord.aln,ENSG00000186009.nuc.ord.tre,0.286094
ENSG00000186073.nuc.ord.aln,ENSG00000186073.nuc.ord.tre,0.404882
ENSG00000186075.nuc.ord.aln,ENSG00000186075.nuc.ord.tre,0.325919
ENSG00000186081.nuc.ord.aln,ENSG00000186081.nuc.ord.tre,0.513154
ENSG00000186088.nuc.ord.aln,ENSG00000186088.nuc.ord.tre,0.426687
ENSG00000186094.nuc.ord.aln,ENSG00000186094.nuc.ord.tre,0.782529
ENSG00000186104.nuc.ord.aln,ENSG00000186104.nuc.ord.tre,0.450707
ENSG00000186106.nuc.ord.aln,ENSG00000186106.nuc.ord.tre,0.391684
ENSG00000186130.nuc.ord.aln,ENSG00000186130.nuc.ord.tre,0.337106
ENSG00000186132.nuc.ord.aln,ENSG00000186132.nuc.ord.tre,0.269986
ENSG00000186141.nuc.ord.aln,ENSG00000186141.nuc.ord.tre,0.424597
ENSG00000186153.nuc.ord.aln,ENSG00000186153.nuc.ord.tre,0.483166
ENSG00000186166.nuc.ord.aln,ENSG00000186166.nuc.ord.tre,0.372016
ENSG00000186174.nuc.ord.aln,ENSG00000186174.nuc.ord.tre,1.451983
ENSG00000186185.nuc.ord.aln,ENSG00000186185.nuc.ord.tre,0.907825
ENSG00000186187.nuc.ord.aln,ENSG00000186187.nuc.ord.tre,0.366588
ENSG00000186188.nuc.ord.aln,ENSG00000186188.nuc.ord.tre,0.400786
ENSG00000186190.nuc.ord.aln,ENSG00000186190.nuc.ord.tre,0.349657
ENSG00000186191.nuc.ord.aln,ENSG00000186191.nuc.ord.tre,0.657567
ENSG00000186197.nuc.ord.aln,ENSG00000186197.nuc.ord.tre,0.230167
ENSG00000186198.nuc.ord.aln,ENSG00000186198.nuc.ord.tre,0.246605
ENSG00000186231.nuc.ord.aln,ENSG00000186231.nuc.ord.tre,0.571088
ENSG00000186260.nuc.ord.aln,ENSG00000186260.nuc.ord.tre,1.348043
ENSG00000186265.nuc.ord.aln,ENSG00000186265.nuc.ord.tre,0.303727
ENSG00000186283.nuc.ord.aln,ENSG00000186283.nuc.ord.tre,0.387875
ENSG00000186297.nuc.ord.aln,ENSG00000186297.nuc.ord.tre,0.372125
ENSG00000186298.nuc.ord.aln,ENSG00000186298.nuc.ord.tre,0.337037
ENSG00000186314.nuc.ord.aln,ENSG00000186314.nuc.ord.tre,0.350010
ENSG00000186318.nuc.ord.aln,ENSG00000186318.nuc.ord.tre,0.532658
ENSG00000186326.nuc.ord.aln,ENSG00000186326.nuc.ord.tre,0.180847
ENSG00000186329.nuc.ord.aln,ENSG00000186329.nuc.ord.tre,0.299936
ENSG00000186334.nuc.ord.aln,ENSG00000186334.nuc.ord.tre,0.480387
ENSG00000186340.nuc.ord.aln,ENSG00000186340.nuc.ord.tre,1.310702
ENSG00000186352.nuc.ord.aln,ENSG00000186352.nuc.ord.tre,0.274361
ENSG00000186364.nuc.ord.aln,ENSG00000186364.nuc.ord.tre,0.319840
ENSG00000186994.nuc.ord.aln,ENSG00000186994.nuc.ord.tre,0.794633
ENSG00000186998.nuc.ord.aln,ENSG00000186998.nuc.ord.tre,0.352090
ENSG00000187003.nuc.ord.aln,ENSG00000187003.nuc.ord.tre,0.293200
ENSG00000187017.nuc.ord.aln,ENSG00000187017.nuc.ord.tre,1.217008
ENSG00000187021.nuc.ord.aln,ENSG00000187021.nuc.ord.tre,0.365713
ENSG00000187024.nuc.ord.aln,ENSG00000187024.nuc.ord.tre,0.278368
ENSG00000187033.nuc.ord.aln,ENSG00000187033.nuc.ord.tre,0.464957
ENSG00000187037.nuc.ord.aln,ENSG00000187037.nuc.ord.tre,0.284166
ENSG00000187049.nuc.ord.aln,ENSG00000187049.nuc.ord.tre,0.230445
ENSG00000187054.nuc.ord.aln,ENSG00000187054.nuc.ord.tre,0.389455
ENSG00000187068.nuc.ord.aln,ENSG00000187068.nuc.ord.tre,0.357064
ENSG00000187079.nuc.ord.aln,ENSG00000187079.nuc.ord.tre,0.506856
ENSG00000187091.nuc.ord.aln,ENSG00000187091.nuc.ord.tre,0.617790
ENSG00000187094.nuc.ord.aln,ENSG00000187094.nuc.ord.tre,0.295682
ENSG00000187097.nuc.ord.aln,ENSG00000187097.nuc.ord.tre,0.421940
ENSG00000187098.nuc.ord.aln,ENSG00000187098.nuc.ord.tre,0.454873
ENSG00000187122.nuc.ord.aln,ENSG00000187122.nuc.ord.tre,1.636919
ENSG00000187123.nuc.ord.aln,ENSG00000187123.nuc.ord.tre,0.297050
ENSG00000187135.nuc.ord.aln,ENSG00000187135.nuc.ord.tre,0.247163
ENSG00000187164.nuc.ord.aln,ENSG00000187164.nuc.ord.tre,0.732280
ENSG00000187210.nuc.ord.aln,ENSG00000187210.nuc.ord.tre,0.358829
ENSG00000187231.nuc.ord.aln,ENSG00000187231.nuc.ord.tre,0.769437
ENSG00000187257.nuc.ord.aln,ENSG00000187257.nuc.ord.tre,0.835739
ENSG00000187258.nuc.ord.aln,ENSG00000187258.nuc.ord.tre,0.511305
ENSG00000187260.nuc.ord.aln,ENSG00000187260.nuc.ord.tre,0.763812
ENSG00000187288.nuc.ord.aln,ENSG00000187288.nuc.ord.tre,0.358180
ENSG00000187323.nuc.ord.aln,ENSG00000187323.nuc.ord.tre,1.883197
ENSG00000187398.nuc.ord.aln,ENSG00000187398.nuc.ord.tre,0.383457
ENSG00000187416.nuc.ord.aln,ENSG00000187416.nuc.ord.tre,0.221073
ENSG00000187446.nuc.ord.aln,ENSG00000187446.nuc.ord.tre,0.323887
ENSG00000187456.nuc.ord.aln,ENSG00000187456.nuc.ord.tre,0.281219
ENSG00000187486.nuc.ord.aln,ENSG00000187486.nuc.ord.tre,0.272008
ENSG00000187522.nuc.ord.aln,ENSG00000187522.nuc.ord.tre,0.461684
ENSG00000187527.nuc.ord.aln,ENSG00000187527.nuc.ord.tre,1.248406
ENSG00000187531.nuc.ord.aln,ENSG00000187531.nuc.ord.tre,0.302663
ENSG00000187546.nuc.ord.aln,ENSG00000187546.nuc.ord.tre,0.399724
ENSG00000187554.nuc.ord.aln,ENSG00000187554.nuc.ord.tre,0.553148
ENSG00000187555.nuc.ord.aln,ENSG00000187555.nuc.ord.tre,1.386095
ENSG00000187566.nuc.ord.aln,ENSG00000187566.nuc.ord.tre,0.280061
ENSG00000187595.nuc.ord.aln,ENSG00000187595.nuc.ord.tre,0.360726
ENSG00000187605.nuc.ord.aln,ENSG00000187605.nuc.ord.tre,3.067130
ENSG00000187616.nuc.ord.aln,ENSG00000187616.nuc.ord.tre,0.236357
ENSG00000187642.nuc.ord.aln,ENSG00000187642.nuc.ord.tre,1.009888
ENSG00000187650.nuc.ord.aln,ENSG00000187650.nuc.ord.tre,0.208237
ENSG00000187672.nuc.ord.aln,ENSG00000187672.nuc.ord.tre,1.123345
ENSG00000187676.nuc.ord.aln,ENSG00000187676.nuc.ord.tre,0.488772
ENSG00000187678.nuc.ord.aln,ENSG00000187678.nuc.ord.tre,0.241256
ENSG00000187682.nuc.ord.aln,ENSG00000187682.nuc.ord.tre,0.232418
ENSG00000187688.nuc.ord.aln,ENSG00000187688.nuc.ord.tre,0.833326
ENSG00000187689.nuc.ord.aln,ENSG00000187689.nuc.ord.tre,0.349831
ENSG00000187699.nuc.ord.aln,ENSG00000187699.nuc.ord.tre,0.184605
ENSG00000187715.nuc.ord.aln,ENSG00000187715.nuc.ord.tre,0.311527
ENSG00000187720.nuc.ord.aln,ENSG00000187720.nuc.ord.tre,0.901093
ENSG00000187726.nuc.ord.aln,ENSG00000187726.nuc.ord.tre,0.369302
ENSG00000187735.nuc.ord.aln,ENSG00000187735.nuc.ord.tre,0.299739
ENSG00000187736.nuc.ord.aln,ENSG00000187736.nuc.ord.tre,0.253143
ENSG00000187741.nuc.ord.aln,ENSG00000187741.nuc.ord.tre,1.598096
ENSG00000187742.nuc.ord.aln,ENSG00000187742.nuc.ord.tre,0.920847
ENSG00000187764.nuc.ord.aln,ENSG00000187764.nuc.ord.tre,0.982827
ENSG00000187772.nuc.ord.aln,ENSG00000187772.nuc.ord.tre,0.419909
ENSG00000187778.nuc.ord.aln,ENSG00000187778.nuc.ord.tre,0.399670
ENSG00000187790.nuc.ord.aln,ENSG00000187790.nuc.ord.tre,3.087012
ENSG00000187800.nuc.ord.aln,ENSG00000187800.nuc.ord.tre,1.282735
ENSG00000187806.nuc.ord.aln,ENSG00000187806.nuc.ord.tre,0.329064
ENSG00000187808.nuc.ord.aln,ENSG00000187808.nuc.ord.tre,0.131553
ENSG00000187809.nuc.ord.aln,ENSG00000187809.nuc.ord.tre,0.841299
ENSG00000187821.nuc.ord.aln,ENSG00000187821.nuc.ord.tre,0.307018
ENSG00000187824.nuc.ord.aln,ENSG00000187824.nuc.ord.tre,0.301715
ENSG00000187857.nuc.ord.aln,ENSG00000187857.nuc.ord.tre,0.128848
ENSG00000187860.nuc.ord.aln,ENSG00000187860.nuc.ord.tre,0.855289
ENSG00000187867.nuc.ord.aln,ENSG00000187867.nuc.ord.tre,0.462156
ENSG00000187871.nuc.ord.aln,ENSG00000187871.nuc.ord.tre,0.409966
ENSG00000187918.nuc.ord.aln,ENSG00000187918.nuc.ord.tre,0.229759
ENSG00000187939.nuc.ord.aln,ENSG00000187939.nuc.ord.tre,0.295428
ENSG00000187942.nuc.ord.aln,ENSG00000187942.nuc.ord.tre,0.348054
ENSG00000187954.nuc.ord.aln,ENSG00000187954.nuc.ord.tre,0.650577
ENSG00000187955.nuc.ord.aln,ENSG00000187955.nuc.ord.tre,2.560564
ENSG00000187957.nuc.ord.aln,ENSG00000187957.nuc.ord.tre,0.778046
ENSG00000187959.nuc.ord.aln,ENSG00000187959.nuc.ord.tre,0.323642
ENSG00000187980.nuc.ord.aln,ENSG00000187980.nuc.ord.tre,0.297520
ENSG00000187994.nuc.ord.aln,ENSG00000187994.nuc.ord.tre,0.421426
ENSG00000187997.nuc.ord.aln,ENSG00000187997.nuc.ord.tre,0.232971
ENSG00000188001.nuc.ord.aln,ENSG00000188001.nuc.ord.tre,0.381200
ENSG00000188010.nuc.ord.aln,ENSG00000188010.nuc.ord.tre,0.222570
ENSG00000188022.nuc.ord.aln,ENSG00000188022.nuc.ord.tre,0.342069
ENSG00000188026.nuc.ord.aln,ENSG00000188026.nuc.ord.tre,0.419312
ENSG00000188032.nuc.ord.aln,ENSG00000188032.nuc.ord.tre,0.263036
ENSG00000188037.nuc.ord.aln,ENSG00000188037.nuc.ord.tre,1.049122
ENSG00000188038.nuc.ord.aln,ENSG00000188038.nuc.ord.tre,0.222068
ENSG00000188039.nuc.ord.aln,ENSG00000188039.nuc.ord.tre,1.688986
ENSG00000188051.nuc.ord.aln,ENSG00000188051.nuc.ord.tre,0.242298
ENSG00000188086.nuc.ord.aln,ENSG00000188086.nuc.ord.tre,0.320241
ENSG00000188089.nuc.ord.aln,ENSG00000188089.nuc.ord.tre,0.887832
ENSG00000188130.nuc.ord.aln,ENSG00000188130.nuc.ord.tre,0.345623
ENSG00000188133.nuc.ord.aln,ENSG00000188133.nuc.ord.tre,0.275526
ENSG00000188153.nuc.ord.aln,ENSG00000188153.nuc.ord.tre,2.142635
ENSG00000188158.nuc.ord.aln,ENSG00000188158.nuc.ord.tre,2.207964
ENSG00000188162.nuc.ord.aln,ENSG00000188162.nuc.ord.tre,5.652293
ENSG00000188167.nuc.ord.aln,ENSG00000188167.nuc.ord.tre,0.218504
ENSG00000188175.nuc.ord.aln,ENSG00000188175.nuc.ord.tre,0.472633
ENSG00000188176.nuc.ord.aln,ENSG00000188176.nuc.ord.tre,0.428764
ENSG00000188177.nuc.ord.aln,ENSG00000188177.nuc.ord.tre,1.290610
ENSG00000188186.nuc.ord.aln,ENSG00000188186.nuc.ord.tre,0.251366
ENSG00000188215.nuc.ord.aln,ENSG00000188215.nuc.ord.tre,0.314763
ENSG00000188243.nuc.ord.aln,ENSG00000188243.nuc.ord.tre,0.243770
ENSG00000188266.nuc.ord.aln,ENSG00000188266.nuc.ord.tre,0.353366
ENSG00000188282.nuc.ord.aln,ENSG00000188282.nuc.ord.tre,0.506696
ENSG00000188306.nuc.ord.aln,ENSG00000188306.nuc.ord.tre,0.536331
ENSG00000188312.nuc.ord.aln,ENSG00000188312.nuc.ord.tre,0.358927
ENSG00000188315.nuc.ord.aln,ENSG00000188315.nuc.ord.tre,0.297142
ENSG00000188316.nuc.ord.aln,ENSG00000188316.nuc.ord.tre,0.663954
ENSG00000188334.nuc.ord.aln,ENSG00000188334.nuc.ord.tre,0.226070
ENSG00000188342.nuc.ord.aln,ENSG00000188342.nuc.ord.tre,0.309744
ENSG00000188352.nuc.ord.aln,ENSG00000188352.nuc.ord.tre,2.705322
ENSG00000188368.nuc.ord.aln,ENSG00000188368.nuc.ord.tre,0.289492
ENSG00000188372.nuc.ord.aln,ENSG00000188372.nuc.ord.tre,0.444586
ENSG00000188394.nuc.ord.aln,ENSG00000188394.nuc.ord.tre,0.247906
ENSG00000188396.nuc.ord.aln,ENSG00000188396.nuc.ord.tre,0.229519
ENSG00000188404.nuc.ord.aln,ENSG00000188404.nuc.ord.tre,0.359342
ENSG00000188452.nuc.ord.aln,ENSG00000188452.nuc.ord.tre,0.545185
ENSG00000188467.nuc.ord.aln,ENSG00000188467.nuc.ord.tre,0.456061
ENSG00000188486.nuc.ord.aln,ENSG00000188486.nuc.ord.tre,0.173977
ENSG00000188487.nuc.ord.aln,ENSG00000188487.nuc.ord.tre,0.681129
ENSG00000188488.nuc.ord.aln,ENSG00000188488.nuc.ord.tre,0.443018
ENSG00000188493.nuc.ord.aln,ENSG00000188493.nuc.ord.tre,0.405950
ENSG00000188501.nuc.ord.aln,ENSG00000188501.nuc.ord.tre,0.469941
ENSG00000188505.nuc.ord.aln,ENSG00000188505.nuc.ord.tre,0.267367
ENSG00000188508.nuc.ord.aln,ENSG00000188508.nuc.ord.tre,0.232100
ENSG00000188517.nuc.ord.aln,ENSG00000188517.nuc.ord.tre,0.712480
ENSG00000188542.nuc.ord.aln,ENSG00000188542.nuc.ord.tre,0.209911
ENSG00000188549.nuc.ord.aln,ENSG00000188549.nuc.ord.tre,0.457649
ENSG00000188559.nuc.ord.aln,ENSG00000188559.nuc.ord.tre,3.937956
ENSG00000188596.nuc.ord.aln,ENSG00000188596.nuc.ord.tre,1.514178
ENSG00000188603.nuc.ord.aln,ENSG00000188603.nuc.ord.tre,0.405324
ENSG00000188620.nuc.ord.aln,ENSG00000188620.nuc.ord.tre,0.264893
ENSG00000188641.nuc.ord.aln,ENSG00000188641.nuc.ord.tre,1.021179
ENSG00000188647.nuc.ord.aln,ENSG00000188647.nuc.ord.tre,0.402801
ENSG00000188674.nuc.ord.aln,ENSG00000188674.nuc.ord.tre,0.337633
ENSG00000188677.nuc.ord.aln,ENSG00000188677.nuc.ord.tre,0.570884
ENSG00000188687.nuc.ord.aln,ENSG00000188687.nuc.ord.tre,1.307709
ENSG00000188690.nuc.ord.aln,ENSG00000188690.nuc.ord.tre,0.332777
ENSG00000188706.nuc.ord.aln,ENSG00000188706.nuc.ord.tre,0.392100
ENSG00000188710.nuc.ord.aln,ENSG00000188710.nuc.ord.tre,0.172955
ENSG00000188716.nuc.ord.aln,ENSG00000188716.nuc.ord.tre,0.286108
ENSG00000188729.nuc.ord.aln,ENSG00000188729.nuc.ord.tre,0.267656
ENSG00000188730.nuc.ord.aln,ENSG00000188730.nuc.ord.tre,0.317956
ENSG00000188732.nuc.ord.aln,ENSG00000188732.nuc.ord.tre,0.335600
ENSG00000188735.nuc.ord.aln,ENSG00000188735.nuc.ord.tre,0.377454
ENSG00000188739.nuc.ord.aln,ENSG00000188739.nuc.ord.tre,0.411820
ENSG00000188761.nuc.ord.aln,ENSG00000188761.nuc.ord.tre,0.297058
ENSG00000188771.nuc.ord.aln,ENSG00000188771.nuc.ord.tre,0.448370
ENSG00000188779.nuc.ord.aln,ENSG00000188779.nuc.ord.tre,1.497143
ENSG00000188782.nuc.ord.aln,ENSG00000188782.nuc.ord.tre,0.423586
ENSG00000188784.nuc.ord.aln,ENSG00000188784.nuc.ord.tre,0.228584
ENSG00000188786.nuc.ord.aln,ENSG00000188786.nuc.ord.tre,0.780801
ENSG00000198216.nuc.ord.aln,ENSG00000198216.nuc.ord.tre,4.428626
ENSG00000198218.nuc.ord.aln,ENSG00000198218.nuc.ord.tre,0.857477
ENSG00000198231.nuc.ord.aln,ENSG00000198231.nuc.ord.tre,1.110230
ENSG00000198246.nuc.ord.aln,ENSG00000198246.nuc.ord.tre,0.439838
ENSG00000198265.nuc.ord.aln,ENSG00000198265.nuc.ord.tre,2.870314
ENSG00000198283.nuc.ord.aln,ENSG00000198283.nuc.ord.tre,0.173939
ENSG00000198286.nuc.ord.aln,ENSG00000198286.nuc.ord.tre,1.218234
ENSG00000198301.nuc.ord.aln,ENSG00000198301.nuc.ord.tre,0.571654
ENSG00000198315.nuc.ord.aln,ENSG00000198315.nuc.ord.tre,0.525101
ENSG00000198336.nuc.ord.aln,ENSG00000198336.nuc.ord.tre,0.446516
ENSG00000198363.nuc.ord.aln,ENSG00000198363.nuc.ord.tre,0.882643
ENSG00000198373.nuc.ord.aln,ENSG00000198373.nuc.ord.tre,0.863334
ENSG00000198380.nuc.ord.aln,ENSG00000198380.nuc.ord.tre,0.678476
ENSG00000198382.nuc.ord.aln,ENSG00000198382.nuc.ord.tre,0.644171
ENSG00000198399.nuc.ord.aln,ENSG00000198399.nuc.ord.tre,2.901393
ENSG00000198400.nuc.ord.aln,ENSG00000198400.nuc.ord.tre,0.616396
ENSG00000198408.nuc.ord.aln,ENSG00000198408.nuc.ord.tre,1.172029
ENSG00000198431.nuc.ord.aln,ENSG00000198431.nuc.ord.tre,1.068177
ENSG00000198478.nuc.ord.aln,ENSG00000198478.nuc.ord.tre,0.259928
ENSG00000198483.nuc.ord.aln,ENSG00000198483.nuc.ord.tre,0.937942
ENSG00000198492.nuc.ord.aln,ENSG00000198492.nuc.ord.tre,0.505356
ENSG00000198498.nuc.ord.aln,ENSG00000198498.nuc.ord.tre,0.337973
ENSG00000198513.nuc.ord.aln,ENSG00000198513.nuc.ord.tre,0.495079
ENSG00000198515.nuc.ord.aln,ENSG00000198515.nuc.ord.tre,0.724121
ENSG00000198517.nuc.ord.aln,ENSG00000198517.nuc.ord.tre,0.195235
ENSG00000198520.nuc.ord.aln,ENSG00000198520.nuc.ord.tre,0.551918
ENSG00000198522.nuc.ord.aln,ENSG00000198522.nuc.ord.tre,0.439219
ENSG00000198542.nuc.ord.aln,ENSG00000198542.nuc.ord.tre,0.492985
ENSG00000198553.nuc.ord.aln,ENSG00000198553.nuc.ord.tre,0.340704
ENSG00000198554.nuc.ord.aln,ENSG00000198554.nuc.ord.tre,1.220459
ENSG00000198561.nuc.ord.aln,ENSG00000198561.nuc.ord.tre,0.960371
ENSG00000198570.nuc.ord.aln,ENSG00000198570.nuc.ord.tre,0.241642
ENSG00000198586.nuc.ord.aln,ENSG00000198586.nuc.ord.tre,0.807754
ENSG00000198589.nuc.ord.aln,ENSG00000198589.nuc.ord.tre,5.088196
ENSG00000198597.nuc.ord.aln,ENSG00000198597.nuc.ord.tre,1.319931
ENSG00000198624.nuc.ord.aln,ENSG00000198624.nuc.ord.tre,0.341672
ENSG00000198625.nuc.ord.aln,ENSG00000198625.nuc.ord.tre,0.333179
ENSG00000198643.nuc.ord.aln,ENSG00000198643.nuc.ord.tre,0.358944
ENSG00000198646.nuc.ord.aln,ENSG00000198646.nuc.ord.tre,3.000242
ENSG00000198648.nuc.ord.aln,ENSG00000198648.nuc.ord.tre,0.597461
ENSG00000198650.nuc.ord.aln,ENSG00000198650.nuc.ord.tre,0.462335
ENSG00000198663.nuc.ord.aln,ENSG00000198663.nuc.ord.tre,0.432858
ENSG00000198674.nuc.ord.aln,ENSG00000198674.nuc.ord.tre,0.201485
ENSG00000198677.nuc.ord.aln,ENSG00000198677.nuc.ord.tre,1.887689
ENSG00000198682.nuc.ord.aln,ENSG00000198682.nuc.ord.tre,0.690660
ENSG00000188800.nuc.ord.aln,ENSG00000188800.nuc.ord.tre,0.277524
ENSG00000188811.nuc.ord.aln,ENSG00000188811.nuc.ord.tre,0.372299
ENSG00000188816.nuc.ord.aln,ENSG00000188816.nuc.ord.tre,0.301013
ENSG00000188817.nuc.ord.aln,ENSG00000188817.nuc.ord.tre,0.295645
ENSG00000188820.nuc.ord.aln,ENSG00000188820.nuc.ord.tre,0.294260
ENSG00000188822.nuc.ord.aln,ENSG00000188822.nuc.ord.tre,0.304885
ENSG00000188828.nuc.ord.aln,ENSG00000188828.nuc.ord.tre,0.468198
ENSG00000188859.nuc.ord.aln,ENSG00000188859.nuc.ord.tre,0.368617
ENSG00000188869.nuc.ord.aln,ENSG00000188869.nuc.ord.tre,1.078793
ENSG00000188878.nuc.ord.aln,ENSG00000188878.nuc.ord.tre,1.266905
ENSG00000188883.nuc.ord.aln,ENSG00000188883.nuc.ord.tre,0.259339
ENSG00000188888.nuc.ord.aln,ENSG00000188888.nuc.ord.tre,3.546856
ENSG00000188895.nuc.ord.aln,ENSG00000188895.nuc.ord.tre,0.670725
ENSG00000188906.nuc.ord.aln,ENSG00000188906.nuc.ord.tre,3.821699
ENSG00000188909.nuc.ord.aln,ENSG00000188909.nuc.ord.tre,0.324565
ENSG00000188910.nuc.ord.aln,ENSG00000188910.nuc.ord.tre,0.244668
ENSG00000188917.nuc.ord.aln,ENSG00000188917.nuc.ord.tre,0.385209
ENSG00000188921.nuc.ord.aln,ENSG00000188921.nuc.ord.tre,0.369323
ENSG00000188931.nuc.ord.aln,ENSG00000188931.nuc.ord.tre,0.266906
ENSG00000188981.nuc.ord.aln,ENSG00000188981.nuc.ord.tre,0.326021
ENSG00000188986.nuc.ord.aln,ENSG00000188986.nuc.ord.tre,0.421257
ENSG00000188991.nuc.ord.aln,ENSG00000188991.nuc.ord.tre,0.500790
ENSG00000188994.nuc.ord.aln,ENSG00000188994.nuc.ord.tre,4.246292
ENSG00000188997.nuc.ord.aln,ENSG00000188997.nuc.ord.tre,0.247092
ENSG00000189007.nuc.ord.aln,ENSG00000189007.nuc.ord.tre,0.328712
ENSG00000189045.nuc.ord.aln,ENSG00000189045.nuc.ord.tre,0.452022
ENSG00000189046.nuc.ord.aln,ENSG00000189046.nuc.ord.tre,0.369331
ENSG00000189050.nuc.ord.aln,ENSG00000189050.nuc.ord.tre,0.469151
ENSG00000189056.nuc.ord.aln,ENSG00000189056.nuc.ord.tre,6.726258
ENSG00000197563.nuc.ord.aln,ENSG00000197563.nuc.ord.tre,0.925276
ENSG00000197565.nuc.ord.aln,ENSG00000197565.nuc.ord.tre,2.243489
ENSG00000197576.nuc.ord.aln,ENSG00000197576.nuc.ord.tre,0.290694
ENSG00000197579.nuc.ord.aln,ENSG00000197579.nuc.ord.tre,0.994748
ENSG00000197580.nuc.ord.aln,ENSG00000197580.nuc.ord.tre,0.479322
ENSG00000197584.nuc.ord.aln,ENSG00000197584.nuc.ord.tre,0.376149
ENSG00000197594.nuc.ord.aln,ENSG00000197594.nuc.ord.tre,0.958481
ENSG00000197601.nuc.ord.aln,ENSG00000197601.nuc.ord.tre,0.424273
ENSG00000197603.nuc.ord.aln,ENSG00000197603.nuc.ord.tre,6.101935
ENSG00000197614.nuc.ord.aln,ENSG00000197614.nuc.ord.tre,0.298093
ENSG00000197632.nuc.ord.aln,ENSG00000197632.nuc.ord.tre,0.350783
ENSG00000197635.nuc.ord.aln,ENSG00000197635.nuc.ord.tre,0.822172
ENSG00000197646.nuc.ord.aln,ENSG00000197646.nuc.ord.tre,0.350847
ENSG00000197653.nuc.ord.aln,ENSG00000197653.nuc.ord.tre,12.714078
ENSG00000197694.nuc.ord.aln,ENSG00000197694.nuc.ord.tre,4.317351
ENSG00000197696.nuc.ord.aln,ENSG00000197696.nuc.ord.tre,0.279581
ENSG00000197702.nuc.ord.aln,ENSG00000197702.nuc.ord.tre,0.420173
ENSG00000197705.nuc.ord.aln,ENSG00000197705.nuc.ord.tre,0.356260
ENSG00000197706.nuc.ord.aln,ENSG00000197706.nuc.ord.tre,0.225009
ENSG00000197712.nuc.ord.aln,ENSG00000197712.nuc.ord.tre,0.604252
ENSG00000197724.nuc.ord.aln,ENSG00000197724.nuc.ord.tre,1.031269
ENSG00000197757.nuc.ord.aln,ENSG00000197757.nuc.ord.tre,0.340986
ENSG00000197763.nuc.ord.aln,ENSG00000197763.nuc.ord.tre,0.778560
ENSG00000197771.nuc.ord.aln,ENSG00000197771.nuc.ord.tre,0.710046
ENSG00000197774.nuc.ord.aln,ENSG00000197774.nuc.ord.tre,0.287715
ENSG00000197776.nuc.ord.aln,ENSG00000197776.nuc.ord.tre,0.522058
ENSG00000197790.nuc.ord.aln,ENSG00000197790.nuc.ord.tre,0.238132
ENSG00000197798.nuc.ord.aln,ENSG00000197798.nuc.ord.tre,0.399590
ENSG00000197816.nuc.ord.aln,ENSG00000197816.nuc.ord.tre,3.165736
ENSG00000197818.nuc.ord.aln,ENSG00000197818.nuc.ord.tre,0.512147
ENSG00000197826.nuc.ord.aln,ENSG00000197826.nuc.ord.tre,0.321208
ENSG00000197852.nuc.ord.aln,ENSG00000197852.nuc.ord.tre,0.257827
ENSG00000197858.nuc.ord.aln,ENSG00000197858.nuc.ord.tre,0.487359
ENSG00000197860.nuc.ord.aln,ENSG00000197860.nuc.ord.tre,0.355789
ENSG00000197872.nuc.ord.aln,ENSG00000197872.nuc.ord.tre,0.371735
ENSG00000197879.nuc.ord.aln,ENSG00000197879.nuc.ord.tre,1.241550
ENSG00000197885.nuc.ord.aln,ENSG00000197885.nuc.ord.tre,0.284556
ENSG00000197892.nuc.ord.aln,ENSG00000197892.nuc.ord.tre,3.305304
ENSG00000197893.nuc.ord.aln,ENSG00000197893.nuc.ord.tre,2.263252
ENSG00000197894.nuc.ord.aln,ENSG00000197894.nuc.ord.tre,0.644773
ENSG00000197912.nuc.ord.aln,ENSG00000197912.nuc.ord.tre,0.666825
ENSG00000197930.nuc.ord.aln,ENSG00000197930.nuc.ord.tre,0.537502
ENSG00000197943.nuc.ord.aln,ENSG00000197943.nuc.ord.tre,1.405756
ENSG00000197948.nuc.ord.aln,ENSG00000197948.nuc.ord.tre,0.530855
ENSG00000197959.nuc.ord.aln,ENSG00000197959.nuc.ord.tre,0.712518
ENSG00000197969.nuc.ord.aln,ENSG00000197969.nuc.ord.tre,7.940054
ENSG00000197977.nuc.ord.aln,ENSG00000197977.nuc.ord.tre,0.364536
ENSG00000197991.nuc.ord.aln,ENSG00000197991.nuc.ord.tre,0.771758
ENSG00000197993.nuc.ord.aln,ENSG00000197993.nuc.ord.tre,0.625657
ENSG00000197996.nuc.ord.aln,ENSG00000197996.nuc.ord.tre,0.675804
ENSG00000198000.nuc.ord.aln,ENSG00000198000.nuc.ord.tre,1.378726
ENSG00000198001.nuc.ord.aln,ENSG00000198001.nuc.ord.tre,0.448019
ENSG00000198010.nuc.ord.aln,ENSG00000198010.nuc.ord.tre,1.134665
ENSG00000198018.nuc.ord.aln,ENSG00000198018.nuc.ord.tre,0.378387
ENSG00000198026.nuc.ord.aln,ENSG00000198026.nuc.ord.tre,1.553694
ENSG00000198042.nuc.ord.aln,ENSG00000198042.nuc.ord.tre,0.310947
ENSG00000198049.nuc.ord.aln,ENSG00000198049.nuc.ord.tre,0.420558
ENSG00000198056.nuc.ord.aln,ENSG00000198056.nuc.ord.tre,0.422657
ENSG00000198060.nuc.ord.aln,ENSG00000198060.nuc.ord.tre,0.356562
ENSG00000198087.nuc.ord.aln,ENSG00000198087.nuc.ord.tre,0.671200
ENSG00000198089.nuc.ord.aln,ENSG00000198089.nuc.ord.tre,1.530537
ENSG00000198092.nuc.ord.aln,ENSG00000198092.nuc.ord.tre,0.424687
ENSG00000198125.nuc.ord.aln,ENSG00000198125.nuc.ord.tre,0.240806
ENSG00000198130.nuc.ord.aln,ENSG00000198130.nuc.ord.tre,0.434270
ENSG00000198160.nuc.ord.aln,ENSG00000198160.nuc.ord.tre,0.631327
ENSG00000198162.nuc.ord.aln,ENSG00000198162.nuc.ord.tre,0.682878
ENSG00000198169.nuc.ord.aln,ENSG00000198169.nuc.ord.tre,0.230153
ENSG00000198171.nuc.ord.aln,ENSG00000198171.nuc.ord.tre,0.373938
ENSG00000198189.nuc.ord.aln,ENSG00000198189.nuc.ord.tre,0.440711
ENSG00000198203.nuc.ord.aln,ENSG00000198203.nuc.ord.tre,0.362372
ENSG00000198208.nuc.ord.aln,ENSG00000198208.nuc.ord.tre,0.464443
ENSG00000189058.nuc.ord.aln,ENSG00000189058.nuc.ord.tre,0.359424
ENSG00000189067.nuc.ord.aln,ENSG00000189067.nuc.ord.tre,0.327295
ENSG00000189079.nuc.ord.aln,ENSG00000189079.nuc.ord.tre,2.450914
ENSG00000189091.nuc.ord.aln,ENSG00000189091.nuc.ord.tre,1.369006
ENSG00000196704.nuc.ord.aln,ENSG00000196704.nuc.ord.tre,0.319442
ENSG00000196730.nuc.ord.aln,ENSG00000196730.nuc.ord.tre,2.091773
ENSG00000196739.nuc.ord.aln,ENSG00000196739.nuc.ord.tre,2.883350
ENSG00000196743.nuc.ord.aln,ENSG00000196743.nuc.ord.tre,0.327068
ENSG00000196767.nuc.ord.aln,ENSG00000196767.nuc.ord.tre,0.262626
ENSG00000196781.nuc.ord.aln,ENSG00000196781.nuc.ord.tre,0.784121
ENSG00000196782.nuc.ord.aln,ENSG00000196782.nuc.ord.tre,1.041992
ENSG00000196792.nuc.ord.aln,ENSG00000196792.nuc.ord.tre,0.761953
ENSG00000196811.nuc.ord.aln,ENSG00000196811.nuc.ord.tre,0.528960
ENSG00000196814.nuc.ord.aln,ENSG00000196814.nuc.ord.tre,0.443268
ENSG00000196821.nuc.ord.aln,ENSG00000196821.nuc.ord.tre,0.350967
ENSG00000196839.nuc.ord.aln,ENSG00000196839.nuc.ord.tre,0.427084
ENSG00000196844.nuc.ord.aln,ENSG00000196844.nuc.ord.tre,0.276731
ENSG00000196850.nuc.ord.aln,ENSG00000196850.nuc.ord.tre,0.393975
ENSG00000196859.nuc.ord.aln,ENSG00000196859.nuc.ord.tre,0.389998
ENSG00000196860.nuc.ord.aln,ENSG00000196860.nuc.ord.tre,0.219573
ENSG00000196865.nuc.ord.aln,ENSG00000196865.nuc.ord.tre,0.733224
ENSG00000196872.nuc.ord.aln,ENSG00000196872.nuc.ord.tre,1.547914
ENSG00000196876.nuc.ord.aln,ENSG00000196876.nuc.ord.tre,2.991438
ENSG00000196878.nuc.ord.aln,ENSG00000196878.nuc.ord.tre,1.028922
ENSG00000196900.nuc.ord.aln,ENSG00000196900.nuc.ord.tre,0.202024
ENSG00000196914.nuc.ord.aln,ENSG00000196914.nuc.ord.tre,1.920138
ENSG00000196917.nuc.ord.aln,ENSG00000196917.nuc.ord.tre,0.298355
ENSG00000196932.nuc.ord.aln,ENSG00000196932.nuc.ord.tre,0.402327
ENSG00000196935.nuc.ord.aln,ENSG00000196935.nuc.ord.tre,1.236737
ENSG00000196937.nuc.ord.aln,ENSG00000196937.nuc.ord.tre,0.339347
ENSG00000196943.nuc.ord.aln,ENSG00000196943.nuc.ord.tre,0.533285
ENSG00000196950.nuc.ord.aln,ENSG00000196950.nuc.ord.tre,0.675723
ENSG00000196968.nuc.ord.aln,ENSG00000196968.nuc.ord.tre,0.418543
ENSG00000196975.nuc.ord.aln,ENSG00000196975.nuc.ord.tre,0.395202
ENSG00000196981.nuc.ord.aln,ENSG00000196981.nuc.ord.tre,0.295092
ENSG00000196998.nuc.ord.aln,ENSG00000196998.nuc.ord.tre,0.295377
ENSG00000197006.nuc.ord.aln,ENSG00000197006.nuc.ord.tre,0.369297
ENSG00000197024.nuc.ord.aln,ENSG00000197024.nuc.ord.tre,0.442791
ENSG00000197037.nuc.ord.aln,ENSG00000197037.nuc.ord.tre,0.359386
ENSG00000197043.nuc.ord.aln,ENSG00000197043.nuc.ord.tre,0.655632
ENSG00000197065.nuc.ord.aln,ENSG00000197065.nuc.ord.tre,0.308008
ENSG00000197070.nuc.ord.aln,ENSG00000197070.nuc.ord.tre,0.351978
ENSG00000197079.nuc.ord.aln,ENSG00000197079.nuc.ord.tre,0.368370
ENSG00000197081.nuc.ord.aln,ENSG00000197081.nuc.ord.tre,4.143422
ENSG00000197102.nuc.ord.aln,ENSG00000197102.nuc.ord.tre,12.060765
ENSG00000197106.nuc.ord.aln,ENSG00000197106.nuc.ord.tre,0.616796
ENSG00000197111.nuc.ord.aln,ENSG00000197111.nuc.ord.tre,0.334773
ENSG00000197114.nuc.ord.aln,ENSG00000197114.nuc.ord.tre,0.690745
ENSG00000197119.nuc.ord.aln,ENSG00000197119.nuc.ord.tre,0.319035
ENSG00000197121.nuc.ord.aln,ENSG00000197121.nuc.ord.tre,0.714274
ENSG00000197140.nuc.ord.aln,ENSG00000197140.nuc.ord.tre,0.718903
ENSG00000197142.nuc.ord.aln,ENSG00000197142.nuc.ord.tre,0.678561
ENSG00000197147.nuc.ord.aln,ENSG00000197147.nuc.ord.tre,0.590411
ENSG00000197150.nuc.ord.aln,ENSG00000197150.nuc.ord.tre,0.678590
ENSG00000197157.nuc.ord.aln,ENSG00000197157.nuc.ord.tre,0.851577
ENSG00000197168.nuc.ord.aln,ENSG00000197168.nuc.ord.tre,0.955527
ENSG00000197170.nuc.ord.aln,ENSG00000197170.nuc.ord.tre,0.460087
ENSG00000197181.nuc.ord.aln,ENSG00000197181.nuc.ord.tre,1.055231
ENSG00000197208.nuc.ord.aln,ENSG00000197208.nuc.ord.tre,0.469081
ENSG00000197217.nuc.ord.aln,ENSG00000197217.nuc.ord.tre,0.698557
ENSG00000197223.nuc.ord.aln,ENSG00000197223.nuc.ord.tre,0.133000
ENSG00000197241.nuc.ord.aln,ENSG00000197241.nuc.ord.tre,0.322005
ENSG00000197265.nuc.ord.aln,ENSG00000197265.nuc.ord.tre,0.371640
ENSG00000197272.nuc.ord.aln,ENSG00000197272.nuc.ord.tre,0.201592
ENSG00000197273.nuc.ord.aln,ENSG00000197273.nuc.ord.tre,0.256337
ENSG00000197275.nuc.ord.aln,ENSG00000197275.nuc.ord.tre,0.822319
ENSG00000197283.nuc.ord.aln,ENSG00000197283.nuc.ord.tre,1.704840
ENSG00000197296.nuc.ord.aln,ENSG00000197296.nuc.ord.tre,0.310677
ENSG00000197299.nuc.ord.aln,ENSG00000197299.nuc.ord.tre,1.641397
ENSG00000197312.nuc.ord.aln,ENSG00000197312.nuc.ord.tre,0.306524
ENSG00000197321.nuc.ord.aln,ENSG00000197321.nuc.ord.tre,2.966592
ENSG00000197323.nuc.ord.aln,ENSG00000197323.nuc.ord.tre,1.125731
ENSG00000197324.nuc.ord.aln,ENSG00000197324.nuc.ord.tre,0.579486
ENSG00000197329.nuc.ord.aln,ENSG00000197329.nuc.ord.tre,0.406833
ENSG00000197345.nuc.ord.aln,ENSG00000197345.nuc.ord.tre,0.348100
ENSG00000197355.nuc.ord.aln,ENSG00000197355.nuc.ord.tre,0.485364
ENSG00000197361.nuc.ord.aln,ENSG00000197361.nuc.ord.tre,0.263762
ENSG00000197380.nuc.ord.aln,ENSG00000197380.nuc.ord.tre,0.249611
ENSG00000197381.nuc.ord.aln,ENSG00000197381.nuc.ord.tre,0.779874
ENSG00000197386.nuc.ord.aln,ENSG00000197386.nuc.ord.tre,6.194187
ENSG00000197403.nuc.ord.aln,ENSG00000197403.nuc.ord.tre,0.263089
ENSG00000197415.nuc.ord.aln,ENSG00000197415.nuc.ord.tre,0.846561
ENSG00000197416.nuc.ord.aln,ENSG00000197416.nuc.ord.tre,0.239696
ENSG00000197417.nuc.ord.aln,ENSG00000197417.nuc.ord.tre,0.437318
ENSG00000197428.nuc.ord.aln,ENSG00000197428.nuc.ord.tre,0.208081
ENSG00000197429.nuc.ord.aln,ENSG00000197429.nuc.ord.tre,0.416455
ENSG00000197430.nuc.ord.aln,ENSG00000197430.nuc.ord.tre,0.266091
ENSG00000197437.nuc.ord.aln,ENSG00000197437.nuc.ord.tre,0.171912
ENSG00000197442.nuc.ord.aln,ENSG00000197442.nuc.ord.tre,1.872868
ENSG00000197444.nuc.ord.aln,ENSG00000197444.nuc.ord.tre,1.157616
ENSG00000197448.nuc.ord.aln,ENSG00000197448.nuc.ord.tre,0.370888
ENSG00000197451.nuc.ord.aln,ENSG00000197451.nuc.ord.tre,0.274380
ENSG00000197467.nuc.ord.aln,ENSG00000197467.nuc.ord.tre,0.707251
ENSG00000197471.nuc.ord.aln,ENSG00000197471.nuc.ord.tre,0.410076
ENSG00000197496.nuc.ord.aln,ENSG00000197496.nuc.ord.tre,0.609964
ENSG00000197498.nuc.ord.aln,ENSG00000197498.nuc.ord.tre,0.344672
ENSG00000197506.nuc.ord.aln,ENSG00000197506.nuc.ord.tre,0.631308
ENSG00000197532.nuc.ord.aln,ENSG00000197532.nuc.ord.tre,0.246066
ENSG00000197535.nuc.ord.aln,ENSG00000197535.nuc.ord.tre,2.719301
ENSG00000197555.nuc.ord.aln,ENSG00000197555.nuc.ord.tre,2.589903
ENSG00000189099.nuc.ord.aln,ENSG00000189099.nuc.ord.tre,0.273913
ENSG00000189108.nuc.ord.aln,ENSG00000189108.nuc.ord.tre,0.393304
ENSG00000189114.nuc.ord.aln,ENSG00000189114.nuc.ord.tre,0.124570
ENSG00000189139.nuc.ord.aln,ENSG00000189139.nuc.ord.tre,0.862021
ENSG00000189159.nuc.ord.aln,ENSG00000189159.nuc.ord.tre,0.357833
ENSG00000189171.nuc.ord.aln,ENSG00000189171.nuc.ord.tre,0.188849
ENSG00000189184.nuc.ord.aln,ENSG00000189184.nuc.ord.tre,1.191772
ENSG00000189195.nuc.ord.aln,ENSG00000189195.nuc.ord.tre,0.391355
ENSG00000189221.nuc.ord.aln,ENSG00000189221.nuc.ord.tre,0.467565
ENSG00000189233.nuc.ord.aln,ENSG00000189233.nuc.ord.tre,0.811819
ENSG00000189280.nuc.ord.aln,ENSG00000189280.nuc.ord.tre,0.230857
ENSG00000189283.nuc.ord.aln,ENSG00000189283.nuc.ord.tre,0.292559
ENSG00000189292.nuc.ord.aln,ENSG00000189292.nuc.ord.tre,0.397119
ENSG00000189308.nuc.ord.aln,ENSG00000189308.nuc.ord.tre,0.780324
ENSG00000189320.nuc.ord.aln,ENSG00000189320.nuc.ord.tre,0.304819
ENSG00000189337.nuc.ord.aln,ENSG00000189337.nuc.ord.tre,0.626734
ENSG00000189350.nuc.ord.aln,ENSG00000189350.nuc.ord.tre,1.077581
ENSG00000189367.nuc.ord.aln,ENSG00000189367.nuc.ord.tre,0.384232
ENSG00000189376.nuc.ord.aln,ENSG00000189376.nuc.ord.tre,0.393754
ENSG00000196074.nuc.ord.aln,ENSG00000196074.nuc.ord.tre,2.156715
ENSG00000196083.nuc.ord.aln,ENSG00000196083.nuc.ord.tre,0.668010
ENSG00000196091.nuc.ord.aln,ENSG00000196091.nuc.ord.tre,1.448573
ENSG00000196092.nuc.ord.aln,ENSG00000196092.nuc.ord.tre,0.419547
ENSG00000196104.nuc.ord.aln,ENSG00000196104.nuc.ord.tre,0.388497
ENSG00000196116.nuc.ord.aln,ENSG00000196116.nuc.ord.tre,1.302408
ENSG00000196118.nuc.ord.aln,ENSG00000196118.nuc.ord.tre,0.432132
ENSG00000196132.nuc.ord.aln,ENSG00000196132.nuc.ord.tre,1.198166
ENSG00000196141.nuc.ord.aln,ENSG00000196141.nuc.ord.tre,0.525307
ENSG00000196151.nuc.ord.aln,ENSG00000196151.nuc.ord.tre,0.434862
ENSG00000196154.nuc.ord.aln,ENSG00000196154.nuc.ord.tre,0.212811
ENSG00000196155.nuc.ord.aln,ENSG00000196155.nuc.ord.tre,1.947174
ENSG00000196159.nuc.ord.aln,ENSG00000196159.nuc.ord.tre,11.710426
ENSG00000196169.nuc.ord.aln,ENSG00000196169.nuc.ord.tre,3.132347
ENSG00000196171.nuc.ord.aln,ENSG00000196171.nuc.ord.tre,0.139124
ENSG00000196177.nuc.ord.aln,ENSG00000196177.nuc.ord.tre,0.435644
ENSG00000196187.nuc.ord.aln,ENSG00000196187.nuc.ord.tre,0.723969
ENSG00000196188.nuc.ord.aln,ENSG00000196188.nuc.ord.tre,0.356802
ENSG00000196189.nuc.ord.aln,ENSG00000196189.nuc.ord.tre,0.653930
ENSG00000196199.nuc.ord.aln,ENSG00000196199.nuc.ord.tre,0.857512
ENSG00000196220.nuc.ord.aln,ENSG00000196220.nuc.ord.tre,1.243051
ENSG00000196227.nuc.ord.aln,ENSG00000196227.nuc.ord.tre,0.297230
ENSG00000196233.nuc.ord.aln,ENSG00000196233.nuc.ord.tre,0.411545
ENSG00000196236.nuc.ord.aln,ENSG00000196236.nuc.ord.tre,0.454646
ENSG00000196277.nuc.ord.aln,ENSG00000196277.nuc.ord.tre,1.067792
ENSG00000196284.nuc.ord.aln,ENSG00000196284.nuc.ord.tre,0.457846
ENSG00000196290.nuc.ord.aln,ENSG00000196290.nuc.ord.tre,0.385490
ENSG00000196296.nuc.ord.aln,ENSG00000196296.nuc.ord.tre,0.917079
ENSG00000196305.nuc.ord.aln,ENSG00000196305.nuc.ord.tre,1.354671
ENSG00000196323.nuc.ord.aln,ENSG00000196323.nuc.ord.tre,0.456659
ENSG00000196335.nuc.ord.aln,ENSG00000196335.nuc.ord.tre,1.090831
ENSG00000196338.nuc.ord.aln,ENSG00000196338.nuc.ord.tre,0.626910
ENSG00000196344.nuc.ord.aln,ENSG00000196344.nuc.ord.tre,0.278077
ENSG00000196353.nuc.ord.aln,ENSG00000196353.nuc.ord.tre,0.617631
ENSG00000196365.nuc.ord.aln,ENSG00000196365.nuc.ord.tre,0.715370
ENSG00000196367.nuc.ord.aln,ENSG00000196367.nuc.ord.tre,8.688203
ENSG00000196372.nuc.ord.aln,ENSG00000196372.nuc.ord.tre,0.345371
ENSG00000196376.nuc.ord.aln,ENSG00000196376.nuc.ord.tre,0.441911
ENSG00000196396.nuc.ord.aln,ENSG00000196396.nuc.ord.tre,0.389202
ENSG00000196405.nuc.ord.aln,ENSG00000196405.nuc.ord.tre,0.375293
ENSG00000196408.nuc.ord.aln,ENSG00000196408.nuc.ord.tre,0.367146
ENSG00000196411.nuc.ord.aln,ENSG00000196411.nuc.ord.tre,0.974280
ENSG00000196419.nuc.ord.aln,ENSG00000196419.nuc.ord.tre,0.472074
ENSG00000196420.nuc.ord.aln,ENSG00000196420.nuc.ord.tre,0.221870
ENSG00000196422.nuc.ord.aln,ENSG00000196422.nuc.ord.tre,1.285210
ENSG00000196428.nuc.ord.aln,ENSG00000196428.nuc.ord.tre,0.579673
ENSG00000196431.nuc.ord.aln,ENSG00000196431.nuc.ord.tre,0.260135
ENSG00000196449.nuc.ord.aln,ENSG00000196449.nuc.ord.tre,0.358531
ENSG00000196453.nuc.ord.aln,ENSG00000196453.nuc.ord.tre,1.090162
ENSG00000196455.nuc.ord.aln,ENSG00000196455.nuc.ord.tre,1.573940
ENSG00000196465.nuc.ord.aln,ENSG00000196465.nuc.ord.tre,0.294946
ENSG00000196476.nuc.ord.aln,ENSG00000196476.nuc.ord.tre,0.323118
ENSG00000196482.nuc.ord.aln,ENSG00000196482.nuc.ord.tre,0.391117
ENSG00000196497.nuc.ord.aln,ENSG00000196497.nuc.ord.tre,1.002949
ENSG00000196503.nuc.ord.aln,ENSG00000196503.nuc.ord.tre,0.326955
ENSG00000196504.nuc.ord.aln,ENSG00000196504.nuc.ord.tre,1.106853
ENSG00000196505.nuc.ord.aln,ENSG00000196505.nuc.ord.tre,0.488069
ENSG00000196510.nuc.ord.aln,ENSG00000196510.nuc.ord.tre,0.488875
ENSG00000196511.nuc.ord.aln,ENSG00000196511.nuc.ord.tre,0.344562
ENSG00000196526.nuc.ord.aln,ENSG00000196526.nuc.ord.tre,0.653749
ENSG00000196535.nuc.ord.aln,ENSG00000196535.nuc.ord.tre,3.295140
ENSG00000196547.nuc.ord.aln,ENSG00000196547.nuc.ord.tre,1.252698
ENSG00000196549.nuc.ord.aln,ENSG00000196549.nuc.ord.tre,0.693376
ENSG00000196569.nuc.ord.aln,ENSG00000196569.nuc.ord.tre,6.142838
ENSG00000196570.nuc.ord.aln,ENSG00000196570.nuc.ord.tre,0.132018
ENSG00000196576.nuc.ord.aln,ENSG00000196576.nuc.ord.tre,3.272298
ENSG00000196581.nuc.ord.aln,ENSG00000196581.nuc.ord.tre,0.338311
ENSG00000196584.nuc.ord.aln,ENSG00000196584.nuc.ord.tre,0.308249
ENSG00000196586.nuc.ord.aln,ENSG00000196586.nuc.ord.tre,1.386851
ENSG00000196588.nuc.ord.aln,ENSG00000196588.nuc.ord.tre,0.955726
ENSG00000196591.nuc.ord.aln,ENSG00000196591.nuc.ord.tre,0.438376
ENSG00000196628.nuc.ord.aln,ENSG00000196628.nuc.ord.tre,0.795914
ENSG00000196632.nuc.ord.aln,ENSG00000196632.nuc.ord.tre,2.284613
ENSG00000196636.nuc.ord.aln,ENSG00000196636.nuc.ord.tre,0.238904
ENSG00000196639.nuc.ord.aln,ENSG00000196639.nuc.ord.tre,0.309138
ENSG00000196652.nuc.ord.aln,ENSG00000196652.nuc.ord.tre,0.739679
ENSG00000196660.nuc.ord.aln,ENSG00000196660.nuc.ord.tre,0.481104
ENSG00000196663.nuc.ord.aln,ENSG00000196663.nuc.ord.tre,1.829501
ENSG00000196678.nuc.ord.aln,ENSG00000196678.nuc.ord.tre,0.684540
ENSG00000196684.nuc.ord.aln,ENSG00000196684.nuc.ord.tre,0.365307
ENSG00000196689.nuc.ord.aln,ENSG00000196689.nuc.ord.tre,0.925952
ENSG00000198689.nuc.ord.aln,ENSG00000198689.nuc.ord.tre,0.737847
ENSG00000198690.nuc.ord.aln,ENSG00000198690.nuc.ord.tre,1.156436
ENSG00000198691.nuc.ord.aln,ENSG00000198691.nuc.ord.tre,4.058962
ENSG00000198700.nuc.ord.aln,ENSG00000198700.nuc.ord.tre,1.057317
ENSG00000198707.nuc.ord.aln,ENSG00000198707.nuc.ord.tre,3.556539
ENSG00000198715.nuc.ord.aln,ENSG00000198715.nuc.ord.tre,0.355642
ENSG00000198718.nuc.ord.aln,ENSG00000198718.nuc.ord.tre,2.405155
ENSG00000198719.nuc.ord.aln,ENSG00000198719.nuc.ord.tre,0.534773
ENSG00000198720.nuc.ord.aln,ENSG00000198720.nuc.ord.tre,0.683818
ENSG00000198722.nuc.ord.aln,ENSG00000198722.nuc.ord.tre,3.342596
ENSG00000198723.nuc.ord.aln,ENSG00000198723.nuc.ord.tre,0.402489
ENSG00000198728.nuc.ord.aln,ENSG00000198728.nuc.ord.tre,0.423922
ENSG00000198729.nuc.ord.aln,ENSG00000198729.nuc.ord.tre,0.228573
ENSG00000198730.nuc.ord.aln,ENSG00000198730.nuc.ord.tre,1.291072
ENSG00000198732.nuc.ord.aln,ENSG00000198732.nuc.ord.tre,0.464595
ENSG00000198734.nuc.ord.aln,ENSG00000198734.nuc.ord.tre,5.102987
ENSG00000198739.nuc.ord.aln,ENSG00000198739.nuc.ord.tre,0.463929
ENSG00000198740.nuc.ord.aln,ENSG00000198740.nuc.ord.tre,0.523447
ENSG00000198742.nuc.ord.aln,ENSG00000198742.nuc.ord.tre,0.926567
ENSG00000198743.nuc.ord.aln,ENSG00000198743.nuc.ord.tre,0.362882
ENSG00000198746.nuc.ord.aln,ENSG00000198746.nuc.ord.tre,0.499286
ENSG00000198752.nuc.ord.aln,ENSG00000198752.nuc.ord.tre,2.655252
ENSG00000198756.nuc.ord.aln,ENSG00000198756.nuc.ord.tre,0.779057
ENSG00000198758.nuc.ord.aln,ENSG00000198758.nuc.ord.tre,0.786880
ENSG00000198759.nuc.ord.aln,ENSG00000198759.nuc.ord.tre,0.520055
ENSG00000198765.nuc.ord.aln,ENSG00000198765.nuc.ord.tre,0.940463
ENSG00000198771.nuc.ord.aln,ENSG00000198771.nuc.ord.tre,0.392462
ENSG00000198783.nuc.ord.aln,ENSG00000198783.nuc.ord.tre,0.239153
ENSG00000198785.nuc.ord.aln,ENSG00000198785.nuc.ord.tre,1.380193
ENSG00000198791.nuc.ord.aln,ENSG00000198791.nuc.ord.tre,0.277069
ENSG00000198792.nuc.ord.aln,ENSG00000198792.nuc.ord.tre,0.387821
ENSG00000198794.nuc.ord.aln,ENSG00000198794.nuc.ord.tre,0.331048
ENSG00000198795.nuc.ord.aln,ENSG00000198795.nuc.ord.tre,1.466509
ENSG00000198796.nuc.ord.aln,ENSG00000198796.nuc.ord.tre,3.350553
ENSG00000198797.nuc.ord.aln,ENSG00000198797.nuc.ord.tre,0.672623
ENSG00000198799.nuc.ord.aln,ENSG00000198799.nuc.ord.tre,1.279540
ENSG00000198807.nuc.ord.aln,ENSG00000198807.nuc.ord.tre,0.363185
ENSG00000198812.nuc.ord.aln,ENSG00000198812.nuc.ord.tre,0.261820
ENSG00000198815.nuc.ord.aln,ENSG00000198815.nuc.ord.tre,0.628020
ENSG00000198822.nuc.ord.aln,ENSG00000198822.nuc.ord.tre,0.712135
ENSG00000198824.nuc.ord.aln,ENSG00000198824.nuc.ord.tre,0.532459
ENSG00000198825.nuc.ord.aln,ENSG00000198825.nuc.ord.tre,1.214877
ENSG00000198829.nuc.ord.aln,ENSG00000198829.nuc.ord.tre,0.192960
ENSG00000198832.nuc.ord.aln,ENSG00000198832.nuc.ord.tre,0.224791
ENSG00000198836.nuc.ord.aln,ENSG00000198836.nuc.ord.tre,0.997222
ENSG00000198837.nuc.ord.aln,ENSG00000198837.nuc.ord.tre,2.506377
ENSG00000198838.nuc.ord.aln,ENSG00000198838.nuc.ord.tre,14.590875
ENSG00000198839.nuc.ord.aln,ENSG00000198839.nuc.ord.tre,0.464851
ENSG00000198842.nuc.ord.aln,ENSG00000198842.nuc.ord.tre,1.238285
ENSG00000198843.nuc.ord.aln,ENSG00000198843.nuc.ord.tre,0.271150
ENSG00000198846.nuc.ord.aln,ENSG00000198846.nuc.ord.tre,0.481281
ENSG00000198851.nuc.ord.aln,ENSG00000198851.nuc.ord.tre,0.341528
ENSG00000198853.nuc.ord.aln,ENSG00000198853.nuc.ord.tre,2.102034
ENSG00000198860.nuc.ord.aln,ENSG00000198860.nuc.ord.tre,0.286910
ENSG00000198862.nuc.ord.aln,ENSG00000198862.nuc.ord.tre,2.341685
ENSG00000198863.nuc.ord.aln,ENSG00000198863.nuc.ord.tre,0.579804
ENSG00000198870.nuc.ord.aln,ENSG00000198870.nuc.ord.tre,0.648114
ENSG00000198873.nuc.ord.aln,ENSG00000198873.nuc.ord.tre,0.561359
ENSG00000198876.nuc.ord.aln,ENSG00000198876.nuc.ord.tre,0.440460
ENSG00000198879.nuc.ord.aln,ENSG00000198879.nuc.ord.tre,1.206270
ENSG00000198887.nuc.ord.aln,ENSG00000198887.nuc.ord.tre,1.380774
ENSG00000198890.nuc.ord.aln,ENSG00000198890.nuc.ord.tre,0.275857
ENSG00000198892.nuc.ord.aln,ENSG00000198892.nuc.ord.tre,0.284870
ENSG00000198894.nuc.ord.aln,ENSG00000198894.nuc.ord.tre,0.440725
ENSG00000198898.nuc.ord.aln,ENSG00000198898.nuc.ord.tre,0.346858
ENSG00000198900.nuc.ord.aln,ENSG00000198900.nuc.ord.tre,0.931863
ENSG00000198909.nuc.ord.aln,ENSG00000198909.nuc.ord.tre,0.757068
ENSG00000198912.nuc.ord.aln,ENSG00000198912.nuc.ord.tre,0.336573
ENSG00000198915.nuc.ord.aln,ENSG00000198915.nuc.ord.tre,0.432145
ENSG00000198917.nuc.ord.aln,ENSG00000198917.nuc.ord.tre,0.443012
ENSG00000198919.nuc.ord.aln,ENSG00000198919.nuc.ord.tre,1.479222
ENSG00000198920.nuc.ord.aln,ENSG00000198920.nuc.ord.tre,1.131143
ENSG00000198924.nuc.ord.aln,ENSG00000198924.nuc.ord.tre,1.085826
ENSG00000198925.nuc.ord.aln,ENSG00000198925.nuc.ord.tre,0.908409
ENSG00000198929.nuc.ord.aln,ENSG00000198929.nuc.ord.tre,0.796484
ENSG00000198944.nuc.ord.aln,ENSG00000198944.nuc.ord.tre,0.384535
ENSG00000198945.nuc.ord.aln,ENSG00000198945.nuc.ord.tre,1.456191
ENSG00000198947.nuc.ord.aln,ENSG00000198947.nuc.ord.tre,7.517363
ENSG00000198948.nuc.ord.aln,ENSG00000198948.nuc.ord.tre,0.261113
ENSG00000198951.nuc.ord.aln,ENSG00000198951.nuc.ord.tre,0.529629
ENSG00000198952.nuc.ord.aln,ENSG00000198952.nuc.ord.tre,1.025029
ENSG00000198954.nuc.ord.aln,ENSG00000198954.nuc.ord.tre,0.565879
ENSG00000198959.nuc.ord.aln,ENSG00000198959.nuc.ord.tre,0.746902
ENSG00000198963.nuc.ord.aln,ENSG00000198963.nuc.ord.tre,0.491558
ENSG00000198964.nuc.ord.aln,ENSG00000198964.nuc.ord.tre,0.367054
ENSG00000198967.nuc.ord.aln,ENSG00000198967.nuc.ord.tre,0.262911
ENSG00000203666.nuc.ord.aln,ENSG00000203666.nuc.ord.tre,0.329165
ENSG00000203667.nuc.ord.aln,ENSG00000203667.nuc.ord.tre,0.249327
ENSG00000203697.nuc.ord.aln,ENSG00000203697.nuc.ord.tre,1.045760
ENSG00000203705.nuc.ord.aln,ENSG00000203705.nuc.ord.tre,0.358347
ENSG00000203740.nuc.ord.aln,ENSG00000203740.nuc.ord.tre,0.354609
ENSG00000203760.nuc.ord.aln,ENSG00000203760.nuc.ord.tre,0.226439
ENSG00000203780.nuc.ord.aln,ENSG00000203780.nuc.ord.tre,0.402765
ENSG00000203782.nuc.ord.aln,ENSG00000203782.nuc.ord.tre,0.149568
ENSG00000203783.nuc.ord.aln,ENSG00000203783.nuc.ord.tre,0.208601
ENSG00000203784.nuc.ord.aln,ENSG00000203784.nuc.ord.tre,0.173782
ENSG00000203786.nuc.ord.aln,ENSG00000203786.nuc.ord.tre,0.409890
ENSG00000203791.nuc.ord.aln,ENSG00000203791.nuc.ord.tre,0.325001
ENSG00000203797.nuc.ord.aln,ENSG00000203797.nuc.ord.tre,0.477558
ENSG00000203798.nuc.ord.aln,ENSG00000203798.nuc.ord.tre,0.596102
ENSG00000203805.nuc.ord.aln,ENSG00000203805.nuc.ord.tre,0.393209
ENSG00000203867.nuc.ord.aln,ENSG00000203867.nuc.ord.tre,1.496811
ENSG00000203872.nuc.ord.aln,ENSG00000203872.nuc.ord.tre,0.389185
ENSG00000203877.nuc.ord.aln,ENSG00000203877.nuc.ord.tre,0.262678
ENSG00000203880.nuc.ord.aln,ENSG00000203880.nuc.ord.tre,0.354183
ENSG00000203910.nuc.ord.aln,ENSG00000203910.nuc.ord.tre,0.312593
ENSG00000203952.nuc.ord.aln,ENSG00000203952.nuc.ord.tre,0.308523
ENSG00000203965.nuc.ord.aln,ENSG00000203965.nuc.ord.tre,0.611897
ENSG00000203995.nuc.ord.aln,ENSG00000203995.nuc.ord.tre,0.646029
ENSG00000204007.nuc.ord.aln,ENSG00000204007.nuc.ord.tre,0.273720
ENSG00000204020.nuc.ord.aln,ENSG00000204020.nuc.ord.tre,0.413373
ENSG00000204021.nuc.ord.aln,ENSG00000204021.nuc.ord.tre,0.421509
ENSG00000204033.nuc.ord.aln,ENSG00000204033.nuc.ord.tre,0.442065
ENSG00000204052.nuc.ord.aln,ENSG00000204052.nuc.ord.tre,0.347749
ENSG00000204070.nuc.ord.aln,ENSG00000204070.nuc.ord.tre,0.257596
ENSG00000204084.nuc.ord.aln,ENSG00000204084.nuc.ord.tre,1.266530
ENSG00000204103.nuc.ord.aln,ENSG00000204103.nuc.ord.tre,0.184941
ENSG00000204104.nuc.ord.aln,ENSG00000204104.nuc.ord.tre,0.730942
ENSG00000204116.nuc.ord.aln,ENSG00000204116.nuc.ord.tre,0.318681
ENSG00000204120.nuc.ord.aln,ENSG00000204120.nuc.ord.tre,1.832026
ENSG00000204128.nuc.ord.aln,ENSG00000204128.nuc.ord.tre,0.242066
ENSG00000204130.nuc.ord.aln,ENSG00000204130.nuc.ord.tre,0.743108
ENSG00000204131.nuc.ord.aln,ENSG00000204131.nuc.ord.tre,0.486427
ENSG00000204138.nuc.ord.aln,ENSG00000204138.nuc.ord.tre,0.673525
ENSG00000204160.nuc.ord.aln,ENSG00000204160.nuc.ord.tre,0.432492
ENSG00000204186.nuc.ord.aln,ENSG00000204186.nuc.ord.tre,5.106801
ENSG00000204193.nuc.ord.aln,ENSG00000204193.nuc.ord.tre,0.257785
ENSG00000204195.nuc.ord.aln,ENSG00000204195.nuc.ord.tre,0.341020
ENSG00000204217.nuc.ord.aln,ENSG00000204217.nuc.ord.tre,1.222754
ENSG00000204219.nuc.ord.aln,ENSG00000204219.nuc.ord.tre,0.374718
ENSG00000204227.nuc.ord.aln,ENSG00000204227.nuc.ord.tre,0.342413
ENSG00000204231.nuc.ord.aln,ENSG00000204231.nuc.ord.tre,0.481858
ENSG00000204256.nuc.ord.aln,ENSG00000204256.nuc.ord.tre,0.749924
ENSG00000204257.nuc.ord.aln,ENSG00000204257.nuc.ord.tre,0.322284
ENSG00000204262.nuc.ord.aln,ENSG00000204262.nuc.ord.tre,2.049715
ENSG00000204264.nuc.ord.aln,ENSG00000204264.nuc.ord.tre,0.347441
ENSG00000204267.nuc.ord.aln,ENSG00000204267.nuc.ord.tre,0.479990
ENSG00000204287.nuc.ord.aln,ENSG00000204287.nuc.ord.tre,0.329586
ENSG00000204291.nuc.ord.aln,ENSG00000204291.nuc.ord.tre,1.728045
ENSG00000204305.nuc.ord.aln,ENSG00000204305.nuc.ord.tre,0.432067
ENSG00000204310.nuc.ord.aln,ENSG00000204310.nuc.ord.tre,0.350257
ENSG00000204311.nuc.ord.aln,ENSG00000204311.nuc.ord.tre,0.442117
ENSG00000204315.nuc.ord.aln,ENSG00000204315.nuc.ord.tre,0.272037
ENSG00000204316.nuc.ord.aln,ENSG00000204316.nuc.ord.tre,0.360697
ENSG00000204334.nuc.ord.aln,ENSG00000204334.nuc.ord.tre,0.444560
ENSG00000204344.nuc.ord.aln,ENSG00000204344.nuc.ord.tre,0.409992
ENSG00000204356.nuc.ord.aln,ENSG00000204356.nuc.ord.tre,0.331854
ENSG00000204381.nuc.ord.aln,ENSG00000204381.nuc.ord.tre,0.400847
ENSG00000204386.nuc.ord.aln,ENSG00000204386.nuc.ord.tre,0.442412
ENSG00000204390.nuc.ord.aln,ENSG00000204390.nuc.ord.tre,0.257189
ENSG00000204392.nuc.ord.aln,ENSG00000204392.nuc.ord.tre,0.223858
ENSG00000204396.nuc.ord.aln,ENSG00000204396.nuc.ord.tre,0.859082
ENSG00000204406.nuc.ord.aln,ENSG00000204406.nuc.ord.tre,2.751200
ENSG00000204410.nuc.ord.aln,ENSG00000204410.nuc.ord.tre,0.850432
ENSG00000204420.nuc.ord.aln,ENSG00000204420.nuc.ord.tre,0.316451
ENSG00000204427.nuc.ord.aln,ENSG00000204427.nuc.ord.tre,0.458250
ENSG00000204435.nuc.ord.aln,ENSG00000204435.nuc.ord.tre,0.283893
ENSG00000204438.nuc.ord.aln,ENSG00000204438.nuc.ord.tre,0.335279
ENSG00000204439.nuc.ord.aln,ENSG00000204439.nuc.ord.tre,0.243423
ENSG00000204442.nuc.ord.aln,ENSG00000204442.nuc.ord.tre,0.436307
ENSG00000204444.nuc.ord.aln,ENSG00000204444.nuc.ord.tre,0.282452
ENSG00000204469.nuc.ord.aln,ENSG00000204469.nuc.ord.tre,3.130428
ENSG00000204472.nuc.ord.aln,ENSG00000204472.nuc.ord.tre,0.265950
ENSG00000204498.nuc.ord.aln,ENSG00000204498.nuc.ord.tre,0.410743
ENSG00000204536.nuc.ord.aln,ENSG00000204536.nuc.ord.tre,1.111774
ENSG00000204538.nuc.ord.aln,ENSG00000204538.nuc.ord.tre,0.199335
ENSG00000204542.nuc.ord.aln,ENSG00000204542.nuc.ord.tre,0.308924
ENSG00000204564.nuc.ord.aln,ENSG00000204564.nuc.ord.tre,0.464667
ENSG00000204568.nuc.ord.aln,ENSG00000204568.nuc.ord.tre,0.325641
ENSG00000204569.nuc.ord.aln,ENSG00000204569.nuc.ord.tre,0.838111
ENSG00000204576.nuc.ord.aln,ENSG00000204576.nuc.ord.tre,0.281990
ENSG00000204590.nuc.ord.aln,ENSG00000204590.nuc.ord.tre,0.472890
ENSG00000204599.nuc.ord.aln,ENSG00000204599.nuc.ord.tre,0.610150
ENSG00000204613.nuc.ord.aln,ENSG00000204613.nuc.ord.tre,0.560338
ENSG00000204614.nuc.ord.aln,ENSG00000204614.nuc.ord.tre,0.311496
ENSG00000204616.nuc.ord.aln,ENSG00000204616.nuc.ord.tre,0.241744
ENSG00000204619.nuc.ord.aln,ENSG00000204619.nuc.ord.tre,0.220823
ENSG00000204624.nuc.ord.aln,ENSG00000204624.nuc.ord.tre,2.102582
ENSG00000204628.nuc.ord.aln,ENSG00000204628.nuc.ord.tre,0.349080
ENSG00000204634.nuc.ord.aln,ENSG00000204634.nuc.ord.tre,1.388234
ENSG00000204640.nuc.ord.aln,ENSG00000204640.nuc.ord.tre,0.281816
ENSG00000204681.nuc.ord.aln,ENSG00000204681.nuc.ord.tre,1.266030
ENSG00000204694.nuc.ord.aln,ENSG00000204694.nuc.ord.tre,0.140062
ENSG00000204711.nuc.ord.aln,ENSG00000204711.nuc.ord.tre,0.365367
ENSG00000204764.nuc.ord.aln,ENSG00000204764.nuc.ord.tre,1.008561
ENSG00000204767.nuc.ord.aln,ENSG00000204767.nuc.ord.tre,0.446515
ENSG00000204815.nuc.ord.aln,ENSG00000204815.nuc.ord.tre,1.196675
ENSG00000204842.nuc.ord.aln,ENSG00000204842.nuc.ord.tre,1.731705
ENSG00000204843.nuc.ord.aln,ENSG00000204843.nuc.ord.tre,1.197944
ENSG00000204852.nuc.ord.aln,ENSG00000204852.nuc.ord.tre,0.646589
ENSG00000204856.nuc.ord.aln,ENSG00000204856.nuc.ord.tre,0.295727
ENSG00000204859.nuc.ord.aln,ENSG00000204859.nuc.ord.tre,0.697819
ENSG00000204889.nuc.ord.aln,ENSG00000204889.nuc.ord.tre,0.382150
ENSG00000204897.nuc.ord.aln,ENSG00000204897.nuc.ord.tre,0.402776
ENSG00000204922.nuc.ord.aln,ENSG00000204922.nuc.ord.tre,0.217059
ENSG00000204923.nuc.ord.aln,ENSG00000204923.nuc.ord.tre,0.284610
ENSG00000204928.nuc.ord.aln,ENSG00000204928.nuc.ord.tre,0.366568
ENSG00000204952.nuc.ord.aln,ENSG00000204952.nuc.ord.tre,0.415466
ENSG00000204977.nuc.ord.aln,ENSG00000204977.nuc.ord.tre,0.327128
ENSG00000204978.nuc.ord.aln,ENSG00000204978.nuc.ord.tre,0.188081
ENSG00000204991.nuc.ord.aln,ENSG00000204991.nuc.ord.tre,0.812459
ENSG00000205038.nuc.ord.aln,ENSG00000205038.nuc.ord.tre,10.000058
ENSG00000205060.nuc.ord.aln,ENSG00000205060.nuc.ord.tre,0.423461
ENSG00000205081.nuc.ord.aln,ENSG00000205081.nuc.ord.tre,0.959144
ENSG00000205084.nuc.ord.aln,ENSG00000205084.nuc.ord.tre,0.632623
ENSG00000205085.nuc.ord.aln,ENSG00000205085.nuc.ord.tre,0.352616
ENSG00000205111.nuc.ord.aln,ENSG00000205111.nuc.ord.tre,0.444681
ENSG00000205126.nuc.ord.aln,ENSG00000205126.nuc.ord.tre,0.472500
ENSG00000205129.nuc.ord.aln,ENSG00000205129.nuc.ord.tre,0.332602
ENSG00000205143.nuc.ord.aln,ENSG00000205143.nuc.ord.tre,0.405151
ENSG00000205155.nuc.ord.aln,ENSG00000205155.nuc.ord.tre,0.203623
ENSG00000205184.nuc.ord.aln,ENSG00000205184.nuc.ord.tre,0.303647
ENSG00000205186.nuc.ord.aln,ENSG00000205186.nuc.ord.tre,0.243247
ENSG00000205213.nuc.ord.aln,ENSG00000205213.nuc.ord.tre,0.988171
ENSG00000205220.nuc.ord.aln,ENSG00000205220.nuc.ord.tre,0.346443
ENSG00000205221.nuc.ord.aln,ENSG00000205221.nuc.ord.tre,0.538204
ENSG00000205268.nuc.ord.aln,ENSG00000205268.nuc.ord.tre,0.493654
ENSG00000205309.nuc.ord.aln,ENSG00000205309.nuc.ord.tre,0.335849
ENSG00000205336.nuc.ord.aln,ENSG00000205336.nuc.ord.tre,0.649237
ENSG00000205339.nuc.ord.aln,ENSG00000205339.nuc.ord.tre,1.063511
ENSG00000205352.nuc.ord.aln,ENSG00000205352.nuc.ord.tre,0.139616
ENSG00000205363.nuc.ord.aln,ENSG00000205363.nuc.ord.tre,0.304873
ENSG00000205403.nuc.ord.aln,ENSG00000205403.nuc.ord.tre,0.736223
ENSG00000205464.nuc.ord.aln,ENSG00000205464.nuc.ord.tre,0.508171
ENSG00000205531.nuc.ord.aln,ENSG00000205531.nuc.ord.tre,0.404990
ENSG00000205560.nuc.ord.aln,ENSG00000205560.nuc.ord.tre,0.587873
ENSG00000205629.nuc.ord.aln,ENSG00000205629.nuc.ord.tre,0.491685
ENSG00000205639.nuc.ord.aln,ENSG00000205639.nuc.ord.tre,0.737050
ENSG00000205659.nuc.ord.aln,ENSG00000205659.nuc.ord.tre,0.298900
ENSG00000205678.nuc.ord.aln,ENSG00000205678.nuc.ord.tre,0.395568
ENSG00000205693.nuc.ord.aln,ENSG00000205693.nuc.ord.tre,0.385057
ENSG00000205726.nuc.ord.aln,ENSG00000205726.nuc.ord.tre,1.805764
ENSG00000205758.nuc.ord.aln,ENSG00000205758.nuc.ord.tre,0.353801
ENSG00000205765.nuc.ord.aln,ENSG00000205765.nuc.ord.tre,0.395716
ENSG00000205808.nuc.ord.aln,ENSG00000205808.nuc.ord.tre,0.223791
ENSG00000205832.nuc.ord.aln,ENSG00000205832.nuc.ord.tre,2.527884
ENSG00000205835.nuc.ord.aln,ENSG00000205835.nuc.ord.tre,0.388008
ENSG00000205838.nuc.ord.aln,ENSG00000205838.nuc.ord.tre,0.427949
ENSG00000205858.nuc.ord.aln,ENSG00000205858.nuc.ord.tre,0.314318
ENSG00000206044.nuc.ord.aln,ENSG00000206044.nuc.ord.tre,0.452372
ENSG00000206052.nuc.ord.aln,ENSG00000206052.nuc.ord.tre,0.364528
ENSG00000206075.nuc.ord.aln,ENSG00000206075.nuc.ord.tre,0.346133
ENSG00000206190.nuc.ord.aln,ENSG00000206190.nuc.ord.tre,2.166469
ENSG00000206199.nuc.ord.aln,ENSG00000206199.nuc.ord.tre,0.496298
ENSG00000206203.nuc.ord.aln,ENSG00000206203.nuc.ord.tre,0.251380
ENSG00000206384.nuc.ord.aln,ENSG00000206384.nuc.ord.tre,2.282404
ENSG00000206418.nuc.ord.aln,ENSG00000206418.nuc.ord.tre,0.261394
ENSG00000206422.nuc.ord.aln,ENSG00000206422.nuc.ord.tre,0.255712
ENSG00000206474.nuc.ord.aln,ENSG00000206474.nuc.ord.tre,0.138430
ENSG00000206527.nuc.ord.aln,ENSG00000206527.nuc.ord.tre,0.354270
ENSG00000206557.nuc.ord.aln,ENSG00000206557.nuc.ord.tre,0.661808
ENSG00000206559.nuc.ord.aln,ENSG00000206559.nuc.ord.tre,0.394122
ENSG00000206560.nuc.ord.aln,ENSG00000206560.nuc.ord.tre,1.302001
ENSG00000206561.nuc.ord.aln,ENSG00000206561.nuc.ord.tre,0.428363
ENSG00000206562.nuc.ord.aln,ENSG00000206562.nuc.ord.tre,0.333876
ENSG00000211445.nuc.ord.aln,ENSG00000211445.nuc.ord.tre,0.263858
ENSG00000211450.nuc.ord.aln,ENSG00000211450.nuc.ord.tre,0.213028
ENSG00000211452.nuc.ord.aln,ENSG00000211452.nuc.ord.tre,0.309948
ENSG00000211455.nuc.ord.aln,ENSG00000211455.nuc.ord.tre,0.371827
ENSG00000211456.nuc.ord.aln,ENSG00000211456.nuc.ord.tre,0.630629
ENSG00000211460.nuc.ord.aln,ENSG00000211460.nuc.ord.tre,0.375704
ENSG00000212657.nuc.ord.aln,ENSG00000212657.nuc.ord.tre,0.225318
ENSG00000212658.nuc.ord.aln,ENSG00000212658.nuc.ord.tre,0.097114
ENSG00000212901.nuc.ord.aln,ENSG00000212901.nuc.ord.tre,0.164625
ENSG00000212916.nuc.ord.aln,ENSG00000212916.nuc.ord.tre,0.775799
ENSG00000213015.nuc.ord.aln,ENSG00000213015.nuc.ord.tre,0.112270
ENSG00000213022.nuc.ord.aln,ENSG00000213022.nuc.ord.tre,0.357201
ENSG00000213047.nuc.ord.aln,ENSG00000213047.nuc.ord.tre,0.557076
ENSG00000213054.nuc.ord.aln,ENSG00000213054.nuc.ord.tre,0.220786
ENSG00000213064.nuc.ord.aln,ENSG00000213064.nuc.ord.tre,0.216494
ENSG00000213066.nuc.ord.aln,ENSG00000213066.nuc.ord.tre,0.310769
ENSG00000213085.nuc.ord.aln,ENSG00000213085.nuc.ord.tre,0.519563
ENSG00000213123.nuc.ord.aln,ENSG00000213123.nuc.ord.tre,0.200826
ENSG00000213139.nuc.ord.aln,ENSG00000213139.nuc.ord.tre,0.193593
ENSG00000213160.nuc.ord.aln,ENSG00000213160.nuc.ord.tre,0.498779
ENSG00000213199.nuc.ord.aln,ENSG00000213199.nuc.ord.tre,0.355792
ENSG00000213204.nuc.ord.aln,ENSG00000213204.nuc.ord.tre,0.498353
ENSG00000213213.nuc.ord.aln,ENSG00000213213.nuc.ord.tre,0.314455
ENSG00000213246.nuc.ord.aln,ENSG00000213246.nuc.ord.tre,0.182543
ENSG00000213265.nuc.ord.aln,ENSG00000213265.nuc.ord.tre,0.323273
ENSG00000213281.nuc.ord.aln,ENSG00000213281.nuc.ord.tre,0.210331
ENSG00000213337.nuc.ord.aln,ENSG00000213337.nuc.ord.tre,0.216970
ENSG00000213341.nuc.ord.aln,ENSG00000213341.nuc.ord.tre,0.695947
ENSG00000213347.nuc.ord.aln,ENSG00000213347.nuc.ord.tre,0.299360
ENSG00000213380.nuc.ord.aln,ENSG00000213380.nuc.ord.tre,0.629002
ENSG00000213390.nuc.ord.aln,ENSG00000213390.nuc.ord.tre,0.418473
ENSG00000213397.nuc.ord.aln,ENSG00000213397.nuc.ord.tre,0.371781
ENSG00000213398.nuc.ord.aln,ENSG00000213398.nuc.ord.tre,0.310957
ENSG00000213420.nuc.ord.aln,ENSG00000213420.nuc.ord.tre,0.498475
ENSG00000213424.nuc.ord.aln,ENSG00000213424.nuc.ord.tre,0.284863
ENSG00000213445.nuc.ord.aln,ENSG00000213445.nuc.ord.tre,0.906782
ENSG00000213463.nuc.ord.aln,ENSG00000213463.nuc.ord.tre,0.363732
ENSG00000213465.nuc.ord.aln,ENSG00000213465.nuc.ord.tre,0.172447
ENSG00000213471.nuc.ord.aln,ENSG00000213471.nuc.ord.tre,0.965805
ENSG00000213523.nuc.ord.aln,ENSG00000213523.nuc.ord.tre,0.256034
ENSG00000213533.nuc.ord.aln,ENSG00000213533.nuc.ord.tre,0.261737
ENSG00000213585.nuc.ord.aln,ENSG00000213585.nuc.ord.tre,0.309061
ENSG00000213593.nuc.ord.aln,ENSG00000213593.nuc.ord.tre,0.289089
ENSG00000213614.nuc.ord.aln,ENSG00000213614.nuc.ord.tre,0.451602
ENSG00000213619.nuc.ord.aln,ENSG00000213619.nuc.ord.tre,0.427009
ENSG00000213625.nuc.ord.aln,ENSG00000213625.nuc.ord.tre,0.195117
ENSG00000213626.nuc.ord.aln,ENSG00000213626.nuc.ord.tre,0.229669
ENSG00000213638.nuc.ord.aln,ENSG00000213638.nuc.ord.tre,0.220921
ENSG00000213639.nuc.ord.aln,ENSG00000213639.nuc.ord.tre,0.391279
ENSG00000213672.nuc.ord.aln,ENSG00000213672.nuc.ord.tre,0.497090
ENSG00000213719.nuc.ord.aln,ENSG00000213719.nuc.ord.tre,0.199724
ENSG00000213722.nuc.ord.aln,ENSG00000213722.nuc.ord.tre,0.291552
ENSG00000213760.nuc.ord.aln,ENSG00000213760.nuc.ord.tre,0.185814
ENSG00000213780.nuc.ord.aln,ENSG00000213780.nuc.ord.tre,0.275540
ENSG00000213782.nuc.ord.aln,ENSG00000213782.nuc.ord.tre,0.508759
ENSG00000213809.nuc.ord.aln,ENSG00000213809.nuc.ord.tre,0.298043
ENSG00000213853.nuc.ord.aln,ENSG00000213853.nuc.ord.tre,0.206676
ENSG00000213886.nuc.ord.aln,ENSG00000213886.nuc.ord.tre,0.129012
ENSG00000213892.nuc.ord.aln,ENSG00000213892.nuc.ord.tre,0.536830
ENSG00000213920.nuc.ord.aln,ENSG00000213920.nuc.ord.tre,0.174953
ENSG00000213923.nuc.ord.aln,ENSG00000213923.nuc.ord.tre,0.435629
ENSG00000213937.nuc.ord.aln,ENSG00000213937.nuc.ord.tre,0.163052
ENSG00000213949.nuc.ord.aln,ENSG00000213949.nuc.ord.tre,1.262249
ENSG00000213965.nuc.ord.aln,ENSG00000213965.nuc.ord.tre,0.223424
ENSG00000213977.nuc.ord.aln,ENSG00000213977.nuc.ord.tre,0.179637
ENSG00000213983.nuc.ord.aln,ENSG00000213983.nuc.ord.tre,0.732945
ENSG00000213995.nuc.ord.aln,ENSG00000213995.nuc.ord.tre,0.439177
ENSG00000214013.nuc.ord.aln,ENSG00000214013.nuc.ord.tre,0.960868
ENSG00000214021.nuc.ord.aln,ENSG00000214021.nuc.ord.tre,1.281139
ENSG00000214022.nuc.ord.aln,ENSG00000214022.nuc.ord.tre,0.356875
ENSG00000214087.nuc.ord.aln,ENSG00000214087.nuc.ord.tre,0.177575
ENSG00000214097.nuc.ord.aln,ENSG00000214097.nuc.ord.tre,0.211926
ENSG00000214102.nuc.ord.aln,ENSG00000214102.nuc.ord.tre,0.335656
ENSG00000214113.nuc.ord.aln,ENSG00000214113.nuc.ord.tre,0.150621
ENSG00000214114.nuc.ord.aln,ENSG00000214114.nuc.ord.tre,0.194934
ENSG00000214128.nuc.ord.aln,ENSG00000214128.nuc.ord.tre,0.203242
ENSG00000214143.nuc.ord.aln,ENSG00000214143.nuc.ord.tre,0.174661
ENSG00000214160.nuc.ord.aln,ENSG00000214160.nuc.ord.tre,0.255945
ENSG00000214237.nuc.ord.aln,ENSG00000214237.nuc.ord.tre,0.199168
ENSG00000214272.nuc.ord.aln,ENSG00000214272.nuc.ord.tre,3.190533
ENSG00000214290.nuc.ord.aln,ENSG00000214290.nuc.ord.tre,0.243358
ENSG00000214338.nuc.ord.aln,ENSG00000214338.nuc.ord.tre,1.109337
ENSG00000214357.nuc.ord.aln,ENSG00000214357.nuc.ord.tre,0.344643
ENSG00000214360.nuc.ord.aln,ENSG00000214360.nuc.ord.tre,0.244225
ENSG00000214367.nuc.ord.aln,ENSG00000214367.nuc.ord.tre,0.306731
ENSG00000214376.nuc.ord.aln,ENSG00000214376.nuc.ord.tre,0.215415
ENSG00000214415.nuc.ord.aln,ENSG00000214415.nuc.ord.tre,0.278883
ENSG00000214435.nuc.ord.aln,ENSG00000214435.nuc.ord.tre,0.332292
ENSG00000214447.nuc.ord.aln,ENSG00000214447.nuc.ord.tre,0.301656
ENSG00000214517.nuc.ord.aln,ENSG00000214517.nuc.ord.tre,0.648723
ENSG00000214530.nuc.ord.aln,ENSG00000214530.nuc.ord.tre,0.283948
ENSG00000214556.nuc.ord.aln,ENSG00000214556.nuc.ord.tre,0.193616
ENSG00000214575.nuc.ord.aln,ENSG00000214575.nuc.ord.tre,0.357689
ENSG00000214595.nuc.ord.aln,ENSG00000214595.nuc.ord.tre,3.479694
ENSG00000214655.nuc.ord.aln,ENSG00000214655.nuc.ord.tre,2.135063
ENSG00000214694.nuc.ord.aln,ENSG00000214694.nuc.ord.tre,0.592776
ENSG00000214706.nuc.ord.aln,ENSG00000214706.nuc.ord.tre,0.581270
ENSG00000214732.nuc.ord.aln,ENSG00000214732.nuc.ord.tre,0.163899
ENSG00000214753.nuc.ord.aln,ENSG00000214753.nuc.ord.tre,0.688774
ENSG00000214814.nuc.ord.aln,ENSG00000214814.nuc.ord.tre,3.293821
ENSG00000214827.nuc.ord.aln,ENSG00000214827.nuc.ord.tre,0.335655
ENSG00000214866.nuc.ord.aln,ENSG00000214866.nuc.ord.tre,0.238523
ENSG00000214882.nuc.ord.aln,ENSG00000214882.nuc.ord.tre,0.808777
ENSG00000214941.nuc.ord.aln,ENSG00000214941.nuc.ord.tre,0.212726
ENSG00000214954.nuc.ord.aln,ENSG00000214954.nuc.ord.tre,0.256737
ENSG00000214960.nuc.ord.aln,ENSG00000214960.nuc.ord.tre,0.297893
ENSG00000215009.nuc.ord.aln,ENSG00000215009.nuc.ord.tre,0.235614
ENSG00000215018.nuc.ord.aln,ENSG00000215018.nuc.ord.tre,0.737912
ENSG00000215041.nuc.ord.aln,ENSG00000215041.nuc.ord.tre,1.763158
ENSG00000215103.nuc.ord.aln,ENSG00000215103.nuc.ord.tre,1.031481
ENSG00000215114.nuc.ord.aln,ENSG00000215114.nuc.ord.tre,0.297593
ENSG00000215183.nuc.ord.aln,ENSG00000215183.nuc.ord.tre,0.163875
ENSG00000215187.nuc.ord.aln,ENSG00000215187.nuc.ord.tre,0.270329
ENSG00000215193.nuc.ord.aln,ENSG00000215193.nuc.ord.tre,0.236893
ENSG00000215203.nuc.ord.aln,ENSG00000215203.nuc.ord.tre,0.268426
ENSG00000215251.nuc.ord.aln,ENSG00000215251.nuc.ord.tre,0.489935
ENSG00000215262.nuc.ord.aln,ENSG00000215262.nuc.ord.tre,1.204263
ENSG00000215271.nuc.ord.aln,ENSG00000215271.nuc.ord.tre,0.316899
ENSG00000215277.nuc.ord.aln,ENSG00000215277.nuc.ord.tre,0.258967
ENSG00000215296.nuc.ord.aln,ENSG00000215296.nuc.ord.tre,0.279532
ENSG00000215305.nuc.ord.aln,ENSG00000215305.nuc.ord.tre,0.780717
ENSG00000215367.nuc.ord.aln,ENSG00000215367.nuc.ord.tre,0.255675
ENSG00000215421.nuc.ord.aln,ENSG00000215421.nuc.ord.tre,3.322912
ENSG00000215440.nuc.ord.aln,ENSG00000215440.nuc.ord.tre,0.511405
ENSG00000215695.nuc.ord.aln,ENSG00000215695.nuc.ord.tre,0.297559
ENSG00000215712.nuc.ord.aln,ENSG00000215712.nuc.ord.tre,0.220532
ENSG00000215788.nuc.ord.aln,ENSG00000215788.nuc.ord.tre,0.285584
ENSG00000215831.nuc.ord.aln,ENSG00000215831.nuc.ord.tre,0.248219
ENSG00000215853.nuc.ord.aln,ENSG00000215853.nuc.ord.tre,0.752180
ENSG00000215883.nuc.ord.aln,ENSG00000215883.nuc.ord.tre,0.194438
ENSG00000215897.nuc.ord.aln,ENSG00000215897.nuc.ord.tre,0.439214
ENSG00000217128.nuc.ord.aln,ENSG00000217128.nuc.ord.tre,0.732857
ENSG00000217236.nuc.ord.aln,ENSG00000217236.nuc.ord.tre,0.133327
ENSG00000218336.nuc.ord.aln,ENSG00000218336.nuc.ord.tre,3.671682
ENSG00000219200.nuc.ord.aln,ENSG00000219200.nuc.ord.tre,0.172425
ENSG00000220205.nuc.ord.aln,ENSG00000220205.nuc.ord.tre,0.313029
ENSG00000221813.nuc.ord.aln,ENSG00000221813.nuc.ord.tre,0.209821
ENSG00000221818.nuc.ord.aln,ENSG00000221818.nuc.ord.tre,0.453710
ENSG00000221829.nuc.ord.aln,ENSG00000221829.nuc.ord.tre,0.511732
ENSG00000221838.nuc.ord.aln,ENSG00000221838.nuc.ord.tre,0.406049
ENSG00000221855.nuc.ord.aln,ENSG00000221855.nuc.ord.tre,0.207169
ENSG00000221914.nuc.ord.aln,ENSG00000221914.nuc.ord.tre,0.316217
ENSG00000221947.nuc.ord.aln,ENSG00000221947.nuc.ord.tre,0.358868
ENSG00000221955.nuc.ord.aln,ENSG00000221955.nuc.ord.tre,0.364995
ENSG00000221968.nuc.ord.aln,ENSG00000221968.nuc.ord.tre,0.264256
ENSG00000221986.nuc.ord.aln,ENSG00000221986.nuc.ord.tre,0.270395
ENSG00000221988.nuc.ord.aln,ENSG00000221988.nuc.ord.tre,0.365134
ENSG00000222011.nuc.ord.aln,ENSG00000222011.nuc.ord.tre,0.225392
ENSG00000223501.nuc.ord.aln,ENSG00000223501.nuc.ord.tre,0.711844
ENSG00000223953.nuc.ord.aln,ENSG00000223953.nuc.ord.tre,0.160459
ENSG00000224296.nuc.ord.aln,ENSG00000224296.nuc.ord.tre,0.284174
ENSG00000225830.nuc.ord.aln,ENSG00000225830.nuc.ord.tre,2.060606
ENSG00000225921.nuc.ord.aln,ENSG00000225921.nuc.ord.tre,0.322164
ENSG00000226979.nuc.ord.aln,ENSG00000226979.nuc.ord.tre,0.308508
ENSG00000227057.nuc.ord.aln,ENSG00000227057.nuc.ord.tre,0.521875
ENSG00000227507.nuc.ord.aln,ENSG00000227507.nuc.ord.tre,0.392569
ENSG00000227768.nuc.ord.aln,ENSG00000227768.nuc.ord.tre,0.186044
ENSG00000231925.nuc.ord.aln,ENSG00000231925.nuc.ord.tre,0.425777
ENSG00000232329.nuc.ord.aln,ENSG00000232329.nuc.ord.tre,4.677771
ENSG00000233276.nuc.ord.aln,ENSG00000233276.nuc.ord.tre,0.222825
ENSG00000234127.nuc.ord.aln,ENSG00000234127.nuc.ord.tre,0.465765
ENSG00000235568.nuc.ord.aln,ENSG00000235568.nuc.ord.tre,0.232693
ENSG00000235718.nuc.ord.aln,ENSG00000235718.nuc.ord.tre,0.416485
ENSG00000236104.nuc.ord.aln,ENSG00000236104.nuc.ord.tre,0.413834
ENSG00000237441.nuc.ord.aln,ENSG00000237441.nuc.ord.tre,0.601127
ENSG00000239282.nuc.ord.aln,ENSG00000239282.nuc.ord.tre,0.319577
ENSG00000239305.nuc.ord.aln,ENSG00000239305.nuc.ord.tre,0.547955
ENSG00000239382.nuc.ord.aln,ENSG00000239382.nuc.ord.tre,0.378236
ENSG00000239388.nuc.ord.aln,ENSG00000239388.nuc.ord.tre,0.474626
ENSG00000239704.nuc.ord.aln,ENSG00000239704.nuc.ord.tre,0.253904
ENSG00000239779.nuc.ord.aln,ENSG00000239779.nuc.ord.tre,0.326741
ENSG00000239857.nuc.ord.aln,ENSG00000239857.nuc.ord.tre,0.350103
ENSG00000239900.nuc.ord.aln,ENSG00000239900.nuc.ord.tre,0.475960
ENSG00000240065.nuc.ord.aln,ENSG00000240065.nuc.ord.tre,0.301652
ENSG00000240230.nuc.ord.aln,ENSG00000240230.nuc.ord.tre,0.198603
ENSG00000240344.nuc.ord.aln,ENSG00000240344.nuc.ord.tre,0.270527
ENSG00000240583.nuc.ord.aln,ENSG00000240583.nuc.ord.tre,0.307713
ENSG00000240771.nuc.ord.aln,ENSG00000240771.nuc.ord.tre,0.443886
ENSG00000240857.nuc.ord.aln,ENSG00000240857.nuc.ord.tre,0.197348
ENSG00000241058.nuc.ord.aln,ENSG00000241058.nuc.ord.tre,0.448111
ENSG00000241106.nuc.ord.aln,ENSG00000241106.nuc.ord.tre,0.275713
ENSG00000241258.nuc.ord.aln,ENSG00000241258.nuc.ord.tre,0.235722
ENSG00000241360.nuc.ord.aln,ENSG00000241360.nuc.ord.tre,0.127690
ENSG00000241399.nuc.ord.aln,ENSG00000241399.nuc.ord.tre,0.252008
ENSG00000241404.nuc.ord.aln,ENSG00000241404.nuc.ord.tre,0.179613
ENSG00000241685.nuc.ord.aln,ENSG00000241685.nuc.ord.tre,0.442151
ENSG00000241697.nuc.ord.aln,ENSG00000241697.nuc.ord.tre,0.410678
ENSG00000241839.nuc.ord.aln,ENSG00000241839.nuc.ord.tre,0.488372
ENSG00000241852.nuc.ord.aln,ENSG00000241852.nuc.ord.tre,0.409305
ENSG00000241878.nuc.ord.aln,ENSG00000241878.nuc.ord.tre,0.389789
ENSG00000241935.nuc.ord.aln,ENSG00000241935.nuc.ord.tre,0.366863
ENSG00000241945.nuc.ord.aln,ENSG00000241945.nuc.ord.tre,0.742049
ENSG00000242110.nuc.ord.aln,ENSG00000242110.nuc.ord.tre,0.441426
ENSG00000242247.nuc.ord.aln,ENSG00000242247.nuc.ord.tre,0.443896
ENSG00000242372.nuc.ord.aln,ENSG00000242372.nuc.ord.tre,0.274027
ENSG00000242485.nuc.ord.aln,ENSG00000242485.nuc.ord.tre,0.182516
ENSG00000242715.nuc.ord.aln,ENSG00000242715.nuc.ord.tre,0.222795
ENSG00000243156.nuc.ord.aln,ENSG00000243156.nuc.ord.tre,2.029921
ENSG00000243232.nuc.ord.aln,ENSG00000243232.nuc.ord.tre,0.775531
ENSG00000243284.nuc.ord.aln,ENSG00000243284.nuc.ord.tre,0.402105
ENSG00000243566.nuc.ord.aln,ENSG00000243566.nuc.ord.tre,0.335417
ENSG00000243646.nuc.ord.aln,ENSG00000243646.nuc.ord.tre,0.424414
ENSG00000243710.nuc.ord.aln,ENSG00000243710.nuc.ord.tre,1.475218
ENSG00000243725.nuc.ord.aln,ENSG00000243725.nuc.ord.tre,0.261757
ENSG00000243927.nuc.ord.aln,ENSG00000243927.nuc.ord.tre,0.222144
ENSG00000243943.nuc.ord.aln,ENSG00000243943.nuc.ord.tre,0.681379
ENSG00000244005.nuc.ord.aln,ENSG00000244005.nuc.ord.tre,0.437410
ENSG00000244038.nuc.ord.aln,ENSG00000244038.nuc.ord.tre,0.459234
ENSG00000244045.nuc.ord.aln,ENSG00000244045.nuc.ord.tre,0.287027
ENSG00000244274.nuc.ord.aln,ENSG00000244274.nuc.ord.tre,0.311405
ENSG00000244486.nuc.ord.aln,ENSG00000244486.nuc.ord.tre,0.716793
