instance,tree_file,inference_time_seconds
ENSG00000000003.nuc.ord.aln,ENSG00000000003.nuc.ord.tre,1.514817
ENSG00000000005.nuc.ord.aln,ENSG00000000005.nuc.ord.tre,0.370683
ENSG00000000457.nuc.ord.aln,ENSG00000000457.nuc.ord.tre,0.983803
ENSG00000000460.nuc.ord.aln,ENSG00000000460.nuc.ord.tre,1.029907
ENSG00000001036.nuc.ord.aln,ENSG00000001036.nuc.ord.tre,0.489877
ENSG00000001084.nuc.ord.aln,ENSG00000001084.nuc.ord.tre,0.555451
ENSG00000001167.nuc.ord.aln,ENSG00000001167.nuc.ord.tre,0.355189
ENSG00000001460.nuc.ord.aln,ENSG00000001460.nuc.ord.tre,0.436445
ENSG00000001461.nuc.ord.aln,ENSG00000001461.nuc.ord.tre,0.509085
ENSG00000001561.nuc.ord.aln,ENSG00000001561.nuc.ord.tre,0.427412
ENSG00000001617.nuc.ord.aln,ENSG00000001617.nuc.ord.tre,0.668404
ENSG00000001626.nuc.ord.aln,ENSG00000001626.nuc.ord.tre,1.761323
ENSG00000001629.nuc.ord.aln,ENSG00000001629.nuc.ord.tre,1.357997
ENSG00000001630.nuc.ord.aln,ENSG00000001630.nuc.ord.tre,0.424311
ENSG00000001631.nuc.ord.aln,ENSG00000001631.nuc.ord.tre,0.586754
ENSG00000002016.nuc.ord.aln,ENSG00000002016.nuc.ord.tre,0.431704
ENSG00000002330.nuc.ord.aln,ENSG00000002330.nuc.ord.tre,0.499903
ENSG00000002549.nuc.ord.aln,ENSG00000002549.nuc.ord.tre,0.468997
ENSG00000002587.nuc.ord.aln,ENSG00000002587.nuc.ord.tre,0.235602
ENSG00000002746.nuc.ord.aln,ENSG00000002746.nuc.ord.tre,3.163803
ENSG00000002822.nuc.ord.aln,ENSG00000002822.nuc.ord.tre,1.035985
ENSG00000002834.nuc.ord.aln,ENSG00000002834.nuc.ord.tre,0.500572
ENSG00000002919.nuc.ord.aln,ENSG00000002919.nuc.ord.tre,0.334870
ENSG00000002933.nuc.ord.aln,ENSG00000002933.nuc.ord.tre,0.239853
ENSG00000003056.nuc.ord.aln,ENSG00000003056.nuc.ord.tre,0.333652
ENSG00000003137.nuc.ord.aln,ENSG00000003137.nuc.ord.tre,0.446178
ENSG00000003147.nuc.ord.aln,ENSG00000003147.nuc.ord.tre,0.447284
ENSG00000003249.nuc.ord.aln,ENSG00000003249.nuc.ord.tre,0.311613
ENSG00000003393.nuc.ord.aln,ENSG00000003393.nuc.ord.tre,2.167723
ENSG00000003402.nuc.ord.aln,ENSG00000003402.nuc.ord.tre,0.482715
ENSG00000003436.nuc.ord.aln,ENSG00000003436.nuc.ord.tre,0.415520
ENSG00000003509.nuc.ord.aln,ENSG00000003509.nuc.ord.tre,0.434815
ENSG00000003756.nuc.ord.aln,ENSG00000003756.nuc.ord.tre,0.922269
ENSG00000003987.nuc.ord.aln,ENSG00000003987.nuc.ord.tre,0.602465
ENSG00000003989.nuc.ord.aln,ENSG00000003989.nuc.ord.tre,0.977855
ENSG00000004059.nuc.ord.aln,ENSG00000004059.nuc.ord.tre,0.274630
ENSG00000004455.nuc.ord.aln,ENSG00000004455.nuc.ord.tre,0.326576
ENSG00000004468.nuc.ord.aln,ENSG00000004468.nuc.ord.tre,0.372995
ENSG00000004478.nuc.ord.aln,ENSG00000004478.nuc.ord.tre,0.390380
ENSG00000004487.nuc.ord.aln,ENSG00000004487.nuc.ord.tre,0.980128
ENSG00000004534.nuc.ord.aln,ENSG00000004534.nuc.ord.tre,1.280257
ENSG00000004660.nuc.ord.aln,ENSG00000004660.nuc.ord.tre,0.706396
ENSG00000004700.nuc.ord.aln,ENSG00000004700.nuc.ord.tre,0.576195
ENSG00000004766.nuc.ord.aln,ENSG00000004766.nuc.ord.tre,0.971747
ENSG00000004776.nuc.ord.aln,ENSG00000004776.nuc.ord.tre,0.263566
ENSG00000004779.nuc.ord.aln,ENSG00000004779.nuc.ord.tre,0.278932
ENSG00000004799.nuc.ord.aln,ENSG00000004799.nuc.ord.tre,0.443462
ENSG00000004809.nuc.ord.aln,ENSG00000004809.nuc.ord.tre,0.435983
ENSG00000004864.nuc.ord.aln,ENSG00000004864.nuc.ord.tre,0.550216
ENSG00000004897.nuc.ord.aln,ENSG00000004897.nuc.ord.tre,0.946027
ENSG00000004939.nuc.ord.aln,ENSG00000004939.nuc.ord.tre,0.817049
ENSG00000004961.nuc.ord.aln,ENSG00000004961.nuc.ord.tre,0.337280
ENSG00000004975.nuc.ord.aln,ENSG00000004975.nuc.ord.tre,0.498030
ENSG00000005001.nuc.ord.aln,ENSG00000005001.nuc.ord.tre,0.281753
ENSG00000005020.nuc.ord.aln,ENSG00000005020.nuc.ord.tre,0.416290
ENSG00000005059.nuc.ord.aln,ENSG00000005059.nuc.ord.tre,0.344415
ENSG00000005073.nuc.ord.aln,ENSG00000005073.nuc.ord.tre,0.335610
ENSG00000005100.nuc.ord.aln,ENSG00000005100.nuc.ord.tre,0.616972
ENSG00000005102.nuc.ord.aln,ENSG00000005102.nuc.ord.tre,0.306593
ENSG00000005108.nuc.ord.aln,ENSG00000005108.nuc.ord.tre,2.313433
ENSG00000005156.nuc.ord.aln,ENSG00000005156.nuc.ord.tre,1.089345
ENSG00000005175.nuc.ord.aln,ENSG00000005175.nuc.ord.tre,0.485809
ENSG00000005187.nuc.ord.aln,ENSG00000005187.nuc.ord.tre,0.587868
ENSG00000005189.nuc.ord.aln,ENSG00000005189.nuc.ord.tre,0.732574
ENSG00000005194.nuc.ord.aln,ENSG00000005194.nuc.ord.tre,0.367955
ENSG00000005249.nuc.ord.aln,ENSG00000005249.nuc.ord.tre,0.533233
ENSG00000005302.nuc.ord.aln,ENSG00000005302.nuc.ord.tre,0.405619
ENSG00000005339.nuc.ord.aln,ENSG00000005339.nuc.ord.tre,4.606110
ENSG00000005379.nuc.ord.aln,ENSG00000005379.nuc.ord.tre,2.894175
ENSG00000005381.nuc.ord.aln,ENSG00000005381.nuc.ord.tre,0.598457
ENSG00000005421.nuc.ord.aln,ENSG00000005421.nuc.ord.tre,0.377780
ENSG00000005436.nuc.ord.aln,ENSG00000005436.nuc.ord.tre,0.868534
ENSG00000005448.nuc.ord.aln,ENSG00000005448.nuc.ord.tre,0.319746
ENSG00000005469.nuc.ord.aln,ENSG00000005469.nuc.ord.tre,0.537688
ENSG00000005471.nuc.ord.aln,ENSG00000005471.nuc.ord.tre,1.334562
ENSG00000005483.nuc.ord.aln,ENSG00000005483.nuc.ord.tre,2.442904
ENSG00000005486.nuc.ord.aln,ENSG00000005486.nuc.ord.tre,0.551362
ENSG00000005700.nuc.ord.aln,ENSG00000005700.nuc.ord.tre,1.692389
ENSG00000005810.nuc.ord.aln,ENSG00000005810.nuc.ord.tre,11.587326
ENSG00000005812.nuc.ord.aln,ENSG00000005812.nuc.ord.tre,0.443728
ENSG00000005844.nuc.ord.aln,ENSG00000005844.nuc.ord.tre,1.440983
ENSG00000005882.nuc.ord.aln,ENSG00000005882.nuc.ord.tre,0.402786
ENSG00000005884.nuc.ord.aln,ENSG00000005884.nuc.ord.tre,1.315601
ENSG00000005893.nuc.ord.aln,ENSG00000005893.nuc.ord.tre,0.438799
ENSG00000005955.nuc.ord.aln,ENSG00000005955.nuc.ord.tre,0.672573
ENSG00000005961.nuc.ord.aln,ENSG00000005961.nuc.ord.tre,0.927251
ENSG00000005981.nuc.ord.aln,ENSG00000005981.nuc.ord.tre,0.387573
ENSG00000006007.nuc.ord.aln,ENSG00000006007.nuc.ord.tre,0.528694
ENSG00000006025.nuc.ord.aln,ENSG00000006025.nuc.ord.tre,1.192225
ENSG00000006042.nuc.ord.aln,ENSG00000006042.nuc.ord.tre,0.336493
ENSG00000006047.nuc.ord.aln,ENSG00000006047.nuc.ord.tre,0.387484
ENSG00000006062.nuc.ord.aln,ENSG00000006062.nuc.ord.tre,1.063370
ENSG00000006071.nuc.ord.aln,ENSG00000006071.nuc.ord.tre,2.194495
ENSG00000006114.nuc.ord.aln,ENSG00000006114.nuc.ord.tre,1.903112
ENSG00000006116.nuc.ord.aln,ENSG00000006116.nuc.ord.tre,0.312599
ENSG00000006118.nuc.ord.aln,ENSG00000006118.nuc.ord.tre,0.994766
ENSG00000006125.nuc.ord.aln,ENSG00000006125.nuc.ord.tre,1.023896
ENSG00000006128.nuc.ord.aln,ENSG00000006128.nuc.ord.tre,0.262106
ENSG00000006194.nuc.ord.aln,ENSG00000006194.nuc.ord.tre,0.654145
ENSG00000006210.nuc.ord.aln,ENSG00000006210.nuc.ord.tre,0.421048
ENSG00000006377.nuc.ord.aln,ENSG00000006377.nuc.ord.tre,0.361166
ENSG00000006432.nuc.ord.aln,ENSG00000006432.nuc.ord.tre,1.044807
ENSG00000006451.nuc.ord.aln,ENSG00000006451.nuc.ord.tre,0.309477
ENSG00000006453.nuc.ord.aln,ENSG00000006453.nuc.ord.tre,0.438469
ENSG00000006459.nuc.ord.aln,ENSG00000006459.nuc.ord.tre,0.923840
ENSG00000006468.nuc.ord.aln,ENSG00000006468.nuc.ord.tre,0.481331
ENSG00000006530.nuc.ord.aln,ENSG00000006530.nuc.ord.tre,0.567163
ENSG00000006555.nuc.ord.aln,ENSG00000006555.nuc.ord.tre,0.405769
ENSG00000006576.nuc.ord.aln,ENSG00000006576.nuc.ord.tre,0.737434
ENSG00000006611.nuc.ord.aln,ENSG00000006611.nuc.ord.tre,0.861751
ENSG00000006625.nuc.ord.aln,ENSG00000006625.nuc.ord.tre,0.307949
ENSG00000006634.nuc.ord.aln,ENSG00000006634.nuc.ord.tre,0.563771
ENSG00000006638.nuc.ord.aln,ENSG00000006638.nuc.ord.tre,0.305300
ENSG00000006652.nuc.ord.aln,ENSG00000006652.nuc.ord.tre,0.410510
ENSG00000006695.nuc.ord.aln,ENSG00000006695.nuc.ord.tre,0.424513
ENSG00000006704.nuc.ord.aln,ENSG00000006704.nuc.ord.tre,1.410470
ENSG00000006712.nuc.ord.aln,ENSG00000006712.nuc.ord.tre,0.445272
ENSG00000006715.nuc.ord.aln,ENSG00000006715.nuc.ord.tre,0.922077
ENSG00000006740.nuc.ord.aln,ENSG00000006740.nuc.ord.tre,0.866838
ENSG00000006744.nuc.ord.aln,ENSG00000006744.nuc.ord.tre,0.815955
ENSG00000006747.nuc.ord.aln,ENSG00000006747.nuc.ord.tre,0.969542
ENSG00000006788.nuc.ord.aln,ENSG00000006788.nuc.ord.tre,1.768246
ENSG00000006837.nuc.ord.aln,ENSG00000006837.nuc.ord.tre,0.430998
ENSG00000007001.nuc.ord.aln,ENSG00000007001.nuc.ord.tre,0.340738
ENSG00000007038.nuc.ord.aln,ENSG00000007038.nuc.ord.tre,0.286768
ENSG00000007062.nuc.ord.aln,ENSG00000007062.nuc.ord.tre,0.787837
ENSG00000007168.nuc.ord.aln,ENSG00000007168.nuc.ord.tre,0.415938
ENSG00000007174.nuc.ord.aln,ENSG00000007174.nuc.ord.tre,10.886428
ENSG00000007202.nuc.ord.aln,ENSG00000007202.nuc.ord.tre,3.791479
ENSG00000007237.nuc.ord.aln,ENSG00000007237.nuc.ord.tre,0.445944
ENSG00000007312.nuc.ord.aln,ENSG00000007312.nuc.ord.tre,0.363255
ENSG00000007314.nuc.ord.aln,ENSG00000007314.nuc.ord.tre,3.236798
ENSG00000007341.nuc.ord.aln,ENSG00000007341.nuc.ord.tre,0.599061
ENSG00000007372.nuc.ord.aln,ENSG00000007372.nuc.ord.tre,0.469548
ENSG00000007376.nuc.ord.aln,ENSG00000007376.nuc.ord.tre,0.280986
ENSG00000007384.nuc.ord.aln,ENSG00000007384.nuc.ord.tre,0.832014
ENSG00000007392.nuc.ord.aln,ENSG00000007392.nuc.ord.tre,0.384077
ENSG00000007520.nuc.ord.aln,ENSG00000007520.nuc.ord.tre,0.305703
ENSG00000007545.nuc.ord.aln,ENSG00000007545.nuc.ord.tre,1.939089
ENSG00000007866.nuc.ord.aln,ENSG00000007866.nuc.ord.tre,0.425472
ENSG00000007908.nuc.ord.aln,ENSG00000007908.nuc.ord.tre,0.703718
ENSG00000007923.nuc.ord.aln,ENSG00000007923.nuc.ord.tre,0.468177
ENSG00000007933.nuc.ord.aln,ENSG00000007933.nuc.ord.tre,0.418885
ENSG00000007944.nuc.ord.aln,ENSG00000007944.nuc.ord.tre,0.454079
ENSG00000007952.nuc.ord.aln,ENSG00000007952.nuc.ord.tre,0.396150
ENSG00000007968.nuc.ord.aln,ENSG00000007968.nuc.ord.tre,0.411186
ENSG00000008018.nuc.ord.aln,ENSG00000008018.nuc.ord.tre,0.308170
ENSG00000008056.nuc.ord.aln,ENSG00000008056.nuc.ord.tre,0.530096
ENSG00000008083.nuc.ord.aln,ENSG00000008083.nuc.ord.tre,1.509836
ENSG00000008086.nuc.ord.aln,ENSG00000008086.nuc.ord.tre,1.369266
ENSG00000008118.nuc.ord.aln,ENSG00000008118.nuc.ord.tre,0.409192
ENSG00000008128.nuc.ord.aln,ENSG00000008128.nuc.ord.tre,1.283461
ENSG00000008130.nuc.ord.aln,ENSG00000008130.nuc.ord.tre,0.943655
ENSG00000008197.nuc.ord.aln,ENSG00000008197.nuc.ord.tre,0.449936
ENSG00000008226.nuc.ord.aln,ENSG00000008226.nuc.ord.tre,2.874670
ENSG00000008256.nuc.ord.aln,ENSG00000008256.nuc.ord.tre,0.385745
ENSG00000008277.nuc.ord.aln,ENSG00000008277.nuc.ord.tre,0.997547
ENSG00000008282.nuc.ord.aln,ENSG00000008282.nuc.ord.tre,0.339161
ENSG00000008283.nuc.ord.aln,ENSG00000008283.nuc.ord.tre,0.301346
ENSG00000008294.nuc.ord.aln,ENSG00000008294.nuc.ord.tre,1.641160
ENSG00000008311.nuc.ord.aln,ENSG00000008311.nuc.ord.tre,0.861824
ENSG00000008323.nuc.ord.aln,ENSG00000008323.nuc.ord.tre,0.737306
ENSG00000008324.nuc.ord.aln,ENSG00000008324.nuc.ord.tre,0.265501
ENSG00000008394.nuc.ord.aln,ENSG00000008394.nuc.ord.tre,0.312473
ENSG00000008405.nuc.ord.aln,ENSG00000008405.nuc.ord.tre,0.558405
ENSG00000008513.nuc.ord.aln,ENSG00000008513.nuc.ord.tre,0.335893
ENSG00000008838.nuc.ord.aln,ENSG00000008838.nuc.ord.tre,0.933496
ENSG00000008853.nuc.ord.aln,ENSG00000008853.nuc.ord.tre,0.538103
ENSG00000008869.nuc.ord.aln,ENSG00000008869.nuc.ord.tre,3.179767
ENSG00000008952.nuc.ord.aln,ENSG00000008952.nuc.ord.tre,0.518256
ENSG00000009307.nuc.ord.aln,ENSG00000009307.nuc.ord.tre,0.876354
ENSG00000009335.nuc.ord.aln,ENSG00000009335.nuc.ord.tre,1.292099
ENSG00000009413.nuc.ord.aln,ENSG00000009413.nuc.ord.tre,6.600065
ENSG00000009694.nuc.ord.aln,ENSG00000009694.nuc.ord.tre,4.881982
ENSG00000009709.nuc.ord.aln,ENSG00000009709.nuc.ord.tre,0.461083
ENSG00000009724.nuc.ord.aln,ENSG00000009724.nuc.ord.tre,0.666613
ENSG00000009765.nuc.ord.aln,ENSG00000009765.nuc.ord.tre,0.424415
ENSG00000009780.nuc.ord.aln,ENSG00000009780.nuc.ord.tre,0.558018
ENSG00000009790.nuc.ord.aln,ENSG00000009790.nuc.ord.tre,0.471549
ENSG00000009830.nuc.ord.aln,ENSG00000009830.nuc.ord.tre,0.799883
ENSG00000009844.nuc.ord.aln,ENSG00000009844.nuc.ord.tre,0.371440
ENSG00000009950.nuc.ord.aln,ENSG00000009950.nuc.ord.tre,0.828068
ENSG00000009954.nuc.ord.aln,ENSG00000009954.nuc.ord.tre,1.707582
ENSG00000010017.nuc.ord.aln,ENSG00000010017.nuc.ord.tre,0.864233
ENSG00000010072.nuc.ord.aln,ENSG00000010072.nuc.ord.tre,0.499281
ENSG00000010165.nuc.ord.aln,ENSG00000010165.nuc.ord.tre,0.537898
ENSG00000010219.nuc.ord.aln,ENSG00000010219.nuc.ord.tre,0.778220
ENSG00000010244.nuc.ord.aln,ENSG00000010244.nuc.ord.tre,0.466642
ENSG00000010256.nuc.ord.aln,ENSG00000010256.nuc.ord.tre,0.442586
ENSG00000010270.nuc.ord.aln,ENSG00000010270.nuc.ord.tre,0.344547
ENSG00000010278.nuc.ord.aln,ENSG00000010278.nuc.ord.tre,0.335105
ENSG00000010292.nuc.ord.aln,ENSG00000010292.nuc.ord.tre,1.735735
ENSG00000010318.nuc.ord.aln,ENSG00000010318.nuc.ord.tre,0.540732
ENSG00000010322.nuc.ord.aln,ENSG00000010322.nuc.ord.tre,2.563469
ENSG00000010327.nuc.ord.aln,ENSG00000010327.nuc.ord.tre,4.232306
ENSG00000010379.nuc.ord.aln,ENSG00000010379.nuc.ord.tre,0.456533
ENSG00000010404.nuc.ord.aln,ENSG00000010404.nuc.ord.tre,0.476538
ENSG00000010610.nuc.ord.aln,ENSG00000010610.nuc.ord.tre,0.359476
ENSG00000010626.nuc.ord.aln,ENSG00000010626.nuc.ord.tre,0.400183
ENSG00000010671.nuc.ord.aln,ENSG00000010671.nuc.ord.tre,0.579960
ENSG00000010704.nuc.ord.aln,ENSG00000010704.nuc.ord.tre,0.348398
ENSG00000010803.nuc.ord.aln,ENSG00000010803.nuc.ord.tre,0.681525
ENSG00000010810.nuc.ord.aln,ENSG00000010810.nuc.ord.tre,0.491944
ENSG00000010818.nuc.ord.aln,ENSG00000010818.nuc.ord.tre,3.948108
ENSG00000010932.nuc.ord.aln,ENSG00000010932.nuc.ord.tre,0.499899
ENSG00000011009.nuc.ord.aln,ENSG00000011009.nuc.ord.tre,0.230798
ENSG00000011021.nuc.ord.aln,ENSG00000011021.nuc.ord.tre,2.321920
ENSG00000011028.nuc.ord.aln,ENSG00000011028.nuc.ord.tre,1.649820
ENSG00000011083.nuc.ord.aln,ENSG00000011083.nuc.ord.tre,0.476209
ENSG00000011114.nuc.ord.aln,ENSG00000011114.nuc.ord.tre,1.097066
ENSG00000011143.nuc.ord.aln,ENSG00000011143.nuc.ord.tre,0.509774
ENSG00000011198.nuc.ord.aln,ENSG00000011198.nuc.ord.tre,0.400452
ENSG00000011258.nuc.ord.aln,ENSG00000011258.nuc.ord.tre,0.530085
ENSG00000011260.nuc.ord.aln,ENSG00000011260.nuc.ord.tre,0.547537
ENSG00000011295.nuc.ord.aln,ENSG00000011295.nuc.ord.tre,0.516355
ENSG00000011332.nuc.ord.aln,ENSG00000011332.nuc.ord.tre,0.299647
ENSG00000011376.nuc.ord.aln,ENSG00000011376.nuc.ord.tre,0.839665
ENSG00000011405.nuc.ord.aln,ENSG00000011405.nuc.ord.tre,2.058471
ENSG00000011422.nuc.ord.aln,ENSG00000011422.nuc.ord.tre,0.373854
ENSG00000011426.nuc.ord.aln,ENSG00000011426.nuc.ord.tre,1.282879
ENSG00000011454.nuc.ord.aln,ENSG00000011454.nuc.ord.tre,1.167479
ENSG00000011465.nuc.ord.aln,ENSG00000011465.nuc.ord.tre,0.425721
ENSG00000011478.nuc.ord.aln,ENSG00000011478.nuc.ord.tre,0.340268
ENSG00000011485.nuc.ord.aln,ENSG00000011485.nuc.ord.tre,0.406663
ENSG00000011523.nuc.ord.aln,ENSG00000011523.nuc.ord.tre,0.727372
ENSG00000011566.nuc.ord.aln,ENSG00000011566.nuc.ord.tre,0.740404
ENSG00000011590.nuc.ord.aln,ENSG00000011590.nuc.ord.tre,0.397324
ENSG00000011638.nuc.ord.aln,ENSG00000011638.nuc.ord.tre,0.331798
ENSG00000011677.nuc.ord.aln,ENSG00000011677.nuc.ord.tre,0.411418
ENSG00000012048.nuc.ord.aln,ENSG00000012048.nuc.ord.tre,2.659037
ENSG00000012061.nuc.ord.aln,ENSG00000012061.nuc.ord.tre,0.338625
ENSG00000012124.nuc.ord.aln,ENSG00000012124.nuc.ord.tre,0.834626
ENSG00000012171.nuc.ord.aln,ENSG00000012171.nuc.ord.tre,0.659284
ENSG00000012174.nuc.ord.aln,ENSG00000012174.nuc.ord.tre,0.665666
ENSG00000012232.nuc.ord.aln,ENSG00000012232.nuc.ord.tre,0.825267
ENSG00000012504.nuc.ord.aln,ENSG00000012504.nuc.ord.tre,0.630559
ENSG00000012660.nuc.ord.aln,ENSG00000012660.nuc.ord.tre,0.479888
ENSG00000012779.nuc.ord.aln,ENSG00000012779.nuc.ord.tre,0.627118
ENSG00000012822.nuc.ord.aln,ENSG00000012822.nuc.ord.tre,0.552927
ENSG00000012963.nuc.ord.aln,ENSG00000012963.nuc.ord.tre,0.413389
ENSG00000012983.nuc.ord.aln,ENSG00000012983.nuc.ord.tre,1.028976
ENSG00000013016.nuc.ord.aln,ENSG00000013016.nuc.ord.tre,0.556713
ENSG00000013275.nuc.ord.aln,ENSG00000013275.nuc.ord.tre,0.372435
ENSG00000013293.nuc.ord.aln,ENSG00000013293.nuc.ord.tre,0.708164
ENSG00000013297.nuc.ord.aln,ENSG00000013297.nuc.ord.tre,0.289776
ENSG00000013306.nuc.ord.aln,ENSG00000013306.nuc.ord.tre,0.257124
ENSG00000013374.nuc.ord.aln,ENSG00000013374.nuc.ord.tre,0.564459
ENSG00000013375.nuc.ord.aln,ENSG00000013375.nuc.ord.tre,0.526590
ENSG00000013392.nuc.ord.aln,ENSG00000013392.nuc.ord.tre,0.333410
ENSG00000013523.nuc.ord.aln,ENSG00000013523.nuc.ord.tre,0.642499
ENSG00000013561.nuc.ord.aln,ENSG00000013561.nuc.ord.tre,0.474582
ENSG00000013583.nuc.ord.aln,ENSG00000013583.nuc.ord.tre,0.430439
ENSG00000013588.nuc.ord.aln,ENSG00000013588.nuc.ord.tre,0.326327
ENSG00000014123.nuc.ord.aln,ENSG00000014123.nuc.ord.tre,0.504110
ENSG00000014138.nuc.ord.aln,ENSG00000014138.nuc.ord.tre,0.582675
ENSG00000014257.nuc.ord.aln,ENSG00000014257.nuc.ord.tre,0.459666
ENSG00000014641.nuc.ord.aln,ENSG00000014641.nuc.ord.tre,0.366123
ENSG00000014824.nuc.ord.aln,ENSG00000014824.nuc.ord.tre,0.651766
ENSG00000014914.nuc.ord.aln,ENSG00000014914.nuc.ord.tre,0.659578
ENSG00000014919.nuc.ord.aln,ENSG00000014919.nuc.ord.tre,0.419877
ENSG00000015133.nuc.ord.aln,ENSG00000015133.nuc.ord.tre,2.522683
ENSG00000015153.nuc.ord.aln,ENSG00000015153.nuc.ord.tre,0.277106
ENSG00000015171.nuc.ord.aln,ENSG00000015171.nuc.ord.tre,0.619360
ENSG00000015475.nuc.ord.aln,ENSG00000015475.nuc.ord.tre,0.297128
ENSG00000015479.nuc.ord.aln,ENSG00000015479.nuc.ord.tre,0.630004
ENSG00000015592.nuc.ord.aln,ENSG00000015592.nuc.ord.tre,0.345473
ENSG00000015676.nuc.ord.aln,ENSG00000015676.nuc.ord.tre,0.504354
ENSG00000016082.nuc.ord.aln,ENSG00000016082.nuc.ord.tre,0.444661
ENSG00000016391.nuc.ord.aln,ENSG00000016391.nuc.ord.tre,0.534499
ENSG00000016402.nuc.ord.aln,ENSG00000016402.nuc.ord.tre,0.507991
ENSG00000016490.nuc.ord.aln,ENSG00000016490.nuc.ord.tre,0.768990
ENSG00000016864.nuc.ord.aln,ENSG00000016864.nuc.ord.tre,0.434546
ENSG00000017260.nuc.ord.aln,ENSG00000017260.nuc.ord.tre,1.017907
ENSG00000017373.nuc.ord.aln,ENSG00000017373.nuc.ord.tre,1.662647
ENSG00000017427.nuc.ord.aln,ENSG00000017427.nuc.ord.tre,0.355230
ENSG00000017483.nuc.ord.aln,ENSG00000017483.nuc.ord.tre,0.403688
ENSG00000018189.nuc.ord.aln,ENSG00000018189.nuc.ord.tre,0.814244
ENSG00000018236.nuc.ord.aln,ENSG00000018236.nuc.ord.tre,1.032634
ENSG00000018280.nuc.ord.aln,ENSG00000018280.nuc.ord.tre,0.550772
ENSG00000018408.nuc.ord.aln,ENSG00000018408.nuc.ord.tre,0.421034
ENSG00000018510.nuc.ord.aln,ENSG00000018510.nuc.ord.tre,0.740233
ENSG00000018610.nuc.ord.aln,ENSG00000018610.nuc.ord.tre,0.281395
ENSG00000018625.nuc.ord.aln,ENSG00000018625.nuc.ord.tre,1.008551
ENSG00000018699.nuc.ord.aln,ENSG00000018699.nuc.ord.tre,0.770454
ENSG00000019102.nuc.ord.aln,ENSG00000019102.nuc.ord.tre,0.391772
ENSG00000019144.nuc.ord.aln,ENSG00000019144.nuc.ord.tre,1.674096
ENSG00000019169.nuc.ord.aln,ENSG00000019169.nuc.ord.tre,0.556629
ENSG00000019186.nuc.ord.aln,ENSG00000019186.nuc.ord.tre,0.488674
ENSG00000019485.nuc.ord.aln,ENSG00000019485.nuc.ord.tre,0.505330
ENSG00000019505.nuc.ord.aln,ENSG00000019505.nuc.ord.tre,0.390436
ENSG00000019549.nuc.ord.aln,ENSG00000019549.nuc.ord.tre,0.298989
ENSG00000019991.nuc.ord.aln,ENSG00000019991.nuc.ord.tre,0.772071
ENSG00000019995.nuc.ord.aln,ENSG00000019995.nuc.ord.tre,0.645415
ENSG00000020129.nuc.ord.aln,ENSG00000020129.nuc.ord.tre,0.670435
ENSG00000020181.nuc.ord.aln,ENSG00000020181.nuc.ord.tre,1.444956
ENSG00000020256.nuc.ord.aln,ENSG00000020256.nuc.ord.tre,0.493153
ENSG00000020577.nuc.ord.aln,ENSG00000020577.nuc.ord.tre,0.800057
ENSG00000020633.nuc.ord.aln,ENSG00000020633.nuc.ord.tre,0.378124
ENSG00000020922.nuc.ord.aln,ENSG00000020922.nuc.ord.tre,0.660684
ENSG00000021300.nuc.ord.aln,ENSG00000021300.nuc.ord.tre,0.320133
ENSG00000021488.nuc.ord.aln,ENSG00000021488.nuc.ord.tre,0.413421
ENSG00000021574.nuc.ord.aln,ENSG00000021574.nuc.ord.tre,0.515212
ENSG00000021762.nuc.ord.aln,ENSG00000021762.nuc.ord.tre,0.731453
ENSG00000021776.nuc.ord.aln,ENSG00000021776.nuc.ord.tre,2.479816
ENSG00000021826.nuc.ord.aln,ENSG00000021826.nuc.ord.tre,1.585792
ENSG00000021852.nuc.ord.aln,ENSG00000021852.nuc.ord.tre,0.485917
ENSG00000022267.nuc.ord.aln,ENSG00000022267.nuc.ord.tre,0.289840
ENSG00000022277.nuc.ord.aln,ENSG00000022277.nuc.ord.tre,0.400473
ENSG00000022355.nuc.ord.aln,ENSG00000022355.nuc.ord.tre,0.429523
ENSG00000022567.nuc.ord.aln,ENSG00000022567.nuc.ord.tre,0.959235
ENSG00000022840.nuc.ord.aln,ENSG00000022840.nuc.ord.tre,1.185993
ENSG00000023041.nuc.ord.aln,ENSG00000023041.nuc.ord.tre,0.493159
ENSG00000023171.nuc.ord.aln,ENSG00000023171.nuc.ord.tre,0.766602
ENSG00000023191.nuc.ord.aln,ENSG00000023191.nuc.ord.tre,0.267359
ENSG00000023228.nuc.ord.aln,ENSG00000023228.nuc.ord.tre,0.683420
ENSG00000023287.nuc.ord.aln,ENSG00000023287.nuc.ord.tre,1.689611
ENSG00000023318.nuc.ord.aln,ENSG00000023318.nuc.ord.tre,0.484654
ENSG00000023330.nuc.ord.aln,ENSG00000023330.nuc.ord.tre,0.536481
ENSG00000023572.nuc.ord.aln,ENSG00000023572.nuc.ord.tre,0.338332
ENSG00000023608.nuc.ord.aln,ENSG00000023608.nuc.ord.tre,0.418645
ENSG00000023697.nuc.ord.aln,ENSG00000023697.nuc.ord.tre,0.383144
ENSG00000023734.nuc.ord.aln,ENSG00000023734.nuc.ord.tre,0.354161
ENSG00000023839.nuc.ord.aln,ENSG00000023839.nuc.ord.tre,1.768309
ENSG00000023843.nuc.ord.aln,ENSG00000023843.nuc.ord.tre,0.363721
ENSG00000023892.nuc.ord.aln,ENSG00000023892.nuc.ord.tre,0.705790
ENSG00000023909.nuc.ord.aln,ENSG00000023909.nuc.ord.tre,0.377340
ENSG00000024048.nuc.ord.aln,ENSG00000024048.nuc.ord.tre,2.508360
ENSG00000024862.nuc.ord.aln,ENSG00000024862.nuc.ord.tre,0.376381
ENSG00000025039.nuc.ord.aln,ENSG00000025039.nuc.ord.tre,0.409260
ENSG00000025156.nuc.ord.aln,ENSG00000025156.nuc.ord.tre,0.233913
ENSG00000025293.nuc.ord.aln,ENSG00000025293.nuc.ord.tre,1.000608
ENSG00000025434.nuc.ord.aln,ENSG00000025434.nuc.ord.tre,0.500963
ENSG00000025770.nuc.ord.aln,ENSG00000025770.nuc.ord.tre,0.401847
ENSG00000025772.nuc.ord.aln,ENSG00000025772.nuc.ord.tre,0.372118
ENSG00000025796.nuc.ord.aln,ENSG00000025796.nuc.ord.tre,0.661558
ENSG00000025800.nuc.ord.aln,ENSG00000025800.nuc.ord.tre,0.481333
ENSG00000026025.nuc.ord.aln,ENSG00000026025.nuc.ord.tre,0.450760
ENSG00000026103.nuc.ord.aln,ENSG00000026103.nuc.ord.tre,0.417188
ENSG00000026508.nuc.ord.aln,ENSG00000026508.nuc.ord.tre,0.833621
ENSG00000026559.nuc.ord.aln,ENSG00000026559.nuc.ord.tre,0.396706
ENSG00000026652.nuc.ord.aln,ENSG00000026652.nuc.ord.tre,0.370746
ENSG00000026751.nuc.ord.aln,ENSG00000026751.nuc.ord.tre,0.495026
ENSG00000027001.nuc.ord.aln,ENSG00000027001.nuc.ord.tre,0.595076
ENSG00000027075.nuc.ord.aln,ENSG00000027075.nuc.ord.tre,0.736624
ENSG00000027697.nuc.ord.aln,ENSG00000027697.nuc.ord.tre,0.486558
ENSG00000027847.nuc.ord.aln,ENSG00000027847.nuc.ord.tre,0.330108
ENSG00000028116.nuc.ord.aln,ENSG00000028116.nuc.ord.tre,0.519306
ENSG00000028137.nuc.ord.aln,ENSG00000028137.nuc.ord.tre,0.467843
ENSG00000028203.nuc.ord.aln,ENSG00000028203.nuc.ord.tre,0.839611
ENSG00000028277.nuc.ord.aln,ENSG00000028277.nuc.ord.tre,0.430245
ENSG00000028310.nuc.ord.aln,ENSG00000028310.nuc.ord.tre,0.578917
ENSG00000028528.nuc.ord.aln,ENSG00000028528.nuc.ord.tre,0.495970
ENSG00000029153.nuc.ord.aln,ENSG00000029153.nuc.ord.tre,0.455258
ENSG00000029363.nuc.ord.aln,ENSG00000029363.nuc.ord.tre,0.965728
ENSG00000029364.nuc.ord.aln,ENSG00000029364.nuc.ord.tre,0.384832
ENSG00000029534.nuc.ord.aln,ENSG00000029534.nuc.ord.tre,1.659061
ENSG00000029559.nuc.ord.aln,ENSG00000029559.nuc.ord.tre,0.377067
ENSG00000029639.nuc.ord.aln,ENSG00000029639.nuc.ord.tre,0.409785
ENSG00000029725.nuc.ord.aln,ENSG00000029725.nuc.ord.tre,0.866879
ENSG00000030066.nuc.ord.aln,ENSG00000030066.nuc.ord.tre,1.775287
ENSG00000030304.nuc.ord.aln,ENSG00000030304.nuc.ord.tre,0.876628
ENSG00000030419.nuc.ord.aln,ENSG00000030419.nuc.ord.tre,0.460228
ENSG00000030582.nuc.ord.aln,ENSG00000030582.nuc.ord.tre,0.638502
ENSG00000031003.nuc.ord.aln,ENSG00000031003.nuc.ord.tre,0.834126
ENSG00000031081.nuc.ord.aln,ENSG00000031081.nuc.ord.tre,1.857729
ENSG00000031544.nuc.ord.aln,ENSG00000031544.nuc.ord.tre,0.322456
ENSG00000031691.nuc.ord.aln,ENSG00000031691.nuc.ord.tre,0.316787
ENSG00000031698.nuc.ord.aln,ENSG00000031698.nuc.ord.tre,0.511969
ENSG00000031823.nuc.ord.aln,ENSG00000031823.nuc.ord.tre,0.501834
ENSG00000032219.nuc.ord.aln,ENSG00000032219.nuc.ord.tre,1.603657
ENSG00000032389.nuc.ord.aln,ENSG00000032389.nuc.ord.tre,0.544815
ENSG00000032444.nuc.ord.aln,ENSG00000032444.nuc.ord.tre,1.971829
ENSG00000032742.nuc.ord.aln,ENSG00000032742.nuc.ord.tre,0.908064
ENSG00000033030.nuc.ord.aln,ENSG00000033030.nuc.ord.tre,0.799665
ENSG00000033050.nuc.ord.aln,ENSG00000033050.nuc.ord.tre,0.614007
ENSG00000033100.nuc.ord.aln,ENSG00000033100.nuc.ord.tre,0.683444
ENSG00000033122.nuc.ord.aln,ENSG00000033122.nuc.ord.tre,1.940677
ENSG00000033170.nuc.ord.aln,ENSG00000033170.nuc.ord.tre,0.448845
ENSG00000033178.nuc.ord.aln,ENSG00000033178.nuc.ord.tre,1.126122
ENSG00000033627.nuc.ord.aln,ENSG00000033627.nuc.ord.tre,0.858844
ENSG00000033800.nuc.ord.aln,ENSG00000033800.nuc.ord.tre,0.666368
ENSG00000034063.nuc.ord.aln,ENSG00000034063.nuc.ord.tre,0.647275
ENSG00000034152.nuc.ord.aln,ENSG00000034152.nuc.ord.tre,0.368947
ENSG00000034239.nuc.ord.aln,ENSG00000034239.nuc.ord.tre,0.304281
ENSG00000034533.nuc.ord.aln,ENSG00000034533.nuc.ord.tre,0.711131
ENSG00000034677.nuc.ord.aln,ENSG00000034677.nuc.ord.tre,0.672336
ENSG00000034693.nuc.ord.aln,ENSG00000034693.nuc.ord.tre,0.415955
ENSG00000034971.nuc.ord.aln,ENSG00000034971.nuc.ord.tre,0.459512
ENSG00000035115.nuc.ord.aln,ENSG00000035115.nuc.ord.tre,0.396282
ENSG00000035499.nuc.ord.aln,ENSG00000035499.nuc.ord.tre,0.780592
ENSG00000035664.nuc.ord.aln,ENSG00000035664.nuc.ord.tre,0.574164
ENSG00000035681.nuc.ord.aln,ENSG00000035681.nuc.ord.tre,1.024601
ENSG00000035687.nuc.ord.aln,ENSG00000035687.nuc.ord.tre,0.499016
ENSG00000035720.nuc.ord.aln,ENSG00000035720.nuc.ord.tre,0.361902
ENSG00000035862.nuc.ord.aln,ENSG00000035862.nuc.ord.tre,0.284174
ENSG00000036054.nuc.ord.aln,ENSG00000036054.nuc.ord.tre,0.607120
ENSG00000036257.nuc.ord.aln,ENSG00000036257.nuc.ord.tre,0.594917
ENSG00000036448.nuc.ord.aln,ENSG00000036448.nuc.ord.tre,1.469090
ENSG00000036473.nuc.ord.aln,ENSG00000036473.nuc.ord.tre,0.527508
ENSG00000036530.nuc.ord.aln,ENSG00000036530.nuc.ord.tre,0.410752
ENSG00000036549.nuc.ord.aln,ENSG00000036549.nuc.ord.tre,0.837882
ENSG00000036565.nuc.ord.aln,ENSG00000036565.nuc.ord.tre,0.530859
ENSG00000036672.nuc.ord.aln,ENSG00000036672.nuc.ord.tre,0.513937
ENSG00000036828.nuc.ord.aln,ENSG00000036828.nuc.ord.tre,1.191656
ENSG00000037042.nuc.ord.aln,ENSG00000037042.nuc.ord.tre,0.304156
ENSG00000037474.nuc.ord.aln,ENSG00000037474.nuc.ord.tre,1.110386
ENSG00000037637.nuc.ord.aln,ENSG00000037637.nuc.ord.tre,0.606272
ENSG00000037749.nuc.ord.aln,ENSG00000037749.nuc.ord.tre,0.362605
ENSG00000037965.nuc.ord.aln,ENSG00000037965.nuc.ord.tre,0.252087
ENSG00000038002.nuc.ord.aln,ENSG00000038002.nuc.ord.tre,0.237193
ENSG00000038210.nuc.ord.aln,ENSG00000038210.nuc.ord.tre,0.441236
ENSG00000038219.nuc.ord.aln,ENSG00000038219.nuc.ord.tre,4.859019
ENSG00000038274.nuc.ord.aln,ENSG00000038274.nuc.ord.tre,0.446957
ENSG00000038295.nuc.ord.aln,ENSG00000038295.nuc.ord.tre,0.959020
ENSG00000038358.nuc.ord.aln,ENSG00000038358.nuc.ord.tre,2.549883
ENSG00000038427.nuc.ord.aln,ENSG00000038427.nuc.ord.tre,8.236222
ENSG00000038532.nuc.ord.aln,ENSG00000038532.nuc.ord.tre,1.065448
ENSG00000038945.nuc.ord.aln,ENSG00000038945.nuc.ord.tre,0.422040
ENSG00000039068.nuc.ord.aln,ENSG00000039068.nuc.ord.tre,1.016771
ENSG00000039123.nuc.ord.aln,ENSG00000039123.nuc.ord.tre,1.071200
ENSG00000039139.nuc.ord.aln,ENSG00000039139.nuc.ord.tre,12.506265
ENSG00000039319.nuc.ord.aln,ENSG00000039319.nuc.ord.tre,1.869513
ENSG00000039523.nuc.ord.aln,ENSG00000039523.nuc.ord.tre,1.810640
ENSG00000039537.nuc.ord.aln,ENSG00000039537.nuc.ord.tre,1.005380
ENSG00000039560.nuc.ord.aln,ENSG00000039560.nuc.ord.tre,0.895018
ENSG00000039600.nuc.ord.aln,ENSG00000039600.nuc.ord.tre,0.759707
ENSG00000039650.nuc.ord.aln,ENSG00000039650.nuc.ord.tre,0.481282
ENSG00000040199.nuc.ord.aln,ENSG00000040199.nuc.ord.tre,1.540458
ENSG00000040275.nuc.ord.aln,ENSG00000040275.nuc.ord.tre,0.587489
ENSG00000040341.nuc.ord.aln,ENSG00000040341.nuc.ord.tre,0.515397
ENSG00000040487.nuc.ord.aln,ENSG00000040487.nuc.ord.tre,0.428479
ENSG00000040531.nuc.ord.aln,ENSG00000040531.nuc.ord.tre,0.379776
ENSG00000040633.nuc.ord.aln,ENSG00000040633.nuc.ord.tre,0.288764
ENSG00000040731.nuc.ord.aln,ENSG00000040731.nuc.ord.tre,0.722749
ENSG00000040933.nuc.ord.aln,ENSG00000040933.nuc.ord.tre,0.889362
ENSG00000041353.nuc.ord.aln,ENSG00000041353.nuc.ord.tre,0.341931
ENSG00000041357.nuc.ord.aln,ENSG00000041357.nuc.ord.tre,0.276455
ENSG00000041515.nuc.ord.aln,ENSG00000041515.nuc.ord.tre,3.014793
ENSG00000041802.nuc.ord.aln,ENSG00000041802.nuc.ord.tre,0.833418
ENSG00000041880.nuc.ord.aln,ENSG00000041880.nuc.ord.tre,0.465061
ENSG00000041982.nuc.ord.aln,ENSG00000041982.nuc.ord.tre,3.351944
ENSG00000041988.nuc.ord.aln,ENSG00000041988.nuc.ord.tre,0.276695
ENSG00000042088.nuc.ord.aln,ENSG00000042088.nuc.ord.tre,0.622306
ENSG00000042286.nuc.ord.aln,ENSG00000042286.nuc.ord.tre,0.433869
ENSG00000042317.nuc.ord.aln,ENSG00000042317.nuc.ord.tre,0.610399
ENSG00000042429.nuc.ord.aln,ENSG00000042429.nuc.ord.tre,0.557173
ENSG00000042445.nuc.ord.aln,ENSG00000042445.nuc.ord.tre,0.423765
ENSG00000042493.nuc.ord.aln,ENSG00000042493.nuc.ord.tre,0.400307
ENSG00000042753.nuc.ord.aln,ENSG00000042753.nuc.ord.tre,0.255048
ENSG00000042781.nuc.ord.aln,ENSG00000042781.nuc.ord.tre,15.706787
ENSG00000042813.nuc.ord.aln,ENSG00000042813.nuc.ord.tre,0.420554
ENSG00000042832.nuc.ord.aln,ENSG00000042832.nuc.ord.tre,4.708714
ENSG00000042980.nuc.ord.aln,ENSG00000042980.nuc.ord.tre,0.878483
ENSG00000043039.nuc.ord.aln,ENSG00000043039.nuc.ord.tre,0.322560
ENSG00000043143.nuc.ord.aln,ENSG00000043143.nuc.ord.tre,0.841578
ENSG00000043462.nuc.ord.aln,ENSG00000043462.nuc.ord.tre,0.492309
ENSG00000043514.nuc.ord.aln,ENSG00000043514.nuc.ord.tre,0.484416
ENSG00000044012.nuc.ord.aln,ENSG00000044012.nuc.ord.tre,0.233338
ENSG00000044115.nuc.ord.aln,ENSG00000044115.nuc.ord.tre,0.977044
ENSG00000044446.nuc.ord.aln,ENSG00000044446.nuc.ord.tre,1.382871
ENSG00000044459.nuc.ord.aln,ENSG00000044459.nuc.ord.tre,1.648413
ENSG00000044524.nuc.ord.aln,ENSG00000044524.nuc.ord.tre,0.959992
ENSG00000046604.nuc.ord.aln,ENSG00000046604.nuc.ord.tre,1.134366
ENSG00000046647.nuc.ord.aln,ENSG00000046647.nuc.ord.tre,0.363830
ENSG00000046651.nuc.ord.aln,ENSG00000046651.nuc.ord.tre,1.135332
ENSG00000046653.nuc.ord.aln,ENSG00000046653.nuc.ord.tre,0.516430
ENSG00000046889.nuc.ord.aln,ENSG00000046889.nuc.ord.tre,2.530705
ENSG00000047056.nuc.ord.aln,ENSG00000047056.nuc.ord.tre,0.412050
ENSG00000047188.nuc.ord.aln,ENSG00000047188.nuc.ord.tre,1.695219
ENSG00000047230.nuc.ord.aln,ENSG00000047230.nuc.ord.tre,0.500160
ENSG00000047249.nuc.ord.aln,ENSG00000047249.nuc.ord.tre,0.503834
ENSG00000047315.nuc.ord.aln,ENSG00000047315.nuc.ord.tre,1.238933
ENSG00000047346.nuc.ord.aln,ENSG00000047346.nuc.ord.tre,1.145871
ENSG00000047365.nuc.ord.aln,ENSG00000047365.nuc.ord.tre,2.345550
ENSG00000047410.nuc.ord.aln,ENSG00000047410.nuc.ord.tre,3.963683
ENSG00000047457.nuc.ord.aln,ENSG00000047457.nuc.ord.tre,1.158362
ENSG00000047578.nuc.ord.aln,ENSG00000047578.nuc.ord.tre,2.022411
ENSG00000047579.nuc.ord.aln,ENSG00000047579.nuc.ord.tre,0.401547
ENSG00000047597.nuc.ord.aln,ENSG00000047597.nuc.ord.tre,0.521352
ENSG00000047617.nuc.ord.aln,ENSG00000047617.nuc.ord.tre,1.137225
ENSG00000047621.nuc.ord.aln,ENSG00000047621.nuc.ord.tre,0.483040
ENSG00000047648.nuc.ord.aln,ENSG00000047648.nuc.ord.tre,1.078076
ENSG00000047662.nuc.ord.aln,ENSG00000047662.nuc.ord.tre,1.533862
ENSG00000047849.nuc.ord.aln,ENSG00000047849.nuc.ord.tre,2.414062
ENSG00000047932.nuc.ord.aln,ENSG00000047932.nuc.ord.tre,0.450163
ENSG00000047936.nuc.ord.aln,ENSG00000047936.nuc.ord.tre,3.550976
ENSG00000048028.nuc.ord.aln,ENSG00000048028.nuc.ord.tre,1.117331
ENSG00000048162.nuc.ord.aln,ENSG00000048162.nuc.ord.tre,0.252038
ENSG00000048392.nuc.ord.aln,ENSG00000048392.nuc.ord.tre,0.406301
ENSG00000048405.nuc.ord.aln,ENSG00000048405.nuc.ord.tre,0.479344
ENSG00000048462.nuc.ord.aln,ENSG00000048462.nuc.ord.tre,0.299265
ENSG00000048471.nuc.ord.aln,ENSG00000048471.nuc.ord.tre,0.909302
ENSG00000048540.nuc.ord.aln,ENSG00000048540.nuc.ord.tre,0.293389
ENSG00000048544.nuc.ord.aln,ENSG00000048544.nuc.ord.tre,0.305372
ENSG00000048649.nuc.ord.aln,ENSG00000048649.nuc.ord.tre,1.614074
ENSG00000048707.nuc.ord.aln,ENSG00000048707.nuc.ord.tre,10.823502
ENSG00000048740.nuc.ord.aln,ENSG00000048740.nuc.ord.tre,0.759465
ENSG00000048828.nuc.ord.aln,ENSG00000048828.nuc.ord.tre,1.341751
ENSG00000048991.nuc.ord.aln,ENSG00000048991.nuc.ord.tre,1.425838
ENSG00000049130.nuc.ord.aln,ENSG00000049130.nuc.ord.tre,0.335003
ENSG00000049167.nuc.ord.aln,ENSG00000049167.nuc.ord.tre,0.432464
ENSG00000049192.nuc.ord.aln,ENSG00000049192.nuc.ord.tre,1.197738
ENSG00000049239.nuc.ord.aln,ENSG00000049239.nuc.ord.tre,0.681985
ENSG00000049246.nuc.ord.aln,ENSG00000049246.nuc.ord.tre,1.328840
ENSG00000049247.nuc.ord.aln,ENSG00000049247.nuc.ord.tre,0.296771
ENSG00000049249.nuc.ord.aln,ENSG00000049249.nuc.ord.tre,0.339741
ENSG00000049319.nuc.ord.aln,ENSG00000049319.nuc.ord.tre,0.330041
ENSG00000049323.nuc.ord.aln,ENSG00000049323.nuc.ord.tre,2.351991
ENSG00000049449.nuc.ord.aln,ENSG00000049449.nuc.ord.tre,0.501902
ENSG00000049541.nuc.ord.aln,ENSG00000049541.nuc.ord.tre,0.327168
ENSG00000049618.nuc.ord.aln,ENSG00000049618.nuc.ord.tre,4.083772
ENSG00000049656.nuc.ord.aln,ENSG00000049656.nuc.ord.tre,0.440734
ENSG00000049768.nuc.ord.aln,ENSG00000049768.nuc.ord.tre,0.411171
ENSG00000049769.nuc.ord.aln,ENSG00000049769.nuc.ord.tre,0.592443
ENSG00000049860.nuc.ord.aln,ENSG00000049860.nuc.ord.tre,0.454669
ENSG00000049883.nuc.ord.aln,ENSG00000049883.nuc.ord.tre,0.433692
ENSG00000050030.nuc.ord.aln,ENSG00000050030.nuc.ord.tre,1.577504
ENSG00000050165.nuc.ord.aln,ENSG00000050165.nuc.ord.tre,0.406495
ENSG00000050344.nuc.ord.aln,ENSG00000050344.nuc.ord.tre,0.547854
ENSG00000050393.nuc.ord.aln,ENSG00000050393.nuc.ord.tre,0.361179
ENSG00000050405.nuc.ord.aln,ENSG00000050405.nuc.ord.tre,0.705029
ENSG00000050426.nuc.ord.aln,ENSG00000050426.nuc.ord.tre,0.398095
ENSG00000050438.nuc.ord.aln,ENSG00000050438.nuc.ord.tre,2.044204
ENSG00000050555.nuc.ord.aln,ENSG00000050555.nuc.ord.tre,1.994773
ENSG00000050628.nuc.ord.aln,ENSG00000050628.nuc.ord.tre,0.507105
ENSG00000050730.nuc.ord.aln,ENSG00000050730.nuc.ord.tre,0.386734
ENSG00000050748.nuc.ord.aln,ENSG00000050748.nuc.ord.tre,0.417697
ENSG00000051009.nuc.ord.aln,ENSG00000051009.nuc.ord.tre,1.499174
ENSG00000051108.nuc.ord.aln,ENSG00000051108.nuc.ord.tre,0.464540
ENSG00000051180.nuc.ord.aln,ENSG00000051180.nuc.ord.tre,0.380058
ENSG00000051341.nuc.ord.aln,ENSG00000051341.nuc.ord.tre,5.289949
ENSG00000051382.nuc.ord.aln,ENSG00000051382.nuc.ord.tre,1.006465
ENSG00000051620.nuc.ord.aln,ENSG00000051620.nuc.ord.tre,0.314543
ENSG00000051825.nuc.ord.aln,ENSG00000051825.nuc.ord.tre,1.081932
ENSG00000052126.nuc.ord.aln,ENSG00000052126.nuc.ord.tre,1.287431
ENSG00000052723.nuc.ord.aln,ENSG00000052723.nuc.ord.tre,0.363936
ENSG00000052749.nuc.ord.aln,ENSG00000052749.nuc.ord.tre,1.742941
ENSG00000052795.nuc.ord.aln,ENSG00000052795.nuc.ord.tre,1.647223
ENSG00000052802.nuc.ord.aln,ENSG00000052802.nuc.ord.tre,0.338497
ENSG00000052841.nuc.ord.aln,ENSG00000052841.nuc.ord.tre,1.311657
ENSG00000052850.nuc.ord.aln,ENSG00000052850.nuc.ord.tre,0.350774
ENSG00000053108.nuc.ord.aln,ENSG00000053108.nuc.ord.tre,0.744709
ENSG00000053254.nuc.ord.aln,ENSG00000053254.nuc.ord.tre,0.467830
ENSG00000053328.nuc.ord.aln,ENSG00000053328.nuc.ord.tre,0.440544
ENSG00000053372.nuc.ord.aln,ENSG00000053372.nuc.ord.tre,0.310848
ENSG00000053747.nuc.ord.aln,ENSG00000053747.nuc.ord.tre,7.865850
ENSG00000053770.nuc.ord.aln,ENSG00000053770.nuc.ord.tre,0.441341
ENSG00000053900.nuc.ord.aln,ENSG00000053900.nuc.ord.tre,0.776964
ENSG00000054116.nuc.ord.aln,ENSG00000054116.nuc.ord.tre,0.326537
ENSG00000054118.nuc.ord.aln,ENSG00000054118.nuc.ord.tre,0.987846
ENSG00000054219.nuc.ord.aln,ENSG00000054219.nuc.ord.tre,2.482423
ENSG00000054267.nuc.ord.aln,ENSG00000054267.nuc.ord.tre,1.366660
ENSG00000054277.nuc.ord.aln,ENSG00000054277.nuc.ord.tre,0.314206
ENSG00000054282.nuc.ord.aln,ENSG00000054282.nuc.ord.tre,0.687125
ENSG00000054356.nuc.ord.aln,ENSG00000054356.nuc.ord.tre,0.797398
ENSG00000054392.nuc.ord.aln,ENSG00000054392.nuc.ord.tre,0.530450
ENSG00000054611.nuc.ord.aln,ENSG00000054611.nuc.ord.tre,0.450636
ENSG00000054690.nuc.ord.aln,ENSG00000054690.nuc.ord.tre,2.102887
ENSG00000054793.nuc.ord.aln,ENSG00000054793.nuc.ord.tre,1.077459
ENSG00000054796.nuc.ord.aln,ENSG00000054796.nuc.ord.tre,0.430939
ENSG00000054938.nuc.ord.aln,ENSG00000054938.nuc.ord.tre,0.424843
ENSG00000054965.nuc.ord.aln,ENSG00000054965.nuc.ord.tre,0.343163
ENSG00000054967.nuc.ord.aln,ENSG00000054967.nuc.ord.tre,0.352312
ENSG00000054983.nuc.ord.aln,ENSG00000054983.nuc.ord.tre,0.683366
ENSG00000055044.nuc.ord.aln,ENSG00000055044.nuc.ord.tre,0.481878
ENSG00000055070.nuc.ord.aln,ENSG00000055070.nuc.ord.tre,0.308859
ENSG00000055118.nuc.ord.aln,ENSG00000055118.nuc.ord.tre,1.393883
ENSG00000055130.nuc.ord.aln,ENSG00000055130.nuc.ord.tre,0.748791
ENSG00000055163.nuc.ord.aln,ENSG00000055163.nuc.ord.tre,1.381076
ENSG00000055208.nuc.ord.aln,ENSG00000055208.nuc.ord.tre,0.659766
ENSG00000055211.nuc.ord.aln,ENSG00000055211.nuc.ord.tre,0.378996
ENSG00000055332.nuc.ord.aln,ENSG00000055332.nuc.ord.tre,0.539043
ENSG00000055483.nuc.ord.aln,ENSG00000055483.nuc.ord.tre,1.231894
ENSG00000055609.nuc.ord.aln,ENSG00000055609.nuc.ord.tre,12.568476
ENSG00000055732.nuc.ord.aln,ENSG00000055732.nuc.ord.tre,0.475024
ENSG00000055813.nuc.ord.aln,ENSG00000055813.nuc.ord.tre,0.441799
ENSG00000055917.nuc.ord.aln,ENSG00000055917.nuc.ord.tre,1.140755
ENSG00000055950.nuc.ord.aln,ENSG00000055950.nuc.ord.tre,0.319938
ENSG00000055957.nuc.ord.aln,ENSG00000055957.nuc.ord.tre,0.966573
ENSG00000056050.nuc.ord.aln,ENSG00000056050.nuc.ord.tre,0.299755
ENSG00000056097.nuc.ord.aln,ENSG00000056097.nuc.ord.tre,1.131256
ENSG00000056291.nuc.ord.aln,ENSG00000056291.nuc.ord.tre,0.596170
ENSG00000056345.nuc.ord.aln,ENSG00000056345.nuc.ord.tre,0.647967
ENSG00000056487.nuc.ord.aln,ENSG00000056487.nuc.ord.tre,0.501537
ENSG00000056558.nuc.ord.aln,ENSG00000056558.nuc.ord.tre,0.380341
ENSG00000056586.nuc.ord.aln,ENSG00000056586.nuc.ord.tre,1.154675
ENSG00000056736.nuc.ord.aln,ENSG00000056736.nuc.ord.tre,0.446486
ENSG00000056972.nuc.ord.aln,ENSG00000056972.nuc.ord.tre,0.475152
ENSG00000057019.nuc.ord.aln,ENSG00000057019.nuc.ord.tre,0.752620
ENSG00000057252.nuc.ord.aln,ENSG00000057252.nuc.ord.tre,0.399914
ENSG00000057294.nuc.ord.aln,ENSG00000057294.nuc.ord.tre,1.075525
ENSG00000057468.nuc.ord.aln,ENSG00000057468.nuc.ord.tre,1.155621
ENSG00000057593.nuc.ord.aln,ENSG00000057593.nuc.ord.tre,0.327494
ENSG00000057608.nuc.ord.aln,ENSG00000057608.nuc.ord.tre,0.441175
ENSG00000057657.nuc.ord.aln,ENSG00000057657.nuc.ord.tre,0.931127
ENSG00000057663.nuc.ord.aln,ENSG00000057663.nuc.ord.tre,0.387020
ENSG00000057704.nuc.ord.aln,ENSG00000057704.nuc.ord.tre,0.463599
ENSG00000057757.nuc.ord.aln,ENSG00000057757.nuc.ord.tre,0.339947
ENSG00000057935.nuc.ord.aln,ENSG00000057935.nuc.ord.tre,0.439836
ENSG00000058056.nuc.ord.aln,ENSG00000058056.nuc.ord.tre,0.842195
ENSG00000058063.nuc.ord.aln,ENSG00000058063.nuc.ord.tre,1.226327
ENSG00000058085.nuc.ord.aln,ENSG00000058085.nuc.ord.tre,1.043596
ENSG00000058091.nuc.ord.aln,ENSG00000058091.nuc.ord.tre,0.485556
ENSG00000058262.nuc.ord.aln,ENSG00000058262.nuc.ord.tre,0.412121
ENSG00000058272.nuc.ord.aln,ENSG00000058272.nuc.ord.tre,1.043198
ENSG00000058335.nuc.ord.aln,ENSG00000058335.nuc.ord.tre,1.229408
ENSG00000058600.nuc.ord.aln,ENSG00000058600.nuc.ord.tre,0.571436
ENSG00000058668.nuc.ord.aln,ENSG00000058668.nuc.ord.tre,1.360515
ENSG00000058673.nuc.ord.aln,ENSG00000058673.nuc.ord.tre,0.631731
ENSG00000058729.nuc.ord.aln,ENSG00000058729.nuc.ord.tre,0.435742
ENSG00000058799.nuc.ord.aln,ENSG00000058799.nuc.ord.tre,0.354335
ENSG00000058866.nuc.ord.aln,ENSG00000058866.nuc.ord.tre,0.720510
ENSG00000059377.nuc.ord.aln,ENSG00000059377.nuc.ord.tre,0.478582
ENSG00000059378.nuc.ord.aln,ENSG00000059378.nuc.ord.tre,1.211685
ENSG00000059573.nuc.ord.aln,ENSG00000059573.nuc.ord.tre,0.715281
ENSG00000059691.nuc.ord.aln,ENSG00000059691.nuc.ord.tre,0.547113
ENSG00000059728.nuc.ord.aln,ENSG00000059728.nuc.ord.tre,0.366668
ENSG00000060069.nuc.ord.aln,ENSG00000060069.nuc.ord.tre,0.900899
ENSG00000060138.nuc.ord.aln,ENSG00000060138.nuc.ord.tre,0.406972
ENSG00000060140.nuc.ord.aln,ENSG00000060140.nuc.ord.tre,0.400593
ENSG00000060237.nuc.ord.aln,ENSG00000060237.nuc.ord.tre,4.219384
ENSG00000060339.nuc.ord.aln,ENSG00000060339.nuc.ord.tre,1.254187
ENSG00000060558.nuc.ord.aln,ENSG00000060558.nuc.ord.tre,0.276418
ENSG00000060642.nuc.ord.aln,ENSG00000060642.nuc.ord.tre,0.420092
ENSG00000060656.nuc.ord.aln,ENSG00000060656.nuc.ord.tre,1.731598
ENSG00000060709.nuc.ord.aln,ENSG00000060709.nuc.ord.tre,1.904710
ENSG00000060718.nuc.ord.aln,ENSG00000060718.nuc.ord.tre,2.676512
ENSG00000060749.nuc.ord.aln,ENSG00000060749.nuc.ord.tre,1.820302
ENSG00000060762.nuc.ord.aln,ENSG00000060762.nuc.ord.tre,0.257210
ENSG00000060982.nuc.ord.aln,ENSG00000060982.nuc.ord.tre,0.518131
ENSG00000061273.nuc.ord.aln,ENSG00000061273.nuc.ord.tre,0.959830
ENSG00000061337.nuc.ord.aln,ENSG00000061337.nuc.ord.tre,0.494386
ENSG00000061455.nuc.ord.aln,ENSG00000061455.nuc.ord.tre,1.348027
ENSG00000061492.nuc.ord.aln,ENSG00000061492.nuc.ord.tre,0.339069
ENSG00000061656.nuc.ord.aln,ENSG00000061656.nuc.ord.tre,0.405313
ENSG00000061676.nuc.ord.aln,ENSG00000061676.nuc.ord.tre,1.280961
ENSG00000061794.nuc.ord.aln,ENSG00000061794.nuc.ord.tre,0.395055
ENSG00000061918.nuc.ord.aln,ENSG00000061918.nuc.ord.tre,0.613534
ENSG00000061936.nuc.ord.aln,ENSG00000061936.nuc.ord.tre,0.949933
ENSG00000061987.nuc.ord.aln,ENSG00000061987.nuc.ord.tre,2.026275
ENSG00000062194.nuc.ord.aln,ENSG00000062194.nuc.ord.tre,0.444946
ENSG00000062282.nuc.ord.aln,ENSG00000062282.nuc.ord.tre,0.401618
ENSG00000062524.nuc.ord.aln,ENSG00000062524.nuc.ord.tre,0.581271
ENSG00000062582.nuc.ord.aln,ENSG00000062582.nuc.ord.tre,0.241500
ENSG00000062598.nuc.ord.aln,ENSG00000062598.nuc.ord.tre,0.777352
ENSG00000062650.nuc.ord.aln,ENSG00000062650.nuc.ord.tre,1.288288
ENSG00000062716.nuc.ord.aln,ENSG00000062716.nuc.ord.tre,0.413013
ENSG00000062725.nuc.ord.aln,ENSG00000062725.nuc.ord.tre,0.525868
ENSG00000062822.nuc.ord.aln,ENSG00000062822.nuc.ord.tre,0.982100
ENSG00000063015.nuc.ord.aln,ENSG00000063015.nuc.ord.tre,0.986049
ENSG00000063046.nuc.ord.aln,ENSG00000063046.nuc.ord.tre,0.533394
ENSG00000063176.nuc.ord.aln,ENSG00000063176.nuc.ord.tre,0.567600
ENSG00000063245.nuc.ord.aln,ENSG00000063245.nuc.ord.tre,0.517817
ENSG00000063322.nuc.ord.aln,ENSG00000063322.nuc.ord.tre,0.235055
ENSG00000063438.nuc.ord.aln,ENSG00000063438.nuc.ord.tre,0.586640
ENSG00000063515.nuc.ord.aln,ENSG00000063515.nuc.ord.tre,0.196204
ENSG00000063587.nuc.ord.aln,ENSG00000063587.nuc.ord.tre,0.400984
ENSG00000063601.nuc.ord.aln,ENSG00000063601.nuc.ord.tre,0.590807
ENSG00000063761.nuc.ord.aln,ENSG00000063761.nuc.ord.tre,0.458980
ENSG00000063978.nuc.ord.aln,ENSG00000063978.nuc.ord.tre,0.338906
ENSG00000064012.nuc.ord.aln,ENSG00000064012.nuc.ord.tre,0.586352
ENSG00000064042.nuc.ord.aln,ENSG00000064042.nuc.ord.tre,2.285024
ENSG00000064102.nuc.ord.aln,ENSG00000064102.nuc.ord.tre,0.679478
ENSG00000064115.nuc.ord.aln,ENSG00000064115.nuc.ord.tre,0.482276
ENSG00000064195.nuc.ord.aln,ENSG00000064195.nuc.ord.tre,0.299257
ENSG00000064199.nuc.ord.aln,ENSG00000064199.nuc.ord.tre,0.308872
ENSG00000064270.nuc.ord.aln,ENSG00000064270.nuc.ord.tre,1.331404
ENSG00000064309.nuc.ord.aln,ENSG00000064309.nuc.ord.tre,1.550058
ENSG00000064313.nuc.ord.aln,ENSG00000064313.nuc.ord.tre,1.284485
ENSG00000064419.nuc.ord.aln,ENSG00000064419.nuc.ord.tre,1.100448
ENSG00000064490.nuc.ord.aln,ENSG00000064490.nuc.ord.tre,0.328043
ENSG00000064601.nuc.ord.aln,ENSG00000064601.nuc.ord.tre,0.423200
ENSG00000064651.nuc.ord.aln,ENSG00000064651.nuc.ord.tre,1.435463
ENSG00000064652.nuc.ord.aln,ENSG00000064652.nuc.ord.tre,0.356837
ENSG00000064655.nuc.ord.aln,ENSG00000064655.nuc.ord.tre,0.508716
ENSG00000064692.nuc.ord.aln,ENSG00000064692.nuc.ord.tre,1.114324
ENSG00000064703.nuc.ord.aln,ENSG00000064703.nuc.ord.tre,0.819739
ENSG00000064726.nuc.ord.aln,ENSG00000064726.nuc.ord.tre,0.477945
ENSG00000064763.nuc.ord.aln,ENSG00000064763.nuc.ord.tre,0.440584
ENSG00000064787.nuc.ord.aln,ENSG00000064787.nuc.ord.tre,0.678789
ENSG00000064835.nuc.ord.aln,ENSG00000064835.nuc.ord.tre,0.423027
ENSG00000064933.nuc.ord.aln,ENSG00000064933.nuc.ord.tre,1.288704
ENSG00000064989.nuc.ord.aln,ENSG00000064989.nuc.ord.tre,0.464383
ENSG00000064999.nuc.ord.aln,ENSG00000064999.nuc.ord.tre,1.154623
ENSG00000065029.nuc.ord.aln,ENSG00000065029.nuc.ord.tre,0.476386
ENSG00000065054.nuc.ord.aln,ENSG00000065054.nuc.ord.tre,0.291665
ENSG00000065057.nuc.ord.aln,ENSG00000065057.nuc.ord.tre,0.308728
ENSG00000065060.nuc.ord.aln,ENSG00000065060.nuc.ord.tre,1.883127
ENSG00000065135.nuc.ord.aln,ENSG00000065135.nuc.ord.tre,0.398569
ENSG00000065154.nuc.ord.aln,ENSG00000065154.nuc.ord.tre,0.427344
ENSG00000065183.nuc.ord.aln,ENSG00000065183.nuc.ord.tre,0.936821
ENSG00000065243.nuc.ord.aln,ENSG00000065243.nuc.ord.tre,0.960325
ENSG00000065308.nuc.ord.aln,ENSG00000065308.nuc.ord.tre,0.432481
ENSG00000065320.nuc.ord.aln,ENSG00000065320.nuc.ord.tre,0.394164
ENSG00000065325.nuc.ord.aln,ENSG00000065325.nuc.ord.tre,0.508915
ENSG00000065328.nuc.ord.aln,ENSG00000065328.nuc.ord.tre,0.947757
ENSG00000065357.nuc.ord.aln,ENSG00000065357.nuc.ord.tre,0.654046
ENSG00000065361.nuc.ord.aln,ENSG00000065361.nuc.ord.tre,1.424821
ENSG00000065413.nuc.ord.aln,ENSG00000065413.nuc.ord.tre,1.184196
ENSG00000065427.nuc.ord.aln,ENSG00000065427.nuc.ord.tre,0.566622
ENSG00000065457.nuc.ord.aln,ENSG00000065457.nuc.ord.tre,0.483243
ENSG00000065485.nuc.ord.aln,ENSG00000065485.nuc.ord.tre,0.526464
ENSG00000065491.nuc.ord.aln,ENSG00000065491.nuc.ord.tre,0.517843
ENSG00000065526.nuc.ord.aln,ENSG00000065526.nuc.ord.tre,7.547762
ENSG00000065534.nuc.ord.aln,ENSG00000065534.nuc.ord.tre,1.909050
ENSG00000065548.nuc.ord.aln,ENSG00000065548.nuc.ord.tre,0.411344
ENSG00000065559.nuc.ord.aln,ENSG00000065559.nuc.ord.tre,0.427109
ENSG00000065600.nuc.ord.aln,ENSG00000065600.nuc.ord.tre,0.369818
ENSG00000065609.nuc.ord.aln,ENSG00000065609.nuc.ord.tre,1.135278
ENSG00000065613.nuc.ord.aln,ENSG00000065613.nuc.ord.tre,1.451024
ENSG00000065615.nuc.ord.aln,ENSG00000065615.nuc.ord.tre,0.477338
ENSG00000065618.nuc.ord.aln,ENSG00000065618.nuc.ord.tre,1.867483
ENSG00000065621.nuc.ord.aln,ENSG00000065621.nuc.ord.tre,0.318874
ENSG00000065665.nuc.ord.aln,ENSG00000065665.nuc.ord.tre,0.511587
ENSG00000065675.nuc.ord.aln,ENSG00000065675.nuc.ord.tre,0.672025
ENSG00000065717.nuc.ord.aln,ENSG00000065717.nuc.ord.tre,0.632283
ENSG00000065809.nuc.ord.aln,ENSG00000065809.nuc.ord.tre,0.347456
ENSG00000065882.nuc.ord.aln,ENSG00000065882.nuc.ord.tre,1.408889
ENSG00000065883.nuc.ord.aln,ENSG00000065883.nuc.ord.tre,2.067036
ENSG00000065970.nuc.ord.aln,ENSG00000065970.nuc.ord.tre,0.404007
ENSG00000066027.nuc.ord.aln,ENSG00000066027.nuc.ord.tre,0.499308
ENSG00000066032.nuc.ord.aln,ENSG00000066032.nuc.ord.tre,0.809644
ENSG00000066084.nuc.ord.aln,ENSG00000066084.nuc.ord.tre,1.933949
ENSG00000066117.nuc.ord.aln,ENSG00000066117.nuc.ord.tre,0.417331
ENSG00000066135.nuc.ord.aln,ENSG00000066135.nuc.ord.tre,1.277702
ENSG00000066185.nuc.ord.aln,ENSG00000066185.nuc.ord.tre,0.406049
ENSG00000066230.nuc.ord.aln,ENSG00000066230.nuc.ord.tre,0.709995
ENSG00000066248.nuc.ord.aln,ENSG00000066248.nuc.ord.tre,0.393898
ENSG00000066279.nuc.ord.aln,ENSG00000066279.nuc.ord.tre,6.725030
ENSG00000066322.nuc.ord.aln,ENSG00000066322.nuc.ord.tre,0.352898
ENSG00000066379.nuc.ord.aln,ENSG00000066379.nuc.ord.tre,0.235055
ENSG00000066382.nuc.ord.aln,ENSG00000066382.nuc.ord.tre,0.380312
ENSG00000066405.nuc.ord.aln,ENSG00000066405.nuc.ord.tre,0.343441
ENSG00000066422.nuc.ord.aln,ENSG00000066422.nuc.ord.tre,1.059912
ENSG00000066455.nuc.ord.aln,ENSG00000066455.nuc.ord.tre,0.621618
ENSG00000066468.nuc.ord.aln,ENSG00000066468.nuc.ord.tre,0.511039
ENSG00000066557.nuc.ord.aln,ENSG00000066557.nuc.ord.tre,0.504086
ENSG00000066583.nuc.ord.aln,ENSG00000066583.nuc.ord.tre,0.460218
ENSG00000066629.nuc.ord.aln,ENSG00000066629.nuc.ord.tre,0.687043
ENSG00000066651.nuc.ord.aln,ENSG00000066651.nuc.ord.tre,0.424562
ENSG00000066654.nuc.ord.aln,ENSG00000066654.nuc.ord.tre,0.301447
ENSG00000066777.nuc.ord.aln,ENSG00000066777.nuc.ord.tre,2.422072
ENSG00000066827.nuc.ord.aln,ENSG00000066827.nuc.ord.tre,1.420393
ENSG00000066855.nuc.ord.aln,ENSG00000066855.nuc.ord.tre,0.416086
ENSG00000066926.nuc.ord.aln,ENSG00000066926.nuc.ord.tre,0.418415
ENSG00000066933.nuc.ord.aln,ENSG00000066933.nuc.ord.tre,4.397651
ENSG00000067057.nuc.ord.aln,ENSG00000067057.nuc.ord.tre,0.766592
ENSG00000067064.nuc.ord.aln,ENSG00000067064.nuc.ord.tre,0.341645
ENSG00000067082.nuc.ord.aln,ENSG00000067082.nuc.ord.tre,0.317799
ENSG00000067113.nuc.ord.aln,ENSG00000067113.nuc.ord.tre,0.415637
ENSG00000067141.nuc.ord.aln,ENSG00000067141.nuc.ord.tre,1.773671
ENSG00000067177.nuc.ord.aln,ENSG00000067177.nuc.ord.tre,1.377864
ENSG00000067182.nuc.ord.aln,ENSG00000067182.nuc.ord.tre,0.562963
ENSG00000067208.nuc.ord.aln,ENSG00000067208.nuc.ord.tre,0.799873
ENSG00000067221.nuc.ord.aln,ENSG00000067221.nuc.ord.tre,0.380857
ENSG00000067248.nuc.ord.aln,ENSG00000067248.nuc.ord.tre,1.525938
ENSG00000067334.nuc.ord.aln,ENSG00000067334.nuc.ord.tre,1.413786
ENSG00000067369.nuc.ord.aln,ENSG00000067369.nuc.ord.tre,2.675929
ENSG00000067596.nuc.ord.aln,ENSG00000067596.nuc.ord.tre,1.314246
ENSG00000067704.nuc.ord.aln,ENSG00000067704.nuc.ord.tre,1.137669
ENSG00000067715.nuc.ord.aln,ENSG00000067715.nuc.ord.tre,0.330306
ENSG00000067798.nuc.ord.aln,ENSG00000067798.nuc.ord.tre,4.360617
ENSG00000067900.nuc.ord.aln,ENSG00000067900.nuc.ord.tre,1.412048
ENSG00000067955.nuc.ord.aln,ENSG00000067955.nuc.ord.tre,0.338060
ENSG00000067992.nuc.ord.aln,ENSG00000067992.nuc.ord.tre,0.403101
ENSG00000068001.nuc.ord.aln,ENSG00000068001.nuc.ord.tre,0.537344
ENSG00000068028.nuc.ord.aln,ENSG00000068028.nuc.ord.tre,0.355224
ENSG00000068079.nuc.ord.aln,ENSG00000068079.nuc.ord.tre,0.315024
ENSG00000068097.nuc.ord.aln,ENSG00000068097.nuc.ord.tre,1.310468
ENSG00000068120.nuc.ord.aln,ENSG00000068120.nuc.ord.tre,0.427944
ENSG00000068323.nuc.ord.aln,ENSG00000068323.nuc.ord.tre,0.857244
ENSG00000068354.nuc.ord.aln,ENSG00000068354.nuc.ord.tre,0.678084
ENSG00000068366.nuc.ord.aln,ENSG00000068366.nuc.ord.tre,0.602147
ENSG00000068383.nuc.ord.aln,ENSG00000068383.nuc.ord.tre,0.388309
ENSG00000068394.nuc.ord.aln,ENSG00000068394.nuc.ord.tre,0.384100
ENSG00000068489.nuc.ord.aln,ENSG00000068489.nuc.ord.tre,0.397151
ENSG00000068615.nuc.ord.aln,ENSG00000068615.nuc.ord.tre,0.322382
ENSG00000068650.nuc.ord.aln,ENSG00000068650.nuc.ord.tre,1.569553
ENSG00000068654.nuc.ord.aln,ENSG00000068654.nuc.ord.tre,2.453945
ENSG00000068697.nuc.ord.aln,ENSG00000068697.nuc.ord.tre,0.233888
ENSG00000068724.nuc.ord.aln,ENSG00000068724.nuc.ord.tre,0.855606
ENSG00000068745.nuc.ord.aln,ENSG00000068745.nuc.ord.tre,0.531056
ENSG00000068784.nuc.ord.aln,ENSG00000068784.nuc.ord.tre,1.069243
ENSG00000068793.nuc.ord.aln,ENSG00000068793.nuc.ord.tre,1.622892
ENSG00000068796.nuc.ord.aln,ENSG00000068796.nuc.ord.tre,0.855695
ENSG00000068831.nuc.ord.aln,ENSG00000068831.nuc.ord.tre,0.750727
ENSG00000068878.nuc.ord.aln,ENSG00000068878.nuc.ord.tre,2.507186
ENSG00000068885.nuc.ord.aln,ENSG00000068885.nuc.ord.tre,1.668738
ENSG00000068903.nuc.ord.aln,ENSG00000068903.nuc.ord.tre,0.360055
ENSG00000068912.nuc.ord.aln,ENSG00000068912.nuc.ord.tre,0.505295
ENSG00000068971.nuc.ord.aln,ENSG00000068971.nuc.ord.tre,0.379822
ENSG00000068976.nuc.ord.aln,ENSG00000068976.nuc.ord.tre,0.912505
ENSG00000069011.nuc.ord.aln,ENSG00000069011.nuc.ord.tre,0.267066
ENSG00000069018.nuc.ord.aln,ENSG00000069018.nuc.ord.tre,0.893975
ENSG00000069020.nuc.ord.aln,ENSG00000069020.nuc.ord.tre,5.751766
ENSG00000069206.nuc.ord.aln,ENSG00000069206.nuc.ord.tre,0.760801
ENSG00000069248.nuc.ord.aln,ENSG00000069248.nuc.ord.tre,1.613367
ENSG00000069275.nuc.ord.aln,ENSG00000069275.nuc.ord.tre,0.314632
ENSG00000069329.nuc.ord.aln,ENSG00000069329.nuc.ord.tre,0.723178
ENSG00000069345.nuc.ord.aln,ENSG00000069345.nuc.ord.tre,0.185329
ENSG00000069431.nuc.ord.aln,ENSG00000069431.nuc.ord.tre,2.081603
ENSG00000069482.nuc.ord.aln,ENSG00000069482.nuc.ord.tre,0.199931
ENSG00000069509.nuc.ord.aln,ENSG00000069509.nuc.ord.tre,0.256948
ENSG00000069535.nuc.ord.aln,ENSG00000069535.nuc.ord.tre,0.502852
ENSG00000069667.nuc.ord.aln,ENSG00000069667.nuc.ord.tre,0.956801
ENSG00000069702.nuc.ord.aln,ENSG00000069702.nuc.ord.tre,0.805579
ENSG00000069712.nuc.ord.aln,ENSG00000069712.nuc.ord.tre,1.607404
ENSG00000069849.nuc.ord.aln,ENSG00000069849.nuc.ord.tre,0.278880
ENSG00000069869.nuc.ord.aln,ENSG00000069869.nuc.ord.tre,2.589979
ENSG00000069943.nuc.ord.aln,ENSG00000069943.nuc.ord.tre,0.623999
ENSG00000069966.nuc.ord.aln,ENSG00000069966.nuc.ord.tre,0.410903
ENSG00000069974.nuc.ord.aln,ENSG00000069974.nuc.ord.tre,0.317408
ENSG00000070010.nuc.ord.aln,ENSG00000070010.nuc.ord.tre,0.391893
ENSG00000070018.nuc.ord.aln,ENSG00000070018.nuc.ord.tre,1.925587
ENSG00000070019.nuc.ord.aln,ENSG00000070019.nuc.ord.tre,1.034349
ENSG00000070047.nuc.ord.aln,ENSG00000070047.nuc.ord.tre,2.058596
ENSG00000070061.nuc.ord.aln,ENSG00000070061.nuc.ord.tre,1.515788
ENSG00000070081.nuc.ord.aln,ENSG00000070081.nuc.ord.tre,0.431227
ENSG00000070087.nuc.ord.aln,ENSG00000070087.nuc.ord.tre,0.221595
ENSG00000070159.nuc.ord.aln,ENSG00000070159.nuc.ord.tre,0.775828
ENSG00000070182.nuc.ord.aln,ENSG00000070182.nuc.ord.tre,4.015622
ENSG00000070190.nuc.ord.aln,ENSG00000070190.nuc.ord.tre,0.395277
ENSG00000070193.nuc.ord.aln,ENSG00000070193.nuc.ord.tre,0.292702
ENSG00000070214.nuc.ord.aln,ENSG00000070214.nuc.ord.tre,0.825491
ENSG00000070269.nuc.ord.aln,ENSG00000070269.nuc.ord.tre,0.673218
ENSG00000070366.nuc.ord.aln,ENSG00000070366.nuc.ord.tre,0.633891
ENSG00000070367.nuc.ord.aln,ENSG00000070367.nuc.ord.tre,0.607673
ENSG00000070413.nuc.ord.aln,ENSG00000070413.nuc.ord.tre,0.469317
ENSG00000070495.nuc.ord.aln,ENSG00000070495.nuc.ord.tre,0.372755
ENSG00000070501.nuc.ord.aln,ENSG00000070501.nuc.ord.tre,0.362952
ENSG00000070540.nuc.ord.aln,ENSG00000070540.nuc.ord.tre,0.432635
ENSG00000070601.nuc.ord.aln,ENSG00000070601.nuc.ord.tre,2.182201
ENSG00000070610.nuc.ord.aln,ENSG00000070610.nuc.ord.tre,0.960154
ENSG00000070614.nuc.ord.aln,ENSG00000070614.nuc.ord.tre,0.649104
ENSG00000070669.nuc.ord.aln,ENSG00000070669.nuc.ord.tre,0.275480
ENSG00000070718.nuc.ord.aln,ENSG00000070718.nuc.ord.tre,0.447146
ENSG00000070729.nuc.ord.aln,ENSG00000070729.nuc.ord.tre,2.860580
ENSG00000070761.nuc.ord.aln,ENSG00000070761.nuc.ord.tre,0.317174
ENSG00000070770.nuc.ord.aln,ENSG00000070770.nuc.ord.tre,0.512993
ENSG00000070778.nuc.ord.aln,ENSG00000070778.nuc.ord.tre,1.378012
ENSG00000070785.nuc.ord.aln,ENSG00000070785.nuc.ord.tre,0.419369
ENSG00000070808.nuc.ord.aln,ENSG00000070808.nuc.ord.tre,0.763685
ENSG00000070814.nuc.ord.aln,ENSG00000070814.nuc.ord.tre,2.288602
ENSG00000070882.nuc.ord.aln,ENSG00000070882.nuc.ord.tre,0.928373
ENSG00000070915.nuc.ord.aln,ENSG00000070915.nuc.ord.tre,0.939954
ENSG00000070950.nuc.ord.aln,ENSG00000070950.nuc.ord.tre,0.470322
ENSG00000070961.nuc.ord.aln,ENSG00000070961.nuc.ord.tre,1.423802
ENSG00000071054.nuc.ord.aln,ENSG00000071054.nuc.ord.tre,1.773537
ENSG00000071073.nuc.ord.aln,ENSG00000071073.nuc.ord.tre,0.484742
ENSG00000071127.nuc.ord.aln,ENSG00000071127.nuc.ord.tre,0.628917
ENSG00000071189.nuc.ord.aln,ENSG00000071189.nuc.ord.tre,1.072860
ENSG00000071205.nuc.ord.aln,ENSG00000071205.nuc.ord.tre,1.102817
ENSG00000071243.nuc.ord.aln,ENSG00000071243.nuc.ord.tre,0.426238
ENSG00000071246.nuc.ord.aln,ENSG00000071246.nuc.ord.tre,0.406384
ENSG00000071282.nuc.ord.aln,ENSG00000071282.nuc.ord.tre,0.372055
ENSG00000071537.nuc.ord.aln,ENSG00000071537.nuc.ord.tre,0.859119
ENSG00000071539.nuc.ord.aln,ENSG00000071539.nuc.ord.tre,0.398381
ENSG00000071553.nuc.ord.aln,ENSG00000071553.nuc.ord.tre,0.732422
ENSG00000071575.nuc.ord.aln,ENSG00000071575.nuc.ord.tre,0.382200
ENSG00000071794.nuc.ord.aln,ENSG00000071794.nuc.ord.tre,1.300278
ENSG00000071859.nuc.ord.aln,ENSG00000071859.nuc.ord.tre,0.354940
ENSG00000071889.nuc.ord.aln,ENSG00000071889.nuc.ord.tre,0.260345
ENSG00000071909.nuc.ord.aln,ENSG00000071909.nuc.ord.tre,1.512679
ENSG00000071967.nuc.ord.aln,ENSG00000071967.nuc.ord.tre,0.359560
ENSG00000071991.nuc.ord.aln,ENSG00000071991.nuc.ord.tre,0.627640
ENSG00000071994.nuc.ord.aln,ENSG00000071994.nuc.ord.tre,0.310770
ENSG00000072041.nuc.ord.aln,ENSG00000072041.nuc.ord.tre,0.792431
ENSG00000072042.nuc.ord.aln,ENSG00000072042.nuc.ord.tre,0.419644
ENSG00000072080.nuc.ord.aln,ENSG00000072080.nuc.ord.tre,0.290630
ENSG00000072110.nuc.ord.aln,ENSG00000072110.nuc.ord.tre,0.853845
ENSG00000072121.nuc.ord.aln,ENSG00000072121.nuc.ord.tre,4.277390
ENSG00000072133.nuc.ord.aln,ENSG00000072133.nuc.ord.tre,0.726803
ENSG00000072134.nuc.ord.aln,ENSG00000072134.nuc.ord.tre,0.564039
ENSG00000072135.nuc.ord.aln,ENSG00000072135.nuc.ord.tre,0.377104
ENSG00000072182.nuc.ord.aln,ENSG00000072182.nuc.ord.tre,0.520977
ENSG00000072195.nuc.ord.aln,ENSG00000072195.nuc.ord.tre,5.367695
ENSG00000072201.nuc.ord.aln,ENSG00000072201.nuc.ord.tre,0.614492
ENSG00000072210.nuc.ord.aln,ENSG00000072210.nuc.ord.tre,0.548708
ENSG00000072274.nuc.ord.aln,ENSG00000072274.nuc.ord.tre,0.778740
ENSG00000072310.nuc.ord.aln,ENSG00000072310.nuc.ord.tre,1.289620
ENSG00000072315.nuc.ord.aln,ENSG00000072315.nuc.ord.tre,1.085774
ENSG00000072364.nuc.ord.aln,ENSG00000072364.nuc.ord.tre,1.762913
ENSG00000072401.nuc.ord.aln,ENSG00000072401.nuc.ord.tre,0.291101
ENSG00000072415.nuc.ord.aln,ENSG00000072415.nuc.ord.tre,0.609710
ENSG00000072422.nuc.ord.aln,ENSG00000072422.nuc.ord.tre,0.673410
ENSG00000072518.nuc.ord.aln,ENSG00000072518.nuc.ord.tre,0.662680
ENSG00000072571.nuc.ord.aln,ENSG00000072571.nuc.ord.tre,0.826714
ENSG00000072609.nuc.ord.aln,ENSG00000072609.nuc.ord.tre,0.629045
ENSG00000072657.nuc.ord.aln,ENSG00000072657.nuc.ord.tre,1.148140
ENSG00000072682.nuc.ord.aln,ENSG00000072682.nuc.ord.tre,0.503210
ENSG00000072736.nuc.ord.aln,ENSG00000072736.nuc.ord.tre,1.166303
ENSG00000072756.nuc.ord.aln,ENSG00000072756.nuc.ord.tre,0.447493
ENSG00000072778.nuc.ord.aln,ENSG00000072778.nuc.ord.tre,0.872452
ENSG00000072786.nuc.ord.aln,ENSG00000072786.nuc.ord.tre,2.122953
ENSG00000072803.nuc.ord.aln,ENSG00000072803.nuc.ord.tre,0.542176
ENSG00000072840.nuc.ord.aln,ENSG00000072840.nuc.ord.tre,0.860903
ENSG00000072849.nuc.ord.aln,ENSG00000072849.nuc.ord.tre,0.338128
ENSG00000072858.nuc.ord.aln,ENSG00000072858.nuc.ord.tre,0.842654
ENSG00000072864.nuc.ord.aln,ENSG00000072864.nuc.ord.tre,0.375221
ENSG00000072952.nuc.ord.aln,ENSG00000072952.nuc.ord.tre,0.877792
ENSG00000072954.nuc.ord.aln,ENSG00000072954.nuc.ord.tre,0.303980
ENSG00000073009.nuc.ord.aln,ENSG00000073009.nuc.ord.tre,0.493365
ENSG00000073050.nuc.ord.aln,ENSG00000073050.nuc.ord.tre,0.562205
ENSG00000073111.nuc.ord.aln,ENSG00000073111.nuc.ord.tre,0.785195
ENSG00000073146.nuc.ord.aln,ENSG00000073146.nuc.ord.tre,1.750183
ENSG00000073282.nuc.ord.aln,ENSG00000073282.nuc.ord.tre,0.604881
ENSG00000073331.nuc.ord.aln,ENSG00000073331.nuc.ord.tre,1.532498
ENSG00000073350.nuc.ord.aln,ENSG00000073350.nuc.ord.tre,1.034324
ENSG00000073417.nuc.ord.aln,ENSG00000073417.nuc.ord.tre,0.857343
ENSG00000073464.nuc.ord.aln,ENSG00000073464.nuc.ord.tre,0.753291
ENSG00000073584.nuc.ord.aln,ENSG00000073584.nuc.ord.tre,0.391337
ENSG00000073598.nuc.ord.aln,ENSG00000073598.nuc.ord.tre,0.322602
ENSG00000073614.nuc.ord.aln,ENSG00000073614.nuc.ord.tre,2.617425
ENSG00000073670.nuc.ord.aln,ENSG00000073670.nuc.ord.tre,0.622782
ENSG00000073711.nuc.ord.aln,ENSG00000073711.nuc.ord.tre,0.804745
ENSG00000073712.nuc.ord.aln,ENSG00000073712.nuc.ord.tre,0.581055
ENSG00000073737.nuc.ord.aln,ENSG00000073737.nuc.ord.tre,0.415765
ENSG00000073754.nuc.ord.aln,ENSG00000073754.nuc.ord.tre,0.299968
ENSG00000073756.nuc.ord.aln,ENSG00000073756.nuc.ord.tre,0.492165
ENSG00000073792.nuc.ord.aln,ENSG00000073792.nuc.ord.tre,0.586806
ENSG00000073803.nuc.ord.aln,ENSG00000073803.nuc.ord.tre,1.116983
ENSG00000073849.nuc.ord.aln,ENSG00000073849.nuc.ord.tre,0.391473
ENSG00000073861.nuc.ord.aln,ENSG00000073861.nuc.ord.tre,0.421255
ENSG00000073921.nuc.ord.aln,ENSG00000073921.nuc.ord.tre,0.690665
ENSG00000073969.nuc.ord.aln,ENSG00000073969.nuc.ord.tre,0.466843
ENSG00000074047.nuc.ord.aln,ENSG00000074047.nuc.ord.tre,2.312808
ENSG00000074054.nuc.ord.aln,ENSG00000074054.nuc.ord.tre,2.043036
ENSG00000074071.nuc.ord.aln,ENSG00000074071.nuc.ord.tre,0.239990
ENSG00000074201.nuc.ord.aln,ENSG00000074201.nuc.ord.tre,0.296641
ENSG00000074211.nuc.ord.aln,ENSG00000074211.nuc.ord.tre,0.399404
ENSG00000074266.nuc.ord.aln,ENSG00000074266.nuc.ord.tre,0.476903
ENSG00000074276.nuc.ord.aln,ENSG00000074276.nuc.ord.tre,1.220501
ENSG00000074317.nuc.ord.aln,ENSG00000074317.nuc.ord.tre,0.202383
ENSG00000074319.nuc.ord.aln,ENSG00000074319.nuc.ord.tre,0.365951
ENSG00000074356.nuc.ord.aln,ENSG00000074356.nuc.ord.tre,0.511347
ENSG00000074370.nuc.ord.aln,ENSG00000074370.nuc.ord.tre,1.220830
ENSG00000074410.nuc.ord.aln,ENSG00000074410.nuc.ord.tre,0.530827
ENSG00000074416.nuc.ord.aln,ENSG00000074416.nuc.ord.tre,0.295732
ENSG00000074527.nuc.ord.aln,ENSG00000074527.nuc.ord.tre,0.521432
ENSG00000074582.nuc.ord.aln,ENSG00000074582.nuc.ord.tre,0.366326
ENSG00000074590.nuc.ord.aln,ENSG00000074590.nuc.ord.tre,0.550759
ENSG00000074603.nuc.ord.aln,ENSG00000074603.nuc.ord.tre,0.828224
ENSG00000074621.nuc.ord.aln,ENSG00000074621.nuc.ord.tre,1.958825
ENSG00000074657.nuc.ord.aln,ENSG00000074657.nuc.ord.tre,1.229292
ENSG00000074660.nuc.ord.aln,ENSG00000074660.nuc.ord.tre,0.605664
ENSG00000074695.nuc.ord.aln,ENSG00000074695.nuc.ord.tre,0.503709
ENSG00000074696.nuc.ord.aln,ENSG00000074696.nuc.ord.tre,0.421954
ENSG00000074706.nuc.ord.aln,ENSG00000074706.nuc.ord.tre,0.478952
ENSG00000074755.nuc.ord.aln,ENSG00000074755.nuc.ord.tre,6.175713
ENSG00000074771.nuc.ord.aln,ENSG00000074771.nuc.ord.tre,0.597252
ENSG00000074803.nuc.ord.aln,ENSG00000074803.nuc.ord.tre,1.142663
ENSG00000074935.nuc.ord.aln,ENSG00000074935.nuc.ord.tre,0.456339
ENSG00000074964.nuc.ord.aln,ENSG00000074964.nuc.ord.tre,1.245770
ENSG00000074966.nuc.ord.aln,ENSG00000074966.nuc.ord.tre,0.385589
ENSG00000075035.nuc.ord.aln,ENSG00000075035.nuc.ord.tre,0.778054
ENSG00000075073.nuc.ord.aln,ENSG00000075073.nuc.ord.tre,0.379951
ENSG00000075131.nuc.ord.aln,ENSG00000075131.nuc.ord.tre,0.353854
ENSG00000075151.nuc.ord.aln,ENSG00000075151.nuc.ord.tre,2.318999
ENSG00000075188.nuc.ord.aln,ENSG00000075188.nuc.ord.tre,0.402261
ENSG00000075213.nuc.ord.aln,ENSG00000075213.nuc.ord.tre,0.508321
ENSG00000075218.nuc.ord.aln,ENSG00000075218.nuc.ord.tre,0.771805
ENSG00000075223.nuc.ord.aln,ENSG00000075223.nuc.ord.tre,0.675132
ENSG00000075234.nuc.ord.aln,ENSG00000075234.nuc.ord.tre,0.472068
ENSG00000075239.nuc.ord.aln,ENSG00000075239.nuc.ord.tre,0.428942
ENSG00000075275.nuc.ord.aln,ENSG00000075275.nuc.ord.tre,6.271925
ENSG00000075290.nuc.ord.aln,ENSG00000075290.nuc.ord.tre,0.370252
ENSG00000075292.nuc.ord.aln,ENSG00000075292.nuc.ord.tre,2.893908
ENSG00000075303.nuc.ord.aln,ENSG00000075303.nuc.ord.tre,0.358150
ENSG00000075336.nuc.ord.aln,ENSG00000075336.nuc.ord.tre,0.328577
ENSG00000075340.nuc.ord.aln,ENSG00000075340.nuc.ord.tre,0.638135
ENSG00000075391.nuc.ord.aln,ENSG00000075391.nuc.ord.tre,1.449732
ENSG00000075413.nuc.ord.aln,ENSG00000075413.nuc.ord.tre,0.808393
ENSG00000075415.nuc.ord.aln,ENSG00000075415.nuc.ord.tre,0.403474
ENSG00000075420.nuc.ord.aln,ENSG00000075420.nuc.ord.tre,1.349073
ENSG00000075461.nuc.ord.aln,ENSG00000075461.nuc.ord.tre,0.334761
ENSG00000075539.nuc.ord.aln,ENSG00000075539.nuc.ord.tre,5.913008
ENSG00000075568.nuc.ord.aln,ENSG00000075568.nuc.ord.tre,2.826276
ENSG00000075643.nuc.ord.aln,ENSG00000075643.nuc.ord.tre,0.971172
ENSG00000075651.nuc.ord.aln,ENSG00000075651.nuc.ord.tre,1.132003
ENSG00000075673.nuc.ord.aln,ENSG00000075673.nuc.ord.tre,1.084566
ENSG00000075702.nuc.ord.aln,ENSG00000075702.nuc.ord.tre,2.343125
ENSG00000075711.nuc.ord.aln,ENSG00000075711.nuc.ord.tre,1.106614
ENSG00000075785.nuc.ord.aln,ENSG00000075785.nuc.ord.tre,0.204275
ENSG00000075790.nuc.ord.aln,ENSG00000075790.nuc.ord.tre,0.423532
ENSG00000075826.nuc.ord.aln,ENSG00000075826.nuc.ord.tre,1.570715
ENSG00000075856.nuc.ord.aln,ENSG00000075856.nuc.ord.tre,1.080110
ENSG00000075884.nuc.ord.aln,ENSG00000075884.nuc.ord.tre,0.423683
ENSG00000075891.nuc.ord.aln,ENSG00000075891.nuc.ord.tre,0.565754
ENSG00000075945.nuc.ord.aln,ENSG00000075945.nuc.ord.tre,0.842467
ENSG00000075975.nuc.ord.aln,ENSG00000075975.nuc.ord.tre,0.413346
ENSG00000076003.nuc.ord.aln,ENSG00000076003.nuc.ord.tre,0.767636
ENSG00000076043.nuc.ord.aln,ENSG00000076043.nuc.ord.tre,0.458899
ENSG00000076053.nuc.ord.aln,ENSG00000076053.nuc.ord.tre,0.352942
ENSG00000076108.nuc.ord.aln,ENSG00000076108.nuc.ord.tre,2.793824
ENSG00000076201.nuc.ord.aln,ENSG00000076201.nuc.ord.tre,1.923982
ENSG00000076242.nuc.ord.aln,ENSG00000076242.nuc.ord.tre,0.765655
ENSG00000076248.nuc.ord.aln,ENSG00000076248.nuc.ord.tre,0.179411
ENSG00000076258.nuc.ord.aln,ENSG00000076258.nuc.ord.tre,0.457478
ENSG00000076321.nuc.ord.aln,ENSG00000076321.nuc.ord.tre,0.495724
ENSG00000076351.nuc.ord.aln,ENSG00000076351.nuc.ord.tre,0.369595
ENSG00000076356.nuc.ord.aln,ENSG00000076356.nuc.ord.tre,2.458452
ENSG00000076382.nuc.ord.aln,ENSG00000076382.nuc.ord.tre,1.379741
ENSG00000076513.nuc.ord.aln,ENSG00000076513.nuc.ord.tre,0.530419
ENSG00000076554.nuc.ord.aln,ENSG00000076554.nuc.ord.tre,0.476819
ENSG00000076555.nuc.ord.aln,ENSG00000076555.nuc.ord.tre,4.335195
ENSG00000076604.nuc.ord.aln,ENSG00000076604.nuc.ord.tre,0.512497
ENSG00000076641.nuc.ord.aln,ENSG00000076641.nuc.ord.tre,0.362656
ENSG00000076650.nuc.ord.aln,ENSG00000076650.nuc.ord.tre,0.953684
ENSG00000076685.nuc.ord.aln,ENSG00000076685.nuc.ord.tre,0.344662
ENSG00000076706.nuc.ord.aln,ENSG00000076706.nuc.ord.tre,0.477298
ENSG00000076716.nuc.ord.aln,ENSG00000076716.nuc.ord.tre,0.502246
ENSG00000076770.nuc.ord.aln,ENSG00000076770.nuc.ord.tre,0.434065
ENSG00000076826.nuc.ord.aln,ENSG00000076826.nuc.ord.tre,1.586201
ENSG00000076864.nuc.ord.aln,ENSG00000076864.nuc.ord.tre,0.960666
ENSG00000076924.nuc.ord.aln,ENSG00000076924.nuc.ord.tre,0.527728
ENSG00000076984.nuc.ord.aln,ENSG00000076984.nuc.ord.tre,0.568032
ENSG00000077063.nuc.ord.aln,ENSG00000077063.nuc.ord.tre,2.367755
ENSG00000077080.nuc.ord.aln,ENSG00000077080.nuc.ord.tre,0.426927
ENSG00000077092.nuc.ord.aln,ENSG00000077092.nuc.ord.tre,0.564720
ENSG00000077097.nuc.ord.aln,ENSG00000077097.nuc.ord.tre,1.860179
ENSG00000077147.nuc.ord.aln,ENSG00000077147.nuc.ord.tre,0.661177
ENSG00000077152.nuc.ord.aln,ENSG00000077152.nuc.ord.tre,0.303616
ENSG00000077157.nuc.ord.aln,ENSG00000077157.nuc.ord.tre,1.129075
ENSG00000077232.nuc.ord.aln,ENSG00000077232.nuc.ord.tre,0.730234
ENSG00000077235.nuc.ord.aln,ENSG00000077235.nuc.ord.tre,2.966866
ENSG00000077254.nuc.ord.aln,ENSG00000077254.nuc.ord.tre,0.863814
ENSG00000077264.nuc.ord.aln,ENSG00000077264.nuc.ord.tre,0.450654
ENSG00000077274.nuc.ord.aln,ENSG00000077274.nuc.ord.tre,0.522920
ENSG00000077279.nuc.ord.aln,ENSG00000077279.nuc.ord.tre,0.410327
ENSG00000077348.nuc.ord.aln,ENSG00000077348.nuc.ord.tre,0.364926
ENSG00000077380.nuc.ord.aln,ENSG00000077380.nuc.ord.tre,0.657390
ENSG00000077420.nuc.ord.aln,ENSG00000077420.nuc.ord.tre,0.681192
ENSG00000077454.nuc.ord.aln,ENSG00000077454.nuc.ord.tre,0.993540
ENSG00000077458.nuc.ord.aln,ENSG00000077458.nuc.ord.tre,0.376955
ENSG00000077463.nuc.ord.aln,ENSG00000077463.nuc.ord.tre,0.307356
ENSG00000077514.nuc.ord.aln,ENSG00000077514.nuc.ord.tre,0.449179
ENSG00000077522.nuc.ord.aln,ENSG00000077522.nuc.ord.tre,1.095494
ENSG00000077549.nuc.ord.aln,ENSG00000077549.nuc.ord.tre,0.605913
ENSG00000077616.nuc.ord.aln,ENSG00000077616.nuc.ord.tre,0.704362
ENSG00000077684.nuc.ord.aln,ENSG00000077684.nuc.ord.tre,0.773045
ENSG00000077713.nuc.ord.aln,ENSG00000077713.nuc.ord.tre,0.449396
ENSG00000077721.nuc.ord.aln,ENSG00000077721.nuc.ord.tre,0.298562
ENSG00000077782.nuc.ord.aln,ENSG00000077782.nuc.ord.tre,0.820266
ENSG00000077935.nuc.ord.aln,ENSG00000077935.nuc.ord.tre,1.309526
ENSG00000077942.nuc.ord.aln,ENSG00000077942.nuc.ord.tre,0.983778
ENSG00000077943.nuc.ord.aln,ENSG00000077943.nuc.ord.tre,1.118808
ENSG00000077984.nuc.ord.aln,ENSG00000077984.nuc.ord.tre,0.294706
ENSG00000078018.nuc.ord.aln,ENSG00000078018.nuc.ord.tre,2.401513
ENSG00000078043.nuc.ord.aln,ENSG00000078043.nuc.ord.tre,0.537677
ENSG00000078053.nuc.ord.aln,ENSG00000078053.nuc.ord.tre,0.855637
ENSG00000078061.nuc.ord.aln,ENSG00000078061.nuc.ord.tre,0.565926
ENSG00000078070.nuc.ord.aln,ENSG00000078070.nuc.ord.tre,0.640552
ENSG00000078081.nuc.ord.aln,ENSG00000078081.nuc.ord.tre,0.425557
ENSG00000078098.nuc.ord.aln,ENSG00000078098.nuc.ord.tre,0.647512
ENSG00000078114.nuc.ord.aln,ENSG00000078114.nuc.ord.tre,1.170040
ENSG00000078124.nuc.ord.aln,ENSG00000078124.nuc.ord.tre,0.366596
ENSG00000078140.nuc.ord.aln,ENSG00000078140.nuc.ord.tre,0.313318
ENSG00000078142.nuc.ord.aln,ENSG00000078142.nuc.ord.tre,0.548269
ENSG00000078177.nuc.ord.aln,ENSG00000078177.nuc.ord.tre,2.469425
ENSG00000078246.nuc.ord.aln,ENSG00000078246.nuc.ord.tre,0.501801
ENSG00000078269.nuc.ord.aln,ENSG00000078269.nuc.ord.tre,1.921504
ENSG00000078295.nuc.ord.aln,ENSG00000078295.nuc.ord.tre,1.126506
ENSG00000078304.nuc.ord.aln,ENSG00000078304.nuc.ord.tre,0.437191
ENSG00000078328.nuc.ord.aln,ENSG00000078328.nuc.ord.tre,0.490571
ENSG00000078369.nuc.ord.aln,ENSG00000078369.nuc.ord.tre,0.361407
ENSG00000078401.nuc.ord.aln,ENSG00000078401.nuc.ord.tre,0.359024
ENSG00000078403.nuc.ord.aln,ENSG00000078403.nuc.ord.tre,1.086963
ENSG00000078487.nuc.ord.aln,ENSG00000078487.nuc.ord.tre,0.574697
ENSG00000078549.nuc.ord.aln,ENSG00000078549.nuc.ord.tre,0.459444
ENSG00000078579.nuc.ord.aln,ENSG00000078579.nuc.ord.tre,0.308683
ENSG00000078589.nuc.ord.aln,ENSG00000078589.nuc.ord.tre,0.288285
ENSG00000078618.nuc.ord.aln,ENSG00000078618.nuc.ord.tre,1.381073
ENSG00000078668.nuc.ord.aln,ENSG00000078668.nuc.ord.tre,0.315273
ENSG00000078674.nuc.ord.aln,ENSG00000078674.nuc.ord.tre,3.050249
ENSG00000078687.nuc.ord.aln,ENSG00000078687.nuc.ord.tre,3.441845
ENSG00000078699.nuc.ord.aln,ENSG00000078699.nuc.ord.tre,0.737136
ENSG00000078725.nuc.ord.aln,ENSG00000078725.nuc.ord.tre,0.761739
ENSG00000078747.nuc.ord.aln,ENSG00000078747.nuc.ord.tre,1.328811
ENSG00000078795.nuc.ord.aln,ENSG00000078795.nuc.ord.tre,0.523530
ENSG00000078804.nuc.ord.aln,ENSG00000078804.nuc.ord.tre,0.268965
ENSG00000078898.nuc.ord.aln,ENSG00000078898.nuc.ord.tre,0.311412
ENSG00000078902.nuc.ord.aln,ENSG00000078902.nuc.ord.tre,0.401158
ENSG00000079102.nuc.ord.aln,ENSG00000079102.nuc.ord.tre,0.951176
ENSG00000079112.nuc.ord.aln,ENSG00000079112.nuc.ord.tre,0.803426
ENSG00000079134.nuc.ord.aln,ENSG00000079134.nuc.ord.tre,0.515770
ENSG00000079150.nuc.ord.aln,ENSG00000079150.nuc.ord.tre,0.372144
ENSG00000079156.nuc.ord.aln,ENSG00000079156.nuc.ord.tre,1.021533
ENSG00000079215.nuc.ord.aln,ENSG00000079215.nuc.ord.tre,0.457217
ENSG00000079246.nuc.ord.aln,ENSG00000079246.nuc.ord.tre,0.615108
ENSG00000079257.nuc.ord.aln,ENSG00000079257.nuc.ord.tre,0.311046
ENSG00000079277.nuc.ord.aln,ENSG00000079277.nuc.ord.tre,0.585852
ENSG00000079308.nuc.ord.aln,ENSG00000079308.nuc.ord.tre,2.450719
ENSG00000079335.nuc.ord.aln,ENSG00000079335.nuc.ord.tre,0.616560
ENSG00000079337.nuc.ord.aln,ENSG00000079337.nuc.ord.tre,0.700539
ENSG00000079387.nuc.ord.aln,ENSG00000079387.nuc.ord.tre,0.623082
ENSG00000079393.nuc.ord.aln,ENSG00000079393.nuc.ord.tre,0.466851
ENSG00000079435.nuc.ord.aln,ENSG00000079435.nuc.ord.tre,1.273782
ENSG00000079459.nuc.ord.aln,ENSG00000079459.nuc.ord.tre,0.391294
ENSG00000079462.nuc.ord.aln,ENSG00000079462.nuc.ord.tre,0.253244
ENSG00000079482.nuc.ord.aln,ENSG00000079482.nuc.ord.tre,0.607974
ENSG00000079557.nuc.ord.aln,ENSG00000079557.nuc.ord.tre,0.565702
ENSG00000079616.nuc.ord.aln,ENSG00000079616.nuc.ord.tre,0.590400
ENSG00000079689.nuc.ord.aln,ENSG00000079689.nuc.ord.tre,0.365977
ENSG00000079691.nuc.ord.aln,ENSG00000079691.nuc.ord.tre,1.669435
ENSG00000079739.nuc.ord.aln,ENSG00000079739.nuc.ord.tre,0.710996
ENSG00000079785.nuc.ord.aln,ENSG00000079785.nuc.ord.tre,0.748859
ENSG00000079805.nuc.ord.aln,ENSG00000079805.nuc.ord.tre,0.756767
ENSG00000079819.nuc.ord.aln,ENSG00000079819.nuc.ord.tre,1.194878
ENSG00000079841.nuc.ord.aln,ENSG00000079841.nuc.ord.tre,3.026644
ENSG00000079931.nuc.ord.aln,ENSG00000079931.nuc.ord.tre,0.505560
ENSG00000079950.nuc.ord.aln,ENSG00000079950.nuc.ord.tre,0.373694
ENSG00000079999.nuc.ord.aln,ENSG00000079999.nuc.ord.tre,0.547904
ENSG00000080031.nuc.ord.aln,ENSG00000080031.nuc.ord.tre,1.947605
ENSG00000080166.nuc.ord.aln,ENSG00000080166.nuc.ord.tre,0.510200
ENSG00000080189.nuc.ord.aln,ENSG00000080189.nuc.ord.tre,0.373662
ENSG00000080200.nuc.ord.aln,ENSG00000080200.nuc.ord.tre,1.215354
ENSG00000080293.nuc.ord.aln,ENSG00000080293.nuc.ord.tre,0.406637
ENSG00000080345.nuc.ord.aln,ENSG00000080345.nuc.ord.tre,4.874779
ENSG00000080371.nuc.ord.aln,ENSG00000080371.nuc.ord.tre,0.359506
ENSG00000080493.nuc.ord.aln,ENSG00000080493.nuc.ord.tre,1.457766
ENSG00000080546.nuc.ord.aln,ENSG00000080546.nuc.ord.tre,0.503826
ENSG00000080561.nuc.ord.aln,ENSG00000080561.nuc.ord.tre,0.641265
ENSG00000080603.nuc.ord.aln,ENSG00000080603.nuc.ord.tre,7.660321
ENSG00000080608.nuc.ord.aln,ENSG00000080608.nuc.ord.tre,0.599689
ENSG00000080618.nuc.ord.aln,ENSG00000080618.nuc.ord.tre,0.440772
ENSG00000080644.nuc.ord.aln,ENSG00000080644.nuc.ord.tre,0.528816
ENSG00000080709.nuc.ord.aln,ENSG00000080709.nuc.ord.tre,0.764279
ENSG00000080815.nuc.ord.aln,ENSG00000080815.nuc.ord.tre,0.542684
ENSG00000080819.nuc.ord.aln,ENSG00000080819.nuc.ord.tre,0.396299
ENSG00000080822.nuc.ord.aln,ENSG00000080822.nuc.ord.tre,0.433324
ENSG00000080823.nuc.ord.aln,ENSG00000080823.nuc.ord.tre,0.369174
ENSG00000080839.nuc.ord.aln,ENSG00000080839.nuc.ord.tre,1.248275
ENSG00000080854.nuc.ord.aln,ENSG00000080854.nuc.ord.tre,1.411278
ENSG00000080986.nuc.ord.aln,ENSG00000080986.nuc.ord.tre,0.538786
ENSG00000081014.nuc.ord.aln,ENSG00000081014.nuc.ord.tre,1.302160
ENSG00000081019.nuc.ord.aln,ENSG00000081019.nuc.ord.tre,0.791628
ENSG00000081026.nuc.ord.aln,ENSG00000081026.nuc.ord.tre,1.823161
ENSG00000081051.nuc.ord.aln,ENSG00000081051.nuc.ord.tre,0.514314
ENSG00000081052.nuc.ord.aln,ENSG00000081052.nuc.ord.tre,2.548478
ENSG00000081059.nuc.ord.aln,ENSG00000081059.nuc.ord.tre,0.672424
ENSG00000081087.nuc.ord.aln,ENSG00000081087.nuc.ord.tre,0.395676
ENSG00000081138.nuc.ord.aln,ENSG00000081138.nuc.ord.tre,0.725057
ENSG00000081148.nuc.ord.aln,ENSG00000081148.nuc.ord.tre,1.456965
ENSG00000081177.nuc.ord.aln,ENSG00000081177.nuc.ord.tre,0.643810
ENSG00000081181.nuc.ord.aln,ENSG00000081181.nuc.ord.tre,0.393669
ENSG00000081237.nuc.ord.aln,ENSG00000081237.nuc.ord.tre,1.778078
ENSG00000081248.nuc.ord.aln,ENSG00000081248.nuc.ord.tre,3.295189
ENSG00000081277.nuc.ord.aln,ENSG00000081277.nuc.ord.tre,0.608128
ENSG00000081307.nuc.ord.aln,ENSG00000081307.nuc.ord.tre,0.430115
ENSG00000081320.nuc.ord.aln,ENSG00000081320.nuc.ord.tre,0.407497
ENSG00000081479.nuc.ord.aln,ENSG00000081479.nuc.ord.tre,12.034803
ENSG00000081692.nuc.ord.aln,ENSG00000081692.nuc.ord.tre,0.410264
ENSG00000081721.nuc.ord.aln,ENSG00000081721.nuc.ord.tre,0.336877
ENSG00000081760.nuc.ord.aln,ENSG00000081760.nuc.ord.tre,0.555341
ENSG00000081791.nuc.ord.aln,ENSG00000081791.nuc.ord.tre,0.500531
ENSG00000081800.nuc.ord.aln,ENSG00000081800.nuc.ord.tre,0.789250
ENSG00000081803.nuc.ord.aln,ENSG00000081803.nuc.ord.tre,1.537899
ENSG00000081853.nuc.ord.aln,ENSG00000081853.nuc.ord.tre,0.644358
ENSG00000081870.nuc.ord.aln,ENSG00000081870.nuc.ord.tre,0.259512
ENSG00000081913.nuc.ord.aln,ENSG00000081913.nuc.ord.tre,2.098246
ENSG00000081923.nuc.ord.aln,ENSG00000081923.nuc.ord.tre,1.476977
ENSG00000081985.nuc.ord.aln,ENSG00000081985.nuc.ord.tre,0.926437
ENSG00000082014.nuc.ord.aln,ENSG00000082014.nuc.ord.tre,0.449033
ENSG00000082068.nuc.ord.aln,ENSG00000082068.nuc.ord.tre,0.566922
ENSG00000082074.nuc.ord.aln,ENSG00000082074.nuc.ord.tre,0.896891
ENSG00000082126.nuc.ord.aln,ENSG00000082126.nuc.ord.tre,0.561634
ENSG00000082146.nuc.ord.aln,ENSG00000082146.nuc.ord.tre,0.389823
ENSG00000082175.nuc.ord.aln,ENSG00000082175.nuc.ord.tre,0.896309
ENSG00000082196.nuc.ord.aln,ENSG00000082196.nuc.ord.tre,0.231083
ENSG00000082212.nuc.ord.aln,ENSG00000082212.nuc.ord.tre,0.494311
ENSG00000082213.nuc.ord.aln,ENSG00000082213.nuc.ord.tre,0.471643
ENSG00000082258.nuc.ord.aln,ENSG00000082258.nuc.ord.tre,0.725136
ENSG00000082269.nuc.ord.aln,ENSG00000082269.nuc.ord.tre,1.854172
ENSG00000082293.nuc.ord.aln,ENSG00000082293.nuc.ord.tre,1.398438
ENSG00000082397.nuc.ord.aln,ENSG00000082397.nuc.ord.tre,1.145190
ENSG00000082438.nuc.ord.aln,ENSG00000082438.nuc.ord.tre,1.584005
ENSG00000082482.nuc.ord.aln,ENSG00000082482.nuc.ord.tre,0.441646
ENSG00000082497.nuc.ord.aln,ENSG00000082497.nuc.ord.tre,0.389562
ENSG00000082512.nuc.ord.aln,ENSG00000082512.nuc.ord.tre,0.461030
ENSG00000082515.nuc.ord.aln,ENSG00000082515.nuc.ord.tre,0.377573
ENSG00000082516.nuc.ord.aln,ENSG00000082516.nuc.ord.tre,2.047321
ENSG00000082556.nuc.ord.aln,ENSG00000082556.nuc.ord.tre,0.378851
ENSG00000082641.nuc.ord.aln,ENSG00000082641.nuc.ord.tre,0.747449
ENSG00000082684.nuc.ord.aln,ENSG00000082684.nuc.ord.tre,1.189555
ENSG00000082701.nuc.ord.aln,ENSG00000082701.nuc.ord.tre,0.447417
ENSG00000082781.nuc.ord.aln,ENSG00000082781.nuc.ord.tre,0.952104
ENSG00000082805.nuc.ord.aln,ENSG00000082805.nuc.ord.tre,1.226249
ENSG00000082898.nuc.ord.aln,ENSG00000082898.nuc.ord.tre,1.005262
ENSG00000082996.nuc.ord.aln,ENSG00000082996.nuc.ord.tre,0.392638
ENSG00000083067.nuc.ord.aln,ENSG00000083067.nuc.ord.tre,2.705781
ENSG00000083093.nuc.ord.aln,ENSG00000083093.nuc.ord.tre,1.383925
ENSG00000083097.nuc.ord.aln,ENSG00000083097.nuc.ord.tre,4.191374
ENSG00000083123.nuc.ord.aln,ENSG00000083123.nuc.ord.tre,0.440337
ENSG00000083168.nuc.ord.aln,ENSG00000083168.nuc.ord.tre,3.627433
ENSG00000083223.nuc.ord.aln,ENSG00000083223.nuc.ord.tre,1.848130
ENSG00000083290.nuc.ord.aln,ENSG00000083290.nuc.ord.tre,1.421503
ENSG00000083307.nuc.ord.aln,ENSG00000083307.nuc.ord.tre,0.602478
ENSG00000083312.nuc.ord.aln,ENSG00000083312.nuc.ord.tre,1.326195
ENSG00000083457.nuc.ord.aln,ENSG00000083457.nuc.ord.tre,1.344549
ENSG00000083520.nuc.ord.aln,ENSG00000083520.nuc.ord.tre,0.953145
ENSG00000083535.nuc.ord.aln,ENSG00000083535.nuc.ord.tre,0.817728
ENSG00000083544.nuc.ord.aln,ENSG00000083544.nuc.ord.tre,0.666600
ENSG00000083635.nuc.ord.aln,ENSG00000083635.nuc.ord.tre,0.496987
ENSG00000083642.nuc.ord.aln,ENSG00000083642.nuc.ord.tre,1.769534
ENSG00000083750.nuc.ord.aln,ENSG00000083750.nuc.ord.tre,0.363954
ENSG00000083782.nuc.ord.aln,ENSG00000083782.nuc.ord.tre,0.416832
ENSG00000083799.nuc.ord.aln,ENSG00000083799.nuc.ord.tre,0.904475
ENSG00000083807.nuc.ord.aln,ENSG00000083807.nuc.ord.tre,0.480212
ENSG00000083845.nuc.ord.aln,ENSG00000083845.nuc.ord.tre,0.272096
ENSG00000083857.nuc.ord.aln,ENSG00000083857.nuc.ord.tre,11.090445
ENSG00000083896.nuc.ord.aln,ENSG00000083896.nuc.ord.tre,0.786332
ENSG00000083937.nuc.ord.aln,ENSG00000083937.nuc.ord.tre,0.322434
ENSG00000084070.nuc.ord.aln,ENSG00000084070.nuc.ord.tre,0.420260
ENSG00000084072.nuc.ord.aln,ENSG00000084072.nuc.ord.tre,0.336155
ENSG00000084073.nuc.ord.aln,ENSG00000084073.nuc.ord.tre,0.455591
ENSG00000084092.nuc.ord.aln,ENSG00000084092.nuc.ord.tre,0.619308
ENSG00000084093.nuc.ord.aln,ENSG00000084093.nuc.ord.tre,1.877269
ENSG00000084110.nuc.ord.aln,ENSG00000084110.nuc.ord.tre,0.573124
ENSG00000084112.nuc.ord.aln,ENSG00000084112.nuc.ord.tre,1.258803
ENSG00000084234.nuc.ord.aln,ENSG00000084234.nuc.ord.tre,0.720764
ENSG00000084444.nuc.ord.aln,ENSG00000084444.nuc.ord.tre,0.549844
ENSG00000084623.nuc.ord.aln,ENSG00000084623.nuc.ord.tre,0.300004
ENSG00000084628.nuc.ord.aln,ENSG00000084628.nuc.ord.tre,0.301640
ENSG00000084636.nuc.ord.aln,ENSG00000084636.nuc.ord.tre,1.914424
ENSG00000084652.nuc.ord.aln,ENSG00000084652.nuc.ord.tre,0.553479
ENSG00000084674.nuc.ord.aln,ENSG00000084674.nuc.ord.tre,12.595999
ENSG00000084676.nuc.ord.aln,ENSG00000084676.nuc.ord.tre,1.871440
ENSG00000084693.nuc.ord.aln,ENSG00000084693.nuc.ord.tre,0.955319
ENSG00000084710.nuc.ord.aln,ENSG00000084710.nuc.ord.tre,0.932262
ENSG00000084731.nuc.ord.aln,ENSG00000084731.nuc.ord.tre,0.711868
ENSG00000084733.nuc.ord.aln,ENSG00000084733.nuc.ord.tre,0.294248
ENSG00000084734.nuc.ord.aln,ENSG00000084734.nuc.ord.tre,0.458831
ENSG00000084754.nuc.ord.aln,ENSG00000084754.nuc.ord.tre,0.731325
ENSG00000084774.nuc.ord.aln,ENSG00000084774.nuc.ord.tre,3.495998
ENSG00000085117.nuc.ord.aln,ENSG00000085117.nuc.ord.tre,0.288559
ENSG00000085224.nuc.ord.aln,ENSG00000085224.nuc.ord.tre,2.998115
ENSG00000085231.nuc.ord.aln,ENSG00000085231.nuc.ord.tre,0.217350
ENSG00000085274.nuc.ord.aln,ENSG00000085274.nuc.ord.tre,0.462753
ENSG00000085377.nuc.ord.aln,ENSG00000085377.nuc.ord.tre,0.812728
ENSG00000085382.nuc.ord.aln,ENSG00000085382.nuc.ord.tre,0.721587
ENSG00000085415.nuc.ord.aln,ENSG00000085415.nuc.ord.tre,0.420255
ENSG00000085449.nuc.ord.aln,ENSG00000085449.nuc.ord.tre,0.437513
ENSG00000085465.nuc.ord.aln,ENSG00000085465.nuc.ord.tre,1.021436
ENSG00000085491.nuc.ord.aln,ENSG00000085491.nuc.ord.tre,0.492383
ENSG00000085511.nuc.ord.aln,ENSG00000085511.nuc.ord.tre,1.725945
ENSG00000085552.nuc.ord.aln,ENSG00000085552.nuc.ord.tre,0.964127
ENSG00000085662.nuc.ord.aln,ENSG00000085662.nuc.ord.tre,0.290455
ENSG00000085719.nuc.ord.aln,ENSG00000085719.nuc.ord.tre,0.511979
ENSG00000085760.nuc.ord.aln,ENSG00000085760.nuc.ord.tre,0.674103
ENSG00000085788.nuc.ord.aln,ENSG00000085788.nuc.ord.tre,1.071579
ENSG00000085831.nuc.ord.aln,ENSG00000085831.nuc.ord.tre,0.871655
ENSG00000085832.nuc.ord.aln,ENSG00000085832.nuc.ord.tre,1.013157
ENSG00000085840.nuc.ord.aln,ENSG00000085840.nuc.ord.tre,1.007062
ENSG00000085871.nuc.ord.aln,ENSG00000085871.nuc.ord.tre,0.294561
ENSG00000085978.nuc.ord.aln,ENSG00000085978.nuc.ord.tre,0.624633
ENSG00000085982.nuc.ord.aln,ENSG00000085982.nuc.ord.tre,1.485525
ENSG00000085998.nuc.ord.aln,ENSG00000085998.nuc.ord.tre,0.715631
ENSG00000085999.nuc.ord.aln,ENSG00000085999.nuc.ord.tre,0.676548
ENSG00000086015.nuc.ord.aln,ENSG00000086015.nuc.ord.tre,2.499714
ENSG00000086062.nuc.ord.aln,ENSG00000086062.nuc.ord.tre,0.400693
ENSG00000086065.nuc.ord.aln,ENSG00000086065.nuc.ord.tre,0.339164
ENSG00000086159.nuc.ord.aln,ENSG00000086159.nuc.ord.tre,0.279962
ENSG00000086189.nuc.ord.aln,ENSG00000086189.nuc.ord.tre,0.380752
ENSG00000086232.nuc.ord.aln,ENSG00000086232.nuc.ord.tre,0.580999
ENSG00000086288.nuc.ord.aln,ENSG00000086288.nuc.ord.tre,0.544012
ENSG00000086289.nuc.ord.aln,ENSG00000086289.nuc.ord.tre,0.277188
ENSG00000086300.nuc.ord.aln,ENSG00000086300.nuc.ord.tre,0.455026
ENSG00000086475.nuc.ord.aln,ENSG00000086475.nuc.ord.tre,0.401344
ENSG00000086544.nuc.ord.aln,ENSG00000086544.nuc.ord.tre,0.700421
ENSG00000086570.nuc.ord.aln,ENSG00000086570.nuc.ord.tre,10.615997
ENSG00000086666.nuc.ord.aln,ENSG00000086666.nuc.ord.tre,0.333112
ENSG00000086696.nuc.ord.aln,ENSG00000086696.nuc.ord.tre,0.383667
ENSG00000086717.nuc.ord.aln,ENSG00000086717.nuc.ord.tre,0.805117
ENSG00000086758.nuc.ord.aln,ENSG00000086758.nuc.ord.tre,14.169950
ENSG00000086827.nuc.ord.aln,ENSG00000086827.nuc.ord.tre,0.765091
ENSG00000086848.nuc.ord.aln,ENSG00000086848.nuc.ord.tre,0.951838
ENSG00000086991.nuc.ord.aln,ENSG00000086991.nuc.ord.tre,0.533706
ENSG00000087008.nuc.ord.aln,ENSG00000087008.nuc.ord.tre,0.668190
ENSG00000087053.nuc.ord.aln,ENSG00000087053.nuc.ord.tre,0.673202
ENSG00000087076.nuc.ord.aln,ENSG00000087076.nuc.ord.tre,0.277321
ENSG00000087077.nuc.ord.aln,ENSG00000087077.nuc.ord.tre,0.361732
ENSG00000087085.nuc.ord.aln,ENSG00000087085.nuc.ord.tre,0.447873
ENSG00000087087.nuc.ord.aln,ENSG00000087087.nuc.ord.tre,0.766552
ENSG00000087088.nuc.ord.aln,ENSG00000087088.nuc.ord.tre,0.400153
ENSG00000087095.nuc.ord.aln,ENSG00000087095.nuc.ord.tre,0.470788
ENSG00000087111.nuc.ord.aln,ENSG00000087111.nuc.ord.tre,0.469483
ENSG00000087116.nuc.ord.aln,ENSG00000087116.nuc.ord.tre,1.243124
ENSG00000087128.nuc.ord.aln,ENSG00000087128.nuc.ord.tre,0.304797
ENSG00000087157.nuc.ord.aln,ENSG00000087157.nuc.ord.tre,0.675521
ENSG00000087191.nuc.ord.aln,ENSG00000087191.nuc.ord.tre,0.409736
ENSG00000087206.nuc.ord.aln,ENSG00000087206.nuc.ord.tre,0.690569
ENSG00000087245.nuc.ord.aln,ENSG00000087245.nuc.ord.tre,0.510149
ENSG00000087253.nuc.ord.aln,ENSG00000087253.nuc.ord.tre,0.600152
ENSG00000087263.nuc.ord.aln,ENSG00000087263.nuc.ord.tre,0.529907
ENSG00000087269.nuc.ord.aln,ENSG00000087269.nuc.ord.tre,0.741999
ENSG00000087274.nuc.ord.aln,ENSG00000087274.nuc.ord.tre,0.674379
ENSG00000087299.nuc.ord.aln,ENSG00000087299.nuc.ord.tre,0.450943
ENSG00000087301.nuc.ord.aln,ENSG00000087301.nuc.ord.tre,0.802841
ENSG00000087302.nuc.ord.aln,ENSG00000087302.nuc.ord.tre,0.371944
ENSG00000087303.nuc.ord.aln,ENSG00000087303.nuc.ord.tre,2.054452
ENSG00000087338.nuc.ord.aln,ENSG00000087338.nuc.ord.tre,0.460456
ENSG00000087365.nuc.ord.aln,ENSG00000087365.nuc.ord.tre,0.974208
ENSG00000087448.nuc.ord.aln,ENSG00000087448.nuc.ord.tre,0.381466
ENSG00000087470.nuc.ord.aln,ENSG00000087470.nuc.ord.tre,0.914060
ENSG00000087494.nuc.ord.aln,ENSG00000087494.nuc.ord.tre,0.408485
ENSG00000087502.nuc.ord.aln,ENSG00000087502.nuc.ord.tre,0.430465
ENSG00000087510.nuc.ord.aln,ENSG00000087510.nuc.ord.tre,0.536780
ENSG00000087586.nuc.ord.aln,ENSG00000087586.nuc.ord.tre,0.413957
ENSG00000087589.nuc.ord.aln,ENSG00000087589.nuc.ord.tre,1.010446
ENSG00000087842.nuc.ord.aln,ENSG00000087842.nuc.ord.tre,0.382057
ENSG00000087884.nuc.ord.aln,ENSG00000087884.nuc.ord.tre,0.255130
ENSG00000087903.nuc.ord.aln,ENSG00000087903.nuc.ord.tre,0.631277
ENSG00000087916.nuc.ord.aln,ENSG00000087916.nuc.ord.tre,0.525539
ENSG00000088035.nuc.ord.aln,ENSG00000088035.nuc.ord.tre,0.442775
ENSG00000088179.nuc.ord.aln,ENSG00000088179.nuc.ord.tre,0.787441
ENSG00000088247.nuc.ord.aln,ENSG00000088247.nuc.ord.tre,0.894782
ENSG00000088280.nuc.ord.aln,ENSG00000088280.nuc.ord.tre,0.667966
ENSG00000088298.nuc.ord.aln,ENSG00000088298.nuc.ord.tre,0.503529
ENSG00000088305.nuc.ord.aln,ENSG00000088305.nuc.ord.tre,1.016779
ENSG00000088320.nuc.ord.aln,ENSG00000088320.nuc.ord.tre,0.315280
ENSG00000088325.nuc.ord.aln,ENSG00000088325.nuc.ord.tre,0.768266
ENSG00000088356.nuc.ord.aln,ENSG00000088356.nuc.ord.tre,0.357822
ENSG00000088386.nuc.ord.aln,ENSG00000088386.nuc.ord.tre,0.652801
ENSG00000088387.nuc.ord.aln,ENSG00000088387.nuc.ord.tre,3.876107
ENSG00000088448.nuc.ord.aln,ENSG00000088448.nuc.ord.tre,0.383739
ENSG00000088451.nuc.ord.aln,ENSG00000088451.nuc.ord.tre,0.390446
ENSG00000088538.nuc.ord.aln,ENSG00000088538.nuc.ord.tre,3.096223
ENSG00000088543.nuc.ord.aln,ENSG00000088543.nuc.ord.tre,0.275076
ENSG00000088682.nuc.ord.aln,ENSG00000088682.nuc.ord.tre,0.386338
ENSG00000088726.nuc.ord.aln,ENSG00000088726.nuc.ord.tre,0.315137
ENSG00000088756.nuc.ord.aln,ENSG00000088756.nuc.ord.tre,0.785929
ENSG00000088766.nuc.ord.aln,ENSG00000088766.nuc.ord.tre,0.392830
ENSG00000088808.nuc.ord.aln,ENSG00000088808.nuc.ord.tre,1.114057
ENSG00000088812.nuc.ord.aln,ENSG00000088812.nuc.ord.tre,1.814008
ENSG00000088827.nuc.ord.aln,ENSG00000088827.nuc.ord.tre,1.971157
ENSG00000088833.nuc.ord.aln,ENSG00000088833.nuc.ord.tre,0.376083
ENSG00000088836.nuc.ord.aln,ENSG00000088836.nuc.ord.tre,0.915039
ENSG00000088854.nuc.ord.aln,ENSG00000088854.nuc.ord.tre,1.115433
ENSG00000088882.nuc.ord.aln,ENSG00000088882.nuc.ord.tre,0.743978
ENSG00000088899.nuc.ord.aln,ENSG00000088899.nuc.ord.tre,0.589792
ENSG00000088926.nuc.ord.aln,ENSG00000088926.nuc.ord.tre,0.566214
ENSG00000088930.nuc.ord.aln,ENSG00000088930.nuc.ord.tre,0.930050
ENSG00000088970.nuc.ord.aln,ENSG00000088970.nuc.ord.tre,0.724243
ENSG00000088992.nuc.ord.aln,ENSG00000088992.nuc.ord.tre,0.366215
ENSG00000089022.nuc.ord.aln,ENSG00000089022.nuc.ord.tre,0.457958
ENSG00000089041.nuc.ord.aln,ENSG00000089041.nuc.ord.tre,0.460186
ENSG00000089050.nuc.ord.aln,ENSG00000089050.nuc.ord.tre,0.323636
ENSG00000089057.nuc.ord.aln,ENSG00000089057.nuc.ord.tre,0.571709
ENSG00000089060.nuc.ord.aln,ENSG00000089060.nuc.ord.tre,0.526891
ENSG00000089091.nuc.ord.aln,ENSG00000089091.nuc.ord.tre,0.884859
ENSG00000089094.nuc.ord.aln,ENSG00000089094.nuc.ord.tre,1.263980
ENSG00000089116.nuc.ord.aln,ENSG00000089116.nuc.ord.tre,0.344523
ENSG00000089123.nuc.ord.aln,ENSG00000089123.nuc.ord.tre,0.453130
ENSG00000089154.nuc.ord.aln,ENSG00000089154.nuc.ord.tre,4.563627
ENSG00000089163.nuc.ord.aln,ENSG00000089163.nuc.ord.tre,0.331020
ENSG00000089169.nuc.ord.aln,ENSG00000089169.nuc.ord.tre,0.581124
ENSG00000089177.nuc.ord.aln,ENSG00000089177.nuc.ord.tre,2.045620
ENSG00000089195.nuc.ord.aln,ENSG00000089195.nuc.ord.tre,0.472848
ENSG00000089199.nuc.ord.aln,ENSG00000089199.nuc.ord.tre,0.591383
ENSG00000089220.nuc.ord.aln,ENSG00000089220.nuc.ord.tre,0.288484
ENSG00000089225.nuc.ord.aln,ENSG00000089225.nuc.ord.tre,0.457007
ENSG00000089234.nuc.ord.aln,ENSG00000089234.nuc.ord.tre,0.606422
ENSG00000089248.nuc.ord.aln,ENSG00000089248.nuc.ord.tre,0.304068
ENSG00000089250.nuc.ord.aln,ENSG00000089250.nuc.ord.tre,1.963481
ENSG00000089336.nuc.ord.aln,ENSG00000089336.nuc.ord.tre,0.614970
ENSG00000089351.nuc.ord.aln,ENSG00000089351.nuc.ord.tre,0.817170
ENSG00000089486.nuc.ord.aln,ENSG00000089486.nuc.ord.tre,0.358845
ENSG00000089558.nuc.ord.aln,ENSG00000089558.nuc.ord.tre,0.989686
ENSG00000089597.nuc.ord.aln,ENSG00000089597.nuc.ord.tre,0.874626
ENSG00000089682.nuc.ord.aln,ENSG00000089682.nuc.ord.tre,0.412218
ENSG00000089685.nuc.ord.aln,ENSG00000089685.nuc.ord.tre,0.219759
ENSG00000089692.nuc.ord.aln,ENSG00000089692.nuc.ord.tre,0.461031
ENSG00000089693.nuc.ord.aln,ENSG00000089693.nuc.ord.tre,0.256768
ENSG00000089723.nuc.ord.aln,ENSG00000089723.nuc.ord.tre,0.367897
ENSG00000089737.nuc.ord.aln,ENSG00000089737.nuc.ord.tre,0.939103
ENSG00000089775.nuc.ord.aln,ENSG00000089775.nuc.ord.tre,0.408606
ENSG00000089818.nuc.ord.aln,ENSG00000089818.nuc.ord.tre,0.318547
ENSG00000089876.nuc.ord.aln,ENSG00000089876.nuc.ord.tre,0.684979
ENSG00000089902.nuc.ord.aln,ENSG00000089902.nuc.ord.tre,0.488945
ENSG00000089916.nuc.ord.aln,ENSG00000089916.nuc.ord.tre,0.470427
ENSG00000090013.nuc.ord.aln,ENSG00000090013.nuc.ord.tre,0.330136
ENSG00000090020.nuc.ord.aln,ENSG00000090020.nuc.ord.tre,0.584260
ENSG00000090054.nuc.ord.aln,ENSG00000090054.nuc.ord.tre,0.472001
ENSG00000090104.nuc.ord.aln,ENSG00000090104.nuc.ord.tre,0.281919
ENSG00000090263.nuc.ord.aln,ENSG00000090263.nuc.ord.tre,0.229729
ENSG00000090266.nuc.ord.aln,ENSG00000090266.nuc.ord.tre,0.259224
ENSG00000090269.nuc.ord.aln,ENSG00000090269.nuc.ord.tre,0.300193
ENSG00000090273.nuc.ord.aln,ENSG00000090273.nuc.ord.tre,0.379324
ENSG00000090372.nuc.ord.aln,ENSG00000090372.nuc.ord.tre,0.771971
ENSG00000090376.nuc.ord.aln,ENSG00000090376.nuc.ord.tre,0.631781
ENSG00000090402.nuc.ord.aln,ENSG00000090402.nuc.ord.tre,2.186451
ENSG00000090432.nuc.ord.aln,ENSG00000090432.nuc.ord.tre,0.379648
ENSG00000090470.nuc.ord.aln,ENSG00000090470.nuc.ord.tre,0.279037
ENSG00000090487.nuc.ord.aln,ENSG00000090487.nuc.ord.tre,0.366899
ENSG00000090512.nuc.ord.aln,ENSG00000090512.nuc.ord.tre,0.389184
ENSG00000090520.nuc.ord.aln,ENSG00000090520.nuc.ord.tre,0.415293
ENSG00000090530.nuc.ord.aln,ENSG00000090530.nuc.ord.tre,0.705688
ENSG00000090534.nuc.ord.aln,ENSG00000090534.nuc.ord.tre,0.275825
ENSG00000090539.nuc.ord.aln,ENSG00000090539.nuc.ord.tre,0.831855
ENSG00000090554.nuc.ord.aln,ENSG00000090554.nuc.ord.tre,0.425274
ENSG00000090581.nuc.ord.aln,ENSG00000090581.nuc.ord.tre,0.346654
ENSG00000090615.nuc.ord.aln,ENSG00000090615.nuc.ord.tre,2.101410
ENSG00000090661.nuc.ord.aln,ENSG00000090661.nuc.ord.tre,0.332546
ENSG00000090674.nuc.ord.aln,ENSG00000090674.nuc.ord.tre,0.688819
ENSG00000090686.nuc.ord.aln,ENSG00000090686.nuc.ord.tre,1.224962
ENSG00000090776.nuc.ord.aln,ENSG00000090776.nuc.ord.tre,0.352571
ENSG00000090861.nuc.ord.aln,ENSG00000090861.nuc.ord.tre,1.304092
ENSG00000090863.nuc.ord.aln,ENSG00000090863.nuc.ord.tre,1.453812
ENSG00000090905.nuc.ord.aln,ENSG00000090905.nuc.ord.tre,2.749281
ENSG00000090924.nuc.ord.aln,ENSG00000090924.nuc.ord.tre,1.769820
ENSG00000090932.nuc.ord.aln,ENSG00000090932.nuc.ord.tre,0.495610
ENSG00000090989.nuc.ord.aln,ENSG00000090989.nuc.ord.tre,0.792063
ENSG00000091009.nuc.ord.aln,ENSG00000091009.nuc.ord.tre,1.036476
ENSG00000091010.nuc.ord.aln,ENSG00000091010.nuc.ord.tre,0.264606
ENSG00000091039.nuc.ord.aln,ENSG00000091039.nuc.ord.tre,0.902193
ENSG00000091127.nuc.ord.aln,ENSG00000091127.nuc.ord.tre,0.787070
ENSG00000091129.nuc.ord.aln,ENSG00000091129.nuc.ord.tre,2.140260
ENSG00000091136.nuc.ord.aln,ENSG00000091136.nuc.ord.tre,2.957781
ENSG00000091137.nuc.ord.aln,ENSG00000091137.nuc.ord.tre,0.666408
ENSG00000091138.nuc.ord.aln,ENSG00000091138.nuc.ord.tre,0.693578
ENSG00000091157.nuc.ord.aln,ENSG00000091157.nuc.ord.tre,1.707381
ENSG00000091164.nuc.ord.aln,ENSG00000091164.nuc.ord.tre,0.412351
ENSG00000091181.nuc.ord.aln,ENSG00000091181.nuc.ord.tre,0.438837
ENSG00000091262.nuc.ord.aln,ENSG00000091262.nuc.ord.tre,1.452338
ENSG00000091317.nuc.ord.aln,ENSG00000091317.nuc.ord.tre,0.315664
ENSG00000091409.nuc.ord.aln,ENSG00000091409.nuc.ord.tre,1.174155
ENSG00000091428.nuc.ord.aln,ENSG00000091428.nuc.ord.tre,1.207730
ENSG00000091436.nuc.ord.aln,ENSG00000091436.nuc.ord.tre,0.926066
ENSG00000091483.nuc.ord.aln,ENSG00000091483.nuc.ord.tre,0.424782
ENSG00000091490.nuc.ord.aln,ENSG00000091490.nuc.ord.tre,1.400724
ENSG00000091536.nuc.ord.aln,ENSG00000091536.nuc.ord.tre,8.087912
ENSG00000091542.nuc.ord.aln,ENSG00000091542.nuc.ord.tre,0.461024
ENSG00000091583.nuc.ord.aln,ENSG00000091583.nuc.ord.tre,0.362271
ENSG00000091640.nuc.ord.aln,ENSG00000091640.nuc.ord.tre,0.383808
ENSG00000091651.nuc.ord.aln,ENSG00000091651.nuc.ord.tre,0.348150
ENSG00000091656.nuc.ord.aln,ENSG00000091656.nuc.ord.tre,7.840547
ENSG00000091664.nuc.ord.aln,ENSG00000091664.nuc.ord.tre,0.493762
ENSG00000091704.nuc.ord.aln,ENSG00000091704.nuc.ord.tre,0.338340
ENSG00000091732.nuc.ord.aln,ENSG00000091732.nuc.ord.tre,0.591994
ENSG00000091844.nuc.ord.aln,ENSG00000091844.nuc.ord.tre,0.334446
ENSG00000091879.nuc.ord.aln,ENSG00000091879.nuc.ord.tre,0.463742
ENSG00000091947.nuc.ord.aln,ENSG00000091947.nuc.ord.tre,0.314498
ENSG00000091972.nuc.ord.aln,ENSG00000091972.nuc.ord.tre,0.399697
ENSG00000091986.nuc.ord.aln,ENSG00000091986.nuc.ord.tre,0.978296
ENSG00000092009.nuc.ord.aln,ENSG00000092009.nuc.ord.tre,0.251048
ENSG00000092010.nuc.ord.aln,ENSG00000092010.nuc.ord.tre,0.297366
ENSG00000092020.nuc.ord.aln,ENSG00000092020.nuc.ord.tre,0.401540
ENSG00000092036.nuc.ord.aln,ENSG00000092036.nuc.ord.tre,0.339754
ENSG00000092051.nuc.ord.aln,ENSG00000092051.nuc.ord.tre,0.357766
ENSG00000092054.nuc.ord.aln,ENSG00000092054.nuc.ord.tre,2.392767
ENSG00000092068.nuc.ord.aln,ENSG00000092068.nuc.ord.tre,0.545066
ENSG00000092094.nuc.ord.aln,ENSG00000092094.nuc.ord.tre,0.414777
ENSG00000092098.nuc.ord.aln,ENSG00000092098.nuc.ord.tre,1.062264
ENSG00000092108.nuc.ord.aln,ENSG00000092108.nuc.ord.tre,0.507602
ENSG00000092140.nuc.ord.aln,ENSG00000092140.nuc.ord.tre,0.795248
ENSG00000092148.nuc.ord.aln,ENSG00000092148.nuc.ord.tre,4.245782
ENSG00000092200.nuc.ord.aln,ENSG00000092200.nuc.ord.tre,1.883098
ENSG00000092201.nuc.ord.aln,ENSG00000092201.nuc.ord.tre,0.983211
ENSG00000092203.nuc.ord.aln,ENSG00000092203.nuc.ord.tre,0.445692
ENSG00000092208.nuc.ord.aln,ENSG00000092208.nuc.ord.tre,0.385469
ENSG00000092295.nuc.ord.aln,ENSG00000092295.nuc.ord.tre,0.829870
ENSG00000092330.nuc.ord.aln,ENSG00000092330.nuc.ord.tre,0.375491
ENSG00000092421.nuc.ord.aln,ENSG00000092421.nuc.ord.tre,1.117969
ENSG00000092439.nuc.ord.aln,ENSG00000092439.nuc.ord.tre,2.920113
ENSG00000092445.nuc.ord.aln,ENSG00000092445.nuc.ord.tre,0.916160
ENSG00000092470.nuc.ord.aln,ENSG00000092470.nuc.ord.tre,0.541480
ENSG00000092529.nuc.ord.aln,ENSG00000092529.nuc.ord.tre,0.622355
ENSG00000092531.nuc.ord.aln,ENSG00000092531.nuc.ord.tre,0.310272
ENSG00000092621.nuc.ord.aln,ENSG00000092621.nuc.ord.tre,0.345172
ENSG00000092847.nuc.ord.aln,ENSG00000092847.nuc.ord.tre,1.071102
ENSG00000092850.nuc.ord.aln,ENSG00000092850.nuc.ord.tre,0.383596
ENSG00000092853.nuc.ord.aln,ENSG00000092853.nuc.ord.tre,1.793027
ENSG00000092871.nuc.ord.aln,ENSG00000092871.nuc.ord.tre,0.398741
ENSG00000092929.nuc.ord.aln,ENSG00000092929.nuc.ord.tre,0.914778
ENSG00000092931.nuc.ord.aln,ENSG00000092931.nuc.ord.tre,0.424456
ENSG00000092964.nuc.ord.aln,ENSG00000092964.nuc.ord.tre,0.538569
ENSG00000092978.nuc.ord.aln,ENSG00000092978.nuc.ord.tre,0.450298
ENSG00000093009.nuc.ord.aln,ENSG00000093009.nuc.ord.tre,0.617517
ENSG00000093010.nuc.ord.aln,ENSG00000093010.nuc.ord.tre,0.270263
ENSG00000093100.nuc.ord.aln,ENSG00000093100.nuc.ord.tre,1.964571
ENSG00000093134.nuc.ord.aln,ENSG00000093134.nuc.ord.tre,0.278230
ENSG00000093144.nuc.ord.aln,ENSG00000093144.nuc.ord.tre,0.444977
ENSG00000093167.nuc.ord.aln,ENSG00000093167.nuc.ord.tre,0.758842
ENSG00000093183.nuc.ord.aln,ENSG00000093183.nuc.ord.tre,0.352875
ENSG00000093217.nuc.ord.aln,ENSG00000093217.nuc.ord.tre,0.530113
ENSG00000094631.nuc.ord.aln,ENSG00000094631.nuc.ord.tre,1.823556
ENSG00000094755.nuc.ord.aln,ENSG00000094755.nuc.ord.tre,0.377630
ENSG00000094804.nuc.ord.aln,ENSG00000094804.nuc.ord.tre,0.537266
ENSG00000094841.nuc.ord.aln,ENSG00000094841.nuc.ord.tre,0.380556
ENSG00000094880.nuc.ord.aln,ENSG00000094880.nuc.ord.tre,0.480344
ENSG00000094963.nuc.ord.aln,ENSG00000094963.nuc.ord.tre,0.483915
ENSG00000094975.nuc.ord.aln,ENSG00000094975.nuc.ord.tre,1.858806
ENSG00000095002.nuc.ord.aln,ENSG00000095002.nuc.ord.tre,0.949079
ENSG00000095015.nuc.ord.aln,ENSG00000095015.nuc.ord.tre,2.018321
ENSG00000095139.nuc.ord.aln,ENSG00000095139.nuc.ord.tre,0.433912
ENSG00000095203.nuc.ord.aln,ENSG00000095203.nuc.ord.tre,1.098445
ENSG00000095209.nuc.ord.aln,ENSG00000095209.nuc.ord.tre,0.447159
ENSG00000095261.nuc.ord.aln,ENSG00000095261.nuc.ord.tre,0.358498
ENSG00000095303.nuc.ord.aln,ENSG00000095303.nuc.ord.tre,0.691444
ENSG00000095319.nuc.ord.aln,ENSG00000095319.nuc.ord.tre,2.125433
ENSG00000095321.nuc.ord.aln,ENSG00000095321.nuc.ord.tre,0.445603
ENSG00000095370.nuc.ord.aln,ENSG00000095370.nuc.ord.tre,0.868002
ENSG00000095380.nuc.ord.aln,ENSG00000095380.nuc.ord.tre,0.370314
ENSG00000095383.nuc.ord.aln,ENSG00000095383.nuc.ord.tre,1.036145
ENSG00000095397.nuc.ord.aln,ENSG00000095397.nuc.ord.tre,0.891414
ENSG00000095464.nuc.ord.aln,ENSG00000095464.nuc.ord.tre,0.852964
ENSG00000095485.nuc.ord.aln,ENSG00000095485.nuc.ord.tre,0.497923
ENSG00000095539.nuc.ord.aln,ENSG00000095539.nuc.ord.tre,0.621767
ENSG00000095564.nuc.ord.aln,ENSG00000095564.nuc.ord.tre,2.914653
ENSG00000095574.nuc.ord.aln,ENSG00000095574.nuc.ord.tre,0.319433
ENSG00000095585.nuc.ord.aln,ENSG00000095585.nuc.ord.tre,0.574347
ENSG00000095587.nuc.ord.aln,ENSG00000095587.nuc.ord.tre,0.976979
ENSG00000095596.nuc.ord.aln,ENSG00000095596.nuc.ord.tre,0.415172
ENSG00000095627.nuc.ord.aln,ENSG00000095627.nuc.ord.tre,1.199312
ENSG00000095637.nuc.ord.aln,ENSG00000095637.nuc.ord.tre,2.303987
ENSG00000095713.nuc.ord.aln,ENSG00000095713.nuc.ord.tre,0.567060
ENSG00000095739.nuc.ord.aln,ENSG00000095739.nuc.ord.tre,0.332358
ENSG00000095752.nuc.ord.aln,ENSG00000095752.nuc.ord.tre,0.210312
ENSG00000095777.nuc.ord.aln,ENSG00000095777.nuc.ord.tre,2.161697
ENSG00000095787.nuc.ord.aln,ENSG00000095787.nuc.ord.tre,0.613252
ENSG00000095794.nuc.ord.aln,ENSG00000095794.nuc.ord.tre,0.431125
ENSG00000095951.nuc.ord.aln,ENSG00000095951.nuc.ord.tre,5.160512
ENSG00000095970.nuc.ord.aln,ENSG00000095970.nuc.ord.tre,0.391378
ENSG00000095981.nuc.ord.aln,ENSG00000095981.nuc.ord.tre,0.568332
ENSG00000096060.nuc.ord.aln,ENSG00000096060.nuc.ord.tre,0.537322
ENSG00000096063.nuc.ord.aln,ENSG00000096063.nuc.ord.tre,0.684847
ENSG00000096070.nuc.ord.aln,ENSG00000096070.nuc.ord.tre,1.607285
ENSG00000096080.nuc.ord.aln,ENSG00000096080.nuc.ord.tre,0.349771
ENSG00000096088.nuc.ord.aln,ENSG00000096088.nuc.ord.tre,0.265399
ENSG00000096092.nuc.ord.aln,ENSG00000096092.nuc.ord.tre,0.258235
ENSG00000096093.nuc.ord.aln,ENSG00000096093.nuc.ord.tre,0.592552
ENSG00000096401.nuc.ord.aln,ENSG00000096401.nuc.ord.tre,0.651492
ENSG00000096717.nuc.ord.aln,ENSG00000096717.nuc.ord.tre,0.923506
ENSG00000096746.nuc.ord.aln,ENSG00000096746.nuc.ord.tre,0.331413
ENSG00000096872.nuc.ord.aln,ENSG00000096872.nuc.ord.tre,0.520103
ENSG00000096968.nuc.ord.aln,ENSG00000096968.nuc.ord.tre,1.118967
ENSG00000097007.nuc.ord.aln,ENSG00000097007.nuc.ord.tre,1.897447
ENSG00000097033.nuc.ord.aln,ENSG00000097033.nuc.ord.tre,0.404672
ENSG00000097046.nuc.ord.aln,ENSG00000097046.nuc.ord.tre,0.451117
ENSG00000097096.nuc.ord.aln,ENSG00000097096.nuc.ord.tre,1.438611
ENSG00000099139.nuc.ord.aln,ENSG00000099139.nuc.ord.tre,2.736281
ENSG00000099203.nuc.ord.aln,ENSG00000099203.nuc.ord.tre,0.282658
ENSG00000099204.nuc.ord.aln,ENSG00000099204.nuc.ord.tre,0.833688
ENSG00000099219.nuc.ord.aln,ENSG00000099219.nuc.ord.tre,0.897266
ENSG00000099246.nuc.ord.aln,ENSG00000099246.nuc.ord.tre,0.396322
ENSG00000099250.nuc.ord.aln,ENSG00000099250.nuc.ord.tre,0.912881
ENSG00000099260.nuc.ord.aln,ENSG00000099260.nuc.ord.tre,0.471312
ENSG00000099282.nuc.ord.aln,ENSG00000099282.nuc.ord.tre,0.362980
ENSG00000099284.nuc.ord.aln,ENSG00000099284.nuc.ord.tre,0.433509
ENSG00000099337.nuc.ord.aln,ENSG00000099337.nuc.ord.tre,0.315683
ENSG00000099341.nuc.ord.aln,ENSG00000099341.nuc.ord.tre,0.337506
ENSG00000099377.nuc.ord.aln,ENSG00000099377.nuc.ord.tre,0.339778
ENSG00000099381.nuc.ord.aln,ENSG00000099381.nuc.ord.tre,2.829633
ENSG00000099622.nuc.ord.aln,ENSG00000099622.nuc.ord.tre,0.228890
ENSG00000099624.nuc.ord.aln,ENSG00000099624.nuc.ord.tre,0.256364
ENSG00000099783.nuc.ord.aln,ENSG00000099783.nuc.ord.tre,0.677287
ENSG00000099785.nuc.ord.aln,ENSG00000099785.nuc.ord.tre,0.447241
ENSG00000099810.nuc.ord.aln,ENSG00000099810.nuc.ord.tre,0.436912
ENSG00000099860.nuc.ord.aln,ENSG00000099860.nuc.ord.tre,0.241861
ENSG00000099889.nuc.ord.aln,ENSG00000099889.nuc.ord.tre,0.858757
ENSG00000099910.nuc.ord.aln,ENSG00000099910.nuc.ord.tre,0.492666
ENSG00000099917.nuc.ord.aln,ENSG00000099917.nuc.ord.tre,0.608491
ENSG00000099937.nuc.ord.aln,ENSG00000099937.nuc.ord.tre,0.421213
ENSG00000099940.nuc.ord.aln,ENSG00000099940.nuc.ord.tre,0.326591
ENSG00000099942.nuc.ord.aln,ENSG00000099942.nuc.ord.tre,0.324350
ENSG00000099949.nuc.ord.aln,ENSG00000099949.nuc.ord.tre,0.774704
ENSG00000099954.nuc.ord.aln,ENSG00000099954.nuc.ord.tre,1.826663
ENSG00000099956.nuc.ord.aln,ENSG00000099956.nuc.ord.tre,0.493595
ENSG00000099957.nuc.ord.aln,ENSG00000099957.nuc.ord.tre,0.387558
ENSG00000099958.nuc.ord.aln,ENSG00000099958.nuc.ord.tre,0.385504
ENSG00000099968.nuc.ord.aln,ENSG00000099968.nuc.ord.tre,0.454667
ENSG00000099991.nuc.ord.aln,ENSG00000099991.nuc.ord.tre,3.427075
ENSG00000099992.nuc.ord.aln,ENSG00000099992.nuc.ord.tre,0.440560
ENSG00000099994.nuc.ord.aln,ENSG00000099994.nuc.ord.tre,0.599990
ENSG00000099995.nuc.ord.aln,ENSG00000099995.nuc.ord.tre,0.656454
ENSG00000099998.nuc.ord.aln,ENSG00000099998.nuc.ord.tre,0.830040
ENSG00000099999.nuc.ord.aln,ENSG00000099999.nuc.ord.tre,0.383885
ENSG00000100003.nuc.ord.aln,ENSG00000100003.nuc.ord.tre,0.392774
ENSG00000100012.nuc.ord.aln,ENSG00000100012.nuc.ord.tre,0.397794
ENSG00000100014.nuc.ord.aln,ENSG00000100014.nuc.ord.tre,1.148524
ENSG00000100023.nuc.ord.aln,ENSG00000100023.nuc.ord.tre,0.595501
ENSG00000100024.nuc.ord.aln,ENSG00000100024.nuc.ord.tre,0.382442
ENSG00000100027.nuc.ord.aln,ENSG00000100027.nuc.ord.tre,0.274338
ENSG00000100029.nuc.ord.aln,ENSG00000100029.nuc.ord.tre,0.475956
ENSG00000100030.nuc.ord.aln,ENSG00000100030.nuc.ord.tre,0.373561
ENSG00000100033.nuc.ord.aln,ENSG00000100033.nuc.ord.tre,0.427764
ENSG00000100034.nuc.ord.aln,ENSG00000100034.nuc.ord.tre,0.365226
ENSG00000100036.nuc.ord.aln,ENSG00000100036.nuc.ord.tre,0.309996
ENSG00000100053.nuc.ord.aln,ENSG00000100053.nuc.ord.tre,0.277220
ENSG00000100056.nuc.ord.aln,ENSG00000100056.nuc.ord.tre,0.490957
ENSG00000100060.nuc.ord.aln,ENSG00000100060.nuc.ord.tre,0.374059
ENSG00000100065.nuc.ord.aln,ENSG00000100065.nuc.ord.tre,1.332274
ENSG00000100075.nuc.ord.aln,ENSG00000100075.nuc.ord.tre,0.296331
ENSG00000100077.nuc.ord.aln,ENSG00000100077.nuc.ord.tre,0.525990
ENSG00000100078.nuc.ord.aln,ENSG00000100078.nuc.ord.tre,0.546734
ENSG00000100083.nuc.ord.aln,ENSG00000100083.nuc.ord.tre,0.719345
ENSG00000100084.nuc.ord.aln,ENSG00000100084.nuc.ord.tre,0.947821
ENSG00000100095.nuc.ord.aln,ENSG00000100095.nuc.ord.tre,1.046146
ENSG00000100097.nuc.ord.aln,ENSG00000100097.nuc.ord.tre,0.220134
ENSG00000100099.nuc.ord.aln,ENSG00000100099.nuc.ord.tre,0.665273
ENSG00000100100.nuc.ord.aln,ENSG00000100100.nuc.ord.tre,0.371672
ENSG00000100101.nuc.ord.aln,ENSG00000100101.nuc.ord.tre,0.338227
ENSG00000100104.nuc.ord.aln,ENSG00000100104.nuc.ord.tre,0.425571
ENSG00000100105.nuc.ord.aln,ENSG00000100105.nuc.ord.tre,0.617536
ENSG00000100106.nuc.ord.aln,ENSG00000100106.nuc.ord.tre,3.525316
ENSG00000100116.nuc.ord.aln,ENSG00000100116.nuc.ord.tre,0.370060
ENSG00000100122.nuc.ord.aln,ENSG00000100122.nuc.ord.tre,0.404698
ENSG00000100124.nuc.ord.aln,ENSG00000100124.nuc.ord.tre,0.385625
ENSG00000100129.nuc.ord.aln,ENSG00000100129.nuc.ord.tre,0.398029
ENSG00000100139.nuc.ord.aln,ENSG00000100139.nuc.ord.tre,0.995051
ENSG00000100142.nuc.ord.aln,ENSG00000100142.nuc.ord.tre,0.256191
ENSG00000100147.nuc.ord.aln,ENSG00000100147.nuc.ord.tre,0.326893
ENSG00000100154.nuc.ord.aln,ENSG00000100154.nuc.ord.tre,3.740427
ENSG00000100162.nuc.ord.aln,ENSG00000100162.nuc.ord.tre,0.281464
ENSG00000100167.nuc.ord.aln,ENSG00000100167.nuc.ord.tre,0.495103
ENSG00000100170.nuc.ord.aln,ENSG00000100170.nuc.ord.tre,0.568146
ENSG00000100191.nuc.ord.aln,ENSG00000100191.nuc.ord.tre,0.390263
ENSG00000100196.nuc.ord.aln,ENSG00000100196.nuc.ord.tre,0.305701
ENSG00000100201.nuc.ord.aln,ENSG00000100201.nuc.ord.tre,0.805273
ENSG00000100206.nuc.ord.aln,ENSG00000100206.nuc.ord.tre,0.388907
ENSG00000100209.nuc.ord.aln,ENSG00000100209.nuc.ord.tre,0.330433
ENSG00000100218.nuc.ord.aln,ENSG00000100218.nuc.ord.tre,0.447731
ENSG00000100219.nuc.ord.aln,ENSG00000100219.nuc.ord.tre,0.383589
ENSG00000100220.nuc.ord.aln,ENSG00000100220.nuc.ord.tre,0.457068
ENSG00000100221.nuc.ord.aln,ENSG00000100221.nuc.ord.tre,0.297004
ENSG00000100225.nuc.ord.aln,ENSG00000100225.nuc.ord.tre,0.710006
ENSG00000100226.nuc.ord.aln,ENSG00000100226.nuc.ord.tre,0.656142
ENSG00000100227.nuc.ord.aln,ENSG00000100227.nuc.ord.tre,0.438001
ENSG00000100228.nuc.ord.aln,ENSG00000100228.nuc.ord.tre,0.405531
ENSG00000100234.nuc.ord.aln,ENSG00000100234.nuc.ord.tre,0.337930
ENSG00000100242.nuc.ord.aln,ENSG00000100242.nuc.ord.tre,0.725128
ENSG00000100243.nuc.ord.aln,ENSG00000100243.nuc.ord.tre,0.363241
ENSG00000100246.nuc.ord.aln,ENSG00000100246.nuc.ord.tre,0.217857
ENSG00000100258.nuc.ord.aln,ENSG00000100258.nuc.ord.tre,0.696543
ENSG00000100263.nuc.ord.aln,ENSG00000100263.nuc.ord.tre,0.292276
ENSG00000100266.nuc.ord.aln,ENSG00000100266.nuc.ord.tre,0.446505
ENSG00000100271.nuc.ord.aln,ENSG00000100271.nuc.ord.tre,0.414929
ENSG00000100280.nuc.ord.aln,ENSG00000100280.nuc.ord.tre,0.975626
ENSG00000100281.nuc.ord.aln,ENSG00000100281.nuc.ord.tre,0.635746
ENSG00000100285.nuc.ord.aln,ENSG00000100285.nuc.ord.tre,0.664968
ENSG00000100294.nuc.ord.aln,ENSG00000100294.nuc.ord.tre,0.371633
ENSG00000100296.nuc.ord.aln,ENSG00000100296.nuc.ord.tre,0.629512
ENSG00000100297.nuc.ord.aln,ENSG00000100297.nuc.ord.tre,0.712104
ENSG00000100299.nuc.ord.aln,ENSG00000100299.nuc.ord.tre,0.396192
ENSG00000100302.nuc.ord.aln,ENSG00000100302.nuc.ord.tre,0.331315
ENSG00000100304.nuc.ord.aln,ENSG00000100304.nuc.ord.tre,0.613425
ENSG00000100311.nuc.ord.aln,ENSG00000100311.nuc.ord.tre,0.318380
ENSG00000100312.nuc.ord.aln,ENSG00000100312.nuc.ord.tre,0.322471
ENSG00000100314.nuc.ord.aln,ENSG00000100314.nuc.ord.tre,0.282161
ENSG00000100319.nuc.ord.aln,ENSG00000100319.nuc.ord.tre,0.269498
ENSG00000100320.nuc.ord.aln,ENSG00000100320.nuc.ord.tre,0.536835
ENSG00000100321.nuc.ord.aln,ENSG00000100321.nuc.ord.tre,0.307835
ENSG00000100324.nuc.ord.aln,ENSG00000100324.nuc.ord.tre,0.465920
ENSG00000100325.nuc.ord.aln,ENSG00000100325.nuc.ord.tre,0.763944
ENSG00000100330.nuc.ord.aln,ENSG00000100330.nuc.ord.tre,1.411777
ENSG00000100335.nuc.ord.aln,ENSG00000100335.nuc.ord.tre,0.553851
ENSG00000100341.nuc.ord.aln,ENSG00000100341.nuc.ord.tre,0.320870
ENSG00000100344.nuc.ord.aln,ENSG00000100344.nuc.ord.tre,0.416212
ENSG00000100345.nuc.ord.aln,ENSG00000100345.nuc.ord.tre,2.883664
ENSG00000100346.nuc.ord.aln,ENSG00000100346.nuc.ord.tre,4.564451
ENSG00000100347.nuc.ord.aln,ENSG00000100347.nuc.ord.tre,0.369234
ENSG00000100348.nuc.ord.aln,ENSG00000100348.nuc.ord.tre,0.223106
ENSG00000100350.nuc.ord.aln,ENSG00000100350.nuc.ord.tre,0.598305
ENSG00000100351.nuc.ord.aln,ENSG00000100351.nuc.ord.tre,0.410644
ENSG00000100353.nuc.ord.aln,ENSG00000100353.nuc.ord.tre,0.546386
ENSG00000100354.nuc.ord.aln,ENSG00000100354.nuc.ord.tre,3.087566
ENSG00000100359.nuc.ord.aln,ENSG00000100359.nuc.ord.tre,0.952981
ENSG00000100360.nuc.ord.aln,ENSG00000100360.nuc.ord.tre,0.710728
ENSG00000100365.nuc.ord.aln,ENSG00000100365.nuc.ord.tre,0.430444
ENSG00000100372.nuc.ord.aln,ENSG00000100372.nuc.ord.tre,0.377449
ENSG00000100373.nuc.ord.aln,ENSG00000100373.nuc.ord.tre,0.467265
ENSG00000100376.nuc.ord.aln,ENSG00000100376.nuc.ord.tre,0.343686
ENSG00000100379.nuc.ord.aln,ENSG00000100379.nuc.ord.tre,0.291897
ENSG00000100393.nuc.ord.aln,ENSG00000100393.nuc.ord.tre,4.699413
ENSG00000100395.nuc.ord.aln,ENSG00000100395.nuc.ord.tre,0.697224
ENSG00000100401.nuc.ord.aln,ENSG00000100401.nuc.ord.tre,0.632956
ENSG00000100403.nuc.ord.aln,ENSG00000100403.nuc.ord.tre,1.109680
ENSG00000100412.nuc.ord.aln,ENSG00000100412.nuc.ord.tre,0.536829
ENSG00000100413.nuc.ord.aln,ENSG00000100413.nuc.ord.tre,0.279059
ENSG00000100416.nuc.ord.aln,ENSG00000100416.nuc.ord.tre,0.406190
ENSG00000100422.nuc.ord.aln,ENSG00000100422.nuc.ord.tre,0.369848
ENSG00000100425.nuc.ord.aln,ENSG00000100425.nuc.ord.tre,1.132124
ENSG00000100429.nuc.ord.aln,ENSG00000100429.nuc.ord.tre,0.575678
ENSG00000100433.nuc.ord.aln,ENSG00000100433.nuc.ord.tre,0.593492
ENSG00000100439.nuc.ord.aln,ENSG00000100439.nuc.ord.tre,0.380096
ENSG00000100441.nuc.ord.aln,ENSG00000100441.nuc.ord.tre,0.483117
ENSG00000100442.nuc.ord.aln,ENSG00000100442.nuc.ord.tre,0.360217
ENSG00000100445.nuc.ord.aln,ENSG00000100445.nuc.ord.tre,0.495026
ENSG00000100448.nuc.ord.aln,ENSG00000100448.nuc.ord.tre,0.273111
ENSG00000100462.nuc.ord.aln,ENSG00000100462.nuc.ord.tre,0.564156
ENSG00000100473.nuc.ord.aln,ENSG00000100473.nuc.ord.tre,0.541004
ENSG00000100479.nuc.ord.aln,ENSG00000100479.nuc.ord.tre,0.467352
ENSG00000100483.nuc.ord.aln,ENSG00000100483.nuc.ord.tre,0.323164
ENSG00000100485.nuc.ord.aln,ENSG00000100485.nuc.ord.tre,1.415704
ENSG00000100503.nuc.ord.aln,ENSG00000100503.nuc.ord.tre,3.355635
ENSG00000100504.nuc.ord.aln,ENSG00000100504.nuc.ord.tre,0.843270
ENSG00000100505.nuc.ord.aln,ENSG00000100505.nuc.ord.tre,1.132933
ENSG00000100522.nuc.ord.aln,ENSG00000100522.nuc.ord.tre,0.363923
ENSG00000100523.nuc.ord.aln,ENSG00000100523.nuc.ord.tre,1.210775
ENSG00000100526.nuc.ord.aln,ENSG00000100526.nuc.ord.tre,0.344264
ENSG00000100532.nuc.ord.aln,ENSG00000100532.nuc.ord.tre,0.376123
ENSG00000100554.nuc.ord.aln,ENSG00000100554.nuc.ord.tre,0.336290
ENSG00000100557.nuc.ord.aln,ENSG00000100557.nuc.ord.tre,0.417584
ENSG00000100558.nuc.ord.aln,ENSG00000100558.nuc.ord.tre,0.417114
ENSG00000100564.nuc.ord.aln,ENSG00000100564.nuc.ord.tre,0.305154
ENSG00000100565.nuc.ord.aln,ENSG00000100565.nuc.ord.tre,1.326561
ENSG00000100567.nuc.ord.aln,ENSG00000100567.nuc.ord.tre,0.320680
ENSG00000100577.nuc.ord.aln,ENSG00000100577.nuc.ord.tre,0.307191
ENSG00000100578.nuc.ord.aln,ENSG00000100578.nuc.ord.tre,2.249881
ENSG00000100580.nuc.ord.aln,ENSG00000100580.nuc.ord.tre,0.389411
ENSG00000100591.nuc.ord.aln,ENSG00000100591.nuc.ord.tre,0.383460
ENSG00000100592.nuc.ord.aln,ENSG00000100592.nuc.ord.tre,1.102925
ENSG00000100593.nuc.ord.aln,ENSG00000100593.nuc.ord.tre,0.562081
ENSG00000100596.nuc.ord.aln,ENSG00000100596.nuc.ord.tre,0.500297
ENSG00000100600.nuc.ord.aln,ENSG00000100600.nuc.ord.tre,0.388329
ENSG00000100601.nuc.ord.aln,ENSG00000100601.nuc.ord.tre,0.433989
ENSG00000100603.nuc.ord.aln,ENSG00000100603.nuc.ord.tre,0.245012
ENSG00000100612.nuc.ord.aln,ENSG00000100612.nuc.ord.tre,0.513863
ENSG00000100614.nuc.ord.aln,ENSG00000100614.nuc.ord.tre,0.399265
ENSG00000100625.nuc.ord.aln,ENSG00000100625.nuc.ord.tre,0.661629
ENSG00000100629.nuc.ord.aln,ENSG00000100629.nuc.ord.tre,0.771900
ENSG00000100632.nuc.ord.aln,ENSG00000100632.nuc.ord.tre,0.231321
ENSG00000100644.nuc.ord.aln,ENSG00000100644.nuc.ord.tre,0.923620
ENSG00000100647.nuc.ord.aln,ENSG00000100647.nuc.ord.tre,0.339495
ENSG00000100650.nuc.ord.aln,ENSG00000100650.nuc.ord.tre,0.378094
ENSG00000100652.nuc.ord.aln,ENSG00000100652.nuc.ord.tre,0.394099
ENSG00000100678.nuc.ord.aln,ENSG00000100678.nuc.ord.tre,0.904144
ENSG00000100697.nuc.ord.aln,ENSG00000100697.nuc.ord.tre,2.702318
ENSG00000100711.nuc.ord.aln,ENSG00000100711.nuc.ord.tre,0.328369
ENSG00000100714.nuc.ord.aln,ENSG00000100714.nuc.ord.tre,0.979703
ENSG00000100722.nuc.ord.aln,ENSG00000100722.nuc.ord.tre,0.642677
ENSG00000100731.nuc.ord.aln,ENSG00000100731.nuc.ord.tre,3.803067
ENSG00000100744.nuc.ord.aln,ENSG00000100744.nuc.ord.tre,0.248444
ENSG00000100749.nuc.ord.aln,ENSG00000100749.nuc.ord.tre,0.396466
ENSG00000100764.nuc.ord.aln,ENSG00000100764.nuc.ord.tre,0.396668
ENSG00000100784.nuc.ord.aln,ENSG00000100784.nuc.ord.tre,0.974958
ENSG00000100796.nuc.ord.aln,ENSG00000100796.nuc.ord.tre,1.432802
ENSG00000100802.nuc.ord.aln,ENSG00000100802.nuc.ord.tre,0.418855
ENSG00000100804.nuc.ord.aln,ENSG00000100804.nuc.ord.tre,0.322141
ENSG00000100813.nuc.ord.aln,ENSG00000100813.nuc.ord.tre,1.587304
ENSG00000100814.nuc.ord.aln,ENSG00000100814.nuc.ord.tre,0.385129
ENSG00000100815.nuc.ord.aln,ENSG00000100815.nuc.ord.tre,2.330890
ENSG00000100842.nuc.ord.aln,ENSG00000100842.nuc.ord.tre,0.438630
ENSG00000100852.nuc.ord.aln,ENSG00000100852.nuc.ord.tre,1.460322
ENSG00000100865.nuc.ord.aln,ENSG00000100865.nuc.ord.tre,0.391452
ENSG00000100884.nuc.ord.aln,ENSG00000100884.nuc.ord.tre,0.552311
ENSG00000100888.nuc.ord.aln,ENSG00000100888.nuc.ord.tre,3.659143
ENSG00000100889.nuc.ord.aln,ENSG00000100889.nuc.ord.tre,0.569709
ENSG00000100890.nuc.ord.aln,ENSG00000100890.nuc.ord.tre,0.438520
ENSG00000100897.nuc.ord.aln,ENSG00000100897.nuc.ord.tre,0.493330
ENSG00000100906.nuc.ord.aln,ENSG00000100906.nuc.ord.tre,0.378850
ENSG00000100916.nuc.ord.aln,ENSG00000100916.nuc.ord.tre,0.405295
ENSG00000100918.nuc.ord.aln,ENSG00000100918.nuc.ord.tre,0.549588
ENSG00000100926.nuc.ord.aln,ENSG00000100926.nuc.ord.tre,0.493175
ENSG00000100934.nuc.ord.aln,ENSG00000100934.nuc.ord.tre,0.730703
ENSG00000100938.nuc.ord.aln,ENSG00000100938.nuc.ord.tre,0.472030
ENSG00000100941.nuc.ord.aln,ENSG00000100941.nuc.ord.tre,0.635542
ENSG00000100949.nuc.ord.aln,ENSG00000100949.nuc.ord.tre,0.397214
ENSG00000100968.nuc.ord.aln,ENSG00000100968.nuc.ord.tre,0.939490
ENSG00000100982.nuc.ord.aln,ENSG00000100982.nuc.ord.tre,0.565323
ENSG00000100983.nuc.ord.aln,ENSG00000100983.nuc.ord.tre,0.600734
ENSG00000100987.nuc.ord.aln,ENSG00000100987.nuc.ord.tre,0.340081
ENSG00000100991.nuc.ord.aln,ENSG00000100991.nuc.ord.tre,0.769776
ENSG00000100997.nuc.ord.aln,ENSG00000100997.nuc.ord.tre,0.433489
ENSG00000101000.nuc.ord.aln,ENSG00000101000.nuc.ord.tre,0.328716
ENSG00000101003.nuc.ord.aln,ENSG00000101003.nuc.ord.tre,0.322845
ENSG00000101004.nuc.ord.aln,ENSG00000101004.nuc.ord.tre,2.112602
ENSG00000101019.nuc.ord.aln,ENSG00000101019.nuc.ord.tre,0.336035
ENSG00000101040.nuc.ord.aln,ENSG00000101040.nuc.ord.tre,1.393213
ENSG00000101049.nuc.ord.aln,ENSG00000101049.nuc.ord.tre,0.575223
ENSG00000101052.nuc.ord.aln,ENSG00000101052.nuc.ord.tre,0.468725
ENSG00000101057.nuc.ord.aln,ENSG00000101057.nuc.ord.tre,0.670351
ENSG00000101074.nuc.ord.aln,ENSG00000101074.nuc.ord.tre,0.277413
ENSG00000101076.nuc.ord.aln,ENSG00000101076.nuc.ord.tre,0.420096
ENSG00000101079.nuc.ord.aln,ENSG00000101079.nuc.ord.tre,0.384100
ENSG00000101082.nuc.ord.aln,ENSG00000101082.nuc.ord.tre,0.474855
ENSG00000101084.nuc.ord.aln,ENSG00000101084.nuc.ord.tre,0.277324
ENSG00000101096.nuc.ord.aln,ENSG00000101096.nuc.ord.tre,0.943250
ENSG00000101098.nuc.ord.aln,ENSG00000101098.nuc.ord.tre,0.399615
ENSG00000101104.nuc.ord.aln,ENSG00000101104.nuc.ord.tre,0.576242
ENSG00000101109.nuc.ord.aln,ENSG00000101109.nuc.ord.tre,0.461105
ENSG00000101126.nuc.ord.aln,ENSG00000101126.nuc.ord.tre,1.177037
ENSG00000101134.nuc.ord.aln,ENSG00000101134.nuc.ord.tre,0.365124
ENSG00000101144.nuc.ord.aln,ENSG00000101144.nuc.ord.tre,0.407423
ENSG00000101146.nuc.ord.aln,ENSG00000101146.nuc.ord.tre,0.380526
ENSG00000101158.nuc.ord.aln,ENSG00000101158.nuc.ord.tre,0.518569
ENSG00000101160.nuc.ord.aln,ENSG00000101160.nuc.ord.tre,0.337281
ENSG00000101161.nuc.ord.aln,ENSG00000101161.nuc.ord.tre,0.979748
ENSG00000101162.nuc.ord.aln,ENSG00000101162.nuc.ord.tre,0.346881
ENSG00000101181.nuc.ord.aln,ENSG00000101181.nuc.ord.tre,0.525046
ENSG00000101182.nuc.ord.aln,ENSG00000101182.nuc.ord.tre,0.304331
ENSG00000101189.nuc.ord.aln,ENSG00000101189.nuc.ord.tre,0.242480
ENSG00000101190.nuc.ord.aln,ENSG00000101190.nuc.ord.tre,0.481607
ENSG00000101191.nuc.ord.aln,ENSG00000101191.nuc.ord.tre,3.809691
ENSG00000101193.nuc.ord.aln,ENSG00000101193.nuc.ord.tre,0.297301
ENSG00000101194.nuc.ord.aln,ENSG00000101194.nuc.ord.tre,0.330645
ENSG00000101199.nuc.ord.aln,ENSG00000101199.nuc.ord.tre,0.378777
ENSG00000101210.nuc.ord.aln,ENSG00000101210.nuc.ord.tre,0.367749
ENSG00000101216.nuc.ord.aln,ENSG00000101216.nuc.ord.tre,0.427175
ENSG00000101222.nuc.ord.aln,ENSG00000101222.nuc.ord.tre,0.307144
ENSG00000101230.nuc.ord.aln,ENSG00000101230.nuc.ord.tre,0.468666
ENSG00000101236.nuc.ord.aln,ENSG00000101236.nuc.ord.tre,0.336686
ENSG00000101247.nuc.ord.aln,ENSG00000101247.nuc.ord.tre,0.442691
ENSG00000101251.nuc.ord.aln,ENSG00000101251.nuc.ord.tre,0.599570
ENSG00000101265.nuc.ord.aln,ENSG00000101265.nuc.ord.tre,0.410866
ENSG00000101266.nuc.ord.aln,ENSG00000101266.nuc.ord.tre,0.565339
ENSG00000101276.nuc.ord.aln,ENSG00000101276.nuc.ord.tre,0.373382
ENSG00000101280.nuc.ord.aln,ENSG00000101280.nuc.ord.tre,0.406763
ENSG00000101290.nuc.ord.aln,ENSG00000101290.nuc.ord.tre,0.418425
ENSG00000101294.nuc.ord.aln,ENSG00000101294.nuc.ord.tre,0.497038
ENSG00000101298.nuc.ord.aln,ENSG00000101298.nuc.ord.tre,0.373699
ENSG00000101310.nuc.ord.aln,ENSG00000101310.nuc.ord.tre,0.646184
ENSG00000101311.nuc.ord.aln,ENSG00000101311.nuc.ord.tre,0.609466
ENSG00000101323.nuc.ord.aln,ENSG00000101323.nuc.ord.tre,0.423749
ENSG00000101327.nuc.ord.aln,ENSG00000101327.nuc.ord.tre,0.289078
ENSG00000101333.nuc.ord.aln,ENSG00000101333.nuc.ord.tre,1.373580
ENSG00000101336.nuc.ord.aln,ENSG00000101336.nuc.ord.tre,0.378411
ENSG00000101337.nuc.ord.aln,ENSG00000101337.nuc.ord.tre,0.606696
ENSG00000101342.nuc.ord.aln,ENSG00000101342.nuc.ord.tre,0.326428
ENSG00000101343.nuc.ord.aln,ENSG00000101343.nuc.ord.tre,1.106359
ENSG00000101346.nuc.ord.aln,ENSG00000101346.nuc.ord.tre,0.425676
ENSG00000101347.nuc.ord.aln,ENSG00000101347.nuc.ord.tre,0.801222
ENSG00000101349.nuc.ord.aln,ENSG00000101349.nuc.ord.tre,0.653579
ENSG00000101350.nuc.ord.aln,ENSG00000101350.nuc.ord.tre,0.616345
ENSG00000101384.nuc.ord.aln,ENSG00000101384.nuc.ord.tre,1.225143
ENSG00000101391.nuc.ord.aln,ENSG00000101391.nuc.ord.tre,0.540918
ENSG00000101400.nuc.ord.aln,ENSG00000101400.nuc.ord.tre,0.382055
ENSG00000101407.nuc.ord.aln,ENSG00000101407.nuc.ord.tre,1.104936
ENSG00000101413.nuc.ord.aln,ENSG00000101413.nuc.ord.tre,0.388004
ENSG00000101417.nuc.ord.aln,ENSG00000101417.nuc.ord.tre,0.324330
ENSG00000101421.nuc.ord.aln,ENSG00000101421.nuc.ord.tre,0.358777
ENSG00000101425.nuc.ord.aln,ENSG00000101425.nuc.ord.tre,0.385600
ENSG00000101440.nuc.ord.aln,ENSG00000101440.nuc.ord.tre,0.244884
ENSG00000101442.nuc.ord.aln,ENSG00000101442.nuc.ord.tre,0.567833
ENSG00000101445.nuc.ord.aln,ENSG00000101445.nuc.ord.tre,0.415833
ENSG00000101446.nuc.ord.aln,ENSG00000101446.nuc.ord.tre,0.175445
ENSG00000101447.nuc.ord.aln,ENSG00000101447.nuc.ord.tre,0.669056
ENSG00000101452.nuc.ord.aln,ENSG00000101452.nuc.ord.tre,0.701939
ENSG00000101457.nuc.ord.aln,ENSG00000101457.nuc.ord.tre,0.384714
ENSG00000101460.nuc.ord.aln,ENSG00000101460.nuc.ord.tre,0.176496
ENSG00000101463.nuc.ord.aln,ENSG00000101463.nuc.ord.tre,0.361398
ENSG00000101464.nuc.ord.aln,ENSG00000101464.nuc.ord.tre,0.459868
ENSG00000101473.nuc.ord.aln,ENSG00000101473.nuc.ord.tre,0.363075
ENSG00000101474.nuc.ord.aln,ENSG00000101474.nuc.ord.tre,0.418062
ENSG00000101493.nuc.ord.aln,ENSG00000101493.nuc.ord.tre,1.166368
ENSG00000101542.nuc.ord.aln,ENSG00000101542.nuc.ord.tre,0.820806
ENSG00000101544.nuc.ord.aln,ENSG00000101544.nuc.ord.tre,1.091779
ENSG00000101557.nuc.ord.aln,ENSG00000101557.nuc.ord.tre,0.553020
ENSG00000101577.nuc.ord.aln,ENSG00000101577.nuc.ord.tre,1.189705
ENSG00000101596.nuc.ord.aln,ENSG00000101596.nuc.ord.tre,2.782938
ENSG00000101608.nuc.ord.aln,ENSG00000101608.nuc.ord.tre,0.214431
ENSG00000101624.nuc.ord.aln,ENSG00000101624.nuc.ord.tre,0.596440
ENSG00000103740.nuc.ord.aln,ENSG00000103740.nuc.ord.tre,0.714828
ENSG00000103742.nuc.ord.aln,ENSG00000103742.nuc.ord.tre,1.400708
ENSG00000103769.nuc.ord.aln,ENSG00000103769.nuc.ord.tre,0.278110
ENSG00000103811.nuc.ord.aln,ENSG00000103811.nuc.ord.tre,0.379344
ENSG00000103852.nuc.ord.aln,ENSG00000103852.nuc.ord.tre,0.425811
ENSG00000103855.nuc.ord.aln,ENSG00000103855.nuc.ord.tre,0.299313
ENSG00000103888.nuc.ord.aln,ENSG00000103888.nuc.ord.tre,1.305952
ENSG00000103932.nuc.ord.aln,ENSG00000103932.nuc.ord.tre,1.514102
ENSG00000103966.nuc.ord.aln,ENSG00000103966.nuc.ord.tre,0.502328
ENSG00000103978.nuc.ord.aln,ENSG00000103978.nuc.ord.tre,0.487514
ENSG00000103994.nuc.ord.aln,ENSG00000103994.nuc.ord.tre,2.350620
ENSG00000103995.nuc.ord.aln,ENSG00000103995.nuc.ord.tre,2.520000
ENSG00000104043.nuc.ord.aln,ENSG00000104043.nuc.ord.tre,1.249339
ENSG00000104044.nuc.ord.aln,ENSG00000104044.nuc.ord.tre,0.960209
ENSG00000104055.nuc.ord.aln,ENSG00000104055.nuc.ord.tre,0.661830
ENSG00000104059.nuc.ord.aln,ENSG00000104059.nuc.ord.tre,0.402303
ENSG00000104064.nuc.ord.aln,ENSG00000104064.nuc.ord.tre,0.399121
ENSG00000104067.nuc.ord.aln,ENSG00000104067.nuc.ord.tre,2.277540
ENSG00000104081.nuc.ord.aln,ENSG00000104081.nuc.ord.tre,0.314015
ENSG00000104093.nuc.ord.aln,ENSG00000104093.nuc.ord.tre,5.593098
ENSG00000104112.nuc.ord.aln,ENSG00000104112.nuc.ord.tre,0.416306
ENSG00000104133.nuc.ord.aln,ENSG00000104133.nuc.ord.tre,4.077719
ENSG00000104142.nuc.ord.aln,ENSG00000104142.nuc.ord.tre,0.837898
ENSG00000104147.nuc.ord.aln,ENSG00000104147.nuc.ord.tre,0.337394
ENSG00000104154.nuc.ord.aln,ENSG00000104154.nuc.ord.tre,0.428592
ENSG00000104164.nuc.ord.aln,ENSG00000104164.nuc.ord.tre,0.287517
ENSG00000104218.nuc.ord.aln,ENSG00000104218.nuc.ord.tre,1.639716
ENSG00000104219.nuc.ord.aln,ENSG00000104219.nuc.ord.tre,0.476605
ENSG00000104221.nuc.ord.aln,ENSG00000104221.nuc.ord.tre,0.372426
ENSG00000104231.nuc.ord.aln,ENSG00000104231.nuc.ord.tre,0.322948
ENSG00000104237.nuc.ord.aln,ENSG00000104237.nuc.ord.tre,3.029820
ENSG00000104267.nuc.ord.aln,ENSG00000104267.nuc.ord.tre,0.291010
ENSG00000104290.nuc.ord.aln,ENSG00000104290.nuc.ord.tre,0.404776
ENSG00000104299.nuc.ord.aln,ENSG00000104299.nuc.ord.tre,0.685898
ENSG00000104312.nuc.ord.aln,ENSG00000104312.nuc.ord.tre,0.474723
ENSG00000104313.nuc.ord.aln,ENSG00000104313.nuc.ord.tre,0.574336
ENSG00000104320.nuc.ord.aln,ENSG00000104320.nuc.ord.tre,0.704928
ENSG00000104321.nuc.ord.aln,ENSG00000104321.nuc.ord.tre,1.164599
ENSG00000104324.nuc.ord.aln,ENSG00000104324.nuc.ord.tre,0.614280
ENSG00000104325.nuc.ord.aln,ENSG00000104325.nuc.ord.tre,0.421770
ENSG00000104327.nuc.ord.aln,ENSG00000104327.nuc.ord.tre,0.365372
ENSG00000104331.nuc.ord.aln,ENSG00000104331.nuc.ord.tre,0.473885
ENSG00000104332.nuc.ord.aln,ENSG00000104332.nuc.ord.tre,0.275830
ENSG00000104343.nuc.ord.aln,ENSG00000104343.nuc.ord.tre,0.299441
ENSG00000104356.nuc.ord.aln,ENSG00000104356.nuc.ord.tre,1.104132
ENSG00000104361.nuc.ord.aln,ENSG00000104361.nuc.ord.tre,0.371431
ENSG00000104365.nuc.ord.aln,ENSG00000104365.nuc.ord.tre,0.700352
ENSG00000104368.nuc.ord.aln,ENSG00000104368.nuc.ord.tre,0.526002
ENSG00000101638.nuc.ord.aln,ENSG00000101638.nuc.ord.tre,0.375375
ENSG00000102871.nuc.ord.aln,ENSG00000102871.nuc.ord.tre,0.302814
ENSG00000102879.nuc.ord.aln,ENSG00000102879.nuc.ord.tre,0.400256
ENSG00000102882.nuc.ord.aln,ENSG00000102882.nuc.ord.tre,0.363385
ENSG00000102886.nuc.ord.aln,ENSG00000102886.nuc.ord.tre,0.312171
ENSG00000102890.nuc.ord.aln,ENSG00000102890.nuc.ord.tre,0.668615
ENSG00000102893.nuc.ord.aln,ENSG00000102893.nuc.ord.tre,1.404657
ENSG00000102897.nuc.ord.aln,ENSG00000102897.nuc.ord.tre,0.245536
ENSG00000102900.nuc.ord.aln,ENSG00000102900.nuc.ord.tre,1.005762
ENSG00000102901.nuc.ord.aln,ENSG00000102901.nuc.ord.tre,0.798749
ENSG00000102904.nuc.ord.aln,ENSG00000102904.nuc.ord.tre,0.692112
ENSG00000102908.nuc.ord.aln,ENSG00000102908.nuc.ord.tre,2.582285
ENSG00000102910.nuc.ord.aln,ENSG00000102910.nuc.ord.tre,0.965014
ENSG00000102934.nuc.ord.aln,ENSG00000102934.nuc.ord.tre,0.337003
ENSG00000102935.nuc.ord.aln,ENSG00000102935.nuc.ord.tre,1.399898
ENSG00000102967.nuc.ord.aln,ENSG00000102967.nuc.ord.tre,0.410145
ENSG00000102970.nuc.ord.aln,ENSG00000102970.nuc.ord.tre,0.214392
ENSG00000102974.nuc.ord.aln,ENSG00000102974.nuc.ord.tre,0.684366
ENSG00000102977.nuc.ord.aln,ENSG00000102977.nuc.ord.tre,0.433558
ENSG00000102978.nuc.ord.aln,ENSG00000102978.nuc.ord.tre,0.416687
ENSG00000102981.nuc.ord.aln,ENSG00000102981.nuc.ord.tre,0.330434
ENSG00000102984.nuc.ord.aln,ENSG00000102984.nuc.ord.tre,0.421638
ENSG00000103005.nuc.ord.aln,ENSG00000103005.nuc.ord.tre,0.351412
ENSG00000103021.nuc.ord.aln,ENSG00000103021.nuc.ord.tre,0.528294
ENSG00000103023.nuc.ord.aln,ENSG00000103023.nuc.ord.tre,0.433512
ENSG00000103034.nuc.ord.aln,ENSG00000103034.nuc.ord.tre,0.382374
ENSG00000103035.nuc.ord.aln,ENSG00000103035.nuc.ord.tre,0.312396
ENSG00000103037.nuc.ord.aln,ENSG00000103037.nuc.ord.tre,0.528812
ENSG00000103042.nuc.ord.aln,ENSG00000103042.nuc.ord.tre,0.427526
ENSG00000103043.nuc.ord.aln,ENSG00000103043.nuc.ord.tre,0.832571
ENSG00000103044.nuc.ord.aln,ENSG00000103044.nuc.ord.tre,0.485303
ENSG00000103051.nuc.ord.aln,ENSG00000103051.nuc.ord.tre,0.694327
ENSG00000103061.nuc.ord.aln,ENSG00000103061.nuc.ord.tre,0.379937
ENSG00000103064.nuc.ord.aln,ENSG00000103064.nuc.ord.tre,0.412870
ENSG00000103066.nuc.ord.aln,ENSG00000103066.nuc.ord.tre,0.412471
ENSG00000103067.nuc.ord.aln,ENSG00000103067.nuc.ord.tre,0.616161
ENSG00000103089.nuc.ord.aln,ENSG00000103089.nuc.ord.tre,0.429167
ENSG00000103091.nuc.ord.aln,ENSG00000103091.nuc.ord.tre,1.285739
ENSG00000103111.nuc.ord.aln,ENSG00000103111.nuc.ord.tre,0.522931
ENSG00000103126.nuc.ord.aln,ENSG00000103126.nuc.ord.tre,0.808679
ENSG00000103148.nuc.ord.aln,ENSG00000103148.nuc.ord.tre,0.290633
ENSG00000103150.nuc.ord.aln,ENSG00000103150.nuc.ord.tre,0.347730
ENSG00000103152.nuc.ord.aln,ENSG00000103152.nuc.ord.tre,0.292570
ENSG00000103154.nuc.ord.aln,ENSG00000103154.nuc.ord.tre,0.347729
ENSG00000103160.nuc.ord.aln,ENSG00000103160.nuc.ord.tre,0.332284
ENSG00000103168.nuc.ord.aln,ENSG00000103168.nuc.ord.tre,0.719372
ENSG00000103174.nuc.ord.aln,ENSG00000103174.nuc.ord.tre,0.430426
ENSG00000103175.nuc.ord.aln,ENSG00000103175.nuc.ord.tre,0.253694
ENSG00000103187.nuc.ord.aln,ENSG00000103187.nuc.ord.tre,0.228758
ENSG00000103194.nuc.ord.aln,ENSG00000103194.nuc.ord.tre,0.699379
ENSG00000103196.nuc.ord.aln,ENSG00000103196.nuc.ord.tre,0.371346
ENSG00000103222.nuc.ord.aln,ENSG00000103222.nuc.ord.tre,1.692025
ENSG00000103227.nuc.ord.aln,ENSG00000103227.nuc.ord.tre,0.384155
ENSG00000103245.nuc.ord.aln,ENSG00000103245.nuc.ord.tre,0.505030
ENSG00000103248.nuc.ord.aln,ENSG00000103248.nuc.ord.tre,0.420663
ENSG00000103249.nuc.ord.aln,ENSG00000103249.nuc.ord.tre,0.813299
ENSG00000103253.nuc.ord.aln,ENSG00000103253.nuc.ord.tre,0.317295
ENSG00000103266.nuc.ord.aln,ENSG00000103266.nuc.ord.tre,0.262565
ENSG00000103269.nuc.ord.aln,ENSG00000103269.nuc.ord.tre,0.338148
ENSG00000103310.nuc.ord.aln,ENSG00000103310.nuc.ord.tre,0.683731
ENSG00000103313.nuc.ord.aln,ENSG00000103313.nuc.ord.tre,1.425221
ENSG00000103316.nuc.ord.aln,ENSG00000103316.nuc.ord.tre,0.373263
ENSG00000103319.nuc.ord.aln,ENSG00000103319.nuc.ord.tre,0.679628
ENSG00000103342.nuc.ord.aln,ENSG00000103342.nuc.ord.tre,0.736705
ENSG00000103351.nuc.ord.aln,ENSG00000103351.nuc.ord.tre,0.409214
ENSG00000103355.nuc.ord.aln,ENSG00000103355.nuc.ord.tre,0.223261
ENSG00000103356.nuc.ord.aln,ENSG00000103356.nuc.ord.tre,0.420877
ENSG00000103365.nuc.ord.aln,ENSG00000103365.nuc.ord.tre,0.842832
ENSG00000103375.nuc.ord.aln,ENSG00000103375.nuc.ord.tre,0.312573
ENSG00000103381.nuc.ord.aln,ENSG00000103381.nuc.ord.tre,0.370589
ENSG00000103415.nuc.ord.aln,ENSG00000103415.nuc.ord.tre,0.346581
ENSG00000103423.nuc.ord.aln,ENSG00000103423.nuc.ord.tre,0.415863
ENSG00000103429.nuc.ord.aln,ENSG00000103429.nuc.ord.tre,0.403068
ENSG00000103449.nuc.ord.aln,ENSG00000103449.nuc.ord.tre,1.691174
ENSG00000103460.nuc.ord.aln,ENSG00000103460.nuc.ord.tre,0.703769
ENSG00000103479.nuc.ord.aln,ENSG00000103479.nuc.ord.tre,1.028889
ENSG00000103489.nuc.ord.aln,ENSG00000103489.nuc.ord.tre,1.065356
ENSG00000103494.nuc.ord.aln,ENSG00000103494.nuc.ord.tre,1.617608
ENSG00000103495.nuc.ord.aln,ENSG00000103495.nuc.ord.tre,0.221816
ENSG00000103496.nuc.ord.aln,ENSG00000103496.nuc.ord.tre,0.386089
ENSG00000103502.nuc.ord.aln,ENSG00000103502.nuc.ord.tre,0.325093
ENSG00000103507.nuc.ord.aln,ENSG00000103507.nuc.ord.tre,0.409101
ENSG00000103510.nuc.ord.aln,ENSG00000103510.nuc.ord.tre,0.432957
ENSG00000103522.nuc.ord.aln,ENSG00000103522.nuc.ord.tre,0.441516
ENSG00000103528.nuc.ord.aln,ENSG00000103528.nuc.ord.tre,0.415761
ENSG00000103534.nuc.ord.aln,ENSG00000103534.nuc.ord.tre,1.092412
ENSG00000103540.nuc.ord.aln,ENSG00000103540.nuc.ord.tre,1.014015
ENSG00000103544.nuc.ord.aln,ENSG00000103544.nuc.ord.tre,0.926324
ENSG00000103546.nuc.ord.aln,ENSG00000103546.nuc.ord.tre,0.561175
ENSG00000103549.nuc.ord.aln,ENSG00000103549.nuc.ord.tre,1.313255
ENSG00000103550.nuc.ord.aln,ENSG00000103550.nuc.ord.tre,0.333825
ENSG00000103569.nuc.ord.aln,ENSG00000103569.nuc.ord.tre,0.409544
ENSG00000103599.nuc.ord.aln,ENSG00000103599.nuc.ord.tre,1.349881
ENSG00000103642.nuc.ord.aln,ENSG00000103642.nuc.ord.tre,0.663091
ENSG00000103647.nuc.ord.aln,ENSG00000103647.nuc.ord.tre,0.449749
ENSG00000103653.nuc.ord.aln,ENSG00000103653.nuc.ord.tre,0.352510
ENSG00000103657.nuc.ord.aln,ENSG00000103657.nuc.ord.tre,11.203808
ENSG00000103671.nuc.ord.aln,ENSG00000103671.nuc.ord.tre,0.492920
ENSG00000103707.nuc.ord.aln,ENSG00000103707.nuc.ord.tre,0.431165
ENSG00000103723.nuc.ord.aln,ENSG00000103723.nuc.ord.tre,1.151746
ENSG00000101639.nuc.ord.aln,ENSG00000101639.nuc.ord.tre,2.585961
ENSG00000101654.nuc.ord.aln,ENSG00000101654.nuc.ord.tre,0.672407
ENSG00000101665.nuc.ord.aln,ENSG00000101665.nuc.ord.tre,0.366863
ENSG00000101670.nuc.ord.aln,ENSG00000101670.nuc.ord.tre,0.409743
ENSG00000101680.nuc.ord.aln,ENSG00000101680.nuc.ord.tre,5.855528
ENSG00000101695.nuc.ord.aln,ENSG00000101695.nuc.ord.tre,0.313161
ENSG00000101745.nuc.ord.aln,ENSG00000101745.nuc.ord.tre,2.810011
ENSG00000101746.nuc.ord.aln,ENSG00000101746.nuc.ord.tre,0.640863
ENSG00000101751.nuc.ord.aln,ENSG00000101751.nuc.ord.tre,0.775831
ENSG00000101752.nuc.ord.aln,ENSG00000101752.nuc.ord.tre,0.998197
ENSG00000101773.nuc.ord.aln,ENSG00000101773.nuc.ord.tre,0.896860
ENSG00000101782.nuc.ord.aln,ENSG00000101782.nuc.ord.tre,0.477623
ENSG00000101811.nuc.ord.aln,ENSG00000101811.nuc.ord.tre,0.626427
ENSG00000101842.nuc.ord.aln,ENSG00000101842.nuc.ord.tre,0.547586
ENSG00000101843.nuc.ord.aln,ENSG00000101843.nuc.ord.tre,0.136709
ENSG00000101844.nuc.ord.aln,ENSG00000101844.nuc.ord.tre,0.452548
ENSG00000101850.nuc.ord.aln,ENSG00000101850.nuc.ord.tre,0.415624
ENSG00000101856.nuc.ord.aln,ENSG00000101856.nuc.ord.tre,0.254955
ENSG00000101868.nuc.ord.aln,ENSG00000101868.nuc.ord.tre,1.715950
ENSG00000101871.nuc.ord.aln,ENSG00000101871.nuc.ord.tre,0.604198
ENSG00000101888.nuc.ord.aln,ENSG00000101888.nuc.ord.tre,0.285058
ENSG00000101892.nuc.ord.aln,ENSG00000101892.nuc.ord.tre,0.391377
ENSG00000101901.nuc.ord.aln,ENSG00000101901.nuc.ord.tre,1.445927
ENSG00000101911.nuc.ord.aln,ENSG00000101911.nuc.ord.tre,0.347238
ENSG00000101916.nuc.ord.aln,ENSG00000101916.nuc.ord.tre,0.847825
ENSG00000101928.nuc.ord.aln,ENSG00000101928.nuc.ord.tre,0.305359
ENSG00000101935.nuc.ord.aln,ENSG00000101935.nuc.ord.tre,0.400179
ENSG00000101938.nuc.ord.aln,ENSG00000101938.nuc.ord.tre,0.443608
ENSG00000101940.nuc.ord.aln,ENSG00000101940.nuc.ord.tre,0.409556
ENSG00000101945.nuc.ord.aln,ENSG00000101945.nuc.ord.tre,0.305672
ENSG00000101958.nuc.ord.aln,ENSG00000101958.nuc.ord.tre,0.448035
ENSG00000101972.nuc.ord.aln,ENSG00000101972.nuc.ord.tre,1.231987
ENSG00000101974.nuc.ord.aln,ENSG00000101974.nuc.ord.tre,1.232138
ENSG00000101977.nuc.ord.aln,ENSG00000101977.nuc.ord.tre,1.151035
ENSG00000101981.nuc.ord.aln,ENSG00000101981.nuc.ord.tre,0.439947
ENSG00000102001.nuc.ord.aln,ENSG00000102001.nuc.ord.tre,4.516388
ENSG00000102010.nuc.ord.aln,ENSG00000102010.nuc.ord.tre,0.878564
ENSG00000102024.nuc.ord.aln,ENSG00000102024.nuc.ord.tre,0.622486
ENSG00000102032.nuc.ord.aln,ENSG00000102032.nuc.ord.tre,0.352033
ENSG00000102038.nuc.ord.aln,ENSG00000102038.nuc.ord.tre,1.028324
ENSG00000102054.nuc.ord.aln,ENSG00000102054.nuc.ord.tre,0.444870
ENSG00000102057.nuc.ord.aln,ENSG00000102057.nuc.ord.tre,0.488302
ENSG00000102081.nuc.ord.aln,ENSG00000102081.nuc.ord.tre,0.660193
ENSG00000102096.nuc.ord.aln,ENSG00000102096.nuc.ord.tre,0.354128
ENSG00000102098.nuc.ord.aln,ENSG00000102098.nuc.ord.tre,1.197995
ENSG00000102100.nuc.ord.aln,ENSG00000102100.nuc.ord.tre,0.470993
ENSG00000102103.nuc.ord.aln,ENSG00000102103.nuc.ord.tre,0.318826
ENSG00000102104.nuc.ord.aln,ENSG00000102104.nuc.ord.tre,0.308665
ENSG00000102158.nuc.ord.aln,ENSG00000102158.nuc.ord.tre,0.318027
ENSG00000102172.nuc.ord.aln,ENSG00000102172.nuc.ord.tre,0.398668
ENSG00000102174.nuc.ord.aln,ENSG00000102174.nuc.ord.tre,0.717967
ENSG00000102178.nuc.ord.aln,ENSG00000102178.nuc.ord.tre,0.242632
ENSG00000102181.nuc.ord.aln,ENSG00000102181.nuc.ord.tre,0.332707
ENSG00000102189.nuc.ord.aln,ENSG00000102189.nuc.ord.tre,1.624735
ENSG00000102195.nuc.ord.aln,ENSG00000102195.nuc.ord.tre,0.421937
ENSG00000102218.nuc.ord.aln,ENSG00000102218.nuc.ord.tre,0.409375
ENSG00000102221.nuc.ord.aln,ENSG00000102221.nuc.ord.tre,0.741730
ENSG00000102225.nuc.ord.aln,ENSG00000102225.nuc.ord.tre,0.482684
ENSG00000102226.nuc.ord.aln,ENSG00000102226.nuc.ord.tre,1.146648
ENSG00000102230.nuc.ord.aln,ENSG00000102230.nuc.ord.tre,0.404452
ENSG00000102239.nuc.ord.aln,ENSG00000102239.nuc.ord.tre,0.390194
ENSG00000102243.nuc.ord.aln,ENSG00000102243.nuc.ord.tre,0.521687
ENSG00000102245.nuc.ord.aln,ENSG00000102245.nuc.ord.tre,0.328639
ENSG00000102302.nuc.ord.aln,ENSG00000102302.nuc.ord.tre,1.166419
ENSG00000102312.nuc.ord.aln,ENSG00000102312.nuc.ord.tre,0.403614
ENSG00000102317.nuc.ord.aln,ENSG00000102317.nuc.ord.tre,0.138386
ENSG00000102359.nuc.ord.aln,ENSG00000102359.nuc.ord.tre,0.489194
ENSG00000102362.nuc.ord.aln,ENSG00000102362.nuc.ord.tre,0.623981
ENSG00000102383.nuc.ord.aln,ENSG00000102383.nuc.ord.tre,0.402657
ENSG00000102384.nuc.ord.aln,ENSG00000102384.nuc.ord.tre,0.770136
ENSG00000102385.nuc.ord.aln,ENSG00000102385.nuc.ord.tre,1.127892
ENSG00000102390.nuc.ord.aln,ENSG00000102390.nuc.ord.tre,0.324921
ENSG00000102393.nuc.ord.aln,ENSG00000102393.nuc.ord.tre,0.393370
ENSG00000102445.nuc.ord.aln,ENSG00000102445.nuc.ord.tre,0.838423
ENSG00000102452.nuc.ord.aln,ENSG00000102452.nuc.ord.tre,2.196405
ENSG00000102466.nuc.ord.aln,ENSG00000102466.nuc.ord.tre,0.408358
ENSG00000102468.nuc.ord.aln,ENSG00000102468.nuc.ord.tre,0.452740
ENSG00000102471.nuc.ord.aln,ENSG00000102471.nuc.ord.tre,0.506967
ENSG00000102524.nuc.ord.aln,ENSG00000102524.nuc.ord.tre,0.373358
ENSG00000102531.nuc.ord.aln,ENSG00000102531.nuc.ord.tre,1.276146
ENSG00000102543.nuc.ord.aln,ENSG00000102543.nuc.ord.tre,0.540665
ENSG00000102547.nuc.ord.aln,ENSG00000102547.nuc.ord.tre,0.383299
ENSG00000102572.nuc.ord.aln,ENSG00000102572.nuc.ord.tre,0.455949
ENSG00000102575.nuc.ord.aln,ENSG00000102575.nuc.ord.tre,0.308943
ENSG00000102580.nuc.ord.aln,ENSG00000102580.nuc.ord.tre,0.441171
ENSG00000102595.nuc.ord.aln,ENSG00000102595.nuc.ord.tre,2.001517
ENSG00000102606.nuc.ord.aln,ENSG00000102606.nuc.ord.tre,0.791134
ENSG00000102678.nuc.ord.aln,ENSG00000102678.nuc.ord.tre,0.318004
ENSG00000102683.nuc.ord.aln,ENSG00000102683.nuc.ord.tre,0.374921
ENSG00000102699.nuc.ord.aln,ENSG00000102699.nuc.ord.tre,2.862903
ENSG00000102710.nuc.ord.aln,ENSG00000102710.nuc.ord.tre,0.975750
ENSG00000102738.nuc.ord.aln,ENSG00000102738.nuc.ord.tre,0.355346
ENSG00000102753.nuc.ord.aln,ENSG00000102753.nuc.ord.tre,0.393398
ENSG00000102755.nuc.ord.aln,ENSG00000102755.nuc.ord.tre,1.630947
ENSG00000102760.nuc.ord.aln,ENSG00000102760.nuc.ord.tre,0.292502
ENSG00000102780.nuc.ord.aln,ENSG00000102780.nuc.ord.tre,1.458225
ENSG00000102802.nuc.ord.aln,ENSG00000102802.nuc.ord.tre,0.377033
ENSG00000102804.nuc.ord.aln,ENSG00000102804.nuc.ord.tre,1.091200
ENSG00000102805.nuc.ord.aln,ENSG00000102805.nuc.ord.tre,0.578382
ENSG00000102870.nuc.ord.aln,ENSG00000102870.nuc.ord.tre,0.813632
ENSG00000104369.nuc.ord.aln,ENSG00000104369.nuc.ord.tre,0.605266
ENSG00000104371.nuc.ord.aln,ENSG00000104371.nuc.ord.tre,0.350096
ENSG00000104375.nuc.ord.aln,ENSG00000104375.nuc.ord.tre,0.499889
ENSG00000104381.nuc.ord.aln,ENSG00000104381.nuc.ord.tre,0.363921
ENSG00000104388.nuc.ord.aln,ENSG00000104388.nuc.ord.tre,0.378470
ENSG00000104408.nuc.ord.aln,ENSG00000104408.nuc.ord.tre,0.538042
ENSG00000104412.nuc.ord.aln,ENSG00000104412.nuc.ord.tre,0.328483
ENSG00000104413.nuc.ord.aln,ENSG00000104413.nuc.ord.tre,0.920032
ENSG00000104415.nuc.ord.aln,ENSG00000104415.nuc.ord.tre,0.404964
ENSG00000104419.nuc.ord.aln,ENSG00000104419.nuc.ord.tre,0.396336
ENSG00000104427.nuc.ord.aln,ENSG00000104427.nuc.ord.tre,0.400402
ENSG00000104435.nuc.ord.aln,ENSG00000104435.nuc.ord.tre,0.262277
ENSG00000104442.nuc.ord.aln,ENSG00000104442.nuc.ord.tre,0.337604
ENSG00000104447.nuc.ord.aln,ENSG00000104447.nuc.ord.tre,1.311425
ENSG00000104450.nuc.ord.aln,ENSG00000104450.nuc.ord.tre,1.060385
ENSG00000104472.nuc.ord.aln,ENSG00000104472.nuc.ord.tre,0.274094
ENSG00000104497.nuc.ord.aln,ENSG00000104497.nuc.ord.tre,0.391880
ENSG00000104517.nuc.ord.aln,ENSG00000104517.nuc.ord.tre,4.681724
ENSG00000104518.nuc.ord.aln,ENSG00000104518.nuc.ord.tre,0.458468
ENSG00000104524.nuc.ord.aln,ENSG00000104524.nuc.ord.tre,0.372674
ENSG00000104537.nuc.ord.aln,ENSG00000104537.nuc.ord.tre,0.427742
ENSG00000104549.nuc.ord.aln,ENSG00000104549.nuc.ord.tre,0.624381
ENSG00000104611.nuc.ord.aln,ENSG00000104611.nuc.ord.tre,0.444516
ENSG00000104613.nuc.ord.aln,ENSG00000104613.nuc.ord.tre,0.611027
ENSG00000104626.nuc.ord.aln,ENSG00000104626.nuc.ord.tre,0.406101
ENSG00000104635.nuc.ord.aln,ENSG00000104635.nuc.ord.tre,0.547060
ENSG00000104643.nuc.ord.aln,ENSG00000104643.nuc.ord.tre,0.436869
ENSG00000104660.nuc.ord.aln,ENSG00000104660.nuc.ord.tre,0.292104
ENSG00000104671.nuc.ord.aln,ENSG00000104671.nuc.ord.tre,0.298394
ENSG00000104679.nuc.ord.aln,ENSG00000104679.nuc.ord.tre,0.631770
ENSG00000104687.nuc.ord.aln,ENSG00000104687.nuc.ord.tre,0.432589
ENSG00000104691.nuc.ord.aln,ENSG00000104691.nuc.ord.tre,0.325048
ENSG00000104695.nuc.ord.aln,ENSG00000104695.nuc.ord.tre,0.333230
ENSG00000104714.nuc.ord.aln,ENSG00000104714.nuc.ord.tre,0.702991
ENSG00000104722.nuc.ord.aln,ENSG00000104722.nuc.ord.tre,0.772095
ENSG00000104723.nuc.ord.aln,ENSG00000104723.nuc.ord.tre,0.418242
ENSG00000104725.nuc.ord.aln,ENSG00000104725.nuc.ord.tre,0.512038
ENSG00000104728.nuc.ord.aln,ENSG00000104728.nuc.ord.tre,1.633292
ENSG00000104731.nuc.ord.aln,ENSG00000104731.nuc.ord.tre,0.414087
ENSG00000104738.nuc.ord.aln,ENSG00000104738.nuc.ord.tre,1.002854
ENSG00000104755.nuc.ord.aln,ENSG00000104755.nuc.ord.tre,0.619090
ENSG00000104760.nuc.ord.aln,ENSG00000104760.nuc.ord.tre,0.365397
ENSG00000104763.nuc.ord.aln,ENSG00000104763.nuc.ord.tre,0.452510
ENSG00000104774.nuc.ord.aln,ENSG00000104774.nuc.ord.tre,0.848219
ENSG00000104783.nuc.ord.aln,ENSG00000104783.nuc.ord.tre,0.310981
ENSG00000104804.nuc.ord.aln,ENSG00000104804.nuc.ord.tre,0.617546
ENSG00000104808.nuc.ord.aln,ENSG00000104808.nuc.ord.tre,0.381456
ENSG00000104812.nuc.ord.aln,ENSG00000104812.nuc.ord.tre,0.678589
ENSG00000104823.nuc.ord.aln,ENSG00000104823.nuc.ord.tre,0.353199
ENSG00000104825.nuc.ord.aln,ENSG00000104825.nuc.ord.tre,0.371843
ENSG00000104835.nuc.ord.aln,ENSG00000104835.nuc.ord.tre,0.392575
ENSG00000104853.nuc.ord.aln,ENSG00000104853.nuc.ord.tre,0.649859
ENSG00000104856.nuc.ord.aln,ENSG00000104856.nuc.ord.tre,0.502657
ENSG00000104879.nuc.ord.aln,ENSG00000104879.nuc.ord.tre,0.357308
ENSG00000104880.nuc.ord.aln,ENSG00000104880.nuc.ord.tre,1.313200
ENSG00000104881.nuc.ord.aln,ENSG00000104881.nuc.ord.tre,0.734537
ENSG00000104883.nuc.ord.aln,ENSG00000104883.nuc.ord.tre,0.326128
ENSG00000104884.nuc.ord.aln,ENSG00000104884.nuc.ord.tre,0.594008
ENSG00000104885.nuc.ord.aln,ENSG00000104885.nuc.ord.tre,2.215343
ENSG00000104886.nuc.ord.aln,ENSG00000104886.nuc.ord.tre,0.175226
ENSG00000104888.nuc.ord.aln,ENSG00000104888.nuc.ord.tre,0.523645
ENSG00000104904.nuc.ord.aln,ENSG00000104904.nuc.ord.tre,0.230164
ENSG00000104936.nuc.ord.aln,ENSG00000104936.nuc.ord.tre,0.776976
ENSG00000104941.nuc.ord.aln,ENSG00000104941.nuc.ord.tre,0.892522
ENSG00000104946.nuc.ord.aln,ENSG00000104946.nuc.ord.tre,0.521090
ENSG00000104973.nuc.ord.aln,ENSG00000104973.nuc.ord.tre,0.959155
ENSG00000104979.nuc.ord.aln,ENSG00000104979.nuc.ord.tre,0.166479
ENSG00000104983.nuc.ord.aln,ENSG00000104983.nuc.ord.tre,0.498105
ENSG00000105053.nuc.ord.aln,ENSG00000105053.nuc.ord.tre,0.408914
ENSG00000105063.nuc.ord.aln,ENSG00000105063.nuc.ord.tre,0.898492
ENSG00000105088.nuc.ord.aln,ENSG00000105088.nuc.ord.tre,0.389357
ENSG00000105127.nuc.ord.aln,ENSG00000105127.nuc.ord.tre,0.580838
ENSG00000105141.nuc.ord.aln,ENSG00000105141.nuc.ord.tre,0.248674
ENSG00000105143.nuc.ord.aln,ENSG00000105143.nuc.ord.tre,0.507157
ENSG00000105171.nuc.ord.aln,ENSG00000105171.nuc.ord.tre,0.315948
ENSG00000105173.nuc.ord.aln,ENSG00000105173.nuc.ord.tre,0.515270
ENSG00000105176.nuc.ord.aln,ENSG00000105176.nuc.ord.tre,0.453362
ENSG00000105186.nuc.ord.aln,ENSG00000105186.nuc.ord.tre,1.148126
ENSG00000105197.nuc.ord.aln,ENSG00000105197.nuc.ord.tre,0.481838
ENSG00000105204.nuc.ord.aln,ENSG00000105204.nuc.ord.tre,0.570682
ENSG00000105220.nuc.ord.aln,ENSG00000105220.nuc.ord.tre,0.380002
ENSG00000105223.nuc.ord.aln,ENSG00000105223.nuc.ord.tre,0.439860
ENSG00000105229.nuc.ord.aln,ENSG00000105229.nuc.ord.tre,0.360537
ENSG00000105245.nuc.ord.aln,ENSG00000105245.nuc.ord.tre,0.401485
ENSG00000105246.nuc.ord.aln,ENSG00000105246.nuc.ord.tre,0.239869
ENSG00000105248.nuc.ord.aln,ENSG00000105248.nuc.ord.tre,0.285560
ENSG00000105251.nuc.ord.aln,ENSG00000105251.nuc.ord.tre,0.346857
ENSG00000105254.nuc.ord.aln,ENSG00000105254.nuc.ord.tre,0.265321
ENSG00000105255.nuc.ord.aln,ENSG00000105255.nuc.ord.tre,0.380127
ENSG00000105261.nuc.ord.aln,ENSG00000105261.nuc.ord.tre,0.506497
ENSG00000105281.nuc.ord.aln,ENSG00000105281.nuc.ord.tre,0.581021
ENSG00000105287.nuc.ord.aln,ENSG00000105287.nuc.ord.tre,1.052001
ENSG00000105289.nuc.ord.aln,ENSG00000105289.nuc.ord.tre,0.855482
ENSG00000105321.nuc.ord.aln,ENSG00000105321.nuc.ord.tre,0.454199
ENSG00000105323.nuc.ord.aln,ENSG00000105323.nuc.ord.tre,0.932005
ENSG00000105325.nuc.ord.aln,ENSG00000105325.nuc.ord.tre,0.341542
ENSG00000105329.nuc.ord.aln,ENSG00000105329.nuc.ord.tre,0.349514
ENSG00000105339.nuc.ord.aln,ENSG00000105339.nuc.ord.tre,1.122211
ENSG00000105357.nuc.ord.aln,ENSG00000105357.nuc.ord.tre,2.982582
ENSG00000105370.nuc.ord.aln,ENSG00000105370.nuc.ord.tre,0.321615
ENSG00000105373.nuc.ord.aln,ENSG00000105373.nuc.ord.tre,0.321407
ENSG00000105374.nuc.ord.aln,ENSG00000105374.nuc.ord.tre,0.258526
ENSG00000105397.nuc.ord.aln,ENSG00000105397.nuc.ord.tre,1.538825
ENSG00000105402.nuc.ord.aln,ENSG00000105402.nuc.ord.tre,0.335040
ENSG00000105438.nuc.ord.aln,ENSG00000105438.nuc.ord.tre,0.272327
ENSG00000105443.nuc.ord.aln,ENSG00000105443.nuc.ord.tre,0.346306
ENSG00000105467.nuc.ord.aln,ENSG00000105467.nuc.ord.tre,0.302119
ENSG00000105486.nuc.ord.aln,ENSG00000105486.nuc.ord.tre,1.003601
ENSG00000105507.nuc.ord.aln,ENSG00000105507.nuc.ord.tre,0.229264
ENSG00000105516.nuc.ord.aln,ENSG00000105516.nuc.ord.tre,0.220037
ENSG00000105518.nuc.ord.aln,ENSG00000105518.nuc.ord.tre,0.190276
ENSG00000105520.nuc.ord.aln,ENSG00000105520.nuc.ord.tre,0.354016
ENSG00000105559.nuc.ord.aln,ENSG00000105559.nuc.ord.tre,0.705900
ENSG00000105568.nuc.ord.aln,ENSG00000105568.nuc.ord.tre,0.492994
ENSG00000105583.nuc.ord.aln,ENSG00000105583.nuc.ord.tre,0.256061
ENSG00000105617.nuc.ord.aln,ENSG00000105617.nuc.ord.tre,0.342645
ENSG00000105618.nuc.ord.aln,ENSG00000105618.nuc.ord.tre,0.537050
ENSG00000105619.nuc.ord.aln,ENSG00000105619.nuc.ord.tre,0.307737
ENSG00000105650.nuc.ord.aln,ENSG00000105650.nuc.ord.tre,0.549620
ENSG00000105663.nuc.ord.aln,ENSG00000105663.nuc.ord.tre,8.902136
ENSG00000105668.nuc.ord.aln,ENSG00000105668.nuc.ord.tre,0.336975
ENSG00000105672.nuc.ord.aln,ENSG00000105672.nuc.ord.tre,0.220824
ENSG00000105675.nuc.ord.aln,ENSG00000105675.nuc.ord.tre,1.073632
ENSG00000105677.nuc.ord.aln,ENSG00000105677.nuc.ord.tre,0.288258
ENSG00000105695.nuc.ord.aln,ENSG00000105695.nuc.ord.tre,0.479636
ENSG00000105698.nuc.ord.aln,ENSG00000105698.nuc.ord.tre,0.370976
ENSG00000105722.nuc.ord.aln,ENSG00000105722.nuc.ord.tre,0.457391
ENSG00000105723.nuc.ord.aln,ENSG00000105723.nuc.ord.tre,0.460549
ENSG00000105738.nuc.ord.aln,ENSG00000105738.nuc.ord.tre,3.011098
ENSG00000105755.nuc.ord.aln,ENSG00000105755.nuc.ord.tre,0.289919
ENSG00000105771.nuc.ord.aln,ENSG00000105771.nuc.ord.tre,0.583497
ENSG00000105778.nuc.ord.aln,ENSG00000105778.nuc.ord.tre,0.537528
ENSG00000105784.nuc.ord.aln,ENSG00000105784.nuc.ord.tre,0.467466
ENSG00000105792.nuc.ord.aln,ENSG00000105792.nuc.ord.tre,0.916850
ENSG00000105793.nuc.ord.aln,ENSG00000105793.nuc.ord.tre,0.412921
ENSG00000105810.nuc.ord.aln,ENSG00000105810.nuc.ord.tre,0.387094
ENSG00000105819.nuc.ord.aln,ENSG00000105819.nuc.ord.tre,0.415370
ENSG00000105821.nuc.ord.aln,ENSG00000105821.nuc.ord.tre,0.659872
ENSG00000105825.nuc.ord.aln,ENSG00000105825.nuc.ord.tre,0.291221
ENSG00000105849.nuc.ord.aln,ENSG00000105849.nuc.ord.tre,0.396853
ENSG00000105851.nuc.ord.aln,ENSG00000105851.nuc.ord.tre,1.379818
ENSG00000105852.nuc.ord.aln,ENSG00000105852.nuc.ord.tre,0.357353
ENSG00000105854.nuc.ord.aln,ENSG00000105854.nuc.ord.tre,0.427312
ENSG00000105855.nuc.ord.aln,ENSG00000105855.nuc.ord.tre,0.725595
ENSG00000105856.nuc.ord.aln,ENSG00000105856.nuc.ord.tre,0.511245
ENSG00000105865.nuc.ord.aln,ENSG00000105865.nuc.ord.tre,0.378835
ENSG00000105866.nuc.ord.aln,ENSG00000105866.nuc.ord.tre,0.673118
ENSG00000105875.nuc.ord.aln,ENSG00000105875.nuc.ord.tre,0.905552
ENSG00000105877.nuc.ord.aln,ENSG00000105877.nuc.ord.tre,13.225440
ENSG00000105880.nuc.ord.aln,ENSG00000105880.nuc.ord.tre,0.338032
ENSG00000105894.nuc.ord.aln,ENSG00000105894.nuc.ord.tre,0.312428
ENSG00000105926.nuc.ord.aln,ENSG00000105926.nuc.ord.tre,0.639170
ENSG00000105928.nuc.ord.aln,ENSG00000105928.nuc.ord.tre,0.630260
ENSG00000105929.nuc.ord.aln,ENSG00000105929.nuc.ord.tre,1.094249
ENSG00000105939.nuc.ord.aln,ENSG00000105939.nuc.ord.tre,1.110161
ENSG00000105948.nuc.ord.aln,ENSG00000105948.nuc.ord.tre,0.468810
ENSG00000105953.nuc.ord.aln,ENSG00000105953.nuc.ord.tre,1.030285
ENSG00000105954.nuc.ord.aln,ENSG00000105954.nuc.ord.tre,0.319463
ENSG00000105968.nuc.ord.aln,ENSG00000105968.nuc.ord.tre,0.316214
ENSG00000105971.nuc.ord.aln,ENSG00000105971.nuc.ord.tre,0.219214
ENSG00000105974.nuc.ord.aln,ENSG00000105974.nuc.ord.tre,0.308816
ENSG00000105976.nuc.ord.aln,ENSG00000105976.nuc.ord.tre,1.600518
ENSG00000105982.nuc.ord.aln,ENSG00000105982.nuc.ord.tre,0.382216
ENSG00000105983.nuc.ord.aln,ENSG00000105983.nuc.ord.tre,0.439461
ENSG00000113368.nuc.ord.aln,ENSG00000113368.nuc.ord.tre,0.434370
ENSG00000113369.nuc.ord.aln,ENSG00000113369.nuc.ord.tre,0.434144
ENSG00000113384.nuc.ord.aln,ENSG00000113384.nuc.ord.tre,0.359409
ENSG00000113389.nuc.ord.aln,ENSG00000113389.nuc.ord.tre,0.447308
ENSG00000113391.nuc.ord.aln,ENSG00000113391.nuc.ord.tre,0.417856
ENSG00000113441.nuc.ord.aln,ENSG00000113441.nuc.ord.tre,1.209448
ENSG00000113448.nuc.ord.aln,ENSG00000113448.nuc.ord.tre,0.948068
ENSG00000113456.nuc.ord.aln,ENSG00000113456.nuc.ord.tre,0.290014
ENSG00000113460.nuc.ord.aln,ENSG00000113460.nuc.ord.tre,0.355521
ENSG00000113492.nuc.ord.aln,ENSG00000113492.nuc.ord.tre,0.518969
ENSG00000113494.nuc.ord.aln,ENSG00000113494.nuc.ord.tre,0.570069
ENSG00000113522.nuc.ord.aln,ENSG00000113522.nuc.ord.tre,1.233018
ENSG00000113525.nuc.ord.aln,ENSG00000113525.nuc.ord.tre,0.260179
ENSG00000113532.nuc.ord.aln,ENSG00000113532.nuc.ord.tre,0.443027
ENSG00000113555.nuc.ord.aln,ENSG00000113555.nuc.ord.tre,1.128699
ENSG00000115590.nuc.ord.aln,ENSG00000115590.nuc.ord.tre,0.445037
ENSG00000115592.nuc.ord.aln,ENSG00000115592.nuc.ord.tre,0.448799
ENSG00000115593.nuc.ord.aln,ENSG00000115593.nuc.ord.tre,0.449469
ENSG00000115594.nuc.ord.aln,ENSG00000115594.nuc.ord.tre,0.533466
ENSG00000115598.nuc.ord.aln,ENSG00000115598.nuc.ord.tre,0.586369
ENSG00000115602.nuc.ord.aln,ENSG00000115602.nuc.ord.tre,0.598780
ENSG00000115604.nuc.ord.aln,ENSG00000115604.nuc.ord.tre,0.466857
ENSG00000115607.nuc.ord.aln,ENSG00000115607.nuc.ord.tre,0.579638
ENSG00000115641.nuc.ord.aln,ENSG00000115641.nuc.ord.tre,0.786124
ENSG00000115649.nuc.ord.aln,ENSG00000115649.nuc.ord.tre,0.385870
ENSG00000115652.nuc.ord.aln,ENSG00000115652.nuc.ord.tre,0.293693
ENSG00000115657.nuc.ord.aln,ENSG00000115657.nuc.ord.tre,0.793854
ENSG00000115661.nuc.ord.aln,ENSG00000115661.nuc.ord.tre,0.374242
ENSG00000115665.nuc.ord.aln,ENSG00000115665.nuc.ord.tre,0.484732
ENSG00000115677.nuc.ord.aln,ENSG00000115677.nuc.ord.tre,1.267309
ENSG00000115685.nuc.ord.aln,ENSG00000115685.nuc.ord.tre,0.397031
ENSG00000115687.nuc.ord.aln,ENSG00000115687.nuc.ord.tre,1.429599
ENSG00000115694.nuc.ord.aln,ENSG00000115694.nuc.ord.tre,0.372109
ENSG00000115705.nuc.ord.aln,ENSG00000115705.nuc.ord.tre,0.839705
ENSG00000115738.nuc.ord.aln,ENSG00000115738.nuc.ord.tre,0.324521
ENSG00000115756.nuc.ord.aln,ENSG00000115756.nuc.ord.tre,0.265356
ENSG00000105989.nuc.ord.aln,ENSG00000105989.nuc.ord.tre,0.521017
ENSG00000105991.nuc.ord.aln,ENSG00000105991.nuc.ord.tre,0.321295
ENSG00000105996.nuc.ord.aln,ENSG00000105996.nuc.ord.tre,0.345738
ENSG00000105997.nuc.ord.aln,ENSG00000105997.nuc.ord.tre,0.394162
ENSG00000106006.nuc.ord.aln,ENSG00000106006.nuc.ord.tre,0.271266
ENSG00000106009.nuc.ord.aln,ENSG00000106009.nuc.ord.tre,0.700672
ENSG00000106012.nuc.ord.aln,ENSG00000106012.nuc.ord.tre,0.749034
ENSG00000106018.nuc.ord.aln,ENSG00000106018.nuc.ord.tre,0.315691
ENSG00000106025.nuc.ord.aln,ENSG00000106025.nuc.ord.tre,0.418766
ENSG00000106028.nuc.ord.aln,ENSG00000106028.nuc.ord.tre,0.318959
ENSG00000106034.nuc.ord.aln,ENSG00000106034.nuc.ord.tre,1.160913
ENSG00000106049.nuc.ord.aln,ENSG00000106049.nuc.ord.tre,0.407586
ENSG00000106052.nuc.ord.aln,ENSG00000106052.nuc.ord.tre,0.809678
ENSG00000106066.nuc.ord.aln,ENSG00000106066.nuc.ord.tre,0.481076
ENSG00000106069.nuc.ord.aln,ENSG00000106069.nuc.ord.tre,0.535649
ENSG00000106070.nuc.ord.aln,ENSG00000106070.nuc.ord.tre,0.644573
ENSG00000106077.nuc.ord.aln,ENSG00000106077.nuc.ord.tre,0.248673
ENSG00000106078.nuc.ord.aln,ENSG00000106078.nuc.ord.tre,1.652481
ENSG00000106080.nuc.ord.aln,ENSG00000106080.nuc.ord.tre,0.462001
ENSG00000106100.nuc.ord.aln,ENSG00000106100.nuc.ord.tre,0.883389
ENSG00000106105.nuc.ord.aln,ENSG00000106105.nuc.ord.tre,0.830659
ENSG00000106113.nuc.ord.aln,ENSG00000106113.nuc.ord.tre,0.445110
ENSG00000106123.nuc.ord.aln,ENSG00000106123.nuc.ord.tre,1.005792
ENSG00000106125.nuc.ord.aln,ENSG00000106125.nuc.ord.tre,0.675108
ENSG00000106128.nuc.ord.aln,ENSG00000106128.nuc.ord.tre,0.417980
ENSG00000106144.nuc.ord.aln,ENSG00000106144.nuc.ord.tre,0.445540
ENSG00000106178.nuc.ord.aln,ENSG00000106178.nuc.ord.tre,0.197834
ENSG00000106236.nuc.ord.aln,ENSG00000106236.nuc.ord.tre,0.382317
ENSG00000106244.nuc.ord.aln,ENSG00000106244.nuc.ord.tre,0.286884
ENSG00000106246.nuc.ord.aln,ENSG00000106246.nuc.ord.tre,0.698339
ENSG00000106261.nuc.ord.aln,ENSG00000106261.nuc.ord.tre,0.539714
ENSG00000106263.nuc.ord.aln,ENSG00000106263.nuc.ord.tre,1.958730
ENSG00000106266.nuc.ord.aln,ENSG00000106266.nuc.ord.tre,0.350597
ENSG00000106268.nuc.ord.aln,ENSG00000106268.nuc.ord.tre,0.351380
ENSG00000106278.nuc.ord.aln,ENSG00000106278.nuc.ord.tre,3.978388
ENSG00000106290.nuc.ord.aln,ENSG00000106290.nuc.ord.tre,0.560421
ENSG00000106299.nuc.ord.aln,ENSG00000106299.nuc.ord.tre,0.470334
ENSG00000106302.nuc.ord.aln,ENSG00000106302.nuc.ord.tre,0.384843
ENSG00000106328.nuc.ord.aln,ENSG00000106328.nuc.ord.tre,0.451683
ENSG00000106331.nuc.ord.aln,ENSG00000106331.nuc.ord.tre,0.445033
ENSG00000106333.nuc.ord.aln,ENSG00000106333.nuc.ord.tre,0.366142
ENSG00000106341.nuc.ord.aln,ENSG00000106341.nuc.ord.tre,0.331850
ENSG00000106344.nuc.ord.aln,ENSG00000106344.nuc.ord.tre,0.758840
ENSG00000106346.nuc.ord.aln,ENSG00000106346.nuc.ord.tre,1.554255
ENSG00000106348.nuc.ord.aln,ENSG00000106348.nuc.ord.tre,0.606860
ENSG00000106351.nuc.ord.aln,ENSG00000106351.nuc.ord.tre,0.512820
ENSG00000106366.nuc.ord.aln,ENSG00000106366.nuc.ord.tre,0.373138
ENSG00000106392.nuc.ord.aln,ENSG00000106392.nuc.ord.tre,0.462330
ENSG00000106397.nuc.ord.aln,ENSG00000106397.nuc.ord.tre,0.538706
ENSG00000106399.nuc.ord.aln,ENSG00000106399.nuc.ord.tre,0.217533
ENSG00000106400.nuc.ord.aln,ENSG00000106400.nuc.ord.tre,0.231186
ENSG00000106404.nuc.ord.aln,ENSG00000106404.nuc.ord.tre,0.276602
ENSG00000106410.nuc.ord.aln,ENSG00000106410.nuc.ord.tre,0.921122
ENSG00000106415.nuc.ord.aln,ENSG00000106415.nuc.ord.tre,0.467695
ENSG00000106443.nuc.ord.aln,ENSG00000106443.nuc.ord.tre,0.975995
ENSG00000112855.nuc.ord.aln,ENSG00000112855.nuc.ord.tre,0.441053
ENSG00000112874.nuc.ord.aln,ENSG00000112874.nuc.ord.tre,0.483740
ENSG00000112877.nuc.ord.aln,ENSG00000112877.nuc.ord.tre,0.484097
ENSG00000112893.nuc.ord.aln,ENSG00000112893.nuc.ord.tre,1.312446
ENSG00000112902.nuc.ord.aln,ENSG00000112902.nuc.ord.tre,1.136918
ENSG00000112936.nuc.ord.aln,ENSG00000112936.nuc.ord.tre,0.827414
ENSG00000112941.nuc.ord.aln,ENSG00000112941.nuc.ord.tre,0.450687
ENSG00000112964.nuc.ord.aln,ENSG00000112964.nuc.ord.tre,0.540625
ENSG00000112981.nuc.ord.aln,ENSG00000112981.nuc.ord.tre,0.372141
ENSG00000112983.nuc.ord.aln,ENSG00000112983.nuc.ord.tre,1.594122
ENSG00000112984.nuc.ord.aln,ENSG00000112984.nuc.ord.tre,0.893567
ENSG00000112992.nuc.ord.aln,ENSG00000112992.nuc.ord.tre,1.242439
ENSG00000112996.nuc.ord.aln,ENSG00000112996.nuc.ord.tre,0.448256
ENSG00000113013.nuc.ord.aln,ENSG00000113013.nuc.ord.tre,0.647504
ENSG00000113048.nuc.ord.aln,ENSG00000113048.nuc.ord.tre,0.446384
ENSG00000113068.nuc.ord.aln,ENSG00000113068.nuc.ord.tre,0.225645
ENSG00000113070.nuc.ord.aln,ENSG00000113070.nuc.ord.tre,0.326795
ENSG00000113073.nuc.ord.aln,ENSG00000113073.nuc.ord.tre,1.078244
ENSG00000113083.nuc.ord.aln,ENSG00000113083.nuc.ord.tre,0.381100
ENSG00000113100.nuc.ord.aln,ENSG00000113100.nuc.ord.tre,0.647818
ENSG00000113108.nuc.ord.aln,ENSG00000113108.nuc.ord.tre,0.492463
ENSG00000113119.nuc.ord.aln,ENSG00000113119.nuc.ord.tre,0.422887
ENSG00000113140.nuc.ord.aln,ENSG00000113140.nuc.ord.tre,0.437953
ENSG00000113161.nuc.ord.aln,ENSG00000113161.nuc.ord.tre,0.811147
ENSG00000113163.nuc.ord.aln,ENSG00000113163.nuc.ord.tre,0.778387
ENSG00000113194.nuc.ord.aln,ENSG00000113194.nuc.ord.tre,0.471107
ENSG00000113196.nuc.ord.aln,ENSG00000113196.nuc.ord.tre,0.272481
ENSG00000113231.nuc.ord.aln,ENSG00000113231.nuc.ord.tre,0.878042
ENSG00000113240.nuc.ord.aln,ENSG00000113240.nuc.ord.tre,0.434622
ENSG00000113262.nuc.ord.aln,ENSG00000113262.nuc.ord.tre,3.587956
ENSG00000113263.nuc.ord.aln,ENSG00000113263.nuc.ord.tre,0.651842
ENSG00000113269.nuc.ord.aln,ENSG00000113269.nuc.ord.tre,0.404184
ENSG00000113272.nuc.ord.aln,ENSG00000113272.nuc.ord.tre,0.381752
ENSG00000113273.nuc.ord.aln,ENSG00000113273.nuc.ord.tre,0.509025
ENSG00000113282.nuc.ord.aln,ENSG00000113282.nuc.ord.tre,0.662791
ENSG00000113296.nuc.ord.aln,ENSG00000113296.nuc.ord.tre,0.892623
ENSG00000113300.nuc.ord.aln,ENSG00000113300.nuc.ord.tre,0.463392
ENSG00000113302.nuc.ord.aln,ENSG00000113302.nuc.ord.tre,0.530872
ENSG00000113312.nuc.ord.aln,ENSG00000113312.nuc.ord.tre,0.216314
ENSG00000113318.nuc.ord.aln,ENSG00000113318.nuc.ord.tre,1.223087
ENSG00000113327.nuc.ord.aln,ENSG00000113327.nuc.ord.tre,0.449679
ENSG00000113328.nuc.ord.aln,ENSG00000113328.nuc.ord.tre,0.334485
ENSG00000113356.nuc.ord.aln,ENSG00000113356.nuc.ord.tre,0.349065
ENSG00000113360.nuc.ord.aln,ENSG00000113360.nuc.ord.tre,1.607425
ENSG00000113361.nuc.ord.aln,ENSG00000113361.nuc.ord.tre,0.835247
ENSG00000106459.nuc.ord.aln,ENSG00000106459.nuc.ord.tre,0.650960
ENSG00000112029.nuc.ord.aln,ENSG00000112029.nuc.ord.tre,0.421703
ENSG00000112033.nuc.ord.aln,ENSG00000112033.nuc.ord.tre,0.418620
ENSG00000112038.nuc.ord.aln,ENSG00000112038.nuc.ord.tre,0.929053
ENSG00000112039.nuc.ord.aln,ENSG00000112039.nuc.ord.tre,0.417778
ENSG00000112041.nuc.ord.aln,ENSG00000112041.nuc.ord.tre,0.451930
ENSG00000112053.nuc.ord.aln,ENSG00000112053.nuc.ord.tre,1.279728
ENSG00000112062.nuc.ord.aln,ENSG00000112062.nuc.ord.tre,0.410883
ENSG00000112077.nuc.ord.aln,ENSG00000112077.nuc.ord.tre,0.574312
ENSG00000112078.nuc.ord.aln,ENSG00000112078.nuc.ord.tre,0.452221
ENSG00000112079.nuc.ord.aln,ENSG00000112079.nuc.ord.tre,0.483664
ENSG00000112096.nuc.ord.aln,ENSG00000112096.nuc.ord.tre,0.300718
ENSG00000112116.nuc.ord.aln,ENSG00000112116.nuc.ord.tre,0.323284
ENSG00000112118.nuc.ord.aln,ENSG00000112118.nuc.ord.tre,0.721877
ENSG00000112137.nuc.ord.aln,ENSG00000112137.nuc.ord.tre,0.596847
ENSG00000112139.nuc.ord.aln,ENSG00000112139.nuc.ord.tre,1.260700
ENSG00000112144.nuc.ord.aln,ENSG00000112144.nuc.ord.tre,0.501508
ENSG00000112146.nuc.ord.aln,ENSG00000112146.nuc.ord.tre,0.623314
ENSG00000112159.nuc.ord.aln,ENSG00000112159.nuc.ord.tre,16.899250
ENSG00000112167.nuc.ord.aln,ENSG00000112167.nuc.ord.tre,0.335321
ENSG00000112175.nuc.ord.aln,ENSG00000112175.nuc.ord.tre,0.452856
ENSG00000112182.nuc.ord.aln,ENSG00000112182.nuc.ord.tre,0.798890
ENSG00000112183.nuc.ord.aln,ENSG00000112183.nuc.ord.tre,0.363878
ENSG00000112186.nuc.ord.aln,ENSG00000112186.nuc.ord.tre,0.421036
ENSG00000112195.nuc.ord.aln,ENSG00000112195.nuc.ord.tre,0.362689
ENSG00000112200.nuc.ord.aln,ENSG00000112200.nuc.ord.tre,0.968043
ENSG00000112208.nuc.ord.aln,ENSG00000112208.nuc.ord.tre,0.314223
ENSG00000112210.nuc.ord.aln,ENSG00000112210.nuc.ord.tre,0.341928
ENSG00000112212.nuc.ord.aln,ENSG00000112212.nuc.ord.tre,0.235502
ENSG00000112214.nuc.ord.aln,ENSG00000112214.nuc.ord.tre,0.354891
ENSG00000112232.nuc.ord.aln,ENSG00000112232.nuc.ord.tre,0.351181
ENSG00000112234.nuc.ord.aln,ENSG00000112234.nuc.ord.tre,0.491440
ENSG00000112237.nuc.ord.aln,ENSG00000112237.nuc.ord.tre,0.176320
ENSG00000112238.nuc.ord.aln,ENSG00000112238.nuc.ord.tre,0.813932
ENSG00000112242.nuc.ord.aln,ENSG00000112242.nuc.ord.tre,0.499922
ENSG00000112246.nuc.ord.aln,ENSG00000112246.nuc.ord.tre,0.778844
ENSG00000112249.nuc.ord.aln,ENSG00000112249.nuc.ord.tre,3.341655
ENSG00000112276.nuc.ord.aln,ENSG00000112276.nuc.ord.tre,0.501093
ENSG00000112280.nuc.ord.aln,ENSG00000112280.nuc.ord.tre,0.981528
ENSG00000112282.nuc.ord.aln,ENSG00000112282.nuc.ord.tre,1.763180
ENSG00000112290.nuc.ord.aln,ENSG00000112290.nuc.ord.tre,0.305427
ENSG00000112293.nuc.ord.aln,ENSG00000112293.nuc.ord.tre,0.792378
ENSG00000112294.nuc.ord.aln,ENSG00000112294.nuc.ord.tre,0.461178
ENSG00000112297.nuc.ord.aln,ENSG00000112297.nuc.ord.tre,2.514070
ENSG00000112299.nuc.ord.aln,ENSG00000112299.nuc.ord.tre,0.454103
ENSG00000112304.nuc.ord.aln,ENSG00000112304.nuc.ord.tre,0.254121
ENSG00000112305.nuc.ord.aln,ENSG00000112305.nuc.ord.tre,0.356642
ENSG00000112309.nuc.ord.aln,ENSG00000112309.nuc.ord.tre,0.167932
ENSG00000112312.nuc.ord.aln,ENSG00000112312.nuc.ord.tre,0.325984
ENSG00000112319.nuc.ord.aln,ENSG00000112319.nuc.ord.tre,0.629704
ENSG00000112320.nuc.ord.aln,ENSG00000112320.nuc.ord.tre,0.909569
ENSG00000112333.nuc.ord.aln,ENSG00000112333.nuc.ord.tre,0.671425
ENSG00000112335.nuc.ord.aln,ENSG00000112335.nuc.ord.tre,0.287292
ENSG00000112339.nuc.ord.aln,ENSG00000112339.nuc.ord.tre,0.641479
ENSG00000112357.nuc.ord.aln,ENSG00000112357.nuc.ord.tre,0.371271
ENSG00000112365.nuc.ord.aln,ENSG00000112365.nuc.ord.tre,0.752278
ENSG00000112367.nuc.ord.aln,ENSG00000112367.nuc.ord.tre,1.048211
ENSG00000112378.nuc.ord.aln,ENSG00000112378.nuc.ord.tre,0.289557
ENSG00000112379.nuc.ord.aln,ENSG00000112379.nuc.ord.tre,3.660568
ENSG00000112394.nuc.ord.aln,ENSG00000112394.nuc.ord.tre,0.435255
ENSG00000112414.nuc.ord.aln,ENSG00000112414.nuc.ord.tre,1.517613
ENSG00000112419.nuc.ord.aln,ENSG00000112419.nuc.ord.tre,0.600814
ENSG00000112425.nuc.ord.aln,ENSG00000112425.nuc.ord.tre,0.408398
ENSG00000112473.nuc.ord.aln,ENSG00000112473.nuc.ord.tre,0.388793
ENSG00000112499.nuc.ord.aln,ENSG00000112499.nuc.ord.tre,0.548460
ENSG00000112514.nuc.ord.aln,ENSG00000112514.nuc.ord.tre,0.238177
ENSG00000112531.nuc.ord.aln,ENSG00000112531.nuc.ord.tre,0.495112
ENSG00000112539.nuc.ord.aln,ENSG00000112539.nuc.ord.tre,0.521864
ENSG00000112541.nuc.ord.aln,ENSG00000112541.nuc.ord.tre,0.940423
ENSG00000112559.nuc.ord.aln,ENSG00000112559.nuc.ord.tre,0.296519
ENSG00000112561.nuc.ord.aln,ENSG00000112561.nuc.ord.tre,0.444222
ENSG00000112562.nuc.ord.aln,ENSG00000112562.nuc.ord.tre,0.329499
ENSG00000112578.nuc.ord.aln,ENSG00000112578.nuc.ord.tre,0.378961
ENSG00000112599.nuc.ord.aln,ENSG00000112599.nuc.ord.tre,0.381253
ENSG00000112619.nuc.ord.aln,ENSG00000112619.nuc.ord.tre,0.365732
ENSG00000112624.nuc.ord.aln,ENSG00000112624.nuc.ord.tre,1.214585
ENSG00000112640.nuc.ord.aln,ENSG00000112640.nuc.ord.tre,0.605951
ENSG00000112651.nuc.ord.aln,ENSG00000112651.nuc.ord.tre,0.662003
ENSG00000112655.nuc.ord.aln,ENSG00000112655.nuc.ord.tre,1.046780
ENSG00000112658.nuc.ord.aln,ENSG00000112658.nuc.ord.tre,0.420818
ENSG00000112664.nuc.ord.aln,ENSG00000112664.nuc.ord.tre,0.354138
ENSG00000112667.nuc.ord.aln,ENSG00000112667.nuc.ord.tre,0.210494
ENSG00000112679.nuc.ord.aln,ENSG00000112679.nuc.ord.tre,0.340095
ENSG00000112685.nuc.ord.aln,ENSG00000112685.nuc.ord.tre,0.882133
ENSG00000112697.nuc.ord.aln,ENSG00000112697.nuc.ord.tre,0.416708
ENSG00000112699.nuc.ord.aln,ENSG00000112699.nuc.ord.tre,0.391396
ENSG00000112701.nuc.ord.aln,ENSG00000112701.nuc.ord.tre,1.305145
ENSG00000112706.nuc.ord.aln,ENSG00000112706.nuc.ord.tre,0.917791
ENSG00000112739.nuc.ord.aln,ENSG00000112739.nuc.ord.tre,1.043781
ENSG00000112742.nuc.ord.aln,ENSG00000112742.nuc.ord.tre,0.842895
ENSG00000112761.nuc.ord.aln,ENSG00000112761.nuc.ord.tre,0.402342
ENSG00000112769.nuc.ord.aln,ENSG00000112769.nuc.ord.tre,1.812827
ENSG00000112773.nuc.ord.aln,ENSG00000112773.nuc.ord.tre,0.629174
ENSG00000112782.nuc.ord.aln,ENSG00000112782.nuc.ord.tre,0.431814
ENSG00000112787.nuc.ord.aln,ENSG00000112787.nuc.ord.tre,1.439311
ENSG00000112796.nuc.ord.aln,ENSG00000112796.nuc.ord.tre,0.394723
ENSG00000112799.nuc.ord.aln,ENSG00000112799.nuc.ord.tre,0.256945
ENSG00000112818.nuc.ord.aln,ENSG00000112818.nuc.ord.tre,0.693619
ENSG00000112837.nuc.ord.aln,ENSG00000112837.nuc.ord.tre,0.534920
ENSG00000112851.nuc.ord.aln,ENSG00000112851.nuc.ord.tre,1.789511
ENSG00000106460.nuc.ord.aln,ENSG00000106460.nuc.ord.tre,0.558968
ENSG00000106462.nuc.ord.aln,ENSG00000106462.nuc.ord.tre,0.559034
ENSG00000106477.nuc.ord.aln,ENSG00000106477.nuc.ord.tre,0.417236
ENSG00000106483.nuc.ord.aln,ENSG00000106483.nuc.ord.tre,0.365614
ENSG00000106484.nuc.ord.aln,ENSG00000106484.nuc.ord.tre,0.336550
ENSG00000106511.nuc.ord.aln,ENSG00000106511.nuc.ord.tre,0.290930
ENSG00000106524.nuc.ord.aln,ENSG00000106524.nuc.ord.tre,0.462845
ENSG00000106537.nuc.ord.aln,ENSG00000106537.nuc.ord.tre,0.314345
ENSG00000106541.nuc.ord.aln,ENSG00000106541.nuc.ord.tre,0.368445
ENSG00000106546.nuc.ord.aln,ENSG00000106546.nuc.ord.tre,1.019265
ENSG00000106554.nuc.ord.aln,ENSG00000106554.nuc.ord.tre,0.326589
ENSG00000106565.nuc.ord.aln,ENSG00000106565.nuc.ord.tre,0.268237
ENSG00000106571.nuc.ord.aln,ENSG00000106571.nuc.ord.tre,1.972094
ENSG00000106588.nuc.ord.aln,ENSG00000106588.nuc.ord.tre,0.324393
ENSG00000106605.nuc.ord.aln,ENSG00000106605.nuc.ord.tre,0.334565
ENSG00000106608.nuc.ord.aln,ENSG00000106608.nuc.ord.tre,0.801137
ENSG00000106609.nuc.ord.aln,ENSG00000106609.nuc.ord.tre,0.342697
ENSG00000106615.nuc.ord.aln,ENSG00000106615.nuc.ord.tre,0.349651
ENSG00000106617.nuc.ord.aln,ENSG00000106617.nuc.ord.tre,0.543941
ENSG00000106628.nuc.ord.aln,ENSG00000106628.nuc.ord.tre,0.417864
ENSG00000106631.nuc.ord.aln,ENSG00000106631.nuc.ord.tre,0.248270
ENSG00000106633.nuc.ord.aln,ENSG00000106633.nuc.ord.tre,0.684653
ENSG00000106635.nuc.ord.aln,ENSG00000106635.nuc.ord.tre,0.350212
ENSG00000106636.nuc.ord.aln,ENSG00000106636.nuc.ord.tre,0.303638
ENSG00000106638.nuc.ord.aln,ENSG00000106638.nuc.ord.tre,0.396777
ENSG00000106648.nuc.ord.aln,ENSG00000106648.nuc.ord.tre,0.449431
ENSG00000106665.nuc.ord.aln,ENSG00000106665.nuc.ord.tre,0.881119
ENSG00000106682.nuc.ord.aln,ENSG00000106682.nuc.ord.tre,0.310934
ENSG00000106683.nuc.ord.aln,ENSG00000106683.nuc.ord.tre,0.591714
ENSG00000106686.nuc.ord.aln,ENSG00000106686.nuc.ord.tre,0.460450
ENSG00000106688.nuc.ord.aln,ENSG00000106688.nuc.ord.tre,0.480357
ENSG00000106692.nuc.ord.aln,ENSG00000106692.nuc.ord.tre,0.452513
ENSG00000106701.nuc.ord.aln,ENSG00000106701.nuc.ord.tre,0.415559
ENSG00000106733.nuc.ord.aln,ENSG00000106733.nuc.ord.tre,0.363636
ENSG00000106771.nuc.ord.aln,ENSG00000106771.nuc.ord.tre,1.279811
ENSG00000106772.nuc.ord.aln,ENSG00000106772.nuc.ord.tre,6.606611
ENSG00000111445.nuc.ord.aln,ENSG00000111445.nuc.ord.tre,0.377522
ENSG00000111452.nuc.ord.aln,ENSG00000111452.nuc.ord.tre,0.756257
ENSG00000111490.nuc.ord.aln,ENSG00000111490.nuc.ord.tre,1.122065
ENSG00000111530.nuc.ord.aln,ENSG00000111530.nuc.ord.tre,1.301830
ENSG00000111537.nuc.ord.aln,ENSG00000111537.nuc.ord.tre,0.292932
ENSG00000111540.nuc.ord.aln,ENSG00000111540.nuc.ord.tre,0.285590
ENSG00000111554.nuc.ord.aln,ENSG00000111554.nuc.ord.tre,0.691223
ENSG00000111581.nuc.ord.aln,ENSG00000111581.nuc.ord.tre,0.963983
ENSG00000111596.nuc.ord.aln,ENSG00000111596.nuc.ord.tre,0.507662
ENSG00000111602.nuc.ord.aln,ENSG00000111602.nuc.ord.tre,1.457050
ENSG00000111605.nuc.ord.aln,ENSG00000111605.nuc.ord.tre,0.453106
ENSG00000111615.nuc.ord.aln,ENSG00000111615.nuc.ord.tre,0.397377
ENSG00000111639.nuc.ord.aln,ENSG00000111639.nuc.ord.tre,0.330422
ENSG00000111641.nuc.ord.aln,ENSG00000111641.nuc.ord.tre,0.996127
ENSG00000111642.nuc.ord.aln,ENSG00000111642.nuc.ord.tre,3.563189
ENSG00000111644.nuc.ord.aln,ENSG00000111644.nuc.ord.tre,0.396199
ENSG00000111647.nuc.ord.aln,ENSG00000111647.nuc.ord.tre,1.551641
ENSG00000111652.nuc.ord.aln,ENSG00000111652.nuc.ord.tre,0.322963
ENSG00000111664.nuc.ord.aln,ENSG00000111664.nuc.ord.tre,0.329210
ENSG00000111665.nuc.ord.aln,ENSG00000111665.nuc.ord.tre,0.302601
ENSG00000111666.nuc.ord.aln,ENSG00000111666.nuc.ord.tre,0.406332
ENSG00000111667.nuc.ord.aln,ENSG00000111667.nuc.ord.tre,0.936062
ENSG00000111669.nuc.ord.aln,ENSG00000111669.nuc.ord.tre,0.296436
ENSG00000111670.nuc.ord.aln,ENSG00000111670.nuc.ord.tre,1.395380
ENSG00000111674.nuc.ord.aln,ENSG00000111674.nuc.ord.tre,0.380726
ENSG00000111676.nuc.ord.aln,ENSG00000111676.nuc.ord.tre,1.215581
ENSG00000111678.nuc.ord.aln,ENSG00000111678.nuc.ord.tre,0.190539
ENSG00000111684.nuc.ord.aln,ENSG00000111684.nuc.ord.tre,0.424377
ENSG00000111696.nuc.ord.aln,ENSG00000111696.nuc.ord.tre,0.630017
ENSG00000111701.nuc.ord.aln,ENSG00000111701.nuc.ord.tre,0.251211
ENSG00000111707.nuc.ord.aln,ENSG00000111707.nuc.ord.tre,0.389467
ENSG00000111713.nuc.ord.aln,ENSG00000111713.nuc.ord.tre,0.592331
ENSG00000111725.nuc.ord.aln,ENSG00000111725.nuc.ord.tre,0.379319
ENSG00000111727.nuc.ord.aln,ENSG00000111727.nuc.ord.tre,0.748314
ENSG00000111728.nuc.ord.aln,ENSG00000111728.nuc.ord.tre,0.374360
ENSG00000111731.nuc.ord.aln,ENSG00000111731.nuc.ord.tre,1.127187
ENSG00000111732.nuc.ord.aln,ENSG00000111732.nuc.ord.tre,0.304080
ENSG00000111780.nuc.ord.aln,ENSG00000111780.nuc.ord.tre,0.258081
ENSG00000111783.nuc.ord.aln,ENSG00000111783.nuc.ord.tre,0.765878
ENSG00000111785.nuc.ord.aln,ENSG00000111785.nuc.ord.tre,0.530525
ENSG00000111786.nuc.ord.aln,ENSG00000111786.nuc.ord.tre,0.325529
ENSG00000111790.nuc.ord.aln,ENSG00000111790.nuc.ord.tre,0.322187
ENSG00000111799.nuc.ord.aln,ENSG00000111799.nuc.ord.tre,6.256001
ENSG00000111802.nuc.ord.aln,ENSG00000111802.nuc.ord.tre,0.411545
ENSG00000111816.nuc.ord.aln,ENSG00000111816.nuc.ord.tre,0.520444
ENSG00000111817.nuc.ord.aln,ENSG00000111817.nuc.ord.tre,0.907183
ENSG00000111834.nuc.ord.aln,ENSG00000111834.nuc.ord.tre,0.615642
ENSG00000111845.nuc.ord.aln,ENSG00000111845.nuc.ord.tre,0.352559
ENSG00000111859.nuc.ord.aln,ENSG00000111859.nuc.ord.tre,0.988711
ENSG00000111860.nuc.ord.aln,ENSG00000111860.nuc.ord.tre,0.767395
ENSG00000111863.nuc.ord.aln,ENSG00000111863.nuc.ord.tre,0.437611
ENSG00000111875.nuc.ord.aln,ENSG00000111875.nuc.ord.tre,0.362685
ENSG00000111879.nuc.ord.aln,ENSG00000111879.nuc.ord.tre,1.226398
ENSG00000111880.nuc.ord.aln,ENSG00000111880.nuc.ord.tre,0.526030
ENSG00000111885.nuc.ord.aln,ENSG00000111885.nuc.ord.tre,0.623298
ENSG00000111886.nuc.ord.aln,ENSG00000111886.nuc.ord.tre,0.443358
ENSG00000111897.nuc.ord.aln,ENSG00000111897.nuc.ord.tre,0.380782
ENSG00000111906.nuc.ord.aln,ENSG00000111906.nuc.ord.tre,0.342161
ENSG00000111907.nuc.ord.aln,ENSG00000111907.nuc.ord.tre,0.325078
ENSG00000111911.nuc.ord.aln,ENSG00000111911.nuc.ord.tre,0.410456
ENSG00000111912.nuc.ord.aln,ENSG00000111912.nuc.ord.tre,1.006936
ENSG00000111913.nuc.ord.aln,ENSG00000111913.nuc.ord.tre,1.764759
ENSG00000111961.nuc.ord.aln,ENSG00000111961.nuc.ord.tre,1.373903
ENSG00000111962.nuc.ord.aln,ENSG00000111962.nuc.ord.tre,0.483962
ENSG00000106780.nuc.ord.aln,ENSG00000106780.nuc.ord.tre,0.663404
ENSG00000106785.nuc.ord.aln,ENSG00000106785.nuc.ord.tre,0.407211
ENSG00000106789.nuc.ord.aln,ENSG00000106789.nuc.ord.tre,0.415479
ENSG00000106799.nuc.ord.aln,ENSG00000106799.nuc.ord.tre,0.518264
ENSG00000106804.nuc.ord.aln,ENSG00000106804.nuc.ord.tre,2.087028
ENSG00000106809.nuc.ord.aln,ENSG00000106809.nuc.ord.tre,0.354159
ENSG00000106819.nuc.ord.aln,ENSG00000106819.nuc.ord.tre,0.412874
ENSG00000106823.nuc.ord.aln,ENSG00000106823.nuc.ord.tre,0.619640
ENSG00000106829.nuc.ord.aln,ENSG00000106829.nuc.ord.tre,0.848790
ENSG00000106852.nuc.ord.aln,ENSG00000106852.nuc.ord.tre,0.518939
ENSG00000106868.nuc.ord.aln,ENSG00000106868.nuc.ord.tre,0.811244
ENSG00000106927.nuc.ord.aln,ENSG00000106927.nuc.ord.tre,0.342804
ENSG00000106948.nuc.ord.aln,ENSG00000106948.nuc.ord.tre,1.336899
ENSG00000106952.nuc.ord.aln,ENSG00000106952.nuc.ord.tre,0.328880
ENSG00000106991.nuc.ord.aln,ENSG00000106991.nuc.ord.tre,0.518754
ENSG00000106993.nuc.ord.aln,ENSG00000106993.nuc.ord.tre,0.426959
ENSG00000107020.nuc.ord.aln,ENSG00000107020.nuc.ord.tre,0.282686
ENSG00000107021.nuc.ord.aln,ENSG00000107021.nuc.ord.tre,0.412684
ENSG00000107036.nuc.ord.aln,ENSG00000107036.nuc.ord.tre,1.561211
ENSG00000107077.nuc.ord.aln,ENSG00000107077.nuc.ord.tre,1.187422
ENSG00000107099.nuc.ord.aln,ENSG00000107099.nuc.ord.tre,3.059237
ENSG00000107104.nuc.ord.aln,ENSG00000107104.nuc.ord.tre,1.343687
ENSG00000107105.nuc.ord.aln,ENSG00000107105.nuc.ord.tre,0.425594
ENSG00000107140.nuc.ord.aln,ENSG00000107140.nuc.ord.tre,0.637780
ENSG00000107159.nuc.ord.aln,ENSG00000107159.nuc.ord.tre,0.408403
ENSG00000107164.nuc.ord.aln,ENSG00000107164.nuc.ord.tre,0.805624
ENSG00000107165.nuc.ord.aln,ENSG00000107165.nuc.ord.tre,0.563563
ENSG00000107185.nuc.ord.aln,ENSG00000107185.nuc.ord.tre,0.444989
ENSG00000107186.nuc.ord.aln,ENSG00000107186.nuc.ord.tre,3.286308
ENSG00000107201.nuc.ord.aln,ENSG00000107201.nuc.ord.tre,0.732024
ENSG00000107242.nuc.ord.aln,ENSG00000107242.nuc.ord.tre,0.581264
ENSG00000107249.nuc.ord.aln,ENSG00000107249.nuc.ord.tre,0.602924
ENSG00000107262.nuc.ord.aln,ENSG00000107262.nuc.ord.tre,0.390211
ENSG00000107263.nuc.ord.aln,ENSG00000107263.nuc.ord.tre,1.251772
ENSG00000107282.nuc.ord.aln,ENSG00000107282.nuc.ord.tre,0.947771
ENSG00000107290.nuc.ord.aln,ENSG00000107290.nuc.ord.tre,5.056287
ENSG00000107295.nuc.ord.aln,ENSG00000107295.nuc.ord.tre,0.405349
ENSG00000107338.nuc.ord.aln,ENSG00000107338.nuc.ord.tre,0.685498
ENSG00000107341.nuc.ord.aln,ENSG00000107341.nuc.ord.tre,0.361238
ENSG00000107362.nuc.ord.aln,ENSG00000107362.nuc.ord.tre,0.346393
ENSG00000107371.nuc.ord.aln,ENSG00000107371.nuc.ord.tre,0.355882
ENSG00000107372.nuc.ord.aln,ENSG00000107372.nuc.ord.tre,0.355399
ENSG00000107438.nuc.ord.aln,ENSG00000107438.nuc.ord.tre,0.396729
ENSG00000107443.nuc.ord.aln,ENSG00000107443.nuc.ord.tre,0.416470
ENSG00000107447.nuc.ord.aln,ENSG00000107447.nuc.ord.tre,0.504685
ENSG00000107485.nuc.ord.aln,ENSG00000107485.nuc.ord.tre,0.395091
ENSG00000107518.nuc.ord.aln,ENSG00000107518.nuc.ord.tre,1.600555
ENSG00000107537.nuc.ord.aln,ENSG00000107537.nuc.ord.tre,0.332599
ENSG00000107551.nuc.ord.aln,ENSG00000107551.nuc.ord.tre,0.482702
ENSG00000107554.nuc.ord.aln,ENSG00000107554.nuc.ord.tre,2.033955
ENSG00000107560.nuc.ord.aln,ENSG00000107560.nuc.ord.tre,0.523364
ENSG00000107562.nuc.ord.aln,ENSG00000107562.nuc.ord.tre,0.365049
ENSG00000107566.nuc.ord.aln,ENSG00000107566.nuc.ord.tre,0.457338
ENSG00000107581.nuc.ord.aln,ENSG00000107581.nuc.ord.tre,1.770089
ENSG00000107593.nuc.ord.aln,ENSG00000107593.nuc.ord.tre,0.952559
ENSG00000107611.nuc.ord.aln,ENSG00000107611.nuc.ord.tre,7.483624
ENSG00000107614.nuc.ord.aln,ENSG00000107614.nuc.ord.tre,0.411426
ENSG00000107625.nuc.ord.aln,ENSG00000107625.nuc.ord.tre,0.681184
ENSG00000107643.nuc.ord.aln,ENSG00000107643.nuc.ord.tre,0.402890
ENSG00000107651.nuc.ord.aln,ENSG00000107651.nuc.ord.tre,1.048770
ENSG00000107669.nuc.ord.aln,ENSG00000107669.nuc.ord.tre,0.498567
ENSG00000107672.nuc.ord.aln,ENSG00000107672.nuc.ord.tre,0.418051
ENSG00000107679.nuc.ord.aln,ENSG00000107679.nuc.ord.tre,0.591092
ENSG00000107731.nuc.ord.aln,ENSG00000107731.nuc.ord.tre,0.921933
ENSG00000107736.nuc.ord.aln,ENSG00000107736.nuc.ord.tre,7.051772
ENSG00000107738.nuc.ord.aln,ENSG00000107738.nuc.ord.tre,0.408006
ENSG00000107742.nuc.ord.aln,ENSG00000107742.nuc.ord.tre,0.387161
ENSG00000107745.nuc.ord.aln,ENSG00000107745.nuc.ord.tre,0.442636
ENSG00000107758.nuc.ord.aln,ENSG00000107758.nuc.ord.tre,0.471065
ENSG00000107779.nuc.ord.aln,ENSG00000107779.nuc.ord.tre,0.376936
ENSG00000107789.nuc.ord.aln,ENSG00000107789.nuc.ord.tre,0.473341
ENSG00000107798.nuc.ord.aln,ENSG00000107798.nuc.ord.tre,0.423362
ENSG00000107815.nuc.ord.aln,ENSG00000107815.nuc.ord.tre,0.494941
ENSG00000107816.nuc.ord.aln,ENSG00000107816.nuc.ord.tre,0.539189
ENSG00000107819.nuc.ord.aln,ENSG00000107819.nuc.ord.tre,0.332217
ENSG00000107829.nuc.ord.aln,ENSG00000107829.nuc.ord.tre,0.385317
ENSG00000107833.nuc.ord.aln,ENSG00000107833.nuc.ord.tre,0.227386
ENSG00000107854.nuc.ord.aln,ENSG00000107854.nuc.ord.tre,1.467663
ENSG00000107862.nuc.ord.aln,ENSG00000107862.nuc.ord.tre,2.548628
ENSG00000107863.nuc.ord.aln,ENSG00000107863.nuc.ord.tre,2.834906
ENSG00000107864.nuc.ord.aln,ENSG00000107864.nuc.ord.tre,0.728509
ENSG00000107872.nuc.ord.aln,ENSG00000107872.nuc.ord.tre,0.318415
ENSG00000107874.nuc.ord.aln,ENSG00000107874.nuc.ord.tre,0.285924
ENSG00000107882.nuc.ord.aln,ENSG00000107882.nuc.ord.tre,0.467679
ENSG00000107897.nuc.ord.aln,ENSG00000107897.nuc.ord.tre,0.504247
ENSG00000107902.nuc.ord.aln,ENSG00000107902.nuc.ord.tre,0.304285
ENSG00000107929.nuc.ord.aln,ENSG00000107929.nuc.ord.tre,0.737962
ENSG00000107937.nuc.ord.aln,ENSG00000107937.nuc.ord.tre,0.616234
ENSG00000107938.nuc.ord.aln,ENSG00000107938.nuc.ord.tre,1.447337
ENSG00000107949.nuc.ord.aln,ENSG00000107949.nuc.ord.tre,0.381475
ENSG00000107951.nuc.ord.aln,ENSG00000107951.nuc.ord.tre,0.597742
ENSG00000107957.nuc.ord.aln,ENSG00000107957.nuc.ord.tre,1.053486
ENSG00000107959.nuc.ord.aln,ENSG00000107959.nuc.ord.tre,0.988122
ENSG00000111348.nuc.ord.aln,ENSG00000111348.nuc.ord.tre,0.293459
ENSG00000111361.nuc.ord.aln,ENSG00000111361.nuc.ord.tre,0.362333
ENSG00000111364.nuc.ord.aln,ENSG00000111364.nuc.ord.tre,0.754207
ENSG00000111371.nuc.ord.aln,ENSG00000111371.nuc.ord.tre,0.685333
ENSG00000111405.nuc.ord.aln,ENSG00000111405.nuc.ord.tre,0.434653
ENSG00000111412.nuc.ord.aln,ENSG00000111412.nuc.ord.tre,0.275287
ENSG00000111432.nuc.ord.aln,ENSG00000111432.nuc.ord.tre,0.219932
ENSG00000107960.nuc.ord.aln,ENSG00000107960.nuc.ord.tre,0.448996
ENSG00000107984.nuc.ord.aln,ENSG00000107984.nuc.ord.tre,0.332546
ENSG00000108001.nuc.ord.aln,ENSG00000108001.nuc.ord.tre,0.454779
ENSG00000110148.nuc.ord.aln,ENSG00000110148.nuc.ord.tre,0.672058
ENSG00000110172.nuc.ord.aln,ENSG00000110172.nuc.ord.tre,0.400070
ENSG00000110218.nuc.ord.aln,ENSG00000110218.nuc.ord.tre,0.444227
ENSG00000110243.nuc.ord.aln,ENSG00000110243.nuc.ord.tre,0.291885
ENSG00000110244.nuc.ord.aln,ENSG00000110244.nuc.ord.tre,0.308751
ENSG00000110274.nuc.ord.aln,ENSG00000110274.nuc.ord.tre,1.655584
ENSG00000110315.nuc.ord.aln,ENSG00000110315.nuc.ord.tre,0.359157
ENSG00000110318.nuc.ord.aln,ENSG00000110318.nuc.ord.tre,1.139969
ENSG00000110321.nuc.ord.aln,ENSG00000110321.nuc.ord.tre,1.072966
ENSG00000110324.nuc.ord.aln,ENSG00000110324.nuc.ord.tre,0.552744
ENSG00000110328.nuc.ord.aln,ENSG00000110328.nuc.ord.tre,0.584984
ENSG00000110344.nuc.ord.aln,ENSG00000110344.nuc.ord.tre,1.143114
ENSG00000110347.nuc.ord.aln,ENSG00000110347.nuc.ord.tre,0.348895
ENSG00000110367.nuc.ord.aln,ENSG00000110367.nuc.ord.tre,0.492744
ENSG00000110375.nuc.ord.aln,ENSG00000110375.nuc.ord.tre,0.293248
ENSG00000110395.nuc.ord.aln,ENSG00000110395.nuc.ord.tre,0.872154
ENSG00000110400.nuc.ord.aln,ENSG00000110400.nuc.ord.tre,0.439660
ENSG00000110422.nuc.ord.aln,ENSG00000110422.nuc.ord.tre,1.312124
ENSG00000110427.nuc.ord.aln,ENSG00000110427.nuc.ord.tre,2.890272
ENSG00000110429.nuc.ord.aln,ENSG00000110429.nuc.ord.tre,0.439414
ENSG00000110435.nuc.ord.aln,ENSG00000110435.nuc.ord.tre,0.837672
ENSG00000110436.nuc.ord.aln,ENSG00000110436.nuc.ord.tre,0.500762
ENSG00000110442.nuc.ord.aln,ENSG00000110442.nuc.ord.tre,0.244878
ENSG00000110448.nuc.ord.aln,ENSG00000110448.nuc.ord.tre,0.520793
ENSG00000110455.nuc.ord.aln,ENSG00000110455.nuc.ord.tre,0.523186
ENSG00000110497.nuc.ord.aln,ENSG00000110497.nuc.ord.tre,1.659777
ENSG00000110514.nuc.ord.aln,ENSG00000110514.nuc.ord.tre,2.007779
ENSG00000110536.nuc.ord.aln,ENSG00000110536.nuc.ord.tre,0.280926
ENSG00000110583.nuc.ord.aln,ENSG00000110583.nuc.ord.tre,0.352129
ENSG00000110660.nuc.ord.aln,ENSG00000110660.nuc.ord.tre,0.416508
ENSG00000110675.nuc.ord.aln,ENSG00000110675.nuc.ord.tre,0.438546
ENSG00000110711.nuc.ord.aln,ENSG00000110711.nuc.ord.tre,0.344662
ENSG00000110713.nuc.ord.aln,ENSG00000110713.nuc.ord.tre,2.549285
ENSG00000110719.nuc.ord.aln,ENSG00000110719.nuc.ord.tre,0.679403
ENSG00000110721.nuc.ord.aln,ENSG00000110721.nuc.ord.tre,0.397999
ENSG00000110723.nuc.ord.aln,ENSG00000110723.nuc.ord.tre,3.418104
ENSG00000110756.nuc.ord.aln,ENSG00000110756.nuc.ord.tre,1.019859
ENSG00000110768.nuc.ord.aln,ENSG00000110768.nuc.ord.tre,0.620313
ENSG00000110777.nuc.ord.aln,ENSG00000110777.nuc.ord.tre,0.305076
ENSG00000110786.nuc.ord.aln,ENSG00000110786.nuc.ord.tre,0.418878
ENSG00000110799.nuc.ord.aln,ENSG00000110799.nuc.ord.tre,5.203304
ENSG00000110801.nuc.ord.aln,ENSG00000110801.nuc.ord.tre,0.403594
ENSG00000110811.nuc.ord.aln,ENSG00000110811.nuc.ord.tre,0.698444
ENSG00000110841.nuc.ord.aln,ENSG00000110841.nuc.ord.tre,0.995670
ENSG00000110844.nuc.ord.aln,ENSG00000110844.nuc.ord.tre,0.975177
ENSG00000110848.nuc.ord.aln,ENSG00000110848.nuc.ord.tre,0.326677
ENSG00000110851.nuc.ord.aln,ENSG00000110851.nuc.ord.tre,0.745833
ENSG00000110871.nuc.ord.aln,ENSG00000110871.nuc.ord.tre,0.421069
ENSG00000110880.nuc.ord.aln,ENSG00000110880.nuc.ord.tre,0.484643
ENSG00000110887.nuc.ord.aln,ENSG00000110887.nuc.ord.tre,0.364048
ENSG00000110888.nuc.ord.aln,ENSG00000110888.nuc.ord.tre,1.259175
ENSG00000110906.nuc.ord.aln,ENSG00000110906.nuc.ord.tre,0.340519
ENSG00000110911.nuc.ord.aln,ENSG00000110911.nuc.ord.tre,0.626051
ENSG00000110917.nuc.ord.aln,ENSG00000110917.nuc.ord.tre,0.355971
ENSG00000110921.nuc.ord.aln,ENSG00000110921.nuc.ord.tre,0.400145
ENSG00000110925.nuc.ord.aln,ENSG00000110925.nuc.ord.tre,0.395039
ENSG00000110944.nuc.ord.aln,ENSG00000110944.nuc.ord.tre,0.315923
ENSG00000110958.nuc.ord.aln,ENSG00000110958.nuc.ord.tre,0.203646
ENSG00000110975.nuc.ord.aln,ENSG00000110975.nuc.ord.tre,0.395797
ENSG00000110987.nuc.ord.aln,ENSG00000110987.nuc.ord.tre,0.364584
ENSG00000111011.nuc.ord.aln,ENSG00000111011.nuc.ord.tre,0.279343
ENSG00000111046.nuc.ord.aln,ENSG00000111046.nuc.ord.tre,0.360852
ENSG00000111049.nuc.ord.aln,ENSG00000111049.nuc.ord.tre,0.357974
ENSG00000111052.nuc.ord.aln,ENSG00000111052.nuc.ord.tre,0.303751
ENSG00000111110.nuc.ord.aln,ENSG00000111110.nuc.ord.tre,0.434340
ENSG00000111142.nuc.ord.aln,ENSG00000111142.nuc.ord.tre,0.457812
ENSG00000111144.nuc.ord.aln,ENSG00000111144.nuc.ord.tre,0.526793
ENSG00000111145.nuc.ord.aln,ENSG00000111145.nuc.ord.tre,0.554482
ENSG00000111181.nuc.ord.aln,ENSG00000111181.nuc.ord.tre,0.447783
ENSG00000111186.nuc.ord.aln,ENSG00000111186.nuc.ord.tre,0.378906
ENSG00000111199.nuc.ord.aln,ENSG00000111199.nuc.ord.tre,1.064754
ENSG00000111203.nuc.ord.aln,ENSG00000111203.nuc.ord.tre,0.399532
ENSG00000111206.nuc.ord.aln,ENSG00000111206.nuc.ord.tre,0.773833
ENSG00000111218.nuc.ord.aln,ENSG00000111218.nuc.ord.tre,0.401562
ENSG00000111224.nuc.ord.aln,ENSG00000111224.nuc.ord.tre,0.369804
ENSG00000111229.nuc.ord.aln,ENSG00000111229.nuc.ord.tre,0.241125
ENSG00000111231.nuc.ord.aln,ENSG00000111231.nuc.ord.tre,0.391890
ENSG00000111237.nuc.ord.aln,ENSG00000111237.nuc.ord.tre,0.314934
ENSG00000111241.nuc.ord.aln,ENSG00000111241.nuc.ord.tre,0.290528
ENSG00000111245.nuc.ord.aln,ENSG00000111245.nuc.ord.tre,0.297143
ENSG00000111247.nuc.ord.aln,ENSG00000111247.nuc.ord.tre,0.339692
ENSG00000111252.nuc.ord.aln,ENSG00000111252.nuc.ord.tre,0.551153
ENSG00000111254.nuc.ord.aln,ENSG00000111254.nuc.ord.tre,0.749375
ENSG00000111261.nuc.ord.aln,ENSG00000111261.nuc.ord.tre,0.356357
ENSG00000111262.nuc.ord.aln,ENSG00000111262.nuc.ord.tre,0.388473
ENSG00000111269.nuc.ord.aln,ENSG00000111269.nuc.ord.tre,0.265568
ENSG00000111275.nuc.ord.aln,ENSG00000111275.nuc.ord.tre,0.456094
ENSG00000111276.nuc.ord.aln,ENSG00000111276.nuc.ord.tre,0.306538
ENSG00000111291.nuc.ord.aln,ENSG00000111291.nuc.ord.tre,0.376120
ENSG00000111300.nuc.ord.aln,ENSG00000111300.nuc.ord.tre,0.986398
ENSG00000111305.nuc.ord.aln,ENSG00000111305.nuc.ord.tre,0.398453
ENSG00000111319.nuc.ord.aln,ENSG00000111319.nuc.ord.tre,0.651554
ENSG00000111321.nuc.ord.aln,ENSG00000111321.nuc.ord.tre,0.336512
ENSG00000111325.nuc.ord.aln,ENSG00000111325.nuc.ord.tre,0.348661
ENSG00000111335.nuc.ord.aln,ENSG00000111335.nuc.ord.tre,0.540735
ENSG00000111341.nuc.ord.aln,ENSG00000111341.nuc.ord.tre,0.233165
ENSG00000111344.nuc.ord.aln,ENSG00000111344.nuc.ord.tre,0.807441
ENSG00000108010.nuc.ord.aln,ENSG00000108010.nuc.ord.tre,0.308262
ENSG00000108018.nuc.ord.aln,ENSG00000108018.nuc.ord.tre,1.548498
ENSG00000108021.nuc.ord.aln,ENSG00000108021.nuc.ord.tre,4.040092
ENSG00000108039.nuc.ord.aln,ENSG00000108039.nuc.ord.tre,0.603228
ENSG00000108055.nuc.ord.aln,ENSG00000108055.nuc.ord.tre,1.237891
ENSG00000108061.nuc.ord.aln,ENSG00000108061.nuc.ord.tre,0.541382
ENSG00000108064.nuc.ord.aln,ENSG00000108064.nuc.ord.tre,0.339999
ENSG00000108091.nuc.ord.aln,ENSG00000108091.nuc.ord.tre,0.617332
ENSG00000108094.nuc.ord.aln,ENSG00000108094.nuc.ord.tre,0.423339
ENSG00000108100.nuc.ord.aln,ENSG00000108100.nuc.ord.tre,0.409626
ENSG00000108106.nuc.ord.aln,ENSG00000108106.nuc.ord.tre,0.308079
ENSG00000108176.nuc.ord.aln,ENSG00000108176.nuc.ord.tre,0.336180
ENSG00000108179.nuc.ord.aln,ENSG00000108179.nuc.ord.tre,0.315010
ENSG00000108219.nuc.ord.aln,ENSG00000108219.nuc.ord.tre,0.226600
ENSG00000108231.nuc.ord.aln,ENSG00000108231.nuc.ord.tre,0.519439
ENSG00000108239.nuc.ord.aln,ENSG00000108239.nuc.ord.tre,0.788782
ENSG00000108244.nuc.ord.aln,ENSG00000108244.nuc.ord.tre,0.389364
ENSG00000108255.nuc.ord.aln,ENSG00000108255.nuc.ord.tre,0.344252
ENSG00000108256.nuc.ord.aln,ENSG00000108256.nuc.ord.tre,0.645149
ENSG00000108262.nuc.ord.aln,ENSG00000108262.nuc.ord.tre,0.594049
ENSG00000108264.nuc.ord.aln,ENSG00000108264.nuc.ord.tre,0.430500
ENSG00000108270.nuc.ord.aln,ENSG00000108270.nuc.ord.tre,0.560784
ENSG00000108272.nuc.ord.aln,ENSG00000108272.nuc.ord.tre,0.335893
ENSG00000108278.nuc.ord.aln,ENSG00000108278.nuc.ord.tre,0.327512
ENSG00000108292.nuc.ord.aln,ENSG00000108292.nuc.ord.tre,1.235054
ENSG00000108306.nuc.ord.aln,ENSG00000108306.nuc.ord.tre,0.423656
ENSG00000108312.nuc.ord.aln,ENSG00000108312.nuc.ord.tre,0.433227
ENSG00000108342.nuc.ord.aln,ENSG00000108342.nuc.ord.tre,0.279618
ENSG00000108349.nuc.ord.aln,ENSG00000108349.nuc.ord.tre,0.636729
ENSG00000108352.nuc.ord.aln,ENSG00000108352.nuc.ord.tre,0.520535
ENSG00000108370.nuc.ord.aln,ENSG00000108370.nuc.ord.tre,0.602894
ENSG00000108375.nuc.ord.aln,ENSG00000108375.nuc.ord.tre,0.852578
ENSG00000108381.nuc.ord.aln,ENSG00000108381.nuc.ord.tre,0.397284
ENSG00000108384.nuc.ord.aln,ENSG00000108384.nuc.ord.tre,0.395869
ENSG00000108389.nuc.ord.aln,ENSG00000108389.nuc.ord.tre,1.281061
ENSG00000108395.nuc.ord.aln,ENSG00000108395.nuc.ord.tre,0.975402
ENSG00000108405.nuc.ord.aln,ENSG00000108405.nuc.ord.tre,0.352096
ENSG00000108406.nuc.ord.aln,ENSG00000108406.nuc.ord.tre,0.671296
ENSG00000108423.nuc.ord.aln,ENSG00000108423.nuc.ord.tre,0.486120
ENSG00000108424.nuc.ord.aln,ENSG00000108424.nuc.ord.tre,0.831901
ENSG00000108433.nuc.ord.aln,ENSG00000108433.nuc.ord.tre,0.359440
ENSG00000108439.nuc.ord.aln,ENSG00000108439.nuc.ord.tre,0.344931
ENSG00000108443.nuc.ord.aln,ENSG00000108443.nuc.ord.tre,0.338792
ENSG00000108465.nuc.ord.aln,ENSG00000108465.nuc.ord.tre,0.434146
ENSG00000108469.nuc.ord.aln,ENSG00000108469.nuc.ord.tre,0.943942
ENSG00000108474.nuc.ord.aln,ENSG00000108474.nuc.ord.tre,0.360961
ENSG00000108479.nuc.ord.aln,ENSG00000108479.nuc.ord.tre,1.210865
ENSG00000108504.nuc.ord.aln,ENSG00000108504.nuc.ord.tre,0.385598
ENSG00000108506.nuc.ord.aln,ENSG00000108506.nuc.ord.tre,1.308008
ENSG00000108510.nuc.ord.aln,ENSG00000108510.nuc.ord.tre,2.750855
ENSG00000108511.nuc.ord.aln,ENSG00000108511.nuc.ord.tre,0.306018
ENSG00000108515.nuc.ord.aln,ENSG00000108515.nuc.ord.tre,0.287210
ENSG00000108528.nuc.ord.aln,ENSG00000108528.nuc.ord.tre,0.335187
ENSG00000108551.nuc.ord.aln,ENSG00000108551.nuc.ord.tre,0.284941
ENSG00000108559.nuc.ord.aln,ENSG00000108559.nuc.ord.tre,0.580440
ENSG00000108561.nuc.ord.aln,ENSG00000108561.nuc.ord.tre,0.334513
ENSG00000108578.nuc.ord.aln,ENSG00000108578.nuc.ord.tre,0.500331
ENSG00000108582.nuc.ord.aln,ENSG00000108582.nuc.ord.tre,1.568202
ENSG00000108587.nuc.ord.aln,ENSG00000108587.nuc.ord.tre,0.364652
ENSG00000108588.nuc.ord.aln,ENSG00000108588.nuc.ord.tre,0.468932
ENSG00000108590.nuc.ord.aln,ENSG00000108590.nuc.ord.tre,0.238326
ENSG00000108591.nuc.ord.aln,ENSG00000108591.nuc.ord.tre,0.332162
ENSG00000108592.nuc.ord.aln,ENSG00000108592.nuc.ord.tre,0.615690
ENSG00000108599.nuc.ord.aln,ENSG00000108599.nuc.ord.tre,0.647527
ENSG00000108604.nuc.ord.aln,ENSG00000108604.nuc.ord.tre,0.469663
ENSG00000108622.nuc.ord.aln,ENSG00000108622.nuc.ord.tre,0.317574
ENSG00000108651.nuc.ord.aln,ENSG00000108651.nuc.ord.tre,0.492356
ENSG00000108654.nuc.ord.aln,ENSG00000108654.nuc.ord.tre,0.614115
ENSG00000108666.nuc.ord.aln,ENSG00000108666.nuc.ord.tre,0.457430
ENSG00000108669.nuc.ord.aln,ENSG00000108669.nuc.ord.tre,0.588454
ENSG00000108671.nuc.ord.aln,ENSG00000108671.nuc.ord.tre,0.442817
ENSG00000108684.nuc.ord.aln,ENSG00000108684.nuc.ord.tre,0.328328
ENSG00000108733.nuc.ord.aln,ENSG00000108733.nuc.ord.tre,0.319147
ENSG00000108753.nuc.ord.aln,ENSG00000108753.nuc.ord.tre,0.441978
ENSG00000108759.nuc.ord.aln,ENSG00000108759.nuc.ord.tre,0.382082
ENSG00000108771.nuc.ord.aln,ENSG00000108771.nuc.ord.tre,0.510325
ENSG00000108774.nuc.ord.aln,ENSG00000108774.nuc.ord.tre,0.143764
ENSG00000108784.nuc.ord.aln,ENSG00000108784.nuc.ord.tre,0.569934
ENSG00000108788.nuc.ord.aln,ENSG00000108788.nuc.ord.tre,0.338405
ENSG00000108797.nuc.ord.aln,ENSG00000108797.nuc.ord.tre,1.551927
ENSG00000108798.nuc.ord.aln,ENSG00000108798.nuc.ord.tre,0.440734
ENSG00000108799.nuc.ord.aln,ENSG00000108799.nuc.ord.tre,0.621508
ENSG00000108813.nuc.ord.aln,ENSG00000108813.nuc.ord.tre,0.516781
ENSG00000108821.nuc.ord.aln,ENSG00000108821.nuc.ord.tre,2.220936
ENSG00000108825.nuc.ord.aln,ENSG00000108825.nuc.ord.tre,0.429804
ENSG00000108829.nuc.ord.aln,ENSG00000108829.nuc.ord.tre,0.436698
ENSG00000108848.nuc.ord.aln,ENSG00000108848.nuc.ord.tre,0.410514
ENSG00000108852.nuc.ord.aln,ENSG00000108852.nuc.ord.tre,0.537127
ENSG00000110047.nuc.ord.aln,ENSG00000110047.nuc.ord.tre,0.485789
ENSG00000110048.nuc.ord.aln,ENSG00000110048.nuc.ord.tre,0.770172
ENSG00000110060.nuc.ord.aln,ENSG00000110060.nuc.ord.tre,0.404176
ENSG00000110063.nuc.ord.aln,ENSG00000110063.nuc.ord.tre,0.389902
ENSG00000110074.nuc.ord.aln,ENSG00000110074.nuc.ord.tre,0.385815
ENSG00000110075.nuc.ord.aln,ENSG00000110075.nuc.ord.tre,0.919643
ENSG00000110076.nuc.ord.aln,ENSG00000110076.nuc.ord.tre,2.558338
ENSG00000110080.nuc.ord.aln,ENSG00000110080.nuc.ord.tre,0.799720
ENSG00000110090.nuc.ord.aln,ENSG00000110090.nuc.ord.tre,0.683217
ENSG00000110092.nuc.ord.aln,ENSG00000110092.nuc.ord.tre,0.301154
ENSG00000110104.nuc.ord.aln,ENSG00000110104.nuc.ord.tre,0.313364
ENSG00000110107.nuc.ord.aln,ENSG00000110107.nuc.ord.tre,0.518553
ENSG00000108861.nuc.ord.aln,ENSG00000108861.nuc.ord.tre,0.346427
ENSG00000108878.nuc.ord.aln,ENSG00000108878.nuc.ord.tre,0.314842
ENSG00000108883.nuc.ord.aln,ENSG00000108883.nuc.ord.tre,0.934406
ENSG00000108924.nuc.ord.aln,ENSG00000108924.nuc.ord.tre,0.362120
ENSG00000108946.nuc.ord.aln,ENSG00000108946.nuc.ord.tre,0.487771
ENSG00000108950.nuc.ord.aln,ENSG00000108950.nuc.ord.tre,0.512558
ENSG00000108960.nuc.ord.aln,ENSG00000108960.nuc.ord.tre,0.392041
ENSG00000108963.nuc.ord.aln,ENSG00000108963.nuc.ord.tre,0.407143
ENSG00000108984.nuc.ord.aln,ENSG00000108984.nuc.ord.tre,0.379166
ENSG00000109046.nuc.ord.aln,ENSG00000109046.nuc.ord.tre,0.439095
ENSG00000109063.nuc.ord.aln,ENSG00000109063.nuc.ord.tre,2.456681
ENSG00000109072.nuc.ord.aln,ENSG00000109072.nuc.ord.tre,0.485359
ENSG00000109079.nuc.ord.aln,ENSG00000109079.nuc.ord.tre,0.367722
ENSG00000109083.nuc.ord.aln,ENSG00000109083.nuc.ord.tre,0.304877
ENSG00000109084.nuc.ord.aln,ENSG00000109084.nuc.ord.tre,0.327049
ENSG00000109089.nuc.ord.aln,ENSG00000109089.nuc.ord.tre,0.528001
ENSG00000109099.nuc.ord.aln,ENSG00000109099.nuc.ord.tre,0.284644
ENSG00000109101.nuc.ord.aln,ENSG00000109101.nuc.ord.tre,0.507118
ENSG00000109103.nuc.ord.aln,ENSG00000109103.nuc.ord.tre,0.347227
ENSG00000109107.nuc.ord.aln,ENSG00000109107.nuc.ord.tre,0.383472
ENSG00000109111.nuc.ord.aln,ENSG00000109111.nuc.ord.tre,2.124769
ENSG00000109113.nuc.ord.aln,ENSG00000109113.nuc.ord.tre,0.422247
ENSG00000109118.nuc.ord.aln,ENSG00000109118.nuc.ord.tre,1.104201
ENSG00000109132.nuc.ord.aln,ENSG00000109132.nuc.ord.tre,0.338216
ENSG00000109133.nuc.ord.aln,ENSG00000109133.nuc.ord.tre,0.357692
ENSG00000109158.nuc.ord.aln,ENSG00000109158.nuc.ord.tre,0.541038
ENSG00000109163.nuc.ord.aln,ENSG00000109163.nuc.ord.tre,0.477037
ENSG00000109171.nuc.ord.aln,ENSG00000109171.nuc.ord.tre,0.625813
ENSG00000109180.nuc.ord.aln,ENSG00000109180.nuc.ord.tre,0.338263
ENSG00000109182.nuc.ord.aln,ENSG00000109182.nuc.ord.tre,0.624716
ENSG00000109184.nuc.ord.aln,ENSG00000109184.nuc.ord.tre,0.458145
ENSG00000109189.nuc.ord.aln,ENSG00000109189.nuc.ord.tre,0.315601
ENSG00000109193.nuc.ord.aln,ENSG00000109193.nuc.ord.tre,0.311954
ENSG00000109205.nuc.ord.aln,ENSG00000109205.nuc.ord.tre,0.327653
ENSG00000109220.nuc.ord.aln,ENSG00000109220.nuc.ord.tre,0.258545
ENSG00000109255.nuc.ord.aln,ENSG00000109255.nuc.ord.tre,0.320388
ENSG00000109265.nuc.ord.aln,ENSG00000109265.nuc.ord.tre,1.611767
ENSG00000109270.nuc.ord.aln,ENSG00000109270.nuc.ord.tre,0.247852
ENSG00000109320.nuc.ord.aln,ENSG00000109320.nuc.ord.tre,0.974875
ENSG00000109323.nuc.ord.aln,ENSG00000109323.nuc.ord.tre,0.763484
ENSG00000109339.nuc.ord.aln,ENSG00000109339.nuc.ord.tre,0.486416
ENSG00000109381.nuc.ord.aln,ENSG00000109381.nuc.ord.tre,0.635998
ENSG00000109436.nuc.ord.aln,ENSG00000109436.nuc.ord.tre,1.078194
ENSG00000109452.nuc.ord.aln,ENSG00000109452.nuc.ord.tre,0.972759
ENSG00000109458.nuc.ord.aln,ENSG00000109458.nuc.ord.tre,0.758272
ENSG00000109466.nuc.ord.aln,ENSG00000109466.nuc.ord.tre,0.615371
ENSG00000109501.nuc.ord.aln,ENSG00000109501.nuc.ord.tre,0.590877
ENSG00000109511.nuc.ord.aln,ENSG00000109511.nuc.ord.tre,0.363595
ENSG00000109519.nuc.ord.aln,ENSG00000109519.nuc.ord.tre,0.287763
ENSG00000109534.nuc.ord.aln,ENSG00000109534.nuc.ord.tre,0.334966
ENSG00000109572.nuc.ord.aln,ENSG00000109572.nuc.ord.tre,0.962392
ENSG00000109576.nuc.ord.aln,ENSG00000109576.nuc.ord.tre,0.420825
ENSG00000109586.nuc.ord.aln,ENSG00000109586.nuc.ord.tre,0.583079
ENSG00000109606.nuc.ord.aln,ENSG00000109606.nuc.ord.tre,0.712469
ENSG00000109618.nuc.ord.aln,ENSG00000109618.nuc.ord.tre,0.435374
ENSG00000109654.nuc.ord.aln,ENSG00000109654.nuc.ord.tre,0.909710
ENSG00000109667.nuc.ord.aln,ENSG00000109667.nuc.ord.tre,0.484340
ENSG00000109670.nuc.ord.aln,ENSG00000109670.nuc.ord.tre,0.862599
ENSG00000109674.nuc.ord.aln,ENSG00000109674.nuc.ord.tre,0.506486
ENSG00000109680.nuc.ord.aln,ENSG00000109680.nuc.ord.tre,0.467720
ENSG00000109684.nuc.ord.aln,ENSG00000109684.nuc.ord.tre,0.406467
ENSG00000109685.nuc.ord.aln,ENSG00000109685.nuc.ord.tre,1.430203
ENSG00000109686.nuc.ord.aln,ENSG00000109686.nuc.ord.tre,0.716140
ENSG00000109689.nuc.ord.aln,ENSG00000109689.nuc.ord.tre,0.824496
ENSG00000109738.nuc.ord.aln,ENSG00000109738.nuc.ord.tre,0.452373
ENSG00000109743.nuc.ord.aln,ENSG00000109743.nuc.ord.tre,0.420904
ENSG00000109756.nuc.ord.aln,ENSG00000109756.nuc.ord.tre,2.092638
ENSG00000109758.nuc.ord.aln,ENSG00000109758.nuc.ord.tre,0.383314
ENSG00000109762.nuc.ord.aln,ENSG00000109762.nuc.ord.tre,1.185846
ENSG00000109771.nuc.ord.aln,ENSG00000109771.nuc.ord.tre,0.536060
ENSG00000109775.nuc.ord.aln,ENSG00000109775.nuc.ord.tre,0.451545
ENSG00000109787.nuc.ord.aln,ENSG00000109787.nuc.ord.tre,0.394308
ENSG00000109790.nuc.ord.aln,ENSG00000109790.nuc.ord.tre,0.792927
ENSG00000109794.nuc.ord.aln,ENSG00000109794.nuc.ord.tre,1.348442
ENSG00000109805.nuc.ord.aln,ENSG00000109805.nuc.ord.tre,1.218802
ENSG00000109814.nuc.ord.aln,ENSG00000109814.nuc.ord.tre,0.393381
ENSG00000109819.nuc.ord.aln,ENSG00000109819.nuc.ord.tre,0.736429
ENSG00000109832.nuc.ord.aln,ENSG00000109832.nuc.ord.tre,0.457075
ENSG00000109846.nuc.ord.aln,ENSG00000109846.nuc.ord.tre,0.317292
ENSG00000109851.nuc.ord.aln,ENSG00000109851.nuc.ord.tre,0.381975
ENSG00000109854.nuc.ord.aln,ENSG00000109854.nuc.ord.tre,0.368582
ENSG00000109861.nuc.ord.aln,ENSG00000109861.nuc.ord.tre,0.435457
ENSG00000109881.nuc.ord.aln,ENSG00000109881.nuc.ord.tre,0.374126
ENSG00000109906.nuc.ord.aln,ENSG00000109906.nuc.ord.tre,0.599965
ENSG00000109911.nuc.ord.aln,ENSG00000109911.nuc.ord.tre,0.496025
ENSG00000109917.nuc.ord.aln,ENSG00000109917.nuc.ord.tre,0.418988
ENSG00000109919.nuc.ord.aln,ENSG00000109919.nuc.ord.tre,0.365452
ENSG00000109920.nuc.ord.aln,ENSG00000109920.nuc.ord.tre,1.299350
ENSG00000109927.nuc.ord.aln,ENSG00000109927.nuc.ord.tre,3.181404
ENSG00000109929.nuc.ord.aln,ENSG00000109929.nuc.ord.tre,0.364680
ENSG00000109943.nuc.ord.aln,ENSG00000109943.nuc.ord.tre,0.414583
ENSG00000109944.nuc.ord.aln,ENSG00000109944.nuc.ord.tre,0.713076
ENSG00000109956.nuc.ord.aln,ENSG00000109956.nuc.ord.tre,0.388800
ENSG00000109991.nuc.ord.aln,ENSG00000109991.nuc.ord.tre,0.418945
ENSG00000110011.nuc.ord.aln,ENSG00000110011.nuc.ord.tre,0.300135
ENSG00000110013.nuc.ord.aln,ENSG00000110013.nuc.ord.tre,0.550302
ENSG00000110025.nuc.ord.aln,ENSG00000110025.nuc.ord.tre,0.327834
ENSG00000110031.nuc.ord.aln,ENSG00000110031.nuc.ord.tre,0.384943
ENSG00000110042.nuc.ord.aln,ENSG00000110042.nuc.ord.tre,0.666243
ENSG00000110046.nuc.ord.aln,ENSG00000110046.nuc.ord.tre,2.131274
ENSG00000113569.nuc.ord.aln,ENSG00000113569.nuc.ord.tre,1.710399
ENSG00000113575.nuc.ord.aln,ENSG00000113575.nuc.ord.tre,0.416857
ENSG00000113578.nuc.ord.aln,ENSG00000113578.nuc.ord.tre,0.290628
ENSG00000114841.nuc.ord.aln,ENSG00000114841.nuc.ord.tre,14.228398
ENSG00000114850.nuc.ord.aln,ENSG00000114850.nuc.ord.tre,0.275227
ENSG00000114854.nuc.ord.aln,ENSG00000114854.nuc.ord.tre,0.265616
ENSG00000114859.nuc.ord.aln,ENSG00000114859.nuc.ord.tre,0.814749
ENSG00000114861.nuc.ord.aln,ENSG00000114861.nuc.ord.tre,0.808035
ENSG00000114867.nuc.ord.aln,ENSG00000114867.nuc.ord.tre,1.910688
ENSG00000114902.nuc.ord.aln,ENSG00000114902.nuc.ord.tre,0.307046
ENSG00000114904.nuc.ord.aln,ENSG00000114904.nuc.ord.tre,0.864588
ENSG00000114923.nuc.ord.aln,ENSG00000114923.nuc.ord.tre,1.435456
ENSG00000114933.nuc.ord.aln,ENSG00000114933.nuc.ord.tre,1.097321
ENSG00000114948.nuc.ord.aln,ENSG00000114948.nuc.ord.tre,1.088077
ENSG00000114956.nuc.ord.aln,ENSG00000114956.nuc.ord.tre,0.361050
ENSG00000114982.nuc.ord.aln,ENSG00000114982.nuc.ord.tre,0.834660
ENSG00000114988.nuc.ord.aln,ENSG00000114988.nuc.ord.tre,0.411325
ENSG00000114993.nuc.ord.aln,ENSG00000114993.nuc.ord.tre,0.568902
ENSG00000114999.nuc.ord.aln,ENSG00000114999.nuc.ord.tre,0.395830
ENSG00000115008.nuc.ord.aln,ENSG00000115008.nuc.ord.tre,0.380326
ENSG00000115009.nuc.ord.aln,ENSG00000115009.nuc.ord.tre,0.238090
ENSG00000115020.nuc.ord.aln,ENSG00000115020.nuc.ord.tre,2.715746
ENSG00000115053.nuc.ord.aln,ENSG00000115053.nuc.ord.tre,0.639918
ENSG00000115073.nuc.ord.aln,ENSG00000115073.nuc.ord.tre,0.356733
ENSG00000115084.nuc.ord.aln,ENSG00000115084.nuc.ord.tre,0.585656
ENSG00000115091.nuc.ord.aln,ENSG00000115091.nuc.ord.tre,0.383560
ENSG00000115107.nuc.ord.aln,ENSG00000115107.nuc.ord.tre,0.406946
ENSG00000115109.nuc.ord.aln,ENSG00000115109.nuc.ord.tre,0.647813
ENSG00000115112.nuc.ord.aln,ENSG00000115112.nuc.ord.tre,0.479453
ENSG00000115128.nuc.ord.aln,ENSG00000115128.nuc.ord.tre,0.192494
ENSG00000115137.nuc.ord.aln,ENSG00000115137.nuc.ord.tre,0.410337
ENSG00000115138.nuc.ord.aln,ENSG00000115138.nuc.ord.tre,0.301064
ENSG00000115145.nuc.ord.aln,ENSG00000115145.nuc.ord.tre,0.488563
ENSG00000115159.nuc.ord.aln,ENSG00000115159.nuc.ord.tre,0.693177
ENSG00000115165.nuc.ord.aln,ENSG00000115165.nuc.ord.tre,0.400868
ENSG00000115170.nuc.ord.aln,ENSG00000115170.nuc.ord.tre,0.497144
ENSG00000115183.nuc.ord.aln,ENSG00000115183.nuc.ord.tre,2.631433
ENSG00000115194.nuc.ord.aln,ENSG00000115194.nuc.ord.tre,0.329384
ENSG00000115207.nuc.ord.aln,ENSG00000115207.nuc.ord.tre,1.128394
ENSG00000115211.nuc.ord.aln,ENSG00000115211.nuc.ord.tre,0.484363
ENSG00000115216.nuc.ord.aln,ENSG00000115216.nuc.ord.tre,0.483170
ENSG00000115221.nuc.ord.aln,ENSG00000115221.nuc.ord.tre,0.782439
ENSG00000115226.nuc.ord.aln,ENSG00000115226.nuc.ord.tre,0.292378
ENSG00000115232.nuc.ord.aln,ENSG00000115232.nuc.ord.tre,1.004054
ENSG00000115233.nuc.ord.aln,ENSG00000115233.nuc.ord.tre,0.319189
ENSG00000115234.nuc.ord.aln,ENSG00000115234.nuc.ord.tre,0.400030
ENSG00000115239.nuc.ord.aln,ENSG00000115239.nuc.ord.tre,0.507950
ENSG00000115241.nuc.ord.aln,ENSG00000115241.nuc.ord.tre,0.521539
ENSG00000115252.nuc.ord.aln,ENSG00000115252.nuc.ord.tre,0.637832
ENSG00000115263.nuc.ord.aln,ENSG00000115263.nuc.ord.tre,0.289007
ENSG00000115267.nuc.ord.aln,ENSG00000115267.nuc.ord.tre,1.117582
ENSG00000115271.nuc.ord.aln,ENSG00000115271.nuc.ord.tre,0.335308
ENSG00000115274.nuc.ord.aln,ENSG00000115274.nuc.ord.tre,0.345050
ENSG00000115275.nuc.ord.aln,ENSG00000115275.nuc.ord.tre,0.677422
ENSG00000115289.nuc.ord.aln,ENSG00000115289.nuc.ord.tre,0.317213
ENSG00000115290.nuc.ord.aln,ENSG00000115290.nuc.ord.tre,0.470054
ENSG00000115295.nuc.ord.aln,ENSG00000115295.nuc.ord.tre,0.713857
ENSG00000115297.nuc.ord.aln,ENSG00000115297.nuc.ord.tre,0.387877
ENSG00000115306.nuc.ord.aln,ENSG00000115306.nuc.ord.tre,4.613358
ENSG00000115307.nuc.ord.aln,ENSG00000115307.nuc.ord.tre,0.421421
ENSG00000115310.nuc.ord.aln,ENSG00000115310.nuc.ord.tre,0.993643
ENSG00000115318.nuc.ord.aln,ENSG00000115318.nuc.ord.tre,0.621687
ENSG00000115325.nuc.ord.aln,ENSG00000115325.nuc.ord.tre,0.417804
ENSG00000115339.nuc.ord.aln,ENSG00000115339.nuc.ord.tre,0.552922
ENSG00000115350.nuc.ord.aln,ENSG00000115350.nuc.ord.tre,0.226792
ENSG00000115353.nuc.ord.aln,ENSG00000115353.nuc.ord.tre,0.387228
ENSG00000115355.nuc.ord.aln,ENSG00000115355.nuc.ord.tre,2.769470
ENSG00000115361.nuc.ord.aln,ENSG00000115361.nuc.ord.tre,0.411120
ENSG00000115364.nuc.ord.aln,ENSG00000115364.nuc.ord.tre,0.336962
ENSG00000115365.nuc.ord.aln,ENSG00000115365.nuc.ord.tre,0.407613
ENSG00000115368.nuc.ord.aln,ENSG00000115368.nuc.ord.tre,0.706225
ENSG00000115380.nuc.ord.aln,ENSG00000115380.nuc.ord.tre,0.479543
ENSG00000115392.nuc.ord.aln,ENSG00000115392.nuc.ord.tre,0.509808
ENSG00000115414.nuc.ord.aln,ENSG00000115414.nuc.ord.tre,4.014413
ENSG00000115415.nuc.ord.aln,ENSG00000115415.nuc.ord.tre,1.876818
ENSG00000115419.nuc.ord.aln,ENSG00000115419.nuc.ord.tre,0.814448
ENSG00000115421.nuc.ord.aln,ENSG00000115421.nuc.ord.tre,0.658955
ENSG00000115423.nuc.ord.aln,ENSG00000115423.nuc.ord.tre,15.165825
ENSG00000115425.nuc.ord.aln,ENSG00000115425.nuc.ord.tre,0.349818
ENSG00000115446.nuc.ord.aln,ENSG00000115446.nuc.ord.tre,0.327691
ENSG00000115457.nuc.ord.aln,ENSG00000115457.nuc.ord.tre,0.324386
ENSG00000115459.nuc.ord.aln,ENSG00000115459.nuc.ord.tre,0.619199
ENSG00000115461.nuc.ord.aln,ENSG00000115461.nuc.ord.tre,0.306590
ENSG00000115468.nuc.ord.aln,ENSG00000115468.nuc.ord.tre,0.270039
ENSG00000115474.nuc.ord.aln,ENSG00000115474.nuc.ord.tre,0.539181
ENSG00000115484.nuc.ord.aln,ENSG00000115484.nuc.ord.tre,0.550847
ENSG00000115486.nuc.ord.aln,ENSG00000115486.nuc.ord.tre,0.702691
ENSG00000115488.nuc.ord.aln,ENSG00000115488.nuc.ord.tre,0.321407
ENSG00000115504.nuc.ord.aln,ENSG00000115504.nuc.ord.tre,1.302271
ENSG00000115514.nuc.ord.aln,ENSG00000115514.nuc.ord.tre,0.310813
ENSG00000115520.nuc.ord.aln,ENSG00000115520.nuc.ord.tre,0.342935
ENSG00000115524.nuc.ord.aln,ENSG00000115524.nuc.ord.tre,1.364714
ENSG00000115525.nuc.ord.aln,ENSG00000115525.nuc.ord.tre,0.391759
ENSG00000115526.nuc.ord.aln,ENSG00000115526.nuc.ord.tre,0.402758
ENSG00000115539.nuc.ord.aln,ENSG00000115539.nuc.ord.tre,0.249089
ENSG00000115540.nuc.ord.aln,ENSG00000115540.nuc.ord.tre,0.306807
ENSG00000115548.nuc.ord.aln,ENSG00000115548.nuc.ord.tre,1.576863
ENSG00000115556.nuc.ord.aln,ENSG00000115556.nuc.ord.tre,0.735948
ENSG00000115561.nuc.ord.aln,ENSG00000115561.nuc.ord.tre,0.285149
ENSG00000115568.nuc.ord.aln,ENSG00000115568.nuc.ord.tre,2.433043
ENSG00000113580.nuc.ord.aln,ENSG00000113580.nuc.ord.tre,0.759501
ENSG00000113583.nuc.ord.aln,ENSG00000113583.nuc.ord.tre,0.473485
ENSG00000113593.nuc.ord.aln,ENSG00000113593.nuc.ord.tre,0.618165
ENSG00000113594.nuc.ord.aln,ENSG00000113594.nuc.ord.tre,1.180900
ENSG00000113595.nuc.ord.aln,ENSG00000113595.nuc.ord.tre,0.442767
ENSG00000113600.nuc.ord.aln,ENSG00000113600.nuc.ord.tre,0.735432
ENSG00000113615.nuc.ord.aln,ENSG00000113615.nuc.ord.tre,1.417352
ENSG00000113621.nuc.ord.aln,ENSG00000113621.nuc.ord.tre,0.351720
ENSG00000113638.nuc.ord.aln,ENSG00000113638.nuc.ord.tre,0.376955
ENSG00000113643.nuc.ord.aln,ENSG00000113643.nuc.ord.tre,0.518000
ENSG00000113645.nuc.ord.aln,ENSG00000113645.nuc.ord.tre,1.057415
ENSG00000113648.nuc.ord.aln,ENSG00000113648.nuc.ord.tre,0.413401
ENSG00000113657.nuc.ord.aln,ENSG00000113657.nuc.ord.tre,0.732748
ENSG00000113658.nuc.ord.aln,ENSG00000113658.nuc.ord.tre,0.459609
ENSG00000113712.nuc.ord.aln,ENSG00000113712.nuc.ord.tre,0.237078
ENSG00000113716.nuc.ord.aln,ENSG00000113716.nuc.ord.tre,2.453408
ENSG00000113719.nuc.ord.aln,ENSG00000113719.nuc.ord.tre,0.425784
ENSG00000113734.nuc.ord.aln,ENSG00000113734.nuc.ord.tre,0.300369
ENSG00000113739.nuc.ord.aln,ENSG00000113739.nuc.ord.tre,0.335074
ENSG00000113742.nuc.ord.aln,ENSG00000113742.nuc.ord.tre,0.639028
ENSG00000113761.nuc.ord.aln,ENSG00000113761.nuc.ord.tre,0.409886
ENSG00000113763.nuc.ord.aln,ENSG00000113763.nuc.ord.tre,0.930805
ENSG00000113805.nuc.ord.aln,ENSG00000113805.nuc.ord.tre,1.061617
ENSG00000113810.nuc.ord.aln,ENSG00000113810.nuc.ord.tre,1.266860
ENSG00000113812.nuc.ord.aln,ENSG00000113812.nuc.ord.tre,0.600356
ENSG00000113838.nuc.ord.aln,ENSG00000113838.nuc.ord.tre,0.466608
ENSG00000113845.nuc.ord.aln,ENSG00000113845.nuc.ord.tre,0.359899
ENSG00000113851.nuc.ord.aln,ENSG00000113851.nuc.ord.tre,0.412017
ENSG00000113905.nuc.ord.aln,ENSG00000113905.nuc.ord.tre,0.568086
ENSG00000113916.nuc.ord.aln,ENSG00000113916.nuc.ord.tre,0.658993
ENSG00000113924.nuc.ord.aln,ENSG00000113924.nuc.ord.tre,0.404775
ENSG00000113946.nuc.ord.aln,ENSG00000113946.nuc.ord.tre,0.388219
ENSG00000113966.nuc.ord.aln,ENSG00000113966.nuc.ord.tre,0.300913
ENSG00000114013.nuc.ord.aln,ENSG00000114013.nuc.ord.tre,0.465122
ENSG00000114019.nuc.ord.aln,ENSG00000114019.nuc.ord.tre,0.881878
ENSG00000114021.nuc.ord.aln,ENSG00000114021.nuc.ord.tre,0.436218
ENSG00000114023.nuc.ord.aln,ENSG00000114023.nuc.ord.tre,0.298367
ENSG00000114030.nuc.ord.aln,ENSG00000114030.nuc.ord.tre,0.438156
ENSG00000114054.nuc.ord.aln,ENSG00000114054.nuc.ord.tre,0.464562
ENSG00000114062.nuc.ord.aln,ENSG00000114062.nuc.ord.tre,0.710097
ENSG00000114107.nuc.ord.aln,ENSG00000114107.nuc.ord.tre,0.544139
ENSG00000114113.nuc.ord.aln,ENSG00000114113.nuc.ord.tre,0.210263
ENSG00000114115.nuc.ord.aln,ENSG00000114115.nuc.ord.tre,0.206306
ENSG00000114126.nuc.ord.aln,ENSG00000114126.nuc.ord.tre,0.390574
ENSG00000114127.nuc.ord.aln,ENSG00000114127.nuc.ord.tre,2.271576
ENSG00000114200.nuc.ord.aln,ENSG00000114200.nuc.ord.tre,0.542893
ENSG00000114204.nuc.ord.aln,ENSG00000114204.nuc.ord.tre,0.360973
ENSG00000114209.nuc.ord.aln,ENSG00000114209.nuc.ord.tre,0.313213
ENSG00000114248.nuc.ord.aln,ENSG00000114248.nuc.ord.tre,0.384481
ENSG00000114251.nuc.ord.aln,ENSG00000114251.nuc.ord.tre,0.510619
ENSG00000114268.nuc.ord.aln,ENSG00000114268.nuc.ord.tre,0.375928
ENSG00000114270.nuc.ord.aln,ENSG00000114270.nuc.ord.tre,6.037959
ENSG00000114279.nuc.ord.aln,ENSG00000114279.nuc.ord.tre,0.341864
ENSG00000114302.nuc.ord.aln,ENSG00000114302.nuc.ord.tre,0.450198
ENSG00000114315.nuc.ord.aln,ENSG00000114315.nuc.ord.tre,0.293621
ENSG00000114316.nuc.ord.aln,ENSG00000114316.nuc.ord.tre,0.691775
ENSG00000114331.nuc.ord.aln,ENSG00000114331.nuc.ord.tre,0.930001
ENSG00000114346.nuc.ord.aln,ENSG00000114346.nuc.ord.tre,1.013155
ENSG00000114349.nuc.ord.aln,ENSG00000114349.nuc.ord.tre,0.390769
ENSG00000114354.nuc.ord.aln,ENSG00000114354.nuc.ord.tre,0.506657
ENSG00000114378.nuc.ord.aln,ENSG00000114378.nuc.ord.tre,0.412670
ENSG00000114383.nuc.ord.aln,ENSG00000114383.nuc.ord.tre,0.177302
ENSG00000114388.nuc.ord.aln,ENSG00000114388.nuc.ord.tre,0.420577
ENSG00000114395.nuc.ord.aln,ENSG00000114395.nuc.ord.tre,0.331263
ENSG00000114416.nuc.ord.aln,ENSG00000114416.nuc.ord.tre,0.596436
ENSG00000114423.nuc.ord.aln,ENSG00000114423.nuc.ord.tre,1.011611
ENSG00000114439.nuc.ord.aln,ENSG00000114439.nuc.ord.tre,0.998306
ENSG00000114446.nuc.ord.aln,ENSG00000114446.nuc.ord.tre,0.443310
ENSG00000114450.nuc.ord.aln,ENSG00000114450.nuc.ord.tre,0.349447
ENSG00000114473.nuc.ord.aln,ENSG00000114473.nuc.ord.tre,0.455439
ENSG00000114480.nuc.ord.aln,ENSG00000114480.nuc.ord.tre,0.588389
ENSG00000114487.nuc.ord.aln,ENSG00000114487.nuc.ord.tre,1.088865
ENSG00000114491.nuc.ord.aln,ENSG00000114491.nuc.ord.tre,0.455694
ENSG00000114520.nuc.ord.aln,ENSG00000114520.nuc.ord.tre,0.323530
ENSG00000114529.nuc.ord.aln,ENSG00000114529.nuc.ord.tre,0.362573
ENSG00000114541.nuc.ord.aln,ENSG00000114541.nuc.ord.tre,1.113134
ENSG00000114544.nuc.ord.aln,ENSG00000114544.nuc.ord.tre,0.556197
ENSG00000114573.nuc.ord.aln,ENSG00000114573.nuc.ord.tre,0.534708
ENSG00000114631.nuc.ord.aln,ENSG00000114631.nuc.ord.tre,0.423650
ENSG00000114638.nuc.ord.aln,ENSG00000114638.nuc.ord.tre,0.303294
ENSG00000114646.nuc.ord.aln,ENSG00000114646.nuc.ord.tre,0.420484
ENSG00000114648.nuc.ord.aln,ENSG00000114648.nuc.ord.tre,0.461966
ENSG00000114670.nuc.ord.aln,ENSG00000114670.nuc.ord.tre,0.653287
ENSG00000114686.nuc.ord.aln,ENSG00000114686.nuc.ord.tre,0.412752
ENSG00000114735.nuc.ord.aln,ENSG00000114735.nuc.ord.tre,0.360617
ENSG00000114737.nuc.ord.aln,ENSG00000114737.nuc.ord.tre,0.328346
ENSG00000114738.nuc.ord.aln,ENSG00000114738.nuc.ord.tre,0.481023
ENSG00000114739.nuc.ord.aln,ENSG00000114739.nuc.ord.tre,0.398193
ENSG00000114742.nuc.ord.aln,ENSG00000114742.nuc.ord.tre,0.576707
ENSG00000114744.nuc.ord.aln,ENSG00000114744.nuc.ord.tre,0.335221
ENSG00000114745.nuc.ord.aln,ENSG00000114745.nuc.ord.tre,0.374658
ENSG00000114757.nuc.ord.aln,ENSG00000114757.nuc.ord.tre,0.670836
ENSG00000114770.nuc.ord.aln,ENSG00000114770.nuc.ord.tre,1.593579
ENSG00000114779.nuc.ord.aln,ENSG00000114779.nuc.ord.tre,0.382724
ENSG00000114784.nuc.ord.aln,ENSG00000114784.nuc.ord.tre,0.184517
ENSG00000114786.nuc.ord.aln,ENSG00000114786.nuc.ord.tre,0.328304
ENSG00000114790.nuc.ord.aln,ENSG00000114790.nuc.ord.tre,0.778284
ENSG00000114796.nuc.ord.aln,ENSG00000114796.nuc.ord.tre,0.467375
ENSG00000114805.nuc.ord.aln,ENSG00000114805.nuc.ord.tre,2.332134
ENSG00000114812.nuc.ord.aln,ENSG00000114812.nuc.ord.tre,0.388548
ENSG00000115760.nuc.ord.aln,ENSG00000115760.nuc.ord.tre,16.050930
ENSG00000115761.nuc.ord.aln,ENSG00000115761.nuc.ord.tre,0.629415
ENSG00000115806.nuc.ord.aln,ENSG00000115806.nuc.ord.tre,0.481837
ENSG00000115816.nuc.ord.aln,ENSG00000115816.nuc.ord.tre,1.033252
ENSG00000115825.nuc.ord.aln,ENSG00000115825.nuc.ord.tre,0.813689
ENSG00000115827.nuc.ord.aln,ENSG00000115827.nuc.ord.tre,0.466761
ENSG00000115828.nuc.ord.aln,ENSG00000115828.nuc.ord.tre,0.398325
ENSG00000115839.nuc.ord.aln,ENSG00000115839.nuc.ord.tre,1.126384
ENSG00000115840.nuc.ord.aln,ENSG00000115840.nuc.ord.tre,0.660439
ENSG00000115841.nuc.ord.aln,ENSG00000115841.nuc.ord.tre,0.790962
ENSG00000115844.nuc.ord.aln,ENSG00000115844.nuc.ord.tre,0.306532
ENSG00000115850.nuc.ord.aln,ENSG00000115850.nuc.ord.tre,2.971195
ENSG00000115866.nuc.ord.aln,ENSG00000115866.nuc.ord.tre,0.472925
ENSG00000115896.nuc.ord.aln,ENSG00000115896.nuc.ord.tre,1.106318
ENSG00000115902.nuc.ord.aln,ENSG00000115902.nuc.ord.tre,0.517818
ENSG00000115904.nuc.ord.aln,ENSG00000115904.nuc.ord.tre,1.800642
ENSG00000115919.nuc.ord.aln,ENSG00000115919.nuc.ord.tre,0.451303
ENSG00000115935.nuc.ord.aln,ENSG00000115935.nuc.ord.tre,0.472455
ENSG00000115942.nuc.ord.aln,ENSG00000115942.nuc.ord.tre,0.487693
ENSG00000115946.nuc.ord.aln,ENSG00000115946.nuc.ord.tre,0.328810
ENSG00000115947.nuc.ord.aln,ENSG00000115947.nuc.ord.tre,0.404482
ENSG00000115956.nuc.ord.aln,ENSG00000115956.nuc.ord.tre,0.508828
ENSG00000115963.nuc.ord.aln,ENSG00000115963.nuc.ord.tre,0.363236
ENSG00000115966.nuc.ord.aln,ENSG00000115966.nuc.ord.tre,0.531984
ENSG00000115970.nuc.ord.aln,ENSG00000115970.nuc.ord.tre,2.883250
ENSG00000115977.nuc.ord.aln,ENSG00000115977.nuc.ord.tre,1.539842
ENSG00000115993.nuc.ord.aln,ENSG00000115993.nuc.ord.tre,0.851050
ENSG00000115998.nuc.ord.aln,ENSG00000115998.nuc.ord.tre,0.430092
ENSG00000116005.nuc.ord.aln,ENSG00000116005.nuc.ord.tre,0.457393
ENSG00000116016.nuc.ord.aln,ENSG00000116016.nuc.ord.tre,0.890257
ENSG00000116031.nuc.ord.aln,ENSG00000116031.nuc.ord.tre,0.341519
ENSG00000116039.nuc.ord.aln,ENSG00000116039.nuc.ord.tre,0.456326
ENSG00000116044.nuc.ord.aln,ENSG00000116044.nuc.ord.tre,0.575109
ENSG00000116062.nuc.ord.aln,ENSG00000116062.nuc.ord.tre,1.748319
ENSG00000116106.nuc.ord.aln,ENSG00000116106.nuc.ord.tre,1.108617
ENSG00000116117.nuc.ord.aln,ENSG00000116117.nuc.ord.tre,1.258588
ENSG00000116120.nuc.ord.aln,ENSG00000116120.nuc.ord.tre,0.762680
ENSG00000116127.nuc.ord.aln,ENSG00000116127.nuc.ord.tre,10.783768
ENSG00000116128.nuc.ord.aln,ENSG00000116128.nuc.ord.tre,1.430054
ENSG00000116133.nuc.ord.aln,ENSG00000116133.nuc.ord.tre,0.567207
ENSG00000116138.nuc.ord.aln,ENSG00000116138.nuc.ord.tre,0.785998
ENSG00000116141.nuc.ord.aln,ENSG00000116141.nuc.ord.tre,0.730877
ENSG00000116147.nuc.ord.aln,ENSG00000116147.nuc.ord.tre,2.603437
ENSG00000116151.nuc.ord.aln,ENSG00000116151.nuc.ord.tre,0.239974
ENSG00000116157.nuc.ord.aln,ENSG00000116157.nuc.ord.tre,0.268527
ENSG00000116161.nuc.ord.aln,ENSG00000116161.nuc.ord.tre,0.308070
ENSG00000116171.nuc.ord.aln,ENSG00000116171.nuc.ord.tre,0.414031
ENSG00000116183.nuc.ord.aln,ENSG00000116183.nuc.ord.tre,2.434600
ENSG00000116191.nuc.ord.aln,ENSG00000116191.nuc.ord.tre,0.625856
ENSG00000116194.nuc.ord.aln,ENSG00000116194.nuc.ord.tre,0.419163
ENSG00000116198.nuc.ord.aln,ENSG00000116198.nuc.ord.tre,0.829028
ENSG00000116199.nuc.ord.aln,ENSG00000116199.nuc.ord.tre,0.419975
ENSG00000116205.nuc.ord.aln,ENSG00000116205.nuc.ord.tre,0.356476
ENSG00000116209.nuc.ord.aln,ENSG00000116209.nuc.ord.tre,0.384292
ENSG00000116212.nuc.ord.aln,ENSG00000116212.nuc.ord.tre,0.379440
ENSG00000116213.nuc.ord.aln,ENSG00000116213.nuc.ord.tre,0.451569
ENSG00000116218.nuc.ord.aln,ENSG00000116218.nuc.ord.tre,0.435562
ENSG00000116221.nuc.ord.aln,ENSG00000116221.nuc.ord.tre,0.381410
ENSG00000116237.nuc.ord.aln,ENSG00000116237.nuc.ord.tre,0.349055
ENSG00000116251.nuc.ord.aln,ENSG00000116251.nuc.ord.tre,0.148088
ENSG00000116254.nuc.ord.aln,ENSG00000116254.nuc.ord.tre,3.787198
ENSG00000116260.nuc.ord.aln,ENSG00000116260.nuc.ord.tre,1.041249
ENSG00000116273.nuc.ord.aln,ENSG00000116273.nuc.ord.tre,0.358290
ENSG00000116285.nuc.ord.aln,ENSG00000116285.nuc.ord.tre,0.372751
ENSG00000116288.nuc.ord.aln,ENSG00000116288.nuc.ord.tre,0.477643
ENSG00000116299.nuc.ord.aln,ENSG00000116299.nuc.ord.tre,0.941778
ENSG00000116337.nuc.ord.aln,ENSG00000116337.nuc.ord.tre,0.832640
ENSG00000116353.nuc.ord.aln,ENSG00000116353.nuc.ord.tre,0.430799
ENSG00000116396.nuc.ord.aln,ENSG00000116396.nuc.ord.tre,0.592057
ENSG00000116406.nuc.ord.aln,ENSG00000116406.nuc.ord.tre,0.936770
ENSG00000116455.nuc.ord.aln,ENSG00000116455.nuc.ord.tre,0.388171
ENSG00000116473.nuc.ord.aln,ENSG00000116473.nuc.ord.tre,0.288844
ENSG00000116497.nuc.ord.aln,ENSG00000116497.nuc.ord.tre,0.398788
ENSG00000116514.nuc.ord.aln,ENSG00000116514.nuc.ord.tre,0.618837
ENSG00000116525.nuc.ord.aln,ENSG00000116525.nuc.ord.tre,0.401659
ENSG00000116539.nuc.ord.aln,ENSG00000116539.nuc.ord.tre,3.571384
ENSG00000116544.nuc.ord.aln,ENSG00000116544.nuc.ord.tre,0.964032
ENSG00000116574.nuc.ord.aln,ENSG00000116574.nuc.ord.tre,0.332307
ENSG00000116584.nuc.ord.aln,ENSG00000116584.nuc.ord.tre,1.322424
ENSG00000116604.nuc.ord.aln,ENSG00000116604.nuc.ord.tre,0.399519
ENSG00000116641.nuc.ord.aln,ENSG00000116641.nuc.ord.tre,2.823286
ENSG00000116661.nuc.ord.aln,ENSG00000116661.nuc.ord.tre,0.302239
ENSG00000116663.nuc.ord.aln,ENSG00000116663.nuc.ord.tre,0.338623
ENSG00000116667.nuc.ord.aln,ENSG00000116667.nuc.ord.tre,0.259633
ENSG00000116668.nuc.ord.aln,ENSG00000116668.nuc.ord.tre,1.080011
ENSG00000116670.nuc.ord.aln,ENSG00000116670.nuc.ord.tre,0.352458
ENSG00000116675.nuc.ord.aln,ENSG00000116675.nuc.ord.tre,0.994552
ENSG00000116678.nuc.ord.aln,ENSG00000116678.nuc.ord.tre,1.201632
ENSG00000116679.nuc.ord.aln,ENSG00000116679.nuc.ord.tre,0.521822
ENSG00000116688.nuc.ord.aln,ENSG00000116688.nuc.ord.tre,0.789916
ENSG00000116691.nuc.ord.aln,ENSG00000116691.nuc.ord.tre,0.357830
ENSG00000116698.nuc.ord.aln,ENSG00000116698.nuc.ord.tre,1.630942
ENSG00000116701.nuc.ord.aln,ENSG00000116701.nuc.ord.tre,0.873493
ENSG00000116703.nuc.ord.aln,ENSG00000116703.nuc.ord.tre,0.433585
ENSG00000116704.nuc.ord.aln,ENSG00000116704.nuc.ord.tre,0.427384
ENSG00000116711.nuc.ord.aln,ENSG00000116711.nuc.ord.tre,0.702929
ENSG00000116717.nuc.ord.aln,ENSG00000116717.nuc.ord.tre,0.264684
ENSG00000116729.nuc.ord.aln,ENSG00000116729.nuc.ord.tre,0.672571
ENSG00000116741.nuc.ord.aln,ENSG00000116741.nuc.ord.tre,0.257682
ENSG00000116745.nuc.ord.aln,ENSG00000116745.nuc.ord.tre,0.611876
ENSG00000116747.nuc.ord.aln,ENSG00000116747.nuc.ord.tre,0.473194
ENSG00000116748.nuc.ord.aln,ENSG00000116748.nuc.ord.tre,0.750694
ENSG00000116750.nuc.ord.aln,ENSG00000116750.nuc.ord.tre,0.381256
ENSG00000116752.nuc.ord.aln,ENSG00000116752.nuc.ord.tre,0.312104
ENSG00000116754.nuc.ord.aln,ENSG00000116754.nuc.ord.tre,0.511435
ENSG00000116761.nuc.ord.aln,ENSG00000116761.nuc.ord.tre,0.407131
ENSG00000116771.nuc.ord.aln,ENSG00000116771.nuc.ord.tre,0.411914
ENSG00000116774.nuc.ord.aln,ENSG00000116774.nuc.ord.tre,0.411854
ENSG00000116783.nuc.ord.aln,ENSG00000116783.nuc.ord.tre,1.021421
ENSG00000116786.nuc.ord.aln,ENSG00000116786.nuc.ord.tre,1.210783
ENSG00000116791.nuc.ord.aln,ENSG00000116791.nuc.ord.tre,0.369205
ENSG00000116793.nuc.ord.aln,ENSG00000116793.nuc.ord.tre,0.688409
ENSG00000116809.nuc.ord.aln,ENSG00000116809.nuc.ord.tre,0.854925
ENSG00000116819.nuc.ord.aln,ENSG00000116819.nuc.ord.tre,0.374334
ENSG00000116824.nuc.ord.aln,ENSG00000116824.nuc.ord.tre,0.394765
ENSG00000116830.nuc.ord.aln,ENSG00000116830.nuc.ord.tre,1.625977
ENSG00000116833.nuc.ord.aln,ENSG00000116833.nuc.ord.tre,0.501849
ENSG00000116852.nuc.ord.aln,ENSG00000116852.nuc.ord.tre,2.451101
ENSG00000116857.nuc.ord.aln,ENSG00000116857.nuc.ord.tre,0.256180
ENSG00000116863.nuc.ord.aln,ENSG00000116863.nuc.ord.tre,0.370996
ENSG00000116871.nuc.ord.aln,ENSG00000116871.nuc.ord.tre,0.993299
ENSG00000116874.nuc.ord.aln,ENSG00000116874.nuc.ord.tre,0.409126
ENSG00000116882.nuc.ord.aln,ENSG00000116882.nuc.ord.tre,0.529146
ENSG00000116885.nuc.ord.aln,ENSG00000116885.nuc.ord.tre,0.406818
ENSG00000116898.nuc.ord.aln,ENSG00000116898.nuc.ord.tre,0.308546
ENSG00000116906.nuc.ord.aln,ENSG00000116906.nuc.ord.tre,0.562854
ENSG00000116922.nuc.ord.aln,ENSG00000116922.nuc.ord.tre,0.286044
ENSG00000116954.nuc.ord.aln,ENSG00000116954.nuc.ord.tre,0.438666
ENSG00000116957.nuc.ord.aln,ENSG00000116957.nuc.ord.tre,0.469566
ENSG00000116962.nuc.ord.aln,ENSG00000116962.nuc.ord.tre,1.869787
ENSG00000116981.nuc.ord.aln,ENSG00000116981.nuc.ord.tre,0.372489
ENSG00000116984.nuc.ord.aln,ENSG00000116984.nuc.ord.tre,1.319348
ENSG00000117000.nuc.ord.aln,ENSG00000117000.nuc.ord.tre,2.929299
ENSG00000117009.nuc.ord.aln,ENSG00000117009.nuc.ord.tre,0.467552
ENSG00000117016.nuc.ord.aln,ENSG00000117016.nuc.ord.tre,0.366232
ENSG00000117020.nuc.ord.aln,ENSG00000117020.nuc.ord.tre,0.465442
ENSG00000117036.nuc.ord.aln,ENSG00000117036.nuc.ord.tre,0.314533
ENSG00000117054.nuc.ord.aln,ENSG00000117054.nuc.ord.tre,0.524295
ENSG00000117069.nuc.ord.aln,ENSG00000117069.nuc.ord.tre,0.379678
ENSG00000117090.nuc.ord.aln,ENSG00000117090.nuc.ord.tre,0.358065
ENSG00000117091.nuc.ord.aln,ENSG00000117091.nuc.ord.tre,0.299647
ENSG00000117114.nuc.ord.aln,ENSG00000117114.nuc.ord.tre,1.891536
ENSG00000117115.nuc.ord.aln,ENSG00000117115.nuc.ord.tre,0.589374
ENSG00000117118.nuc.ord.aln,ENSG00000117118.nuc.ord.tre,0.357608
ENSG00000117122.nuc.ord.aln,ENSG00000117122.nuc.ord.tre,0.221065
ENSG00000117133.nuc.ord.aln,ENSG00000117133.nuc.ord.tre,0.325628
ENSG00000117139.nuc.ord.aln,ENSG00000117139.nuc.ord.tre,2.561816
ENSG00000117143.nuc.ord.aln,ENSG00000117143.nuc.ord.tre,0.479468
ENSG00000117151.nuc.ord.aln,ENSG00000117151.nuc.ord.tre,0.398841
ENSG00000117152.nuc.ord.aln,ENSG00000117152.nuc.ord.tre,0.300197
ENSG00000117153.nuc.ord.aln,ENSG00000117153.nuc.ord.tre,0.509700
ENSG00000117155.nuc.ord.aln,ENSG00000117155.nuc.ord.tre,0.514007
ENSG00000117174.nuc.ord.aln,ENSG00000117174.nuc.ord.tre,0.526486
ENSG00000117215.nuc.ord.aln,ENSG00000117215.nuc.ord.tre,0.291362
ENSG00000117222.nuc.ord.aln,ENSG00000117222.nuc.ord.tre,0.492841
ENSG00000117245.nuc.ord.aln,ENSG00000117245.nuc.ord.tre,1.070855
ENSG00000117266.nuc.ord.aln,ENSG00000117266.nuc.ord.tre,0.487002
ENSG00000117280.nuc.ord.aln,ENSG00000117280.nuc.ord.tre,0.309751
ENSG00000117281.nuc.ord.aln,ENSG00000117281.nuc.ord.tre,0.206411
ENSG00000117298.nuc.ord.aln,ENSG00000117298.nuc.ord.tre,0.733763
ENSG00000117305.nuc.ord.aln,ENSG00000117305.nuc.ord.tre,0.367467
ENSG00000117308.nuc.ord.aln,ENSG00000117308.nuc.ord.tre,0.334586
ENSG00000117318.nuc.ord.aln,ENSG00000117318.nuc.ord.tre,0.213284
ENSG00000117322.nuc.ord.aln,ENSG00000117322.nuc.ord.tre,3.511309
ENSG00000117360.nuc.ord.aln,ENSG00000117360.nuc.ord.tre,0.578284
ENSG00000117385.nuc.ord.aln,ENSG00000117385.nuc.ord.tre,1.580085
ENSG00000117394.nuc.ord.aln,ENSG00000117394.nuc.ord.tre,0.405575
ENSG00000117395.nuc.ord.aln,ENSG00000117395.nuc.ord.tre,0.316329
ENSG00000117399.nuc.ord.aln,ENSG00000117399.nuc.ord.tre,0.500317
ENSG00000117400.nuc.ord.aln,ENSG00000117400.nuc.ord.tre,0.699146
ENSG00000117408.nuc.ord.aln,ENSG00000117408.nuc.ord.tre,0.839473
ENSG00000117411.nuc.ord.aln,ENSG00000117411.nuc.ord.tre,0.352441
ENSG00000117419.nuc.ord.aln,ENSG00000117419.nuc.ord.tre,0.442411
ENSG00000117425.nuc.ord.aln,ENSG00000117425.nuc.ord.tre,1.245333
ENSG00000117450.nuc.ord.aln,ENSG00000117450.nuc.ord.tre,0.306788
ENSG00000117461.nuc.ord.aln,ENSG00000117461.nuc.ord.tre,0.526480
ENSG00000117472.nuc.ord.aln,ENSG00000117472.nuc.ord.tre,0.208517
ENSG00000117475.nuc.ord.aln,ENSG00000117475.nuc.ord.tre,0.390584
ENSG00000117477.nuc.ord.aln,ENSG00000117477.nuc.ord.tre,0.423824
ENSG00000117479.nuc.ord.aln,ENSG00000117479.nuc.ord.tre,0.418784
ENSG00000117480.nuc.ord.aln,ENSG00000117480.nuc.ord.tre,0.986316
ENSG00000117481.nuc.ord.aln,ENSG00000117481.nuc.ord.tre,0.426164
ENSG00000117500.nuc.ord.aln,ENSG00000117500.nuc.ord.tre,0.347385
ENSG00000117501.nuc.ord.aln,ENSG00000117501.nuc.ord.tre,0.949034
ENSG00000117505.nuc.ord.aln,ENSG00000117505.nuc.ord.tre,0.304451
ENSG00000117523.nuc.ord.aln,ENSG00000117523.nuc.ord.tre,7.556363
ENSG00000117525.nuc.ord.aln,ENSG00000117525.nuc.ord.tre,0.344976
ENSG00000117528.nuc.ord.aln,ENSG00000117528.nuc.ord.tre,0.651445
ENSG00000117533.nuc.ord.aln,ENSG00000117533.nuc.ord.tre,0.114466
ENSG00000117543.nuc.ord.aln,ENSG00000117543.nuc.ord.tre,0.380430
ENSG00000117569.nuc.ord.aln,ENSG00000117569.nuc.ord.tre,0.462356
ENSG00000117586.nuc.ord.aln,ENSG00000117586.nuc.ord.tre,0.316445
ENSG00000117594.nuc.ord.aln,ENSG00000117594.nuc.ord.tre,0.306218
ENSG00000117595.nuc.ord.aln,ENSG00000117595.nuc.ord.tre,0.493363
ENSG00000117597.nuc.ord.aln,ENSG00000117597.nuc.ord.tre,0.766754
ENSG00000117598.nuc.ord.aln,ENSG00000117598.nuc.ord.tre,0.399063
ENSG00000117600.nuc.ord.aln,ENSG00000117600.nuc.ord.tre,0.820983
ENSG00000117601.nuc.ord.aln,ENSG00000117601.nuc.ord.tre,0.644419
ENSG00000117602.nuc.ord.aln,ENSG00000117602.nuc.ord.tre,0.381281
ENSG00000117614.nuc.ord.aln,ENSG00000117614.nuc.ord.tre,0.292530
ENSG00000117616.nuc.ord.aln,ENSG00000117616.nuc.ord.tre,0.304235
ENSG00000117625.nuc.ord.aln,ENSG00000117625.nuc.ord.tre,0.548442
ENSG00000117640.nuc.ord.aln,ENSG00000117640.nuc.ord.tre,0.388840
ENSG00000117643.nuc.ord.aln,ENSG00000117643.nuc.ord.tre,0.713015
ENSG00000117650.nuc.ord.aln,ENSG00000117650.nuc.ord.tre,0.422487
ENSG00000117676.nuc.ord.aln,ENSG00000117676.nuc.ord.tre,0.830984
ENSG00000117682.nuc.ord.aln,ENSG00000117682.nuc.ord.tre,0.401728
ENSG00000117691.nuc.ord.aln,ENSG00000117691.nuc.ord.tre,0.284499
ENSG00000117697.nuc.ord.aln,ENSG00000117697.nuc.ord.tre,0.342628
ENSG00000117707.nuc.ord.aln,ENSG00000117707.nuc.ord.tre,0.671797
ENSG00000117713.nuc.ord.aln,ENSG00000117713.nuc.ord.tre,4.167371
ENSG00000117724.nuc.ord.aln,ENSG00000117724.nuc.ord.tre,5.406304
ENSG00000117751.nuc.ord.aln,ENSG00000117751.nuc.ord.tre,0.405313
ENSG00000117758.nuc.ord.aln,ENSG00000117758.nuc.ord.tre,0.386469
ENSG00000117834.nuc.ord.aln,ENSG00000117834.nuc.ord.tre,0.806165
ENSG00000117862.nuc.ord.aln,ENSG00000117862.nuc.ord.tre,0.344729
ENSG00000117868.nuc.ord.aln,ENSG00000117868.nuc.ord.tre,1.068882
ENSG00000117877.nuc.ord.aln,ENSG00000117877.nuc.ord.tre,0.568212
ENSG00000117906.nuc.ord.aln,ENSG00000117906.nuc.ord.tre,0.465932
ENSG00000117971.nuc.ord.aln,ENSG00000117971.nuc.ord.tre,0.416970
ENSG00000118004.nuc.ord.aln,ENSG00000118004.nuc.ord.tre,0.337188
ENSG00000118007.nuc.ord.aln,ENSG00000118007.nuc.ord.tre,1.473448
ENSG00000118017.nuc.ord.aln,ENSG00000118017.nuc.ord.tre,0.332328
ENSG00000118046.nuc.ord.aln,ENSG00000118046.nuc.ord.tre,0.348079
ENSG00000118058.nuc.ord.aln,ENSG00000118058.nuc.ord.tre,9.516251
ENSG00000118094.nuc.ord.aln,ENSG00000118094.nuc.ord.tre,0.420045
ENSG00000118096.nuc.ord.aln,ENSG00000118096.nuc.ord.tre,0.409210
ENSG00000118113.nuc.ord.aln,ENSG00000118113.nuc.ord.tre,0.556068
ENSG00000118137.nuc.ord.aln,ENSG00000118137.nuc.ord.tre,0.296487
ENSG00000118156.nuc.ord.aln,ENSG00000118156.nuc.ord.tre,1.494537
ENSG00000118162.nuc.ord.aln,ENSG00000118162.nuc.ord.tre,0.781057
ENSG00000118193.nuc.ord.aln,ENSG00000118193.nuc.ord.tre,2.095665
ENSG00000118194.nuc.ord.aln,ENSG00000118194.nuc.ord.tre,0.311548
ENSG00000118197.nuc.ord.aln,ENSG00000118197.nuc.ord.tre,0.285972
ENSG00000118200.nuc.ord.aln,ENSG00000118200.nuc.ord.tre,1.997153
ENSG00000118217.nuc.ord.aln,ENSG00000118217.nuc.ord.tre,0.621834
ENSG00000118246.nuc.ord.aln,ENSG00000118246.nuc.ord.tre,0.720914
ENSG00000118257.nuc.ord.aln,ENSG00000118257.nuc.ord.tre,0.907090
ENSG00000118260.nuc.ord.aln,ENSG00000118260.nuc.ord.tre,0.386739
ENSG00000118263.nuc.ord.aln,ENSG00000118263.nuc.ord.tre,0.352080
ENSG00000118271.nuc.ord.aln,ENSG00000118271.nuc.ord.tre,0.295348
ENSG00000118276.nuc.ord.aln,ENSG00000118276.nuc.ord.tre,0.393974
ENSG00000118292.nuc.ord.aln,ENSG00000118292.nuc.ord.tre,0.297271
ENSG00000118298.nuc.ord.aln,ENSG00000118298.nuc.ord.tre,0.394102
ENSG00000118307.nuc.ord.aln,ENSG00000118307.nuc.ord.tre,0.854203
ENSG00000118308.nuc.ord.aln,ENSG00000118308.nuc.ord.tre,0.468720
ENSG00000118322.nuc.ord.aln,ENSG00000118322.nuc.ord.tre,1.670748
ENSG00000118363.nuc.ord.aln,ENSG00000118363.nuc.ord.tre,0.332963
ENSG00000118402.nuc.ord.aln,ENSG00000118402.nuc.ord.tre,0.380384
ENSG00000118407.nuc.ord.aln,ENSG00000118407.nuc.ord.tre,1.335353
ENSG00000118412.nuc.ord.aln,ENSG00000118412.nuc.ord.tre,2.525581
ENSG00000118418.nuc.ord.aln,ENSG00000118418.nuc.ord.tre,0.256325
ENSG00000118420.nuc.ord.aln,ENSG00000118420.nuc.ord.tre,0.397362
ENSG00000118432.nuc.ord.aln,ENSG00000118432.nuc.ord.tre,0.358083
ENSG00000118434.nuc.ord.aln,ENSG00000118434.nuc.ord.tre,0.384632
ENSG00000118454.nuc.ord.aln,ENSG00000118454.nuc.ord.tre,0.488626
ENSG00000118473.nuc.ord.aln,ENSG00000118473.nuc.ord.tre,0.947506
ENSG00000118482.nuc.ord.aln,ENSG00000118482.nuc.ord.tre,3.139629
ENSG00000118492.nuc.ord.aln,ENSG00000118492.nuc.ord.tre,2.113144
ENSG00000118495.nuc.ord.aln,ENSG00000118495.nuc.ord.tre,0.546907
ENSG00000118496.nuc.ord.aln,ENSG00000118496.nuc.ord.tre,0.576871
ENSG00000118503.nuc.ord.aln,ENSG00000118503.nuc.ord.tre,0.731826
ENSG00000118507.nuc.ord.aln,ENSG00000118507.nuc.ord.tre,0.431843
ENSG00000118508.nuc.ord.aln,ENSG00000118508.nuc.ord.tre,0.329583
ENSG00000118513.nuc.ord.aln,ENSG00000118513.nuc.ord.tre,0.767773
ENSG00000118514.nuc.ord.aln,ENSG00000118514.nuc.ord.tre,0.460598
ENSG00000118515.nuc.ord.aln,ENSG00000118515.nuc.ord.tre,0.415969
ENSG00000120727.nuc.ord.aln,ENSG00000120727.nuc.ord.tre,0.196190
ENSG00000120729.nuc.ord.aln,ENSG00000120729.nuc.ord.tre,1.172545
ENSG00000120733.nuc.ord.aln,ENSG00000120733.nuc.ord.tre,2.328198
ENSG00000120756.nuc.ord.aln,ENSG00000120756.nuc.ord.tre,0.552312
ENSG00000120798.nuc.ord.aln,ENSG00000120798.nuc.ord.tre,0.538785
ENSG00000120800.nuc.ord.aln,ENSG00000120800.nuc.ord.tre,5.328428
ENSG00000120802.nuc.ord.aln,ENSG00000120802.nuc.ord.tre,0.570620
ENSG00000120805.nuc.ord.aln,ENSG00000120805.nuc.ord.tre,0.310270
ENSG00000120820.nuc.ord.aln,ENSG00000120820.nuc.ord.tre,0.411770
ENSG00000120837.nuc.ord.aln,ENSG00000120837.nuc.ord.tre,0.331140
ENSG00000120860.nuc.ord.aln,ENSG00000120860.nuc.ord.tre,0.314190
ENSG00000120868.nuc.ord.aln,ENSG00000120868.nuc.ord.tre,1.535522
ENSG00000120875.nuc.ord.aln,ENSG00000120875.nuc.ord.tre,0.371396
ENSG00000120885.nuc.ord.aln,ENSG00000120885.nuc.ord.tre,0.399817
ENSG00000120896.nuc.ord.aln,ENSG00000120896.nuc.ord.tre,0.745271
ENSG00000120899.nuc.ord.aln,ENSG00000120899.nuc.ord.tre,0.940844
ENSG00000120903.nuc.ord.aln,ENSG00000120903.nuc.ord.tre,0.475274
ENSG00000120907.nuc.ord.aln,ENSG00000120907.nuc.ord.tre,0.374650
ENSG00000120910.nuc.ord.aln,ENSG00000120910.nuc.ord.tre,0.654090
ENSG00000120915.nuc.ord.aln,ENSG00000120915.nuc.ord.tre,0.483040
ENSG00000120925.nuc.ord.aln,ENSG00000120925.nuc.ord.tre,0.830924
ENSG00000120942.nuc.ord.aln,ENSG00000120942.nuc.ord.tre,0.308120
ENSG00000120949.nuc.ord.aln,ENSG00000120949.nuc.ord.tre,0.473788
ENSG00000121005.nuc.ord.aln,ENSG00000121005.nuc.ord.tre,0.450511
ENSG00000121022.nuc.ord.aln,ENSG00000121022.nuc.ord.tre,0.361862
ENSG00000121031.nuc.ord.aln,ENSG00000121031.nuc.ord.tre,9.475028
ENSG00000121039.nuc.ord.aln,ENSG00000121039.nuc.ord.tre,0.382835
ENSG00000121053.nuc.ord.aln,ENSG00000121053.nuc.ord.tre,0.661561
ENSG00000121057.nuc.ord.aln,ENSG00000121057.nuc.ord.tre,0.990739
ENSG00000121058.nuc.ord.aln,ENSG00000121058.nuc.ord.tre,0.513403
ENSG00000121060.nuc.ord.aln,ENSG00000121060.nuc.ord.tre,0.621257
ENSG00000121064.nuc.ord.aln,ENSG00000121064.nuc.ord.tre,0.440581
ENSG00000121068.nuc.ord.aln,ENSG00000121068.nuc.ord.tre,0.512507
ENSG00000118518.nuc.ord.aln,ENSG00000118518.nuc.ord.tre,0.307943
ENSG00000118523.nuc.ord.aln,ENSG00000118523.nuc.ord.tre,0.331654
ENSG00000118526.nuc.ord.aln,ENSG00000118526.nuc.ord.tre,0.252189
ENSG00000118557.nuc.ord.aln,ENSG00000118557.nuc.ord.tre,1.134352
ENSG00000118564.nuc.ord.aln,ENSG00000118564.nuc.ord.tre,0.609527
ENSG00000118579.nuc.ord.aln,ENSG00000118579.nuc.ord.tre,0.303735
ENSG00000118596.nuc.ord.aln,ENSG00000118596.nuc.ord.tre,0.470955
ENSG00000118600.nuc.ord.aln,ENSG00000118600.nuc.ord.tre,0.336432
ENSG00000118655.nuc.ord.aln,ENSG00000118655.nuc.ord.tre,0.443586
ENSG00000118680.nuc.ord.aln,ENSG00000118680.nuc.ord.tre,0.091814
ENSG00000118689.nuc.ord.aln,ENSG00000118689.nuc.ord.tre,0.534181
ENSG00000118690.nuc.ord.aln,ENSG00000118690.nuc.ord.tre,0.897619
ENSG00000118702.nuc.ord.aln,ENSG00000118702.nuc.ord.tre,0.245959
ENSG00000118705.nuc.ord.aln,ENSG00000118705.nuc.ord.tre,0.627987
ENSG00000118707.nuc.ord.aln,ENSG00000118707.nuc.ord.tre,0.283283
ENSG00000118729.nuc.ord.aln,ENSG00000118729.nuc.ord.tre,0.471435
ENSG00000118733.nuc.ord.aln,ENSG00000118733.nuc.ord.tre,0.455585
ENSG00000118762.nuc.ord.aln,ENSG00000118762.nuc.ord.tre,1.065803
ENSG00000118777.nuc.ord.aln,ENSG00000118777.nuc.ord.tre,0.468339
ENSG00000118785.nuc.ord.aln,ENSG00000118785.nuc.ord.tre,0.504709
ENSG00000118804.nuc.ord.aln,ENSG00000118804.nuc.ord.tre,0.290734
ENSG00000118816.nuc.ord.aln,ENSG00000118816.nuc.ord.tre,0.236870
ENSG00000118849.nuc.ord.aln,ENSG00000118849.nuc.ord.tre,0.300745
ENSG00000118855.nuc.ord.aln,ENSG00000118855.nuc.ord.tre,0.427195
ENSG00000118873.nuc.ord.aln,ENSG00000118873.nuc.ord.tre,1.528458
ENSG00000118898.nuc.ord.aln,ENSG00000118898.nuc.ord.tre,2.209357
ENSG00000118900.nuc.ord.aln,ENSG00000118900.nuc.ord.tre,1.234834
ENSG00000118922.nuc.ord.aln,ENSG00000118922.nuc.ord.tre,0.420116
ENSG00000118946.nuc.ord.aln,ENSG00000118946.nuc.ord.tre,1.264299
ENSG00000118961.nuc.ord.aln,ENSG00000118961.nuc.ord.tre,0.354368
ENSG00000118965.nuc.ord.aln,ENSG00000118965.nuc.ord.tre,1.083419
ENSG00000118971.nuc.ord.aln,ENSG00000118971.nuc.ord.tre,0.322345
ENSG00000118972.nuc.ord.aln,ENSG00000118972.nuc.ord.tre,0.267728
ENSG00000118985.nuc.ord.aln,ENSG00000118985.nuc.ord.tre,0.484262
ENSG00000118997.nuc.ord.aln,ENSG00000118997.nuc.ord.tre,9.001121
ENSG00000119041.nuc.ord.aln,ENSG00000119041.nuc.ord.tre,0.829445
ENSG00000119042.nuc.ord.aln,ENSG00000119042.nuc.ord.tre,0.752327
ENSG00000119048.nuc.ord.aln,ENSG00000119048.nuc.ord.tre,0.275770
ENSG00000119121.nuc.ord.aln,ENSG00000119121.nuc.ord.tre,3.150405
ENSG00000119125.nuc.ord.aln,ENSG00000119125.nuc.ord.tre,0.486118
ENSG00000119138.nuc.ord.aln,ENSG00000119138.nuc.ord.tre,0.250689
ENSG00000119139.nuc.ord.aln,ENSG00000119139.nuc.ord.tre,1.508488
ENSG00000119147.nuc.ord.aln,ENSG00000119147.nuc.ord.tre,0.232124
ENSG00000119185.nuc.ord.aln,ENSG00000119185.nuc.ord.tre,0.323602
ENSG00000119203.nuc.ord.aln,ENSG00000119203.nuc.ord.tre,0.599488
ENSG00000119227.nuc.ord.aln,ENSG00000119227.nuc.ord.tre,0.518722
ENSG00000119231.nuc.ord.aln,ENSG00000119231.nuc.ord.tre,0.378881
ENSG00000119242.nuc.ord.aln,ENSG00000119242.nuc.ord.tre,0.319809
ENSG00000119280.nuc.ord.aln,ENSG00000119280.nuc.ord.tre,0.258458
ENSG00000119283.nuc.ord.aln,ENSG00000119283.nuc.ord.tre,0.645215
ENSG00000119285.nuc.ord.aln,ENSG00000119285.nuc.ord.tre,2.999153
ENSG00000119314.nuc.ord.aln,ENSG00000119314.nuc.ord.tre,0.729053
ENSG00000119318.nuc.ord.aln,ENSG00000119318.nuc.ord.tre,0.407540
ENSG00000119321.nuc.ord.aln,ENSG00000119321.nuc.ord.tre,1.922511
ENSG00000119326.nuc.ord.aln,ENSG00000119326.nuc.ord.tre,0.713354
ENSG00000119328.nuc.ord.aln,ENSG00000119328.nuc.ord.tre,0.359661
ENSG00000119333.nuc.ord.aln,ENSG00000119333.nuc.ord.tre,0.382460
ENSG00000119383.nuc.ord.aln,ENSG00000119383.nuc.ord.tre,0.480302
ENSG00000119392.nuc.ord.aln,ENSG00000119392.nuc.ord.tre,0.619971
ENSG00000119397.nuc.ord.aln,ENSG00000119397.nuc.ord.tre,3.551463
ENSG00000119401.nuc.ord.aln,ENSG00000119401.nuc.ord.tre,0.294991
ENSG00000119402.nuc.ord.aln,ENSG00000119402.nuc.ord.tre,0.435483
ENSG00000119403.nuc.ord.aln,ENSG00000119403.nuc.ord.tre,0.676205
ENSG00000119408.nuc.ord.aln,ENSG00000119408.nuc.ord.tre,0.389884
ENSG00000119411.nuc.ord.aln,ENSG00000119411.nuc.ord.tre,0.410673
ENSG00000119414.nuc.ord.aln,ENSG00000119414.nuc.ord.tre,0.383377
ENSG00000119421.nuc.ord.aln,ENSG00000119421.nuc.ord.tre,0.429508
ENSG00000119446.nuc.ord.aln,ENSG00000119446.nuc.ord.tre,0.307882
ENSG00000119457.nuc.ord.aln,ENSG00000119457.nuc.ord.tre,0.463015
ENSG00000119471.nuc.ord.aln,ENSG00000119471.nuc.ord.tre,0.463602
ENSG00000119487.nuc.ord.aln,ENSG00000119487.nuc.ord.tre,0.469368
ENSG00000119508.nuc.ord.aln,ENSG00000119508.nuc.ord.tre,0.628474
ENSG00000119509.nuc.ord.aln,ENSG00000119509.nuc.ord.tre,1.252480
ENSG00000119514.nuc.ord.aln,ENSG00000119514.nuc.ord.tre,0.500983
ENSG00000119522.nuc.ord.aln,ENSG00000119522.nuc.ord.tre,1.078434
ENSG00000119523.nuc.ord.aln,ENSG00000119523.nuc.ord.tre,0.367439
ENSG00000119535.nuc.ord.aln,ENSG00000119535.nuc.ord.tre,0.779158
ENSG00000119537.nuc.ord.aln,ENSG00000119537.nuc.ord.tre,0.410212
ENSG00000120519.nuc.ord.aln,ENSG00000120519.nuc.ord.tre,0.432962
ENSG00000120526.nuc.ord.aln,ENSG00000120526.nuc.ord.tre,0.554087
ENSG00000120533.nuc.ord.aln,ENSG00000120533.nuc.ord.tre,0.201452
ENSG00000120594.nuc.ord.aln,ENSG00000120594.nuc.ord.tre,0.638896
ENSG00000120616.nuc.ord.aln,ENSG00000120616.nuc.ord.tre,0.765544
ENSG00000120645.nuc.ord.aln,ENSG00000120645.nuc.ord.tre,1.672667
ENSG00000120647.nuc.ord.aln,ENSG00000120647.nuc.ord.tre,0.482709
ENSG00000120656.nuc.ord.aln,ENSG00000120656.nuc.ord.tre,0.309371
ENSG00000120658.nuc.ord.aln,ENSG00000120658.nuc.ord.tre,0.643500
ENSG00000120659.nuc.ord.aln,ENSG00000120659.nuc.ord.tre,0.387098
ENSG00000120662.nuc.ord.aln,ENSG00000120662.nuc.ord.tre,0.425868
ENSG00000120669.nuc.ord.aln,ENSG00000120669.nuc.ord.tre,0.474846
ENSG00000120675.nuc.ord.aln,ENSG00000120675.nuc.ord.tre,0.294381
ENSG00000120685.nuc.ord.aln,ENSG00000120685.nuc.ord.tre,0.832027
ENSG00000120688.nuc.ord.aln,ENSG00000120688.nuc.ord.tre,0.405003
ENSG00000120690.nuc.ord.aln,ENSG00000120690.nuc.ord.tre,0.449193
ENSG00000120694.nuc.ord.aln,ENSG00000120694.nuc.ord.tre,0.831988
ENSG00000120697.nuc.ord.aln,ENSG00000120697.nuc.ord.tre,0.395181
ENSG00000120705.nuc.ord.aln,ENSG00000120705.nuc.ord.tre,0.527450
ENSG00000120708.nuc.ord.aln,ENSG00000120708.nuc.ord.tre,0.786736
ENSG00000120709.nuc.ord.aln,ENSG00000120709.nuc.ord.tre,0.367093
ENSG00000120725.nuc.ord.aln,ENSG00000120725.nuc.ord.tre,0.442949
ENSG00000119541.nuc.ord.aln,ENSG00000119541.nuc.ord.tre,0.425464
ENSG00000119596.nuc.ord.aln,ENSG00000119596.nuc.ord.tre,3.596701
ENSG00000119608.nuc.ord.aln,ENSG00000119608.nuc.ord.tre,0.596786
ENSG00000119614.nuc.ord.aln,ENSG00000119614.nuc.ord.tre,0.377293
ENSG00000119616.nuc.ord.aln,ENSG00000119616.nuc.ord.tre,0.318932
ENSG00000119630.nuc.ord.aln,ENSG00000119630.nuc.ord.tre,0.286603
ENSG00000119636.nuc.ord.aln,ENSG00000119636.nuc.ord.tre,0.484149
ENSG00000119638.nuc.ord.aln,ENSG00000119638.nuc.ord.tre,1.077194
ENSG00000119640.nuc.ord.aln,ENSG00000119640.nuc.ord.tre,0.234684
ENSG00000119650.nuc.ord.aln,ENSG00000119650.nuc.ord.tre,0.360673
ENSG00000119655.nuc.ord.aln,ENSG00000119655.nuc.ord.tre,0.441796
ENSG00000119661.nuc.ord.aln,ENSG00000119661.nuc.ord.tre,0.357951
ENSG00000119681.nuc.ord.aln,ENSG00000119681.nuc.ord.tre,2.949650
ENSG00000119682.nuc.ord.aln,ENSG00000119682.nuc.ord.tre,0.747648
ENSG00000119684.nuc.ord.aln,ENSG00000119684.nuc.ord.tre,1.721720
ENSG00000119685.nuc.ord.aln,ENSG00000119685.nuc.ord.tre,1.722860
ENSG00000119688.nuc.ord.aln,ENSG00000119688.nuc.ord.tre,0.540922
ENSG00000119689.nuc.ord.aln,ENSG00000119689.nuc.ord.tre,0.501022
ENSG00000119698.nuc.ord.aln,ENSG00000119698.nuc.ord.tre,0.818570
ENSG00000119699.nuc.ord.aln,ENSG00000119699.nuc.ord.tre,0.419923
ENSG00000119703.nuc.ord.aln,ENSG00000119703.nuc.ord.tre,0.338781
ENSG00000119705.nuc.ord.aln,ENSG00000119705.nuc.ord.tre,0.257224
ENSG00000119707.nuc.ord.aln,ENSG00000119707.nuc.ord.tre,0.710560
ENSG00000119711.nuc.ord.aln,ENSG00000119711.nuc.ord.tre,0.442823
ENSG00000119715.nuc.ord.aln,ENSG00000119715.nuc.ord.tre,0.470560
ENSG00000119718.nuc.ord.aln,ENSG00000119718.nuc.ord.tre,0.525501
ENSG00000119720.nuc.ord.aln,ENSG00000119720.nuc.ord.tre,1.227622
ENSG00000119723.nuc.ord.aln,ENSG00000119723.nuc.ord.tre,0.475362
ENSG00000119725.nuc.ord.aln,ENSG00000119725.nuc.ord.tre,0.431995
ENSG00000119729.nuc.ord.aln,ENSG00000119729.nuc.ord.tre,0.360052
ENSG00000119737.nuc.ord.aln,ENSG00000119737.nuc.ord.tre,0.303885
ENSG00000119760.nuc.ord.aln,ENSG00000119760.nuc.ord.tre,0.422097
ENSG00000119771.nuc.ord.aln,ENSG00000119771.nuc.ord.tre,0.760318
ENSG00000119772.nuc.ord.aln,ENSG00000119772.nuc.ord.tre,0.645642
ENSG00000119777.nuc.ord.aln,ENSG00000119777.nuc.ord.tre,0.627646
ENSG00000119778.nuc.ord.aln,ENSG00000119778.nuc.ord.tre,2.167178
ENSG00000119782.nuc.ord.aln,ENSG00000119782.nuc.ord.tre,0.234390
ENSG00000119787.nuc.ord.aln,ENSG00000119787.nuc.ord.tre,0.530246
ENSG00000119801.nuc.ord.aln,ENSG00000119801.nuc.ord.tre,0.264963
ENSG00000119812.nuc.ord.aln,ENSG00000119812.nuc.ord.tre,0.454387
ENSG00000119820.nuc.ord.aln,ENSG00000119820.nuc.ord.tre,0.520787
ENSG00000119844.nuc.ord.aln,ENSG00000119844.nuc.ord.tre,0.881837
ENSG00000119865.nuc.ord.aln,ENSG00000119865.nuc.ord.tre,0.279802
ENSG00000119866.nuc.ord.aln,ENSG00000119866.nuc.ord.tre,0.815034
ENSG00000119878.nuc.ord.aln,ENSG00000119878.nuc.ord.tre,0.233938
ENSG00000119888.nuc.ord.aln,ENSG00000119888.nuc.ord.tre,0.577204
ENSG00000119899.nuc.ord.aln,ENSG00000119899.nuc.ord.tre,0.418782
ENSG00000119900.nuc.ord.aln,ENSG00000119900.nuc.ord.tre,0.462336
ENSG00000119906.nuc.ord.aln,ENSG00000119906.nuc.ord.tre,2.017561
ENSG00000119912.nuc.ord.aln,ENSG00000119912.nuc.ord.tre,1.084239
ENSG00000119913.nuc.ord.aln,ENSG00000119913.nuc.ord.tre,0.414753
ENSG00000119919.nuc.ord.aln,ENSG00000119919.nuc.ord.tre,0.438363
ENSG00000119927.nuc.ord.aln,ENSG00000119927.nuc.ord.tre,0.827510
ENSG00000119929.nuc.ord.aln,ENSG00000119929.nuc.ord.tre,0.485002
ENSG00000119938.nuc.ord.aln,ENSG00000119938.nuc.ord.tre,0.307778
ENSG00000119943.nuc.ord.aln,ENSG00000119943.nuc.ord.tre,0.522824
ENSG00000119946.nuc.ord.aln,ENSG00000119946.nuc.ord.tre,0.916762
ENSG00000119950.nuc.ord.aln,ENSG00000119950.nuc.ord.tre,0.325583
ENSG00000119969.nuc.ord.aln,ENSG00000119969.nuc.ord.tre,0.980219
ENSG00000119977.nuc.ord.aln,ENSG00000119977.nuc.ord.tre,0.563998
ENSG00000119979.nuc.ord.aln,ENSG00000119979.nuc.ord.tre,0.422776
ENSG00000120008.nuc.ord.aln,ENSG00000120008.nuc.ord.tre,1.345675
ENSG00000120029.nuc.ord.aln,ENSG00000120029.nuc.ord.tre,0.695426
ENSG00000120049.nuc.ord.aln,ENSG00000120049.nuc.ord.tre,0.300289
ENSG00000120051.nuc.ord.aln,ENSG00000120051.nuc.ord.tre,0.809515
ENSG00000120053.nuc.ord.aln,ENSG00000120053.nuc.ord.tre,0.466567
ENSG00000120054.nuc.ord.aln,ENSG00000120054.nuc.ord.tre,0.458027
ENSG00000120063.nuc.ord.aln,ENSG00000120063.nuc.ord.tre,0.455615
ENSG00000120071.nuc.ord.aln,ENSG00000120071.nuc.ord.tre,1.277685
ENSG00000120087.nuc.ord.aln,ENSG00000120087.nuc.ord.tre,0.260057
ENSG00000120088.nuc.ord.aln,ENSG00000120088.nuc.ord.tre,0.506297
ENSG00000120129.nuc.ord.aln,ENSG00000120129.nuc.ord.tre,0.407940
ENSG00000120137.nuc.ord.aln,ENSG00000120137.nuc.ord.tre,0.447747
ENSG00000120156.nuc.ord.aln,ENSG00000120156.nuc.ord.tre,1.677848
ENSG00000120158.nuc.ord.aln,ENSG00000120158.nuc.ord.tre,0.497237
ENSG00000120159.nuc.ord.aln,ENSG00000120159.nuc.ord.tre,0.417947
ENSG00000120162.nuc.ord.aln,ENSG00000120162.nuc.ord.tre,0.339367
ENSG00000120215.nuc.ord.aln,ENSG00000120215.nuc.ord.tre,0.267681
ENSG00000120217.nuc.ord.aln,ENSG00000120217.nuc.ord.tre,0.383362
ENSG00000120251.nuc.ord.aln,ENSG00000120251.nuc.ord.tre,1.072987
ENSG00000120253.nuc.ord.aln,ENSG00000120253.nuc.ord.tre,0.446018
ENSG00000120262.nuc.ord.aln,ENSG00000120262.nuc.ord.tre,0.757505
ENSG00000120265.nuc.ord.aln,ENSG00000120265.nuc.ord.tre,0.361751
ENSG00000120278.nuc.ord.aln,ENSG00000120278.nuc.ord.tre,1.942059
ENSG00000120279.nuc.ord.aln,ENSG00000120279.nuc.ord.tre,0.314285
ENSG00000120280.nuc.ord.aln,ENSG00000120280.nuc.ord.tre,0.270594
ENSG00000120306.nuc.ord.aln,ENSG00000120306.nuc.ord.tre,0.230084
ENSG00000120314.nuc.ord.aln,ENSG00000120314.nuc.ord.tre,0.280324
ENSG00000120318.nuc.ord.aln,ENSG00000120318.nuc.ord.tre,1.768740
ENSG00000120333.nuc.ord.aln,ENSG00000120333.nuc.ord.tre,0.245259
ENSG00000120334.nuc.ord.aln,ENSG00000120334.nuc.ord.tre,0.398947
ENSG00000120337.nuc.ord.aln,ENSG00000120337.nuc.ord.tre,0.279700
ENSG00000120341.nuc.ord.aln,ENSG00000120341.nuc.ord.tre,1.247602
ENSG00000120370.nuc.ord.aln,ENSG00000120370.nuc.ord.tre,0.433014
ENSG00000120436.nuc.ord.aln,ENSG00000120436.nuc.ord.tre,0.215393
ENSG00000120451.nuc.ord.aln,ENSG00000120451.nuc.ord.tre,1.030486
ENSG00000120457.nuc.ord.aln,ENSG00000120457.nuc.ord.tre,0.375641
ENSG00000120458.nuc.ord.aln,ENSG00000120458.nuc.ord.tre,0.539258
ENSG00000120498.nuc.ord.aln,ENSG00000120498.nuc.ord.tre,0.822080
ENSG00000120509.nuc.ord.aln,ENSG00000120509.nuc.ord.tre,0.322297
ENSG00000121073.nuc.ord.aln,ENSG00000121073.nuc.ord.tre,0.401031
ENSG00000121075.nuc.ord.aln,ENSG00000121075.nuc.ord.tre,0.508122
ENSG00000121101.nuc.ord.aln,ENSG00000121101.nuc.ord.tre,2.073794
ENSG00000121104.nuc.ord.aln,ENSG00000121104.nuc.ord.tre,0.381718
ENSG00000121152.nuc.ord.aln,ENSG00000121152.nuc.ord.tre,0.742115
ENSG00000121207.nuc.ord.aln,ENSG00000121207.nuc.ord.tre,0.328486
ENSG00000121210.nuc.ord.aln,ENSG00000121210.nuc.ord.tre,2.059742
ENSG00000121211.nuc.ord.aln,ENSG00000121211.nuc.ord.tre,0.293814
ENSG00000121281.nuc.ord.aln,ENSG00000121281.nuc.ord.tre,1.871183
ENSG00000121289.nuc.ord.aln,ENSG00000121289.nuc.ord.tre,0.817785
ENSG00000121297.nuc.ord.aln,ENSG00000121297.nuc.ord.tre,0.989083
ENSG00000121310.nuc.ord.aln,ENSG00000121310.nuc.ord.tre,0.307997
ENSG00000121316.nuc.ord.aln,ENSG00000121316.nuc.ord.tre,0.495278
ENSG00000121350.nuc.ord.aln,ENSG00000121350.nuc.ord.tre,0.451044
ENSG00000121361.nuc.ord.aln,ENSG00000121361.nuc.ord.tre,0.369870
ENSG00000121390.nuc.ord.aln,ENSG00000121390.nuc.ord.tre,0.480495
ENSG00000121440.nuc.ord.aln,ENSG00000121440.nuc.ord.tre,1.192810
ENSG00000121454.nuc.ord.aln,ENSG00000121454.nuc.ord.tre,0.411646
ENSG00000121481.nuc.ord.aln,ENSG00000121481.nuc.ord.tre,0.408575
ENSG00000121486.nuc.ord.aln,ENSG00000121486.nuc.ord.tre,0.695079
ENSG00000121542.nuc.ord.aln,ENSG00000121542.nuc.ord.tre,0.395927
ENSG00000121577.nuc.ord.aln,ENSG00000121577.nuc.ord.tre,0.411038
ENSG00000121578.nuc.ord.aln,ENSG00000121578.nuc.ord.tre,0.374767
ENSG00000121579.nuc.ord.aln,ENSG00000121579.nuc.ord.tre,0.274557
ENSG00000121594.nuc.ord.aln,ENSG00000121594.nuc.ord.tre,0.312360
ENSG00000121621.nuc.ord.aln,ENSG00000121621.nuc.ord.tre,0.915004
ENSG00000121644.nuc.ord.aln,ENSG00000121644.nuc.ord.tre,0.411600
ENSG00000121671.nuc.ord.aln,ENSG00000121671.nuc.ord.tre,0.577416
ENSG00000121680.nuc.ord.aln,ENSG00000121680.nuc.ord.tre,0.448263
ENSG00000121690.nuc.ord.aln,ENSG00000121690.nuc.ord.tre,0.624341
ENSG00000121741.nuc.ord.aln,ENSG00000121741.nuc.ord.tre,1.504158
ENSG00000121742.nuc.ord.aln,ENSG00000121742.nuc.ord.tre,0.259854
ENSG00000121749.nuc.ord.aln,ENSG00000121749.nuc.ord.tre,0.800069
ENSG00000121753.nuc.ord.aln,ENSG00000121753.nuc.ord.tre,2.581111
ENSG00000121764.nuc.ord.aln,ENSG00000121764.nuc.ord.tre,0.389253
ENSG00000121774.nuc.ord.aln,ENSG00000121774.nuc.ord.tre,0.414371
ENSG00000121775.nuc.ord.aln,ENSG00000121775.nuc.ord.tre,0.563384
ENSG00000121848.nuc.ord.aln,ENSG00000121848.nuc.ord.tre,0.407711
ENSG00000121851.nuc.ord.aln,ENSG00000121851.nuc.ord.tre,0.333712
ENSG00000121853.nuc.ord.aln,ENSG00000121853.nuc.ord.tre,0.354134
ENSG00000121858.nuc.ord.aln,ENSG00000121858.nuc.ord.tre,0.385067
ENSG00000121871.nuc.ord.aln,ENSG00000121871.nuc.ord.tre,0.765115
ENSG00000121879.nuc.ord.aln,ENSG00000121879.nuc.ord.tre,0.995318
ENSG00000121892.nuc.ord.aln,ENSG00000121892.nuc.ord.tre,1.497606
ENSG00000121895.nuc.ord.aln,ENSG00000121895.nuc.ord.tre,0.393178
ENSG00000121897.nuc.ord.aln,ENSG00000121897.nuc.ord.tre,0.387804
ENSG00000121898.nuc.ord.aln,ENSG00000121898.nuc.ord.tre,0.740608
ENSG00000121900.nuc.ord.aln,ENSG00000121900.nuc.ord.tre,0.362858
ENSG00000121904.nuc.ord.aln,ENSG00000121904.nuc.ord.tre,9.155710
ENSG00000121905.nuc.ord.aln,ENSG00000121905.nuc.ord.tre,0.333076
ENSG00000121931.nuc.ord.aln,ENSG00000121931.nuc.ord.tre,0.765863
ENSG00000121933.nuc.ord.aln,ENSG00000121933.nuc.ord.tre,0.413509
ENSG00000121940.nuc.ord.aln,ENSG00000121940.nuc.ord.tre,0.544344
ENSG00000121957.nuc.ord.aln,ENSG00000121957.nuc.ord.tre,0.580015
ENSG00000121966.nuc.ord.aln,ENSG00000121966.nuc.ord.tre,0.358354
ENSG00000121988.nuc.ord.aln,ENSG00000121988.nuc.ord.tre,1.140110
ENSG00000121989.nuc.ord.aln,ENSG00000121989.nuc.ord.tre,0.592889
ENSG00000122008.nuc.ord.aln,ENSG00000122008.nuc.ord.tre,1.049459
ENSG00000122012.nuc.ord.aln,ENSG00000122012.nuc.ord.tre,0.687100
ENSG00000122025.nuc.ord.aln,ENSG00000122025.nuc.ord.tre,1.107064
ENSG00000122033.nuc.ord.aln,ENSG00000122033.nuc.ord.tre,0.432184
ENSG00000122034.nuc.ord.aln,ENSG00000122034.nuc.ord.tre,0.456127
ENSG00000122035.nuc.ord.aln,ENSG00000122035.nuc.ord.tre,0.398499
ENSG00000122042.nuc.ord.aln,ENSG00000122042.nuc.ord.tre,0.277699
ENSG00000122068.nuc.ord.aln,ENSG00000122068.nuc.ord.tre,0.404526
ENSG00000122085.nuc.ord.aln,ENSG00000122085.nuc.ord.tre,0.329949
ENSG00000122121.nuc.ord.aln,ENSG00000122121.nuc.ord.tre,0.725936
ENSG00000122126.nuc.ord.aln,ENSG00000122126.nuc.ord.tre,0.867054
ENSG00000122140.nuc.ord.aln,ENSG00000122140.nuc.ord.tre,0.299011
ENSG00000122176.nuc.ord.aln,ENSG00000122176.nuc.ord.tre,0.362157
ENSG00000122180.nuc.ord.aln,ENSG00000122180.nuc.ord.tre,0.349571
ENSG00000122188.nuc.ord.aln,ENSG00000122188.nuc.ord.tre,0.472659
ENSG00000122194.nuc.ord.aln,ENSG00000122194.nuc.ord.tre,0.427771
ENSG00000122203.nuc.ord.aln,ENSG00000122203.nuc.ord.tre,0.381045
ENSG00000122218.nuc.ord.aln,ENSG00000122218.nuc.ord.tre,1.489768
ENSG00000122223.nuc.ord.aln,ENSG00000122223.nuc.ord.tre,0.382018
ENSG00000122254.nuc.ord.aln,ENSG00000122254.nuc.ord.tre,0.475435
ENSG00000122257.nuc.ord.aln,ENSG00000122257.nuc.ord.tre,2.320498
ENSG00000122299.nuc.ord.aln,ENSG00000122299.nuc.ord.tre,0.928097
ENSG00000122335.nuc.ord.aln,ENSG00000122335.nuc.ord.tre,0.612811
ENSG00000122378.nuc.ord.aln,ENSG00000122378.nuc.ord.tre,0.334728
ENSG00000122390.nuc.ord.aln,ENSG00000122390.nuc.ord.tre,0.340794
ENSG00000122417.nuc.ord.aln,ENSG00000122417.nuc.ord.tre,0.601591
ENSG00000122420.nuc.ord.aln,ENSG00000122420.nuc.ord.tre,0.394239
ENSG00000122432.nuc.ord.aln,ENSG00000122432.nuc.ord.tre,0.378767
ENSG00000122435.nuc.ord.aln,ENSG00000122435.nuc.ord.tre,0.454710
ENSG00000122477.nuc.ord.aln,ENSG00000122477.nuc.ord.tre,0.439359
ENSG00000122481.nuc.ord.aln,ENSG00000122481.nuc.ord.tre,0.351335
ENSG00000122482.nuc.ord.aln,ENSG00000122482.nuc.ord.tre,1.471370
ENSG00000122483.nuc.ord.aln,ENSG00000122483.nuc.ord.tre,1.740632
ENSG00000122484.nuc.ord.aln,ENSG00000122484.nuc.ord.tre,0.554514
ENSG00000122490.nuc.ord.aln,ENSG00000122490.nuc.ord.tre,0.296455
ENSG00000122507.nuc.ord.aln,ENSG00000122507.nuc.ord.tre,0.945554
ENSG00000122547.nuc.ord.aln,ENSG00000122547.nuc.ord.tre,0.535600
ENSG00000122550.nuc.ord.aln,ENSG00000122550.nuc.ord.tre,0.516531
ENSG00000122557.nuc.ord.aln,ENSG00000122557.nuc.ord.tre,0.406024
ENSG00000122584.nuc.ord.aln,ENSG00000122584.nuc.ord.tre,0.372949
ENSG00000122585.nuc.ord.aln,ENSG00000122585.nuc.ord.tre,0.225414
ENSG00000122591.nuc.ord.aln,ENSG00000122591.nuc.ord.tre,0.496025
ENSG00000122592.nuc.ord.aln,ENSG00000122592.nuc.ord.tre,0.303915
ENSG00000122643.nuc.ord.aln,ENSG00000122643.nuc.ord.tre,0.386856
ENSG00000122678.nuc.ord.aln,ENSG00000122678.nuc.ord.tre,0.940516
ENSG00000122679.nuc.ord.aln,ENSG00000122679.nuc.ord.tre,0.205667
ENSG00000122687.nuc.ord.aln,ENSG00000122687.nuc.ord.tre,0.326658
ENSG00000122691.nuc.ord.aln,ENSG00000122691.nuc.ord.tre,0.114850
ENSG00000122692.nuc.ord.aln,ENSG00000122692.nuc.ord.tre,0.372541
ENSG00000122694.nuc.ord.aln,ENSG00000122694.nuc.ord.tre,0.357058
ENSG00000122705.nuc.ord.aln,ENSG00000122705.nuc.ord.tre,0.424993
ENSG00000122707.nuc.ord.aln,ENSG00000122707.nuc.ord.tre,0.985646
ENSG00000122711.nuc.ord.aln,ENSG00000122711.nuc.ord.tre,0.302199
ENSG00000122729.nuc.ord.aln,ENSG00000122729.nuc.ord.tre,1.196859
ENSG00000122735.nuc.ord.aln,ENSG00000122735.nuc.ord.tre,0.548378
ENSG00000122741.nuc.ord.aln,ENSG00000122741.nuc.ord.tre,0.529710
ENSG00000122756.nuc.ord.aln,ENSG00000122756.nuc.ord.tre,0.340532
ENSG00000122778.nuc.ord.aln,ENSG00000122778.nuc.ord.tre,2.679863
ENSG00000122779.nuc.ord.aln,ENSG00000122779.nuc.ord.tre,1.111923
ENSG00000122783.nuc.ord.aln,ENSG00000122783.nuc.ord.tre,0.248334
ENSG00000122786.nuc.ord.aln,ENSG00000122786.nuc.ord.tre,0.913739
ENSG00000122787.nuc.ord.aln,ENSG00000122787.nuc.ord.tre,0.369307
ENSG00000122859.nuc.ord.aln,ENSG00000122859.nuc.ord.tre,0.170867
ENSG00000122861.nuc.ord.aln,ENSG00000122861.nuc.ord.tre,0.410950
ENSG00000122862.nuc.ord.aln,ENSG00000122862.nuc.ord.tre,0.283833
ENSG00000122863.nuc.ord.aln,ENSG00000122863.nuc.ord.tre,0.372225
ENSG00000122870.nuc.ord.aln,ENSG00000122870.nuc.ord.tre,1.015112
ENSG00000122873.nuc.ord.aln,ENSG00000122873.nuc.ord.tre,0.244042
ENSG00000122877.nuc.ord.aln,ENSG00000122877.nuc.ord.tre,0.372933
ENSG00000122882.nuc.ord.aln,ENSG00000122882.nuc.ord.tre,0.749863
ENSG00000122884.nuc.ord.aln,ENSG00000122884.nuc.ord.tre,0.461639
ENSG00000122912.nuc.ord.aln,ENSG00000122912.nuc.ord.tre,0.435683
ENSG00000122958.nuc.ord.aln,ENSG00000122958.nuc.ord.tre,0.253386
ENSG00000122965.nuc.ord.aln,ENSG00000122965.nuc.ord.tre,0.900120
ENSG00000122966.nuc.ord.aln,ENSG00000122966.nuc.ord.tre,2.276807
ENSG00000122970.nuc.ord.aln,ENSG00000122970.nuc.ord.tre,0.733854
ENSG00000122986.nuc.ord.aln,ENSG00000122986.nuc.ord.tre,0.335530
ENSG00000123064.nuc.ord.aln,ENSG00000123064.nuc.ord.tre,0.831634
ENSG00000123066.nuc.ord.aln,ENSG00000123066.nuc.ord.tre,3.499032
ENSG00000123080.nuc.ord.aln,ENSG00000123080.nuc.ord.tre,0.290144
ENSG00000123091.nuc.ord.aln,ENSG00000123091.nuc.ord.tre,0.201781
ENSG00000123094.nuc.ord.aln,ENSG00000123094.nuc.ord.tre,0.397577
ENSG00000123096.nuc.ord.aln,ENSG00000123096.nuc.ord.tre,0.319953
ENSG00000123104.nuc.ord.aln,ENSG00000123104.nuc.ord.tre,4.080068
ENSG00000123106.nuc.ord.aln,ENSG00000123106.nuc.ord.tre,0.509126
ENSG00000123119.nuc.ord.aln,ENSG00000123119.nuc.ord.tre,0.374061
ENSG00000123124.nuc.ord.aln,ENSG00000123124.nuc.ord.tre,0.899915
ENSG00000123146.nuc.ord.aln,ENSG00000123146.nuc.ord.tre,0.775711
ENSG00000123154.nuc.ord.aln,ENSG00000123154.nuc.ord.tre,0.350840
ENSG00000123191.nuc.ord.aln,ENSG00000123191.nuc.ord.tre,2.169168
ENSG00000123200.nuc.ord.aln,ENSG00000123200.nuc.ord.tre,2.225601
ENSG00000123201.nuc.ord.aln,ENSG00000123201.nuc.ord.tre,0.849180
ENSG00000123213.nuc.ord.aln,ENSG00000123213.nuc.ord.tre,0.614912
ENSG00000123219.nuc.ord.aln,ENSG00000123219.nuc.ord.tre,0.435279
ENSG00000123240.nuc.ord.aln,ENSG00000123240.nuc.ord.tre,0.530740
ENSG00000123243.nuc.ord.aln,ENSG00000123243.nuc.ord.tre,1.007982
ENSG00000123297.nuc.ord.aln,ENSG00000123297.nuc.ord.tre,0.345700
ENSG00000123307.nuc.ord.aln,ENSG00000123307.nuc.ord.tre,0.289094
ENSG00000123329.nuc.ord.aln,ENSG00000123329.nuc.ord.tre,0.710542
ENSG00000128641.nuc.ord.aln,ENSG00000128641.nuc.ord.tre,1.387697
ENSG00000128645.nuc.ord.aln,ENSG00000128645.nuc.ord.tre,0.296801
ENSG00000128654.nuc.ord.aln,ENSG00000128654.nuc.ord.tre,0.325448
ENSG00000128655.nuc.ord.aln,ENSG00000128655.nuc.ord.tre,0.931878
ENSG00000128656.nuc.ord.aln,ENSG00000128656.nuc.ord.tre,0.408335
ENSG00000128683.nuc.ord.aln,ENSG00000128683.nuc.ord.tre,0.536782
ENSG00000128694.nuc.ord.aln,ENSG00000128694.nuc.ord.tre,0.431516
ENSG00000128708.nuc.ord.aln,ENSG00000128708.nuc.ord.tre,0.470374
ENSG00000128710.nuc.ord.aln,ENSG00000128710.nuc.ord.tre,0.411831
ENSG00000128714.nuc.ord.aln,ENSG00000128714.nuc.ord.tre,0.310395
ENSG00000128731.nuc.ord.aln,ENSG00000128731.nuc.ord.tre,15.933661
ENSG00000128739.nuc.ord.aln,ENSG00000128739.nuc.ord.tre,0.247108
ENSG00000128789.nuc.ord.aln,ENSG00000128789.nuc.ord.tre,0.333613
ENSG00000128791.nuc.ord.aln,ENSG00000128791.nuc.ord.tre,0.331177
ENSG00000128802.nuc.ord.aln,ENSG00000128802.nuc.ord.tre,0.364477
ENSG00000128805.nuc.ord.aln,ENSG00000128805.nuc.ord.tre,0.780277
ENSG00000128815.nuc.ord.aln,ENSG00000128815.nuc.ord.tre,6.738374
ENSG00000128829.nuc.ord.aln,ENSG00000128829.nuc.ord.tre,2.050695
ENSG00000128833.nuc.ord.aln,ENSG00000128833.nuc.ord.tre,2.621021
ENSG00000128845.nuc.ord.aln,ENSG00000128845.nuc.ord.tre,0.295134
ENSG00000128849.nuc.ord.aln,ENSG00000128849.nuc.ord.tre,0.910935
ENSG00000128872.nuc.ord.aln,ENSG00000128872.nuc.ord.tre,0.408322
ENSG00000128881.nuc.ord.aln,ENSG00000128881.nuc.ord.tre,3.268907
ENSG00000128886.nuc.ord.aln,ENSG00000128886.nuc.ord.tre,0.491989
ENSG00000128891.nuc.ord.aln,ENSG00000128891.nuc.ord.tre,0.301056
ENSG00000128908.nuc.ord.aln,ENSG00000128908.nuc.ord.tre,1.693063
ENSG00000128915.nuc.ord.aln,ENSG00000128915.nuc.ord.tre,1.027586
ENSG00000128918.nuc.ord.aln,ENSG00000128918.nuc.ord.tre,0.466068
ENSG00000128923.nuc.ord.aln,ENSG00000128923.nuc.ord.tre,0.603137
ENSG00000128928.nuc.ord.aln,ENSG00000128928.nuc.ord.tre,0.532054
ENSG00000128944.nuc.ord.aln,ENSG00000128944.nuc.ord.tre,0.348534
ENSG00000128965.nuc.ord.aln,ENSG00000128965.nuc.ord.tre,0.302145
ENSG00000128973.nuc.ord.aln,ENSG00000128973.nuc.ord.tre,0.357340
ENSG00000129003.nuc.ord.aln,ENSG00000129003.nuc.ord.tre,8.607117
ENSG00000129007.nuc.ord.aln,ENSG00000129007.nuc.ord.tre,0.261795
ENSG00000129071.nuc.ord.aln,ENSG00000129071.nuc.ord.tre,0.517091
ENSG00000129083.nuc.ord.aln,ENSG00000129083.nuc.ord.tre,0.915780
ENSG00000129084.nuc.ord.aln,ENSG00000129084.nuc.ord.tre,0.337927
ENSG00000129116.nuc.ord.aln,ENSG00000129116.nuc.ord.tre,1.792330
ENSG00000129128.nuc.ord.aln,ENSG00000129128.nuc.ord.tre,0.272219
ENSG00000129151.nuc.ord.aln,ENSG00000129151.nuc.ord.tre,0.394833
ENSG00000129152.nuc.ord.aln,ENSG00000129152.nuc.ord.tre,0.311645
ENSG00000129158.nuc.ord.aln,ENSG00000129158.nuc.ord.tre,0.470511
ENSG00000129159.nuc.ord.aln,ENSG00000129159.nuc.ord.tre,0.520832
ENSG00000123338.nuc.ord.aln,ENSG00000123338.nuc.ord.tre,1.309860
ENSG00000123342.nuc.ord.aln,ENSG00000123342.nuc.ord.tre,0.620925
ENSG00000123349.nuc.ord.aln,ENSG00000123349.nuc.ord.tre,0.238162
ENSG00000123352.nuc.ord.aln,ENSG00000123352.nuc.ord.tre,0.454544
ENSG00000123353.nuc.ord.aln,ENSG00000123353.nuc.ord.tre,0.244106
ENSG00000123358.nuc.ord.aln,ENSG00000123358.nuc.ord.tre,0.472058
ENSG00000123360.nuc.ord.aln,ENSG00000123360.nuc.ord.tre,0.385433
ENSG00000123395.nuc.ord.aln,ENSG00000123395.nuc.ord.tre,0.262585
ENSG00000123405.nuc.ord.aln,ENSG00000123405.nuc.ord.tre,0.347415
ENSG00000123411.nuc.ord.aln,ENSG00000123411.nuc.ord.tre,0.479744
ENSG00000123415.nuc.ord.aln,ENSG00000123415.nuc.ord.tre,0.299035
ENSG00000123427.nuc.ord.aln,ENSG00000123427.nuc.ord.tre,0.247578
ENSG00000123444.nuc.ord.aln,ENSG00000123444.nuc.ord.tre,0.468471
ENSG00000123472.nuc.ord.aln,ENSG00000123472.nuc.ord.tre,0.411139
ENSG00000123473.nuc.ord.aln,ENSG00000123473.nuc.ord.tre,1.531046
ENSG00000123496.nuc.ord.aln,ENSG00000123496.nuc.ord.tre,0.393927
ENSG00000123500.nuc.ord.aln,ENSG00000123500.nuc.ord.tre,0.528342
ENSG00000123545.nuc.ord.aln,ENSG00000123545.nuc.ord.tre,0.261433
ENSG00000123552.nuc.ord.aln,ENSG00000123552.nuc.ord.tre,0.951531
ENSG00000123560.nuc.ord.aln,ENSG00000123560.nuc.ord.tre,0.359946
ENSG00000123562.nuc.ord.aln,ENSG00000123562.nuc.ord.tre,0.274497
ENSG00000123570.nuc.ord.aln,ENSG00000123570.nuc.ord.tre,0.277756
ENSG00000123575.nuc.ord.aln,ENSG00000123575.nuc.ord.tre,0.359807
ENSG00000125868.nuc.ord.aln,ENSG00000125868.nuc.ord.tre,0.275044
ENSG00000125869.nuc.ord.aln,ENSG00000125869.nuc.ord.tre,0.345136
ENSG00000125871.nuc.ord.aln,ENSG00000125871.nuc.ord.tre,0.425095
ENSG00000125872.nuc.ord.aln,ENSG00000125872.nuc.ord.tre,0.603359
ENSG00000125875.nuc.ord.aln,ENSG00000125875.nuc.ord.tre,0.490662
ENSG00000125877.nuc.ord.aln,ENSG00000125877.nuc.ord.tre,0.345289
ENSG00000125879.nuc.ord.aln,ENSG00000125879.nuc.ord.tre,0.303474
ENSG00000125885.nuc.ord.aln,ENSG00000125885.nuc.ord.tre,1.033501
ENSG00000125901.nuc.ord.aln,ENSG00000125901.nuc.ord.tre,0.238299
ENSG00000125910.nuc.ord.aln,ENSG00000125910.nuc.ord.tre,0.257518
ENSG00000125912.nuc.ord.aln,ENSG00000125912.nuc.ord.tre,0.336241
ENSG00000125931.nuc.ord.aln,ENSG00000125931.nuc.ord.tre,0.320827
ENSG00000125944.nuc.ord.aln,ENSG00000125944.nuc.ord.tre,0.466628
ENSG00000125945.nuc.ord.aln,ENSG00000125945.nuc.ord.tre,0.432450
ENSG00000125952.nuc.ord.aln,ENSG00000125952.nuc.ord.tre,0.413587
ENSG00000125954.nuc.ord.aln,ENSG00000125954.nuc.ord.tre,0.486711
ENSG00000125965.nuc.ord.aln,ENSG00000125965.nuc.ord.tre,0.324304
ENSG00000125966.nuc.ord.aln,ENSG00000125966.nuc.ord.tre,0.508531
ENSG00000125967.nuc.ord.aln,ENSG00000125967.nuc.ord.tre,0.360504
ENSG00000125968.nuc.ord.aln,ENSG00000125968.nuc.ord.tre,0.249390
ENSG00000125970.nuc.ord.aln,ENSG00000125970.nuc.ord.tre,0.290059
ENSG00000125999.nuc.ord.aln,ENSG00000125999.nuc.ord.tre,0.422447
ENSG00000126001.nuc.ord.aln,ENSG00000126001.nuc.ord.tre,4.662893
ENSG00000126003.nuc.ord.aln,ENSG00000126003.nuc.ord.tre,0.422939
ENSG00000126010.nuc.ord.aln,ENSG00000126010.nuc.ord.tre,0.424162
ENSG00000126016.nuc.ord.aln,ENSG00000126016.nuc.ord.tre,1.469150
ENSG00000126062.nuc.ord.aln,ENSG00000126062.nuc.ord.tre,0.361913
ENSG00000126067.nuc.ord.aln,ENSG00000126067.nuc.ord.tre,0.573434
ENSG00000126070.nuc.ord.aln,ENSG00000126070.nuc.ord.tre,0.734816
ENSG00000126088.nuc.ord.aln,ENSG00000126088.nuc.ord.tre,0.377890
ENSG00000126091.nuc.ord.aln,ENSG00000126091.nuc.ord.tre,0.508546
ENSG00000126106.nuc.ord.aln,ENSG00000126106.nuc.ord.tre,0.321896
ENSG00000126214.nuc.ord.aln,ENSG00000126214.nuc.ord.tre,1.116155
ENSG00000126216.nuc.ord.aln,ENSG00000126216.nuc.ord.tre,0.826272
ENSG00000126217.nuc.ord.aln,ENSG00000126217.nuc.ord.tre,1.285518
ENSG00000126218.nuc.ord.aln,ENSG00000126218.nuc.ord.tre,0.379416
ENSG00000126226.nuc.ord.aln,ENSG00000126226.nuc.ord.tre,0.380461
ENSG00000126231.nuc.ord.aln,ENSG00000126231.nuc.ord.tre,0.251187
ENSG00000126247.nuc.ord.aln,ENSG00000126247.nuc.ord.tre,0.364176
ENSG00000126249.nuc.ord.aln,ENSG00000126249.nuc.ord.tre,0.389148
ENSG00000126259.nuc.ord.aln,ENSG00000126259.nuc.ord.tre,0.589270
ENSG00000126261.nuc.ord.aln,ENSG00000126261.nuc.ord.tre,0.523929
ENSG00000126264.nuc.ord.aln,ENSG00000126264.nuc.ord.tre,0.178946
ENSG00000126267.nuc.ord.aln,ENSG00000126267.nuc.ord.tre,0.194629
ENSG00000126337.nuc.ord.aln,ENSG00000126337.nuc.ord.tre,0.387057
ENSG00000126351.nuc.ord.aln,ENSG00000126351.nuc.ord.tre,0.556120
ENSG00000126353.nuc.ord.aln,ENSG00000126353.nuc.ord.tre,0.299464
ENSG00000126391.nuc.ord.aln,ENSG00000126391.nuc.ord.tre,0.340415
ENSG00000126432.nuc.ord.aln,ENSG00000126432.nuc.ord.tre,0.247385
ENSG00000126467.nuc.ord.aln,ENSG00000126467.nuc.ord.tre,0.603415
ENSG00000126524.nuc.ord.aln,ENSG00000126524.nuc.ord.tre,0.386688
ENSG00000126561.nuc.ord.aln,ENSG00000126561.nuc.ord.tre,0.649682
ENSG00000126562.nuc.ord.aln,ENSG00000126562.nuc.ord.tre,2.111374
ENSG00000126581.nuc.ord.aln,ENSG00000126581.nuc.ord.tre,0.421144
ENSG00000126583.nuc.ord.aln,ENSG00000126583.nuc.ord.tre,0.583294
ENSG00000126602.nuc.ord.aln,ENSG00000126602.nuc.ord.tre,0.674506
ENSG00000126603.nuc.ord.aln,ENSG00000126603.nuc.ord.tre,0.456208
ENSG00000126653.nuc.ord.aln,ENSG00000126653.nuc.ord.tre,0.516969
ENSG00000126698.nuc.ord.aln,ENSG00000126698.nuc.ord.tre,0.366891
ENSG00000126733.nuc.ord.aln,ENSG00000126733.nuc.ord.tre,0.543088
ENSG00000126746.nuc.ord.aln,ENSG00000126746.nuc.ord.tre,0.713784
ENSG00000126749.nuc.ord.aln,ENSG00000126749.nuc.ord.tre,0.304509
ENSG00000126756.nuc.ord.aln,ENSG00000126756.nuc.ord.tre,0.270413
ENSG00000128573.nuc.ord.aln,ENSG00000128573.nuc.ord.tre,0.861450
ENSG00000128578.nuc.ord.aln,ENSG00000128578.nuc.ord.tre,1.188984
ENSG00000128581.nuc.ord.aln,ENSG00000128581.nuc.ord.tre,0.304428
ENSG00000128585.nuc.ord.aln,ENSG00000128585.nuc.ord.tre,0.720335
ENSG00000128591.nuc.ord.aln,ENSG00000128591.nuc.ord.tre,4.878633
ENSG00000128594.nuc.ord.aln,ENSG00000128594.nuc.ord.tre,0.288788
ENSG00000128595.nuc.ord.aln,ENSG00000128595.nuc.ord.tre,0.351735
ENSG00000128596.nuc.ord.aln,ENSG00000128596.nuc.ord.tre,2.088782
ENSG00000128602.nuc.ord.aln,ENSG00000128602.nuc.ord.tre,0.766840
ENSG00000128604.nuc.ord.aln,ENSG00000128604.nuc.ord.tre,0.406650
ENSG00000128606.nuc.ord.aln,ENSG00000128606.nuc.ord.tre,0.382684
ENSG00000128607.nuc.ord.aln,ENSG00000128607.nuc.ord.tre,0.444233
ENSG00000128617.nuc.ord.aln,ENSG00000128617.nuc.ord.tre,0.356588
ENSG00000128626.nuc.ord.aln,ENSG00000128626.nuc.ord.tre,0.255929
ENSG00000123600.nuc.ord.aln,ENSG00000123600.nuc.ord.tre,0.441697
ENSG00000123607.nuc.ord.aln,ENSG00000123607.nuc.ord.tre,1.409266
ENSG00000123609.nuc.ord.aln,ENSG00000123609.nuc.ord.tre,0.320824
ENSG00000123610.nuc.ord.aln,ENSG00000123610.nuc.ord.tre,0.326841
ENSG00000123612.nuc.ord.aln,ENSG00000123612.nuc.ord.tre,0.486695
ENSG00000123684.nuc.ord.aln,ENSG00000123684.nuc.ord.tre,0.486623
ENSG00000123685.nuc.ord.aln,ENSG00000123685.nuc.ord.tre,0.254189
ENSG00000123700.nuc.ord.aln,ENSG00000123700.nuc.ord.tre,0.366289
ENSG00000123728.nuc.ord.aln,ENSG00000123728.nuc.ord.tre,0.354713
ENSG00000123737.nuc.ord.aln,ENSG00000123737.nuc.ord.tre,0.460418
ENSG00000123739.nuc.ord.aln,ENSG00000123739.nuc.ord.tre,0.312624
ENSG00000123810.nuc.ord.aln,ENSG00000123810.nuc.ord.tre,0.192913
ENSG00000123815.nuc.ord.aln,ENSG00000123815.nuc.ord.tre,0.465057
ENSG00000123836.nuc.ord.aln,ENSG00000123836.nuc.ord.tre,0.612678
ENSG00000123838.nuc.ord.aln,ENSG00000123838.nuc.ord.tre,0.334940
ENSG00000123892.nuc.ord.aln,ENSG00000123892.nuc.ord.tre,0.340032
ENSG00000124795.nuc.ord.aln,ENSG00000124795.nuc.ord.tre,0.424016
ENSG00000124802.nuc.ord.aln,ENSG00000124802.nuc.ord.tre,0.300425
ENSG00000124812.nuc.ord.aln,ENSG00000124812.nuc.ord.tre,0.293132
ENSG00000124813.nuc.ord.aln,ENSG00000124813.nuc.ord.tre,0.565493
ENSG00000124818.nuc.ord.aln,ENSG00000124818.nuc.ord.tre,0.605366
ENSG00000124827.nuc.ord.aln,ENSG00000124827.nuc.ord.tre,0.417468
ENSG00000124831.nuc.ord.aln,ENSG00000124831.nuc.ord.tre,1.396716
ENSG00000124882.nuc.ord.aln,ENSG00000124882.nuc.ord.tre,0.290462
ENSG00000124920.nuc.ord.aln,ENSG00000124920.nuc.ord.tre,1.168628
ENSG00000125037.nuc.ord.aln,ENSG00000125037.nuc.ord.tre,0.390819
ENSG00000125046.nuc.ord.aln,ENSG00000125046.nuc.ord.tre,0.353280
ENSG00000125084.nuc.ord.aln,ENSG00000125084.nuc.ord.tre,0.296035
ENSG00000125107.nuc.ord.aln,ENSG00000125107.nuc.ord.tre,4.197898
ENSG00000125124.nuc.ord.aln,ENSG00000125124.nuc.ord.tre,0.679447
ENSG00000125149.nuc.ord.aln,ENSG00000125149.nuc.ord.tre,0.511382
ENSG00000125166.nuc.ord.aln,ENSG00000125166.nuc.ord.tre,0.410883
ENSG00000125170.nuc.ord.aln,ENSG00000125170.nuc.ord.tre,0.228991
ENSG00000125207.nuc.ord.aln,ENSG00000125207.nuc.ord.tre,0.816189
ENSG00000125245.nuc.ord.aln,ENSG00000125245.nuc.ord.tre,0.321902
ENSG00000125246.nuc.ord.aln,ENSG00000125246.nuc.ord.tre,0.529996
ENSG00000125247.nuc.ord.aln,ENSG00000125247.nuc.ord.tre,0.635447
ENSG00000125255.nuc.ord.aln,ENSG00000125255.nuc.ord.tre,0.406306
ENSG00000125266.nuc.ord.aln,ENSG00000125266.nuc.ord.tre,0.428731
ENSG00000125304.nuc.ord.aln,ENSG00000125304.nuc.ord.tre,0.705742
ENSG00000125319.nuc.ord.aln,ENSG00000125319.nuc.ord.tre,0.788414
ENSG00000125347.nuc.ord.aln,ENSG00000125347.nuc.ord.tre,0.383587
ENSG00000125351.nuc.ord.aln,ENSG00000125351.nuc.ord.tre,0.397538
ENSG00000125354.nuc.ord.aln,ENSG00000125354.nuc.ord.tre,0.518702
ENSG00000125355.nuc.ord.aln,ENSG00000125355.nuc.ord.tre,0.412368
ENSG00000125356.nuc.ord.aln,ENSG00000125356.nuc.ord.tre,0.198719
ENSG00000125375.nuc.ord.aln,ENSG00000125375.nuc.ord.tre,0.365685
ENSG00000125378.nuc.ord.aln,ENSG00000125378.nuc.ord.tre,0.359556
ENSG00000125384.nuc.ord.aln,ENSG00000125384.nuc.ord.tre,0.293026
ENSG00000125386.nuc.ord.aln,ENSG00000125386.nuc.ord.tre,1.770917
ENSG00000125388.nuc.ord.aln,ENSG00000125388.nuc.ord.tre,0.785308
ENSG00000125409.nuc.ord.aln,ENSG00000125409.nuc.ord.tre,0.400744
ENSG00000125445.nuc.ord.aln,ENSG00000125445.nuc.ord.tre,0.419600
ENSG00000125447.nuc.ord.aln,ENSG00000125447.nuc.ord.tre,0.581508
ENSG00000125450.nuc.ord.aln,ENSG00000125450.nuc.ord.tre,0.654814
ENSG00000125454.nuc.ord.aln,ENSG00000125454.nuc.ord.tre,0.333078
ENSG00000125457.nuc.ord.aln,ENSG00000125457.nuc.ord.tre,0.437497
ENSG00000125485.nuc.ord.aln,ENSG00000125485.nuc.ord.tre,1.109721
ENSG00000125492.nuc.ord.aln,ENSG00000125492.nuc.ord.tre,0.267331
ENSG00000125510.nuc.ord.aln,ENSG00000125510.nuc.ord.tre,0.284640
ENSG00000125538.nuc.ord.aln,ENSG00000125538.nuc.ord.tre,0.343280
ENSG00000125611.nuc.ord.aln,ENSG00000125611.nuc.ord.tre,0.253895
ENSG00000125629.nuc.ord.aln,ENSG00000125629.nuc.ord.tre,0.314922
ENSG00000125630.nuc.ord.aln,ENSG00000125630.nuc.ord.tre,1.152117
ENSG00000125633.nuc.ord.aln,ENSG00000125633.nuc.ord.tre,0.541190
ENSG00000125652.nuc.ord.aln,ENSG00000125652.nuc.ord.tre,0.245147
ENSG00000125656.nuc.ord.aln,ENSG00000125656.nuc.ord.tre,0.280098
ENSG00000125675.nuc.ord.aln,ENSG00000125675.nuc.ord.tre,0.860304
ENSG00000125676.nuc.ord.aln,ENSG00000125676.nuc.ord.tre,1.183521
ENSG00000125686.nuc.ord.aln,ENSG00000125686.nuc.ord.tre,2.332937
ENSG00000125695.nuc.ord.aln,ENSG00000125695.nuc.ord.tre,0.403390
ENSG00000125730.nuc.ord.aln,ENSG00000125730.nuc.ord.tre,2.332467
ENSG00000125733.nuc.ord.aln,ENSG00000125733.nuc.ord.tre,0.454907
ENSG00000125735.nuc.ord.aln,ENSG00000125735.nuc.ord.tre,0.252603
ENSG00000125740.nuc.ord.aln,ENSG00000125740.nuc.ord.tre,0.315661
ENSG00000125743.nuc.ord.aln,ENSG00000125743.nuc.ord.tre,0.169851
ENSG00000125753.nuc.ord.aln,ENSG00000125753.nuc.ord.tre,0.337412
ENSG00000125755.nuc.ord.aln,ENSG00000125755.nuc.ord.tre,1.267425
ENSG00000125772.nuc.ord.aln,ENSG00000125772.nuc.ord.tre,0.707760
ENSG00000125775.nuc.ord.aln,ENSG00000125775.nuc.ord.tre,0.326210
ENSG00000125779.nuc.ord.aln,ENSG00000125779.nuc.ord.tre,0.540884
ENSG00000125780.nuc.ord.aln,ENSG00000125780.nuc.ord.tre,0.563085
ENSG00000125810.nuc.ord.aln,ENSG00000125810.nuc.ord.tre,0.538434
ENSG00000125812.nuc.ord.aln,ENSG00000125812.nuc.ord.tre,0.481191
ENSG00000125813.nuc.ord.aln,ENSG00000125813.nuc.ord.tre,0.583174
ENSG00000125814.nuc.ord.aln,ENSG00000125814.nuc.ord.tre,0.373893
ENSG00000125818.nuc.ord.aln,ENSG00000125818.nuc.ord.tre,0.484970
ENSG00000125821.nuc.ord.aln,ENSG00000125821.nuc.ord.tre,0.314015
ENSG00000125826.nuc.ord.aln,ENSG00000125826.nuc.ord.tre,0.397427
ENSG00000125827.nuc.ord.aln,ENSG00000125827.nuc.ord.tre,0.398833
ENSG00000125834.nuc.ord.aln,ENSG00000125834.nuc.ord.tre,0.474145
ENSG00000125841.nuc.ord.aln,ENSG00000125841.nuc.ord.tre,0.231786
ENSG00000125843.nuc.ord.aln,ENSG00000125843.nuc.ord.tre,0.325933
ENSG00000125844.nuc.ord.aln,ENSG00000125844.nuc.ord.tre,2.614334
ENSG00000125845.nuc.ord.aln,ENSG00000125845.nuc.ord.tre,0.369588
ENSG00000125850.nuc.ord.aln,ENSG00000125850.nuc.ord.tre,0.353768
ENSG00000125851.nuc.ord.aln,ENSG00000125851.nuc.ord.tre,0.575853
ENSG00000125861.nuc.ord.aln,ENSG00000125861.nuc.ord.tre,0.389105
ENSG00000125863.nuc.ord.aln,ENSG00000125863.nuc.ord.tre,0.493896
ENSG00000125864.nuc.ord.aln,ENSG00000125864.nuc.ord.tre,0.717147
ENSG00000123901.nuc.ord.aln,ENSG00000123901.nuc.ord.tre,0.497387
ENSG00000123908.nuc.ord.aln,ENSG00000123908.nuc.ord.tre,0.990366
ENSG00000123933.nuc.ord.aln,ENSG00000123933.nuc.ord.tre,0.275312
ENSG00000123977.nuc.ord.aln,ENSG00000123977.nuc.ord.tre,0.413312
ENSG00000123983.nuc.ord.aln,ENSG00000123983.nuc.ord.tre,0.625203
ENSG00000123989.nuc.ord.aln,ENSG00000123989.nuc.ord.tre,0.541602
ENSG00000123992.nuc.ord.aln,ENSG00000123992.nuc.ord.tre,0.418764
ENSG00000123999.nuc.ord.aln,ENSG00000123999.nuc.ord.tre,0.349977
ENSG00000124003.nuc.ord.aln,ENSG00000124003.nuc.ord.tre,0.352629
ENSG00000124019.nuc.ord.aln,ENSG00000124019.nuc.ord.tre,0.571019
ENSG00000124067.nuc.ord.aln,ENSG00000124067.nuc.ord.tre,1.107099
ENSG00000124089.nuc.ord.aln,ENSG00000124089.nuc.ord.tre,0.217821
ENSG00000124091.nuc.ord.aln,ENSG00000124091.nuc.ord.tre,0.409746
ENSG00000124092.nuc.ord.aln,ENSG00000124092.nuc.ord.tre,0.708790
ENSG00000124098.nuc.ord.aln,ENSG00000124098.nuc.ord.tre,0.292514
ENSG00000124104.nuc.ord.aln,ENSG00000124104.nuc.ord.tre,0.307548
ENSG00000124120.nuc.ord.aln,ENSG00000124120.nuc.ord.tre,0.408820
ENSG00000124126.nuc.ord.aln,ENSG00000124126.nuc.ord.tre,2.247711
ENSG00000124134.nuc.ord.aln,ENSG00000124134.nuc.ord.tre,0.509425
ENSG00000124140.nuc.ord.aln,ENSG00000124140.nuc.ord.tre,1.582751
ENSG00000124143.nuc.ord.aln,ENSG00000124143.nuc.ord.tre,0.446896
ENSG00000124145.nuc.ord.aln,ENSG00000124145.nuc.ord.tre,0.303739
ENSG00000124155.nuc.ord.aln,ENSG00000124155.nuc.ord.tre,0.513594
ENSG00000124160.nuc.ord.aln,ENSG00000124160.nuc.ord.tre,0.551450
ENSG00000124164.nuc.ord.aln,ENSG00000124164.nuc.ord.tre,0.329886
ENSG00000124171.nuc.ord.aln,ENSG00000124171.nuc.ord.tre,0.344493
ENSG00000124177.nuc.ord.aln,ENSG00000124177.nuc.ord.tre,5.409607
ENSG00000124181.nuc.ord.aln,ENSG00000124181.nuc.ord.tre,1.737020
ENSG00000124191.nuc.ord.aln,ENSG00000124191.nuc.ord.tre,0.604627
ENSG00000124193.nuc.ord.aln,ENSG00000124193.nuc.ord.tre,0.426127
ENSG00000124198.nuc.ord.aln,ENSG00000124198.nuc.ord.tre,2.909250
ENSG00000124201.nuc.ord.aln,ENSG00000124201.nuc.ord.tre,3.006075
ENSG00000124203.nuc.ord.aln,ENSG00000124203.nuc.ord.tre,2.300334
ENSG00000124205.nuc.ord.aln,ENSG00000124205.nuc.ord.tre,0.295405
ENSG00000124207.nuc.ord.aln,ENSG00000124207.nuc.ord.tre,0.892660
ENSG00000124209.nuc.ord.aln,ENSG00000124209.nuc.ord.tre,0.350720
ENSG00000124212.nuc.ord.aln,ENSG00000124212.nuc.ord.tre,0.468052
ENSG00000124214.nuc.ord.aln,ENSG00000124214.nuc.ord.tre,0.456284
ENSG00000124215.nuc.ord.aln,ENSG00000124215.nuc.ord.tre,0.665157
ENSG00000124222.nuc.ord.aln,ENSG00000124222.nuc.ord.tre,0.399655
ENSG00000124225.nuc.ord.aln,ENSG00000124225.nuc.ord.tre,0.372072
ENSG00000124226.nuc.ord.aln,ENSG00000124226.nuc.ord.tre,0.346390
ENSG00000124228.nuc.ord.aln,ENSG00000124228.nuc.ord.tre,0.815265
ENSG00000124232.nuc.ord.aln,ENSG00000124232.nuc.ord.tre,0.490636
ENSG00000124237.nuc.ord.aln,ENSG00000124237.nuc.ord.tre,0.262295
ENSG00000124249.nuc.ord.aln,ENSG00000124249.nuc.ord.tre,0.211262
ENSG00000124251.nuc.ord.aln,ENSG00000124251.nuc.ord.tre,0.372200
ENSG00000124253.nuc.ord.aln,ENSG00000124253.nuc.ord.tre,0.501594
ENSG00000124275.nuc.ord.aln,ENSG00000124275.nuc.ord.tre,0.927657
ENSG00000124279.nuc.ord.aln,ENSG00000124279.nuc.ord.tre,0.552617
ENSG00000124299.nuc.ord.aln,ENSG00000124299.nuc.ord.tre,0.438511
ENSG00000124302.nuc.ord.aln,ENSG00000124302.nuc.ord.tre,0.331078
ENSG00000124356.nuc.ord.aln,ENSG00000124356.nuc.ord.tre,0.351835
ENSG00000124357.nuc.ord.aln,ENSG00000124357.nuc.ord.tre,0.398132
ENSG00000124370.nuc.ord.aln,ENSG00000124370.nuc.ord.tre,0.259410
ENSG00000124374.nuc.ord.aln,ENSG00000124374.nuc.ord.tre,0.253520
ENSG00000124380.nuc.ord.aln,ENSG00000124380.nuc.ord.tre,0.292010
ENSG00000124406.nuc.ord.aln,ENSG00000124406.nuc.ord.tre,1.219239
ENSG00000124422.nuc.ord.aln,ENSG00000124422.nuc.ord.tre,0.504323
ENSG00000124429.nuc.ord.aln,ENSG00000124429.nuc.ord.tre,0.507489
ENSG00000124440.nuc.ord.aln,ENSG00000124440.nuc.ord.tre,0.599220
ENSG00000124455.nuc.ord.aln,ENSG00000124455.nuc.ord.tre,0.364448
ENSG00000124466.nuc.ord.aln,ENSG00000124466.nuc.ord.tre,0.355711
ENSG00000124479.nuc.ord.aln,ENSG00000124479.nuc.ord.tre,0.251959
ENSG00000124491.nuc.ord.aln,ENSG00000124491.nuc.ord.tre,0.744728
ENSG00000124493.nuc.ord.aln,ENSG00000124493.nuc.ord.tre,0.877422
ENSG00000124496.nuc.ord.aln,ENSG00000124496.nuc.ord.tre,1.473380
ENSG00000124507.nuc.ord.aln,ENSG00000124507.nuc.ord.tre,0.311476
ENSG00000124523.nuc.ord.aln,ENSG00000124523.nuc.ord.tre,0.379035
ENSG00000124532.nuc.ord.aln,ENSG00000124532.nuc.ord.tre,0.443986
ENSG00000124535.nuc.ord.aln,ENSG00000124535.nuc.ord.tre,0.661641
ENSG00000124557.nuc.ord.aln,ENSG00000124557.nuc.ord.tre,0.403071
ENSG00000124571.nuc.ord.aln,ENSG00000124571.nuc.ord.tre,1.356224
ENSG00000124574.nuc.ord.aln,ENSG00000124574.nuc.ord.tre,1.722094
ENSG00000124587.nuc.ord.aln,ENSG00000124587.nuc.ord.tre,0.989912
ENSG00000124588.nuc.ord.aln,ENSG00000124588.nuc.ord.tre,0.295147
ENSG00000124593.nuc.ord.aln,ENSG00000124593.nuc.ord.tre,0.351727
ENSG00000124596.nuc.ord.aln,ENSG00000124596.nuc.ord.tre,0.298887
ENSG00000124602.nuc.ord.aln,ENSG00000124602.nuc.ord.tre,0.365463
ENSG00000124608.nuc.ord.aln,ENSG00000124608.nuc.ord.tre,0.950846
ENSG00000124615.nuc.ord.aln,ENSG00000124615.nuc.ord.tre,0.601573
ENSG00000124641.nuc.ord.aln,ENSG00000124641.nuc.ord.tre,0.449976
ENSG00000124659.nuc.ord.aln,ENSG00000124659.nuc.ord.tre,0.220618
ENSG00000124688.nuc.ord.aln,ENSG00000124688.nuc.ord.tre,0.303379
ENSG00000124701.nuc.ord.aln,ENSG00000124701.nuc.ord.tre,0.301386
ENSG00000124713.nuc.ord.aln,ENSG00000124713.nuc.ord.tre,0.339514
ENSG00000124721.nuc.ord.aln,ENSG00000124721.nuc.ord.tre,16.126427
ENSG00000124731.nuc.ord.aln,ENSG00000124731.nuc.ord.tre,0.267788
ENSG00000124743.nuc.ord.aln,ENSG00000124743.nuc.ord.tre,0.515834
ENSG00000124762.nuc.ord.aln,ENSG00000124762.nuc.ord.tre,0.305052
ENSG00000124767.nuc.ord.aln,ENSG00000124767.nuc.ord.tre,0.310318
ENSG00000124772.nuc.ord.aln,ENSG00000124772.nuc.ord.tre,0.478017
ENSG00000124782.nuc.ord.aln,ENSG00000124782.nuc.ord.tre,3.148164
ENSG00000124783.nuc.ord.aln,ENSG00000124783.nuc.ord.tre,0.382108
ENSG00000124784.nuc.ord.aln,ENSG00000124784.nuc.ord.tre,0.526118
ENSG00000124785.nuc.ord.aln,ENSG00000124785.nuc.ord.tre,0.226145
ENSG00000124786.nuc.ord.aln,ENSG00000124786.nuc.ord.tre,0.568030
ENSG00000124787.nuc.ord.aln,ENSG00000124787.nuc.ord.tre,0.343977
ENSG00000124788.nuc.ord.aln,ENSG00000124788.nuc.ord.tre,0.802958
ENSG00000124789.nuc.ord.aln,ENSG00000124789.nuc.ord.tre,1.763595
ENSG00000126759.nuc.ord.aln,ENSG00000126759.nuc.ord.tre,0.411638
ENSG00000126768.nuc.ord.aln,ENSG00000126768.nuc.ord.tre,0.299234
ENSG00000126773.nuc.ord.aln,ENSG00000126773.nuc.ord.tre,0.887247
ENSG00000126775.nuc.ord.aln,ENSG00000126775.nuc.ord.tre,0.468499
ENSG00000126777.nuc.ord.aln,ENSG00000126777.nuc.ord.tre,1.528329
ENSG00000126778.nuc.ord.aln,ENSG00000126778.nuc.ord.tre,0.342404
ENSG00000126785.nuc.ord.aln,ENSG00000126785.nuc.ord.tre,0.329476
ENSG00000126787.nuc.ord.aln,ENSG00000126787.nuc.ord.tre,1.048563
ENSG00000126790.nuc.ord.aln,ENSG00000126790.nuc.ord.tre,0.360902
ENSG00000126804.nuc.ord.aln,ENSG00000126804.nuc.ord.tre,0.481975
ENSG00000126814.nuc.ord.aln,ENSG00000126814.nuc.ord.tre,0.434788
ENSG00000126821.nuc.ord.aln,ENSG00000126821.nuc.ord.tre,0.492111
ENSG00000126822.nuc.ord.aln,ENSG00000126822.nuc.ord.tre,2.005862
ENSG00000126858.nuc.ord.aln,ENSG00000126858.nuc.ord.tre,0.747342
ENSG00000126860.nuc.ord.aln,ENSG00000126860.nuc.ord.tre,0.298593
ENSG00000126870.nuc.ord.aln,ENSG00000126870.nuc.ord.tre,1.210897
ENSG00000126882.nuc.ord.aln,ENSG00000126882.nuc.ord.tre,0.320755
ENSG00000126883.nuc.ord.aln,ENSG00000126883.nuc.ord.tre,4.073579
ENSG00000126950.nuc.ord.aln,ENSG00000126950.nuc.ord.tre,0.227924
ENSG00000126970.nuc.ord.aln,ENSG00000126970.nuc.ord.tre,0.343024
ENSG00000127022.nuc.ord.aln,ENSG00000127022.nuc.ord.tre,0.522767
ENSG00000127054.nuc.ord.aln,ENSG00000127054.nuc.ord.tre,0.619119
ENSG00000127074.nuc.ord.aln,ENSG00000127074.nuc.ord.tre,0.243893
ENSG00000127080.nuc.ord.aln,ENSG00000127080.nuc.ord.tre,0.420336
ENSG00000127083.nuc.ord.aln,ENSG00000127083.nuc.ord.tre,0.373258
ENSG00000127124.nuc.ord.aln,ENSG00000127124.nuc.ord.tre,4.236677
ENSG00000127125.nuc.ord.aln,ENSG00000127125.nuc.ord.tre,0.335781
ENSG00000127129.nuc.ord.aln,ENSG00000127129.nuc.ord.tre,0.408258
ENSG00000127152.nuc.ord.aln,ENSG00000127152.nuc.ord.tre,0.777522
ENSG00000127191.nuc.ord.aln,ENSG00000127191.nuc.ord.tre,0.598015
ENSG00000127226.nuc.ord.aln,ENSG00000127226.nuc.ord.tre,0.294402
ENSG00000127241.nuc.ord.aln,ENSG00000127241.nuc.ord.tre,0.816693
ENSG00000127249.nuc.ord.aln,ENSG00000127249.nuc.ord.tre,1.253864
ENSG00000127252.nuc.ord.aln,ENSG00000127252.nuc.ord.tre,0.291464
ENSG00000127311.nuc.ord.aln,ENSG00000127311.nuc.ord.tre,1.227686
ENSG00000127318.nuc.ord.aln,ENSG00000127318.nuc.ord.tre,0.329635
ENSG00000127324.nuc.ord.aln,ENSG00000127324.nuc.ord.tre,0.307257
ENSG00000127325.nuc.ord.aln,ENSG00000127325.nuc.ord.tre,0.704680
ENSG00000127328.nuc.ord.aln,ENSG00000127328.nuc.ord.tre,0.463764
ENSG00000127329.nuc.ord.aln,ENSG00000127329.nuc.ord.tre,3.275052
ENSG00000127334.nuc.ord.aln,ENSG00000127334.nuc.ord.tre,0.383540
ENSG00000127337.nuc.ord.aln,ENSG00000127337.nuc.ord.tre,0.335169
ENSG00000127359.nuc.ord.aln,ENSG00000127359.nuc.ord.tre,0.511652
ENSG00000127362.nuc.ord.aln,ENSG00000127362.nuc.ord.tre,0.303147
ENSG00000127364.nuc.ord.aln,ENSG00000127364.nuc.ord.tre,0.237583
ENSG00000127377.nuc.ord.aln,ENSG00000127377.nuc.ord.tre,0.284948
ENSG00000127412.nuc.ord.aln,ENSG00000127412.nuc.ord.tre,0.621399
ENSG00000127415.nuc.ord.aln,ENSG00000127415.nuc.ord.tre,0.718526
ENSG00000127423.nuc.ord.aln,ENSG00000127423.nuc.ord.tre,0.353829
ENSG00000127445.nuc.ord.aln,ENSG00000127445.nuc.ord.tre,0.246777
ENSG00000127452.nuc.ord.aln,ENSG00000127452.nuc.ord.tre,0.300842
ENSG00000127463.nuc.ord.aln,ENSG00000127463.nuc.ord.tre,1.153922
ENSG00000127472.nuc.ord.aln,ENSG00000127472.nuc.ord.tre,0.281397
ENSG00000127481.nuc.ord.aln,ENSG00000127481.nuc.ord.tre,15.202354
ENSG00000127483.nuc.ord.aln,ENSG00000127483.nuc.ord.tre,0.482984
ENSG00000127526.nuc.ord.aln,ENSG00000127526.nuc.ord.tre,0.387019
ENSG00000127564.nuc.ord.aln,ENSG00000127564.nuc.ord.tre,0.601686
ENSG00000127688.nuc.ord.aln,ENSG00000127688.nuc.ord.tre,0.537954
ENSG00000127720.nuc.ord.aln,ENSG00000127720.nuc.ord.tre,0.526162
ENSG00000127743.nuc.ord.aln,ENSG00000127743.nuc.ord.tre,0.290277
ENSG00000127774.nuc.ord.aln,ENSG00000127774.nuc.ord.tre,0.204850
ENSG00000127804.nuc.ord.aln,ENSG00000127804.nuc.ord.tre,0.453907
ENSG00000127831.nuc.ord.aln,ENSG00000127831.nuc.ord.tre,0.561996
ENSG00000127837.nuc.ord.aln,ENSG00000127837.nuc.ord.tre,0.384488
ENSG00000127838.nuc.ord.aln,ENSG00000127838.nuc.ord.tre,0.357847
ENSG00000127863.nuc.ord.aln,ENSG00000127863.nuc.ord.tre,0.430959
ENSG00000127884.nuc.ord.aln,ENSG00000127884.nuc.ord.tre,0.367091
ENSG00000127914.nuc.ord.aln,ENSG00000127914.nuc.ord.tre,10.093241
ENSG00000127946.nuc.ord.aln,ENSG00000127946.nuc.ord.tre,1.004756
ENSG00000127947.nuc.ord.aln,ENSG00000127947.nuc.ord.tre,0.595744
ENSG00000127951.nuc.ord.aln,ENSG00000127951.nuc.ord.tre,0.436460
ENSG00000127952.nuc.ord.aln,ENSG00000127952.nuc.ord.tre,0.420161
ENSG00000127954.nuc.ord.aln,ENSG00000127954.nuc.ord.tre,0.727438
ENSG00000127955.nuc.ord.aln,ENSG00000127955.nuc.ord.tre,0.432076
ENSG00000127980.nuc.ord.aln,ENSG00000127980.nuc.ord.tre,1.323905
ENSG00000127990.nuc.ord.aln,ENSG00000127990.nuc.ord.tre,0.468928
ENSG00000127995.nuc.ord.aln,ENSG00000127995.nuc.ord.tre,0.651160
ENSG00000128045.nuc.ord.aln,ENSG00000128045.nuc.ord.tre,0.324911
ENSG00000128050.nuc.ord.aln,ENSG00000128050.nuc.ord.tre,0.400785
ENSG00000128052.nuc.ord.aln,ENSG00000128052.nuc.ord.tre,1.690960
ENSG00000128059.nuc.ord.aln,ENSG00000128059.nuc.ord.tre,0.444851
ENSG00000128191.nuc.ord.aln,ENSG00000128191.nuc.ord.tre,0.680996
ENSG00000128203.nuc.ord.aln,ENSG00000128203.nuc.ord.tre,0.353888
ENSG00000128228.nuc.ord.aln,ENSG00000128228.nuc.ord.tre,0.256635
ENSG00000128242.nuc.ord.aln,ENSG00000128242.nuc.ord.tre,0.344393
ENSG00000128245.nuc.ord.aln,ENSG00000128245.nuc.ord.tre,0.309718
ENSG00000128271.nuc.ord.aln,ENSG00000128271.nuc.ord.tre,0.466515
ENSG00000128272.nuc.ord.aln,ENSG00000128272.nuc.ord.tre,0.325849
ENSG00000128283.nuc.ord.aln,ENSG00000128283.nuc.ord.tre,0.324436
ENSG00000128285.nuc.ord.aln,ENSG00000128285.nuc.ord.tre,0.374969
ENSG00000128298.nuc.ord.aln,ENSG00000128298.nuc.ord.tre,0.565112
ENSG00000128310.nuc.ord.aln,ENSG00000128310.nuc.ord.tre,0.224825
ENSG00000128311.nuc.ord.aln,ENSG00000128311.nuc.ord.tre,0.265418
ENSG00000128340.nuc.ord.aln,ENSG00000128340.nuc.ord.tre,0.229027
ENSG00000128463.nuc.ord.aln,ENSG00000128463.nuc.ord.tre,0.294369
ENSG00000128487.nuc.ord.aln,ENSG00000128487.nuc.ord.tre,1.017220
ENSG00000128510.nuc.ord.aln,ENSG00000128510.nuc.ord.tre,0.393042
ENSG00000128512.nuc.ord.aln,ENSG00000128512.nuc.ord.tre,2.434103
ENSG00000128536.nuc.ord.aln,ENSG00000128536.nuc.ord.tre,0.889916
ENSG00000128563.nuc.ord.aln,ENSG00000128563.nuc.ord.tre,0.340354
ENSG00000129167.nuc.ord.aln,ENSG00000129167.nuc.ord.tre,0.528213
ENSG00000129173.nuc.ord.aln,ENSG00000129173.nuc.ord.tre,0.832170
ENSG00000129187.nuc.ord.aln,ENSG00000129187.nuc.ord.tre,0.351226
ENSG00000129195.nuc.ord.aln,ENSG00000129195.nuc.ord.tre,0.291088
ENSG00000129197.nuc.ord.aln,ENSG00000129197.nuc.ord.tre,0.447148
ENSG00000129214.nuc.ord.aln,ENSG00000129214.nuc.ord.tre,0.350185
ENSG00000129219.nuc.ord.aln,ENSG00000129219.nuc.ord.tre,1.265265
ENSG00000129221.nuc.ord.aln,ENSG00000129221.nuc.ord.tre,0.312974
ENSG00000129226.nuc.ord.aln,ENSG00000129226.nuc.ord.tre,0.413664
ENSG00000129235.nuc.ord.aln,ENSG00000129235.nuc.ord.tre,0.217774
ENSG00000129245.nuc.ord.aln,ENSG00000129245.nuc.ord.tre,0.823153
ENSG00000129250.nuc.ord.aln,ENSG00000129250.nuc.ord.tre,1.132048
ENSG00000129255.nuc.ord.aln,ENSG00000129255.nuc.ord.tre,0.419228
ENSG00000129270.nuc.ord.aln,ENSG00000129270.nuc.ord.tre,0.443414
ENSG00000129282.nuc.ord.aln,ENSG00000129282.nuc.ord.tre,0.393049
ENSG00000129295.nuc.ord.aln,ENSG00000129295.nuc.ord.tre,0.479968
ENSG00000129315.nuc.ord.aln,ENSG00000129315.nuc.ord.tre,0.536062
ENSG00000129351.nuc.ord.aln,ENSG00000129351.nuc.ord.tre,0.702239
ENSG00000129422.nuc.ord.aln,ENSG00000129422.nuc.ord.tre,1.659206
ENSG00000129437.nuc.ord.aln,ENSG00000129437.nuc.ord.tre,0.175862
ENSG00000129451.nuc.ord.aln,ENSG00000129451.nuc.ord.tre,0.401917
ENSG00000129455.nuc.ord.aln,ENSG00000129455.nuc.ord.tre,0.703468
ENSG00000129460.nuc.ord.aln,ENSG00000129460.nuc.ord.tre,0.383601
ENSG00000129467.nuc.ord.aln,ENSG00000129467.nuc.ord.tre,1.252167
ENSG00000129473.nuc.ord.aln,ENSG00000129473.nuc.ord.tre,0.233490
ENSG00000129474.nuc.ord.aln,ENSG00000129474.nuc.ord.tre,0.419235
ENSG00000129480.nuc.ord.aln,ENSG00000129480.nuc.ord.tre,0.273218
ENSG00000129484.nuc.ord.aln,ENSG00000129484.nuc.ord.tre,0.425240
ENSG00000129493.nuc.ord.aln,ENSG00000129493.nuc.ord.tre,3.094154
ENSG00000129514.nuc.ord.aln,ENSG00000129514.nuc.ord.tre,0.283186
ENSG00000129518.nuc.ord.aln,ENSG00000129518.nuc.ord.tre,0.351308
ENSG00000129521.nuc.ord.aln,ENSG00000129521.nuc.ord.tre,0.955442
ENSG00000129534.nuc.ord.aln,ENSG00000129534.nuc.ord.tre,0.912109
ENSG00000129535.nuc.ord.aln,ENSG00000129535.nuc.ord.tre,0.407550
ENSG00000129562.nuc.ord.aln,ENSG00000129562.nuc.ord.tre,0.245323
ENSG00000129566.nuc.ord.aln,ENSG00000129566.nuc.ord.tre,4.470565
ENSG00000129595.nuc.ord.aln,ENSG00000129595.nuc.ord.tre,0.633902
ENSG00000129596.nuc.ord.aln,ENSG00000129596.nuc.ord.tre,0.430839
ENSG00000129625.nuc.ord.aln,ENSG00000129625.nuc.ord.tre,0.276539
ENSG00000129636.nuc.ord.aln,ENSG00000129636.nuc.ord.tre,0.568532
ENSG00000129646.nuc.ord.aln,ENSG00000129646.nuc.ord.tre,2.447691
ENSG00000129675.nuc.ord.aln,ENSG00000129675.nuc.ord.tre,0.743696
ENSG00000129680.nuc.ord.aln,ENSG00000129680.nuc.ord.tre,1.473323
ENSG00000129682.nuc.ord.aln,ENSG00000129682.nuc.ord.tre,0.372452
ENSG00000129691.nuc.ord.aln,ENSG00000129691.nuc.ord.tre,0.617934
ENSG00000129696.nuc.ord.aln,ENSG00000129696.nuc.ord.tre,0.436992
ENSG00000129744.nuc.ord.aln,ENSG00000129744.nuc.ord.tre,0.322492
ENSG00000129810.nuc.ord.aln,ENSG00000129810.nuc.ord.tre,0.617431
ENSG00000129988.nuc.ord.aln,ENSG00000129988.nuc.ord.tre,0.423116
ENSG00000129990.nuc.ord.aln,ENSG00000129990.nuc.ord.tre,0.304046
ENSG00000130005.nuc.ord.aln,ENSG00000130005.nuc.ord.tre,0.276449
ENSG00000130021.nuc.ord.aln,ENSG00000130021.nuc.ord.tre,0.276850
ENSG00000130024.nuc.ord.aln,ENSG00000130024.nuc.ord.tre,0.455698
ENSG00000130038.nuc.ord.aln,ENSG00000130038.nuc.ord.tre,0.697565
ENSG00000130045.nuc.ord.aln,ENSG00000130045.nuc.ord.tre,0.257894
ENSG00000130052.nuc.ord.aln,ENSG00000130052.nuc.ord.tre,1.173286
ENSG00000130055.nuc.ord.aln,ENSG00000130055.nuc.ord.tre,0.441967
ENSG00000130066.nuc.ord.aln,ENSG00000130066.nuc.ord.tre,0.203532
ENSG00000130119.nuc.ord.aln,ENSG00000130119.nuc.ord.tre,0.522394
ENSG00000130147.nuc.ord.aln,ENSG00000130147.nuc.ord.tre,0.807992
ENSG00000130150.nuc.ord.aln,ENSG00000130150.nuc.ord.tre,0.429059
ENSG00000130177.nuc.ord.aln,ENSG00000130177.nuc.ord.tre,0.499260
ENSG00000130203.nuc.ord.aln,ENSG00000130203.nuc.ord.tre,0.302413
ENSG00000130222.nuc.ord.aln,ENSG00000130222.nuc.ord.tre,0.268885
ENSG00000130224.nuc.ord.aln,ENSG00000130224.nuc.ord.tre,0.717691
ENSG00000130226.nuc.ord.aln,ENSG00000130226.nuc.ord.tre,0.759493
ENSG00000130227.nuc.ord.aln,ENSG00000130227.nuc.ord.tre,1.284696
ENSG00000130234.nuc.ord.aln,ENSG00000130234.nuc.ord.tre,0.829366
ENSG00000130254.nuc.ord.aln,ENSG00000130254.nuc.ord.tre,1.101829
ENSG00000130299.nuc.ord.aln,ENSG00000130299.nuc.ord.tre,0.528434
ENSG00000130300.nuc.ord.aln,ENSG00000130300.nuc.ord.tre,0.354398
ENSG00000130313.nuc.ord.aln,ENSG00000130313.nuc.ord.tre,0.426326
ENSG00000130338.nuc.ord.aln,ENSG00000130338.nuc.ord.tre,1.851455
ENSG00000130340.nuc.ord.aln,ENSG00000130340.nuc.ord.tre,0.425659
ENSG00000130347.nuc.ord.aln,ENSG00000130347.nuc.ord.tre,0.434504
ENSG00000130348.nuc.ord.aln,ENSG00000130348.nuc.ord.tre,0.431279
ENSG00000130349.nuc.ord.aln,ENSG00000130349.nuc.ord.tre,0.331362
ENSG00000130377.nuc.ord.aln,ENSG00000130377.nuc.ord.tre,0.524511
ENSG00000130382.nuc.ord.aln,ENSG00000130382.nuc.ord.tre,0.407272
ENSG00000130385.nuc.ord.aln,ENSG00000130385.nuc.ord.tre,0.346320
ENSG00000130402.nuc.ord.aln,ENSG00000130402.nuc.ord.tre,0.721595
ENSG00000130413.nuc.ord.aln,ENSG00000130413.nuc.ord.tre,0.589960
ENSG00000130427.nuc.ord.aln,ENSG00000130427.nuc.ord.tre,0.297768
ENSG00000130449.nuc.ord.aln,ENSG00000130449.nuc.ord.tre,1.382863
ENSG00000130508.nuc.ord.aln,ENSG00000130508.nuc.ord.tre,2.196309
ENSG00000130529.nuc.ord.aln,ENSG00000130529.nuc.ord.tre,1.586345
ENSG00000130545.nuc.ord.aln,ENSG00000130545.nuc.ord.tre,0.197885
ENSG00000130558.nuc.ord.aln,ENSG00000130558.nuc.ord.tre,0.429969
ENSG00000130559.nuc.ord.aln,ENSG00000130559.nuc.ord.tre,1.673431
ENSG00000130560.nuc.ord.aln,ENSG00000130560.nuc.ord.tre,0.347423
ENSG00000130561.nuc.ord.aln,ENSG00000130561.nuc.ord.tre,0.421782
ENSG00000130589.nuc.ord.aln,ENSG00000130589.nuc.ord.tre,4.446187
ENSG00000130638.nuc.ord.aln,ENSG00000130638.nuc.ord.tre,0.464252
ENSG00000130640.nuc.ord.aln,ENSG00000130640.nuc.ord.tre,0.890599
ENSG00000130643.nuc.ord.aln,ENSG00000130643.nuc.ord.tre,0.267881
ENSG00000130653.nuc.ord.aln,ENSG00000130653.nuc.ord.tre,1.415338
ENSG00000130669.nuc.ord.aln,ENSG00000130669.nuc.ord.tre,0.470839
ENSG00000130695.nuc.ord.aln,ENSG00000130695.nuc.ord.tre,0.693622
ENSG00000130703.nuc.ord.aln,ENSG00000130703.nuc.ord.tre,0.391237
ENSG00000130713.nuc.ord.aln,ENSG00000130713.nuc.ord.tre,0.330299
ENSG00000130714.nuc.ord.aln,ENSG00000130714.nuc.ord.tre,0.906130
ENSG00000130717.nuc.ord.aln,ENSG00000130717.nuc.ord.tre,0.317281
ENSG00000130725.nuc.ord.aln,ENSG00000130725.nuc.ord.tre,0.367955
ENSG00000130726.nuc.ord.aln,ENSG00000130726.nuc.ord.tre,0.642987
ENSG00000130733.nuc.ord.aln,ENSG00000130733.nuc.ord.tre,0.351265
ENSG00000130734.nuc.ord.aln,ENSG00000130734.nuc.ord.tre,0.373923
ENSG00000130749.nuc.ord.aln,ENSG00000130749.nuc.ord.tre,2.019308
ENSG00000130755.nuc.ord.aln,ENSG00000130755.nuc.ord.tre,0.249173
ENSG00000130758.nuc.ord.aln,ENSG00000130758.nuc.ord.tre,0.948971
ENSG00000130764.nuc.ord.aln,ENSG00000130764.nuc.ord.tre,0.402345
ENSG00000130766.nuc.ord.aln,ENSG00000130766.nuc.ord.tre,0.448867
ENSG00000130768.nuc.ord.aln,ENSG00000130768.nuc.ord.tre,0.395976
ENSG00000130770.nuc.ord.aln,ENSG00000130770.nuc.ord.tre,0.199794
ENSG00000130772.nuc.ord.aln,ENSG00000130772.nuc.ord.tre,0.294198
ENSG00000130775.nuc.ord.aln,ENSG00000130775.nuc.ord.tre,0.702204
ENSG00000130779.nuc.ord.aln,ENSG00000130779.nuc.ord.tre,1.589123
ENSG00000130783.nuc.ord.aln,ENSG00000130783.nuc.ord.tre,0.629365
ENSG00000130787.nuc.ord.aln,ENSG00000130787.nuc.ord.tre,1.060917
ENSG00000130816.nuc.ord.aln,ENSG00000130816.nuc.ord.tre,2.274632
ENSG00000130826.nuc.ord.aln,ENSG00000130826.nuc.ord.tre,0.515154
ENSG00000130827.nuc.ord.aln,ENSG00000130827.nuc.ord.tre,2.215900
ENSG00000130829.nuc.ord.aln,ENSG00000130829.nuc.ord.tre,0.374290
ENSG00000130830.nuc.ord.aln,ENSG00000130830.nuc.ord.tre,0.426471
ENSG00000130856.nuc.ord.aln,ENSG00000130856.nuc.ord.tre,1.928667
ENSG00000130921.nuc.ord.aln,ENSG00000130921.nuc.ord.tre,0.304817
ENSG00000130935.nuc.ord.aln,ENSG00000130935.nuc.ord.tre,0.640015
ENSG00000130939.nuc.ord.aln,ENSG00000130939.nuc.ord.tre,1.459509
ENSG00000130940.nuc.ord.aln,ENSG00000130940.nuc.ord.tre,1.958603
ENSG00000130948.nuc.ord.aln,ENSG00000130948.nuc.ord.tre,0.362690
ENSG00000130956.nuc.ord.aln,ENSG00000130956.nuc.ord.tre,0.370996
ENSG00000130957.nuc.ord.aln,ENSG00000130957.nuc.ord.tre,0.376657
ENSG00000130958.nuc.ord.aln,ENSG00000130958.nuc.ord.tre,0.395564
ENSG00000130962.nuc.ord.aln,ENSG00000130962.nuc.ord.tre,0.278876
ENSG00000130985.nuc.ord.aln,ENSG00000130985.nuc.ord.tre,1.233686
ENSG00000130988.nuc.ord.aln,ENSG00000130988.nuc.ord.tre,0.324670
ENSG00000130997.nuc.ord.aln,ENSG00000130997.nuc.ord.tre,0.887298
ENSG00000131013.nuc.ord.aln,ENSG00000131013.nuc.ord.tre,0.436789
ENSG00000131016.nuc.ord.aln,ENSG00000131016.nuc.ord.tre,2.402395
