instance,tree_file,inference_time_seconds
exon_1000.fasta,exon_1000.tre,1.735259
exon_10000.fasta,exon_10000.tre,0.430680
exon_10001.fasta,exon_10001.tre,1.212055
exon_10002.fasta,exon_10002.tre,0.647752
exon_10003.fasta,exon_10003.tre,0.336074
exon_10004.fasta,exon_10004.tre,0.690080
exon_10005.fasta,exon_10005.tre,0.505281
exon_10006.fasta,exon_10006.tre,0.542906
exon_10007.fasta,exon_10007.tre,0.589539
exon_10008.fasta,exon_10008.tre,0.411222
exon_10009.fasta,exon_10009.tre,0.526245
exon_1001.fasta,exon_1001.tre,0.994978
exon_10010.fasta,exon_10010.tre,0.637588
exon_10011.fasta,exon_10011.tre,0.480103
exon_10012.fasta,exon_10012.tre,0.410753
exon_10013.fasta,exon_10013.tre,0.495070
exon_10014.fasta,exon_10014.tre,0.520145
exon_10015.fasta,exon_10015.tre,0.365561
exon_10016.fasta,exon_10016.tre,0.674930
exon_10017.fasta,exon_10017.tre,0.537597
exon_10018.fasta,exon_10018.tre,0.418783
exon_10019.fasta,exon_10019.tre,0.333194
exon_10022.fasta,exon_10022.tre,0.787698
exon_10023.fasta,exon_10023.tre,0.891491
exon_10024.fasta,exon_10024.tre,0.651847
exon_10025.fasta,exon_10025.tre,0.537524
exon_10026.fasta,exon_10026.tre,2.045962
exon_10027.fasta,exon_10027.tre,0.839382
exon_10028.fasta,exon_10028.tre,0.459353
exon_10029.fasta,exon_10029.tre,0.816235
exon_10031.fasta,exon_10031.tre,0.390839
exon_10032.fasta,exon_10032.tre,0.879402
exon_10034.fasta,exon_10034.tre,0.641258
exon_10035.fasta,exon_10035.tre,0.414994
exon_10036.fasta,exon_10036.tre,0.527938
exon_1004.fasta,exon_1004.tre,0.505377
exon_10041.fasta,exon_10041.tre,0.525318
exon_10043.fasta,exon_10043.tre,1.087513
exon_10044.fasta,exon_10044.tre,0.659883
exon_10045.fasta,exon_10045.tre,0.523613
exon_10046.fasta,exon_10046.tre,1.747078
exon_10047.fasta,exon_10047.tre,0.714716
exon_10048.fasta,exon_10048.tre,0.404047
exon_10049.fasta,exon_10049.tre,0.626074
exon_1005.fasta,exon_1005.tre,0.457694
exon_10050.fasta,exon_10050.tre,0.551212
exon_10052.fasta,exon_10052.tre,0.564770
exon_10053.fasta,exon_10053.tre,0.870977
exon_10056.fasta,exon_10056.tre,0.613658
exon_10057.fasta,exon_10057.tre,0.588256
exon_10059.fasta,exon_10059.tre,0.767737
exon_1006.fasta,exon_1006.tre,0.813162
exon_10060.fasta,exon_10060.tre,0.860592
exon_10062.fasta,exon_10062.tre,2.567073
exon_10063.fasta,exon_10063.tre,0.495213
exon_10065.fasta,exon_10065.tre,0.708305
exon_10066.fasta,exon_10066.tre,0.511641
exon_10067.fasta,exon_10067.tre,0.663173
exon_10068.fasta,exon_10068.tre,0.530889
exon_10069.fasta,exon_10069.tre,0.652516
exon_10070.fasta,exon_10070.tre,0.437153
exon_10072.fasta,exon_10072.tre,0.590825
exon_10073.fasta,exon_10073.tre,0.937624
exon_10074.fasta,exon_10074.tre,0.733866
exon_10075.fasta,exon_10075.tre,0.430511
exon_10076.fasta,exon_10076.tre,1.088048
exon_10077.fasta,exon_10077.tre,0.380559
exon_10079.fasta,exon_10079.tre,0.627411
exon_10080.fasta,exon_10080.tre,0.566517
exon_10081.fasta,exon_10081.tre,0.572613
exon_10082.fasta,exon_10082.tre,0.487481
exon_10083.fasta,exon_10083.tre,0.534065
exon_10085.fasta,exon_10085.tre,0.516208
exon_10086.fasta,exon_10086.tre,0.721697
exon_10087.fasta,exon_10087.tre,0.672416
exon_10088.fasta,exon_10088.tre,0.989192
exon_1009.fasta,exon_1009.tre,0.653611
exon_10090.fasta,exon_10090.tre,0.449048
exon_10091.fasta,exon_10091.tre,0.998992
exon_10092.fasta,exon_10092.tre,0.474971
exon_10093.fasta,exon_10093.tre,0.507970
exon_10094.fasta,exon_10094.tre,0.380144
exon_10095.fasta,exon_10095.tre,0.510409
exon_10096.fasta,exon_10096.tre,0.545585
exon_10098.fasta,exon_10098.tre,0.352725
exon_10099.fasta,exon_10099.tre,0.482709
exon_10100.fasta,exon_10100.tre,0.487646
exon_10103.fasta,exon_10103.tre,0.671238
exon_10105.fasta,exon_10105.tre,0.336498
exon_10106.fasta,exon_10106.tre,0.523291
exon_10107.fasta,exon_10107.tre,0.491343
exon_10108.fasta,exon_10108.tre,0.504601
exon_10109.fasta,exon_10109.tre,0.455457
exon_10110.fasta,exon_10110.tre,0.528012
exon_10112.fasta,exon_10112.tre,0.423093
exon_10113.fasta,exon_10113.tre,0.547888
exon_10114.fasta,exon_10114.tre,0.515797
exon_10115.fasta,exon_10115.tre,1.875428
exon_10116.fasta,exon_10116.tre,0.688736
exon_10117.fasta,exon_10117.tre,0.723023
exon_10118.fasta,exon_10118.tre,0.641544
exon_10120.fasta,exon_10120.tre,7.021501
exon_10122.fasta,exon_10122.tre,0.435138
exon_10124.fasta,exon_10124.tre,0.787752
exon_10125.fasta,exon_10125.tre,0.440350
exon_10128.fasta,exon_10128.tre,0.670914
exon_10129.fasta,exon_10129.tre,0.389453
exon_1013.fasta,exon_1013.tre,0.546179
exon_10132.fasta,exon_10132.tre,1.096239
exon_10133.fasta,exon_10133.tre,0.663320
exon_10134.fasta,exon_10134.tre,0.914819
exon_10135.fasta,exon_10135.tre,0.354044
exon_10136.fasta,exon_10136.tre,1.519052
exon_10137.fasta,exon_10137.tre,0.514370
exon_10138.fasta,exon_10138.tre,0.709473
exon_10139.fasta,exon_10139.tre,0.432656
exon_1014.fasta,exon_1014.tre,0.656556
exon_10140.fasta,exon_10140.tre,0.591609
exon_10141.fasta,exon_10141.tre,1.190647
exon_10142.fasta,exon_10142.tre,0.689123
exon_10145.fasta,exon_10145.tre,0.577110
exon_10146.fasta,exon_10146.tre,0.818518
exon_10148.fasta,exon_10148.tre,0.537881
exon_10149.fasta,exon_10149.tre,0.529654
exon_1015.fasta,exon_1015.tre,6.067595
exon_10150.fasta,exon_10150.tre,0.417385
exon_10151.fasta,exon_10151.tre,0.562942
exon_10155.fasta,exon_10155.tre,0.699245
exon_10159.fasta,exon_10159.tre,0.696190
exon_1016.fasta,exon_1016.tre,0.885485
exon_10161.fasta,exon_10161.tre,0.683675
exon_10162.fasta,exon_10162.tre,0.623312
exon_10164.fasta,exon_10164.tre,0.978005
exon_10165.fasta,exon_10165.tre,0.669703
exon_10167.fasta,exon_10167.tre,0.647012
exon_10168.fasta,exon_10168.tre,0.593457
exon_10169.fasta,exon_10169.tre,0.570704
exon_10174.fasta,exon_10174.tre,1.014053
exon_10175.fasta,exon_10175.tre,0.594852
exon_10176.fasta,exon_10176.tre,0.526137
exon_10178.fasta,exon_10178.tre,0.539402
exon_10180.fasta,exon_10180.tre,0.320421
exon_10181.fasta,exon_10181.tre,0.700718
exon_10182.fasta,exon_10182.tre,0.540094
exon_10183.fasta,exon_10183.tre,0.881848
exon_10184.fasta,exon_10184.tre,0.699804
exon_10185.fasta,exon_10185.tre,0.418017
exon_10186.fasta,exon_10186.tre,0.563372
exon_10187.fasta,exon_10187.tre,0.356610
exon_10188.fasta,exon_10188.tre,0.721192
exon_10190.fasta,exon_10190.tre,0.717777
exon_10191.fasta,exon_10191.tre,0.584194
exon_10192.fasta,exon_10192.tre,0.598828
exon_10193.fasta,exon_10193.tre,1.277330
exon_10195.fasta,exon_10195.tre,0.410441
exon_10196.fasta,exon_10196.tre,0.729112
exon_10197.fasta,exon_10197.tre,0.535815
exon_10198.fasta,exon_10198.tre,0.550627
exon_10199.fasta,exon_10199.tre,0.699957
exon_102.fasta,exon_102.tre,0.514832
exon_1020.fasta,exon_1020.tre,0.726650
exon_10200.fasta,exon_10200.tre,0.757028
exon_10203.fasta,exon_10203.tre,1.132259
exon_10205.fasta,exon_10205.tre,0.592573
exon_10206.fasta,exon_10206.tre,0.432805
exon_10207.fasta,exon_10207.tre,0.757662
exon_10208.fasta,exon_10208.tre,0.658095
exon_1021.fasta,exon_1021.tre,0.421894
exon_10210.fasta,exon_10210.tre,0.654993
exon_10211.fasta,exon_10211.tre,0.668886
exon_10212.fasta,exon_10212.tre,0.936437
exon_10214.fasta,exon_10214.tre,0.561547
exon_10215.fasta,exon_10215.tre,0.562362
exon_10216.fasta,exon_10216.tre,0.558017
exon_10217.fasta,exon_10217.tre,0.537486
exon_10218.fasta,exon_10218.tre,0.874355
exon_10219.fasta,exon_10219.tre,0.654601
exon_1022.fasta,exon_1022.tre,0.556442
exon_10221.fasta,exon_10221.tre,0.692670
exon_10222.fasta,exon_10222.tre,0.591585
exon_10223.fasta,exon_10223.tre,0.719793
exon_10224.fasta,exon_10224.tre,0.508287
exon_10225.fasta,exon_10225.tre,0.415996
exon_10226.fasta,exon_10226.tre,0.574874
exon_10227.fasta,exon_10227.tre,1.232895
exon_10228.fasta,exon_10228.tre,0.945021
exon_10229.fasta,exon_10229.tre,0.576611
exon_10230.fasta,exon_10230.tre,0.574737
exon_10231.fasta,exon_10231.tre,0.824982
exon_10232.fasta,exon_10232.tre,0.555061
exon_10234.fasta,exon_10234.tre,1.499573
exon_10235.fasta,exon_10235.tre,0.548236
exon_10236.fasta,exon_10236.tre,0.483787
exon_10237.fasta,exon_10237.tre,0.610452
exon_10238.fasta,exon_10238.tre,0.534018
exon_10239.fasta,exon_10239.tre,0.498319
exon_1024.fasta,exon_1024.tre,0.339777
exon_10240.fasta,exon_10240.tre,0.719367
exon_10241.fasta,exon_10241.tre,0.652654
exon_10242.fasta,exon_10242.tre,0.883541
exon_10243.fasta,exon_10243.tre,0.505164
exon_10244.fasta,exon_10244.tre,0.528690
exon_10245.fasta,exon_10245.tre,0.603460
exon_10246.fasta,exon_10246.tre,0.644911
exon_10247.fasta,exon_10247.tre,0.926632
exon_10248.fasta,exon_10248.tre,0.562183
exon_10249.fasta,exon_10249.tre,0.611541
exon_1025.fasta,exon_1025.tre,0.708066
exon_10250.fasta,exon_10250.tre,0.655968
exon_10251.fasta,exon_10251.tre,0.534670
exon_10252.fasta,exon_10252.tre,0.633631
exon_10254.fasta,exon_10254.tre,0.869837
exon_10255.fasta,exon_10255.tre,0.563366
exon_10256.fasta,exon_10256.tre,0.536870
exon_10258.fasta,exon_10258.tre,1.029824
exon_10259.fasta,exon_10259.tre,0.461306
exon_1026.fasta,exon_1026.tre,0.672688
exon_10260.fasta,exon_10260.tre,0.482495
exon_10261.fasta,exon_10261.tre,0.438924
exon_10262.fasta,exon_10262.tre,0.571257
exon_10265.fasta,exon_10265.tre,0.777588
exon_10266.fasta,exon_10266.tre,0.474334
exon_10268.fasta,exon_10268.tre,0.619376
exon_1027.fasta,exon_1027.tre,0.951427
exon_10270.fasta,exon_10270.tre,0.422396
exon_10271.fasta,exon_10271.tre,0.405167
exon_10272.fasta,exon_10272.tre,0.539060
exon_10274.fasta,exon_10274.tre,0.520832
exon_10275.fasta,exon_10275.tre,0.543743
exon_10276.fasta,exon_10276.tre,0.547179
exon_10277.fasta,exon_10277.tre,0.527297
exon_10278.fasta,exon_10278.tre,0.509240
exon_10279.fasta,exon_10279.tre,0.799455
exon_1028.fasta,exon_1028.tre,0.593335
exon_10280.fasta,exon_10280.tre,0.331284
exon_10281.fasta,exon_10281.tre,0.410296
exon_10283.fasta,exon_10283.tre,0.543360
exon_10286.fasta,exon_10286.tre,0.996461
exon_10287.fasta,exon_10287.tre,0.521154
exon_10288.fasta,exon_10288.tre,0.583133
exon_10289.fasta,exon_10289.tre,0.717433
exon_1029.fasta,exon_1029.tre,0.446205
exon_10290.fasta,exon_10290.tre,0.482000
exon_10291.fasta,exon_10291.tre,0.750201
exon_10292.fasta,exon_10292.tre,0.634911
exon_10294.fasta,exon_10294.tre,0.468977
exon_10295.fasta,exon_10295.tre,0.466823
exon_10297.fasta,exon_10297.tre,1.268298
exon_10298.fasta,exon_10298.tre,0.628971
exon_1030.fasta,exon_1030.tre,0.645410
exon_10300.fasta,exon_10300.tre,0.579093
exon_10301.fasta,exon_10301.tre,1.073517
exon_10302.fasta,exon_10302.tre,0.500743
exon_10303.fasta,exon_10303.tre,0.794884
exon_10304.fasta,exon_10304.tre,0.677140
exon_10305.fasta,exon_10305.tre,0.557958
exon_10306.fasta,exon_10306.tre,0.571936
exon_10307.fasta,exon_10307.tre,0.519576
exon_10309.fasta,exon_10309.tre,0.496848
exon_10310.fasta,exon_10310.tre,0.469672
exon_10311.fasta,exon_10311.tre,1.841766
exon_10313.fasta,exon_10313.tre,0.659393
exon_10315.fasta,exon_10315.tre,0.609278
exon_10318.fasta,exon_10318.tre,0.384969
exon_10319.fasta,exon_10319.tre,0.434097
exon_10320.fasta,exon_10320.tre,0.561791
exon_10322.fasta,exon_10322.tre,1.041074
exon_10323.fasta,exon_10323.tre,0.391433
exon_10324.fasta,exon_10324.tre,0.606467
exon_10326.fasta,exon_10326.tre,0.432083
exon_10327.fasta,exon_10327.tre,0.628099
exon_10328.fasta,exon_10328.tre,1.678301
exon_10329.fasta,exon_10329.tre,0.578109
exon_10331.fasta,exon_10331.tre,0.611524
exon_10332.fasta,exon_10332.tre,0.527538
exon_10333.fasta,exon_10333.tre,0.755484
exon_10334.fasta,exon_10334.tre,1.187694
exon_10337.fasta,exon_10337.tre,0.400969
exon_10338.fasta,exon_10338.tre,0.728115
exon_10341.fasta,exon_10341.tre,0.572630
exon_10342.fasta,exon_10342.tre,0.677926
exon_10343.fasta,exon_10343.tre,0.563552
exon_10344.fasta,exon_10344.tre,0.683132
exon_10345.fasta,exon_10345.tre,0.511270
exon_10346.fasta,exon_10346.tre,0.501095
exon_10347.fasta,exon_10347.tre,0.510059
exon_10348.fasta,exon_10348.tre,0.668563
exon_10349.fasta,exon_10349.tre,0.611710
exon_1035.fasta,exon_1035.tre,0.489443
exon_10350.fasta,exon_10350.tre,0.580228
exon_10351.fasta,exon_10351.tre,0.593692
exon_10352.fasta,exon_10352.tre,0.685144
exon_10354.fasta,exon_10354.tre,0.629277
exon_10356.fasta,exon_10356.tre,0.619978
exon_10359.fasta,exon_10359.tre,0.424804
exon_1036.fasta,exon_1036.tre,0.560384
exon_10360.fasta,exon_10360.tre,0.595686
exon_10361.fasta,exon_10361.tre,0.911326
exon_10362.fasta,exon_10362.tre,0.930243
exon_10363.fasta,exon_10363.tre,0.316791
exon_10364.fasta,exon_10364.tre,0.323668
exon_10367.fasta,exon_10367.tre,0.733085
exon_10369.fasta,exon_10369.tre,0.560461
exon_1037.fasta,exon_1037.tre,0.558949
exon_10371.fasta,exon_10371.tre,0.559920
exon_10372.fasta,exon_10372.tre,0.660110
exon_10374.fasta,exon_10374.tre,0.573283
exon_10375.fasta,exon_10375.tre,0.696627
exon_10376.fasta,exon_10376.tre,1.064979
exon_10377.fasta,exon_10377.tre,0.561898
exon_10378.fasta,exon_10378.tre,0.699338
exon_10379.fasta,exon_10379.tre,0.402096
exon_1038.fasta,exon_1038.tre,0.678061
exon_10381.fasta,exon_10381.tre,0.547662
exon_10382.fasta,exon_10382.tre,0.461970
exon_10383.fasta,exon_10383.tre,0.633780
exon_10385.fasta,exon_10385.tre,0.399748
exon_1039.fasta,exon_1039.tre,0.651139
exon_10390.fasta,exon_10390.tre,0.544523
exon_10391.fasta,exon_10391.tre,0.602838
exon_10392.fasta,exon_10392.tre,0.587382
exon_10393.fasta,exon_10393.tre,0.647795
exon_10394.fasta,exon_10394.tre,0.848052
exon_10395.fasta,exon_10395.tre,0.653665
exon_10396.fasta,exon_10396.tre,0.926129
exon_10397.fasta,exon_10397.tre,0.508467
exon_10398.fasta,exon_10398.tre,0.718654
exon_10399.fasta,exon_10399.tre,1.293829
exon_1040.fasta,exon_1040.tre,0.436020
exon_10400.fasta,exon_10400.tre,0.734030
exon_10401.fasta,exon_10401.tre,0.766683
exon_10402.fasta,exon_10402.tre,0.827106
exon_10404.fasta,exon_10404.tre,0.521758
exon_10405.fasta,exon_10405.tre,0.608204
exon_10406.fasta,exon_10406.tre,0.534609
exon_10407.fasta,exon_10407.tre,0.587006
exon_10408.fasta,exon_10408.tre,0.742555
exon_10409.fasta,exon_10409.tre,0.434304
exon_10410.fasta,exon_10410.tre,0.627191
exon_10412.fasta,exon_10412.tre,0.535895
exon_10413.fasta,exon_10413.tre,0.533789
exon_10414.fasta,exon_10414.tre,0.402902
exon_10415.fasta,exon_10415.tre,0.608850
exon_10416.fasta,exon_10416.tre,0.652403
exon_10417.fasta,exon_10417.tre,0.492399
exon_10418.fasta,exon_10418.tre,0.457701
exon_10419.fasta,exon_10419.tre,0.766780
exon_1042.fasta,exon_1042.tre,0.551714
exon_10420.fasta,exon_10420.tre,0.408388
exon_10421.fasta,exon_10421.tre,0.864996
exon_10422.fasta,exon_10422.tre,1.071134
exon_10423.fasta,exon_10423.tre,0.706247
exon_10424.fasta,exon_10424.tre,0.980669
exon_10425.fasta,exon_10425.tre,0.609918
exon_10426.fasta,exon_10426.tre,0.979904
exon_10427.fasta,exon_10427.tre,0.411648
exon_10428.fasta,exon_10428.tre,0.429581
exon_10429.fasta,exon_10429.tre,1.771815
exon_1043.fasta,exon_1043.tre,0.769732
exon_10430.fasta,exon_10430.tre,0.694299
exon_10431.fasta,exon_10431.tre,0.540446
exon_10432.fasta,exon_10432.tre,0.887814
exon_10433.fasta,exon_10433.tre,0.831694
exon_10434.fasta,exon_10434.tre,0.806974
exon_10435.fasta,exon_10435.tre,0.358065
exon_10437.fasta,exon_10437.tre,0.609797
exon_10438.fasta,exon_10438.tre,0.418466
exon_1044.fasta,exon_1044.tre,1.243512
exon_10442.fasta,exon_10442.tre,0.623074
exon_10443.fasta,exon_10443.tre,1.395319
exon_10444.fasta,exon_10444.tre,0.687721
exon_10445.fasta,exon_10445.tre,0.439710
exon_10446.fasta,exon_10446.tre,0.446761
exon_10447.fasta,exon_10447.tre,0.552901
exon_10448.fasta,exon_10448.tre,1.149016
exon_10449.fasta,exon_10449.tre,0.822957
exon_1045.fasta,exon_1045.tre,0.628495
exon_10450.fasta,exon_10450.tre,0.569357
exon_10451.fasta,exon_10451.tre,0.411936
exon_10452.fasta,exon_10452.tre,0.565056
exon_10453.fasta,exon_10453.tre,0.957524
exon_10454.fasta,exon_10454.tre,0.620577
exon_10455.fasta,exon_10455.tre,1.872661
exon_10456.fasta,exon_10456.tre,0.344647
exon_10457.fasta,exon_10457.tre,0.514513
exon_10459.fasta,exon_10459.tre,0.508131
exon_1046.fasta,exon_1046.tre,0.705685
exon_10460.fasta,exon_10460.tre,0.715277
exon_10461.fasta,exon_10461.tre,0.444553
exon_10462.fasta,exon_10462.tre,0.413478
exon_10464.fasta,exon_10464.tre,0.488297
exon_10465.fasta,exon_10465.tre,0.553384
exon_10466.fasta,exon_10466.tre,0.596605
exon_10467.fasta,exon_10467.tre,0.373354
exon_10468.fasta,exon_10468.tre,0.630826
exon_10469.fasta,exon_10469.tre,0.605577
exon_1047.fasta,exon_1047.tre,0.720906
exon_10470.fasta,exon_10470.tre,0.572074
exon_10471.fasta,exon_10471.tre,0.595499
exon_10472.fasta,exon_10472.tre,0.584933
exon_10474.fasta,exon_10474.tre,0.650400
exon_10475.fasta,exon_10475.tre,0.700553
exon_10476.fasta,exon_10476.tre,1.474120
exon_10477.fasta,exon_10477.tre,0.659631
exon_10478.fasta,exon_10478.tre,0.927442
exon_10479.fasta,exon_10479.tre,0.484980
exon_10481.fasta,exon_10481.tre,0.513782
exon_10484.fasta,exon_10484.tre,0.612416
exon_10485.fasta,exon_10485.tre,0.617213
exon_10486.fasta,exon_10486.tre,0.512568
exon_1049.fasta,exon_1049.tre,1.840020
exon_10492.fasta,exon_10492.tre,0.451022
exon_10493.fasta,exon_10493.tre,0.584677
exon_10494.fasta,exon_10494.tre,0.456877
exon_10495.fasta,exon_10495.tre,0.490777
exon_10496.fasta,exon_10496.tre,0.626084
exon_10497.fasta,exon_10497.tre,0.713203
exon_10498.fasta,exon_10498.tre,0.481575
exon_10499.fasta,exon_10499.tre,0.482836
exon_105.fasta,exon_105.tre,0.757026
exon_1050.fasta,exon_1050.tre,0.529340
exon_10501.fasta,exon_10501.tre,0.595387
exon_10503.fasta,exon_10503.tre,0.540180
exon_10504.fasta,exon_10504.tre,0.543414
exon_10506.fasta,exon_10506.tre,1.042272
exon_10507.fasta,exon_10507.tre,0.455934
exon_10508.fasta,exon_10508.tre,0.441955
exon_10509.fasta,exon_10509.tre,0.505490
exon_1051.fasta,exon_1051.tre,0.659026
exon_10511.fasta,exon_10511.tre,0.622257
exon_10512.fasta,exon_10512.tre,0.861107
exon_10516.fasta,exon_10516.tre,0.743551
exon_10517.fasta,exon_10517.tre,0.721381
exon_10518.fasta,exon_10518.tre,0.509052
exon_10519.fasta,exon_10519.tre,0.394679
exon_10520.fasta,exon_10520.tre,0.508689
exon_10521.fasta,exon_10521.tre,0.576715
exon_10522.fasta,exon_10522.tre,0.572961
exon_10523.fasta,exon_10523.tre,0.755774
exon_10524.fasta,exon_10524.tre,0.726280
exon_10526.fasta,exon_10526.tre,0.544268
exon_10528.fasta,exon_10528.tre,0.723676
exon_10531.fasta,exon_10531.tre,2.129393
exon_10532.fasta,exon_10532.tre,0.653916
exon_10534.fasta,exon_10534.tre,0.436035
exon_10535.fasta,exon_10535.tre,0.813873
exon_10536.fasta,exon_10536.tre,0.726853
exon_10537.fasta,exon_10537.tre,0.664201
exon_10538.fasta,exon_10538.tre,0.591913
exon_10539.fasta,exon_10539.tre,0.574644
exon_1054.fasta,exon_1054.tre,0.634178
exon_10540.fasta,exon_10540.tre,0.716347
exon_10543.fasta,exon_10543.tre,0.728970
exon_10544.fasta,exon_10544.tre,0.591427
exon_10545.fasta,exon_10545.tre,0.810606
exon_10546.fasta,exon_10546.tre,0.423729
exon_10548.fasta,exon_10548.tre,0.490785
exon_10549.fasta,exon_10549.tre,0.552104
exon_1055.fasta,exon_1055.tre,0.536608
exon_10550.fasta,exon_10550.tre,0.608449
exon_10553.fasta,exon_10553.tre,0.421770
exon_10555.fasta,exon_10555.tre,0.611130
exon_10556.fasta,exon_10556.tre,0.648564
exon_10557.fasta,exon_10557.tre,0.472858
exon_10558.fasta,exon_10558.tre,0.813254
exon_1056.fasta,exon_1056.tre,0.407744
exon_10560.fasta,exon_10560.tre,0.765069
exon_10561.fasta,exon_10561.tre,0.539002
exon_10563.fasta,exon_10563.tre,0.410488
exon_10564.fasta,exon_10564.tre,0.600102
exon_10565.fasta,exon_10565.tre,1.966019
exon_10567.fasta,exon_10567.tre,0.670112
exon_10568.fasta,exon_10568.tre,0.512024
exon_10570.fasta,exon_10570.tre,0.436664
exon_10572.fasta,exon_10572.tre,0.370626
exon_10573.fasta,exon_10573.tre,0.477828
exon_10574.fasta,exon_10574.tre,0.469725
exon_10575.fasta,exon_10575.tre,0.550343
exon_10576.fasta,exon_10576.tre,1.255142
exon_10577.fasta,exon_10577.tre,0.399280
exon_10578.fasta,exon_10578.tre,0.381580
exon_10579.fasta,exon_10579.tre,2.376016
exon_10580.fasta,exon_10580.tre,0.863686
exon_10582.fasta,exon_10582.tre,0.532318
exon_10584.fasta,exon_10584.tre,0.484134
exon_10585.fasta,exon_10585.tre,0.832743
exon_10586.fasta,exon_10586.tre,0.698175
exon_10587.fasta,exon_10587.tre,0.609063
exon_1059.fasta,exon_1059.tre,0.509930
exon_10590.fasta,exon_10590.tre,0.484221
exon_10591.fasta,exon_10591.tre,0.864044
exon_10592.fasta,exon_10592.tre,0.662053
exon_10593.fasta,exon_10593.tre,0.514278
exon_10596.fasta,exon_10596.tre,0.627820
exon_10597.fasta,exon_10597.tre,0.503329
exon_10598.fasta,exon_10598.tre,0.900241
exon_10599.fasta,exon_10599.tre,0.479440
exon_1060.fasta,exon_1060.tre,0.440644
exon_10600.fasta,exon_10600.tre,0.505117
exon_10601.fasta,exon_10601.tre,0.672706
exon_10604.fasta,exon_10604.tre,0.421821
exon_10605.fasta,exon_10605.tre,0.617634
exon_10606.fasta,exon_10606.tre,0.516166
exon_10608.fasta,exon_10608.tre,0.541672
exon_10609.fasta,exon_10609.tre,0.726209
exon_10611.fasta,exon_10611.tre,0.322866
exon_10613.fasta,exon_10613.tre,0.433863
exon_10614.fasta,exon_10614.tre,0.336837
exon_10615.fasta,exon_10615.tre,0.507835
exon_10616.fasta,exon_10616.tre,0.487732
exon_10617.fasta,exon_10617.tre,0.534440
exon_10618.fasta,exon_10618.tre,0.377332
exon_10619.fasta,exon_10619.tre,1.408204
exon_1062.fasta,exon_1062.tre,0.575995
exon_10620.fasta,exon_10620.tre,1.220959
exon_10621.fasta,exon_10621.tre,0.551944
exon_10622.fasta,exon_10622.tre,0.620824
exon_10623.fasta,exon_10623.tre,0.425047
exon_10624.fasta,exon_10624.tre,0.582592
exon_10625.fasta,exon_10625.tre,0.845616
exon_10626.fasta,exon_10626.tre,0.847621
exon_10629.fasta,exon_10629.tre,0.478187
exon_1063.fasta,exon_1063.tre,0.434062
exon_10630.fasta,exon_10630.tre,0.562733
exon_10631.fasta,exon_10631.tre,0.567350
exon_10632.fasta,exon_10632.tre,0.479630
exon_10634.fasta,exon_10634.tre,0.577264
exon_10636.fasta,exon_10636.tre,0.493310
exon_10638.fasta,exon_10638.tre,0.570047
exon_10639.fasta,exon_10639.tre,0.418050
exon_10640.fasta,exon_10640.tre,0.507496
exon_10642.fasta,exon_10642.tre,0.517606
exon_10644.fasta,exon_10644.tre,0.558552
exon_10645.fasta,exon_10645.tre,0.487009
exon_10647.fasta,exon_10647.tre,0.293523
exon_10649.fasta,exon_10649.tre,0.653135
exon_10650.fasta,exon_10650.tre,0.689993
exon_10651.fasta,exon_10651.tre,0.496614
exon_10652.fasta,exon_10652.tre,0.524442
exon_10653.fasta,exon_10653.tre,0.584984
exon_10654.fasta,exon_10654.tre,0.607881
exon_10655.fasta,exon_10655.tre,0.736343
exon_10656.fasta,exon_10656.tre,0.429588
exon_10657.fasta,exon_10657.tre,0.449067
exon_10658.fasta,exon_10658.tre,0.495403
exon_10659.fasta,exon_10659.tre,0.694037
exon_1066.fasta,exon_1066.tre,0.644603
exon_10663.fasta,exon_10663.tre,0.458992
exon_10666.fasta,exon_10666.tre,0.697397
exon_10667.fasta,exon_10667.tre,1.010160
exon_10669.fasta,exon_10669.tre,0.409298
exon_1067.fasta,exon_1067.tre,0.512758
exon_10670.fasta,exon_10670.tre,2.073771
exon_10671.fasta,exon_10671.tre,0.549953
exon_10673.fasta,exon_10673.tre,0.675519
exon_10675.fasta,exon_10675.tre,0.424015
exon_10676.fasta,exon_10676.tre,2.085904
exon_10677.fasta,exon_10677.tre,0.647696
exon_10678.fasta,exon_10678.tre,0.541960
exon_10679.fasta,exon_10679.tre,0.476246
exon_1068.fasta,exon_1068.tre,0.413166
exon_10680.fasta,exon_10680.tre,0.551948
exon_10681.fasta,exon_10681.tre,0.668111
exon_10682.fasta,exon_10682.tre,0.724113
exon_10686.fasta,exon_10686.tre,0.356823
exon_10688.fasta,exon_10688.tre,0.779139
exon_10689.fasta,exon_10689.tre,0.475230
exon_10690.fasta,exon_10690.tre,0.667695
exon_10691.fasta,exon_10691.tre,0.671105
exon_10692.fasta,exon_10692.tre,1.585665
exon_10693.fasta,exon_10693.tre,0.443573
exon_10694.fasta,exon_10694.tre,0.679583
exon_10695.fasta,exon_10695.tre,0.513011
exon_10696.fasta,exon_10696.tre,0.812240
exon_10697.fasta,exon_10697.tre,0.439685
exon_10698.fasta,exon_10698.tre,0.674775
exon_10699.fasta,exon_10699.tre,0.576902
exon_107.fasta,exon_107.tre,0.505170
exon_10700.fasta,exon_10700.tre,0.549647
exon_10703.fasta,exon_10703.tre,0.544780
exon_10705.fasta,exon_10705.tre,0.420599
exon_10706.fasta,exon_10706.tre,0.577964
exon_10707.fasta,exon_10707.tre,1.075569
exon_10708.fasta,exon_10708.tre,0.626641
exon_10709.fasta,exon_10709.tre,0.639568
exon_1071.fasta,exon_1071.tre,0.660388
exon_10710.fasta,exon_10710.tre,0.545625
exon_10711.fasta,exon_10711.tre,0.572710
exon_10712.fasta,exon_10712.tre,0.414847
exon_10713.fasta,exon_10713.tre,0.695613
exon_10714.fasta,exon_10714.tre,0.366299
exon_10715.fasta,exon_10715.tre,0.413341
exon_10717.fasta,exon_10717.tre,0.678577
exon_10718.fasta,exon_10718.tre,0.301636
exon_10719.fasta,exon_10719.tre,0.723633
exon_10720.fasta,exon_10720.tre,0.771261
exon_10721.fasta,exon_10721.tre,0.365484
exon_10722.fasta,exon_10722.tre,0.582760
exon_10723.fasta,exon_10723.tre,0.578966
exon_10725.fasta,exon_10725.tre,0.689873
exon_10726.fasta,exon_10726.tre,0.458310
exon_10727.fasta,exon_10727.tre,1.886590
exon_10728.fasta,exon_10728.tre,0.494128
exon_10729.fasta,exon_10729.tre,0.411420
exon_10731.fasta,exon_10731.tre,0.520941
exon_10732.fasta,exon_10732.tre,0.332730
exon_10733.fasta,exon_10733.tre,1.476582
exon_10734.fasta,exon_10734.tre,0.768174
exon_10735.fasta,exon_10735.tre,0.634641
exon_10736.fasta,exon_10736.tre,0.506044
exon_10737.fasta,exon_10737.tre,0.544455
exon_10738.fasta,exon_10738.tre,0.519076
exon_10739.fasta,exon_10739.tre,0.355495
exon_10740.fasta,exon_10740.tre,0.549782
exon_10741.fasta,exon_10741.tre,0.586832
exon_10742.fasta,exon_10742.tre,0.750398
exon_10743.fasta,exon_10743.tre,0.428820
exon_10745.fasta,exon_10745.tre,0.343573
exon_10746.fasta,exon_10746.tre,0.476718
exon_10748.fasta,exon_10748.tre,0.665427
exon_10749.fasta,exon_10749.tre,2.038229
exon_10750.fasta,exon_10750.tre,0.509036
exon_10752.fasta,exon_10752.tre,0.415428
exon_10753.fasta,exon_10753.tre,0.602564
exon_10754.fasta,exon_10754.tre,0.545087
exon_10755.fasta,exon_10755.tre,0.521367
exon_10756.fasta,exon_10756.tre,0.684206
exon_10760.fasta,exon_10760.tre,0.407182
exon_10761.fasta,exon_10761.tre,0.571126
exon_10763.fasta,exon_10763.tre,0.555821
exon_10765.fasta,exon_10765.tre,1.232938
exon_10766.fasta,exon_10766.tre,0.390174
exon_10767.fasta,exon_10767.tre,0.418175
exon_10769.fasta,exon_10769.tre,0.496542
exon_1077.fasta,exon_1077.tre,0.566837
exon_10770.fasta,exon_10770.tre,0.748209
exon_10771.fasta,exon_10771.tre,0.516369
exon_10772.fasta,exon_10772.tre,0.349527
exon_10773.fasta,exon_10773.tre,0.547066
exon_10774.fasta,exon_10774.tre,0.964460
exon_10775.fasta,exon_10775.tre,0.749492
exon_10776.fasta,exon_10776.tre,0.454813
exon_10777.fasta,exon_10777.tre,0.384621
exon_10779.fasta,exon_10779.tre,0.355844
exon_1078.fasta,exon_1078.tre,0.782019
exon_10780.fasta,exon_10780.tre,0.709424
exon_10784.fasta,exon_10784.tre,0.868811
exon_10786.fasta,exon_10786.tre,0.572350
exon_10787.fasta,exon_10787.tre,0.439095
exon_1079.fasta,exon_1079.tre,0.628351
exon_10790.fasta,exon_10790.tre,0.653684
exon_10791.fasta,exon_10791.tre,0.471973
exon_10792.fasta,exon_10792.tre,0.431803
exon_10793.fasta,exon_10793.tre,0.961397
exon_10795.fasta,exon_10795.tre,0.329410
exon_10797.fasta,exon_10797.tre,0.720812
exon_108.fasta,exon_108.tre,0.866062
exon_10800.fasta,exon_10800.tre,0.376088
exon_10801.fasta,exon_10801.tre,0.584183
exon_10802.fasta,exon_10802.tre,0.409651
exon_10804.fasta,exon_10804.tre,0.561514
exon_10805.fasta,exon_10805.tre,0.641279
exon_10806.fasta,exon_10806.tre,2.390025
exon_10807.fasta,exon_10807.tre,0.393535
exon_10811.fasta,exon_10811.tre,0.603679
exon_10812.fasta,exon_10812.tre,0.676939
exon_10814.fasta,exon_10814.tre,0.650529
exon_10815.fasta,exon_10815.tre,0.611915
exon_10818.fasta,exon_10818.tre,0.498294
exon_10819.fasta,exon_10819.tre,0.537936
exon_1082.fasta,exon_1082.tre,0.608748
exon_10820.fasta,exon_10820.tre,0.635304
exon_10821.fasta,exon_10821.tre,0.536610
exon_10822.fasta,exon_10822.tre,0.469073
exon_10823.fasta,exon_10823.tre,0.510669
exon_10825.fasta,exon_10825.tre,1.079073
exon_10827.fasta,exon_10827.tre,0.567215
exon_10828.fasta,exon_10828.tre,0.329987
exon_1083.fasta,exon_1083.tre,0.371562
exon_10830.fasta,exon_10830.tre,0.677103
exon_10832.fasta,exon_10832.tre,1.787589
exon_10834.fasta,exon_10834.tre,0.477784
exon_10835.fasta,exon_10835.tre,0.658569
exon_10836.fasta,exon_10836.tre,0.751629
exon_10837.fasta,exon_10837.tre,0.736685
exon_10839.fasta,exon_10839.tre,0.427776
exon_10840.fasta,exon_10840.tre,0.608270
exon_10842.fasta,exon_10842.tre,1.088932
exon_10843.fasta,exon_10843.tre,1.486010
exon_10844.fasta,exon_10844.tre,0.448697
exon_10845.fasta,exon_10845.tre,0.390677
exon_10847.fasta,exon_10847.tre,0.414147
exon_10848.fasta,exon_10848.tre,0.370209
exon_1085.fasta,exon_1085.tre,0.672004
exon_10850.fasta,exon_10850.tre,0.538181
exon_10852.fasta,exon_10852.tre,0.922343
exon_10855.fasta,exon_10855.tre,0.406440
exon_10857.fasta,exon_10857.tre,0.614527
exon_10858.fasta,exon_10858.tre,0.515531
exon_10860.fasta,exon_10860.tre,0.417042
exon_10862.fasta,exon_10862.tre,0.320220
exon_10863.fasta,exon_10863.tre,0.513670
exon_10864.fasta,exon_10864.tre,0.380102
exon_10865.fasta,exon_10865.tre,1.002228
exon_10866.fasta,exon_10866.tre,0.947527
exon_10867.fasta,exon_10867.tre,0.552427
exon_10868.fasta,exon_10868.tre,0.617089
exon_10869.fasta,exon_10869.tre,0.715643
exon_1087.fasta,exon_1087.tre,0.763739
exon_10870.fasta,exon_10870.tre,1.499630
exon_10871.fasta,exon_10871.tre,0.403184
exon_10872.fasta,exon_10872.tre,0.568582
exon_10875.fasta,exon_10875.tre,0.559368
exon_10876.fasta,exon_10876.tre,0.557839
exon_10877.fasta,exon_10877.tre,0.745248
exon_10879.fasta,exon_10879.tre,0.747157
exon_10881.fasta,exon_10881.tre,0.782211
exon_10882.fasta,exon_10882.tre,0.517067
exon_10883.fasta,exon_10883.tre,0.743357
exon_10884.fasta,exon_10884.tre,0.624861
exon_10887.fasta,exon_10887.tre,0.610565
exon_10888.fasta,exon_10888.tre,0.672016
exon_10889.fasta,exon_10889.tre,0.489702
exon_1089.fasta,exon_1089.tre,0.589724
exon_10891.fasta,exon_10891.tre,0.734566
exon_10892.fasta,exon_10892.tre,0.656917
exon_10893.fasta,exon_10893.tre,0.371212
exon_10894.fasta,exon_10894.tre,1.722227
exon_10895.fasta,exon_10895.tre,0.589243
exon_10897.fasta,exon_10897.tre,0.534892
exon_10898.fasta,exon_10898.tre,1.132778
exon_10899.fasta,exon_10899.tre,0.448325
exon_10901.fasta,exon_10901.tre,0.486104
exon_10902.fasta,exon_10902.tre,0.429408
exon_10903.fasta,exon_10903.tre,0.513443
exon_10904.fasta,exon_10904.tre,0.628071
exon_10905.fasta,exon_10905.tre,0.397454
exon_10906.fasta,exon_10906.tre,0.589354
exon_10908.fasta,exon_10908.tre,0.726260
exon_10909.fasta,exon_10909.tre,0.557764
exon_1091.fasta,exon_1091.tre,0.828017
exon_10910.fasta,exon_10910.tre,0.419591
exon_10911.fasta,exon_10911.tre,0.463274
exon_10912.fasta,exon_10912.tre,0.796674
exon_10913.fasta,exon_10913.tre,0.538242
exon_10915.fasta,exon_10915.tre,0.952572
exon_10917.fasta,exon_10917.tre,0.479377
exon_10918.fasta,exon_10918.tre,0.603679
exon_10919.fasta,exon_10919.tre,0.519138
exon_1092.fasta,exon_1092.tre,0.391998
exon_10920.fasta,exon_10920.tre,0.564537
exon_10921.fasta,exon_10921.tre,0.327146
exon_10922.fasta,exon_10922.tre,0.842564
exon_10923.fasta,exon_10923.tre,0.509952
exon_10924.fasta,exon_10924.tre,0.483966
exon_10925.fasta,exon_10925.tre,0.459983
exon_10926.fasta,exon_10926.tre,0.920033
exon_10929.fasta,exon_10929.tre,0.794941
exon_10930.fasta,exon_10930.tre,0.587291
exon_10933.fasta,exon_10933.tre,0.484213
exon_10934.fasta,exon_10934.tre,0.629126
exon_10935.fasta,exon_10935.tre,0.994440
exon_10939.fasta,exon_10939.tre,0.703037
exon_1094.fasta,exon_1094.tre,1.222555
exon_10940.fasta,exon_10940.tre,0.567147
exon_10942.fasta,exon_10942.tre,0.754946
exon_10945.fasta,exon_10945.tre,0.526983
exon_10946.fasta,exon_10946.tre,0.705990
exon_10947.fasta,exon_10947.tre,0.543671
exon_10949.fasta,exon_10949.tre,0.758981
exon_10950.fasta,exon_10950.tre,0.408916
exon_10951.fasta,exon_10951.tre,0.681718
exon_10952.fasta,exon_10952.tre,0.347257
exon_10953.fasta,exon_10953.tre,0.396393
exon_10954.fasta,exon_10954.tre,0.427500
exon_10955.fasta,exon_10955.tre,0.615164
exon_10956.fasta,exon_10956.tre,0.638697
exon_10957.fasta,exon_10957.tre,0.729600
exon_10958.fasta,exon_10958.tre,0.477134
exon_10959.fasta,exon_10959.tre,0.589295
exon_1096.fasta,exon_1096.tre,0.611688
exon_10963.fasta,exon_10963.tre,0.611882
exon_10965.fasta,exon_10965.tre,0.438410
exon_10966.fasta,exon_10966.tre,0.576711
exon_10967.fasta,exon_10967.tre,0.526432
exon_10968.fasta,exon_10968.tre,0.389345
exon_1097.fasta,exon_1097.tre,0.680591
exon_10970.fasta,exon_10970.tre,0.659582
exon_10971.fasta,exon_10971.tre,0.630244
exon_10972.fasta,exon_10972.tre,0.351746
exon_10973.fasta,exon_10973.tre,0.663418
exon_10974.fasta,exon_10974.tre,0.498971
exon_10975.fasta,exon_10975.tre,0.417242
exon_10977.fasta,exon_10977.tre,0.622571
exon_10978.fasta,exon_10978.tre,0.627602
exon_10979.fasta,exon_10979.tre,0.533535
exon_1098.fasta,exon_1098.tre,0.533943
exon_10980.fasta,exon_10980.tre,0.970094
exon_10981.fasta,exon_10981.tre,0.516119
exon_10983.fasta,exon_10983.tre,0.642271
exon_10985.fasta,exon_10985.tre,0.298042
exon_10986.fasta,exon_10986.tre,0.533025
exon_10987.fasta,exon_10987.tre,0.577612
exon_10988.fasta,exon_10988.tre,0.361033
exon_10989.fasta,exon_10989.tre,0.872989
exon_1099.fasta,exon_1099.tre,0.759969
exon_10990.fasta,exon_10990.tre,0.730000
exon_10992.fasta,exon_10992.tre,0.577945
exon_10994.fasta,exon_10994.tre,0.594375
exon_10995.fasta,exon_10995.tre,1.019855
exon_10996.fasta,exon_10996.tre,0.505335
exon_10997.fasta,exon_10997.tre,0.467177
exon_10998.fasta,exon_10998.tre,0.515439
exon_10999.fasta,exon_10999.tre,0.531282
exon_110.fasta,exon_110.tre,0.641899
exon_1100.fasta,exon_1100.tre,0.523260
exon_11000.fasta,exon_11000.tre,0.582920
exon_11002.fasta,exon_11002.tre,0.577145
exon_11003.fasta,exon_11003.tre,1.658219
exon_11004.fasta,exon_11004.tre,0.389203
exon_11005.fasta,exon_11005.tre,0.410863
exon_11007.fasta,exon_11007.tre,0.846296
exon_11008.fasta,exon_11008.tre,0.384567
exon_11009.fasta,exon_11009.tre,0.520098
exon_11010.fasta,exon_11010.tre,0.367501
exon_11011.fasta,exon_11011.tre,2.151357
exon_11012.fasta,exon_11012.tre,0.572633
exon_11014.fasta,exon_11014.tre,0.532017
exon_11015.fasta,exon_11015.tre,0.713449
exon_11016.fasta,exon_11016.tre,0.528905
exon_11017.fasta,exon_11017.tre,0.580533
exon_11018.fasta,exon_11018.tre,0.849325
exon_11019.fasta,exon_11019.tre,0.539109
exon_11020.fasta,exon_11020.tre,0.548586
exon_11021.fasta,exon_11021.tre,0.696936
exon_11022.fasta,exon_11022.tre,0.712397
exon_11023.fasta,exon_11023.tre,0.641304
exon_11024.fasta,exon_11024.tre,0.493875
exon_11025.fasta,exon_11025.tre,0.409371
exon_11026.fasta,exon_11026.tre,0.578890
exon_11027.fasta,exon_11027.tre,0.420467
exon_11028.fasta,exon_11028.tre,0.971686
exon_11029.fasta,exon_11029.tre,0.696793
exon_1103.fasta,exon_1103.tre,0.560608
exon_11030.fasta,exon_11030.tre,0.493045
exon_11033.fasta,exon_11033.tre,0.572592
exon_11034.fasta,exon_11034.tre,0.508385
exon_11035.fasta,exon_11035.tre,0.694176
exon_11037.fasta,exon_11037.tre,0.394220
exon_11038.fasta,exon_11038.tre,1.561258
exon_11039.fasta,exon_11039.tre,0.414200
exon_1104.fasta,exon_1104.tre,0.627337
exon_11042.fasta,exon_11042.tre,0.571914
exon_11043.fasta,exon_11043.tre,1.052170
exon_11044.fasta,exon_11044.tre,0.783776
exon_11045.fasta,exon_11045.tre,0.501133
exon_11046.fasta,exon_11046.tre,0.602032
exon_11048.fasta,exon_11048.tre,1.185389
exon_11050.fasta,exon_11050.tre,0.584000
exon_11051.fasta,exon_11051.tre,0.567669
exon_11052.fasta,exon_11052.tre,0.425007
exon_11053.fasta,exon_11053.tre,0.633399
exon_11054.fasta,exon_11054.tre,0.565590
exon_11057.fasta,exon_11057.tre,0.511607
exon_11058.fasta,exon_11058.tre,0.442514
exon_11061.fasta,exon_11061.tre,0.894463
exon_11065.fasta,exon_11065.tre,0.549354
exon_11067.fasta,exon_11067.tre,0.527373
exon_11068.fasta,exon_11068.tre,1.585366
exon_1107.fasta,exon_1107.tre,0.674360
exon_11070.fasta,exon_11070.tre,2.818195
exon_11071.fasta,exon_11071.tre,0.735776
exon_11072.fasta,exon_11072.tre,0.543504
exon_11073.fasta,exon_11073.tre,0.532997
exon_11075.fasta,exon_11075.tre,0.632118
exon_11076.fasta,exon_11076.tre,0.558651
exon_11077.fasta,exon_11077.tre,0.553584
exon_11078.fasta,exon_11078.tre,0.502803
exon_11080.fasta,exon_11080.tre,0.330470
exon_11084.fasta,exon_11084.tre,0.715635
exon_11085.fasta,exon_11085.tre,0.954960
exon_11086.fasta,exon_11086.tre,0.429603
exon_11087.fasta,exon_11087.tre,0.616024
exon_11088.fasta,exon_11088.tre,0.649426
exon_11089.fasta,exon_11089.tre,0.448666
exon_11090.fasta,exon_11090.tre,1.078343
exon_11091.fasta,exon_11091.tre,1.131225
exon_11092.fasta,exon_11092.tre,0.514191
exon_11093.fasta,exon_11093.tre,0.436047
exon_11094.fasta,exon_11094.tre,0.542493
exon_11096.fasta,exon_11096.tre,0.620363
exon_11097.fasta,exon_11097.tre,0.499134
exon_11098.fasta,exon_11098.tre,0.408216
exon_11099.fasta,exon_11099.tre,0.775105
exon_11100.fasta,exon_11100.tre,0.596124
exon_11101.fasta,exon_11101.tre,0.521698
exon_11102.fasta,exon_11102.tre,0.345058
exon_11103.fasta,exon_11103.tre,0.450971
exon_11104.fasta,exon_11104.tre,0.510733
exon_11106.fasta,exon_11106.tre,0.422482
exon_11107.fasta,exon_11107.tre,0.361775
exon_11108.fasta,exon_11108.tre,0.436328
exon_11109.fasta,exon_11109.tre,0.437724
exon_1111.fasta,exon_1111.tre,0.583559
exon_11114.fasta,exon_11114.tre,0.624961
exon_11116.fasta,exon_11116.tre,0.711908
exon_11117.fasta,exon_11117.tre,0.643902
exon_11118.fasta,exon_11118.tre,0.548315
exon_11119.fasta,exon_11119.tre,0.422568
exon_11120.fasta,exon_11120.tre,0.393938
exon_11121.fasta,exon_11121.tre,0.638784
exon_11123.fasta,exon_11123.tre,0.309016
exon_11124.fasta,exon_11124.tre,1.243940
exon_11125.fasta,exon_11125.tre,0.506757
exon_11127.fasta,exon_11127.tre,0.559009
exon_11128.fasta,exon_11128.tre,0.441560
exon_1113.fasta,exon_1113.tre,0.729359
exon_11130.fasta,exon_11130.tre,1.283813
exon_11131.fasta,exon_11131.tre,0.693135
exon_11132.fasta,exon_11132.tre,0.443350
exon_11133.fasta,exon_11133.tre,0.368059
exon_11134.fasta,exon_11134.tre,0.602905
exon_11136.fasta,exon_11136.tre,0.926871
exon_11137.fasta,exon_11137.tre,0.420065
exon_11138.fasta,exon_11138.tre,0.601934
exon_11139.fasta,exon_11139.tre,0.360118
exon_11140.fasta,exon_11140.tre,0.723888
exon_11141.fasta,exon_11141.tre,0.506035
exon_11143.fasta,exon_11143.tre,1.214568
exon_11144.fasta,exon_11144.tre,0.443434
exon_11146.fasta,exon_11146.tre,0.533512
exon_11147.fasta,exon_11147.tre,0.594854
exon_11148.fasta,exon_11148.tre,8.434270
exon_11149.fasta,exon_11149.tre,0.545345
exon_11150.fasta,exon_11150.tre,0.504063
exon_11151.fasta,exon_11151.tre,0.541896
exon_11153.fasta,exon_11153.tre,2.101002
exon_11154.fasta,exon_11154.tre,0.642687
exon_11155.fasta,exon_11155.tre,0.559179
exon_11156.fasta,exon_11156.tre,0.504173
exon_11158.fasta,exon_11158.tre,0.499668
exon_11159.fasta,exon_11159.tre,0.388762
exon_1116.fasta,exon_1116.tre,0.430510
exon_11162.fasta,exon_11162.tre,0.350878
exon_11163.fasta,exon_11163.tre,0.498399
exon_11164.fasta,exon_11164.tre,1.059491
exon_11165.fasta,exon_11165.tre,0.687390
exon_11166.fasta,exon_11166.tre,0.410297
exon_11167.fasta,exon_11167.tre,0.516109
exon_11168.fasta,exon_11168.tre,1.098541
exon_1117.fasta,exon_1117.tre,0.478601
exon_11171.fasta,exon_11171.tre,0.397207
exon_11172.fasta,exon_11172.tre,0.832575
exon_11173.fasta,exon_11173.tre,0.354301
exon_11174.fasta,exon_11174.tre,0.353652
exon_11175.fasta,exon_11175.tre,0.418313
exon_11176.fasta,exon_11176.tre,0.422839
exon_11178.fasta,exon_11178.tre,0.874456
exon_11179.fasta,exon_11179.tre,0.486130
exon_11180.fasta,exon_11180.tre,0.520822
exon_11181.fasta,exon_11181.tre,0.476631
exon_11182.fasta,exon_11182.tre,0.512034
exon_11183.fasta,exon_11183.tre,0.859870
exon_11184.fasta,exon_11184.tre,0.664183
exon_11185.fasta,exon_11185.tre,0.463337
exon_11186.fasta,exon_11186.tre,0.575798
exon_11187.fasta,exon_11187.tre,0.368684
exon_11188.fasta,exon_11188.tre,0.655762
exon_1119.fasta,exon_1119.tre,0.381669
exon_11190.fasta,exon_11190.tre,0.351189
exon_11192.fasta,exon_11192.tre,0.914467
exon_11193.fasta,exon_11193.tre,0.556642
exon_11194.fasta,exon_11194.tre,0.620769
exon_11195.fasta,exon_11195.tre,0.694589
exon_11196.fasta,exon_11196.tre,0.692244
exon_11197.fasta,exon_11197.tre,0.542328
exon_1120.fasta,exon_1120.tre,0.458220
exon_11200.fasta,exon_11200.tre,0.718398
exon_11202.fasta,exon_11202.tre,0.421359
exon_11204.fasta,exon_11204.tre,0.904874
exon_11205.fasta,exon_11205.tre,1.750847
exon_11206.fasta,exon_11206.tre,0.444724
exon_11208.fasta,exon_11208.tre,0.709211
exon_11209.fasta,exon_11209.tre,0.761047
exon_11210.fasta,exon_11210.tre,1.377218
exon_11211.fasta,exon_11211.tre,0.485549
exon_11212.fasta,exon_11212.tre,0.531793
exon_11213.fasta,exon_11213.tre,0.563138
exon_11214.fasta,exon_11214.tre,0.599952
exon_11215.fasta,exon_11215.tre,0.604803
exon_11216.fasta,exon_11216.tre,0.532222
exon_11217.fasta,exon_11217.tre,0.687210
exon_11218.fasta,exon_11218.tre,0.526426
exon_11219.fasta,exon_11219.tre,0.700258
exon_11221.fasta,exon_11221.tre,0.423944
exon_11222.fasta,exon_11222.tre,0.626470
exon_11223.fasta,exon_11223.tre,0.742233
exon_11224.fasta,exon_11224.tre,0.507101
exon_11225.fasta,exon_11225.tre,0.418112
exon_11226.fasta,exon_11226.tre,0.739202
exon_11227.fasta,exon_11227.tre,0.733879
exon_11229.fasta,exon_11229.tre,0.558001
exon_1123.fasta,exon_1123.tre,0.514422
exon_11230.fasta,exon_11230.tre,0.580430
exon_11231.fasta,exon_11231.tre,0.506676
exon_11232.fasta,exon_11232.tre,1.064343
exon_11233.fasta,exon_11233.tre,0.661081
exon_11234.fasta,exon_11234.tre,0.571093
exon_11235.fasta,exon_11235.tre,0.832922
exon_11236.fasta,exon_11236.tre,0.422180
exon_11237.fasta,exon_11237.tre,0.728043
exon_11238.fasta,exon_11238.tre,0.624545
exon_11239.fasta,exon_11239.tre,0.603667
exon_1124.fasta,exon_1124.tre,1.076193
exon_11241.fasta,exon_11241.tre,0.550366
exon_11242.fasta,exon_11242.tre,0.389465
exon_11243.fasta,exon_11243.tre,0.449497
exon_11245.fasta,exon_11245.tre,0.380305
exon_11246.fasta,exon_11246.tre,0.685507
exon_11247.fasta,exon_11247.tre,0.563566
exon_11248.fasta,exon_11248.tre,0.730744
exon_11249.fasta,exon_11249.tre,0.539494
exon_1125.fasta,exon_1125.tre,0.381484
exon_11252.fasta,exon_11252.tre,0.630775
exon_11253.fasta,exon_11253.tre,0.769925
exon_11254.fasta,exon_11254.tre,0.529166
exon_11255.fasta,exon_11255.tre,0.452193
exon_11256.fasta,exon_11256.tre,0.484088
exon_11257.fasta,exon_11257.tre,0.589248
exon_11258.fasta,exon_11258.tre,0.566055
exon_11260.fasta,exon_11260.tre,0.578249
exon_11263.fasta,exon_11263.tre,0.670544
exon_11265.fasta,exon_11265.tre,0.632750
exon_11266.fasta,exon_11266.tre,0.532722
exon_11267.fasta,exon_11267.tre,0.530650
exon_11268.fasta,exon_11268.tre,0.614517
exon_11269.fasta,exon_11269.tre,0.651215
exon_11270.fasta,exon_11270.tre,0.467748
exon_11271.fasta,exon_11271.tre,0.505116
exon_11272.fasta,exon_11272.tre,0.692398
exon_11274.fasta,exon_11274.tre,0.435405
exon_11275.fasta,exon_11275.tre,0.534039
exon_11276.fasta,exon_11276.tre,0.876989
exon_11278.fasta,exon_11278.tre,0.357138
exon_11279.fasta,exon_11279.tre,0.392046
exon_11280.fasta,exon_11280.tre,0.442231
exon_11281.fasta,exon_11281.tre,0.391582
exon_11282.fasta,exon_11282.tre,0.476786
exon_11284.fasta,exon_11284.tre,0.439088
exon_11285.fasta,exon_11285.tre,0.506799
exon_11286.fasta,exon_11286.tre,0.524234
exon_11287.fasta,exon_11287.tre,0.546253
exon_11288.fasta,exon_11288.tre,1.084606
exon_11289.fasta,exon_11289.tre,0.435555
exon_1129.fasta,exon_1129.tre,0.592816
exon_11290.fasta,exon_11290.tre,0.571902
exon_11291.fasta,exon_11291.tre,0.446960
exon_11292.fasta,exon_11292.tre,0.811826
exon_11295.fasta,exon_11295.tre,1.207967
exon_11296.fasta,exon_11296.tre,0.445406
exon_11298.fasta,exon_11298.tre,0.358858
exon_11299.fasta,exon_11299.tre,0.727347
exon_1130.fasta,exon_1130.tre,0.554554
exon_11301.fasta,exon_11301.tre,0.789347
exon_11302.fasta,exon_11302.tre,0.407633
exon_11303.fasta,exon_11303.tre,1.626506
exon_11304.fasta,exon_11304.tre,0.596565
exon_11305.fasta,exon_11305.tre,0.365947
exon_11306.fasta,exon_11306.tre,0.505663
exon_11308.fasta,exon_11308.tre,0.877450
exon_11309.fasta,exon_11309.tre,0.447139
exon_1131.fasta,exon_1131.tre,0.477280
exon_11310.fasta,exon_11310.tre,0.684973
exon_11311.fasta,exon_11311.tre,0.701633
exon_11312.fasta,exon_11312.tre,0.424109
exon_11313.fasta,exon_11313.tre,0.350399
exon_11314.fasta,exon_11314.tre,1.151872
exon_11316.fasta,exon_11316.tre,0.730346
exon_11317.fasta,exon_11317.tre,0.343835
exon_11318.fasta,exon_11318.tre,0.567123
exon_11319.fasta,exon_11319.tre,0.896668
exon_1132.fasta,exon_1132.tre,0.704866
exon_11320.fasta,exon_11320.tre,0.429785
exon_11321.fasta,exon_11321.tre,0.562158
exon_11323.fasta,exon_11323.tre,0.633071
exon_11324.fasta,exon_11324.tre,0.704176
exon_11325.fasta,exon_11325.tre,0.547941
exon_11326.fasta,exon_11326.tre,0.516058
exon_11328.fasta,exon_11328.tre,0.588216
exon_1133.fasta,exon_1133.tre,0.395870
exon_11331.fasta,exon_11331.tre,0.314558
exon_11332.fasta,exon_11332.tre,0.416936
exon_11333.fasta,exon_11333.tre,0.582021
exon_11334.fasta,exon_11334.tre,0.668499
exon_11336.fasta,exon_11336.tre,1.036424
exon_11339.fasta,exon_11339.tre,0.506068
exon_1134.fasta,exon_1134.tre,0.559374
exon_11341.fasta,exon_11341.tre,0.687902
exon_11342.fasta,exon_11342.tre,0.740295
exon_11344.fasta,exon_11344.tre,0.459128
exon_11345.fasta,exon_11345.tre,0.445897
exon_11349.fasta,exon_11349.tre,0.617395
exon_1135.fasta,exon_1135.tre,0.806791
exon_11351.fasta,exon_11351.tre,0.455963
exon_11352.fasta,exon_11352.tre,1.075993
exon_11353.fasta,exon_11353.tre,0.634149
exon_11354.fasta,exon_11354.tre,0.514929
exon_11355.fasta,exon_11355.tre,0.743985
exon_11356.fasta,exon_11356.tre,1.395022
exon_11357.fasta,exon_11357.tre,1.801800
exon_11358.fasta,exon_11358.tre,0.511016
exon_11359.fasta,exon_11359.tre,0.681077
exon_11360.fasta,exon_11360.tre,0.771762
exon_11361.fasta,exon_11361.tre,0.572818
exon_11362.fasta,exon_11362.tre,0.546412
exon_11363.fasta,exon_11363.tre,0.445997
exon_11364.fasta,exon_11364.tre,0.401380
exon_11365.fasta,exon_11365.tre,0.348010
exon_11366.fasta,exon_11366.tre,0.410299
exon_11367.fasta,exon_11367.tre,0.475986
exon_11368.fasta,exon_11368.tre,0.431701
exon_11369.fasta,exon_11369.tre,0.499528
exon_1137.fasta,exon_1137.tre,0.555493
exon_11370.fasta,exon_11370.tre,0.330637
exon_11371.fasta,exon_11371.tre,0.515538
exon_11372.fasta,exon_11372.tre,0.523180
exon_11375.fasta,exon_11375.tre,0.373914
exon_11376.fasta,exon_11376.tre,0.433290
exon_11377.fasta,exon_11377.tre,0.644114
exon_11378.fasta,exon_11378.tre,0.705836
exon_11379.fasta,exon_11379.tre,0.417363
exon_11380.fasta,exon_11380.tre,0.409796
exon_11381.fasta,exon_11381.tre,0.528193
exon_11382.fasta,exon_11382.tre,0.632783
exon_11386.fasta,exon_11386.tre,0.650949
exon_11388.fasta,exon_11388.tre,0.620434
exon_11389.fasta,exon_11389.tre,0.580500
exon_1139.fasta,exon_1139.tre,0.650072
exon_11391.fasta,exon_11391.tre,1.039709
exon_11394.fasta,exon_11394.tre,1.820566
exon_11395.fasta,exon_11395.tre,0.582277
exon_11397.fasta,exon_11397.tre,0.676457
exon_114.fasta,exon_114.tre,0.389729
exon_11401.fasta,exon_11401.tre,0.557185
exon_11402.fasta,exon_11402.tre,0.656281
exon_11403.fasta,exon_11403.tre,0.653721
exon_11404.fasta,exon_11404.tre,0.650443
exon_11405.fasta,exon_11405.tre,0.360349
exon_11407.fasta,exon_11407.tre,0.596075
exon_11408.fasta,exon_11408.tre,0.536898
exon_1141.fasta,exon_1141.tre,3.007758
exon_11413.fasta,exon_11413.tre,0.407235
exon_11415.fasta,exon_11415.tre,0.474267
exon_11416.fasta,exon_11416.tre,0.956640
exon_11417.fasta,exon_11417.tre,0.687953
exon_11418.fasta,exon_11418.tre,0.386750
exon_11419.fasta,exon_11419.tre,0.484444
exon_11420.fasta,exon_11420.tre,0.744535
exon_11421.fasta,exon_11421.tre,0.662982
exon_11422.fasta,exon_11422.tre,0.712644
exon_11424.fasta,exon_11424.tre,0.614830
exon_11425.fasta,exon_11425.tre,0.666101
exon_11426.fasta,exon_11426.tre,0.429080
exon_11429.fasta,exon_11429.tre,0.500667
exon_11430.fasta,exon_11430.tre,0.747561
exon_11432.fasta,exon_11432.tre,0.806965
exon_11433.fasta,exon_11433.tre,0.509284
exon_11434.fasta,exon_11434.tre,0.526528
exon_11435.fasta,exon_11435.tre,0.571562
exon_11436.fasta,exon_11436.tre,0.403167
exon_11437.fasta,exon_11437.tre,0.447169
exon_11438.fasta,exon_11438.tre,1.119676
exon_11439.fasta,exon_11439.tre,0.582838
exon_1144.fasta,exon_1144.tre,0.643924
exon_11441.fasta,exon_11441.tre,0.666535
exon_11444.fasta,exon_11444.tre,0.583316
exon_11445.fasta,exon_11445.tre,0.696912
exon_11446.fasta,exon_11446.tre,0.539330
exon_11447.fasta,exon_11447.tre,0.587877
exon_11449.fasta,exon_11449.tre,0.751424
exon_11450.fasta,exon_11450.tre,0.348428
exon_11451.fasta,exon_11451.tre,0.518726
exon_11452.fasta,exon_11452.tre,0.413150
exon_11453.fasta,exon_11453.tre,0.717115
exon_11456.fasta,exon_11456.tre,0.526900
exon_11457.fasta,exon_11457.tre,0.537513
exon_11458.fasta,exon_11458.tre,0.387872
exon_1146.fasta,exon_1146.tre,0.628769
exon_11460.fasta,exon_11460.tre,0.513096
exon_11461.fasta,exon_11461.tre,0.503026
exon_11462.fasta,exon_11462.tre,0.444703
exon_11463.fasta,exon_11463.tre,0.481854
exon_11464.fasta,exon_11464.tre,0.535280
exon_11465.fasta,exon_11465.tre,0.651568
exon_11466.fasta,exon_11466.tre,0.342935
exon_11467.fasta,exon_11467.tre,0.495510
exon_11469.fasta,exon_11469.tre,0.659493
exon_1147.fasta,exon_1147.tre,0.943525
exon_11470.fasta,exon_11470.tre,0.963186
exon_11472.fasta,exon_11472.tre,0.603574
exon_11473.fasta,exon_11473.tre,0.367284
exon_11474.fasta,exon_11474.tre,0.661909
exon_11475.fasta,exon_11475.tre,0.587247
exon_11476.fasta,exon_11476.tre,0.707235
exon_11477.fasta,exon_11477.tre,0.877654
exon_11478.fasta,exon_11478.tre,0.379354
exon_11479.fasta,exon_11479.tre,0.334216
exon_11481.fasta,exon_11481.tre,0.844751
exon_11482.fasta,exon_11482.tre,0.575797
exon_11483.fasta,exon_11483.tre,0.723773
exon_11484.fasta,exon_11484.tre,0.536773
exon_11485.fasta,exon_11485.tre,0.556837
exon_11486.fasta,exon_11486.tre,0.621536
exon_11487.fasta,exon_11487.tre,0.623998
exon_11488.fasta,exon_11488.tre,0.970798
exon_11489.fasta,exon_11489.tre,0.636683
exon_1149.fasta,exon_1149.tre,0.593179
exon_11490.fasta,exon_11490.tre,0.689909
exon_11491.fasta,exon_11491.tre,0.479655
exon_11492.fasta,exon_11492.tre,0.522417
exon_11493.fasta,exon_11493.tre,0.505156
exon_11494.fasta,exon_11494.tre,0.523885
exon_11496.fasta,exon_11496.tre,0.520460
exon_11497.fasta,exon_11497.tre,0.557128
exon_11498.fasta,exon_11498.tre,0.594406
exon_115.fasta,exon_115.tre,0.654725
exon_11501.fasta,exon_11501.tre,0.391269
exon_11502.fasta,exon_11502.tre,0.591611
exon_11503.fasta,exon_11503.tre,0.947040
exon_11504.fasta,exon_11504.tre,0.383765
exon_11506.fasta,exon_11506.tre,0.500781
exon_11507.fasta,exon_11507.tre,0.772713
exon_11508.fasta,exon_11508.tre,0.555509
exon_11509.fasta,exon_11509.tre,0.526475
exon_11510.fasta,exon_11510.tre,0.716269
exon_11514.fasta,exon_11514.tre,0.698367
exon_11515.fasta,exon_11515.tre,0.871348
exon_11516.fasta,exon_11516.tre,1.498008
exon_11517.fasta,exon_11517.tre,0.438036
exon_11519.fasta,exon_11519.tre,0.449741
exon_1152.fasta,exon_1152.tre,2.984460
exon_11520.fasta,exon_11520.tre,1.239913
exon_11521.fasta,exon_11521.tre,0.931119
exon_11524.fasta,exon_11524.tre,0.574690
exon_11525.fasta,exon_11525.tre,0.603557
exon_11526.fasta,exon_11526.tre,0.535864
exon_11527.fasta,exon_11527.tre,0.650386
exon_11528.fasta,exon_11528.tre,0.576198
exon_11530.fasta,exon_11530.tre,0.610434
exon_11532.fasta,exon_11532.tre,1.606516
exon_11533.fasta,exon_11533.tre,2.761533
exon_11536.fasta,exon_11536.tre,0.484086
exon_11537.fasta,exon_11537.tre,0.455644
exon_11538.fasta,exon_11538.tre,0.541649
exon_11539.fasta,exon_11539.tre,0.334528
exon_11540.fasta,exon_11540.tre,0.530204
exon_11542.fasta,exon_11542.tre,0.415083
exon_11543.fasta,exon_11543.tre,0.735139
exon_11545.fasta,exon_11545.tre,0.507052
exon_11546.fasta,exon_11546.tre,0.447292
exon_11548.fasta,exon_11548.tre,0.499162
exon_1155.fasta,exon_1155.tre,0.711105
exon_11550.fasta,exon_11550.tre,0.468931
exon_11552.fasta,exon_11552.tre,0.587239
exon_11553.fasta,exon_11553.tre,0.362385
exon_11556.fasta,exon_11556.tre,0.374938
exon_11557.fasta,exon_11557.tre,0.458677
exon_11559.fasta,exon_11559.tre,0.489735
exon_11563.fasta,exon_11563.tre,0.640213
exon_11564.fasta,exon_11564.tre,0.388710
exon_11565.fasta,exon_11565.tre,0.614187
exon_11567.fasta,exon_11567.tre,0.402189
exon_11571.fasta,exon_11571.tre,0.525626
exon_11572.fasta,exon_11572.tre,0.581848
exon_11574.fasta,exon_11574.tre,0.585708
exon_11576.fasta,exon_11576.tre,0.457247
exon_11578.fasta,exon_11578.tre,0.450796
exon_11579.fasta,exon_11579.tre,0.531064
exon_1158.fasta,exon_1158.tre,0.596040
exon_11580.fasta,exon_11580.tre,0.444075
exon_11581.fasta,exon_11581.tre,0.451206
exon_11582.fasta,exon_11582.tre,0.675115
exon_11583.fasta,exon_11583.tre,0.585085
exon_11584.fasta,exon_11584.tre,0.806217
exon_11585.fasta,exon_11585.tre,0.382444
exon_11586.fasta,exon_11586.tre,0.488464
exon_11588.fasta,exon_11588.tre,0.495118
exon_11589.fasta,exon_11589.tre,0.562409
exon_11590.fasta,exon_11590.tre,0.624602
exon_11592.fasta,exon_11592.tre,0.342010
exon_116.fasta,exon_116.tre,0.611441
exon_11601.fasta,exon_11601.tre,0.422558
exon_11602.fasta,exon_11602.tre,0.533738
exon_11603.fasta,exon_11603.tre,0.508323
exon_11604.fasta,exon_11604.tre,0.697963
exon_11608.fasta,exon_11608.tre,0.556562
exon_11609.fasta,exon_11609.tre,0.522949
exon_11611.fasta,exon_11611.tre,0.603885
exon_11619.fasta,exon_11619.tre,0.510600
exon_1162.fasta,exon_1162.tre,0.516641
exon_11621.fasta,exon_11621.tre,0.905635
exon_11622.fasta,exon_11622.tre,0.556327
exon_11623.fasta,exon_11623.tre,0.806470
exon_11626.fasta,exon_11626.tre,0.531507
exon_11629.fasta,exon_11629.tre,0.731358
exon_11632.fasta,exon_11632.tre,0.379045
exon_11633.fasta,exon_11633.tre,0.716337
exon_11634.fasta,exon_11634.tre,0.530237
exon_11635.fasta,exon_11635.tre,0.621449
exon_11638.fasta,exon_11638.tre,0.392435
exon_11642.fasta,exon_11642.tre,0.425289
exon_11643.fasta,exon_11643.tre,0.500964
exon_11644.fasta,exon_11644.tre,0.990287
exon_11645.fasta,exon_11645.tre,0.536922
exon_11646.fasta,exon_11646.tre,0.464282
exon_11647.fasta,exon_11647.tre,0.791836
exon_11648.fasta,exon_11648.tre,0.479650
exon_11652.fasta,exon_11652.tre,0.812370
exon_11654.fasta,exon_11654.tre,0.556404
exon_11655.fasta,exon_11655.tre,0.508807
exon_11656.fasta,exon_11656.tre,0.495995
exon_11657.fasta,exon_11657.tre,0.406984
exon_1166.fasta,exon_1166.tre,0.874031
exon_11660.fasta,exon_11660.tre,0.357499
exon_11661.fasta,exon_11661.tre,0.526226
exon_11662.fasta,exon_11662.tre,0.537317
exon_11663.fasta,exon_11663.tre,0.798668
exon_11667.fasta,exon_11667.tre,0.432768
exon_11669.fasta,exon_11669.tre,0.674584
exon_11670.fasta,exon_11670.tre,0.356012
exon_11671.fasta,exon_11671.tre,0.519611
exon_11673.fasta,exon_11673.tre,0.627172
exon_11674.fasta,exon_11674.tre,0.480518
exon_11675.fasta,exon_11675.tre,0.408137
exon_11677.fasta,exon_11677.tre,0.569044
exon_11678.fasta,exon_11678.tre,0.585465
exon_11679.fasta,exon_11679.tre,0.572373
exon_1168.fasta,exon_1168.tre,0.642496
exon_11681.fasta,exon_11681.tre,0.506672
exon_11683.fasta,exon_11683.tre,0.421915
exon_11686.fasta,exon_11686.tre,0.938834
exon_11687.fasta,exon_11687.tre,0.696119
exon_11688.fasta,exon_11688.tre,0.411742
exon_1169.fasta,exon_1169.tre,0.608481
exon_11691.fasta,exon_11691.tre,0.679933
exon_11692.fasta,exon_11692.tre,0.451237
exon_11693.fasta,exon_11693.tre,0.456748
exon_11694.fasta,exon_11694.tre,0.766940
exon_11695.fasta,exon_11695.tre,0.544988
exon_11696.fasta,exon_11696.tre,0.419935
exon_11698.fasta,exon_11698.tre,0.914310
exon_11699.fasta,exon_11699.tre,0.626026
exon_11700.fasta,exon_11700.tre,1.423532
exon_11702.fasta,exon_11702.tre,0.486163
exon_11704.fasta,exon_11704.tre,0.423420
exon_11705.fasta,exon_11705.tre,0.559927
exon_11706.fasta,exon_11706.tre,0.659305
exon_11708.fasta,exon_11708.tre,0.497354
exon_11709.fasta,exon_11709.tre,0.978240
exon_11710.fasta,exon_11710.tre,0.604119
exon_11711.fasta,exon_11711.tre,0.597234
exon_11713.fasta,exon_11713.tre,0.635882
exon_11714.fasta,exon_11714.tre,0.571459
exon_11716.fasta,exon_11716.tre,0.599400
exon_11717.fasta,exon_11717.tre,0.675087
exon_11718.fasta,exon_11718.tre,0.349461
exon_1172.fasta,exon_1172.tre,0.666464
exon_11721.fasta,exon_11721.tre,0.761908
exon_11722.fasta,exon_11722.tre,0.658432
exon_11725.fasta,exon_11725.tre,0.651652
exon_11727.fasta,exon_11727.tre,0.698761
exon_11728.fasta,exon_11728.tre,0.434294
exon_11729.fasta,exon_11729.tre,0.588088
exon_1173.fasta,exon_1173.tre,3.395691
exon_11730.fasta,exon_11730.tre,0.421507
exon_11731.fasta,exon_11731.tre,0.675124
exon_11732.fasta,exon_11732.tre,0.550340
exon_11733.fasta,exon_11733.tre,0.778498
exon_11734.fasta,exon_11734.tre,1.050949
exon_11735.fasta,exon_11735.tre,0.609446
exon_11736.fasta,exon_11736.tre,0.687369
exon_11737.fasta,exon_11737.tre,1.356107
exon_11738.fasta,exon_11738.tre,0.581919
exon_11739.fasta,exon_11739.tre,0.714524
exon_11743.fasta,exon_11743.tre,0.567874
exon_11744.fasta,exon_11744.tre,2.827451
exon_11745.fasta,exon_11745.tre,0.456030
exon_11746.fasta,exon_11746.tre,0.516761
exon_11747.fasta,exon_11747.tre,0.809510
exon_11750.fasta,exon_11750.tre,0.354662
exon_11751.fasta,exon_11751.tre,0.433863
exon_11752.fasta,exon_11752.tre,0.395555
exon_11753.fasta,exon_11753.tre,2.471704
exon_11754.fasta,exon_11754.tre,0.552071
exon_11756.fasta,exon_11756.tre,0.694660
exon_11757.fasta,exon_11757.tre,0.739341
exon_11759.fasta,exon_11759.tre,0.481018
exon_1176.fasta,exon_1176.tre,0.526540
exon_11760.fasta,exon_11760.tre,0.557477
exon_11762.fasta,exon_11762.tre,0.605653
exon_11764.fasta,exon_11764.tre,0.817889
exon_11766.fasta,exon_11766.tre,0.518410
exon_11767.fasta,exon_11767.tre,0.525944
exon_11770.fasta,exon_11770.tre,0.440933
exon_11772.fasta,exon_11772.tre,0.694453
exon_11775.fasta,exon_11775.tre,0.415873
exon_11776.fasta,exon_11776.tre,0.395564
exon_11778.fasta,exon_11778.tre,0.494864
exon_11779.fasta,exon_11779.tre,0.693266
exon_1178.fasta,exon_1178.tre,0.579747
exon_11781.fasta,exon_11781.tre,0.605304
exon_11783.fasta,exon_11783.tre,0.430326
exon_11784.fasta,exon_11784.tre,0.639102
exon_11785.fasta,exon_11785.tre,0.523854
exon_11788.fasta,exon_11788.tre,0.703700
exon_11789.fasta,exon_11789.tre,0.559080
exon_11790.fasta,exon_11790.tre,0.410005
exon_11791.fasta,exon_11791.tre,0.577456
exon_11792.fasta,exon_11792.tre,0.559364
exon_11793.fasta,exon_11793.tre,0.672749
exon_11794.fasta,exon_11794.tre,0.652817
exon_11795.fasta,exon_11795.tre,0.446476
exon_11796.fasta,exon_11796.tre,0.417068
exon_11797.fasta,exon_11797.tre,0.666986
exon_11798.fasta,exon_11798.tre,0.386847
exon_1180.fasta,exon_1180.tre,0.768490
exon_11801.fasta,exon_11801.tre,0.479654
exon_11802.fasta,exon_11802.tre,0.702708
exon_11805.fasta,exon_11805.tre,0.574945
exon_1181.fasta,exon_1181.tre,0.700909
exon_11810.fasta,exon_11810.tre,0.346557
exon_11811.fasta,exon_11811.tre,0.432201
exon_11812.fasta,exon_11812.tre,0.512903
exon_11813.fasta,exon_11813.tre,0.581866
exon_11814.fasta,exon_11814.tre,0.362356
exon_11815.fasta,exon_11815.tre,1.144619
exon_11816.fasta,exon_11816.tre,0.423206
exon_11819.fasta,exon_11819.tre,0.955373
exon_1182.fasta,exon_1182.tre,1.281103
exon_11820.fasta,exon_11820.tre,0.846388
exon_11822.fasta,exon_11822.tre,0.695626
exon_11823.fasta,exon_11823.tre,0.414207
exon_11825.fasta,exon_11825.tre,0.332966
exon_11828.fasta,exon_11828.tre,0.793574
exon_1183.fasta,exon_1183.tre,0.600808
exon_11832.fasta,exon_11832.tre,0.605299
exon_11833.fasta,exon_11833.tre,0.434725
exon_11834.fasta,exon_11834.tre,0.360616
exon_11835.fasta,exon_11835.tre,0.658917
exon_11838.fasta,exon_11838.tre,0.548406
exon_11839.fasta,exon_11839.tre,0.855258
exon_11840.fasta,exon_11840.tre,0.797346
exon_11842.fasta,exon_11842.tre,0.531460
exon_11844.fasta,exon_11844.tre,0.769432
exon_11846.fasta,exon_11846.tre,0.617154
exon_11847.fasta,exon_11847.tre,0.565907
exon_11848.fasta,exon_11848.tre,0.391674
exon_11849.fasta,exon_11849.tre,0.955760
exon_11853.fasta,exon_11853.tre,0.817297
exon_11854.fasta,exon_11854.tre,0.465556
exon_11855.fasta,exon_11855.tre,0.708429
exon_11856.fasta,exon_11856.tre,0.598739
exon_11858.fasta,exon_11858.tre,0.366553
exon_1186.fasta,exon_1186.tre,0.589969
exon_11860.fasta,exon_11860.tre,0.578891
exon_11861.fasta,exon_11861.tre,0.519605
exon_11863.fasta,exon_11863.tre,0.551708
exon_11864.fasta,exon_11864.tre,0.582797
exon_11865.fasta,exon_11865.tre,0.732734
exon_11866.fasta,exon_11866.tre,0.503559
exon_11868.fasta,exon_11868.tre,0.677435
exon_11869.fasta,exon_11869.tre,0.493108
exon_11870.fasta,exon_11870.tre,0.587228
exon_11872.fasta,exon_11872.tre,0.552238
exon_11875.fasta,exon_11875.tre,0.650781
exon_11876.fasta,exon_11876.tre,0.519146
exon_11877.fasta,exon_11877.tre,0.569917
exon_11878.fasta,exon_11878.tre,0.474840
exon_11879.fasta,exon_11879.tre,0.439631
exon_11881.fasta,exon_11881.tre,0.483575
exon_11884.fasta,exon_11884.tre,0.967542
exon_11885.fasta,exon_11885.tre,0.648407
exon_11886.fasta,exon_11886.tre,0.603612
exon_11889.fasta,exon_11889.tre,0.484956
exon_1189.fasta,exon_1189.tre,0.509189
exon_11890.fasta,exon_11890.tre,0.426334
exon_11891.fasta,exon_11891.tre,0.348748
exon_11893.fasta,exon_11893.tre,1.101230
exon_11894.fasta,exon_11894.tre,0.344773
exon_11895.fasta,exon_11895.tre,0.413360
exon_11897.fasta,exon_11897.tre,0.426647
exon_11899.fasta,exon_11899.tre,0.678575
exon_1190.fasta,exon_1190.tre,1.006305
exon_11900.fasta,exon_11900.tre,0.349292
exon_11901.fasta,exon_11901.tre,0.422285
exon_11903.fasta,exon_11903.tre,1.593637
exon_11905.fasta,exon_11905.tre,0.438404
exon_11906.fasta,exon_11906.tre,0.609823
exon_11907.fasta,exon_11907.tre,0.578342
exon_11908.fasta,exon_11908.tre,0.577924
exon_11909.fasta,exon_11909.tre,0.604630
exon_11910.fasta,exon_11910.tre,1.017934
exon_11911.fasta,exon_11911.tre,0.674540
exon_11912.fasta,exon_11912.tre,0.505174
exon_11913.fasta,exon_11913.tre,0.671633
exon_11914.fasta,exon_11914.tre,0.386636
exon_11916.fasta,exon_11916.tre,0.321158
exon_11917.fasta,exon_11917.tre,0.305154
exon_11918.fasta,exon_11918.tre,0.349794
exon_11919.fasta,exon_11919.tre,0.521905
exon_1192.fasta,exon_1192.tre,1.322100
exon_11920.fasta,exon_11920.tre,0.731898
exon_11921.fasta,exon_11921.tre,0.569123
exon_11923.fasta,exon_11923.tre,0.364029
exon_11925.fasta,exon_11925.tre,0.495528
exon_11926.fasta,exon_11926.tre,0.407505
exon_11927.fasta,exon_11927.tre,0.486769
exon_11929.fasta,exon_11929.tre,0.547355
exon_1193.fasta,exon_1193.tre,0.578039
exon_11930.fasta,exon_11930.tre,1.961124
exon_11931.fasta,exon_11931.tre,0.475894
exon_11932.fasta,exon_11932.tre,0.459827
exon_11934.fasta,exon_11934.tre,0.838481
exon_11936.fasta,exon_11936.tre,0.413465
exon_11937.fasta,exon_11937.tre,1.070453
exon_1194.fasta,exon_1194.tre,0.910453
exon_11942.fasta,exon_11942.tre,0.512626
exon_11943.fasta,exon_11943.tre,0.427211
exon_11944.fasta,exon_11944.tre,0.428529
exon_11945.fasta,exon_11945.tre,0.480023
exon_11947.fasta,exon_11947.tre,0.501571
exon_11948.fasta,exon_11948.tre,0.691745
exon_11949.fasta,exon_11949.tre,0.902784
exon_1195.fasta,exon_1195.tre,0.485499
exon_11951.fasta,exon_11951.tre,0.433785
exon_11954.fasta,exon_11954.tre,0.621286
exon_11955.fasta,exon_11955.tre,0.495889
exon_11956.fasta,exon_11956.tre,0.525871
exon_11957.fasta,exon_11957.tre,0.487777
exon_11958.fasta,exon_11958.tre,0.300312
exon_1196.fasta,exon_1196.tre,0.952631
exon_11962.fasta,exon_11962.tre,1.085391
exon_11964.fasta,exon_11964.tre,0.550223
exon_11965.fasta,exon_11965.tre,0.959894
exon_11966.fasta,exon_11966.tre,3.441703
exon_11967.fasta,exon_11967.tre,0.542501
exon_11969.fasta,exon_11969.tre,0.507280
exon_1197.fasta,exon_1197.tre,0.376987
exon_11971.fasta,exon_11971.tre,0.686302
exon_11972.fasta,exon_11972.tre,0.380374
exon_11974.fasta,exon_11974.tre,0.415332
exon_11976.fasta,exon_11976.tre,0.565137
exon_11977.fasta,exon_11977.tre,0.414280
exon_11979.fasta,exon_11979.tre,0.651315
exon_1198.fasta,exon_1198.tre,0.708437
exon_11982.fasta,exon_11982.tre,0.828447
exon_11983.fasta,exon_11983.tre,0.634273
exon_11984.fasta,exon_11984.tre,0.552127
exon_11988.fasta,exon_11988.tre,0.448669
exon_11990.fasta,exon_11990.tre,0.422446
exon_11991.fasta,exon_11991.tre,0.560406
exon_11992.fasta,exon_11992.tre,0.495875
exon_11994.fasta,exon_11994.tre,0.740962
exon_11995.fasta,exon_11995.tre,0.555194
exon_11996.fasta,exon_11996.tre,1.376950
exon_11997.fasta,exon_11997.tre,0.463525
exon_11999.fasta,exon_11999.tre,0.346782
exon_12.fasta,exon_12.tre,0.423339
exon_1200.fasta,exon_1200.tre,1.726635
exon_12002.fasta,exon_12002.tre,0.548814
exon_12003.fasta,exon_12003.tre,0.502144
exon_12004.fasta,exon_12004.tre,0.484491
exon_12007.fasta,exon_12007.tre,0.658935
exon_12008.fasta,exon_12008.tre,0.632246
exon_12009.fasta,exon_12009.tre,0.797182
exon_12012.fasta,exon_12012.tre,0.752018
exon_12014.fasta,exon_12014.tre,0.529279
exon_12015.fasta,exon_12015.tre,0.420417
exon_12016.fasta,exon_12016.tre,0.535719
exon_12018.fasta,exon_12018.tre,0.468296
exon_12021.fasta,exon_12021.tre,0.535315
exon_12023.fasta,exon_12023.tre,1.271921
exon_12025.fasta,exon_12025.tre,0.646281
exon_12026.fasta,exon_12026.tre,0.344432
exon_12028.fasta,exon_12028.tre,0.619062
exon_12030.fasta,exon_12030.tre,0.677154
exon_12031.fasta,exon_12031.tre,0.629229
exon_12032.fasta,exon_12032.tre,0.681865
exon_12033.fasta,exon_12033.tre,0.469008
exon_12034.fasta,exon_12034.tre,0.745401
exon_12035.fasta,exon_12035.tre,2.490446
exon_12038.fasta,exon_12038.tre,0.616646
exon_12039.fasta,exon_12039.tre,0.388886
exon_1204.fasta,exon_1204.tre,0.699787
exon_12041.fasta,exon_12041.tre,0.673522
exon_12042.fasta,exon_12042.tre,0.492565
exon_12043.fasta,exon_12043.tre,0.711241
exon_12044.fasta,exon_12044.tre,0.330953
exon_12045.fasta,exon_12045.tre,0.745639
exon_12047.fasta,exon_12047.tre,0.440689
exon_12049.fasta,exon_12049.tre,0.618040
exon_12051.fasta,exon_12051.tre,0.600465
exon_12052.fasta,exon_12052.tre,0.569152
exon_12053.fasta,exon_12053.tre,0.402755
exon_12054.fasta,exon_12054.tre,0.657401
exon_12055.fasta,exon_12055.tre,0.586471
exon_12056.fasta,exon_12056.tre,0.839825
exon_12061.fasta,exon_12061.tre,0.573524
exon_12062.fasta,exon_12062.tre,0.557838
exon_12064.fasta,exon_12064.tre,0.325119
exon_12065.fasta,exon_12065.tre,0.497829
exon_12066.fasta,exon_12066.tre,0.595543
exon_12068.fasta,exon_12068.tre,0.541515
exon_12069.fasta,exon_12069.tre,0.465536
exon_1207.fasta,exon_1207.tre,0.916724
exon_12071.fasta,exon_12071.tre,0.653861
exon_12077.fasta,exon_12077.tre,0.598867
exon_12078.fasta,exon_12078.tre,0.626077
exon_12079.fasta,exon_12079.tre,0.601584
exon_12080.fasta,exon_12080.tre,0.568681
exon_12082.fasta,exon_12082.tre,0.321358
exon_12083.fasta,exon_12083.tre,0.551344
exon_12084.fasta,exon_12084.tre,0.771810
exon_12086.fasta,exon_12086.tre,1.004253
exon_12087.fasta,exon_12087.tre,0.508569
exon_12088.fasta,exon_12088.tre,0.749735
exon_12089.fasta,exon_12089.tre,0.626150
exon_12090.fasta,exon_12090.tre,0.509546
exon_12091.fasta,exon_12091.tre,0.981690
exon_12093.fasta,exon_12093.tre,0.573449
exon_12094.fasta,exon_12094.tre,0.348658
exon_12095.fasta,exon_12095.tre,0.499160
exon_12096.fasta,exon_12096.tre,0.794216
exon_12098.fasta,exon_12098.tre,1.352347
exon_12099.fasta,exon_12099.tre,0.506925
exon_12100.fasta,exon_12100.tre,0.339854
exon_12101.fasta,exon_12101.tre,0.549983
exon_12103.fasta,exon_12103.tre,0.508948
exon_12105.fasta,exon_12105.tre,0.691517
exon_12106.fasta,exon_12106.tre,0.496113
exon_12108.fasta,exon_12108.tre,0.574044
exon_12109.fasta,exon_12109.tre,1.800776
exon_1211.fasta,exon_1211.tre,0.703134
exon_12110.fasta,exon_12110.tre,0.645953
exon_12111.fasta,exon_12111.tre,0.751449
exon_12112.fasta,exon_12112.tre,0.412727
exon_12114.fasta,exon_12114.tre,0.403597
exon_12115.fasta,exon_12115.tre,0.657071
exon_12116.fasta,exon_12116.tre,0.763931
exon_12117.fasta,exon_12117.tre,0.563242
exon_12119.fasta,exon_12119.tre,0.644192
exon_1212.fasta,exon_1212.tre,0.534778
exon_12120.fasta,exon_12120.tre,0.590063
exon_12121.fasta,exon_12121.tre,0.387925
exon_12122.fasta,exon_12122.tre,0.466390
exon_12123.fasta,exon_12123.tre,4.247347
exon_12125.fasta,exon_12125.tre,0.668770
exon_12126.fasta,exon_12126.tre,0.528672
exon_12127.fasta,exon_12127.tre,0.425922
exon_12128.fasta,exon_12128.tre,0.705752
exon_1213.fasta,exon_1213.tre,0.557287
exon_12130.fasta,exon_12130.tre,0.547968
exon_12131.fasta,exon_12131.tre,0.622020
exon_12132.fasta,exon_12132.tre,0.640392
exon_12133.fasta,exon_12133.tre,0.551835
exon_12134.fasta,exon_12134.tre,0.602740
exon_12136.fasta,exon_12136.tre,0.629401
exon_12137.fasta,exon_12137.tre,0.618310
exon_12138.fasta,exon_12138.tre,0.526532
exon_12139.fasta,exon_12139.tre,0.684323
exon_1214.fasta,exon_1214.tre,0.520455
exon_12140.fasta,exon_12140.tre,0.694475
exon_12142.fasta,exon_12142.tre,0.479475
exon_12144.fasta,exon_12144.tre,0.489851
exon_12145.fasta,exon_12145.tre,1.776659
exon_12146.fasta,exon_12146.tre,0.580535
exon_12147.fasta,exon_12147.tre,0.781748
exon_12148.fasta,exon_12148.tre,0.581722
exon_12149.fasta,exon_12149.tre,0.525808
exon_12150.fasta,exon_12150.tre,0.834162
exon_12153.fasta,exon_12153.tre,0.515977
exon_12154.fasta,exon_12154.tre,0.802492
exon_12156.fasta,exon_12156.tre,0.968622
exon_12157.fasta,exon_12157.tre,0.636500
exon_12158.fasta,exon_12158.tre,1.193845
exon_12159.fasta,exon_12159.tre,0.520844
exon_12161.fasta,exon_12161.tre,0.562948
exon_12162.fasta,exon_12162.tre,0.544922
exon_12163.fasta,exon_12163.tre,0.479227
exon_12165.fasta,exon_12165.tre,0.611605
exon_12166.fasta,exon_12166.tre,0.643041
exon_12167.fasta,exon_12167.tre,0.342380
exon_12168.fasta,exon_12168.tre,0.780948
exon_12169.fasta,exon_12169.tre,1.127294
exon_12170.fasta,exon_12170.tre,0.455287
exon_12171.fasta,exon_12171.tre,0.663460
exon_12173.fasta,exon_12173.tre,0.381647
exon_12176.fasta,exon_12176.tre,0.371935
exon_12178.fasta,exon_12178.tre,0.458257
exon_1218.fasta,exon_1218.tre,0.404492
exon_12180.fasta,exon_12180.tre,0.509374
exon_12181.fasta,exon_12181.tre,0.537821
exon_12183.fasta,exon_12183.tre,0.683752
exon_12184.fasta,exon_12184.tre,0.526279
exon_12186.fasta,exon_12186.tre,0.584265
exon_12187.fasta,exon_12187.tre,0.530920
exon_12188.fasta,exon_12188.tre,0.465186
exon_12189.fasta,exon_12189.tre,0.351617
exon_12190.fasta,exon_12190.tre,0.345272
exon_12193.fasta,exon_12193.tre,0.461509
exon_12195.fasta,exon_12195.tre,2.502021
exon_12196.fasta,exon_12196.tre,0.545211
exon_12198.fasta,exon_12198.tre,0.515720
exon_122.fasta,exon_122.tre,0.555558
exon_12200.fasta,exon_12200.tre,0.447765
exon_12202.fasta,exon_12202.tre,0.570908
exon_12203.fasta,exon_12203.tre,0.494260
exon_12204.fasta,exon_12204.tre,0.558946
exon_12205.fasta,exon_12205.tre,0.532368
exon_12206.fasta,exon_12206.tre,0.440411
exon_12208.fasta,exon_12208.tre,0.336686
exon_12209.fasta,exon_12209.tre,0.369591
exon_12210.fasta,exon_12210.tre,0.616400
exon_12211.fasta,exon_12211.tre,0.459377
exon_12213.fasta,exon_12213.tre,0.512235
exon_12214.fasta,exon_12214.tre,0.617226
exon_12216.fasta,exon_12216.tre,0.328320
exon_12217.fasta,exon_12217.tre,0.530565
exon_12219.fasta,exon_12219.tre,0.761379
exon_12220.fasta,exon_12220.tre,0.508626
exon_12221.fasta,exon_12221.tre,1.457796
exon_12222.fasta,exon_12222.tre,0.484590
exon_12223.fasta,exon_12223.tre,0.447094
exon_12225.fasta,exon_12225.tre,0.547418
exon_12226.fasta,exon_12226.tre,0.522199
exon_12227.fasta,exon_12227.tre,0.972739
exon_12228.fasta,exon_12228.tre,0.501037
exon_12230.fasta,exon_12230.tre,0.518600
exon_12231.fasta,exon_12231.tre,0.639877
exon_12232.fasta,exon_12232.tre,0.425411
exon_12234.fasta,exon_12234.tre,0.489068
exon_12235.fasta,exon_12235.tre,1.165519
exon_12236.fasta,exon_12236.tre,0.407541
exon_12237.fasta,exon_12237.tre,0.701604
exon_12238.fasta,exon_12238.tre,0.562172
exon_12239.fasta,exon_12239.tre,0.527454
exon_12240.fasta,exon_12240.tre,0.538414
exon_12241.fasta,exon_12241.tre,0.796844
exon_12242.fasta,exon_12242.tre,0.467406
exon_12243.fasta,exon_12243.tre,0.542569
exon_12244.fasta,exon_12244.tre,0.533936
exon_12245.fasta,exon_12245.tre,0.412531
exon_12246.fasta,exon_12246.tre,0.547897
exon_12247.fasta,exon_12247.tre,0.425508
exon_12248.fasta,exon_12248.tre,0.835141
exon_12250.fasta,exon_12250.tre,0.468930
exon_12253.fasta,exon_12253.tre,0.604599
exon_12254.fasta,exon_12254.tre,0.723897
exon_12255.fasta,exon_12255.tre,0.567952
exon_12256.fasta,exon_12256.tre,0.695360
exon_12257.fasta,exon_12257.tre,0.555550
exon_1226.fasta,exon_1226.tre,0.527457
exon_12261.fasta,exon_12261.tre,0.798938
exon_12262.fasta,exon_12262.tre,0.410091
exon_12263.fasta,exon_12263.tre,0.701333
exon_12264.fasta,exon_12264.tre,0.444907
exon_12265.fasta,exon_12265.tre,0.545317
exon_12266.fasta,exon_12266.tre,0.700159
exon_12269.fasta,exon_12269.tre,0.729432
exon_12270.fasta,exon_12270.tre,0.623353
exon_12271.fasta,exon_12271.tre,0.512227
exon_12272.fasta,exon_12272.tre,0.473289
exon_12273.fasta,exon_12273.tre,0.768181
exon_12277.fasta,exon_12277.tre,0.452361
exon_12278.fasta,exon_12278.tre,0.566298
exon_12279.fasta,exon_12279.tre,0.532126
exon_12280.fasta,exon_12280.tre,0.510596
exon_12281.fasta,exon_12281.tre,0.534355
exon_12282.fasta,exon_12282.tre,0.615134
exon_12283.fasta,exon_12283.tre,0.606333
exon_12285.fasta,exon_12285.tre,0.569052
exon_12286.fasta,exon_12286.tre,0.513370
exon_12287.fasta,exon_12287.tre,0.520652
exon_12288.fasta,exon_12288.tre,0.753650
exon_12289.fasta,exon_12289.tre,0.516924
exon_1229.fasta,exon_1229.tre,0.542062
exon_12290.fasta,exon_12290.tre,0.666033
exon_12292.fasta,exon_12292.tre,0.401394
exon_12293.fasta,exon_12293.tre,0.629866
exon_12294.fasta,exon_12294.tre,0.698975
exon_12295.fasta,exon_12295.tre,0.529377
exon_12296.fasta,exon_12296.tre,0.632394
exon_12297.fasta,exon_12297.tre,0.589644
exon_12298.fasta,exon_12298.tre,0.829697
exon_12299.fasta,exon_12299.tre,0.655276
exon_1230.fasta,exon_1230.tre,0.565359
exon_12300.fasta,exon_12300.tre,0.597398
exon_12301.fasta,exon_12301.tre,1.036552
exon_12302.fasta,exon_12302.tre,0.403935
exon_12304.fasta,exon_12304.tre,0.332705
exon_12306.fasta,exon_12306.tre,0.884932
exon_12307.fasta,exon_12307.tre,0.355217
exon_12308.fasta,exon_12308.tre,0.951548
exon_12309.fasta,exon_12309.tre,0.514706
exon_12310.fasta,exon_12310.tre,3.989749
exon_12311.fasta,exon_12311.tre,0.541646
exon_12314.fasta,exon_12314.tre,0.889266
exon_12315.fasta,exon_12315.tre,0.770984
exon_12316.fasta,exon_12316.tre,1.356822
exon_12317.fasta,exon_12317.tre,0.562712
exon_12318.fasta,exon_12318.tre,0.561222
exon_12319.fasta,exon_12319.tre,0.529504
exon_12320.fasta,exon_12320.tre,0.569631
exon_12321.fasta,exon_12321.tre,0.590282
exon_12322.fasta,exon_12322.tre,0.438296
exon_12324.fasta,exon_12324.tre,0.524932
exon_12325.fasta,exon_12325.tre,0.481888
exon_12326.fasta,exon_12326.tre,0.751353
exon_12328.fasta,exon_12328.tre,0.563223
exon_12329.fasta,exon_12329.tre,0.997060
exon_12332.fasta,exon_12332.tre,0.558979
exon_12334.fasta,exon_12334.tre,0.690737
exon_12335.fasta,exon_12335.tre,0.355752
exon_12336.fasta,exon_12336.tre,1.041661
exon_12337.fasta,exon_12337.tre,0.610797
exon_12339.fasta,exon_12339.tre,0.443712
exon_1234.fasta,exon_1234.tre,0.413374
exon_12343.fasta,exon_12343.tre,0.473382
exon_12344.fasta,exon_12344.tre,0.534902
exon_12345.fasta,exon_12345.tre,0.546288
exon_12346.fasta,exon_12346.tre,0.628705
exon_12347.fasta,exon_12347.tre,0.536838
exon_12348.fasta,exon_12348.tre,0.459375
exon_12349.fasta,exon_12349.tre,0.794622
exon_1235.fasta,exon_1235.tre,0.347014
exon_12352.fasta,exon_12352.tre,0.527120
exon_12356.fasta,exon_12356.tre,0.559898
exon_12357.fasta,exon_12357.tre,0.515655
exon_12360.fasta,exon_12360.tre,0.868373
exon_12364.fasta,exon_12364.tre,0.549486
exon_12368.fasta,exon_12368.tre,0.810339
exon_12369.fasta,exon_12369.tre,0.516073
exon_1237.fasta,exon_1237.tre,0.771604
exon_12370.fasta,exon_12370.tre,0.603503
exon_12371.fasta,exon_12371.tre,0.381388
exon_12373.fasta,exon_12373.tre,0.412614
exon_12374.fasta,exon_12374.tre,0.342587
exon_12377.fasta,exon_12377.tre,0.531992
exon_12378.fasta,exon_12378.tre,0.710913
exon_12380.fasta,exon_12380.tre,0.305079
exon_12381.fasta,exon_12381.tre,0.875589
exon_12382.fasta,exon_12382.tre,0.490185
exon_12383.fasta,exon_12383.tre,0.462669
exon_12384.fasta,exon_12384.tre,0.522738
exon_12385.fasta,exon_12385.tre,0.590121
exon_12386.fasta,exon_12386.tre,0.634463
exon_12387.fasta,exon_12387.tre,0.536041
exon_12388.fasta,exon_12388.tre,0.677137
exon_12389.fasta,exon_12389.tre,0.533500
exon_12391.fasta,exon_12391.tre,0.763038
exon_12393.fasta,exon_12393.tre,0.600295
exon_12395.fasta,exon_12395.tre,0.693283
exon_12396.fasta,exon_12396.tre,0.598226
exon_12397.fasta,exon_12397.tre,0.549080
exon_12398.fasta,exon_12398.tre,1.084363
exon_12401.fasta,exon_12401.tre,5.069727
exon_12403.fasta,exon_12403.tre,0.512162
exon_12404.fasta,exon_12404.tre,0.311361
exon_12405.fasta,exon_12405.tre,0.502998
exon_12406.fasta,exon_12406.tre,0.751083
exon_12407.fasta,exon_12407.tre,0.433427
exon_12409.fasta,exon_12409.tre,0.666690
exon_1241.fasta,exon_1241.tre,0.886608
exon_12411.fasta,exon_12411.tre,0.923708
exon_12412.fasta,exon_12412.tre,0.359754
exon_12413.fasta,exon_12413.tre,0.561056
exon_12414.fasta,exon_12414.tre,0.527167
exon_12415.fasta,exon_12415.tre,0.353757
exon_12416.fasta,exon_12416.tre,0.778944
exon_12417.fasta,exon_12417.tre,0.534453
exon_12418.fasta,exon_12418.tre,0.700256
exon_12419.fasta,exon_12419.tre,0.529100
exon_1242.fasta,exon_1242.tre,0.542968
exon_12420.fasta,exon_12420.tre,0.525851
exon_12421.fasta,exon_12421.tre,0.413512
exon_12422.fasta,exon_12422.tre,0.592453
exon_12423.fasta,exon_12423.tre,0.823312
exon_12424.fasta,exon_12424.tre,0.533057
exon_12425.fasta,exon_12425.tre,0.311144
exon_12426.fasta,exon_12426.tre,0.520360
exon_12427.fasta,exon_12427.tre,0.545172
exon_12429.fasta,exon_12429.tre,0.482902
exon_1243.fasta,exon_1243.tre,0.466848
exon_12430.fasta,exon_12430.tre,0.617900
exon_12431.fasta,exon_12431.tre,0.372706
exon_12432.fasta,exon_12432.tre,0.667353
exon_12433.fasta,exon_12433.tre,0.426644
exon_12435.fasta,exon_12435.tre,0.358472
exon_12436.fasta,exon_12436.tre,0.578852
exon_12437.fasta,exon_12437.tre,0.377492
exon_12438.fasta,exon_12438.tre,0.393695
exon_12439.fasta,exon_12439.tre,0.847742
exon_1244.fasta,exon_1244.tre,0.798256
exon_12441.fasta,exon_12441.tre,0.522145
exon_12442.fasta,exon_12442.tre,0.607476
exon_12443.fasta,exon_12443.tre,0.512953
exon_12444.fasta,exon_12444.tre,0.579039
exon_12445.fasta,exon_12445.tre,0.536115
exon_12446.fasta,exon_12446.tre,0.457444
exon_12447.fasta,exon_12447.tre,0.494679
exon_12448.fasta,exon_12448.tre,0.600304
exon_12452.fasta,exon_12452.tre,0.493796
exon_12453.fasta,exon_12453.tre,0.827892
exon_12455.fasta,exon_12455.tre,0.391058
exon_12456.fasta,exon_12456.tre,0.596595
exon_12457.fasta,exon_12457.tre,0.509960
exon_12458.fasta,exon_12458.tre,0.686393
exon_12459.fasta,exon_12459.tre,0.583228
exon_1246.fasta,exon_1246.tre,9.372308
exon_12460.fasta,exon_12460.tre,0.698960
exon_12461.fasta,exon_12461.tre,0.450586
exon_12462.fasta,exon_12462.tre,0.611862
exon_12463.fasta,exon_12463.tre,0.600703
exon_12464.fasta,exon_12464.tre,0.413904
exon_12466.fasta,exon_12466.tre,0.494861
exon_12467.fasta,exon_12467.tre,0.665850
exon_12469.fasta,exon_12469.tre,0.580529
exon_1247.fasta,exon_1247.tre,0.577233
exon_12470.fasta,exon_12470.tre,0.556043
exon_12473.fasta,exon_12473.tre,0.604440
exon_12474.fasta,exon_12474.tre,0.469216
exon_12475.fasta,exon_12475.tre,2.704224
exon_12476.fasta,exon_12476.tre,0.445520
exon_12477.fasta,exon_12477.tre,0.452635
exon_12478.fasta,exon_12478.tre,1.173695
exon_12479.fasta,exon_12479.tre,0.494113
exon_1248.fasta,exon_1248.tre,0.848206
exon_12481.fasta,exon_12481.tre,0.492529
exon_12483.fasta,exon_12483.tre,0.482127
exon_12484.fasta,exon_12484.tre,0.468629
exon_12486.fasta,exon_12486.tre,0.755094
exon_12487.fasta,exon_12487.tre,0.585941
exon_12488.fasta,exon_12488.tre,0.513968
exon_12489.fasta,exon_12489.tre,0.509091
exon_12490.fasta,exon_12490.tre,1.583699
exon_12491.fasta,exon_12491.tre,1.201177
exon_12492.fasta,exon_12492.tre,0.496608
exon_12493.fasta,exon_12493.tre,0.563782
exon_12494.fasta,exon_12494.tre,0.483799
exon_12495.fasta,exon_12495.tre,0.659166
exon_12496.fasta,exon_12496.tre,0.636252
exon_12497.fasta,exon_12497.tre,0.657948
exon_12499.fasta,exon_12499.tre,0.632588
exon_12501.fasta,exon_12501.tre,0.375588
exon_12502.fasta,exon_12502.tre,0.722060
exon_12503.fasta,exon_12503.tre,0.714130
exon_12504.fasta,exon_12504.tre,0.456814
exon_12505.fasta,exon_12505.tre,0.624071
exon_12506.fasta,exon_12506.tre,0.629488
exon_12507.fasta,exon_12507.tre,0.747225
exon_12508.fasta,exon_12508.tre,0.522105
exon_12509.fasta,exon_12509.tre,0.495708
exon_1251.fasta,exon_1251.tre,0.383665
exon_12510.fasta,exon_12510.tre,0.505054
exon_12511.fasta,exon_12511.tre,0.488047
exon_12512.fasta,exon_12512.tre,0.580493
exon_12513.fasta,exon_12513.tre,0.335249
exon_12514.fasta,exon_12514.tre,1.890387
exon_12516.fasta,exon_12516.tre,0.613841
exon_12517.fasta,exon_12517.tre,0.638654
exon_12518.fasta,exon_12518.tre,1.400372
exon_12519.fasta,exon_12519.tre,0.417865
exon_1252.fasta,exon_1252.tre,0.478628
exon_12520.fasta,exon_12520.tre,0.641460
exon_12522.fasta,exon_12522.tre,3.105962
exon_12523.fasta,exon_12523.tre,1.015133
exon_12524.fasta,exon_12524.tre,0.898968
exon_12525.fasta,exon_12525.tre,0.563589
exon_12526.fasta,exon_12526.tre,0.463002
exon_12527.fasta,exon_12527.tre,0.468388
exon_12528.fasta,exon_12528.tre,0.368820
exon_12529.fasta,exon_12529.tre,0.514129
exon_12532.fasta,exon_12532.tre,0.587833
exon_12533.fasta,exon_12533.tre,0.489832
exon_12534.fasta,exon_12534.tre,0.575994
exon_12536.fasta,exon_12536.tre,0.576945
exon_12537.fasta,exon_12537.tre,0.323978
exon_12538.fasta,exon_12538.tre,1.559077
exon_12539.fasta,exon_12539.tre,0.330039
exon_1254.fasta,exon_1254.tre,0.495727
exon_12542.fasta,exon_12542.tre,0.420011
exon_12544.fasta,exon_12544.tre,0.383972
exon_12548.fasta,exon_12548.tre,0.402657
exon_12549.fasta,exon_12549.tre,0.822526
exon_1255.fasta,exon_1255.tre,1.499524
exon_12550.fasta,exon_12550.tre,0.789614
exon_12551.fasta,exon_12551.tre,0.629474
exon_12552.fasta,exon_12552.tre,0.412292
exon_12554.fasta,exon_12554.tre,3.174830
exon_12555.fasta,exon_12555.tre,0.462226
exon_12557.fasta,exon_12557.tre,0.709610
exon_12558.fasta,exon_12558.tre,0.510910
exon_12559.fasta,exon_12559.tre,0.472111
exon_1256.fasta,exon_1256.tre,0.591514
exon_12561.fasta,exon_12561.tre,0.540392
exon_12562.fasta,exon_12562.tre,0.351513
exon_12564.fasta,exon_12564.tre,0.838404
exon_12565.fasta,exon_12565.tre,0.457553
exon_12566.fasta,exon_12566.tre,0.739038
exon_12567.fasta,exon_12567.tre,0.878902
exon_12569.fasta,exon_12569.tre,0.520590
exon_12570.fasta,exon_12570.tre,0.426356
exon_12571.fasta,exon_12571.tre,0.406756
exon_12572.fasta,exon_12572.tre,0.596253
exon_12573.fasta,exon_12573.tre,0.380893
exon_12574.fasta,exon_12574.tre,0.523331
exon_12575.fasta,exon_12575.tre,0.683307
exon_12576.fasta,exon_12576.tre,0.559645
exon_12577.fasta,exon_12577.tre,0.590972
exon_12578.fasta,exon_12578.tre,0.436889
exon_12579.fasta,exon_12579.tre,0.672675
exon_12580.fasta,exon_12580.tre,0.540466
exon_12583.fasta,exon_12583.tre,0.440520
exon_12584.fasta,exon_12584.tre,0.533365
exon_12585.fasta,exon_12585.tre,0.658355
exon_12586.fasta,exon_12586.tre,0.444240
exon_12587.fasta,exon_12587.tre,1.151760
exon_12588.fasta,exon_12588.tre,0.599953
exon_1259.fasta,exon_1259.tre,0.599504
exon_12590.fasta,exon_12590.tre,0.442305
exon_12591.fasta,exon_12591.tre,0.519021
exon_12593.fasta,exon_12593.tre,0.614891
exon_12594.fasta,exon_12594.tre,0.606733
exon_12595.fasta,exon_12595.tre,0.612472
exon_12596.fasta,exon_12596.tre,0.935128
exon_12597.fasta,exon_12597.tre,0.361712
exon_12598.fasta,exon_12598.tre,0.382051
exon_12600.fasta,exon_12600.tre,0.642478
exon_12603.fasta,exon_12603.tre,0.401012
exon_12604.fasta,exon_12604.tre,0.487377
exon_12605.fasta,exon_12605.tre,0.703388
exon_12606.fasta,exon_12606.tre,0.716841
exon_12611.fasta,exon_12611.tre,0.509270
exon_12613.fasta,exon_12613.tre,0.546814
exon_12614.fasta,exon_12614.tre,0.511775
exon_12615.fasta,exon_12615.tre,0.379461
exon_12617.fasta,exon_12617.tre,1.192750
exon_12618.fasta,exon_12618.tre,0.558065
exon_12619.fasta,exon_12619.tre,0.401850
exon_12620.fasta,exon_12620.tre,0.699480
exon_12621.fasta,exon_12621.tre,0.489622
exon_12624.fasta,exon_12624.tre,0.471941
exon_12625.fasta,exon_12625.tre,0.507905
exon_12626.fasta,exon_12626.tre,0.502055
exon_12627.fasta,exon_12627.tre,0.550260
exon_12629.fasta,exon_12629.tre,0.370706
exon_1263.fasta,exon_1263.tre,0.414623
exon_12630.fasta,exon_12630.tre,0.530799
exon_12631.fasta,exon_12631.tre,0.502722
exon_12632.fasta,exon_12632.tre,0.487516
exon_12633.fasta,exon_12633.tre,0.431987
exon_12636.fasta,exon_12636.tre,0.412918
exon_12637.fasta,exon_12637.tre,0.446154
exon_12638.fasta,exon_12638.tre,0.520163
exon_12639.fasta,exon_12639.tre,0.582284
exon_1264.fasta,exon_1264.tre,0.496618
exon_12640.fasta,exon_12640.tre,0.348202
exon_12641.fasta,exon_12641.tre,0.593499
exon_12642.fasta,exon_12642.tre,0.508252
exon_12643.fasta,exon_12643.tre,0.537817
exon_12644.fasta,exon_12644.tre,2.100592
exon_12645.fasta,exon_12645.tre,0.410121
exon_12646.fasta,exon_12646.tre,0.437689
exon_12647.fasta,exon_12647.tre,0.437793
exon_12648.fasta,exon_12648.tre,0.457271
exon_12649.fasta,exon_12649.tre,0.431442
exon_1265.fasta,exon_1265.tre,0.596866
exon_12653.fasta,exon_12653.tre,0.527546
exon_12654.fasta,exon_12654.tre,0.343983
exon_12655.fasta,exon_12655.tre,0.859944
exon_12656.fasta,exon_12656.tre,0.645150
exon_12661.fasta,exon_12661.tre,0.435904
exon_12663.fasta,exon_12663.tre,0.635392
exon_12664.fasta,exon_12664.tre,0.476193
exon_12665.fasta,exon_12665.tre,0.944769
exon_12666.fasta,exon_12666.tre,0.536894
exon_12667.fasta,exon_12667.tre,0.649397
exon_12668.fasta,exon_12668.tre,0.553373
exon_12669.fasta,exon_12669.tre,0.436388
exon_12670.fasta,exon_12670.tre,0.515323
exon_12671.fasta,exon_12671.tre,0.719158
exon_12673.fasta,exon_12673.tre,0.753204
exon_12674.fasta,exon_12674.tre,0.685962
exon_12675.fasta,exon_12675.tre,0.593130
exon_12677.fasta,exon_12677.tre,0.399313
exon_12678.fasta,exon_12678.tre,0.558656
exon_1268.fasta,exon_1268.tre,0.367964
exon_12680.fasta,exon_12680.tre,0.417964
exon_12681.fasta,exon_12681.tre,0.732579
exon_12682.fasta,exon_12682.tre,0.539821
exon_12683.fasta,exon_12683.tre,0.493262
exon_12684.fasta,exon_12684.tre,0.657711
exon_12685.fasta,exon_12685.tre,0.526039
exon_12686.fasta,exon_12686.tre,0.393025
exon_12687.fasta,exon_12687.tre,0.400014
exon_12689.fasta,exon_12689.tre,0.670322
exon_1269.fasta,exon_1269.tre,0.643551
exon_12690.fasta,exon_12690.tre,0.390848
exon_12691.fasta,exon_12691.tre,1.283931
exon_12692.fasta,exon_12692.tre,0.725951
exon_12694.fasta,exon_12694.tre,0.411845
exon_12696.fasta,exon_12696.tre,0.487293
exon_12698.fasta,exon_12698.tre,0.411679
exon_12699.fasta,exon_12699.tre,0.696940
exon_12700.fasta,exon_12700.tre,0.491797
exon_12701.fasta,exon_12701.tre,0.487921
exon_12703.fasta,exon_12703.tre,0.494745
exon_12704.fasta,exon_12704.tre,0.493666
exon_12706.fasta,exon_12706.tre,0.749588
exon_12707.fasta,exon_12707.tre,0.703034
exon_12709.fasta,exon_12709.tre,0.529565
exon_12710.fasta,exon_12710.tre,0.492166
exon_12711.fasta,exon_12711.tre,0.666681
exon_12712.fasta,exon_12712.tre,0.523955
exon_12714.fasta,exon_12714.tre,0.564672
exon_12715.fasta,exon_12715.tre,0.712502
exon_12716.fasta,exon_12716.tre,0.687483
exon_12717.fasta,exon_12717.tre,1.053148
exon_12718.fasta,exon_12718.tre,0.726856
exon_12719.fasta,exon_12719.tre,0.551330
exon_1272.fasta,exon_1272.tre,0.581679
exon_12722.fasta,exon_12722.tre,0.582614
exon_12723.fasta,exon_12723.tre,0.400376
exon_12724.fasta,exon_12724.tre,0.644100
exon_12725.fasta,exon_12725.tre,0.665505
exon_12726.fasta,exon_12726.tre,0.537932
exon_12728.fasta,exon_12728.tre,0.423882
exon_12730.fasta,exon_12730.tre,0.738226
exon_12731.fasta,exon_12731.tre,0.480184
exon_12733.fasta,exon_12733.tre,0.653759
exon_12734.fasta,exon_12734.tre,0.597274
exon_12735.fasta,exon_12735.tre,0.499181
exon_12737.fasta,exon_12737.tre,0.793146
exon_12738.fasta,exon_12738.tre,0.414949
exon_12739.fasta,exon_12739.tre,0.598350
exon_1274.fasta,exon_1274.tre,0.978422
exon_12740.fasta,exon_12740.tre,0.535987
exon_12741.fasta,exon_12741.tre,0.745355
exon_12743.fasta,exon_12743.tre,0.944630
exon_12744.fasta,exon_12744.tre,0.480423
exon_12745.fasta,exon_12745.tre,0.886348
exon_12746.fasta,exon_12746.tre,0.519964
exon_12748.fasta,exon_12748.tre,0.524607
exon_12749.fasta,exon_12749.tre,7.363437
exon_12750.fasta,exon_12750.tre,0.722666
exon_12751.fasta,exon_12751.tre,0.552256
exon_12752.fasta,exon_12752.tre,0.834884
exon_12753.fasta,exon_12753.tre,0.487726
exon_12754.fasta,exon_12754.tre,0.534768
exon_12755.fasta,exon_12755.tre,0.699426
exon_12756.fasta,exon_12756.tre,0.368056
exon_12757.fasta,exon_12757.tre,0.391509
exon_12758.fasta,exon_12758.tre,0.542341
exon_12759.fasta,exon_12759.tre,0.539158
exon_1276.fasta,exon_1276.tre,0.845717
exon_12760.fasta,exon_12760.tre,0.541702
exon_12761.fasta,exon_12761.tre,0.565691
exon_12762.fasta,exon_12762.tre,0.592888
exon_12764.fasta,exon_12764.tre,1.047751
exon_12765.fasta,exon_12765.tre,0.412456
exon_12767.fasta,exon_12767.tre,0.793203
exon_12768.fasta,exon_12768.tre,0.605153
exon_12769.fasta,exon_12769.tre,0.568809
exon_1277.fasta,exon_1277.tre,0.513009
exon_12770.fasta,exon_12770.tre,0.499285
exon_12771.fasta,exon_12771.tre,0.624318
exon_12772.fasta,exon_12772.tre,0.379955
exon_12773.fasta,exon_12773.tre,0.560882
exon_12775.fasta,exon_12775.tre,0.524039
exon_12776.fasta,exon_12776.tre,0.550924
exon_12777.fasta,exon_12777.tre,0.511429
exon_12778.fasta,exon_12778.tre,0.489452
exon_12779.fasta,exon_12779.tre,0.604396
exon_1278.fasta,exon_1278.tre,0.390652
exon_12780.fasta,exon_12780.tre,0.541461
exon_12781.fasta,exon_12781.tre,0.533470
exon_12782.fasta,exon_12782.tre,0.539696
exon_12783.fasta,exon_12783.tre,0.432307
exon_12784.fasta,exon_12784.tre,0.538103
exon_12786.fasta,exon_12786.tre,0.828638
exon_12787.fasta,exon_12787.tre,1.086062
exon_12788.fasta,exon_12788.tre,0.353580
exon_12789.fasta,exon_12789.tre,0.678148
exon_12791.fasta,exon_12791.tre,0.684947
exon_12793.fasta,exon_12793.tre,0.929358
exon_12794.fasta,exon_12794.tre,0.501033
exon_12798.fasta,exon_12798.tre,0.750748
exon_12799.fasta,exon_12799.tre,0.794482
exon_1280.fasta,exon_1280.tre,0.590373
exon_12800.fasta,exon_12800.tre,3.375430
exon_12804.fasta,exon_12804.tre,0.530866
exon_12805.fasta,exon_12805.tre,0.540820
exon_12807.fasta,exon_12807.tre,0.482500
exon_12808.fasta,exon_12808.tre,0.380717
exon_12809.fasta,exon_12809.tre,0.496392
exon_1281.fasta,exon_1281.tre,0.546461
exon_12810.fasta,exon_12810.tre,0.455019
exon_12811.fasta,exon_12811.tre,0.295276
exon_12812.fasta,exon_12812.tre,0.384459
exon_12813.fasta,exon_12813.tre,0.486674
exon_12814.fasta,exon_12814.tre,0.505519
exon_12815.fasta,exon_12815.tre,0.525546
exon_12816.fasta,exon_12816.tre,0.515301
exon_12817.fasta,exon_12817.tre,0.395822
exon_12818.fasta,exon_12818.tre,0.353599
exon_12819.fasta,exon_12819.tre,0.445857
exon_12822.fasta,exon_12822.tre,0.661069
exon_12824.fasta,exon_12824.tre,0.560824
exon_12826.fasta,exon_12826.tre,1.585465
exon_12827.fasta,exon_12827.tre,0.509268
exon_12829.fasta,exon_12829.tre,0.721654
exon_1283.fasta,exon_1283.tre,0.733491
exon_12830.fasta,exon_12830.tre,0.537694
exon_12832.fasta,exon_12832.tre,0.582077
exon_12833.fasta,exon_12833.tre,0.482851
exon_12834.fasta,exon_12834.tre,0.645424
exon_12835.fasta,exon_12835.tre,0.502791
exon_12836.fasta,exon_12836.tre,0.721174
exon_12837.fasta,exon_12837.tre,0.798930
exon_12838.fasta,exon_12838.tre,0.523857
exon_12839.fasta,exon_12839.tre,0.415843
exon_12840.fasta,exon_12840.tre,0.917745
exon_12841.fasta,exon_12841.tre,0.558048
exon_12842.fasta,exon_12842.tre,0.476291
exon_12844.fasta,exon_12844.tre,0.513583
exon_12845.fasta,exon_12845.tre,0.747329
exon_12846.fasta,exon_12846.tre,0.692196
exon_12848.fasta,exon_12848.tre,0.792819
exon_12849.fasta,exon_12849.tre,0.602511
exon_12850.fasta,exon_12850.tre,0.565817
exon_12852.fasta,exon_12852.tre,0.393219
exon_12853.fasta,exon_12853.tre,1.056385
exon_12855.fasta,exon_12855.tre,0.493870
exon_12857.fasta,exon_12857.tre,0.430336
exon_12858.fasta,exon_12858.tre,0.363848
exon_12859.fasta,exon_12859.tre,0.988971
exon_1286.fasta,exon_1286.tre,0.441488
exon_12860.fasta,exon_12860.tre,0.562958
exon_12862.fasta,exon_12862.tre,0.416185
exon_12863.fasta,exon_12863.tre,0.630225
exon_12864.fasta,exon_12864.tre,0.487852
exon_12865.fasta,exon_12865.tre,0.521527
exon_12866.fasta,exon_12866.tre,0.466062
exon_12868.fasta,exon_12868.tre,0.587353
exon_12869.fasta,exon_12869.tre,0.586841
exon_1287.fasta,exon_1287.tre,0.803860
exon_12870.fasta,exon_12870.tre,0.466746
exon_12871.fasta,exon_12871.tre,0.459840
exon_12873.fasta,exon_12873.tre,0.770001
exon_12874.fasta,exon_12874.tre,0.589158
exon_12875.fasta,exon_12875.tre,0.647452
exon_12876.fasta,exon_12876.tre,0.606240
exon_12877.fasta,exon_12877.tre,0.430129
exon_12878.fasta,exon_12878.tre,0.482378
exon_12879.fasta,exon_12879.tre,0.325475
exon_1288.fasta,exon_1288.tre,0.340911
exon_12880.fasta,exon_12880.tre,0.471890
exon_12881.fasta,exon_12881.tre,0.545422
exon_12887.fasta,exon_12887.tre,0.461387
exon_12889.fasta,exon_12889.tre,0.460756
exon_12890.fasta,exon_12890.tre,0.504369
exon_12891.fasta,exon_12891.tre,0.481919
exon_12892.fasta,exon_12892.tre,0.536536
exon_12893.fasta,exon_12893.tre,0.418076
exon_12896.fasta,exon_12896.tre,0.618077
exon_12898.fasta,exon_12898.tre,0.497403
exon_129.fasta,exon_129.tre,1.130960
exon_12901.fasta,exon_12901.tre,0.954391
exon_12903.fasta,exon_12903.tre,0.558707
exon_12904.fasta,exon_12904.tre,0.486067
exon_12905.fasta,exon_12905.tre,0.597737
exon_12908.fasta,exon_12908.tre,0.906735
exon_12909.fasta,exon_12909.tre,1.049033
exon_1291.fasta,exon_1291.tre,0.577621
exon_12912.fasta,exon_12912.tre,0.565006
exon_12913.fasta,exon_12913.tre,0.461740
exon_12914.fasta,exon_12914.tre,2.068500
exon_12915.fasta,exon_12915.tre,0.478148
exon_12916.fasta,exon_12916.tre,0.457946
exon_12917.fasta,exon_12917.tre,1.090112
exon_12918.fasta,exon_12918.tre,0.575211
exon_12920.fasta,exon_12920.tre,0.787382
exon_12921.fasta,exon_12921.tre,0.798630
exon_12923.fasta,exon_12923.tre,0.936643
exon_12924.fasta,exon_12924.tre,0.538942
exon_12925.fasta,exon_12925.tre,0.699849
exon_12926.fasta,exon_12926.tre,0.576184
exon_12927.fasta,exon_12927.tre,0.675552
exon_12930.fasta,exon_12930.tre,0.456030
exon_12931.fasta,exon_12931.tre,0.576146
exon_12933.fasta,exon_12933.tre,0.475463
exon_12934.fasta,exon_12934.tre,0.499505
exon_12935.fasta,exon_12935.tre,0.659405
exon_12936.fasta,exon_12936.tre,0.579496
exon_12937.fasta,exon_12937.tre,0.580441
exon_12938.fasta,exon_12938.tre,0.483130
exon_12939.fasta,exon_12939.tre,0.573091
exon_1294.fasta,exon_1294.tre,0.645859
exon_12940.fasta,exon_12940.tre,0.523332
exon_12941.fasta,exon_12941.tre,0.956204
exon_12942.fasta,exon_12942.tre,0.655028
exon_12943.fasta,exon_12943.tre,0.612117
exon_12944.fasta,exon_12944.tre,0.445238
exon_12945.fasta,exon_12945.tre,0.595185
exon_12946.fasta,exon_12946.tre,0.979914
exon_12947.fasta,exon_12947.tre,0.552253
exon_12948.fasta,exon_12948.tre,0.529719
exon_12949.fasta,exon_12949.tre,0.629271
exon_1295.fasta,exon_1295.tre,0.649225
exon_12950.fasta,exon_12950.tre,0.733107
exon_12951.fasta,exon_12951.tre,0.559845
exon_12952.fasta,exon_12952.tre,0.658996
exon_12953.fasta,exon_12953.tre,0.404171
exon_12954.fasta,exon_12954.tre,0.567460
exon_12955.fasta,exon_12955.tre,0.477015
exon_12956.fasta,exon_12956.tre,0.353038
exon_12957.fasta,exon_12957.tre,0.733578
exon_12958.fasta,exon_12958.tre,0.548660
exon_12959.fasta,exon_12959.tre,0.392207
exon_1296.fasta,exon_1296.tre,0.781778
exon_12960.fasta,exon_12960.tre,0.833392
exon_12961.fasta,exon_12961.tre,1.537822
exon_12962.fasta,exon_12962.tre,0.731901
exon_12963.fasta,exon_12963.tre,0.530102
exon_12964.fasta,exon_12964.tre,0.529093
exon_12966.fasta,exon_12966.tre,0.482184
exon_12967.fasta,exon_12967.tre,0.639127
exon_12968.fasta,exon_12968.tre,0.652467
exon_12969.fasta,exon_12969.tre,4.961941
exon_1297.fasta,exon_1297.tre,0.590317
exon_12970.fasta,exon_12970.tre,0.690672
exon_12971.fasta,exon_12971.tre,0.411297
exon_12972.fasta,exon_12972.tre,0.569340
exon_12974.fasta,exon_12974.tre,0.590335
exon_12975.fasta,exon_12975.tre,0.676688
exon_12977.fasta,exon_12977.tre,0.628160
exon_12978.fasta,exon_12978.tre,0.425122
exon_12979.fasta,exon_12979.tre,0.631145
exon_12980.fasta,exon_12980.tre,0.561089
exon_12982.fasta,exon_12982.tre,0.665363
exon_12983.fasta,exon_12983.tre,0.618392
exon_12984.fasta,exon_12984.tre,0.590252
exon_12985.fasta,exon_12985.tre,0.619648
exon_12988.fasta,exon_12988.tre,0.509950
exon_12991.fasta,exon_12991.tre,0.495934
exon_12992.fasta,exon_12992.tre,0.486129
exon_12993.fasta,exon_12993.tre,0.347211
exon_12995.fasta,exon_12995.tre,0.429475
exon_12996.fasta,exon_12996.tre,0.807146
exon_12997.fasta,exon_12997.tre,0.476483
exon_12998.fasta,exon_12998.tre,0.597829
exon_13000.fasta,exon_13000.tre,0.617697
exon_13001.fasta,exon_13001.tre,0.370094
exon_13002.fasta,exon_13002.tre,0.539929
exon_13003.fasta,exon_13003.tre,1.311220
exon_13005.fasta,exon_13005.tre,0.713836
exon_13007.fasta,exon_13007.tre,0.522535
exon_13008.fasta,exon_13008.tre,0.679775
exon_13009.fasta,exon_13009.tre,0.698649
exon_13010.fasta,exon_13010.tre,0.578991
exon_13011.fasta,exon_13011.tre,0.642968
exon_13012.fasta,exon_13012.tre,0.727895
exon_13013.fasta,exon_13013.tre,0.718287
exon_13016.fasta,exon_13016.tre,0.609814
exon_13017.fasta,exon_13017.tre,0.507829
exon_13018.fasta,exon_13018.tre,0.601566
exon_13019.fasta,exon_13019.tre,0.445232
exon_1302.fasta,exon_1302.tre,0.601032
exon_13020.fasta,exon_13020.tre,0.428910
exon_13021.fasta,exon_13021.tre,0.751493
exon_13022.fasta,exon_13022.tre,0.411121
exon_13023.fasta,exon_13023.tre,0.613481
exon_13024.fasta,exon_13024.tre,0.483538
exon_13025.fasta,exon_13025.tre,0.435186
exon_13026.fasta,exon_13026.tre,0.442111
exon_13028.fasta,exon_13028.tre,0.453848
exon_1303.fasta,exon_1303.tre,0.472916
exon_13030.fasta,exon_13030.tre,0.496288
exon_13032.fasta,exon_13032.tre,0.405769
exon_13034.fasta,exon_13034.tre,0.427608
exon_13035.fasta,exon_13035.tre,0.720088
exon_13036.fasta,exon_13036.tre,0.435400
exon_13038.fasta,exon_13038.tre,0.433066
exon_13040.fasta,exon_13040.tre,0.501826
exon_13041.fasta,exon_13041.tre,0.830772
exon_13042.fasta,exon_13042.tre,0.485912
exon_13044.fasta,exon_13044.tre,0.560368
exon_13046.fasta,exon_13046.tre,0.530099
exon_13047.fasta,exon_13047.tre,0.469700
exon_13048.fasta,exon_13048.tre,0.597365
exon_13052.fasta,exon_13052.tre,0.778739
exon_13054.fasta,exon_13054.tre,0.437325
exon_1306.fasta,exon_1306.tre,0.488064
exon_13066.fasta,exon_13066.tre,0.430479
exon_13067.fasta,exon_13067.tre,0.515044
exon_13068.fasta,exon_13068.tre,0.482507
exon_13069.fasta,exon_13069.tre,0.702479
exon_1307.fasta,exon_1307.tre,0.498233
exon_13070.fasta,exon_13070.tre,0.449946
exon_13071.fasta,exon_13071.tre,0.432589
exon_13072.fasta,exon_13072.tre,0.564389
exon_13073.fasta,exon_13073.tre,0.643047
exon_13074.fasta,exon_13074.tre,0.386981
exon_13076.fasta,exon_13076.tre,0.758357
exon_13079.fasta,exon_13079.tre,0.393933
exon_1308.fasta,exon_1308.tre,0.613512
exon_13080.fasta,exon_13080.tre,0.483689
exon_13081.fasta,exon_13081.tre,0.416069
exon_13086.fasta,exon_13086.tre,0.492802
exon_13087.fasta,exon_13087.tre,0.519167
exon_13088.fasta,exon_13088.tre,0.435911
exon_13090.fasta,exon_13090.tre,0.401479
exon_13092.fasta,exon_13092.tre,0.390260
exon_13095.fasta,exon_13095.tre,0.463694
exon_13098.fasta,exon_13098.tre,0.358725
exon_13100.fasta,exon_13100.tre,0.304995
exon_13101.fasta,exon_13101.tre,0.483366
exon_13108.fasta,exon_13108.tre,0.394327
exon_13109.fasta,exon_13109.tre,0.378836
exon_1311.fasta,exon_1311.tre,0.712829
exon_13111.fasta,exon_13111.tre,0.319672
exon_13115.fasta,exon_13115.tre,0.606129
exon_13119.fasta,exon_13119.tre,0.501372
exon_1312.fasta,exon_1312.tre,0.508137
exon_13123.fasta,exon_13123.tre,0.721581
exon_13124.fasta,exon_13124.tre,0.481719
exon_13127.fasta,exon_13127.tre,0.370785
exon_13128.fasta,exon_13128.tre,0.432423
exon_1313.fasta,exon_1313.tre,0.667766
exon_13132.fasta,exon_13132.tre,0.966599
exon_13133.fasta,exon_13133.tre,0.504212
exon_13135.fasta,exon_13135.tre,0.375337
exon_13137.fasta,exon_13137.tre,0.409653
exon_13139.fasta,exon_13139.tre,0.484323
exon_13141.fasta,exon_13141.tre,0.615074
exon_13142.fasta,exon_13142.tre,0.547377
exon_13143.fasta,exon_13143.tre,0.411888
exon_13144.fasta,exon_13144.tre,0.547688
exon_13146.fasta,exon_13146.tre,0.470819
exon_13147.fasta,exon_13147.tre,0.532622
exon_13148.fasta,exon_13148.tre,0.341887
exon_13149.fasta,exon_13149.tre,0.335813
exon_1315.fasta,exon_1315.tre,0.693294
exon_13151.fasta,exon_13151.tre,0.527304
exon_13152.fasta,exon_13152.tre,0.460060
exon_13153.fasta,exon_13153.tre,0.719960
exon_13154.fasta,exon_13154.tre,0.599693
exon_13155.fasta,exon_13155.tre,0.581793
exon_13156.fasta,exon_13156.tre,0.416382
exon_13159.fasta,exon_13159.tre,0.459211
exon_1316.fasta,exon_1316.tre,0.697320
exon_13160.fasta,exon_13160.tre,0.430109
exon_13161.fasta,exon_13161.tre,0.399668
exon_13162.fasta,exon_13162.tre,0.502510
exon_13163.fasta,exon_13163.tre,0.699154
exon_13164.fasta,exon_13164.tre,0.395097
exon_13167.fasta,exon_13167.tre,0.562717
exon_13169.fasta,exon_13169.tre,0.660095
exon_13170.fasta,exon_13170.tre,0.542962
exon_13171.fasta,exon_13171.tre,0.386053
exon_13172.fasta,exon_13172.tre,0.377770
exon_13173.fasta,exon_13173.tre,0.442312
exon_13174.fasta,exon_13174.tre,0.569191
exon_13175.fasta,exon_13175.tre,0.578014
exon_13176.fasta,exon_13176.tre,0.588325
exon_13177.fasta,exon_13177.tre,0.426644
exon_13178.fasta,exon_13178.tre,0.444932
exon_1318.fasta,exon_1318.tre,0.580858
exon_13180.fasta,exon_13180.tre,0.696873
exon_13181.fasta,exon_13181.tre,0.401684
exon_13182.fasta,exon_13182.tre,0.435589
exon_13183.fasta,exon_13183.tre,0.552311
exon_13186.fasta,exon_13186.tre,0.463760
exon_13188.fasta,exon_13188.tre,0.360444
exon_13189.fasta,exon_13189.tre,0.571496
exon_1319.fasta,exon_1319.tre,0.551641
exon_13192.fasta,exon_13192.tre,0.489322
exon_13193.fasta,exon_13193.tre,0.295923
exon_13194.fasta,exon_13194.tre,0.538577
exon_13195.fasta,exon_13195.tre,0.514647
exon_13197.fasta,exon_13197.tre,0.414469
exon_13198.fasta,exon_13198.tre,0.549798
exon_13199.fasta,exon_13199.tre,0.430690
exon_1320.fasta,exon_1320.tre,0.587928
exon_13201.fasta,exon_13201.tre,0.595209
exon_13202.fasta,exon_13202.tre,0.584740
exon_13205.fasta,exon_13205.tre,0.449648
exon_13206.fasta,exon_13206.tre,0.637942
exon_13208.fasta,exon_13208.tre,1.017848
exon_13209.fasta,exon_13209.tre,0.334816
exon_13210.fasta,exon_13210.tre,0.499502
exon_13211.fasta,exon_13211.tre,0.408729
exon_13212.fasta,exon_13212.tre,0.572110
exon_13215.fasta,exon_13215.tre,0.734365
exon_13216.fasta,exon_13216.tre,0.566364
exon_13217.fasta,exon_13217.tre,0.734417
exon_13218.fasta,exon_13218.tre,0.323493
exon_13220.fasta,exon_13220.tre,0.525054
exon_13221.fasta,exon_13221.tre,0.405237
exon_13222.fasta,exon_13222.tre,0.596176
exon_13223.fasta,exon_13223.tre,0.512982
exon_13224.fasta,exon_13224.tre,0.380589
exon_13227.fasta,exon_13227.tre,0.352197
exon_13229.fasta,exon_13229.tre,0.514985
exon_1323.fasta,exon_1323.tre,0.556177
exon_13231.fasta,exon_13231.tre,0.515911
exon_13233.fasta,exon_13233.tre,0.539969
exon_13235.fasta,exon_13235.tre,0.379727
exon_13236.fasta,exon_13236.tre,0.562367
exon_13237.fasta,exon_13237.tre,0.412090
exon_13239.fasta,exon_13239.tre,0.661627
exon_13240.fasta,exon_13240.tre,0.305368
exon_13241.fasta,exon_13241.tre,0.462833
exon_13244.fasta,exon_13244.tre,0.534503
exon_13245.fasta,exon_13245.tre,0.395165
exon_13246.fasta,exon_13246.tre,0.462973
exon_13248.fasta,exon_13248.tre,0.425623
exon_13250.fasta,exon_13250.tre,0.433311
exon_13251.fasta,exon_13251.tre,0.702267
exon_13252.fasta,exon_13252.tre,0.561695
exon_13253.fasta,exon_13253.tre,0.581759
exon_13254.fasta,exon_13254.tre,0.541369
exon_13255.fasta,exon_13255.tre,0.510626
exon_13256.fasta,exon_13256.tre,0.370133
exon_13257.fasta,exon_13257.tre,0.385898
exon_13258.fasta,exon_13258.tre,0.474452
exon_13259.fasta,exon_13259.tre,0.722854
exon_13261.fasta,exon_13261.tre,0.688885
exon_13262.fasta,exon_13262.tre,0.447652
exon_13263.fasta,exon_13263.tre,0.404448
exon_13265.fasta,exon_13265.tre,0.501457
exon_13266.fasta,exon_13266.tre,0.377154
exon_13267.fasta,exon_13267.tre,0.389550
exon_13269.fasta,exon_13269.tre,0.574457
exon_1327.fasta,exon_1327.tre,0.480408
exon_13270.fasta,exon_13270.tre,0.725137
exon_13271.fasta,exon_13271.tre,0.366871
exon_13272.fasta,exon_13272.tre,0.447685
exon_13273.fasta,exon_13273.tre,0.385782
exon_13276.fasta,exon_13276.tre,0.601415
exon_13279.fasta,exon_13279.tre,0.639645
exon_1328.fasta,exon_1328.tre,1.029855
exon_13281.fasta,exon_13281.tre,0.525554
exon_13282.fasta,exon_13282.tre,0.540068
exon_13283.fasta,exon_13283.tre,0.383932
exon_13284.fasta,exon_13284.tre,0.561620
exon_13285.fasta,exon_13285.tre,0.570351
exon_13286.fasta,exon_13286.tre,0.672443
exon_13287.fasta,exon_13287.tre,0.454623
exon_13289.fasta,exon_13289.tre,0.582953
exon_13293.fasta,exon_13293.tre,0.435432
exon_13294.fasta,exon_13294.tre,0.662859
exon_13295.fasta,exon_13295.tre,0.334054
exon_13297.fasta,exon_13297.tre,0.366633
exon_13298.fasta,exon_13298.tre,0.360948
exon_13299.fasta,exon_13299.tre,0.346193
exon_133.fasta,exon_133.tre,0.402498
exon_1330.fasta,exon_1330.tre,1.279767
exon_13301.fasta,exon_13301.tre,0.472423
exon_13302.fasta,exon_13302.tre,0.740960
exon_13303.fasta,exon_13303.tre,0.455596
exon_13305.fasta,exon_13305.tre,0.509965
exon_13306.fasta,exon_13306.tre,0.468010
exon_13307.fasta,exon_13307.tre,0.605785
exon_13308.fasta,exon_13308.tre,0.443055
exon_13309.fasta,exon_13309.tre,0.346455
exon_13310.fasta,exon_13310.tre,0.401489
exon_13313.fasta,exon_13313.tre,0.368932
exon_13314.fasta,exon_13314.tre,0.575293
exon_13315.fasta,exon_13315.tre,0.457375
exon_13318.fasta,exon_13318.tre,0.507972
exon_13319.fasta,exon_13319.tre,0.403023
exon_1332.fasta,exon_1332.tre,0.778038
exon_13320.fasta,exon_13320.tre,0.618977
exon_13322.fasta,exon_13322.tre,0.417451
exon_13323.fasta,exon_13323.tre,0.766183
exon_13324.fasta,exon_13324.tre,0.578739
exon_13325.fasta,exon_13325.tre,0.500125
exon_13326.fasta,exon_13326.tre,0.631654
exon_13327.fasta,exon_13327.tre,0.369942
exon_13328.fasta,exon_13328.tre,0.371278
exon_13329.fasta,exon_13329.tre,0.535039
exon_1333.fasta,exon_1333.tre,0.543213
exon_13330.fasta,exon_13330.tre,0.550421
exon_13333.fasta,exon_13333.tre,0.364655
exon_13335.fasta,exon_13335.tre,0.368917
exon_13336.fasta,exon_13336.tre,0.354603
exon_13337.fasta,exon_13337.tre,0.574880
exon_13338.fasta,exon_13338.tre,0.544347
exon_1334.fasta,exon_1334.tre,0.549914
exon_13341.fasta,exon_13341.tre,0.456822
exon_13342.fasta,exon_13342.tre,0.336999
exon_13343.fasta,exon_13343.tre,0.454428
exon_13344.fasta,exon_13344.tre,0.724145
exon_13345.fasta,exon_13345.tre,0.378723
exon_13346.fasta,exon_13346.tre,0.512527
exon_13347.fasta,exon_13347.tre,0.951439
exon_13350.fasta,exon_13350.tre,0.455842
exon_13352.fasta,exon_13352.tre,0.510883
exon_13353.fasta,exon_13353.tre,0.440829
exon_13356.fasta,exon_13356.tre,0.461823
exon_13357.fasta,exon_13357.tre,0.354429
exon_13358.fasta,exon_13358.tre,0.539158
exon_13359.fasta,exon_13359.tre,0.436996
exon_13360.fasta,exon_13360.tre,0.687513
exon_13361.fasta,exon_13361.tre,0.369788
exon_13362.fasta,exon_13362.tre,0.431994
exon_13364.fasta,exon_13364.tre,0.553951
exon_13365.fasta,exon_13365.tre,0.673036
exon_13366.fasta,exon_13366.tre,0.551403
exon_13367.fasta,exon_13367.tre,0.528867
exon_13368.fasta,exon_13368.tre,0.479887
exon_1337.fasta,exon_1337.tre,0.610133
exon_13371.fasta,exon_13371.tre,0.431403
exon_13374.fasta,exon_13374.tre,0.481761
exon_13375.fasta,exon_13375.tre,0.643367
exon_13376.fasta,exon_13376.tre,0.541551
exon_13377.fasta,exon_13377.tre,0.388456
exon_13378.fasta,exon_13378.tre,0.443823
exon_13379.fasta,exon_13379.tre,0.508135
exon_1338.fasta,exon_1338.tre,0.826077
exon_13380.fasta,exon_13380.tre,0.476503
exon_13382.fasta,exon_13382.tre,0.549752
exon_13383.fasta,exon_13383.tre,0.377641
exon_13386.fasta,exon_13386.tre,0.461172
exon_13387.fasta,exon_13387.tre,0.574382
exon_13388.fasta,exon_13388.tre,0.440084
exon_13389.fasta,exon_13389.tre,0.557381
exon_13392.fasta,exon_13392.tre,0.546355
exon_13394.fasta,exon_13394.tre,0.574027
exon_13395.fasta,exon_13395.tre,0.443941
exon_13396.fasta,exon_13396.tre,0.403605
exon_13397.fasta,exon_13397.tre,0.564775
exon_13398.fasta,exon_13398.tre,0.335883
exon_13399.fasta,exon_13399.tre,0.378381
exon_1340.fasta,exon_1340.tre,1.246375
exon_13400.fasta,exon_13400.tre,0.404643
exon_13401.fasta,exon_13401.tre,0.359866
exon_13402.fasta,exon_13402.tre,0.498308
exon_13403.fasta,exon_13403.tre,0.378909
exon_13404.fasta,exon_13404.tre,0.448639
exon_13405.fasta,exon_13405.tre,0.353159
exon_13406.fasta,exon_13406.tre,0.610456
exon_13408.fasta,exon_13408.tre,0.345754
exon_13409.fasta,exon_13409.tre,0.402107
exon_13410.fasta,exon_13410.tre,0.312448
exon_13411.fasta,exon_13411.tre,0.621952
exon_13412.fasta,exon_13412.tre,0.460511
exon_13413.fasta,exon_13413.tre,0.742302
exon_13414.fasta,exon_13414.tre,0.360456
exon_13415.fasta,exon_13415.tre,0.561367
exon_13416.fasta,exon_13416.tre,0.449413
exon_13417.fasta,exon_13417.tre,0.492708
exon_13418.fasta,exon_13418.tre,0.532388
exon_13419.fasta,exon_13419.tre,1.066629
exon_1342.fasta,exon_1342.tre,0.468156
exon_13420.fasta,exon_13420.tre,0.508941
exon_13421.fasta,exon_13421.tre,0.404528
exon_13422.fasta,exon_13422.tre,0.603961
exon_13423.fasta,exon_13423.tre,0.609414
exon_13425.fasta,exon_13425.tre,0.431651
exon_13426.fasta,exon_13426.tre,0.516624
exon_13428.fasta,exon_13428.tre,0.363449
exon_1343.fasta,exon_1343.tre,0.427847
exon_13430.fasta,exon_13430.tre,0.710490
exon_13431.fasta,exon_13431.tre,0.523172
exon_13433.fasta,exon_13433.tre,0.601830
exon_13435.fasta,exon_13435.tre,0.581453
exon_13436.fasta,exon_13436.tre,0.492869
exon_13438.fasta,exon_13438.tre,0.361394
exon_13439.fasta,exon_13439.tre,0.551940
exon_13440.fasta,exon_13440.tre,0.633531
exon_13441.fasta,exon_13441.tre,0.402719
exon_13443.fasta,exon_13443.tre,0.523981
exon_13444.fasta,exon_13444.tre,0.547553
exon_13445.fasta,exon_13445.tre,0.323085
exon_13446.fasta,exon_13446.tre,0.316695
exon_13447.fasta,exon_13447.tre,0.491452
exon_13448.fasta,exon_13448.tre,0.455688
exon_13449.fasta,exon_13449.tre,0.402365
exon_13450.fasta,exon_13450.tre,0.394721
exon_13451.fasta,exon_13451.tre,0.659594
exon_13452.fasta,exon_13452.tre,0.528567
exon_13453.fasta,exon_13453.tre,0.419441
exon_13456.fasta,exon_13456.tre,0.465391
exon_13457.fasta,exon_13457.tre,0.610545
exon_13458.fasta,exon_13458.tre,0.648440
exon_13459.fasta,exon_13459.tre,0.535433
exon_1346.fasta,exon_1346.tre,0.560098
exon_13460.fasta,exon_13460.tre,0.444683
exon_13461.fasta,exon_13461.tre,1.561353
exon_13462.fasta,exon_13462.tre,0.405956
exon_13463.fasta,exon_13463.tre,0.370933
exon_13464.fasta,exon_13464.tre,0.383572
exon_13465.fasta,exon_13465.tre,0.727787
exon_13467.fasta,exon_13467.tre,0.635183
exon_13468.fasta,exon_13468.tre,0.620706
exon_13469.fasta,exon_13469.tre,0.537642
exon_1347.fasta,exon_1347.tre,0.639393
exon_13470.fasta,exon_13470.tre,1.134264
exon_13471.fasta,exon_13471.tre,0.522892
exon_13472.fasta,exon_13472.tre,0.687072
exon_13473.fasta,exon_13473.tre,0.570195
exon_13475.fasta,exon_13475.tre,0.657225
exon_13478.fasta,exon_13478.tre,0.467290
exon_13479.fasta,exon_13479.tre,0.609688
exon_13480.fasta,exon_13480.tre,0.681465
exon_13481.fasta,exon_13481.tre,0.602276
exon_13483.fasta,exon_13483.tre,0.750035
exon_13484.fasta,exon_13484.tre,0.541282
exon_13485.fasta,exon_13485.tre,0.409885
exon_13486.fasta,exon_13486.tre,0.439749
exon_13487.fasta,exon_13487.tre,2.212347
exon_13488.fasta,exon_13488.tre,0.415427
exon_1349.fasta,exon_1349.tre,0.600261
exon_13490.fasta,exon_13490.tre,0.612285
exon_13491.fasta,exon_13491.tre,0.541332
exon_13492.fasta,exon_13492.tre,0.556943
exon_13493.fasta,exon_13493.tre,0.524989
exon_13494.fasta,exon_13494.tre,0.516744
exon_13496.fasta,exon_13496.tre,0.464619
exon_13497.fasta,exon_13497.tre,0.842493
exon_13499.fasta,exon_13499.tre,0.562215
exon_13500.fasta,exon_13500.tre,0.458129
exon_13501.fasta,exon_13501.tre,0.601977
exon_13502.fasta,exon_13502.tre,0.480140
exon_13503.fasta,exon_13503.tre,0.357139
exon_13504.fasta,exon_13504.tre,0.836739
exon_13506.fasta,exon_13506.tre,0.569347
exon_13507.fasta,exon_13507.tre,0.576363
exon_13509.fasta,exon_13509.tre,0.635225
exon_1351.fasta,exon_1351.tre,0.497422
exon_13510.fasta,exon_13510.tre,0.404531
exon_13511.fasta,exon_13511.tre,0.519214
exon_13512.fasta,exon_13512.tre,0.441183
exon_13513.fasta,exon_13513.tre,0.422403
exon_13515.fasta,exon_13515.tre,0.693322
exon_13520.fasta,exon_13520.tre,0.459612
exon_13521.fasta,exon_13521.tre,0.562480
exon_13524.fasta,exon_13524.tre,0.667902
exon_13526.fasta,exon_13526.tre,0.531353
exon_13528.fasta,exon_13528.tre,0.404845
exon_13529.fasta,exon_13529.tre,0.388425
exon_1353.fasta,exon_1353.tre,0.722863
exon_13530.fasta,exon_13530.tre,0.513529
exon_13533.fasta,exon_13533.tre,0.370712
exon_13536.fasta,exon_13536.tre,0.378813
exon_13538.fasta,exon_13538.tre,0.514064
exon_13539.fasta,exon_13539.tre,0.343863
exon_13541.fasta,exon_13541.tre,0.486223
exon_13542.fasta,exon_13542.tre,0.551270
exon_13543.fasta,exon_13543.tre,0.399567
exon_13544.fasta,exon_13544.tre,0.663076
exon_13546.fasta,exon_13546.tre,1.051191
exon_13548.fasta,exon_13548.tre,0.498653
exon_13549.fasta,exon_13549.tre,1.514775
exon_1355.fasta,exon_1355.tre,0.475526
exon_13551.fasta,exon_13551.tre,0.394532
exon_13555.fasta,exon_13555.tre,0.600901
exon_13558.fasta,exon_13558.tre,0.497699
exon_13560.fasta,exon_13560.tre,0.434504
exon_13561.fasta,exon_13561.tre,0.496116
exon_13562.fasta,exon_13562.tre,0.656272
exon_13563.fasta,exon_13563.tre,1.231395
exon_13564.fasta,exon_13564.tre,0.449234
exon_13565.fasta,exon_13565.tre,0.520359
exon_13566.fasta,exon_13566.tre,0.492452
exon_13567.fasta,exon_13567.tre,0.448820
exon_13571.fasta,exon_13571.tre,0.358435
exon_13572.fasta,exon_13572.tre,0.533753
exon_13573.fasta,exon_13573.tre,0.363032
exon_13575.fasta,exon_13575.tre,0.666971
exon_13576.fasta,exon_13576.tre,0.449029
exon_13578.fasta,exon_13578.tre,0.492670
exon_13579.fasta,exon_13579.tre,0.391067
exon_13580.fasta,exon_13580.tre,0.367548
exon_13581.fasta,exon_13581.tre,0.937767
exon_13584.fasta,exon_13584.tre,0.349786
exon_13585.fasta,exon_13585.tre,0.557804
exon_13586.fasta,exon_13586.tre,0.547444
exon_13587.fasta,exon_13587.tre,0.586875
exon_13588.fasta,exon_13588.tre,0.413576
exon_13591.fasta,exon_13591.tre,0.491149
exon_13593.fasta,exon_13593.tre,0.663359
exon_13595.fasta,exon_13595.tre,0.539925
exon_13596.fasta,exon_13596.tre,0.885660
exon_13597.fasta,exon_13597.tre,0.405371
exon_13598.fasta,exon_13598.tre,0.759999
exon_13599.fasta,exon_13599.tre,0.590880
exon_13600.fasta,exon_13600.tre,0.597884
exon_13601.fasta,exon_13601.tre,0.345594
exon_13606.fasta,exon_13606.tre,0.307527
exon_13607.fasta,exon_13607.tre,0.682824
exon_13608.fasta,exon_13608.tre,0.602929
exon_13609.fasta,exon_13609.tre,0.477428
exon_1361.fasta,exon_1361.tre,6.104371
exon_13612.fasta,exon_13612.tre,0.519903
exon_13614.fasta,exon_13614.tre,0.660358
exon_13616.fasta,exon_13616.tre,0.386086
exon_13617.fasta,exon_13617.tre,0.451172
exon_13618.fasta,exon_13618.tre,1.062367
exon_13621.fasta,exon_13621.tre,0.752980
exon_13622.fasta,exon_13622.tre,0.674592
exon_13623.fasta,exon_13623.tre,0.574377
exon_13625.fasta,exon_13625.tre,0.463045
exon_13626.fasta,exon_13626.tre,0.548854
exon_13627.fasta,exon_13627.tre,0.449153
exon_13628.fasta,exon_13628.tre,0.677711
exon_13629.fasta,exon_13629.tre,0.634547
exon_1363.fasta,exon_1363.tre,0.551447
exon_13630.fasta,exon_13630.tre,0.555103
exon_13631.fasta,exon_13631.tre,0.355075
exon_13632.fasta,exon_13632.tre,0.509996
exon_13633.fasta,exon_13633.tre,0.468844
exon_13634.fasta,exon_13634.tre,0.458745
exon_13635.fasta,exon_13635.tre,0.368061
exon_13636.fasta,exon_13636.tre,0.516046
exon_13637.fasta,exon_13637.tre,0.346704
exon_13638.fasta,exon_13638.tre,0.391515
exon_13639.fasta,exon_13639.tre,0.505018
exon_1364.fasta,exon_1364.tre,0.487037
exon_13640.fasta,exon_13640.tre,0.288636
exon_13641.fasta,exon_13641.tre,0.639215
exon_13642.fasta,exon_13642.tre,0.544552
exon_13644.fasta,exon_13644.tre,0.548782
exon_13645.fasta,exon_13645.tre,0.448042
exon_13646.fasta,exon_13646.tre,0.523258
exon_13647.fasta,exon_13647.tre,0.390410
exon_13648.fasta,exon_13648.tre,1.298268
exon_13649.fasta,exon_13649.tre,0.616404
exon_13650.fasta,exon_13650.tre,0.612394
exon_13651.fasta,exon_13651.tre,0.832137
exon_13652.fasta,exon_13652.tre,0.426796
exon_13653.fasta,exon_13653.tre,0.674153
exon_13654.fasta,exon_13654.tre,0.347028
exon_13655.fasta,exon_13655.tre,0.503501
exon_13656.fasta,exon_13656.tre,0.386458
exon_13657.fasta,exon_13657.tre,0.319975
exon_13658.fasta,exon_13658.tre,0.495533
exon_13661.fasta,exon_13661.tre,0.673071
exon_13663.fasta,exon_13663.tre,0.481217
exon_13664.fasta,exon_13664.tre,0.374631
exon_13666.fasta,exon_13666.tre,0.358475
exon_13670.fasta,exon_13670.tre,0.439264
exon_13671.fasta,exon_13671.tre,0.432080
exon_13673.fasta,exon_13673.tre,0.439144
exon_13675.fasta,exon_13675.tre,0.410550
exon_13677.fasta,exon_13677.tre,0.521311
exon_13678.fasta,exon_13678.tre,0.626210
exon_13679.fasta,exon_13679.tre,0.357741
exon_1368.fasta,exon_1368.tre,0.461479
exon_13680.fasta,exon_13680.tre,0.419688
exon_13681.fasta,exon_13681.tre,0.379857
exon_13683.fasta,exon_13683.tre,0.388415
exon_13686.fasta,exon_13686.tre,0.710706
exon_13688.fasta,exon_13688.tre,0.576573
exon_13691.fasta,exon_13691.tre,0.335418
exon_13694.fasta,exon_13694.tre,0.366275
exon_13695.fasta,exon_13695.tre,0.370220
exon_13698.fasta,exon_13698.tre,0.344182
exon_13700.fasta,exon_13700.tre,0.388115
exon_13701.fasta,exon_13701.tre,0.501885
exon_1371.fasta,exon_1371.tre,0.420626
exon_13726.fasta,exon_13726.tre,0.465308
exon_13747.fasta,exon_13747.tre,0.707834
exon_13749.fasta,exon_13749.tre,0.550561
exon_13751.fasta,exon_13751.tre,1.043651
exon_13754.fasta,exon_13754.tre,0.374742
exon_13755.fasta,exon_13755.tre,0.626507
exon_13757.fasta,exon_13757.tre,0.437422
exon_13758.fasta,exon_13758.tre,2.182573
exon_13760.fasta,exon_13760.tre,0.751686
exon_13761.fasta,exon_13761.tre,0.426013
exon_13763.fasta,exon_13763.tre,0.625664
exon_13772.fasta,exon_13772.tre,0.622300
exon_13773.fasta,exon_13773.tre,0.343147
exon_13774.fasta,exon_13774.tre,0.529164
exon_13775.fasta,exon_13775.tre,0.405458
exon_13776.fasta,exon_13776.tre,0.373975
exon_13777.fasta,exon_13777.tre,0.470628
exon_13778.fasta,exon_13778.tre,0.522856
exon_13779.fasta,exon_13779.tre,0.380068
exon_1378.fasta,exon_1378.tre,0.625610
exon_13780.fasta,exon_13780.tre,0.389185
exon_13781.fasta,exon_13781.tre,0.460681
exon_13782.fasta,exon_13782.tre,0.416559
exon_13783.fasta,exon_13783.tre,0.516342
exon_13785.fasta,exon_13785.tre,0.400792
exon_13786.fasta,exon_13786.tre,0.371602
exon_13787.fasta,exon_13787.tre,0.536359
exon_13789.fasta,exon_13789.tre,0.634854
exon_13790.fasta,exon_13790.tre,0.541433
exon_13791.fasta,exon_13791.tre,0.549395
exon_13792.fasta,exon_13792.tre,0.531712
exon_13793.fasta,exon_13793.tre,0.406147
exon_13794.fasta,exon_13794.tre,0.535277
exon_13795.fasta,exon_13795.tre,0.408096
exon_13796.fasta,exon_13796.tre,0.478841
exon_13797.fasta,exon_13797.tre,0.882041
exon_13798.fasta,exon_13798.tre,0.499074
exon_13799.fasta,exon_13799.tre,0.613855
exon_138.fasta,exon_138.tre,0.380759
exon_1380.fasta,exon_1380.tre,0.406299
exon_13800.fasta,exon_13800.tre,0.578384
exon_13801.fasta,exon_13801.tre,0.737392
exon_13802.fasta,exon_13802.tre,0.543883
exon_13803.fasta,exon_13803.tre,1.191081
exon_13806.fasta,exon_13806.tre,0.611696
exon_13807.fasta,exon_13807.tre,0.792883
exon_13808.fasta,exon_13808.tre,0.398683
exon_13809.fasta,exon_13809.tre,0.450681
exon_1381.fasta,exon_1381.tre,0.307241
exon_13812.fasta,exon_13812.tre,0.536400
exon_13813.fasta,exon_13813.tre,0.384874
exon_13814.fasta,exon_13814.tre,0.466138
exon_13815.fasta,exon_13815.tre,0.581210
exon_1382.fasta,exon_1382.tre,0.501976
exon_13820.fasta,exon_13820.tre,0.366292
exon_13821.fasta,exon_13821.tre,0.697218
exon_13823.fasta,exon_13823.tre,0.663981
exon_13824.fasta,exon_13824.tre,0.344200
exon_13825.fasta,exon_13825.tre,0.335986
exon_13826.fasta,exon_13826.tre,0.543117
exon_13827.fasta,exon_13827.tre,0.415380
exon_13828.fasta,exon_13828.tre,0.404454
exon_1383.fasta,exon_1383.tre,0.630332
exon_13830.fasta,exon_13830.tre,0.675945
exon_13832.fasta,exon_13832.tre,0.671233
exon_13833.fasta,exon_13833.tre,0.812309
exon_13834.fasta,exon_13834.tre,0.611643
exon_13835.fasta,exon_13835.tre,0.387455
exon_13836.fasta,exon_13836.tre,0.632233
exon_13842.fasta,exon_13842.tre,0.498859
exon_13843.fasta,exon_13843.tre,0.462356
exon_13844.fasta,exon_13844.tre,0.563777
exon_13846.fasta,exon_13846.tre,0.518129
exon_13847.fasta,exon_13847.tre,0.419699
exon_13848.fasta,exon_13848.tre,0.377619
exon_13849.fasta,exon_13849.tre,0.451356
exon_1385.fasta,exon_1385.tre,1.034273
exon_13852.fasta,exon_13852.tre,1.514666
exon_13853.fasta,exon_13853.tre,0.420748
exon_13855.fasta,exon_13855.tre,0.646586
exon_13856.fasta,exon_13856.tre,0.604087
exon_13857.fasta,exon_13857.tre,0.510300
exon_13859.fasta,exon_13859.tre,1.031021
exon_1386.fasta,exon_1386.tre,0.670476
exon_13861.fasta,exon_13861.tre,0.559556
exon_13862.fasta,exon_13862.tre,0.434370
exon_13863.fasta,exon_13863.tre,0.616254
exon_13866.fasta,exon_13866.tre,0.793309
exon_13867.fasta,exon_13867.tre,0.398340
exon_13870.fasta,exon_13870.tre,0.713785
exon_13874.fasta,exon_13874.tre,0.612234
exon_13875.fasta,exon_13875.tre,1.125335
exon_13876.fasta,exon_13876.tre,0.597969
exon_13877.fasta,exon_13877.tre,0.711488
exon_13878.fasta,exon_13878.tre,0.605757
exon_13879.fasta,exon_13879.tre,0.653716
exon_13880.fasta,exon_13880.tre,0.360097
exon_13881.fasta,exon_13881.tre,0.568215
exon_13882.fasta,exon_13882.tre,0.474270
exon_13884.fasta,exon_13884.tre,0.544242
exon_13885.fasta,exon_13885.tre,0.524120
exon_13886.fasta,exon_13886.tre,0.497326
exon_13888.fasta,exon_13888.tre,0.594425
exon_1389.fasta,exon_1389.tre,0.743910
exon_13890.fasta,exon_13890.tre,0.580319
exon_13893.fasta,exon_13893.tre,0.390539
exon_13895.fasta,exon_13895.tre,0.582785
exon_13896.fasta,exon_13896.tre,1.021945
exon_13897.fasta,exon_13897.tre,0.432236
exon_139.fasta,exon_139.tre,0.816689
exon_13901.fasta,exon_13901.tre,0.792941
exon_13902.fasta,exon_13902.tre,0.520206
exon_13903.fasta,exon_13903.tre,0.485415
exon_13905.fasta,exon_13905.tre,0.733719
exon_13906.fasta,exon_13906.tre,1.042377
exon_13908.fasta,exon_13908.tre,0.678099
exon_1391.fasta,exon_1391.tre,0.422109
exon_13910.fasta,exon_13910.tre,0.392769
exon_13911.fasta,exon_13911.tre,0.564998
exon_13912.fasta,exon_13912.tre,0.563455
exon_13913.fasta,exon_13913.tre,0.677057
exon_13914.fasta,exon_13914.tre,0.552655
exon_13918.fasta,exon_13918.tre,0.409114
exon_13919.fasta,exon_13919.tre,0.588008
exon_1392.fasta,exon_1392.tre,0.453329
exon_13920.fasta,exon_13920.tre,0.415235
exon_13921.fasta,exon_13921.tre,0.408129
exon_13922.fasta,exon_13922.tre,0.558302
exon_13923.fasta,exon_13923.tre,0.559366
exon_13924.fasta,exon_13924.tre,0.600740
exon_13925.fasta,exon_13925.tre,0.511633
exon_13926.fasta,exon_13926.tre,0.485461
exon_13928.fasta,exon_13928.tre,0.637527
exon_13929.fasta,exon_13929.tre,0.502086
exon_13931.fasta,exon_13931.tre,0.296276
exon_13932.fasta,exon_13932.tre,0.327321
exon_13933.fasta,exon_13933.tre,0.379189
exon_13934.fasta,exon_13934.tre,0.316963
exon_13935.fasta,exon_13935.tre,0.364987
exon_13936.fasta,exon_13936.tre,0.316917
exon_13939.fasta,exon_13939.tre,0.402634
exon_13940.fasta,exon_13940.tre,0.676966
exon_13941.fasta,exon_13941.tre,0.509474
exon_13943.fasta,exon_13943.tre,0.673158
exon_13944.fasta,exon_13944.tre,0.556674
exon_13948.fasta,exon_13948.tre,0.490122
exon_13949.fasta,exon_13949.tre,0.396826
exon_1395.fasta,exon_1395.tre,0.865313
exon_13952.fasta,exon_13952.tre,0.476638
exon_13953.fasta,exon_13953.tre,2.384427
exon_13954.fasta,exon_13954.tre,0.528947
exon_13956.fasta,exon_13956.tre,0.586378
exon_13957.fasta,exon_13957.tre,0.771411
exon_13960.fasta,exon_13960.tre,0.371381
exon_13961.fasta,exon_13961.tre,0.434537
exon_13962.fasta,exon_13962.tre,1.483688
exon_13965.fasta,exon_13965.tre,0.949572
exon_13966.fasta,exon_13966.tre,0.513035
exon_13967.fasta,exon_13967.tre,0.518531
exon_13968.fasta,exon_13968.tre,0.374385
exon_13969.fasta,exon_13969.tre,0.522156
exon_13971.fasta,exon_13971.tre,0.851515
exon_13972.fasta,exon_13972.tre,0.478384
exon_13973.fasta,exon_13973.tre,0.789259
exon_13974.fasta,exon_13974.tre,0.392362
exon_13975.fasta,exon_13975.tre,0.814965
exon_13976.fasta,exon_13976.tre,1.107936
exon_13977.fasta,exon_13977.tre,0.430421
exon_13979.fasta,exon_13979.tre,0.643190
exon_13980.fasta,exon_13980.tre,0.457318
exon_13981.fasta,exon_13981.tre,0.629037
exon_13983.fasta,exon_13983.tre,0.531281
exon_13984.fasta,exon_13984.tre,0.469361
exon_13985.fasta,exon_13985.tre,0.704304
exon_13986.fasta,exon_13986.tre,0.533598
exon_13989.fasta,exon_13989.tre,0.556246
exon_1399.fasta,exon_1399.tre,0.583699
exon_13991.fasta,exon_13991.tre,0.381742
exon_13993.fasta,exon_13993.tre,0.482756
exon_13994.fasta,exon_13994.tre,0.802707
exon_13995.fasta,exon_13995.tre,0.368249
exon_13996.fasta,exon_13996.tre,0.540126
exon_13997.fasta,exon_13997.tre,0.604692
exon_13998.fasta,exon_13998.tre,0.595492
exon_13999.fasta,exon_13999.tre,0.386541
exon_1400.fasta,exon_1400.tre,0.520099
exon_14000.fasta,exon_14000.tre,0.595198
exon_14001.fasta,exon_14001.tre,0.541376
exon_14002.fasta,exon_14002.tre,0.648208
exon_14006.fasta,exon_14006.tre,0.456644
exon_14008.fasta,exon_14008.tre,0.513177
exon_14009.fasta,exon_14009.tre,0.427633
exon_14011.fasta,exon_14011.tre,0.653287
exon_14012.fasta,exon_14012.tre,0.425635
exon_14013.fasta,exon_14013.tre,0.371552
exon_14014.fasta,exon_14014.tre,0.328284
exon_14015.fasta,exon_14015.tre,0.517273
exon_14016.fasta,exon_14016.tre,0.608454
exon_14017.fasta,exon_14017.tre,0.549520
exon_14019.fasta,exon_14019.tre,0.572970
exon_14020.fasta,exon_14020.tre,0.574052
exon_14024.fasta,exon_14024.tre,0.460144
exon_14027.fasta,exon_14027.tre,0.584819
exon_14029.fasta,exon_14029.tre,0.553701
exon_14030.fasta,exon_14030.tre,0.373369
exon_14031.fasta,exon_14031.tre,0.675623
exon_14033.fasta,exon_14033.tre,0.455244
exon_14034.fasta,exon_14034.tre,0.764982
exon_14038.fasta,exon_14038.tre,1.068048
exon_14039.fasta,exon_14039.tre,0.566136
exon_1404.fasta,exon_1404.tre,0.990619
exon_14040.fasta,exon_14040.tre,0.436070
exon_14041.fasta,exon_14041.tre,0.684172
exon_14043.fasta,exon_14043.tre,1.123782
exon_14045.fasta,exon_14045.tre,0.556484
exon_14046.fasta,exon_14046.tre,0.530697
exon_14047.fasta,exon_14047.tre,0.423923
exon_14049.fasta,exon_14049.tre,0.528867
exon_1405.fasta,exon_1405.tre,0.415298
exon_14050.fasta,exon_14050.tre,0.588688
exon_14051.fasta,exon_14051.tre,0.401239
exon_14053.fasta,exon_14053.tre,0.570038
exon_14056.fasta,exon_14056.tre,0.733776
exon_14057.fasta,exon_14057.tre,0.586700
exon_14058.fasta,exon_14058.tre,0.883678
exon_14059.fasta,exon_14059.tre,0.812448
exon_14067.fasta,exon_14067.tre,0.513625
exon_14068.fasta,exon_14068.tre,0.371118
exon_14069.fasta,exon_14069.tre,0.474859
exon_14071.fasta,exon_14071.tre,0.390730
exon_14074.fasta,exon_14074.tre,0.509152
exon_14076.fasta,exon_14076.tre,0.756217
exon_14077.fasta,exon_14077.tre,0.437663
exon_1408.fasta,exon_1408.tre,0.592770
exon_14081.fasta,exon_14081.tre,0.578543
exon_14083.fasta,exon_14083.tre,0.752029
exon_14086.fasta,exon_14086.tre,0.454373
exon_14087.fasta,exon_14087.tre,0.767725
exon_14091.fasta,exon_14091.tre,0.554095
exon_14093.fasta,exon_14093.tre,0.714421
exon_14094.fasta,exon_14094.tre,0.568225
exon_14095.fasta,exon_14095.tre,0.635714
exon_14096.fasta,exon_14096.tre,0.334570
exon_14097.fasta,exon_14097.tre,0.475977
exon_14098.fasta,exon_14098.tre,0.674366
exon_14099.fasta,exon_14099.tre,0.511802
exon_141.fasta,exon_141.tre,0.388016
exon_14101.fasta,exon_14101.tre,0.486616
exon_14102.fasta,exon_14102.tre,0.391355
exon_14104.fasta,exon_14104.tre,0.418107
exon_14105.fasta,exon_14105.tre,0.363850
exon_14106.fasta,exon_14106.tre,0.545192
exon_14107.fasta,exon_14107.tre,0.468133
exon_14109.fasta,exon_14109.tre,0.588688
exon_1411.fasta,exon_1411.tre,0.471314
exon_14110.fasta,exon_14110.tre,0.735481
exon_14111.fasta,exon_14111.tre,0.816984
exon_14113.fasta,exon_14113.tre,0.828931
exon_14114.fasta,exon_14114.tre,0.573266
exon_14116.fasta,exon_14116.tre,0.519766
exon_14118.fasta,exon_14118.tre,0.786462
exon_14119.fasta,exon_14119.tre,0.579229
exon_1412.fasta,exon_1412.tre,0.425342
exon_14122.fasta,exon_14122.tre,0.715029
exon_14128.fasta,exon_14128.tre,1.261024
exon_1413.fasta,exon_1413.tre,0.472912
exon_14130.fasta,exon_14130.tre,0.643518
exon_14131.fasta,exon_14131.tre,0.462289
exon_14132.fasta,exon_14132.tre,0.554010
exon_14133.fasta,exon_14133.tre,0.354284
exon_14135.fasta,exon_14135.tre,0.579144
exon_14136.fasta,exon_14136.tre,0.529998
exon_14139.fasta,exon_14139.tre,0.629297
exon_1414.fasta,exon_1414.tre,0.796781
exon_14140.fasta,exon_14140.tre,0.723924
exon_14141.fasta,exon_14141.tre,0.392643
exon_14142.fasta,exon_14142.tre,0.623005
exon_14143.fasta,exon_14143.tre,0.719188
exon_14144.fasta,exon_14144.tre,0.568676
exon_14145.fasta,exon_14145.tre,0.954706
exon_14146.fasta,exon_14146.tre,2.659543
exon_14148.fasta,exon_14148.tre,0.989321
exon_14149.fasta,exon_14149.tre,0.679560
exon_14150.fasta,exon_14150.tre,0.698983
exon_14151.fasta,exon_14151.tre,0.467489
exon_14152.fasta,exon_14152.tre,1.126153
exon_14154.fasta,exon_14154.tre,0.402243
exon_14155.fasta,exon_14155.tre,0.858794
exon_14158.fasta,exon_14158.tre,0.614291
exon_14161.fasta,exon_14161.tre,0.782331
exon_14163.fasta,exon_14163.tre,0.626214
exon_14164.fasta,exon_14164.tre,0.653788
exon_14165.fasta,exon_14165.tre,0.375556
exon_14166.fasta,exon_14166.tre,0.517045
exon_14167.fasta,exon_14167.tre,0.670349
exon_14168.fasta,exon_14168.tre,0.546171
exon_14169.fasta,exon_14169.tre,1.245069
exon_14171.fasta,exon_14171.tre,0.493571
exon_14173.fasta,exon_14173.tre,0.593870
exon_14177.fasta,exon_14177.tre,1.144911
exon_14179.fasta,exon_14179.tre,0.658769
exon_14180.fasta,exon_14180.tre,0.703645
exon_14181.fasta,exon_14181.tre,0.830770
exon_14182.fasta,exon_14182.tre,0.539866
exon_14185.fasta,exon_14185.tre,0.638706
exon_14186.fasta,exon_14186.tre,0.327773
exon_14187.fasta,exon_14187.tre,0.512909
exon_14193.fasta,exon_14193.tre,0.631073
exon_14194.fasta,exon_14194.tre,0.602028
exon_14195.fasta,exon_14195.tre,0.437749
exon_14197.fasta,exon_14197.tre,0.568169
exon_14198.fasta,exon_14198.tre,0.606826
exon_142.fasta,exon_142.tre,0.649029
exon_1420.fasta,exon_1420.tre,0.707596
exon_14203.fasta,exon_14203.tre,0.434213
exon_14204.fasta,exon_14204.tre,0.583308
exon_14207.fasta,exon_14207.tre,0.367934
exon_14208.fasta,exon_14208.tre,0.596327
exon_1421.fasta,exon_1421.tre,1.361660
exon_14210.fasta,exon_14210.tre,0.582512
exon_14211.fasta,exon_14211.tre,0.878247
exon_14213.fasta,exon_14213.tre,0.514988
exon_14214.fasta,exon_14214.tre,0.333616
exon_14215.fasta,exon_14215.tre,2.765272
exon_14216.fasta,exon_14216.tre,0.368817
exon_1422.fasta,exon_1422.tre,0.664937
exon_14220.fasta,exon_14220.tre,0.391022
exon_14222.fasta,exon_14222.tre,0.442683
exon_14224.fasta,exon_14224.tre,0.517480
exon_14225.fasta,exon_14225.tre,0.565168
exon_14226.fasta,exon_14226.tre,0.624315
exon_14227.fasta,exon_14227.tre,0.605386
exon_14228.fasta,exon_14228.tre,0.396221
exon_14229.fasta,exon_14229.tre,0.408109
exon_14230.fasta,exon_14230.tre,0.440850
exon_14231.fasta,exon_14231.tre,0.582948
exon_14232.fasta,exon_14232.tre,0.396623
exon_14233.fasta,exon_14233.tre,0.323056
exon_14234.fasta,exon_14234.tre,1.471070
exon_14235.fasta,exon_14235.tre,0.474444
exon_14236.fasta,exon_14236.tre,0.632306
exon_14237.fasta,exon_14237.tre,0.769102
exon_14238.fasta,exon_14238.tre,0.615638
exon_1424.fasta,exon_1424.tre,0.653238
exon_14242.fasta,exon_14242.tre,0.462817
exon_14243.fasta,exon_14243.tre,0.740629
exon_14244.fasta,exon_14244.tre,0.339343
exon_14245.fasta,exon_14245.tre,0.436419
exon_14246.fasta,exon_14246.tre,0.324651
exon_14247.fasta,exon_14247.tre,0.390121
exon_14248.fasta,exon_14248.tre,0.459812
exon_14250.fasta,exon_14250.tre,0.819962
exon_14252.fasta,exon_14252.tre,0.701179
exon_14254.fasta,exon_14254.tre,0.517796
exon_14256.fasta,exon_14256.tre,0.607345
exon_14257.fasta,exon_14257.tre,0.605973
exon_14258.fasta,exon_14258.tre,0.827407
exon_14259.fasta,exon_14259.tre,0.404736
exon_14260.fasta,exon_14260.tre,0.404090
exon_14261.fasta,exon_14261.tre,0.335889
exon_14263.fasta,exon_14263.tre,0.501232
exon_14266.fasta,exon_14266.tre,0.427341
exon_14269.fasta,exon_14269.tre,0.553082
exon_14271.fasta,exon_14271.tre,0.341185
exon_14273.fasta,exon_14273.tre,0.314144
exon_14275.fasta,exon_14275.tre,0.325388
exon_14278.fasta,exon_14278.tre,0.363285
exon_14279.fasta,exon_14279.tre,0.507532
exon_14282.fasta,exon_14282.tre,0.428783
exon_14284.fasta,exon_14284.tre,1.087530
exon_14285.fasta,exon_14285.tre,0.617346
exon_14288.fasta,exon_14288.tre,0.448659
exon_1429.fasta,exon_1429.tre,0.506512
exon_14290.fasta,exon_14290.tre,0.728170
exon_14291.fasta,exon_14291.tre,0.612072
exon_14292.fasta,exon_14292.tre,0.596980
exon_14294.fasta,exon_14294.tre,1.012557
exon_14296.fasta,exon_14296.tre,0.404110
exon_14298.fasta,exon_14298.tre,0.342828
exon_14300.fasta,exon_14300.tre,0.386099
exon_14301.fasta,exon_14301.tre,0.507487
exon_14308.fasta,exon_14308.tre,0.519526
exon_14309.fasta,exon_14309.tre,0.483541
exon_1431.fasta,exon_1431.tre,2.597806
exon_14310.fasta,exon_14310.tre,0.389240
exon_14314.fasta,exon_14314.tre,0.435650
exon_14315.fasta,exon_14315.tre,0.382552
exon_14316.fasta,exon_14316.tre,0.499452
exon_14318.fasta,exon_14318.tre,0.524617
exon_1432.fasta,exon_1432.tre,0.491712
exon_14320.fasta,exon_14320.tre,0.528206
exon_14322.fasta,exon_14322.tre,0.519088
exon_14327.fasta,exon_14327.tre,0.408024
exon_14328.fasta,exon_14328.tre,0.786798
exon_1433.fasta,exon_1433.tre,0.798859
exon_14331.fasta,exon_14331.tre,0.514334
exon_14333.fasta,exon_14333.tre,0.461916
exon_14334.fasta,exon_14334.tre,0.479940
exon_14335.fasta,exon_14335.tre,0.501929
exon_14336.fasta,exon_14336.tre,0.616508
exon_14337.fasta,exon_14337.tre,0.676757
exon_14339.fasta,exon_14339.tre,0.543770
exon_1434.fasta,exon_1434.tre,0.595982
exon_14341.fasta,exon_14341.tre,0.434362
exon_14342.fasta,exon_14342.tre,0.333447
exon_14345.fasta,exon_14345.tre,0.540846
exon_14346.fasta,exon_14346.tre,0.581291
exon_14347.fasta,exon_14347.tre,0.492996
exon_14350.fasta,exon_14350.tre,0.717581
exon_14351.fasta,exon_14351.tre,0.394177
exon_14356.fasta,exon_14356.tre,0.497236
exon_14357.fasta,exon_14357.tre,0.534171
exon_14358.fasta,exon_14358.tre,0.524121
exon_14361.fasta,exon_14361.tre,0.340968
exon_14363.fasta,exon_14363.tre,1.204391
exon_14364.fasta,exon_14364.tre,0.500126
exon_14365.fasta,exon_14365.tre,0.534047
exon_14368.fasta,exon_14368.tre,0.755328
exon_14369.fasta,exon_14369.tre,0.586844
exon_14373.fasta,exon_14373.tre,0.551018
exon_14375.fasta,exon_14375.tre,0.917960
exon_14376.fasta,exon_14376.tre,0.501369
exon_14377.fasta,exon_14377.tre,0.992723
exon_14378.fasta,exon_14378.tre,0.397684
exon_1438.fasta,exon_1438.tre,0.580715
exon_14381.fasta,exon_14381.tre,0.601523
exon_14383.fasta,exon_14383.tre,0.814958
exon_14384.fasta,exon_14384.tre,0.485002
exon_14385.fasta,exon_14385.tre,0.455708
exon_14387.fasta,exon_14387.tre,0.351914
exon_14389.fasta,exon_14389.tre,0.700758
exon_14391.fasta,exon_14391.tre,0.566502
exon_14395.fasta,exon_14395.tre,0.520714
exon_14396.fasta,exon_14396.tre,0.368523
exon_14399.fasta,exon_14399.tre,0.477326
exon_144.fasta,exon_144.tre,0.503815
exon_14400.fasta,exon_14400.tre,1.197484
exon_14402.fasta,exon_14402.tre,0.471167
exon_14403.fasta,exon_14403.tre,0.435520
exon_14406.fasta,exon_14406.tre,0.340397
exon_14408.fasta,exon_14408.tre,0.533831
exon_14409.fasta,exon_14409.tre,0.584354
exon_1441.fasta,exon_1441.tre,1.706726
exon_14411.fasta,exon_14411.tre,0.627917
exon_14412.fasta,exon_14412.tre,0.294681
exon_14414.fasta,exon_14414.tre,0.534843
exon_14415.fasta,exon_14415.tre,0.663442
exon_14416.fasta,exon_14416.tre,0.478427
exon_14417.fasta,exon_14417.tre,0.491156
exon_14419.fasta,exon_14419.tre,0.495238
exon_1442.fasta,exon_1442.tre,0.502204
exon_14421.fasta,exon_14421.tre,0.487316
exon_14423.fasta,exon_14423.tre,0.931747
exon_14424.fasta,exon_14424.tre,0.693817
exon_14426.fasta,exon_14426.tre,0.378099
exon_14428.fasta,exon_14428.tre,0.429356
exon_14429.fasta,exon_14429.tre,0.416794
exon_14430.fasta,exon_14430.tre,1.362159
exon_14431.fasta,exon_14431.tre,0.728355
exon_14434.fasta,exon_14434.tre,2.440400
exon_14435.fasta,exon_14435.tre,0.508251
exon_14436.fasta,exon_14436.tre,0.334873
exon_14437.fasta,exon_14437.tre,1.019630
exon_14438.fasta,exon_14438.tre,0.394549
exon_14439.fasta,exon_14439.tre,0.487555
exon_1444.fasta,exon_1444.tre,0.602654
exon_14442.fasta,exon_14442.tre,0.396047
exon_14443.fasta,exon_14443.tre,0.719178
exon_14445.fasta,exon_14445.tre,0.567176
exon_14446.fasta,exon_14446.tre,0.558161
exon_14447.fasta,exon_14447.tre,0.486330
exon_14448.fasta,exon_14448.tre,0.506612
exon_1445.fasta,exon_1445.tre,0.559034
exon_14450.fasta,exon_14450.tre,0.349563
exon_14451.fasta,exon_14451.tre,0.577155
exon_14452.fasta,exon_14452.tre,0.382120
exon_14454.fasta,exon_14454.tre,0.477281
exon_1446.fasta,exon_1446.tre,0.631581
exon_14463.fasta,exon_14463.tre,0.703029
exon_14464.fasta,exon_14464.tre,0.566308
exon_14465.fasta,exon_14465.tre,0.298577
exon_14467.fasta,exon_14467.tre,0.380739
exon_14469.fasta,exon_14469.tre,0.416561
exon_14471.fasta,exon_14471.tre,0.552718
exon_14472.fasta,exon_14472.tre,0.474330
exon_14475.fasta,exon_14475.tre,0.540860
exon_14476.fasta,exon_14476.tre,0.661127
exon_14478.fasta,exon_14478.tre,0.503285
exon_14479.fasta,exon_14479.tre,0.656114
exon_14480.fasta,exon_14480.tre,0.636078
exon_14481.fasta,exon_14481.tre,0.507223
exon_14482.fasta,exon_14482.tre,0.940227
exon_14484.fasta,exon_14484.tre,0.547225
exon_14485.fasta,exon_14485.tre,0.294397
exon_14486.fasta,exon_14486.tre,0.415261
exon_14489.fasta,exon_14489.tre,0.521054
exon_14491.fasta,exon_14491.tre,0.397147
exon_14493.fasta,exon_14493.tre,0.581874
exon_14494.fasta,exon_14494.tre,0.385199
exon_14496.fasta,exon_14496.tre,0.551743
exon_14497.fasta,exon_14497.tre,1.980400
exon_14498.fasta,exon_14498.tre,0.417207
exon_14499.fasta,exon_14499.tre,0.430766
exon_14501.fasta,exon_14501.tre,0.490325
exon_14502.fasta,exon_14502.tre,0.513326
exon_14508.fasta,exon_14508.tre,0.546466
exon_14513.fasta,exon_14513.tre,0.434509
exon_14516.fasta,exon_14516.tre,0.380835
exon_14517.fasta,exon_14517.tre,0.388734
exon_14518.fasta,exon_14518.tre,0.774813
exon_1452.fasta,exon_1452.tre,0.706759
exon_14520.fasta,exon_14520.tre,0.939780
exon_14524.fasta,exon_14524.tre,0.416543
exon_14526.fasta,exon_14526.tre,0.370372
exon_14528.fasta,exon_14528.tre,0.584889
exon_14533.fasta,exon_14533.tre,0.312773
exon_14534.fasta,exon_14534.tre,0.774067
exon_14535.fasta,exon_14535.tre,0.341031
exon_14541.fasta,exon_14541.tre,0.425089
exon_14545.fasta,exon_14545.tre,0.544080
exon_14546.fasta,exon_14546.tre,0.433571
exon_14547.fasta,exon_14547.tre,0.447706
exon_1455.fasta,exon_1455.tre,0.468415
exon_14551.fasta,exon_14551.tre,0.513932
exon_14553.fasta,exon_14553.tre,0.786762
exon_14554.fasta,exon_14554.tre,0.471593
exon_14556.fasta,exon_14556.tre,0.704149
exon_14560.fasta,exon_14560.tre,0.598550
exon_14561.fasta,exon_14561.tre,0.409825
exon_14562.fasta,exon_14562.tre,0.540332
exon_14563.fasta,exon_14563.tre,0.535877
exon_14564.fasta,exon_14564.tre,0.464394
exon_14565.fasta,exon_14565.tre,0.589163
exon_14569.fasta,exon_14569.tre,0.508871
exon_1457.fasta,exon_1457.tre,0.615834
exon_14570.fasta,exon_14570.tre,0.597246
exon_14571.fasta,exon_14571.tre,0.725472
exon_14572.fasta,exon_14572.tre,0.477148
exon_14574.fasta,exon_14574.tre,0.409577
exon_14575.fasta,exon_14575.tre,0.511531
exon_14577.fasta,exon_14577.tre,0.378793
exon_14578.fasta,exon_14578.tre,0.353426
exon_14580.fasta,exon_14580.tre,0.639376
exon_14583.fasta,exon_14583.tre,0.502099
exon_14584.fasta,exon_14584.tre,0.381638
exon_14585.fasta,exon_14585.tre,0.431790
exon_14586.fasta,exon_14586.tre,0.580448
exon_14589.fasta,exon_14589.tre,0.372305
exon_1459.fasta,exon_1459.tre,0.685488
exon_14593.fasta,exon_14593.tre,0.507404
exon_14594.fasta,exon_14594.tre,0.364584
exon_14595.fasta,exon_14595.tre,0.538086
exon_14596.fasta,exon_14596.tre,0.803777
exon_14597.fasta,exon_14597.tre,0.555561
exon_14598.fasta,exon_14598.tre,0.442387
exon_1460.fasta,exon_1460.tre,0.636326
exon_14600.fasta,exon_14600.tre,0.423756
exon_14602.fasta,exon_14602.tre,0.821963
exon_14604.fasta,exon_14604.tre,0.538854
exon_14605.fasta,exon_14605.tre,0.419535
exon_14606.fasta,exon_14606.tre,0.435965
exon_14608.fasta,exon_14608.tre,1.359580
exon_14610.fasta,exon_14610.tre,0.620179
exon_14611.fasta,exon_14611.tre,0.718351
exon_14614.fasta,exon_14614.tre,1.179206
exon_14615.fasta,exon_14615.tre,0.393463
exon_14616.fasta,exon_14616.tre,0.349120
exon_14617.fasta,exon_14617.tre,0.359788
exon_14618.fasta,exon_14618.tre,0.325539
exon_14619.fasta,exon_14619.tre,0.354685
exon_1462.fasta,exon_1462.tre,0.587848
exon_14622.fasta,exon_14622.tre,0.320528
exon_14623.fasta,exon_14623.tre,0.379054
exon_14624.fasta,exon_14624.tre,0.514773
exon_14625.fasta,exon_14625.tre,1.120594
exon_14626.fasta,exon_14626.tre,0.477060
exon_14628.fasta,exon_14628.tre,0.384526
exon_14630.fasta,exon_14630.tre,0.314170
exon_14631.fasta,exon_14631.tre,0.374332
exon_14632.fasta,exon_14632.tre,0.660278
exon_14633.fasta,exon_14633.tre,0.402395
exon_14634.fasta,exon_14634.tre,0.425847
exon_14637.fasta,exon_14637.tre,0.392901
exon_14638.fasta,exon_14638.tre,0.534767
exon_1465.fasta,exon_1465.tre,0.727862
exon_1466.fasta,exon_1466.tre,0.799012
exon_1468.fasta,exon_1468.tre,0.576751
exon_1469.fasta,exon_1469.tre,0.424276
exon_1470.fasta,exon_1470.tre,0.464574
exon_1471.fasta,exon_1471.tre,0.485329
exon_1472.fasta,exon_1472.tre,0.382853
exon_1473.fasta,exon_1473.tre,0.746888
exon_1475.fasta,exon_1475.tre,0.696267
exon_1476.fasta,exon_1476.tre,0.539493
exon_1477.fasta,exon_1477.tre,0.737317
exon_1478.fasta,exon_1478.tre,0.506591
exon_1479.fasta,exon_1479.tre,0.584258
exon_148.fasta,exon_148.tre,1.423467
exon_1480.fasta,exon_1480.tre,1.044649
exon_1482.fasta,exon_1482.tre,0.511262
exon_1485.fasta,exon_1485.tre,0.550256
exon_1487.fasta,exon_1487.tre,0.870930
exon_1488.fasta,exon_1488.tre,0.578271
exon_149.fasta,exon_149.tre,0.551982
exon_1491.fasta,exon_1491.tre,0.571016
exon_1493.fasta,exon_1493.tre,0.591384
exon_1494.fasta,exon_1494.tre,0.617098
exon_1495.fasta,exon_1495.tre,0.526978
exon_1496.fasta,exon_1496.tre,0.728574
exon_1497.fasta,exon_1497.tre,0.526637
exon_1498.fasta,exon_1498.tre,0.401342
exon_1499.fasta,exon_1499.tre,0.583947
exon_15.fasta,exon_15.tre,0.623551
exon_1500.fasta,exon_1500.tre,0.694144
exon_1501.fasta,exon_1501.tre,0.607800
exon_1502.fasta,exon_1502.tre,0.545385
exon_1505.fasta,exon_1505.tre,0.805484
exon_1506.fasta,exon_1506.tre,0.648330
exon_1507.fasta,exon_1507.tre,0.738729
exon_1509.fasta,exon_1509.tre,0.345238
exon_1511.fasta,exon_1511.tre,0.412667
exon_1515.fasta,exon_1515.tre,0.612780
exon_1517.fasta,exon_1517.tre,0.541190
exon_1518.fasta,exon_1518.tre,0.527355
exon_152.fasta,exon_152.tre,0.327895
exon_1521.fasta,exon_1521.tre,0.503493
exon_1522.fasta,exon_1522.tre,0.590527
exon_1523.fasta,exon_1523.tre,0.514471
exon_1524.fasta,exon_1524.tre,1.064152
exon_1525.fasta,exon_1525.tre,0.570813
exon_1527.fasta,exon_1527.tre,0.576878
exon_1529.fasta,exon_1529.tre,0.793781
exon_1530.fasta,exon_1530.tre,1.051834
exon_1531.fasta,exon_1531.tre,0.668325
exon_1532.fasta,exon_1532.tre,0.931773
exon_1536.fasta,exon_1536.tre,0.641556
exon_1537.fasta,exon_1537.tre,0.492550
exon_1542.fasta,exon_1542.tre,1.019761
exon_1543.fasta,exon_1543.tre,0.368474
exon_1544.fasta,exon_1544.tre,0.638480
exon_1548.fasta,exon_1548.tre,0.557171
exon_1549.fasta,exon_1549.tre,1.707062
exon_1550.fasta,exon_1550.tre,0.481901
exon_1552.fasta,exon_1552.tre,0.583075
exon_1556.fasta,exon_1556.tre,1.435309
exon_1558.fasta,exon_1558.tre,0.525933
exon_1559.fasta,exon_1559.tre,0.731129
exon_1562.fasta,exon_1562.tre,0.664557
exon_1566.fasta,exon_1566.tre,0.635848
exon_1567.fasta,exon_1567.tre,0.790436
exon_1568.fasta,exon_1568.tre,0.708763
exon_1569.fasta,exon_1569.tre,0.547601
exon_1573.fasta,exon_1573.tre,0.543929
exon_1574.fasta,exon_1574.tre,0.528477
exon_1575.fasta,exon_1575.tre,0.506292
exon_1576.fasta,exon_1576.tre,0.518561
exon_1577.fasta,exon_1577.tre,0.669862
exon_1578.fasta,exon_1578.tre,0.623868
exon_1579.fasta,exon_1579.tre,0.568851
exon_158.fasta,exon_158.tre,0.931314
exon_1584.fasta,exon_1584.tre,0.524588
exon_1585.fasta,exon_1585.tre,0.582315
exon_1587.fasta,exon_1587.tre,0.552721
exon_1588.fasta,exon_1588.tre,0.360155
exon_1590.fasta,exon_1590.tre,0.500652
exon_1596.fasta,exon_1596.tre,0.543765
exon_1597.fasta,exon_1597.tre,0.446730
exon_1599.fasta,exon_1599.tre,0.675788
exon_16.fasta,exon_16.tre,0.907656
exon_1600.fasta,exon_1600.tre,0.573621
exon_1603.fasta,exon_1603.tre,0.776751
exon_1604.fasta,exon_1604.tre,0.491082
exon_1607.fasta,exon_1607.tre,0.939844
exon_1608.fasta,exon_1608.tre,0.841393
exon_161.fasta,exon_161.tre,0.668521
exon_1610.fasta,exon_1610.tre,1.520081
exon_1611.fasta,exon_1611.tre,0.471299
exon_1612.fasta,exon_1612.tre,0.539893
exon_1614.fasta,exon_1614.tre,0.519198
exon_1618.fasta,exon_1618.tre,0.569009
exon_1619.fasta,exon_1619.tre,0.635387
exon_1622.fasta,exon_1622.tre,0.931895
exon_1625.fasta,exon_1625.tre,0.594135
exon_1626.fasta,exon_1626.tre,0.849238
exon_1628.fasta,exon_1628.tre,0.416997
exon_1629.fasta,exon_1629.tre,0.492305
exon_163.fasta,exon_163.tre,0.497288
exon_1631.fasta,exon_1631.tre,0.812383
exon_1632.fasta,exon_1632.tre,0.569044
exon_1635.fasta,exon_1635.tre,0.551495
exon_1637.fasta,exon_1637.tre,0.387059
exon_1638.fasta,exon_1638.tre,0.501270
exon_1639.fasta,exon_1639.tre,0.758099
exon_1642.fasta,exon_1642.tre,0.391236
exon_1645.fasta,exon_1645.tre,0.550891
exon_1647.fasta,exon_1647.tre,0.530126
exon_1648.fasta,exon_1648.tre,0.395334
exon_165.fasta,exon_165.tre,0.539284
exon_1651.fasta,exon_1651.tre,0.965226
exon_1654.fasta,exon_1654.tre,0.527187
exon_1655.fasta,exon_1655.tre,0.506008
exon_1656.fasta,exon_1656.tre,0.691525
exon_1658.fasta,exon_1658.tre,0.789916
exon_1659.fasta,exon_1659.tre,0.568127
exon_1663.fasta,exon_1663.tre,0.526221
exon_1664.fasta,exon_1664.tre,0.615142
exon_1665.fasta,exon_1665.tre,0.512815
exon_1666.fasta,exon_1666.tre,0.515894
exon_1671.fasta,exon_1671.tre,0.797969
exon_1672.fasta,exon_1672.tre,0.637879
exon_1674.fasta,exon_1674.tre,0.582514
exon_1677.fasta,exon_1677.tre,0.475015
exon_1678.fasta,exon_1678.tre,0.760891
exon_1681.fasta,exon_1681.tre,0.509368
exon_1682.fasta,exon_1682.tre,0.851378
exon_1684.fasta,exon_1684.tre,0.659615
exon_1685.fasta,exon_1685.tre,0.581010
exon_1688.fasta,exon_1688.tre,0.578063
exon_1689.fasta,exon_1689.tre,0.662818
exon_1691.fasta,exon_1691.tre,0.559025
exon_1694.fasta,exon_1694.tre,0.514762
exon_1695.fasta,exon_1695.tre,0.571897
exon_1697.fasta,exon_1697.tre,0.772772
exon_1698.fasta,exon_1698.tre,0.579826
exon_1700.fasta,exon_1700.tre,0.578045
exon_1701.fasta,exon_1701.tre,0.614193
exon_1703.fasta,exon_1703.tre,0.798184
exon_1704.fasta,exon_1704.tre,0.785558
exon_1705.fasta,exon_1705.tre,0.623792
exon_1708.fasta,exon_1708.tre,0.586224
exon_1709.fasta,exon_1709.tre,0.937413
exon_171.fasta,exon_171.tre,0.478588
exon_1711.fasta,exon_1711.tre,0.817386
exon_1714.fasta,exon_1714.tre,0.500509
exon_1717.fasta,exon_1717.tre,0.476304
exon_1718.fasta,exon_1718.tre,0.526261
exon_1720.fasta,exon_1720.tre,0.645147
exon_1721.fasta,exon_1721.tre,0.482803
exon_1723.fasta,exon_1723.tre,0.886426
exon_1725.fasta,exon_1725.tre,0.491975
exon_1728.fasta,exon_1728.tre,0.801702
exon_1729.fasta,exon_1729.tre,0.556031
exon_1731.fasta,exon_1731.tre,0.432807
exon_1732.fasta,exon_1732.tre,1.421356
exon_1734.fasta,exon_1734.tre,0.436565
exon_174.fasta,exon_174.tre,0.360661
exon_1743.fasta,exon_1743.tre,1.067075
exon_1745.fasta,exon_1745.tre,0.416433
exon_1746.fasta,exon_1746.tre,0.420186
exon_1748.fasta,exon_1748.tre,0.599952
exon_1749.fasta,exon_1749.tre,0.463401
exon_175.fasta,exon_175.tre,0.611530
exon_1752.fasta,exon_1752.tre,0.434707
exon_1754.fasta,exon_1754.tre,0.715599
exon_1756.fasta,exon_1756.tre,0.958016
exon_1757.fasta,exon_1757.tre,0.669816
exon_1759.fasta,exon_1759.tre,0.543440
exon_1760.fasta,exon_1760.tre,0.756479
exon_1762.fasta,exon_1762.tre,0.411872
exon_1763.fasta,exon_1763.tre,0.507010
exon_1764.fasta,exon_1764.tre,0.408806
exon_1766.fasta,exon_1766.tre,0.432322
exon_1767.fasta,exon_1767.tre,0.398986
exon_1768.fasta,exon_1768.tre,0.477910
exon_1769.fasta,exon_1769.tre,0.607037
exon_177.fasta,exon_177.tre,0.735973
exon_1770.fasta,exon_1770.tre,0.795047
exon_1775.fasta,exon_1775.tre,0.411922
exon_1776.fasta,exon_1776.tre,0.472173
exon_1777.fasta,exon_1777.tre,0.596591
exon_1778.fasta,exon_1778.tre,0.415001
exon_1779.fasta,exon_1779.tre,2.458851
exon_178.fasta,exon_178.tre,0.497528
exon_1781.fasta,exon_1781.tre,1.306216
exon_1782.fasta,exon_1782.tre,0.721255
exon_1784.fasta,exon_1784.tre,1.548798
exon_1786.fasta,exon_1786.tre,0.920809
exon_1789.fasta,exon_1789.tre,0.476105
exon_1794.fasta,exon_1794.tre,0.489343
exon_1797.fasta,exon_1797.tre,0.754748
exon_1798.fasta,exon_1798.tre,0.476546
exon_1802.fasta,exon_1802.tre,0.399330
exon_1804.fasta,exon_1804.tre,0.322497
exon_1806.fasta,exon_1806.tre,0.547359
exon_1810.fasta,exon_1810.tre,0.487265
exon_1812.fasta,exon_1812.tre,0.560975
exon_1813.fasta,exon_1813.tre,1.475835
exon_1814.fasta,exon_1814.tre,0.813638
exon_1815.fasta,exon_1815.tre,0.569766
exon_1819.fasta,exon_1819.tre,0.860234
exon_1820.fasta,exon_1820.tre,0.615375
exon_1822.fasta,exon_1822.tre,0.682855
exon_1823.fasta,exon_1823.tre,0.599097
exon_1824.fasta,exon_1824.tre,1.202714
exon_1825.fasta,exon_1825.tre,0.477998
exon_1826.fasta,exon_1826.tre,0.664577
exon_1827.fasta,exon_1827.tre,0.582637
exon_1829.fasta,exon_1829.tre,0.765059
exon_183.fasta,exon_183.tre,1.801641
exon_1832.fasta,exon_1832.tre,0.492585
exon_1834.fasta,exon_1834.tre,0.693436
exon_1835.fasta,exon_1835.tre,0.679822
exon_1836.fasta,exon_1836.tre,1.202119
exon_1838.fasta,exon_1838.tre,0.487448
exon_1842.fasta,exon_1842.tre,0.339757
exon_1843.fasta,exon_1843.tre,0.722023
exon_1844.fasta,exon_1844.tre,1.109541
exon_1845.fasta,exon_1845.tre,0.429222
exon_1848.fasta,exon_1848.tre,0.786631
exon_1850.fasta,exon_1850.tre,1.095620
exon_1851.fasta,exon_1851.tre,1.026908
exon_1852.fasta,exon_1852.tre,0.569149
exon_1857.fasta,exon_1857.tre,1.189153
exon_1858.fasta,exon_1858.tre,0.592883
exon_1859.fasta,exon_1859.tre,0.895053
exon_1861.fasta,exon_1861.tre,0.521152
exon_1862.fasta,exon_1862.tre,0.402668
exon_1863.fasta,exon_1863.tre,0.529309
exon_1864.fasta,exon_1864.tre,0.783518
exon_1867.fasta,exon_1867.tre,1.145259
exon_1868.fasta,exon_1868.tre,0.473394
exon_1870.fasta,exon_1870.tre,0.482684
exon_1871.fasta,exon_1871.tre,0.490236
exon_1879.fasta,exon_1879.tre,0.431468
exon_1881.fasta,exon_1881.tre,0.622395
exon_1883.fasta,exon_1883.tre,0.359433
exon_1886.fasta,exon_1886.tre,0.534603
exon_1887.fasta,exon_1887.tre,0.544723
exon_189.fasta,exon_189.tre,0.555917
exon_1892.fasta,exon_1892.tre,0.627145
exon_1893.fasta,exon_1893.tre,0.519262
exon_1894.fasta,exon_1894.tre,0.749329
exon_1896.fasta,exon_1896.tre,0.485162
exon_1902.fasta,exon_1902.tre,0.501841
exon_1905.fasta,exon_1905.tre,0.505706
exon_1906.fasta,exon_1906.tre,0.865252
exon_1907.fasta,exon_1907.tre,0.830626
exon_1908.fasta,exon_1908.tre,0.391172
exon_1909.fasta,exon_1909.tre,0.732334
exon_191.fasta,exon_191.tre,0.560077
exon_1912.fasta,exon_1912.tre,0.989495
exon_1913.fasta,exon_1913.tre,0.808322
exon_1915.fasta,exon_1915.tre,0.520170
exon_1916.fasta,exon_1916.tre,0.521128
exon_1917.fasta,exon_1917.tre,0.525473
exon_1918.fasta,exon_1918.tre,0.580965
exon_1919.fasta,exon_1919.tre,0.358429
exon_1920.fasta,exon_1920.tre,0.493419
exon_1922.fasta,exon_1922.tre,0.355521
exon_1923.fasta,exon_1923.tre,0.615466
exon_1924.fasta,exon_1924.tre,0.471523
exon_1926.fasta,exon_1926.tre,1.085599
exon_1928.fasta,exon_1928.tre,0.370383
exon_1930.fasta,exon_1930.tre,1.112531
exon_1931.fasta,exon_1931.tre,0.460194
exon_1934.fasta,exon_1934.tre,0.428580
exon_1935.fasta,exon_1935.tre,0.735891
exon_1936.fasta,exon_1936.tre,0.505747
exon_1938.fasta,exon_1938.tre,0.561429
exon_1939.fasta,exon_1939.tre,0.846156
exon_1944.fasta,exon_1944.tre,0.666555
exon_1945.fasta,exon_1945.tre,0.972912
exon_1948.fasta,exon_1948.tre,0.698735
exon_1952.fasta,exon_1952.tre,0.466162
exon_1953.fasta,exon_1953.tre,0.618413
exon_1955.fasta,exon_1955.tre,0.492485
exon_1956.fasta,exon_1956.tre,0.529218
exon_1958.fasta,exon_1958.tre,0.601766
exon_1959.fasta,exon_1959.tre,0.552592
exon_196.fasta,exon_196.tre,0.806155
exon_1960.fasta,exon_1960.tre,0.397180
exon_1961.fasta,exon_1961.tre,0.683832
exon_1962.fasta,exon_1962.tre,0.705887
exon_1966.fasta,exon_1966.tre,0.526988
exon_197.fasta,exon_197.tre,0.374287
exon_1970.fasta,exon_1970.tre,0.370297
exon_1971.fasta,exon_1971.tre,0.324328
exon_1972.fasta,exon_1972.tre,0.516550
exon_1973.fasta,exon_1973.tre,0.338603
exon_1974.fasta,exon_1974.tre,1.256815
exon_1975.fasta,exon_1975.tre,0.454937
exon_1976.fasta,exon_1976.tre,0.574307
exon_198.fasta,exon_198.tre,0.385163
exon_1980.fasta,exon_1980.tre,0.745008
exon_1984.fasta,exon_1984.tre,0.489871
exon_1987.fasta,exon_1987.tre,1.119981
exon_1988.fasta,exon_1988.tre,0.474487
exon_1990.fasta,exon_1990.tre,0.530668
exon_1991.fasta,exon_1991.tre,0.516534
exon_1995.fasta,exon_1995.tre,0.372079
exon_1997.fasta,exon_1997.tre,0.411641
exon_1998.fasta,exon_1998.tre,0.427634
exon_20.fasta,exon_20.tre,0.550769
exon_2002.fasta,exon_2002.tre,0.743763
exon_2003.fasta,exon_2003.tre,0.376777
exon_2004.fasta,exon_2004.tre,0.477936
exon_2005.fasta,exon_2005.tre,0.619314
exon_2006.fasta,exon_2006.tre,0.488388
exon_2007.fasta,exon_2007.tre,0.399809
exon_2008.fasta,exon_2008.tre,0.518725
exon_2009.fasta,exon_2009.tre,0.302529
exon_201.fasta,exon_201.tre,0.563324
exon_2010.fasta,exon_2010.tre,0.538262
exon_2015.fasta,exon_2015.tre,0.478738
exon_2017.fasta,exon_2017.tre,0.534825
exon_2018.fasta,exon_2018.tre,2.137638
exon_2021.fasta,exon_2021.tre,0.404434
exon_2022.fasta,exon_2022.tre,0.960110
exon_2023.fasta,exon_2023.tre,0.557449
exon_2025.fasta,exon_2025.tre,0.723191
exon_2027.fasta,exon_2027.tre,0.444827
exon_2028.fasta,exon_2028.tre,0.628042
exon_2029.fasta,exon_2029.tre,0.499560
exon_2032.fasta,exon_2032.tre,0.519894
exon_2033.fasta,exon_2033.tre,0.866743
exon_2036.fasta,exon_2036.tre,0.780062
exon_2037.fasta,exon_2037.tre,0.450092
exon_2038.fasta,exon_2038.tre,0.489733
exon_2039.fasta,exon_2039.tre,0.478997
exon_2040.fasta,exon_2040.tre,0.701277
exon_2042.fasta,exon_2042.tre,0.484920
exon_2043.fasta,exon_2043.tre,0.526799
exon_2045.fasta,exon_2045.tre,0.900738
exon_2058.fasta,exon_2058.tre,0.420537
exon_2059.fasta,exon_2059.tre,0.494994
exon_206.fasta,exon_206.tre,0.502502
exon_2061.fasta,exon_2061.tre,0.638359
exon_2062.fasta,exon_2062.tre,0.664578
exon_2064.fasta,exon_2064.tre,0.346331
exon_2065.fasta,exon_2065.tre,1.018809
exon_2066.fasta,exon_2066.tre,0.961509
exon_2068.fasta,exon_2068.tre,0.402882
exon_207.fasta,exon_207.tre,0.490393
exon_2071.fasta,exon_2071.tre,0.475043
exon_2072.fasta,exon_2072.tre,0.595753
exon_2073.fasta,exon_2073.tre,0.528876
exon_2076.fasta,exon_2076.tre,0.638414
exon_2077.fasta,exon_2077.tre,0.313684
exon_2080.fasta,exon_2080.tre,0.480559
exon_2081.fasta,exon_2081.tre,0.598628
exon_2082.fasta,exon_2082.tre,0.492934
exon_2083.fasta,exon_2083.tre,0.611835
exon_2086.fasta,exon_2086.tre,1.055550
exon_2088.fasta,exon_2088.tre,0.436527
exon_2089.fasta,exon_2089.tre,0.532825
exon_2090.fasta,exon_2090.tre,0.955270
exon_2091.fasta,exon_2091.tre,0.828109
exon_2092.fasta,exon_2092.tre,0.678150
exon_2097.fasta,exon_2097.tre,0.552889
exon_210.fasta,exon_210.tre,0.514394
exon_2109.fasta,exon_2109.tre,0.547935
exon_2112.fasta,exon_2112.tre,1.428850
exon_2114.fasta,exon_2114.tre,0.520430
exon_2116.fasta,exon_2116.tre,0.615183
exon_2117.fasta,exon_2117.tre,0.511976
exon_2119.fasta,exon_2119.tre,0.479869
exon_212.fasta,exon_212.tre,0.588531
exon_2125.fasta,exon_2125.tre,1.221560
exon_2127.fasta,exon_2127.tre,0.567164
exon_2128.fasta,exon_2128.tre,0.508512
exon_2129.fasta,exon_2129.tre,0.414657
exon_2130.fasta,exon_2130.tre,0.338789
exon_2133.fasta,exon_2133.tre,0.567240
exon_2137.fasta,exon_2137.tre,0.412782
exon_2138.fasta,exon_2138.tre,0.487547
exon_2139.fasta,exon_2139.tre,0.631686
exon_214.fasta,exon_214.tre,0.475876
exon_2142.fasta,exon_2142.tre,0.617986
exon_2143.fasta,exon_2143.tre,0.441567
exon_2144.fasta,exon_2144.tre,0.922037
exon_2146.fasta,exon_2146.tre,0.632130
exon_2149.fasta,exon_2149.tre,0.442397
exon_2150.fasta,exon_2150.tre,0.532280
exon_2153.fasta,exon_2153.tre,0.534264
exon_2159.fasta,exon_2159.tre,0.352844
exon_216.fasta,exon_216.tre,0.577540
exon_2163.fasta,exon_2163.tre,0.579990
exon_217.fasta,exon_217.tre,0.424477
exon_2170.fasta,exon_2170.tre,0.765209
exon_2174.fasta,exon_2174.tre,0.875870
exon_2177.fasta,exon_2177.tre,0.535288
exon_2178.fasta,exon_2178.tre,0.638474
exon_218.fasta,exon_218.tre,0.577154
exon_2180.fasta,exon_2180.tre,0.534954
exon_2181.fasta,exon_2181.tre,0.562442
exon_2182.fasta,exon_2182.tre,0.441896
exon_2184.fasta,exon_2184.tre,0.540806
exon_2187.fasta,exon_2187.tre,0.638449
exon_2188.fasta,exon_2188.tre,0.656781
exon_219.fasta,exon_219.tre,0.480888
exon_2190.fasta,exon_2190.tre,0.398536
exon_2191.fasta,exon_2191.tre,0.341338
exon_2193.fasta,exon_2193.tre,0.629429
exon_2194.fasta,exon_2194.tre,0.518450
exon_2195.fasta,exon_2195.tre,0.549611
exon_2197.fasta,exon_2197.tre,1.742775
exon_2198.fasta,exon_2198.tre,0.449374
exon_2199.fasta,exon_2199.tre,0.412843
exon_2200.fasta,exon_2200.tre,0.512222
exon_2201.fasta,exon_2201.tre,0.751391
exon_2202.fasta,exon_2202.tre,0.796199
exon_2204.fasta,exon_2204.tre,0.513999
exon_2205.fasta,exon_2205.tre,0.466113
exon_2215.fasta,exon_2215.tre,1.727025
exon_2217.fasta,exon_2217.tre,0.532977
exon_2222.fasta,exon_2222.tre,0.374531
exon_2224.fasta,exon_2224.tre,0.651881
exon_2225.fasta,exon_2225.tre,0.767757
exon_2226.fasta,exon_2226.tre,0.484183
exon_2227.fasta,exon_2227.tre,0.801833
exon_2228.fasta,exon_2228.tre,0.599880
exon_223.fasta,exon_223.tre,0.476475
exon_2230.fasta,exon_2230.tre,0.653630
exon_2231.fasta,exon_2231.tre,0.432615
exon_2237.fasta,exon_2237.tre,0.985679
exon_2238.fasta,exon_2238.tre,0.524315
exon_2239.fasta,exon_2239.tre,0.539654
exon_224.fasta,exon_224.tre,0.486558
exon_2240.fasta,exon_2240.tre,1.356775
exon_2241.fasta,exon_2241.tre,0.539606
exon_2242.fasta,exon_2242.tre,0.411500
exon_2243.fasta,exon_2243.tre,0.483280
exon_2244.fasta,exon_2244.tre,0.541538
exon_2246.fasta,exon_2246.tre,0.668587
exon_2247.fasta,exon_2247.tre,0.293007
exon_2248.fasta,exon_2248.tre,0.467772
exon_225.fasta,exon_225.tre,0.545767
exon_2252.fasta,exon_2252.tre,0.679721
exon_2255.fasta,exon_2255.tre,0.334843
exon_2256.fasta,exon_2256.tre,0.421356
exon_2258.fasta,exon_2258.tre,0.720370
exon_226.fasta,exon_226.tre,0.428653
exon_2261.fasta,exon_2261.tre,0.363137
exon_2264.fasta,exon_2264.tre,0.706192
exon_2266.fasta,exon_2266.tre,0.463263
exon_2267.fasta,exon_2267.tre,0.805731
exon_2268.fasta,exon_2268.tre,0.608308
exon_2269.fasta,exon_2269.tre,0.699129
exon_2276.fasta,exon_2276.tre,0.633753
exon_2278.fasta,exon_2278.tre,0.417462
exon_2279.fasta,exon_2279.tre,0.364573
exon_2282.fasta,exon_2282.tre,0.497513
exon_2283.fasta,exon_2283.tre,0.493211
exon_2286.fasta,exon_2286.tre,0.713398
exon_2287.fasta,exon_2287.tre,0.351459
exon_2288.fasta,exon_2288.tre,0.556896
exon_2289.fasta,exon_2289.tre,0.509675
exon_2290.fasta,exon_2290.tre,0.647837
exon_2293.fasta,exon_2293.tre,0.484799
exon_2295.fasta,exon_2295.tre,0.503913
exon_2298.fasta,exon_2298.tre,0.478060
exon_2299.fasta,exon_2299.tre,0.661943
exon_2301.fasta,exon_2301.tre,0.615979
exon_2303.fasta,exon_2303.tre,3.162523
exon_2306.fasta,exon_2306.tre,0.411515
exon_2310.fasta,exon_2310.tre,0.466759
exon_2313.fasta,exon_2313.tre,0.423104
exon_2314.fasta,exon_2314.tre,0.627522
exon_2316.fasta,exon_2316.tre,0.353285
exon_2321.fasta,exon_2321.tre,0.404535
exon_2327.fasta,exon_2327.tre,0.568641
exon_2328.fasta,exon_2328.tre,2.098224
exon_2329.fasta,exon_2329.tre,0.616169
exon_2330.fasta,exon_2330.tre,0.344355
exon_2331.fasta,exon_2331.tre,0.479866
exon_2333.fasta,exon_2333.tre,0.599157
exon_2334.fasta,exon_2334.tre,0.472698
exon_234.fasta,exon_234.tre,0.557263
exon_2340.fasta,exon_2340.tre,2.304852
exon_2341.fasta,exon_2341.tre,0.630208
exon_2342.fasta,exon_2342.tre,0.493024
exon_2343.fasta,exon_2343.tre,1.788961
exon_2344.fasta,exon_2344.tre,0.545781
exon_2345.fasta,exon_2345.tre,0.428690
exon_2347.fasta,exon_2347.tre,0.409518
exon_2349.fasta,exon_2349.tre,0.412038
exon_235.fasta,exon_235.tre,0.537943
exon_2351.fasta,exon_2351.tre,0.439507
exon_2352.fasta,exon_2352.tre,0.509785
exon_2353.fasta,exon_2353.tre,0.546703
exon_2355.fasta,exon_2355.tre,0.409369
exon_2356.fasta,exon_2356.tre,0.274658
exon_2357.fasta,exon_2357.tre,0.508677
exon_2358.fasta,exon_2358.tre,0.630059
exon_2361.fasta,exon_2361.tre,0.394722
exon_2363.fasta,exon_2363.tre,0.489252
exon_2364.fasta,exon_2364.tre,0.514242
exon_2365.fasta,exon_2365.tre,0.435127
exon_2368.fasta,exon_2368.tre,0.468689
exon_2369.fasta,exon_2369.tre,0.652039
exon_2370.fasta,exon_2370.tre,0.516636
exon_2371.fasta,exon_2371.tre,0.496701
exon_2373.fasta,exon_2373.tre,0.939996
exon_2375.fasta,exon_2375.tre,0.578307
exon_2376.fasta,exon_2376.tre,0.852366
exon_2378.fasta,exon_2378.tre,0.476153
exon_2381.fasta,exon_2381.tre,0.742904
exon_2382.fasta,exon_2382.tre,0.509046
exon_2383.fasta,exon_2383.tre,1.451703
exon_2384.fasta,exon_2384.tre,0.920457
exon_2386.fasta,exon_2386.tre,0.559505
exon_2389.fasta,exon_2389.tre,0.534891
exon_239.fasta,exon_239.tre,0.505816
exon_2390.fasta,exon_2390.tre,0.572233
exon_2392.fasta,exon_2392.tre,0.558747
exon_2395.fasta,exon_2395.tre,0.676058
exon_2396.fasta,exon_2396.tre,0.705668
exon_2398.fasta,exon_2398.tre,0.550968
exon_2399.fasta,exon_2399.tre,0.493640
exon_2400.fasta,exon_2400.tre,0.605372
exon_2403.fasta,exon_2403.tre,0.608751
exon_2404.fasta,exon_2404.tre,0.486560
exon_2407.fasta,exon_2407.tre,1.108521
exon_2410.fasta,exon_2410.tre,0.592402
exon_2411.fasta,exon_2411.tre,0.332605
exon_2415.fasta,exon_2415.tre,1.292290
exon_2416.fasta,exon_2416.tre,0.708921
exon_2417.fasta,exon_2417.tre,0.489540
exon_2418.fasta,exon_2418.tre,0.369734
exon_242.fasta,exon_242.tre,1.132626
exon_2420.fasta,exon_2420.tre,0.899241
exon_2423.fasta,exon_2423.tre,0.530933
exon_2424.fasta,exon_2424.tre,0.417504
exon_2425.fasta,exon_2425.tre,0.433670
exon_2426.fasta,exon_2426.tre,0.529504
exon_2427.fasta,exon_2427.tre,0.506533
exon_2428.fasta,exon_2428.tre,0.721090
exon_2430.fasta,exon_2430.tre,0.781705
exon_2432.fasta,exon_2432.tre,0.565140
exon_2433.fasta,exon_2433.tre,0.432552
exon_2435.fasta,exon_2435.tre,0.665455
exon_2437.fasta,exon_2437.tre,0.346301
exon_2438.fasta,exon_2438.tre,0.637865
exon_244.fasta,exon_244.tre,0.634823
exon_2443.fasta,exon_2443.tre,0.525075
exon_2450.fasta,exon_2450.tre,0.621500
exon_2451.fasta,exon_2451.tre,0.617795
exon_2454.fasta,exon_2454.tre,0.477661
exon_2458.fasta,exon_2458.tre,0.480489
exon_246.fasta,exon_246.tre,0.588562
exon_2462.fasta,exon_2462.tre,0.646274
exon_2464.fasta,exon_2464.tre,0.550133
exon_2465.fasta,exon_2465.tre,0.587098
exon_2466.fasta,exon_2466.tre,0.602272
exon_2467.fasta,exon_2467.tre,0.844738
exon_2469.fasta,exon_2469.tre,0.509512
exon_2471.fasta,exon_2471.tre,0.980602
exon_2476.fasta,exon_2476.tre,0.533233
exon_2477.fasta,exon_2477.tre,0.399818
exon_2480.fasta,exon_2480.tre,0.406036
exon_2481.fasta,exon_2481.tre,0.524474
exon_2482.fasta,exon_2482.tre,0.650795
exon_2485.fasta,exon_2485.tre,0.412115
exon_2491.fasta,exon_2491.tre,0.654708
exon_2493.fasta,exon_2493.tre,0.630551
exon_2494.fasta,exon_2494.tre,0.522998
exon_2495.fasta,exon_2495.tre,0.637655
exon_2501.fasta,exon_2501.tre,0.368073
exon_2502.fasta,exon_2502.tre,0.481269
exon_2505.fasta,exon_2505.tre,0.420846
exon_2506.fasta,exon_2506.tre,0.567128
exon_2509.fasta,exon_2509.tre,0.558171
exon_2511.fasta,exon_2511.tre,0.554436
exon_2513.fasta,exon_2513.tre,0.955684
exon_2514.fasta,exon_2514.tre,0.815411
exon_2515.fasta,exon_2515.tre,0.510891
exon_2516.fasta,exon_2516.tre,0.491048
exon_2517.fasta,exon_2517.tre,0.607947
exon_252.fasta,exon_252.tre,0.333592
exon_2520.fasta,exon_2520.tre,0.572390
exon_2522.fasta,exon_2522.tre,0.659374
exon_2527.fasta,exon_2527.tre,0.610823
exon_2533.fasta,exon_2533.tre,0.367381
exon_2534.fasta,exon_2534.tre,0.591866
exon_2535.fasta,exon_2535.tre,0.338488
exon_2537.fasta,exon_2537.tre,0.536482
exon_254.fasta,exon_254.tre,0.501518
exon_2540.fasta,exon_2540.tre,0.570281
exon_2542.fasta,exon_2542.tre,0.482529
exon_2544.fasta,exon_2544.tre,0.556835
exon_2546.fasta,exon_2546.tre,0.558367
exon_2547.fasta,exon_2547.tre,0.716276
exon_2549.fasta,exon_2549.tre,0.503293
exon_2550.fasta,exon_2550.tre,0.829830
exon_2551.fasta,exon_2551.tre,1.031224
exon_2552.fasta,exon_2552.tre,0.425904
exon_2553.fasta,exon_2553.tre,1.206217
exon_2554.fasta,exon_2554.tre,0.594905
exon_2556.fasta,exon_2556.tre,0.524696
exon_2557.fasta,exon_2557.tre,0.522310
exon_2558.fasta,exon_2558.tre,0.662652
exon_2560.fasta,exon_2560.tre,0.556927
exon_2561.fasta,exon_2561.tre,0.406893
exon_2563.fasta,exon_2563.tre,0.485835
exon_2564.fasta,exon_2564.tre,0.510901
exon_2565.fasta,exon_2565.tre,0.516081
exon_2567.fasta,exon_2567.tre,0.608455
exon_2569.fasta,exon_2569.tre,0.417963
exon_257.fasta,exon_257.tre,0.585269
exon_2572.fasta,exon_2572.tre,0.501676
exon_2574.fasta,exon_2574.tre,0.408751
exon_2575.fasta,exon_2575.tre,1.010030
exon_2576.fasta,exon_2576.tre,0.508215
exon_2577.fasta,exon_2577.tre,0.652756
exon_2578.fasta,exon_2578.tre,0.529931
exon_2579.fasta,exon_2579.tre,0.532972
exon_2581.fasta,exon_2581.tre,0.445035
exon_2582.fasta,exon_2582.tre,0.680159
exon_2584.fasta,exon_2584.tre,0.343290
exon_2586.fasta,exon_2586.tre,0.473429
exon_2587.fasta,exon_2587.tre,0.618516
exon_2592.fasta,exon_2592.tre,0.769774
exon_2596.fasta,exon_2596.tre,0.482498
exon_2597.fasta,exon_2597.tre,0.500092
exon_260.fasta,exon_260.tre,0.509709
exon_2601.fasta,exon_2601.tre,0.489441
exon_2602.fasta,exon_2602.tre,0.393530
exon_2604.fasta,exon_2604.tre,0.604097
exon_2607.fasta,exon_2607.tre,2.768444
exon_2609.fasta,exon_2609.tre,0.421346
exon_2610.fasta,exon_2610.tre,0.568780
exon_2612.fasta,exon_2612.tre,0.613402
exon_2613.fasta,exon_2613.tre,0.698640
exon_2614.fasta,exon_2614.tre,0.484509
exon_2616.fasta,exon_2616.tre,0.511616
exon_2618.fasta,exon_2618.tre,0.489212
exon_2619.fasta,exon_2619.tre,0.935957
exon_2620.fasta,exon_2620.tre,0.537884
exon_2622.fasta,exon_2622.tre,0.570885
exon_2623.fasta,exon_2623.tre,0.622332
exon_2624.fasta,exon_2624.tre,1.718642
exon_2625.fasta,exon_2625.tre,1.318290
exon_2631.fasta,exon_2631.tre,0.442269
exon_2633.fasta,exon_2633.tre,0.561425
exon_2634.fasta,exon_2634.tre,0.400659
exon_2638.fasta,exon_2638.tre,0.507520
exon_2639.fasta,exon_2639.tre,0.781414
exon_264.fasta,exon_264.tre,0.518826
exon_2640.fasta,exon_2640.tre,0.370180
exon_2642.fasta,exon_2642.tre,0.571536
exon_2643.fasta,exon_2643.tre,0.670823
exon_2644.fasta,exon_2644.tre,1.473263
exon_2645.fasta,exon_2645.tre,2.157993
exon_2649.fasta,exon_2649.tre,0.558870
exon_2654.fasta,exon_2654.tre,0.642977
exon_2655.fasta,exon_2655.tre,1.135897
exon_2660.fasta,exon_2660.tre,0.564463
exon_2661.fasta,exon_2661.tre,0.737008
exon_2662.fasta,exon_2662.tre,0.468706
exon_2663.fasta,exon_2663.tre,0.644108
exon_2664.fasta,exon_2664.tre,0.487791
exon_2666.fasta,exon_2666.tre,0.415019
exon_2667.fasta,exon_2667.tre,1.092350
exon_2668.fasta,exon_2668.tre,0.909789
exon_2669.fasta,exon_2669.tre,0.580250
exon_267.fasta,exon_267.tre,0.587130
exon_2675.fasta,exon_2675.tre,1.609534
exon_2677.fasta,exon_2677.tre,0.689755
exon_2678.fasta,exon_2678.tre,0.478900
exon_2679.fasta,exon_2679.tre,0.482225
exon_268.fasta,exon_268.tre,0.535083
exon_2682.fasta,exon_2682.tre,0.587425
exon_2684.fasta,exon_2684.tre,0.342659
exon_2685.fasta,exon_2685.tre,0.697508
exon_2686.fasta,exon_2686.tre,0.376984
exon_2687.fasta,exon_2687.tre,0.302145
exon_2689.fasta,exon_2689.tre,1.084431
exon_2690.fasta,exon_2690.tre,0.580768
exon_2691.fasta,exon_2691.tre,0.592247
exon_2692.fasta,exon_2692.tre,0.462351
exon_2693.fasta,exon_2693.tre,0.520650
exon_2694.fasta,exon_2694.tre,0.556972
exon_2695.fasta,exon_2695.tre,0.574080
exon_2696.fasta,exon_2696.tre,0.630177
exon_2698.fasta,exon_2698.tre,0.582390
exon_2699.fasta,exon_2699.tre,0.533601
exon_2701.fasta,exon_2701.tre,0.560253
exon_2702.fasta,exon_2702.tre,1.015259
exon_2704.fasta,exon_2704.tre,0.835554
exon_2707.fasta,exon_2707.tre,1.464687
exon_2708.fasta,exon_2708.tre,0.656209
exon_2709.fasta,exon_2709.tre,0.483302
exon_2711.fasta,exon_2711.tre,0.405390
exon_2712.fasta,exon_2712.tre,1.968228
exon_2714.fasta,exon_2714.tre,0.615892
exon_2717.fasta,exon_2717.tre,0.522515
exon_2718.fasta,exon_2718.tre,0.570326
exon_2719.fasta,exon_2719.tre,0.513039
exon_2720.fasta,exon_2720.tre,0.376842
exon_2721.fasta,exon_2721.tre,0.615856
exon_2723.fasta,exon_2723.tre,0.519885
exon_2727.fasta,exon_2727.tre,0.485503
exon_2728.fasta,exon_2728.tre,0.497507
exon_2729.fasta,exon_2729.tre,0.615954
exon_2732.fasta,exon_2732.tre,0.597796
exon_2733.fasta,exon_2733.tre,0.760137
exon_2734.fasta,exon_2734.tre,0.456348
exon_2735.fasta,exon_2735.tre,0.562594
exon_2736.fasta,exon_2736.tre,0.333956
exon_2741.fasta,exon_2741.tre,0.545500
exon_2742.fasta,exon_2742.tre,0.395721
exon_2743.fasta,exon_2743.tre,0.544136
exon_2745.fasta,exon_2745.tre,0.367126
exon_2746.fasta,exon_2746.tre,0.427071
exon_2747.fasta,exon_2747.tre,0.403014
exon_2748.fasta,exon_2748.tre,0.510062
exon_2752.fasta,exon_2752.tre,0.491822
exon_2753.fasta,exon_2753.tre,1.300060
exon_2755.fasta,exon_2755.tre,0.508998
exon_2757.fasta,exon_2757.tre,0.597731
exon_2759.fasta,exon_2759.tre,0.547460
exon_2761.fasta,exon_2761.tre,1.042692
exon_2762.fasta,exon_2762.tre,0.500783
exon_2763.fasta,exon_2763.tre,0.539950
exon_2765.fasta,exon_2765.tre,0.507029
exon_2766.fasta,exon_2766.tre,0.532137
exon_277.fasta,exon_277.tre,0.529629
exon_2770.fasta,exon_2770.tre,0.537634
exon_2771.fasta,exon_2771.tre,0.506846
exon_2773.fasta,exon_2773.tre,0.498245
exon_2774.fasta,exon_2774.tre,0.666522
exon_2778.fasta,exon_2778.tre,0.375849
exon_2779.fasta,exon_2779.tre,0.632700
exon_278.fasta,exon_278.tre,0.514354
exon_2781.fasta,exon_2781.tre,0.589855
exon_2782.fasta,exon_2782.tre,0.562283
exon_2784.fasta,exon_2784.tre,0.676000
exon_2785.fasta,exon_2785.tre,0.761213
exon_2786.fasta,exon_2786.tre,0.398443
exon_2787.fasta,exon_2787.tre,0.571012
exon_2788.fasta,exon_2788.tre,0.781486
exon_2789.fasta,exon_2789.tre,0.387379
exon_2790.fasta,exon_2790.tre,0.473579
exon_2792.fasta,exon_2792.tre,0.569417
exon_2793.fasta,exon_2793.tre,0.560071
exon_2794.fasta,exon_2794.tre,0.494152
exon_2795.fasta,exon_2795.tre,0.459074
exon_2796.fasta,exon_2796.tre,0.707633
exon_2798.fasta,exon_2798.tre,0.677259
exon_28.fasta,exon_28.tre,0.304091
exon_2800.fasta,exon_2800.tre,0.467665
exon_2801.fasta,exon_2801.tre,0.510051
exon_2803.fasta,exon_2803.tre,0.368579
exon_2805.fasta,exon_2805.tre,0.536844
exon_2807.fasta,exon_2807.tre,0.649887
exon_2808.fasta,exon_2808.tre,0.655901
exon_2811.fasta,exon_2811.tre,0.325836
exon_2812.fasta,exon_2812.tre,0.835065
exon_2814.fasta,exon_2814.tre,1.206775
exon_282.fasta,exon_282.tre,0.641897
exon_2820.fasta,exon_2820.tre,0.602127
exon_2824.fasta,exon_2824.tre,0.401073
exon_2825.fasta,exon_2825.tre,0.379276
exon_2828.fasta,exon_2828.tre,0.625509
exon_283.fasta,exon_283.tre,0.546097
exon_2830.fasta,exon_2830.tre,0.682152
exon_2831.fasta,exon_2831.tre,0.631762
exon_2834.fasta,exon_2834.tre,0.481422
exon_2835.fasta,exon_2835.tre,0.932497
exon_2836.fasta,exon_2836.tre,0.596608
exon_2837.fasta,exon_2837.tre,0.537556
exon_2838.fasta,exon_2838.tre,0.622857
exon_284.fasta,exon_284.tre,0.522140
exon_2840.fasta,exon_2840.tre,0.566107
exon_2842.fasta,exon_2842.tre,0.742125
exon_2843.fasta,exon_2843.tre,0.387956
exon_2844.fasta,exon_2844.tre,0.875119
exon_2845.fasta,exon_2845.tre,0.463346
exon_2846.fasta,exon_2846.tre,0.628543
exon_2848.fasta,exon_2848.tre,0.582476
exon_2849.fasta,exon_2849.tre,0.803468
exon_285.fasta,exon_285.tre,0.365067
exon_2850.fasta,exon_2850.tre,0.699156
exon_2851.fasta,exon_2851.tre,0.704261
exon_2855.fasta,exon_2855.tre,1.094787
exon_2856.fasta,exon_2856.tre,0.523373
exon_2857.fasta,exon_2857.tre,0.553258
exon_2858.fasta,exon_2858.tre,0.587542
exon_2861.fasta,exon_2861.tre,0.580906
exon_2862.fasta,exon_2862.tre,0.707522
exon_2864.fasta,exon_2864.tre,0.586201
exon_2865.fasta,exon_2865.tre,0.673387
exon_2866.fasta,exon_2866.tre,0.765548
exon_2868.fasta,exon_2868.tre,0.452782
exon_2873.fasta,exon_2873.tre,0.586630
exon_2875.fasta,exon_2875.tre,0.498001
exon_2876.fasta,exon_2876.tre,0.598852
exon_2877.fasta,exon_2877.tre,0.554542
exon_2878.fasta,exon_2878.tre,0.404353
exon_288.fasta,exon_288.tre,0.605683
exon_2883.fasta,exon_2883.tre,0.546457
exon_2884.fasta,exon_2884.tre,0.742552
exon_2888.fasta,exon_2888.tre,0.596629
exon_2892.fasta,exon_2892.tre,1.107813
exon_2893.fasta,exon_2893.tre,0.656024
exon_2896.fasta,exon_2896.tre,0.353317
exon_2897.fasta,exon_2897.tre,0.531599
exon_290.fasta,exon_290.tre,0.451097
exon_2900.fasta,exon_2900.tre,0.660241
exon_2901.fasta,exon_2901.tre,0.701928
exon_2902.fasta,exon_2902.tre,0.558958
exon_2903.fasta,exon_2903.tre,0.428684
exon_2905.fasta,exon_2905.tre,0.550889
exon_2906.fasta,exon_2906.tre,0.395745
exon_2909.fasta,exon_2909.tre,0.345808
exon_2910.fasta,exon_2910.tre,1.482972
exon_2912.fasta,exon_2912.tre,0.620121
exon_2914.fasta,exon_2914.tre,1.583701
exon_2915.fasta,exon_2915.tre,0.378501
exon_2916.fasta,exon_2916.tre,0.563624
exon_2917.fasta,exon_2917.tre,0.615256
exon_2918.fasta,exon_2918.tre,0.587763
exon_2919.fasta,exon_2919.tre,0.425685
exon_2920.fasta,exon_2920.tre,0.514573
exon_2925.fasta,exon_2925.tre,0.811675
exon_2926.fasta,exon_2926.tre,0.367701
exon_2927.fasta,exon_2927.tre,0.425349
exon_2928.fasta,exon_2928.tre,0.522100
exon_2930.fasta,exon_2930.tre,0.513725
exon_2931.fasta,exon_2931.tre,1.009974
exon_2933.fasta,exon_2933.tre,0.607707
exon_2934.fasta,exon_2934.tre,0.556024
exon_2936.fasta,exon_2936.tre,0.640198
exon_2940.fasta,exon_2940.tre,0.559733
exon_2941.fasta,exon_2941.tre,0.791358
exon_2943.fasta,exon_2943.tre,1.289904
exon_2944.fasta,exon_2944.tre,1.294693
exon_2945.fasta,exon_2945.tre,0.517994
exon_2948.fasta,exon_2948.tre,0.378695
exon_2949.fasta,exon_2949.tre,0.794630
exon_295.fasta,exon_295.tre,0.681520
exon_2951.fasta,exon_2951.tre,0.575900
exon_2952.fasta,exon_2952.tre,0.525984
exon_2953.fasta,exon_2953.tre,0.489175
exon_2954.fasta,exon_2954.tre,0.587357
exon_2955.fasta,exon_2955.tre,0.454957
exon_2957.fasta,exon_2957.tre,0.768730
exon_2958.fasta,exon_2958.tre,0.473528
exon_2959.fasta,exon_2959.tre,0.528972
exon_296.fasta,exon_296.tre,0.481040
exon_2962.fasta,exon_2962.tre,0.348239
exon_2964.fasta,exon_2964.tre,0.537943
exon_2966.fasta,exon_2966.tre,1.195019
exon_2967.fasta,exon_2967.tre,0.504269
exon_2969.fasta,exon_2969.tre,0.404636
exon_2970.fasta,exon_2970.tre,0.601727
exon_2971.fasta,exon_2971.tre,0.451411
exon_2974.fasta,exon_2974.tre,0.505756
exon_2976.fasta,exon_2976.tre,0.540608
exon_2977.fasta,exon_2977.tre,0.512728
exon_2979.fasta,exon_2979.tre,0.557573
exon_2980.fasta,exon_2980.tre,0.851213
exon_2981.fasta,exon_2981.tre,1.388868
exon_2982.fasta,exon_2982.tre,0.670153
exon_2984.fasta,exon_2984.tre,0.539957
exon_2989.fasta,exon_2989.tre,1.173781
exon_2990.fasta,exon_2990.tre,1.343760
exon_2995.fasta,exon_2995.tre,0.413549
exon_2997.fasta,exon_2997.tre,0.505922
exon_2999.fasta,exon_2999.tre,0.434926
exon_30.fasta,exon_30.tre,0.486965
exon_3003.fasta,exon_3003.tre,0.457421
exon_3004.fasta,exon_3004.tre,0.560894
exon_3006.fasta,exon_3006.tre,0.566046
exon_3007.fasta,exon_3007.tre,0.473174
exon_3008.fasta,exon_3008.tre,0.502958
exon_3009.fasta,exon_3009.tre,0.483102
exon_301.fasta,exon_301.tre,0.518405
exon_3010.fasta,exon_3010.tre,0.570206
exon_3011.fasta,exon_3011.tre,0.319241
exon_3015.fasta,exon_3015.tre,1.418533
exon_3016.fasta,exon_3016.tre,0.537006
exon_3017.fasta,exon_3017.tre,0.430612
exon_3019.fasta,exon_3019.tre,0.368532
exon_3020.fasta,exon_3020.tre,0.559067
exon_3022.fasta,exon_3022.tre,0.662808
exon_3023.fasta,exon_3023.tre,0.390523
exon_3025.fasta,exon_3025.tre,0.654623
exon_3028.fasta,exon_3028.tre,0.415636
exon_3029.fasta,exon_3029.tre,0.530558
exon_303.fasta,exon_303.tre,0.413003
exon_3030.fasta,exon_3030.tre,0.516130
exon_3031.fasta,exon_3031.tre,0.484470
exon_3032.fasta,exon_3032.tre,0.514027
exon_3033.fasta,exon_3033.tre,0.707218
exon_3034.fasta,exon_3034.tre,0.679145
exon_3039.fasta,exon_3039.tre,0.486088
exon_3042.fasta,exon_3042.tre,0.705729
exon_3044.fasta,exon_3044.tre,0.619805
exon_3045.fasta,exon_3045.tre,0.556236
exon_3046.fasta,exon_3046.tre,0.410912
exon_3048.fasta,exon_3048.tre,0.509289
exon_3052.fasta,exon_3052.tre,0.390809
exon_3053.fasta,exon_3053.tre,0.532771
exon_3054.fasta,exon_3054.tre,0.520965
exon_3055.fasta,exon_3055.tre,0.815512
exon_3056.fasta,exon_3056.tre,0.506616
exon_3058.fasta,exon_3058.tre,0.369247
exon_3060.fasta,exon_3060.tre,3.450306
exon_3063.fasta,exon_3063.tre,0.318794
exon_3064.fasta,exon_3064.tre,0.562393
exon_3066.fasta,exon_3066.tre,0.387367
exon_3067.fasta,exon_3067.tre,0.848076
exon_3068.fasta,exon_3068.tre,0.660030
exon_3069.fasta,exon_3069.tre,0.456661
exon_3072.fasta,exon_3072.tre,0.514506
exon_3074.fasta,exon_3074.tre,0.588042
exon_3076.fasta,exon_3076.tre,0.436800
exon_3079.fasta,exon_3079.tre,0.642805
exon_308.fasta,exon_308.tre,0.842818
exon_3080.fasta,exon_3080.tre,0.842077
exon_3083.fasta,exon_3083.tre,0.778383
exon_3084.fasta,exon_3084.tre,0.605156
exon_3085.fasta,exon_3085.tre,0.572986
exon_3086.fasta,exon_3086.tre,0.542399
exon_3088.fasta,exon_3088.tre,0.637340
exon_3091.fasta,exon_3091.tre,0.349253
exon_3092.fasta,exon_3092.tre,1.666722
exon_3093.fasta,exon_3093.tre,0.366084
exon_3094.fasta,exon_3094.tre,0.637872
exon_3095.fasta,exon_3095.tre,0.553738
exon_3097.fasta,exon_3097.tre,0.550314
exon_3098.fasta,exon_3098.tre,0.617682
exon_3100.fasta,exon_3100.tre,0.525457
exon_3102.fasta,exon_3102.tre,1.172515
exon_3104.fasta,exon_3104.tre,0.636906
exon_3105.fasta,exon_3105.tre,0.490268
exon_3106.fasta,exon_3106.tre,0.583963
exon_3108.fasta,exon_3108.tre,0.665365
exon_3109.fasta,exon_3109.tre,0.880855
exon_311.fasta,exon_311.tre,0.803081
exon_3115.fasta,exon_3115.tre,0.639164
exon_3116.fasta,exon_3116.tre,0.458877
exon_3118.fasta,exon_3118.tre,0.376981
exon_3119.fasta,exon_3119.tre,0.817194
exon_3121.fasta,exon_3121.tre,0.403279
exon_3122.fasta,exon_3122.tre,0.556381
exon_3123.fasta,exon_3123.tre,2.055021
exon_3125.fasta,exon_3125.tre,0.509549
exon_3126.fasta,exon_3126.tre,0.513456
exon_3129.fasta,exon_3129.tre,0.488341
exon_3130.fasta,exon_3130.tre,0.555028
exon_3135.fasta,exon_3135.tre,1.907421
exon_3136.fasta,exon_3136.tre,0.905741
exon_3137.fasta,exon_3137.tre,0.408578
exon_3138.fasta,exon_3138.tre,0.497998
exon_314.fasta,exon_314.tre,0.448377
exon_3140.fasta,exon_3140.tre,0.373509
exon_3144.fasta,exon_3144.tre,0.665886
exon_3146.fasta,exon_3146.tre,0.550847
exon_3147.fasta,exon_3147.tre,0.401485
exon_3149.fasta,exon_3149.tre,0.407005
exon_3151.fasta,exon_3151.tre,0.746271
exon_3152.fasta,exon_3152.tre,0.415309
exon_3153.fasta,exon_3153.tre,0.635190
exon_3155.fasta,exon_3155.tre,0.509980
exon_3157.fasta,exon_3157.tre,0.753085
exon_3159.fasta,exon_3159.tre,0.475907
exon_316.fasta,exon_316.tre,0.650801
exon_3160.fasta,exon_3160.tre,0.338093
exon_3166.fasta,exon_3166.tre,0.480077
exon_3167.fasta,exon_3167.tre,0.507201
exon_3171.fasta,exon_3171.tre,0.686670
exon_3172.fasta,exon_3172.tre,0.561617
exon_3174.fasta,exon_3174.tre,0.532920
exon_3175.fasta,exon_3175.tre,0.558883
exon_3176.fasta,exon_3176.tre,0.704010
exon_3177.fasta,exon_3177.tre,0.506758
exon_3178.fasta,exon_3178.tre,0.552166
exon_3182.fasta,exon_3182.tre,0.487933
exon_3184.fasta,exon_3184.tre,0.406485
exon_3185.fasta,exon_3185.tre,0.568710
exon_3186.fasta,exon_3186.tre,0.547678
exon_3187.fasta,exon_3187.tre,0.551443
exon_3188.fasta,exon_3188.tre,0.524863
exon_319.fasta,exon_319.tre,1.736475
exon_3192.fasta,exon_3192.tre,0.754235
exon_3195.fasta,exon_3195.tre,0.666072
exon_3197.fasta,exon_3197.tre,0.404082
exon_3198.fasta,exon_3198.tre,1.526723
exon_3199.fasta,exon_3199.tre,0.488073
exon_320.fasta,exon_320.tre,0.468632
exon_3200.fasta,exon_3200.tre,0.465208
exon_3202.fasta,exon_3202.tre,1.137073
exon_3203.fasta,exon_3203.tre,0.841727
exon_3204.fasta,exon_3204.tre,0.560639
exon_3206.fasta,exon_3206.tre,0.540727
exon_3207.fasta,exon_3207.tre,0.395499
exon_3208.fasta,exon_3208.tre,0.564675
exon_3209.fasta,exon_3209.tre,1.507300
exon_3210.fasta,exon_3210.tre,1.189888
exon_3211.fasta,exon_3211.tre,0.550911
exon_3213.fasta,exon_3213.tre,0.664089
exon_3214.fasta,exon_3214.tre,0.378791
exon_3215.fasta,exon_3215.tre,0.528553
exon_3216.fasta,exon_3216.tre,0.513065
exon_3217.fasta,exon_3217.tre,0.314888
exon_3218.fasta,exon_3218.tre,0.400971
exon_3219.fasta,exon_3219.tre,0.679018
exon_322.fasta,exon_322.tre,0.717964
exon_3220.fasta,exon_3220.tre,0.668320
exon_3221.fasta,exon_3221.tre,0.279630
exon_3222.fasta,exon_3222.tre,1.074567
exon_3224.fasta,exon_3224.tre,0.506908
exon_3225.fasta,exon_3225.tre,0.580322
exon_3227.fasta,exon_3227.tre,0.633890
exon_3230.fasta,exon_3230.tre,0.516198
exon_3234.fasta,exon_3234.tre,0.464256
exon_3240.fasta,exon_3240.tre,0.892185
exon_3242.fasta,exon_3242.tre,0.758788
exon_3243.fasta,exon_3243.tre,0.675935
exon_3245.fasta,exon_3245.tre,1.056369
exon_3247.fasta,exon_3247.tre,0.643206
exon_3249.fasta,exon_3249.tre,0.614139
exon_325.fasta,exon_325.tre,0.538293
exon_3250.fasta,exon_3250.tre,0.349515
exon_3253.fasta,exon_3253.tre,0.445370
exon_3257.fasta,exon_3257.tre,0.339153
exon_3259.fasta,exon_3259.tre,0.386666
exon_3260.fasta,exon_3260.tre,1.282795
exon_3261.fasta,exon_3261.tre,0.558964
exon_3269.fasta,exon_3269.tre,0.533968
exon_3272.fasta,exon_3272.tre,0.351307
exon_3274.fasta,exon_3274.tre,0.555111
exon_3275.fasta,exon_3275.tre,0.488310
exon_3277.fasta,exon_3277.tre,0.374319
exon_3278.fasta,exon_3278.tre,7.623713
exon_3279.fasta,exon_3279.tre,0.589188
exon_3280.fasta,exon_3280.tre,0.420167
exon_3281.fasta,exon_3281.tre,0.452428
exon_3282.fasta,exon_3282.tre,0.493645
exon_3283.fasta,exon_3283.tre,0.599508
exon_3284.fasta,exon_3284.tre,0.393864
exon_3285.fasta,exon_3285.tre,0.596705
exon_3286.fasta,exon_3286.tre,0.772194
exon_3288.fasta,exon_3288.tre,0.486949
exon_3289.fasta,exon_3289.tre,0.768825
exon_329.fasta,exon_329.tre,0.700319
exon_3291.fasta,exon_3291.tre,0.537347
exon_3292.fasta,exon_3292.tre,0.439746
exon_3295.fasta,exon_3295.tre,0.625936
exon_3296.fasta,exon_3296.tre,0.484998
exon_3297.fasta,exon_3297.tre,0.556801
exon_3298.fasta,exon_3298.tre,0.484270
exon_330.fasta,exon_330.tre,0.583807
exon_3306.fasta,exon_3306.tre,1.018163
exon_3307.fasta,exon_3307.tre,0.549309
exon_3308.fasta,exon_3308.tre,2.307886
exon_331.fasta,exon_331.tre,0.359509
exon_3311.fasta,exon_3311.tre,1.058824
exon_3314.fasta,exon_3314.tre,0.401305
exon_3315.fasta,exon_3315.tre,0.599749
exon_3319.fasta,exon_3319.tre,0.644917
exon_332.fasta,exon_332.tre,0.929438
exon_3320.fasta,exon_3320.tre,0.548121
exon_3324.fasta,exon_3324.tre,0.712730
exon_3325.fasta,exon_3325.tre,0.627014
exon_3329.fasta,exon_3329.tre,0.508988
exon_333.fasta,exon_333.tre,1.036150
exon_3331.fasta,exon_3331.tre,0.408749
exon_3332.fasta,exon_3332.tre,0.461924
exon_3333.fasta,exon_3333.tre,0.513219
exon_3334.fasta,exon_3334.tre,0.389675
exon_3336.fasta,exon_3336.tre,0.463185
exon_3340.fasta,exon_3340.tre,0.491111
exon_3343.fasta,exon_3343.tre,0.562485
exon_3348.fasta,exon_3348.tre,0.676774
exon_3350.fasta,exon_3350.tre,0.708774
exon_3352.fasta,exon_3352.tre,0.533022
exon_3354.fasta,exon_3354.tre,0.543596
exon_3356.fasta,exon_3356.tre,0.340999
exon_3357.fasta,exon_3357.tre,0.601244
exon_3359.fasta,exon_3359.tre,0.562530
exon_3360.fasta,exon_3360.tre,0.483171
exon_3361.fasta,exon_3361.tre,0.405010
exon_3363.fasta,exon_3363.tre,0.698110
exon_3367.fasta,exon_3367.tre,0.598102
exon_3376.fasta,exon_3376.tre,0.707739
exon_3377.fasta,exon_3377.tre,0.466706
exon_3378.fasta,exon_3378.tre,0.595628
exon_338.fasta,exon_338.tre,0.608420
exon_3380.fasta,exon_3380.tre,0.540340
exon_3383.fasta,exon_3383.tre,0.550849
exon_3385.fasta,exon_3385.tre,0.361777
exon_3386.fasta,exon_3386.tre,0.400780
exon_3389.fasta,exon_3389.tre,0.493780
exon_339.fasta,exon_339.tre,0.416655
exon_3391.fasta,exon_3391.tre,0.461534
exon_3398.fasta,exon_3398.tre,0.346278
exon_3400.fasta,exon_3400.tre,0.702635
exon_3401.fasta,exon_3401.tre,1.174346
exon_3405.fasta,exon_3405.tre,0.638982
exon_3407.fasta,exon_3407.tre,0.579906
exon_3408.fasta,exon_3408.tre,0.435040
exon_3409.fasta,exon_3409.tre,0.815424
exon_341.fasta,exon_341.tre,0.312058
exon_3412.fasta,exon_3412.tre,0.472358
exon_3414.fasta,exon_3414.tre,0.987766
exon_3415.fasta,exon_3415.tre,0.560592
exon_3417.fasta,exon_3417.tre,0.786543
exon_3419.fasta,exon_3419.tre,0.967548
exon_342.fasta,exon_342.tre,0.623167
exon_3420.fasta,exon_3420.tre,0.364084
exon_3421.fasta,exon_3421.tre,0.446599
exon_3422.fasta,exon_3422.tre,2.176023
exon_3424.fasta,exon_3424.tre,0.639097
exon_3425.fasta,exon_3425.tre,0.483672
exon_3426.fasta,exon_3426.tre,0.649818
exon_3428.fasta,exon_3428.tre,0.634101
exon_3429.fasta,exon_3429.tre,0.612944
exon_3430.fasta,exon_3430.tre,0.942782
exon_3435.fasta,exon_3435.tre,0.503513
exon_3438.fasta,exon_3438.tre,0.654963
exon_3440.fasta,exon_3440.tre,0.654042
exon_3441.fasta,exon_3441.tre,0.527239
exon_3442.fasta,exon_3442.tre,0.465691
exon_3443.fasta,exon_3443.tre,0.455644
exon_3446.fasta,exon_3446.tre,2.712140
exon_3447.fasta,exon_3447.tre,0.636338
exon_3449.fasta,exon_3449.tre,0.509487
exon_3450.fasta,exon_3450.tre,0.775784
exon_3451.fasta,exon_3451.tre,0.419992
exon_3456.fasta,exon_3456.tre,0.524831
exon_3457.fasta,exon_3457.tre,0.602570
exon_3458.fasta,exon_3458.tre,0.473601
exon_3460.fasta,exon_3460.tre,0.501757
exon_3462.fasta,exon_3462.tre,1.007387
exon_3463.fasta,exon_3463.tre,0.512658
exon_3466.fasta,exon_3466.tre,0.527245
exon_3467.fasta,exon_3467.tre,0.487888
exon_3468.fasta,exon_3468.tre,1.416637
exon_3471.fasta,exon_3471.tre,0.400366
exon_3472.fasta,exon_3472.tre,0.654670
exon_3473.fasta,exon_3473.tre,0.388615
exon_3476.fasta,exon_3476.tre,0.342383
exon_3477.fasta,exon_3477.tre,0.496999
exon_3478.fasta,exon_3478.tre,0.597983
exon_3479.fasta,exon_3479.tre,0.504447
exon_3481.fasta,exon_3481.tre,1.382355
exon_3482.fasta,exon_3482.tre,0.517632
exon_3483.fasta,exon_3483.tre,0.521102
exon_3485.fasta,exon_3485.tre,0.695477
exon_3488.fasta,exon_3488.tre,1.607461
exon_3489.fasta,exon_3489.tre,0.507478
exon_3490.fasta,exon_3490.tre,0.676825
exon_3491.fasta,exon_3491.tre,0.581008
exon_3496.fasta,exon_3496.tre,1.372278
exon_3497.fasta,exon_3497.tre,0.369092
exon_3498.fasta,exon_3498.tre,0.497175
exon_350.fasta,exon_350.tre,0.604722
exon_3500.fasta,exon_3500.tre,1.684398
exon_3504.fasta,exon_3504.tre,0.729267
exon_3507.fasta,exon_3507.tre,1.200680
exon_3508.fasta,exon_3508.tre,0.551491
exon_3509.fasta,exon_3509.tre,0.538799
exon_351.fasta,exon_351.tre,0.426178
exon_3510.fasta,exon_3510.tre,0.794078
exon_3513.fasta,exon_3513.tre,0.665002
exon_3514.fasta,exon_3514.tre,0.481433
exon_3515.fasta,exon_3515.tre,0.306714
exon_3520.fasta,exon_3520.tre,0.506548
exon_3522.fasta,exon_3522.tre,0.508471
exon_3527.fasta,exon_3527.tre,0.652530
exon_3528.fasta,exon_3528.tre,0.448406
exon_3530.fasta,exon_3530.tre,0.994699
exon_3531.fasta,exon_3531.tre,0.577225
exon_3533.fasta,exon_3533.tre,0.655626
exon_3535.fasta,exon_3535.tre,0.395999
exon_3537.fasta,exon_3537.tre,0.540119
exon_3538.fasta,exon_3538.tre,0.620686
exon_3539.fasta,exon_3539.tre,0.552759
exon_3540.fasta,exon_3540.tre,0.596885
exon_3541.fasta,exon_3541.tre,0.722857
exon_3542.fasta,exon_3542.tre,0.558750
exon_3543.fasta,exon_3543.tre,0.513411
exon_3545.fasta,exon_3545.tre,0.671821
exon_3548.fasta,exon_3548.tre,0.494695
exon_3549.fasta,exon_3549.tre,0.432332
exon_355.fasta,exon_355.tre,0.478656
exon_3551.fasta,exon_3551.tre,0.501998
exon_3552.fasta,exon_3552.tre,0.510121
exon_3557.fasta,exon_3557.tre,0.516310
exon_356.fasta,exon_356.tre,0.430778
exon_3562.fasta,exon_3562.tre,0.892640
exon_3563.fasta,exon_3563.tre,1.557789
exon_357.fasta,exon_357.tre,0.420763
exon_3570.fasta,exon_3570.tre,2.679676
exon_3571.fasta,exon_3571.tre,1.100627
exon_3572.fasta,exon_3572.tre,0.588239
exon_3573.fasta,exon_3573.tre,0.390767
exon_3575.fasta,exon_3575.tre,0.584291
exon_3578.fasta,exon_3578.tre,0.546374
exon_3581.fasta,exon_3581.tre,0.395365
exon_3583.fasta,exon_3583.tre,0.622088
exon_3585.fasta,exon_3585.tre,0.531542
exon_3586.fasta,exon_3586.tre,1.780551
exon_3587.fasta,exon_3587.tre,1.427691
exon_3588.fasta,exon_3588.tre,0.491047
exon_3589.fasta,exon_3589.tre,2.446625
exon_3592.fasta,exon_3592.tre,0.581333
exon_3594.fasta,exon_3594.tre,0.657315
exon_3595.fasta,exon_3595.tre,0.504450
exon_3598.fasta,exon_3598.tre,1.185049
exon_360.fasta,exon_360.tre,0.514408
exon_3600.fasta,exon_3600.tre,0.665909
exon_3602.fasta,exon_3602.tre,0.798620
exon_3603.fasta,exon_3603.tre,0.544123
exon_3604.fasta,exon_3604.tre,0.551063
exon_3605.fasta,exon_3605.tre,0.575589
exon_3606.fasta,exon_3606.tre,0.571038
exon_3612.fasta,exon_3612.tre,0.890958
exon_3613.fasta,exon_3613.tre,0.514555
exon_3618.fasta,exon_3618.tre,0.420627
exon_3622.fasta,exon_3622.tre,0.524906
exon_3631.fasta,exon_3631.tre,0.618207
exon_3633.fasta,exon_3633.tre,0.354505
exon_3634.fasta,exon_3634.tre,0.367429
exon_3635.fasta,exon_3635.tre,0.553247
exon_3637.fasta,exon_3637.tre,0.562289
exon_3638.fasta,exon_3638.tre,0.486672
exon_364.fasta,exon_364.tre,0.677405
exon_3640.fasta,exon_3640.tre,0.776881
exon_3641.fasta,exon_3641.tre,0.363590
exon_3642.fasta,exon_3642.tre,0.480738
exon_3645.fasta,exon_3645.tre,0.574173
exon_3646.fasta,exon_3646.tre,0.550640
exon_3651.fasta,exon_3651.tre,1.164813
exon_3652.fasta,exon_3652.tre,0.567489
exon_3653.fasta,exon_3653.tre,0.674611
exon_3656.fasta,exon_3656.tre,0.493704
exon_3657.fasta,exon_3657.tre,0.389903
exon_3658.fasta,exon_3658.tre,1.041569
exon_3659.fasta,exon_3659.tre,0.599457
exon_3660.fasta,exon_3660.tre,0.407289
exon_3662.fasta,exon_3662.tre,0.307430
exon_3663.fasta,exon_3663.tre,0.766873
exon_3664.fasta,exon_3664.tre,0.332602
exon_3667.fasta,exon_3667.tre,0.506825
exon_3668.fasta,exon_3668.tre,0.450121
exon_3669.fasta,exon_3669.tre,0.564303
exon_367.fasta,exon_367.tre,0.532615
exon_3671.fasta,exon_3671.tre,0.401814
exon_3674.fasta,exon_3674.tre,0.614673
exon_3675.fasta,exon_3675.tre,0.623332
exon_3677.fasta,exon_3677.tre,0.571746
exon_3680.fasta,exon_3680.tre,0.662123
exon_3682.fasta,exon_3682.tre,0.499886
exon_3684.fasta,exon_3684.tre,0.457687
exon_3688.fasta,exon_3688.tre,0.695232
exon_3689.fasta,exon_3689.tre,1.117287
exon_369.fasta,exon_369.tre,1.121942
exon_3690.fasta,exon_3690.tre,0.411711
exon_3694.fasta,exon_3694.tre,0.640130
exon_3695.fasta,exon_3695.tre,0.605312
exon_3696.fasta,exon_3696.tre,2.625567
exon_3697.fasta,exon_3697.tre,0.380072
exon_3698.fasta,exon_3698.tre,0.753286
exon_3699.fasta,exon_3699.tre,0.399377
exon_37.fasta,exon_37.tre,0.460312
exon_370.fasta,exon_370.tre,0.516729
exon_3700.fasta,exon_3700.tre,0.364074
exon_3701.fasta,exon_3701.tre,1.499257
exon_3703.fasta,exon_3703.tre,1.067985
exon_3705.fasta,exon_3705.tre,0.403859
exon_3706.fasta,exon_3706.tre,0.677164
exon_3707.fasta,exon_3707.tre,0.562713
exon_3708.fasta,exon_3708.tre,0.488790
exon_3709.fasta,exon_3709.tre,0.808721
exon_371.fasta,exon_371.tre,0.442847
exon_3710.fasta,exon_3710.tre,0.434430
exon_3712.fasta,exon_3712.tre,0.534375
exon_3713.fasta,exon_3713.tre,0.913165
exon_3714.fasta,exon_3714.tre,0.563981
exon_3716.fasta,exon_3716.tre,0.453283
exon_3717.fasta,exon_3717.tre,2.007358
exon_3720.fasta,exon_3720.tre,0.542704
exon_3721.fasta,exon_3721.tre,1.180442
exon_3722.fasta,exon_3722.tre,0.697577
exon_3723.fasta,exon_3723.tre,0.513023
exon_3724.fasta,exon_3724.tre,0.604764
exon_3726.fasta,exon_3726.tre,0.471021
exon_3727.fasta,exon_3727.tre,1.047896
exon_3729.fasta,exon_3729.tre,0.545780
exon_373.fasta,exon_373.tre,0.466322
exon_3730.fasta,exon_3730.tre,0.652586
exon_3731.fasta,exon_3731.tre,0.424592
exon_3732.fasta,exon_3732.tre,0.367620
exon_3734.fasta,exon_3734.tre,0.632838
exon_3735.fasta,exon_3735.tre,0.405090
exon_3737.fasta,exon_3737.tre,0.728219
exon_3738.fasta,exon_3738.tre,0.414016
exon_3740.fasta,exon_3740.tre,0.401945
exon_3741.fasta,exon_3741.tre,0.345531
exon_3742.fasta,exon_3742.tre,0.608883
exon_3743.fasta,exon_3743.tre,0.495330
exon_3746.fasta,exon_3746.tre,0.537462
exon_3747.fasta,exon_3747.tre,0.999105
exon_3749.fasta,exon_3749.tre,0.430906
exon_3752.fasta,exon_3752.tre,0.528828
exon_3753.fasta,exon_3753.tre,0.599965
exon_3755.fasta,exon_3755.tre,0.530314
exon_3757.fasta,exon_3757.tre,0.466169
exon_376.fasta,exon_376.tre,0.563733
exon_3762.fasta,exon_3762.tre,0.948893
exon_3764.fasta,exon_3764.tre,0.514374
exon_3765.fasta,exon_3765.tre,0.717306
exon_3766.fasta,exon_3766.tre,0.525978
exon_3767.fasta,exon_3767.tre,0.480071
exon_3768.fasta,exon_3768.tre,0.622059
exon_3769.fasta,exon_3769.tre,0.509878
exon_377.fasta,exon_377.tre,0.535173
exon_3770.fasta,exon_3770.tre,0.428071
exon_3771.fasta,exon_3771.tre,0.374338
exon_3772.fasta,exon_3772.tre,0.465928
exon_3773.fasta,exon_3773.tre,0.541423
exon_3775.fasta,exon_3775.tre,0.375095
exon_3776.fasta,exon_3776.tre,0.584480
exon_3781.fasta,exon_3781.tre,0.384557
exon_3782.fasta,exon_3782.tre,0.537847
exon_3789.fasta,exon_3789.tre,0.723752
exon_3790.fasta,exon_3790.tre,0.530468
exon_3793.fasta,exon_3793.tre,0.516913
exon_3794.fasta,exon_3794.tre,0.570172
exon_3795.fasta,exon_3795.tre,0.441998
exon_3797.fasta,exon_3797.tre,0.545740
exon_380.fasta,exon_380.tre,0.546025
exon_3801.fasta,exon_3801.tre,0.625189
exon_3803.fasta,exon_3803.tre,0.515489
exon_3804.fasta,exon_3804.tre,0.392170
exon_3806.fasta,exon_3806.tre,0.503882
exon_381.fasta,exon_381.tre,0.656030
exon_3810.fasta,exon_3810.tre,0.452178
exon_3812.fasta,exon_3812.tre,0.462995
exon_3816.fasta,exon_3816.tre,0.497747
exon_3817.fasta,exon_3817.tre,0.457921
exon_3818.fasta,exon_3818.tre,0.576098
exon_382.fasta,exon_382.tre,0.586328
exon_3820.fasta,exon_3820.tre,0.481366
exon_3823.fasta,exon_3823.tre,0.456557
exon_3824.fasta,exon_3824.tre,0.840813
exon_3827.fasta,exon_3827.tre,0.494681
exon_3832.fasta,exon_3832.tre,0.582238
exon_3833.fasta,exon_3833.tre,0.555307
exon_3841.fasta,exon_3841.tre,0.467511
exon_3842.fasta,exon_3842.tre,0.677922
exon_3845.fasta,exon_3845.tre,0.622615
exon_3846.fasta,exon_3846.tre,0.614770
exon_3848.fasta,exon_3848.tre,0.393450
exon_3849.fasta,exon_3849.tre,0.638751
exon_385.fasta,exon_385.tre,0.477975
exon_3850.fasta,exon_3850.tre,0.529319
exon_3852.fasta,exon_3852.tre,1.214438
exon_3853.fasta,exon_3853.tre,0.586339
exon_3857.fasta,exon_3857.tre,0.494198
exon_386.fasta,exon_386.tre,0.540181
exon_3861.fasta,exon_3861.tre,0.730169
exon_3862.fasta,exon_3862.tre,0.512587
exon_3863.fasta,exon_3863.tre,0.440459
exon_3864.fasta,exon_3864.tre,0.506778
exon_3867.fasta,exon_3867.tre,0.521423
exon_3868.fasta,exon_3868.tre,0.920548
exon_3869.fasta,exon_3869.tre,1.047489
exon_3870.fasta,exon_3870.tre,1.129549
exon_3871.fasta,exon_3871.tre,0.593834
exon_3872.fasta,exon_3872.tre,0.838570
exon_3873.fasta,exon_3873.tre,0.597909
exon_3874.fasta,exon_3874.tre,0.686209
exon_3875.fasta,exon_3875.tre,0.524855
exon_3877.fasta,exon_3877.tre,1.023067
exon_3879.fasta,exon_3879.tre,0.459185
exon_3880.fasta,exon_3880.tre,0.531157
exon_3882.fasta,exon_3882.tre,0.640211
exon_3884.fasta,exon_3884.tre,1.387769
exon_3885.fasta,exon_3885.tre,0.535232
exon_3886.fasta,exon_3886.tre,0.508504
exon_3887.fasta,exon_3887.tre,0.481525
exon_3888.fasta,exon_3888.tre,0.523977
exon_3889.fasta,exon_3889.tre,3.093179
exon_389.fasta,exon_389.tre,0.499501
exon_3891.fasta,exon_3891.tre,0.598058
exon_3894.fasta,exon_3894.tre,1.022623
exon_3895.fasta,exon_3895.tre,0.490564
exon_3898.fasta,exon_3898.tre,0.654398
exon_39.fasta,exon_39.tre,0.354218
exon_3900.fasta,exon_3900.tre,0.377467
exon_3901.fasta,exon_3901.tre,0.362637
exon_3902.fasta,exon_3902.tre,0.503636
exon_3907.fasta,exon_3907.tre,0.479699
exon_3908.fasta,exon_3908.tre,0.503201
exon_3909.fasta,exon_3909.tre,0.483655
exon_391.fasta,exon_391.tre,0.497025
exon_3912.fasta,exon_3912.tre,0.579835
exon_3913.fasta,exon_3913.tre,0.496833
exon_3914.fasta,exon_3914.tre,0.371728
exon_3919.fasta,exon_3919.tre,0.690384
exon_392.fasta,exon_392.tre,0.453203
exon_3920.fasta,exon_3920.tre,0.367280
exon_3921.fasta,exon_3921.tre,0.543419
exon_3922.fasta,exon_3922.tre,0.575257
exon_3923.fasta,exon_3923.tre,0.498353
exon_3926.fasta,exon_3926.tre,0.608940
exon_3927.fasta,exon_3927.tre,0.373842
exon_393.fasta,exon_393.tre,0.585741
exon_3931.fasta,exon_3931.tre,1.021943
exon_3932.fasta,exon_3932.tre,0.328740
exon_3934.fasta,exon_3934.tre,0.656742
exon_3938.fasta,exon_3938.tre,0.641286
exon_3939.fasta,exon_3939.tre,0.475707
exon_3946.fasta,exon_3946.tre,0.516343
exon_3947.fasta,exon_3947.tre,0.556334
exon_3948.fasta,exon_3948.tre,0.755886
exon_3949.fasta,exon_3949.tre,0.598561
exon_395.fasta,exon_395.tre,0.375982
exon_3950.fasta,exon_3950.tre,0.863337
exon_3951.fasta,exon_3951.tre,0.529690
exon_3953.fasta,exon_3953.tre,0.590666
exon_3954.fasta,exon_3954.tre,0.548008
exon_3955.fasta,exon_3955.tre,0.772332
exon_3956.fasta,exon_3956.tre,0.340351
exon_3957.fasta,exon_3957.tre,0.529380
exon_3959.fasta,exon_3959.tre,0.483349
exon_3961.fasta,exon_3961.tre,0.552737
exon_3962.fasta,exon_3962.tre,1.875201
exon_3964.fasta,exon_3964.tre,0.562525
exon_3966.fasta,exon_3966.tre,0.412636
exon_3967.fasta,exon_3967.tre,0.571762
exon_3969.fasta,exon_3969.tre,0.418991
exon_3971.fasta,exon_3971.tre,0.660050
exon_3973.fasta,exon_3973.tre,0.688440
exon_3976.fasta,exon_3976.tre,0.759125
exon_3977.fasta,exon_3977.tre,0.361084
exon_3979.fasta,exon_3979.tre,0.579674
exon_3981.fasta,exon_3981.tre,0.509390
exon_3983.fasta,exon_3983.tre,0.446879
exon_3984.fasta,exon_3984.tre,0.556077
exon_3985.fasta,exon_3985.tre,0.452319
exon_3988.fasta,exon_3988.tre,0.355381
exon_399.fasta,exon_399.tre,0.660645
exon_3994.fasta,exon_3994.tre,0.626398
exon_3995.fasta,exon_3995.tre,0.502818
exon_3997.fasta,exon_3997.tre,0.576188
exon_3999.fasta,exon_3999.tre,1.206312
exon_4001.fasta,exon_4001.tre,0.556409
exon_4004.fasta,exon_4004.tre,0.502872
exon_4005.fasta,exon_4005.tre,0.580516
exon_401.fasta,exon_401.tre,0.561025
exon_4013.fasta,exon_4013.tre,0.638415
exon_4021.fasta,exon_4021.tre,0.446642
exon_4031.fasta,exon_4031.tre,0.637429
exon_4039.fasta,exon_4039.tre,1.348805
exon_4042.fasta,exon_4042.tre,0.462101
exon_4044.fasta,exon_4044.tre,0.635471
exon_4045.fasta,exon_4045.tre,0.519441
exon_405.fasta,exon_405.tre,0.563744
exon_4050.fasta,exon_4050.tre,0.475692
exon_4052.fasta,exon_4052.tre,0.532001
exon_4055.fasta,exon_4055.tre,0.735560
exon_4059.fasta,exon_4059.tre,0.425699
exon_4061.fasta,exon_4061.tre,0.518494
exon_4066.fasta,exon_4066.tre,0.691791
exon_4075.fasta,exon_4075.tre,0.547650
exon_4084.fasta,exon_4084.tre,0.450310
exon_4085.fasta,exon_4085.tre,0.307486
exon_4087.fasta,exon_4087.tre,0.533189
exon_409.fasta,exon_409.tre,0.763179
exon_4093.fasta,exon_4093.tre,2.014753
exon_4094.fasta,exon_4094.tre,0.397746
exon_4098.fasta,exon_4098.tre,0.517439
exon_4099.fasta,exon_4099.tre,1.144778
exon_410.fasta,exon_410.tre,0.533178
exon_4100.fasta,exon_4100.tre,0.491978
exon_4102.fasta,exon_4102.tre,0.513704
exon_4103.fasta,exon_4103.tre,0.506950
exon_4104.fasta,exon_4104.tre,0.487168
exon_4110.fasta,exon_4110.tre,1.038657
exon_4111.fasta,exon_4111.tre,0.553299
exon_4112.fasta,exon_4112.tre,0.540343
exon_4114.fasta,exon_4114.tre,0.503769
exon_4115.fasta,exon_4115.tre,0.451015
exon_4116.fasta,exon_4116.tre,0.461098
exon_4117.fasta,exon_4117.tre,0.456472
exon_4118.fasta,exon_4118.tre,0.615633
exon_4119.fasta,exon_4119.tre,1.081820
exon_4120.fasta,exon_4120.tre,0.532054
exon_4121.fasta,exon_4121.tre,0.536885
exon_4123.fasta,exon_4123.tre,0.452319
exon_4125.fasta,exon_4125.tre,0.371448
exon_4126.fasta,exon_4126.tre,0.515307
exon_4129.fasta,exon_4129.tre,0.516470
exon_413.fasta,exon_413.tre,0.606709
exon_4130.fasta,exon_4130.tre,0.522838
exon_4138.fasta,exon_4138.tre,0.484083
exon_4140.fasta,exon_4140.tre,0.377198
exon_4143.fasta,exon_4143.tre,0.573980
exon_4145.fasta,exon_4145.tre,0.500453
exon_4146.fasta,exon_4146.tre,0.408400
exon_4147.fasta,exon_4147.tre,0.413622
exon_415.fasta,exon_415.tre,0.580634
exon_4151.fasta,exon_4151.tre,0.694450
exon_4154.fasta,exon_4154.tre,0.518114
exon_4156.fasta,exon_4156.tre,0.660792
exon_4164.fasta,exon_4164.tre,0.512180
exon_4165.fasta,exon_4165.tre,0.445288
exon_4169.fasta,exon_4169.tre,1.142856
exon_417.fasta,exon_417.tre,0.827479
exon_4170.fasta,exon_4170.tre,0.748044
exon_4171.fasta,exon_4171.tre,0.596980
exon_4173.fasta,exon_4173.tre,0.781745
exon_4175.fasta,exon_4175.tre,0.515526
exon_4177.fasta,exon_4177.tre,0.398960
exon_4178.fasta,exon_4178.tre,1.018180
exon_4179.fasta,exon_4179.tre,0.614080
exon_418.fasta,exon_418.tre,0.541068
exon_4181.fasta,exon_4181.tre,0.538795
exon_4182.fasta,exon_4182.tre,0.581479
exon_4187.fasta,exon_4187.tre,0.626969
exon_4188.fasta,exon_4188.tre,0.475932
exon_4192.fasta,exon_4192.tre,0.480902
exon_4193.fasta,exon_4193.tre,0.589191
exon_4196.fasta,exon_4196.tre,0.387501
exon_4197.fasta,exon_4197.tre,0.599339
exon_4198.fasta,exon_4198.tre,0.386484
exon_4202.fasta,exon_4202.tre,0.723523
exon_4204.fasta,exon_4204.tre,0.376010
exon_4205.fasta,exon_4205.tre,0.575446
exon_4208.fasta,exon_4208.tre,0.434843
exon_421.fasta,exon_421.tre,0.571761
exon_4211.fasta,exon_4211.tre,0.593404
exon_4212.fasta,exon_4212.tre,0.366190
exon_4213.fasta,exon_4213.tre,0.473212
exon_4214.fasta,exon_4214.tre,0.613134
exon_4216.fasta,exon_4216.tre,0.525384
exon_422.fasta,exon_422.tre,0.614956
exon_4220.fasta,exon_4220.tre,0.611895
exon_4222.fasta,exon_4222.tre,0.509418
exon_4224.fasta,exon_4224.tre,0.471875
exon_4225.fasta,exon_4225.tre,0.403753
exon_4227.fasta,exon_4227.tre,0.497285
exon_4228.fasta,exon_4228.tre,0.391440
exon_423.fasta,exon_423.tre,0.501083
exon_4231.fasta,exon_4231.tre,0.637888
exon_4234.fasta,exon_4234.tre,0.346199
exon_4235.fasta,exon_4235.tre,0.875068
exon_4239.fasta,exon_4239.tre,0.488984
exon_424.fasta,exon_424.tre,0.365684
exon_4241.fasta,exon_4241.tre,0.839283
exon_4242.fasta,exon_4242.tre,0.395475
exon_4243.fasta,exon_4243.tre,0.557231
exon_4244.fasta,exon_4244.tre,0.460741
exon_4256.fasta,exon_4256.tre,0.505992
exon_4259.fasta,exon_4259.tre,0.477454
exon_426.fasta,exon_426.tre,0.448220
exon_4260.fasta,exon_4260.tre,0.469550
exon_4268.fasta,exon_4268.tre,0.425073
exon_4269.fasta,exon_4269.tre,0.631333
exon_427.fasta,exon_427.tre,0.426488
exon_4270.fasta,exon_4270.tre,0.537365
exon_4271.fasta,exon_4271.tre,0.557188
exon_4272.fasta,exon_4272.tre,0.508124
exon_4274.fasta,exon_4274.tre,0.511670
exon_4275.fasta,exon_4275.tre,0.404960
exon_4280.fasta,exon_4280.tre,0.347280
exon_4281.fasta,exon_4281.tre,1.247109
exon_4282.fasta,exon_4282.tre,0.871675
exon_4287.fasta,exon_4287.tre,0.708658
exon_4288.fasta,exon_4288.tre,1.265721
exon_429.fasta,exon_429.tre,0.519723
exon_4295.fasta,exon_4295.tre,0.480482
exon_4296.fasta,exon_4296.tre,0.420208
exon_4299.fasta,exon_4299.tre,0.655773
exon_4302.fasta,exon_4302.tre,0.695578
exon_4305.fasta,exon_4305.tre,0.308498
exon_4307.fasta,exon_4307.tre,0.558403
exon_4310.fasta,exon_4310.tre,0.564673
exon_4312.fasta,exon_4312.tre,0.424602
exon_4313.fasta,exon_4313.tre,0.618573
exon_4314.fasta,exon_4314.tre,0.544824
exon_4315.fasta,exon_4315.tre,3.482652
exon_4319.fasta,exon_4319.tre,0.445395
exon_432.fasta,exon_432.tre,0.550105
exon_4324.fasta,exon_4324.tre,0.422487
exon_4326.fasta,exon_4326.tre,0.561738
exon_4340.fasta,exon_4340.tre,0.545130
exon_4342.fasta,exon_4342.tre,0.605038
exon_4345.fasta,exon_4345.tre,2.164629
exon_4346.fasta,exon_4346.tre,0.537140
exon_4347.fasta,exon_4347.tre,0.362327
exon_4348.fasta,exon_4348.tre,0.404228
exon_4349.fasta,exon_4349.tre,0.609596
exon_435.fasta,exon_435.tre,0.351140
exon_4354.fasta,exon_4354.tre,0.532363
exon_4356.fasta,exon_4356.tre,1.361841
exon_4357.fasta,exon_4357.tre,0.873554
exon_436.fasta,exon_436.tre,0.839764
exon_4363.fasta,exon_4363.tre,0.466653
exon_4364.fasta,exon_4364.tre,0.839060
exon_4366.fasta,exon_4366.tre,1.085383
exon_437.fasta,exon_437.tre,0.459718
exon_4371.fasta,exon_4371.tre,0.598067
exon_4373.fasta,exon_4373.tre,0.586035
exon_4375.fasta,exon_4375.tre,0.569900
exon_438.fasta,exon_438.tre,0.398264
exon_4381.fasta,exon_4381.tre,0.451074
exon_4385.fasta,exon_4385.tre,0.456943
exon_4386.fasta,exon_4386.tre,0.392261
exon_4387.fasta,exon_4387.tre,0.621676
exon_4391.fasta,exon_4391.tre,0.521018
exon_4392.fasta,exon_4392.tre,0.650421
exon_4393.fasta,exon_4393.tre,0.420211
exon_4398.fasta,exon_4398.tre,0.748734
exon_44.fasta,exon_44.tre,0.513277
exon_4401.fasta,exon_4401.tre,0.494579
exon_4402.fasta,exon_4402.tre,0.510607
exon_4404.fasta,exon_4404.tre,0.521144
exon_4406.fasta,exon_4406.tre,0.514087
exon_4409.fasta,exon_4409.tre,0.952842
exon_4413.fasta,exon_4413.tre,0.527868
exon_4414.fasta,exon_4414.tre,0.577349
exon_4416.fasta,exon_4416.tre,0.389047
exon_4417.fasta,exon_4417.tre,0.354944
exon_4419.fasta,exon_4419.tre,0.772928
exon_4421.fasta,exon_4421.tre,0.555036
exon_4425.fasta,exon_4425.tre,0.524956
exon_4426.fasta,exon_4426.tre,0.695677
exon_4429.fasta,exon_4429.tre,0.596161
exon_4431.fasta,exon_4431.tre,0.359864
exon_4432.fasta,exon_4432.tre,0.699383
exon_4436.fasta,exon_4436.tre,0.426109
exon_4439.fasta,exon_4439.tre,0.793792
exon_444.fasta,exon_444.tre,0.371700
exon_4443.fasta,exon_4443.tre,0.589367
exon_4444.fasta,exon_4444.tre,0.351245
exon_4446.fasta,exon_4446.tre,0.457799
exon_4448.fasta,exon_4448.tre,0.633640
exon_4449.fasta,exon_4449.tre,0.502928
exon_4450.fasta,exon_4450.tre,0.430219
exon_4452.fasta,exon_4452.tre,1.018943
exon_4453.fasta,exon_4453.tre,1.242955
exon_4454.fasta,exon_4454.tre,0.418255
exon_4455.fasta,exon_4455.tre,0.540755
exon_4456.fasta,exon_4456.tre,1.362406
exon_4458.fasta,exon_4458.tre,0.735690
exon_446.fasta,exon_446.tre,0.558387
exon_4464.fasta,exon_4464.tre,0.529049
exon_4468.fasta,exon_4468.tre,1.255569
exon_447.fasta,exon_447.tre,1.031236
exon_4474.fasta,exon_4474.tre,0.517552
exon_4475.fasta,exon_4475.tre,0.660508
exon_4476.fasta,exon_4476.tre,0.740881
exon_4478.fasta,exon_4478.tre,0.594316
exon_4479.fasta,exon_4479.tre,0.946811
exon_448.fasta,exon_448.tre,0.340179
exon_4480.fasta,exon_4480.tre,0.481850
exon_4487.fasta,exon_4487.tre,0.743704
exon_449.fasta,exon_449.tre,0.458169
exon_4496.fasta,exon_4496.tre,0.589862
exon_4497.fasta,exon_4497.tre,0.519609
exon_4499.fasta,exon_4499.tre,0.643073
exon_4500.fasta,exon_4500.tre,0.357632
exon_4502.fasta,exon_4502.tre,0.535259
exon_4504.fasta,exon_4504.tre,0.558113
exon_4506.fasta,exon_4506.tre,1.040916
exon_4507.fasta,exon_4507.tre,0.504263
exon_4509.fasta,exon_4509.tre,0.616971
exon_451.fasta,exon_451.tre,0.505044
exon_4510.fasta,exon_4510.tre,0.474721
exon_4512.fasta,exon_4512.tre,0.276598
exon_4513.fasta,exon_4513.tre,0.520248
exon_4515.fasta,exon_4515.tre,0.716194
exon_4521.fasta,exon_4521.tre,0.475528
exon_4523.fasta,exon_4523.tre,0.640130
exon_4527.fasta,exon_4527.tre,0.371240
exon_4529.fasta,exon_4529.tre,0.369457
exon_453.fasta,exon_453.tre,0.556092
exon_4530.fasta,exon_4530.tre,0.728259
exon_4532.fasta,exon_4532.tre,0.572060
exon_4534.fasta,exon_4534.tre,0.739879
exon_4537.fasta,exon_4537.tre,0.558332
exon_4539.fasta,exon_4539.tre,0.528306
exon_4543.fasta,exon_4543.tre,0.501894
exon_4549.fasta,exon_4549.tre,0.450029
exon_4551.fasta,exon_4551.tre,0.420336
exon_4553.fasta,exon_4553.tre,0.411976
exon_4554.fasta,exon_4554.tre,0.376783
exon_4556.fasta,exon_4556.tre,2.530795
exon_4557.fasta,exon_4557.tre,0.418604
exon_4559.fasta,exon_4559.tre,0.681712
exon_4561.fasta,exon_4561.tre,0.621716
exon_4562.fasta,exon_4562.tre,0.464338
exon_4563.fasta,exon_4563.tre,0.661522
exon_4564.fasta,exon_4564.tre,0.474268
exon_4565.fasta,exon_4565.tre,0.523752
exon_4566.fasta,exon_4566.tre,0.497827
exon_4567.fasta,exon_4567.tre,0.418036
exon_4572.fasta,exon_4572.tre,0.508231
exon_4573.fasta,exon_4573.tre,0.682584
exon_4576.fasta,exon_4576.tre,1.283898
exon_4577.fasta,exon_4577.tre,0.430063
exon_4580.fasta,exon_4580.tre,0.546885
exon_4581.fasta,exon_4581.tre,0.659931
exon_4586.fasta,exon_4586.tre,0.627539
exon_4587.fasta,exon_4587.tre,0.530430
exon_4590.fasta,exon_4590.tre,0.438820
exon_4591.fasta,exon_4591.tre,0.511584
exon_4594.fasta,exon_4594.tre,1.800297
exon_4597.fasta,exon_4597.tre,0.439814
exon_4599.fasta,exon_4599.tre,0.440445
exon_4600.fasta,exon_4600.tre,0.480780
exon_4604.fasta,exon_4604.tre,0.358188
exon_4605.fasta,exon_4605.tre,0.379503
exon_4606.fasta,exon_4606.tre,0.700566
exon_461.fasta,exon_461.tre,0.545822
exon_4610.fasta,exon_4610.tre,0.526224
exon_4611.fasta,exon_4611.tre,0.500949
exon_4613.fasta,exon_4613.tre,0.330728
exon_4614.fasta,exon_4614.tre,1.363229
exon_4615.fasta,exon_4615.tre,0.669336
exon_4616.fasta,exon_4616.tre,0.466127
exon_4617.fasta,exon_4617.tre,0.488448
exon_4619.fasta,exon_4619.tre,0.433169
exon_4622.fasta,exon_4622.tre,0.593605
exon_4625.fasta,exon_4625.tre,0.464947
exon_4626.fasta,exon_4626.tre,0.338789
exon_4627.fasta,exon_4627.tre,0.461188
exon_4629.fasta,exon_4629.tre,0.408863
exon_4630.fasta,exon_4630.tre,0.310313
exon_4631.fasta,exon_4631.tre,0.512976
exon_4632.fasta,exon_4632.tre,0.574780
exon_4635.fasta,exon_4635.tre,0.410378
exon_4636.fasta,exon_4636.tre,0.739643
exon_4639.fasta,exon_4639.tre,0.627284
exon_464.fasta,exon_464.tre,1.274718
exon_4641.fasta,exon_4641.tre,0.492584
exon_4643.fasta,exon_4643.tre,0.322800
exon_4644.fasta,exon_4644.tre,0.830864
exon_4645.fasta,exon_4645.tre,0.504755
exon_4648.fasta,exon_4648.tre,0.526553
exon_4650.fasta,exon_4650.tre,1.204682
exon_4651.fasta,exon_4651.tre,0.404107
exon_4654.fasta,exon_4654.tre,0.333918
exon_4655.fasta,exon_4655.tre,0.643422
exon_4657.fasta,exon_4657.tre,1.032230
exon_4658.fasta,exon_4658.tre,0.466182
exon_466.fasta,exon_466.tre,0.687944
exon_4660.fasta,exon_4660.tre,0.447095
exon_4661.fasta,exon_4661.tre,0.563782
exon_4662.fasta,exon_4662.tre,0.543480
exon_4663.fasta,exon_4663.tre,2.210518
exon_4666.fasta,exon_4666.tre,0.510019
exon_4668.fasta,exon_4668.tre,0.977381
exon_4669.fasta,exon_4669.tre,0.608145
exon_467.fasta,exon_467.tre,0.507706
exon_4670.fasta,exon_4670.tre,0.620020
exon_4671.fasta,exon_4671.tre,0.639313
exon_4672.fasta,exon_4672.tre,0.572572
exon_4673.fasta,exon_4673.tre,0.503226
exon_4674.fasta,exon_4674.tre,0.512142
exon_4675.fasta,exon_4675.tre,0.675760
exon_4676.fasta,exon_4676.tre,0.395907
exon_4681.fasta,exon_4681.tre,0.955449
exon_4682.fasta,exon_4682.tre,0.481115
exon_4683.fasta,exon_4683.tre,0.402827
exon_4686.fasta,exon_4686.tre,0.648538
exon_4687.fasta,exon_4687.tre,0.663869
exon_4688.fasta,exon_4688.tre,0.341440
exon_4689.fasta,exon_4689.tre,0.517964
exon_4690.fasta,exon_4690.tre,0.404448
exon_4691.fasta,exon_4691.tre,0.343487
exon_4693.fasta,exon_4693.tre,0.350786
exon_4694.fasta,exon_4694.tre,0.378125
exon_4699.fasta,exon_4699.tre,0.499074
exon_470.fasta,exon_470.tre,0.682572
exon_4701.fasta,exon_4701.tre,0.474021
exon_4706.fasta,exon_4706.tre,0.649105
exon_4707.fasta,exon_4707.tre,0.530161
exon_4710.fasta,exon_4710.tre,0.492650
exon_4711.fasta,exon_4711.tre,0.535468
exon_4713.fasta,exon_4713.tre,0.493572
exon_4719.fasta,exon_4719.tre,0.526247
exon_4720.fasta,exon_4720.tre,0.533875
exon_4731.fasta,exon_4731.tre,0.467317
exon_4733.fasta,exon_4733.tre,0.356534
exon_4737.fasta,exon_4737.tre,0.490384
exon_4743.fasta,exon_4743.tre,0.914609
exon_4744.fasta,exon_4744.tre,0.768904
exon_4745.fasta,exon_4745.tre,0.354724
exon_4749.fasta,exon_4749.tre,0.464439
exon_475.fasta,exon_475.tre,0.432923
exon_4752.fasta,exon_4752.tre,0.569551
exon_4763.fasta,exon_4763.tre,0.586930
exon_4764.fasta,exon_4764.tre,1.330281
exon_4766.fasta,exon_4766.tre,0.573303
exon_4768.fasta,exon_4768.tre,0.675508
exon_4769.fasta,exon_4769.tre,0.523632
exon_477.fasta,exon_477.tre,0.459042
exon_4771.fasta,exon_4771.tre,0.984579
exon_4772.fasta,exon_4772.tre,0.356828
exon_4775.fasta,exon_4775.tre,0.916159
exon_4778.fasta,exon_4778.tre,0.432487
exon_4780.fasta,exon_4780.tre,1.246722
exon_4781.fasta,exon_4781.tre,0.488640
exon_4782.fasta,exon_4782.tre,0.547961
exon_4783.fasta,exon_4783.tre,0.641411
exon_4784.fasta,exon_4784.tre,0.394484
exon_4785.fasta,exon_4785.tre,0.461149
exon_4789.fasta,exon_4789.tre,0.623023
exon_4790.fasta,exon_4790.tre,0.613194
exon_4791.fasta,exon_4791.tre,0.462593
exon_4792.fasta,exon_4792.tre,0.344319
exon_4794.fasta,exon_4794.tre,0.493780
exon_4797.fasta,exon_4797.tre,0.501567
exon_4798.fasta,exon_4798.tre,0.546985
exon_4799.fasta,exon_4799.tre,0.966997
exon_480.fasta,exon_480.tre,0.646472
exon_4802.fasta,exon_4802.tre,0.726201
exon_4805.fasta,exon_4805.tre,0.372275
exon_4807.fasta,exon_4807.tre,0.527121
exon_4808.fasta,exon_4808.tre,0.778790
exon_4809.fasta,exon_4809.tre,0.425995
exon_481.fasta,exon_481.tre,0.397683
exon_4811.fasta,exon_4811.tre,0.531316
exon_4814.fasta,exon_4814.tre,0.445132
exon_4818.fasta,exon_4818.tre,0.573306
exon_4819.fasta,exon_4819.tre,0.443477
exon_482.fasta,exon_482.tre,1.433077
exon_4823.fasta,exon_4823.tre,1.574384
exon_4825.fasta,exon_4825.tre,0.411418
exon_4827.fasta,exon_4827.tre,0.947048
exon_483.fasta,exon_483.tre,0.556178
exon_4834.fasta,exon_4834.tre,0.584446
exon_4835.fasta,exon_4835.tre,0.672991
exon_4838.fasta,exon_4838.tre,1.372050
exon_4839.fasta,exon_4839.tre,0.525811
exon_484.fasta,exon_484.tre,0.440620
exon_4840.fasta,exon_4840.tre,0.536260
exon_4842.fasta,exon_4842.tre,0.411115
exon_4843.fasta,exon_4843.tre,0.671070
exon_4844.fasta,exon_4844.tre,0.517314
exon_485.fasta,exon_485.tre,0.524734
exon_4851.fasta,exon_4851.tre,0.415631
exon_4852.fasta,exon_4852.tre,0.924044
exon_4857.fasta,exon_4857.tre,0.310769
exon_4860.fasta,exon_4860.tre,0.425520
exon_4863.fasta,exon_4863.tre,0.363344
exon_4865.fasta,exon_4865.tre,0.402730
exon_4872.fasta,exon_4872.tre,0.428248
exon_4877.fasta,exon_4877.tre,0.532158
exon_4879.fasta,exon_4879.tre,0.485890
exon_488.fasta,exon_488.tre,0.731923
exon_4880.fasta,exon_4880.tre,0.529996
exon_4881.fasta,exon_4881.tre,0.472040
exon_4885.fasta,exon_4885.tre,0.481019
exon_4886.fasta,exon_4886.tre,0.505157
exon_4887.fasta,exon_4887.tre,0.627476
exon_4888.fasta,exon_4888.tre,0.366544
exon_4889.fasta,exon_4889.tre,5.327760
exon_489.fasta,exon_489.tre,0.482811
exon_4892.fasta,exon_4892.tre,0.626354
exon_4893.fasta,exon_4893.tre,0.720496
exon_4895.fasta,exon_4895.tre,0.631474
exon_4897.fasta,exon_4897.tre,0.563550
exon_4900.fasta,exon_4900.tre,0.469722
exon_4902.fasta,exon_4902.tre,0.340695
exon_4903.fasta,exon_4903.tre,0.424870
exon_4904.fasta,exon_4904.tre,0.597705
exon_4905.fasta,exon_4905.tre,0.582889
exon_4906.fasta,exon_4906.tre,1.056877
exon_4907.fasta,exon_4907.tre,0.506050
exon_4910.fasta,exon_4910.tre,1.733070
exon_4912.fasta,exon_4912.tre,0.520881
exon_4914.fasta,exon_4914.tre,0.605523
exon_4916.fasta,exon_4916.tre,0.573721
exon_4917.fasta,exon_4917.tre,0.529906
exon_4919.fasta,exon_4919.tre,1.197737
exon_492.fasta,exon_492.tre,0.642748
exon_4920.fasta,exon_4920.tre,0.606637
exon_4921.fasta,exon_4921.tre,0.570968
exon_4923.fasta,exon_4923.tre,0.558448
exon_4925.fasta,exon_4925.tre,0.439545
exon_4926.fasta,exon_4926.tre,0.481749
exon_4927.fasta,exon_4927.tre,1.456688
exon_493.fasta,exon_493.tre,0.429910
exon_4930.fasta,exon_4930.tre,0.519223
exon_4931.fasta,exon_4931.tre,0.700738
exon_4932.fasta,exon_4932.tre,0.496469
exon_4933.fasta,exon_4933.tre,0.563342
exon_4934.fasta,exon_4934.tre,0.666048
exon_4939.fasta,exon_4939.tre,0.468421
exon_494.fasta,exon_494.tre,0.417037
exon_4940.fasta,exon_4940.tre,0.513806
exon_4941.fasta,exon_4941.tre,0.656466
exon_4942.fasta,exon_4942.tre,0.786842
exon_4944.fasta,exon_4944.tre,1.073651
exon_4945.fasta,exon_4945.tre,0.529351
exon_4946.fasta,exon_4946.tre,0.527436
exon_4948.fasta,exon_4948.tre,0.284250
exon_4949.fasta,exon_4949.tre,0.632062
exon_4951.fasta,exon_4951.tre,0.471292
exon_4952.fasta,exon_4952.tre,0.574001
exon_496.fasta,exon_496.tre,0.953032
exon_4963.fasta,exon_4963.tre,0.550117
exon_4965.fasta,exon_4965.tre,0.498613
exon_4966.fasta,exon_4966.tre,0.553974
exon_4968.fasta,exon_4968.tre,0.317878
exon_497.fasta,exon_497.tre,0.562974
exon_4971.fasta,exon_4971.tre,0.563329
exon_4972.fasta,exon_4972.tre,0.485066
exon_4975.fasta,exon_4975.tre,0.443226
exon_4978.fasta,exon_4978.tre,0.461137
exon_4979.fasta,exon_4979.tre,0.499030
exon_498.fasta,exon_498.tre,0.673896
exon_4981.fasta,exon_4981.tre,0.459376
exon_4982.fasta,exon_4982.tre,0.688863
exon_4984.fasta,exon_4984.tre,1.514592
exon_4987.fasta,exon_4987.tre,0.552555
exon_4989.fasta,exon_4989.tre,0.532576
exon_499.fasta,exon_499.tre,0.368852
exon_4992.fasta,exon_4992.tre,0.550743
exon_4993.fasta,exon_4993.tre,0.451578
exon_4994.fasta,exon_4994.tre,0.665169
exon_4997.fasta,exon_4997.tre,0.577114
exon_4998.fasta,exon_4998.tre,0.589793
exon_4999.fasta,exon_4999.tre,1.201671
exon_5.fasta,exon_5.tre,0.645444
exon_5001.fasta,exon_5001.tre,0.501850
exon_5002.fasta,exon_5002.tre,0.323074
exon_5003.fasta,exon_5003.tre,0.468472
exon_5004.fasta,exon_5004.tre,0.440792
exon_5006.fasta,exon_5006.tre,0.647176
exon_5007.fasta,exon_5007.tre,0.470824
exon_5008.fasta,exon_5008.tre,0.446414
exon_5009.fasta,exon_5009.tre,0.749889
exon_5013.fasta,exon_5013.tre,0.362342
exon_5014.fasta,exon_5014.tre,0.379966
exon_5015.fasta,exon_5015.tre,0.513110
exon_5016.fasta,exon_5016.tre,0.356163
exon_5017.fasta,exon_5017.tre,0.989055
exon_5018.fasta,exon_5018.tre,0.338585
exon_5020.fasta,exon_5020.tre,1.106719
exon_5022.fasta,exon_5022.tre,0.314171
exon_5023.fasta,exon_5023.tre,0.499211
exon_5027.fasta,exon_5027.tre,0.570921
exon_5028.fasta,exon_5028.tre,6.880349
exon_5029.fasta,exon_5029.tre,0.372215
exon_5030.fasta,exon_5030.tre,0.938159
exon_5031.fasta,exon_5031.tre,0.522088
exon_5032.fasta,exon_5032.tre,0.688648
exon_5036.fasta,exon_5036.tre,0.553787
exon_5037.fasta,exon_5037.tre,0.636920
exon_504.fasta,exon_504.tre,0.580415
exon_5040.fasta,exon_5040.tre,0.476942
exon_5041.fasta,exon_5041.tre,0.513041
exon_5042.fasta,exon_5042.tre,0.480410
exon_5044.fasta,exon_5044.tre,0.429003
exon_5048.fasta,exon_5048.tre,0.475105
exon_505.fasta,exon_505.tre,0.536807
exon_5050.fasta,exon_5050.tre,0.401006
exon_5051.fasta,exon_5051.tre,0.503971
exon_5052.fasta,exon_5052.tre,0.433979
exon_5053.fasta,exon_5053.tre,0.459712
exon_5054.fasta,exon_5054.tre,0.807840
exon_5056.fasta,exon_5056.tre,0.554750
exon_5060.fasta,exon_5060.tre,0.610218
exon_5063.fasta,exon_5063.tre,0.591764
exon_5064.fasta,exon_5064.tre,0.593341
exon_507.fasta,exon_507.tre,0.524121
exon_5070.fasta,exon_5070.tre,0.517301
exon_5071.fasta,exon_5071.tre,0.485548
exon_5073.fasta,exon_5073.tre,1.332953
exon_5075.fasta,exon_5075.tre,0.522179
exon_5078.fasta,exon_5078.tre,0.468628
exon_508.fasta,exon_508.tre,0.489400
exon_5084.fasta,exon_5084.tre,0.489479
exon_51.fasta,exon_51.tre,0.641791
exon_510.fasta,exon_510.tre,0.542680
exon_5103.fasta,exon_5103.tre,0.368970
exon_5104.fasta,exon_5104.tre,0.329553
exon_5107.fasta,exon_5107.tre,0.341210
exon_5109.fasta,exon_5109.tre,0.481321
exon_511.fasta,exon_511.tre,0.523992
exon_5110.fasta,exon_5110.tre,0.366356
exon_5111.fasta,exon_5111.tre,0.888947
exon_5114.fasta,exon_5114.tre,0.557819
exon_512.fasta,exon_512.tre,0.658609
exon_5124.fasta,exon_5124.tre,0.383305
exon_5131.fasta,exon_5131.tre,0.347844
exon_5134.fasta,exon_5134.tre,0.502730
exon_5136.fasta,exon_5136.tre,0.540778
exon_514.fasta,exon_514.tre,0.627420
exon_5142.fasta,exon_5142.tre,0.598649
exon_5147.fasta,exon_5147.tre,0.465057
exon_5149.fasta,exon_5149.tre,0.560521
exon_515.fasta,exon_515.tre,0.588763
exon_5159.fasta,exon_5159.tre,0.300442
exon_516.fasta,exon_516.tre,0.533717
exon_5167.fasta,exon_5167.tre,0.372312
exon_5177.fasta,exon_5177.tre,1.050301
exon_518.fasta,exon_518.tre,0.333809
exon_5180.fasta,exon_5180.tre,0.464417
exon_5183.fasta,exon_5183.tre,0.885540
exon_5184.fasta,exon_5184.tre,0.329878
exon_5188.fasta,exon_5188.tre,0.962780
exon_519.fasta,exon_519.tre,0.537137
exon_5192.fasta,exon_5192.tre,0.541936
exon_5194.fasta,exon_5194.tre,0.664165
exon_5198.fasta,exon_5198.tre,0.403680
exon_520.fasta,exon_520.tre,0.403736
exon_521.fasta,exon_521.tre,0.612258
exon_5218.fasta,exon_5218.tre,0.395875
exon_5219.fasta,exon_5219.tre,0.565535
exon_5220.fasta,exon_5220.tre,0.276992
exon_5230.fasta,exon_5230.tre,0.465873
exon_5235.fasta,exon_5235.tre,0.713430
exon_5239.fasta,exon_5239.tre,0.363278
exon_524.fasta,exon_524.tre,0.528940
exon_5240.fasta,exon_5240.tre,0.457111
exon_5243.fasta,exon_5243.tre,0.444783
exon_5246.fasta,exon_5246.tre,0.386195
exon_525.fasta,exon_525.tre,0.834024
exon_526.fasta,exon_526.tre,0.517037
exon_5264.fasta,exon_5264.tre,0.564910
exon_5268.fasta,exon_5268.tre,0.408661
exon_527.fasta,exon_527.tre,0.538748
exon_5279.fasta,exon_5279.tre,0.415107
exon_5281.fasta,exon_5281.tre,0.422812
exon_5284.fasta,exon_5284.tre,0.428180
exon_5286.fasta,exon_5286.tre,0.718083
exon_5290.fasta,exon_5290.tre,0.649146
exon_5291.fasta,exon_5291.tre,1.031908
exon_5293.fasta,exon_5293.tre,0.504666
exon_5298.fasta,exon_5298.tre,0.498198
exon_5299.fasta,exon_5299.tre,0.499554
exon_53.fasta,exon_53.tre,0.361138
exon_5303.fasta,exon_5303.tre,0.411110
exon_5309.fasta,exon_5309.tre,0.493936
exon_5311.fasta,exon_5311.tre,0.624181
exon_5315.fasta,exon_5315.tre,0.396984
exon_5318.fasta,exon_5318.tre,0.507087
exon_5320.fasta,exon_5320.tre,0.528469
exon_5326.fasta,exon_5326.tre,0.527085
exon_5329.fasta,exon_5329.tre,0.543062
exon_533.fasta,exon_533.tre,1.113141
exon_5331.fasta,exon_5331.tre,0.326417
exon_5339.fasta,exon_5339.tre,0.478052
exon_534.fasta,exon_534.tre,0.546661
exon_5353.fasta,exon_5353.tre,0.617775
exon_536.fasta,exon_536.tre,0.614686
exon_5364.fasta,exon_5364.tre,0.357291
exon_5365.fasta,exon_5365.tre,0.820432
exon_5366.fasta,exon_5366.tre,0.477590
exon_5367.fasta,exon_5367.tre,0.550832
exon_5369.fasta,exon_5369.tre,0.565601
exon_5373.fasta,exon_5373.tre,0.488410
exon_5375.fasta,exon_5375.tre,0.461474
exon_5386.fasta,exon_5386.tre,0.392240
exon_5392.fasta,exon_5392.tre,0.495655
exon_5396.fasta,exon_5396.tre,0.350345
exon_5399.fasta,exon_5399.tre,0.344149
exon_54.fasta,exon_54.tre,3.420041
exon_5400.fasta,exon_5400.tre,0.634864
exon_5407.fasta,exon_5407.tre,0.456213
exon_5410.fasta,exon_5410.tre,0.494569
exon_5411.fasta,exon_5411.tre,0.478641
exon_5419.fasta,exon_5419.tre,0.503599
exon_5420.fasta,exon_5420.tre,0.324184
exon_5425.fasta,exon_5425.tre,0.499683
exon_5432.fasta,exon_5432.tre,0.514770
exon_5449.fasta,exon_5449.tre,0.363193
exon_5453.fasta,exon_5453.tre,0.592559
exon_5460.fasta,exon_5460.tre,0.609006
exon_5462.fasta,exon_5462.tre,0.386182
exon_5464.fasta,exon_5464.tre,0.697182
exon_5469.fasta,exon_5469.tre,1.093026
exon_5472.fasta,exon_5472.tre,0.488182
exon_5481.fasta,exon_5481.tre,0.373744
exon_5483.fasta,exon_5483.tre,0.447500
exon_5489.fasta,exon_5489.tre,0.446059
exon_549.fasta,exon_549.tre,0.508352
exon_5490.fasta,exon_5490.tre,0.459855
exon_5492.fasta,exon_5492.tre,0.582676
exon_5494.fasta,exon_5494.tre,0.421243
exon_5498.fasta,exon_5498.tre,0.398686
exon_5499.fasta,exon_5499.tre,1.054595
exon_550.fasta,exon_550.tre,0.530914
exon_5504.fasta,exon_5504.tre,0.478584
exon_551.fasta,exon_551.tre,0.574299
exon_5510.fasta,exon_5510.tre,0.418375
exon_5512.fasta,exon_5512.tre,0.371245
exon_5513.fasta,exon_5513.tre,0.443506
exon_5518.fasta,exon_5518.tre,1.218985
exon_5521.fasta,exon_5521.tre,0.691939
exon_5527.fasta,exon_5527.tre,0.307583
exon_5528.fasta,exon_5528.tre,0.487136
exon_553.fasta,exon_553.tre,0.507311
exon_5530.fasta,exon_5530.tre,0.425060
exon_5531.fasta,exon_5531.tre,0.694719
exon_5532.fasta,exon_5532.tre,0.341533
exon_5536.fasta,exon_5536.tre,0.511322
exon_5539.fasta,exon_5539.tre,0.483238
exon_5541.fasta,exon_5541.tre,0.797298
exon_5543.fasta,exon_5543.tre,0.572796
exon_5545.fasta,exon_5545.tre,0.529777
exon_5546.fasta,exon_5546.tre,0.376534
exon_5547.fasta,exon_5547.tre,0.481226
exon_5548.fasta,exon_5548.tre,0.603603
exon_5549.fasta,exon_5549.tre,0.421179
exon_5553.fasta,exon_5553.tre,0.321517
exon_5554.fasta,exon_5554.tre,0.553020
exon_5559.fasta,exon_5559.tre,0.447114
exon_5561.fasta,exon_5561.tre,0.422265
exon_5562.fasta,exon_5562.tre,0.512513
exon_5565.fasta,exon_5565.tre,0.477109
exon_5566.fasta,exon_5566.tre,0.351035
exon_557.fasta,exon_557.tre,1.426054
exon_5576.fasta,exon_5576.tre,0.617594
exon_559.fasta,exon_559.tre,0.410074
exon_5596.fasta,exon_5596.tre,1.135240
exon_5597.fasta,exon_5597.tre,0.508590
exon_56.fasta,exon_56.tre,0.509361
exon_560.fasta,exon_560.tre,0.505184
exon_5602.fasta,exon_5602.tre,0.489596
exon_5606.fasta,exon_5606.tre,1.856427
exon_5610.fasta,exon_5610.tre,0.381518
exon_5613.fasta,exon_5613.tre,0.341684
exon_563.fasta,exon_563.tre,0.631255
exon_5631.fasta,exon_5631.tre,0.489954
exon_5634.fasta,exon_5634.tre,0.412302
exon_5638.fasta,exon_5638.tre,0.371985
exon_5640.fasta,exon_5640.tre,0.434625
exon_5641.fasta,exon_5641.tre,0.549694
exon_5643.fasta,exon_5643.tre,0.340204
exon_5646.fasta,exon_5646.tre,0.558199
exon_565.fasta,exon_565.tre,0.578961
exon_5650.fasta,exon_5650.tre,0.427036
exon_5654.fasta,exon_5654.tre,0.329318
exon_5656.fasta,exon_5656.tre,0.346002
exon_5658.fasta,exon_5658.tre,0.454665
exon_5664.fasta,exon_5664.tre,0.371536
exon_5667.fasta,exon_5667.tre,0.317932
exon_5670.fasta,exon_5670.tre,0.631524
exon_5675.fasta,exon_5675.tre,0.568389
exon_5681.fasta,exon_5681.tre,0.647185
exon_5683.fasta,exon_5683.tre,0.669989
exon_5686.fasta,exon_5686.tre,0.500636
exon_5689.fasta,exon_5689.tre,0.400707
exon_569.fasta,exon_569.tre,1.018908
exon_5697.fasta,exon_5697.tre,0.646566
exon_5699.fasta,exon_5699.tre,0.886304
exon_57.fasta,exon_57.tre,0.406791
exon_570.fasta,exon_570.tre,1.113710
exon_5702.fasta,exon_5702.tre,0.477869
exon_5703.fasta,exon_5703.tre,0.518992
exon_5705.fasta,exon_5705.tre,0.530674
exon_5707.fasta,exon_5707.tre,0.759100
exon_5711.fasta,exon_5711.tre,0.393820
exon_5717.fasta,exon_5717.tre,0.489675
exon_5718.fasta,exon_5718.tre,0.440464
exon_572.fasta,exon_572.tre,0.785583
exon_5722.fasta,exon_5722.tre,0.478711
exon_5725.fasta,exon_5725.tre,0.497963
exon_5727.fasta,exon_5727.tre,0.502118
exon_5731.fasta,exon_5731.tre,0.533709
exon_574.fasta,exon_574.tre,0.432872
exon_5741.fasta,exon_5741.tre,0.501970
exon_5743.fasta,exon_5743.tre,0.501690
exon_5744.fasta,exon_5744.tre,0.570128
exon_5745.fasta,exon_5745.tre,0.487583
exon_5746.fasta,exon_5746.tre,0.673363
exon_5749.fasta,exon_5749.tre,0.444439
exon_575.fasta,exon_575.tre,0.474618
exon_5750.fasta,exon_5750.tre,0.307879
exon_5754.fasta,exon_5754.tre,0.555810
exon_576.fasta,exon_576.tre,0.652183
exon_5767.fasta,exon_5767.tre,0.395972
exon_5770.fasta,exon_5770.tre,0.464582
exon_5773.fasta,exon_5773.tre,0.532937
exon_5779.fasta,exon_5779.tre,0.780286
exon_5790.fasta,exon_5790.tre,0.320383
exon_5798.fasta,exon_5798.tre,0.340162
exon_580.fasta,exon_580.tre,0.366348
exon_5802.fasta,exon_5802.tre,0.357563
exon_581.fasta,exon_581.tre,0.701234
exon_582.fasta,exon_582.tre,1.039223
exon_5822.fasta,exon_5822.tre,0.314115
exon_583.fasta,exon_583.tre,1.286080
exon_5832.fasta,exon_5832.tre,0.521048
exon_587.fasta,exon_587.tre,0.547932
exon_589.fasta,exon_589.tre,0.380807
exon_592.fasta,exon_592.tre,0.552762
exon_5925.fasta,exon_5925.tre,0.375468
exon_5939.fasta,exon_5939.tre,0.508933
exon_5941.fasta,exon_5941.tre,0.330648
exon_5943.fasta,exon_5943.tre,0.558276
exon_5955.fasta,exon_5955.tre,0.491887
exon_5956.fasta,exon_5956.tre,0.369025
exon_596.fasta,exon_596.tre,0.746059
exon_5966.fasta,exon_5966.tre,0.652202
exon_5973.fasta,exon_5973.tre,0.518842
exon_5978.fasta,exon_5978.tre,0.573014
exon_598.fasta,exon_598.tre,0.609158
exon_5985.fasta,exon_5985.tre,0.389876
exon_5986.fasta,exon_5986.tre,0.748064
exon_5987.fasta,exon_5987.tre,0.596835
exon_5988.fasta,exon_5988.tre,0.495653
exon_599.fasta,exon_599.tre,1.064027
exon_5997.fasta,exon_5997.tre,0.387938
exon_5999.fasta,exon_5999.tre,0.611258
exon_600.fasta,exon_600.tre,0.712584
exon_6003.fasta,exon_6003.tre,0.492919
exon_6004.fasta,exon_6004.tre,0.350116
exon_6005.fasta,exon_6005.tre,0.579440
exon_6006.fasta,exon_6006.tre,0.490957
exon_6007.fasta,exon_6007.tre,0.402216
exon_6008.fasta,exon_6008.tre,0.592216
exon_6009.fasta,exon_6009.tre,0.493632
exon_601.fasta,exon_601.tre,0.499827
exon_6011.fasta,exon_6011.tre,0.700134
exon_6014.fasta,exon_6014.tre,0.480495
exon_6015.fasta,exon_6015.tre,0.349528
exon_6016.fasta,exon_6016.tre,0.387810
exon_6017.fasta,exon_6017.tre,0.672357
exon_6018.fasta,exon_6018.tre,0.329481
exon_602.fasta,exon_602.tre,0.542520
exon_6020.fasta,exon_6020.tre,0.474462
exon_6025.fasta,exon_6025.tre,0.287512
exon_6029.fasta,exon_6029.tre,0.445365
exon_6035.fasta,exon_6035.tre,0.346740
exon_6038.fasta,exon_6038.tre,0.513953
exon_604.fasta,exon_604.tre,0.453153
exon_6048.fasta,exon_6048.tre,0.731842
exon_605.fasta,exon_605.tre,0.677870
exon_6054.fasta,exon_6054.tre,0.324634
exon_6058.fasta,exon_6058.tre,1.366785
exon_6062.fasta,exon_6062.tre,0.421794
exon_6065.fasta,exon_6065.tre,0.819246
exon_6067.fasta,exon_6067.tre,0.878117
exon_6069.fasta,exon_6069.tre,0.398710
exon_6070.fasta,exon_6070.tre,0.506801
exon_6073.fasta,exon_6073.tre,0.800945
exon_6074.fasta,exon_6074.tre,0.661418
exon_6075.fasta,exon_6075.tre,0.358776
exon_6078.fasta,exon_6078.tre,0.605971
exon_6083.fasta,exon_6083.tre,0.369794
exon_6088.fasta,exon_6088.tre,0.529965
exon_6089.fasta,exon_6089.tre,0.698521
exon_6090.fasta,exon_6090.tre,0.462995
exon_6098.fasta,exon_6098.tre,0.500011
exon_6101.fasta,exon_6101.tre,0.360327
exon_6103.fasta,exon_6103.tre,0.499681
exon_6109.fasta,exon_6109.tre,0.734439
exon_611.fasta,exon_611.tre,0.628884
exon_6110.fasta,exon_6110.tre,0.511096
exon_6115.fasta,exon_6115.tre,0.631530
exon_6117.fasta,exon_6117.tre,1.435001
exon_6118.fasta,exon_6118.tre,0.526355
exon_6119.fasta,exon_6119.tre,0.430094
exon_6120.fasta,exon_6120.tre,2.202599
exon_6122.fasta,exon_6122.tre,0.532255
exon_6128.fasta,exon_6128.tre,0.488945
exon_6130.fasta,exon_6130.tre,0.430764
exon_6136.fasta,exon_6136.tre,0.452432
exon_6140.fasta,exon_6140.tre,0.547258
exon_6142.fasta,exon_6142.tre,0.626910
exon_6144.fasta,exon_6144.tre,0.363297
exon_6153.fasta,exon_6153.tre,0.702691
exon_6155.fasta,exon_6155.tre,0.990894
exon_6156.fasta,exon_6156.tre,0.447655
exon_6157.fasta,exon_6157.tre,0.516157
exon_6158.fasta,exon_6158.tre,7.439493
exon_6160.fasta,exon_6160.tre,0.449130
exon_6162.fasta,exon_6162.tre,0.858852
exon_617.fasta,exon_617.tre,0.343620
exon_6172.fasta,exon_6172.tre,0.664276
exon_6173.fasta,exon_6173.tre,0.290355
exon_6181.fasta,exon_6181.tre,0.685769
exon_6182.fasta,exon_6182.tre,0.368104
exon_6184.fasta,exon_6184.tre,0.511255
exon_6185.fasta,exon_6185.tre,0.416140
exon_6189.fasta,exon_6189.tre,0.958824
exon_619.fasta,exon_619.tre,0.474059
exon_6191.fasta,exon_6191.tre,0.958478
exon_62.fasta,exon_62.tre,0.401928
exon_620.fasta,exon_620.tre,0.748326
exon_6200.fasta,exon_6200.tre,0.430255
exon_6201.fasta,exon_6201.tre,0.502547
exon_6208.fasta,exon_6208.tre,0.416897
exon_6209.fasta,exon_6209.tre,0.310669
exon_621.fasta,exon_621.tre,0.939785
exon_6211.fasta,exon_6211.tre,0.962236
exon_6214.fasta,exon_6214.tre,0.452677
exon_6217.fasta,exon_6217.tre,0.632005
exon_622.fasta,exon_622.tre,1.481290
exon_6222.fasta,exon_6222.tre,0.943083
exon_6230.fasta,exon_6230.tre,0.683363
exon_6231.fasta,exon_6231.tre,0.489309
exon_6232.fasta,exon_6232.tre,0.366425
exon_6235.fasta,exon_6235.tre,0.520894
exon_6236.fasta,exon_6236.tre,0.601211
exon_6237.fasta,exon_6237.tre,0.505765
exon_6238.fasta,exon_6238.tre,0.764544
exon_6242.fasta,exon_6242.tre,0.555330
exon_6244.fasta,exon_6244.tre,0.348089
exon_6246.fasta,exon_6246.tre,0.532668
exon_6249.fasta,exon_6249.tre,2.850367
exon_6253.fasta,exon_6253.tre,0.430140
exon_6254.fasta,exon_6254.tre,0.469403
exon_6255.fasta,exon_6255.tre,0.314983
exon_6256.fasta,exon_6256.tre,0.356597
exon_6259.fasta,exon_6259.tre,0.528420
exon_6260.fasta,exon_6260.tre,0.493790
exon_6269.fasta,exon_6269.tre,0.460893
exon_627.fasta,exon_627.tre,0.499434
exon_6270.fasta,exon_6270.tre,0.425358
exon_6272.fasta,exon_6272.tre,0.456950
exon_6275.fasta,exon_6275.tre,0.323469
exon_6278.fasta,exon_6278.tre,0.500877
exon_6284.fasta,exon_6284.tre,0.336648
exon_6288.fasta,exon_6288.tre,0.313023
exon_629.fasta,exon_629.tre,0.514473
exon_6300.fasta,exon_6300.tre,0.419100
exon_631.fasta,exon_631.tre,2.278422
exon_6310.fasta,exon_6310.tre,0.427352
exon_6317.fasta,exon_6317.tre,0.547765
exon_6318.fasta,exon_6318.tre,0.419974
exon_632.fasta,exon_632.tre,0.654044
exon_6320.fasta,exon_6320.tre,0.628384
exon_6325.fasta,exon_6325.tre,0.341568
exon_6329.fasta,exon_6329.tre,0.561554
exon_633.fasta,exon_633.tre,0.542666
exon_6330.fasta,exon_6330.tre,0.319865
exon_6333.fasta,exon_6333.tre,0.381634
exon_6339.fasta,exon_6339.tre,0.442080
exon_634.fasta,exon_634.tre,0.700206
exon_6343.fasta,exon_6343.tre,0.509084
exon_6346.fasta,exon_6346.tre,0.596128
exon_6348.fasta,exon_6348.tre,0.469826
exon_635.fasta,exon_635.tre,0.692258
exon_6351.fasta,exon_6351.tre,0.595838
exon_6357.fasta,exon_6357.tre,0.578612
exon_636.fasta,exon_636.tre,0.492169
exon_6367.fasta,exon_6367.tre,0.632522
exon_6368.fasta,exon_6368.tre,0.325667
exon_6369.fasta,exon_6369.tre,1.181330
exon_6372.fasta,exon_6372.tre,0.487545
exon_6376.fasta,exon_6376.tre,0.578222
exon_6378.fasta,exon_6378.tre,0.350637
exon_6384.fasta,exon_6384.tre,0.612794
exon_6386.fasta,exon_6386.tre,0.477077
exon_6389.fasta,exon_6389.tre,0.453095
exon_639.fasta,exon_639.tre,0.490101
exon_6396.fasta,exon_6396.tre,0.394064
exon_64.fasta,exon_64.tre,0.670479
exon_640.fasta,exon_640.tre,0.572588
exon_6401.fasta,exon_6401.tre,0.314029
exon_6403.fasta,exon_6403.tre,0.796032
exon_6406.fasta,exon_6406.tre,0.496630
exon_6408.fasta,exon_6408.tre,0.427599
exon_641.fasta,exon_641.tre,0.731638
exon_6411.fasta,exon_6411.tre,0.489770
exon_6418.fasta,exon_6418.tre,0.547021
exon_642.fasta,exon_642.tre,0.613187
exon_6424.fasta,exon_6424.tre,1.622942
exon_6425.fasta,exon_6425.tre,0.488436
exon_6429.fasta,exon_6429.tre,0.402320
exon_643.fasta,exon_643.tre,1.177408
exon_6433.fasta,exon_6433.tre,0.362979
exon_6435.fasta,exon_6435.tre,0.511735
exon_6437.fasta,exon_6437.tre,0.619209
exon_644.fasta,exon_644.tre,0.813631
exon_6441.fasta,exon_6441.tre,0.523469
exon_6446.fasta,exon_6446.tre,0.301605
exon_6448.fasta,exon_6448.tre,0.556749
exon_6449.fasta,exon_6449.tre,1.656292
exon_6455.fasta,exon_6455.tre,0.627362
exon_6457.fasta,exon_6457.tre,0.414356
exon_646.fasta,exon_646.tre,0.743548
exon_6462.fasta,exon_6462.tre,0.586998
exon_6463.fasta,exon_6463.tre,0.843293
exon_6475.fasta,exon_6475.tre,1.647199
exon_6476.fasta,exon_6476.tre,0.349735
exon_648.fasta,exon_648.tre,0.462901
exon_6480.fasta,exon_6480.tre,0.533843
exon_6481.fasta,exon_6481.tre,0.498673
exon_6487.fasta,exon_6487.tre,0.345428
exon_6490.fasta,exon_6490.tre,0.370509
exon_6491.fasta,exon_6491.tre,0.286958
exon_6492.fasta,exon_6492.tre,0.317273
exon_6493.fasta,exon_6493.tre,0.305112
exon_6494.fasta,exon_6494.tre,0.517821
exon_6495.fasta,exon_6495.tre,0.353353
exon_6499.fasta,exon_6499.tre,0.500733
exon_6501.fasta,exon_6501.tre,0.328112
exon_6502.fasta,exon_6502.tre,0.836943
exon_6505.fasta,exon_6505.tre,0.395841
exon_6509.fasta,exon_6509.tre,0.660889
exon_6512.fasta,exon_6512.tre,0.361789
exon_6513.fasta,exon_6513.tre,0.659950
exon_6517.fasta,exon_6517.tre,0.613172
exon_6521.fasta,exon_6521.tre,0.940566
exon_6522.fasta,exon_6522.tre,0.585574
exon_6525.fasta,exon_6525.tre,0.419003
exon_6527.fasta,exon_6527.tre,0.472321
exon_6528.fasta,exon_6528.tre,0.484767
exon_6529.fasta,exon_6529.tre,0.484966
exon_653.fasta,exon_653.tre,0.574426
exon_6530.fasta,exon_6530.tre,0.423295
exon_6536.fasta,exon_6536.tre,0.562907
exon_6539.fasta,exon_6539.tre,0.404024
exon_6540.fasta,exon_6540.tre,0.471571
exon_6541.fasta,exon_6541.tre,0.574208
exon_6546.fasta,exon_6546.tre,0.663720
exon_6551.fasta,exon_6551.tre,0.463735
exon_6552.fasta,exon_6552.tre,1.047243
exon_6555.fasta,exon_6555.tre,1.062558
exon_6559.fasta,exon_6559.tre,0.654963
exon_6560.fasta,exon_6560.tre,1.882411
exon_6562.fasta,exon_6562.tre,1.099157
exon_6569.fasta,exon_6569.tre,0.524155
exon_657.fasta,exon_657.tre,0.496259
exon_659.fasta,exon_659.tre,0.523364
exon_6592.fasta,exon_6592.tre,0.691308
exon_6600.fasta,exon_6600.tre,0.826657
exon_6605.fasta,exon_6605.tre,0.488490
exon_6609.fasta,exon_6609.tre,0.378973
exon_661.fasta,exon_661.tre,0.548445
exon_6614.fasta,exon_6614.tre,0.381637
exon_6618.fasta,exon_6618.tre,0.554797
exon_662.fasta,exon_662.tre,0.692287
exon_6625.fasta,exon_6625.tre,0.501862
exon_6626.fasta,exon_6626.tre,0.565718
exon_6627.fasta,exon_6627.tre,0.699489
exon_6628.fasta,exon_6628.tre,0.361485
exon_6629.fasta,exon_6629.tre,0.548129
exon_663.fasta,exon_663.tre,1.215944
exon_6632.fasta,exon_6632.tre,0.492116
exon_6634.fasta,exon_6634.tre,0.521904
exon_6635.fasta,exon_6635.tre,0.684547
exon_664.fasta,exon_664.tre,0.469325
exon_6642.fasta,exon_6642.tre,0.289084
exon_6647.fasta,exon_6647.tre,0.598457
exon_6649.fasta,exon_6649.tre,0.458667
exon_665.fasta,exon_665.tre,0.728171
exon_6650.fasta,exon_6650.tre,0.951628
exon_6659.fasta,exon_6659.tre,0.435791
exon_6660.fasta,exon_6660.tre,0.848639
exon_6665.fasta,exon_6665.tre,0.367855
exon_6666.fasta,exon_6666.tre,0.619766
exon_6672.fasta,exon_6672.tre,0.352046
exon_6673.fasta,exon_6673.tre,0.735766
exon_6677.fasta,exon_6677.tre,0.444382
exon_6679.fasta,exon_6679.tre,0.323827
exon_6680.fasta,exon_6680.tre,0.644148
exon_6688.fasta,exon_6688.tre,0.548823
exon_6689.fasta,exon_6689.tre,0.337655
exon_6690.fasta,exon_6690.tre,0.442258
exon_6696.fasta,exon_6696.tre,0.957536
exon_6697.fasta,exon_6697.tre,0.476650
exon_670.fasta,exon_670.tre,0.688063
exon_6704.fasta,exon_6704.tre,0.425274
exon_671.fasta,exon_671.tre,3.018810
exon_6712.fasta,exon_6712.tre,0.960186
exon_6714.fasta,exon_6714.tre,0.829349
exon_6720.fasta,exon_6720.tre,0.524253
exon_6723.fasta,exon_6723.tre,0.641143
exon_6725.fasta,exon_6725.tre,1.463287
exon_6728.fasta,exon_6728.tre,0.503511
exon_6730.fasta,exon_6730.tre,0.479953
exon_6731.fasta,exon_6731.tre,0.676804
exon_6732.fasta,exon_6732.tre,0.463557
exon_6739.fasta,exon_6739.tre,0.541313
exon_674.fasta,exon_674.tre,0.674069
exon_6740.fasta,exon_6740.tre,0.883035
exon_6743.fasta,exon_6743.tre,1.052805
exon_6745.fasta,exon_6745.tre,0.406079
exon_6747.fasta,exon_6747.tre,0.791930
exon_675.fasta,exon_675.tre,0.499842
exon_6753.fasta,exon_6753.tre,0.615924
exon_676.fasta,exon_676.tre,0.537056
exon_6762.fasta,exon_6762.tre,0.445148
exon_6763.fasta,exon_6763.tre,0.449092
exon_6766.fasta,exon_6766.tre,0.537696
exon_6767.fasta,exon_6767.tre,0.506134
exon_677.fasta,exon_677.tre,0.723064
exon_6770.fasta,exon_6770.tre,0.340049
exon_6771.fasta,exon_6771.tre,0.348400
exon_6773.fasta,exon_6773.tre,0.480598
exon_6774.fasta,exon_6774.tre,0.558578
exon_6777.fasta,exon_6777.tre,0.396289
exon_678.fasta,exon_678.tre,0.401706
exon_6786.fasta,exon_6786.tre,0.830579
exon_6791.fasta,exon_6791.tre,0.453720
exon_6794.fasta,exon_6794.tre,0.374400
exon_6795.fasta,exon_6795.tre,0.375355
exon_6808.fasta,exon_6808.tre,0.429817
exon_6810.fasta,exon_6810.tre,0.357552
exon_6811.fasta,exon_6811.tre,2.564113
exon_6812.fasta,exon_6812.tre,0.386962
exon_6813.fasta,exon_6813.tre,0.387453
exon_6818.fasta,exon_6818.tre,0.423700
exon_682.fasta,exon_682.tre,0.551071
exon_6830.fasta,exon_6830.tre,0.379606
exon_6835.fasta,exon_6835.tre,0.735601
exon_6836.fasta,exon_6836.tre,0.510820
exon_6837.fasta,exon_6837.tre,0.688036
exon_6838.fasta,exon_6838.tre,0.605351
exon_6839.fasta,exon_6839.tre,0.526766
exon_684.fasta,exon_684.tre,0.836505
exon_6841.fasta,exon_6841.tre,0.472328
exon_6848.fasta,exon_6848.tre,0.641580
exon_6849.fasta,exon_6849.tre,0.441792
exon_6850.fasta,exon_6850.tre,0.414195
exon_6851.fasta,exon_6851.tre,0.484377
exon_6852.fasta,exon_6852.tre,0.495300
exon_6854.fasta,exon_6854.tre,0.874612
exon_6857.fasta,exon_6857.tre,0.794365
exon_6859.fasta,exon_6859.tre,0.571074
exon_686.fasta,exon_686.tre,0.570963
exon_6861.fasta,exon_6861.tre,0.351805
exon_6869.fasta,exon_6869.tre,0.455291
exon_687.fasta,exon_687.tre,0.661549
exon_6874.fasta,exon_6874.tre,0.530734
exon_6878.fasta,exon_6878.tre,0.948483
exon_688.fasta,exon_688.tre,0.487524
exon_6884.fasta,exon_6884.tre,0.722000
exon_6903.fasta,exon_6903.tre,0.522749
exon_6913.fasta,exon_6913.tre,0.449355
exon_692.fasta,exon_692.tre,1.003090
exon_6928.fasta,exon_6928.tre,0.556980
exon_6929.fasta,exon_6929.tre,0.615277
exon_693.fasta,exon_693.tre,0.549537
exon_6934.fasta,exon_6934.tre,0.398179
exon_6939.fasta,exon_6939.tre,0.399128
exon_695.fasta,exon_695.tre,1.455039
exon_6951.fasta,exon_6951.tre,0.682620
exon_6956.fasta,exon_6956.tre,0.364355
exon_6964.fasta,exon_6964.tre,1.700683
exon_6966.fasta,exon_6966.tre,0.473109
exon_6969.fasta,exon_6969.tre,0.514726
exon_697.fasta,exon_697.tre,0.613488
exon_6970.fasta,exon_6970.tre,0.904678
exon_6973.fasta,exon_6973.tre,2.358567
exon_6974.fasta,exon_6974.tre,0.320898
exon_699.fasta,exon_699.tre,1.124022
exon_6991.fasta,exon_6991.tre,0.385473
exon_6995.fasta,exon_6995.tre,0.353548
exon_6999.fasta,exon_6999.tre,0.333821
exon_700.fasta,exon_700.tre,0.622014
exon_7006.fasta,exon_7006.tre,0.404672
exon_7011.fasta,exon_7011.tre,0.319809
exon_702.fasta,exon_702.tre,0.534816
exon_7020.fasta,exon_7020.tre,0.447056
exon_7023.fasta,exon_7023.tre,0.637992
exon_7028.fasta,exon_7028.tre,0.847614
exon_703.fasta,exon_703.tre,1.824833
exon_7031.fasta,exon_7031.tre,0.468542
exon_7032.fasta,exon_7032.tre,0.333905
exon_7046.fasta,exon_7046.tre,0.991646
exon_705.fasta,exon_705.tre,1.003310
exon_7052.fasta,exon_7052.tre,1.012253
exon_7053.fasta,exon_7053.tre,0.607383
exon_7058.fasta,exon_7058.tre,0.555431
exon_7059.fasta,exon_7059.tre,0.488258
exon_7062.fasta,exon_7062.tre,0.395751
exon_7074.fasta,exon_7074.tre,0.445604
exon_7079.fasta,exon_7079.tre,0.561240
exon_7095.fasta,exon_7095.tre,0.473686
exon_710.fasta,exon_710.tre,0.510426
exon_711.fasta,exon_711.tre,0.568497
exon_7111.fasta,exon_7111.tre,0.347370
exon_7113.fasta,exon_7113.tre,0.559906
exon_7115.fasta,exon_7115.tre,0.401531
exon_7116.fasta,exon_7116.tre,0.502969
exon_7117.fasta,exon_7117.tre,0.406341
exon_712.fasta,exon_712.tre,0.693152
exon_7121.fasta,exon_7121.tre,0.367125
exon_7122.fasta,exon_7122.tre,0.443549
exon_7124.fasta,exon_7124.tre,0.485079
exon_7126.fasta,exon_7126.tre,0.519011
exon_7127.fasta,exon_7127.tre,0.360808
exon_7132.fasta,exon_7132.tre,0.505925
exon_7136.fasta,exon_7136.tre,0.465589
exon_7140.fasta,exon_7140.tre,0.440881
exon_7141.fasta,exon_7141.tre,0.595071
exon_7143.fasta,exon_7143.tre,1.735808
exon_7147.fasta,exon_7147.tre,0.526243
exon_715.fasta,exon_715.tre,0.839538
exon_7150.fasta,exon_7150.tre,0.466715
exon_7152.fasta,exon_7152.tre,0.554793
exon_7158.fasta,exon_7158.tre,0.383229
exon_7160.fasta,exon_7160.tre,0.721053
exon_7162.fasta,exon_7162.tre,0.374810
exon_7164.fasta,exon_7164.tre,2.160882
exon_7165.fasta,exon_7165.tre,0.424443
exon_7166.fasta,exon_7166.tre,0.282693
exon_7168.fasta,exon_7168.tre,0.535500
exon_7169.fasta,exon_7169.tre,0.360224
exon_717.fasta,exon_717.tre,0.684337
exon_7171.fasta,exon_7171.tre,0.509900
exon_7172.fasta,exon_7172.tre,1.122902
exon_7173.fasta,exon_7173.tre,0.758569
exon_7174.fasta,exon_7174.tre,0.640580
exon_7178.fasta,exon_7178.tre,0.399369
exon_7184.fasta,exon_7184.tre,0.351136
exon_7186.fasta,exon_7186.tre,0.481594
exon_7189.fasta,exon_7189.tre,0.620504
exon_7192.fasta,exon_7192.tre,0.506984
exon_7193.fasta,exon_7193.tre,0.638884
exon_7194.fasta,exon_7194.tre,0.672580
exon_7197.fasta,exon_7197.tre,0.340032
exon_7201.fasta,exon_7201.tre,0.630051
exon_7203.fasta,exon_7203.tre,0.700282
exon_7204.fasta,exon_7204.tre,0.577487
exon_7205.fasta,exon_7205.tre,0.320813
exon_7206.fasta,exon_7206.tre,0.687894
exon_721.fasta,exon_721.tre,0.546604
exon_7210.fasta,exon_7210.tre,0.297095
exon_7211.fasta,exon_7211.tre,0.484505
exon_7214.fasta,exon_7214.tre,0.671133
exon_7217.fasta,exon_7217.tre,0.448582
exon_7218.fasta,exon_7218.tre,0.491367
exon_7219.fasta,exon_7219.tre,0.499896
exon_722.fasta,exon_722.tre,0.810527
exon_7221.fasta,exon_7221.tre,0.700716
exon_7223.fasta,exon_7223.tre,0.629149
exon_7224.fasta,exon_7224.tre,0.369474
exon_7226.fasta,exon_7226.tre,0.556161
exon_7227.fasta,exon_7227.tre,0.376018
exon_7228.fasta,exon_7228.tre,0.475236
exon_7230.fasta,exon_7230.tre,1.058087
exon_7231.fasta,exon_7231.tre,0.349857
exon_7232.fasta,exon_7232.tre,0.550356
exon_7233.fasta,exon_7233.tre,0.417841
exon_7234.fasta,exon_7234.tre,0.676919
exon_7236.fasta,exon_7236.tre,0.998933
exon_7237.fasta,exon_7237.tre,0.510129
exon_724.fasta,exon_724.tre,0.650023
exon_7240.fasta,exon_7240.tre,0.377280
exon_7241.fasta,exon_7241.tre,0.362171
exon_7242.fasta,exon_7242.tre,0.672417
exon_7245.fasta,exon_7245.tre,0.404747
exon_7246.fasta,exon_7246.tre,0.422421
exon_7247.fasta,exon_7247.tre,0.502084
exon_7248.fasta,exon_7248.tre,0.580679
exon_7249.fasta,exon_7249.tre,0.572605
exon_725.fasta,exon_725.tre,0.470020
exon_7251.fasta,exon_7251.tre,0.511100
exon_7253.fasta,exon_7253.tre,0.436157
exon_7254.fasta,exon_7254.tre,0.556253
exon_7257.fasta,exon_7257.tre,0.372195
exon_7258.fasta,exon_7258.tre,1.437133
exon_7261.fasta,exon_7261.tre,0.532222
exon_7262.fasta,exon_7262.tre,0.776332
exon_7263.fasta,exon_7263.tre,0.551634
exon_7264.fasta,exon_7264.tre,0.677725
exon_7268.fasta,exon_7268.tre,0.468964
exon_7271.fasta,exon_7271.tre,0.703986
exon_7272.fasta,exon_7272.tre,0.849733
exon_7274.fasta,exon_7274.tre,0.482399
exon_7276.fasta,exon_7276.tre,0.362411
exon_7278.fasta,exon_7278.tre,0.554762
exon_7279.fasta,exon_7279.tre,0.503309
exon_7280.fasta,exon_7280.tre,0.416337
exon_7281.fasta,exon_7281.tre,0.370872
exon_7283.fasta,exon_7283.tre,0.647993
exon_7284.fasta,exon_7284.tre,0.413285
exon_7285.fasta,exon_7285.tre,0.578646
exon_7287.fasta,exon_7287.tre,0.513218
exon_729.fasta,exon_729.tre,0.586587
exon_7291.fasta,exon_7291.tre,0.484866
exon_7292.fasta,exon_7292.tre,0.913631
exon_7293.fasta,exon_7293.tre,0.332948
exon_7294.fasta,exon_7294.tre,0.479920
exon_7295.fasta,exon_7295.tre,0.504901
exon_7296.fasta,exon_7296.tre,1.140824
exon_7298.fasta,exon_7298.tre,0.436610
exon_7299.fasta,exon_7299.tre,0.706513
exon_730.fasta,exon_730.tre,0.515012
exon_7300.fasta,exon_7300.tre,0.628664
exon_7302.fasta,exon_7302.tre,0.451269
exon_7303.fasta,exon_7303.tre,0.583979
exon_7304.fasta,exon_7304.tre,0.537710
exon_7306.fasta,exon_7306.tre,0.506302
exon_7309.fasta,exon_7309.tre,0.409005
exon_7311.fasta,exon_7311.tre,0.503978
exon_7314.fasta,exon_7314.tre,0.549852
exon_7316.fasta,exon_7316.tre,0.497097
exon_7317.fasta,exon_7317.tre,0.647276
exon_732.fasta,exon_732.tre,0.465703
exon_7320.fasta,exon_7320.tre,0.561704
exon_7322.fasta,exon_7322.tre,0.524223
exon_7323.fasta,exon_7323.tre,0.509248
exon_7325.fasta,exon_7325.tre,0.555650
exon_733.fasta,exon_733.tre,0.578829
exon_7330.fasta,exon_7330.tre,0.311616
exon_7331.fasta,exon_7331.tre,0.434818
exon_7341.fasta,exon_7341.tre,0.561250
exon_7342.fasta,exon_7342.tre,0.679727
exon_7343.fasta,exon_7343.tre,0.368124
exon_7344.fasta,exon_7344.tre,0.673042
exon_7346.fasta,exon_7346.tre,0.627837
exon_7347.fasta,exon_7347.tre,0.499597
exon_7348.fasta,exon_7348.tre,0.332361
exon_7349.fasta,exon_7349.tre,1.362927
exon_7350.fasta,exon_7350.tre,0.517922
exon_7351.fasta,exon_7351.tre,0.450055
exon_7352.fasta,exon_7352.tre,0.635068
exon_7354.fasta,exon_7354.tre,0.618431
exon_7359.fasta,exon_7359.tre,0.607928
exon_736.fasta,exon_736.tre,3.426138
exon_7360.fasta,exon_7360.tre,0.857849
exon_7362.fasta,exon_7362.tre,0.634062
exon_7364.fasta,exon_7364.tre,0.342675
exon_7366.fasta,exon_7366.tre,0.598662
exon_7367.fasta,exon_7367.tre,0.643735
exon_737.fasta,exon_737.tre,3.454973
exon_7371.fasta,exon_7371.tre,0.746191
exon_7372.fasta,exon_7372.tre,0.275304
exon_7373.fasta,exon_7373.tre,0.448104
exon_7377.fasta,exon_7377.tre,0.634172
exon_7378.fasta,exon_7378.tre,0.470074
exon_7380.fasta,exon_7380.tre,0.818277
exon_7382.fasta,exon_7382.tre,0.394297
exon_7383.fasta,exon_7383.tre,0.529265
exon_7385.fasta,exon_7385.tre,0.336625
exon_7386.fasta,exon_7386.tre,0.376396
exon_7387.fasta,exon_7387.tre,0.636518
exon_7389.fasta,exon_7389.tre,0.685386
exon_7390.fasta,exon_7390.tre,0.604541
exon_7391.fasta,exon_7391.tre,0.459680
exon_7392.fasta,exon_7392.tre,0.557014
exon_7395.fasta,exon_7395.tre,0.491544
exon_7396.fasta,exon_7396.tre,0.450740
exon_7397.fasta,exon_7397.tre,0.958329
exon_7398.fasta,exon_7398.tre,0.425868
exon_7399.fasta,exon_7399.tre,0.491350
exon_74.fasta,exon_74.tre,0.338856
exon_740.fasta,exon_740.tre,1.213124
exon_7401.fasta,exon_7401.tre,0.639335
exon_7403.fasta,exon_7403.tre,0.531562
exon_7405.fasta,exon_7405.tre,1.403365
exon_7406.fasta,exon_7406.tre,0.943255
exon_7409.fasta,exon_7409.tre,0.522299
exon_741.fasta,exon_741.tre,0.794223
exon_7410.fasta,exon_7410.tre,0.545961
exon_7411.fasta,exon_7411.tre,0.497216
exon_7412.fasta,exon_7412.tre,0.923893
exon_7413.fasta,exon_7413.tre,0.551348
exon_7414.fasta,exon_7414.tre,0.627457
exon_7415.fasta,exon_7415.tre,0.545685
exon_7417.fasta,exon_7417.tre,0.378735
exon_742.fasta,exon_742.tre,6.202048
exon_7421.fasta,exon_7421.tre,1.007707
exon_7422.fasta,exon_7422.tre,0.422838
exon_7424.fasta,exon_7424.tre,0.612503
exon_7425.fasta,exon_7425.tre,0.595701
exon_7427.fasta,exon_7427.tre,1.012381
exon_7428.fasta,exon_7428.tre,0.543190
exon_7431.fasta,exon_7431.tre,1.759822
exon_7432.fasta,exon_7432.tre,1.154204
exon_7433.fasta,exon_7433.tre,0.467521
exon_7434.fasta,exon_7434.tre,0.426652
exon_7435.fasta,exon_7435.tre,0.507411
exon_7438.fasta,exon_7438.tre,0.695292
exon_7439.fasta,exon_7439.tre,0.638209
exon_744.fasta,exon_744.tre,0.551676
exon_7440.fasta,exon_7440.tre,0.389985
exon_7441.fasta,exon_7441.tre,0.559947
exon_7442.fasta,exon_7442.tre,0.711314
exon_7443.fasta,exon_7443.tre,0.513598
exon_7445.fasta,exon_7445.tre,0.560595
exon_7446.fasta,exon_7446.tre,0.352334
exon_7448.fasta,exon_7448.tre,0.483191
exon_745.fasta,exon_745.tre,0.378927
exon_7454.fasta,exon_7454.tre,2.009354
exon_7455.fasta,exon_7455.tre,0.500220
exon_7456.fasta,exon_7456.tre,0.529866
exon_7457.fasta,exon_7457.tre,0.542547
exon_7458.fasta,exon_7458.tre,0.430264
exon_7459.fasta,exon_7459.tre,0.715717
exon_746.fasta,exon_746.tre,0.590890
exon_7461.fasta,exon_7461.tre,0.529234
exon_7462.fasta,exon_7462.tre,0.555837
exon_7463.fasta,exon_7463.tre,0.409486
exon_7464.fasta,exon_7464.tre,0.515095
exon_7467.fasta,exon_7467.tre,0.414688
exon_7468.fasta,exon_7468.tre,0.504358
exon_7469.fasta,exon_7469.tre,0.476176
exon_747.fasta,exon_747.tre,2.446073
exon_7471.fasta,exon_7471.tre,0.540114
exon_7472.fasta,exon_7472.tre,0.550105
exon_7474.fasta,exon_7474.tre,0.478908
exon_7475.fasta,exon_7475.tre,0.350361
exon_7476.fasta,exon_7476.tre,0.498055
exon_7477.fasta,exon_7477.tre,0.619146
exon_7479.fasta,exon_7479.tre,0.421978
exon_748.fasta,exon_748.tre,0.578178
exon_7480.fasta,exon_7480.tre,0.404036
exon_7481.fasta,exon_7481.tre,0.638466
exon_7482.fasta,exon_7482.tre,1.017249
exon_7483.fasta,exon_7483.tre,0.601686
exon_7484.fasta,exon_7484.tre,0.481372
exon_7485.fasta,exon_7485.tre,0.779366
exon_7486.fasta,exon_7486.tre,0.404268
exon_7487.fasta,exon_7487.tre,0.391845
exon_7488.fasta,exon_7488.tre,0.343425
exon_749.fasta,exon_749.tre,0.413125
exon_7490.fasta,exon_7490.tre,0.367034
exon_7491.fasta,exon_7491.tre,0.707582
exon_7492.fasta,exon_7492.tre,0.537322
exon_7493.fasta,exon_7493.tre,0.536318
exon_7494.fasta,exon_7494.tre,0.642514
exon_7495.fasta,exon_7495.tre,0.314531
exon_7496.fasta,exon_7496.tre,0.596575
exon_7498.fasta,exon_7498.tre,0.571885
exon_7499.fasta,exon_7499.tre,0.665722
exon_7500.fasta,exon_7500.tre,0.508065
exon_7501.fasta,exon_7501.tre,0.496490
exon_7503.fasta,exon_7503.tre,0.478055
exon_7505.fasta,exon_7505.tre,0.358790
exon_7506.fasta,exon_7506.tre,0.584338
exon_7507.fasta,exon_7507.tre,0.642575
exon_7508.fasta,exon_7508.tre,0.319103
exon_751.fasta,exon_751.tre,0.454462
exon_7512.fasta,exon_7512.tre,0.405718
exon_7515.fasta,exon_7515.tre,0.480412
exon_7517.fasta,exon_7517.tre,0.355489
exon_7518.fasta,exon_7518.tre,0.537067
exon_7519.fasta,exon_7519.tre,0.654452
exon_7520.fasta,exon_7520.tre,0.619927
exon_7521.fasta,exon_7521.tre,0.403324
exon_7522.fasta,exon_7522.tre,0.537827
exon_7523.fasta,exon_7523.tre,0.690169
exon_7524.fasta,exon_7524.tre,0.595445
exon_7525.fasta,exon_7525.tre,0.390122
exon_7526.fasta,exon_7526.tre,0.581319
exon_7527.fasta,exon_7527.tre,0.322977
exon_7528.fasta,exon_7528.tre,0.506663
exon_7529.fasta,exon_7529.tre,0.582685
exon_7530.fasta,exon_7530.tre,0.408318
exon_7531.fasta,exon_7531.tre,0.489354
exon_7532.fasta,exon_7532.tre,1.164769
exon_7534.fasta,exon_7534.tre,0.655788
exon_7535.fasta,exon_7535.tre,0.403189
exon_7537.fasta,exon_7537.tre,0.511824
exon_7538.fasta,exon_7538.tre,0.420058
exon_7539.fasta,exon_7539.tre,0.313432
exon_7540.fasta,exon_7540.tre,0.523810
exon_7542.fasta,exon_7542.tre,0.403035
exon_7545.fasta,exon_7545.tre,1.160393
exon_7546.fasta,exon_7546.tre,0.658338
exon_7547.fasta,exon_7547.tre,0.499219
exon_7548.fasta,exon_7548.tre,1.449617
exon_755.fasta,exon_755.tre,0.467197
exon_7550.fasta,exon_7550.tre,0.677481
exon_7551.fasta,exon_7551.tre,0.669648
exon_7552.fasta,exon_7552.tre,0.493302
exon_7554.fasta,exon_7554.tre,0.327614
exon_7555.fasta,exon_7555.tre,0.542552
exon_7556.fasta,exon_7556.tre,0.429813
exon_7557.fasta,exon_7557.tre,0.566648
exon_7558.fasta,exon_7558.tre,0.459711
exon_7559.fasta,exon_7559.tre,0.517178
exon_756.fasta,exon_756.tre,0.915287
exon_7560.fasta,exon_7560.tre,1.783720
exon_7561.fasta,exon_7561.tre,0.371072
exon_7565.fasta,exon_7565.tre,0.439614
exon_7566.fasta,exon_7566.tre,0.603036
exon_7567.fasta,exon_7567.tre,0.480381
exon_7569.fasta,exon_7569.tre,0.604036
exon_7570.fasta,exon_7570.tre,0.362603
exon_7571.fasta,exon_7571.tre,0.488532
exon_7573.fasta,exon_7573.tre,0.479571
exon_7574.fasta,exon_7574.tre,0.626276
exon_7575.fasta,exon_7575.tre,0.660479
exon_7577.fasta,exon_7577.tre,0.686369
exon_7578.fasta,exon_7578.tre,0.425347
exon_7582.fasta,exon_7582.tre,0.371602
exon_7583.fasta,exon_7583.tre,0.434211
exon_7584.fasta,exon_7584.tre,0.574568
exon_7586.fasta,exon_7586.tre,0.534478
exon_7587.fasta,exon_7587.tre,0.556570
exon_7589.fasta,exon_7589.tre,0.421662
exon_7590.fasta,exon_7590.tre,0.995842
exon_7591.fasta,exon_7591.tre,0.403336
exon_7593.fasta,exon_7593.tre,0.711347
exon_7594.fasta,exon_7594.tre,0.379325
exon_7595.fasta,exon_7595.tre,0.474391
exon_7596.fasta,exon_7596.tre,0.981173
exon_7598.fasta,exon_7598.tre,0.474715
exon_7599.fasta,exon_7599.tre,0.782668
exon_76.fasta,exon_76.tre,0.484881
exon_760.fasta,exon_760.tre,0.464670
exon_7600.fasta,exon_7600.tre,0.452034
exon_7601.fasta,exon_7601.tre,0.611228
exon_7603.fasta,exon_7603.tre,0.795363
exon_7604.fasta,exon_7604.tre,0.607387
exon_7605.fasta,exon_7605.tre,0.451539
exon_7606.fasta,exon_7606.tre,0.504794
exon_7607.fasta,exon_7607.tre,0.596494
exon_7608.fasta,exon_7608.tre,0.331667
exon_7609.fasta,exon_7609.tre,0.600073
exon_761.fasta,exon_761.tre,0.474696
exon_7610.fasta,exon_7610.tre,0.491062
exon_7612.fasta,exon_7612.tre,0.527923
exon_7613.fasta,exon_7613.tre,0.559655
exon_7614.fasta,exon_7614.tre,0.566010
exon_7615.fasta,exon_7615.tre,0.356554
exon_7618.fasta,exon_7618.tre,0.571005
exon_7619.fasta,exon_7619.tre,0.611277
exon_7620.fasta,exon_7620.tre,0.500184
exon_7622.fasta,exon_7622.tre,0.475341
exon_7623.fasta,exon_7623.tre,0.329361
exon_7626.fasta,exon_7626.tre,0.312919
exon_7628.fasta,exon_7628.tre,0.478220
exon_763.fasta,exon_763.tre,0.592914
exon_7630.fasta,exon_7630.tre,0.645298
exon_7631.fasta,exon_7631.tre,0.544160
exon_7633.fasta,exon_7633.tre,0.601536
exon_7635.fasta,exon_7635.tre,0.740247
exon_7636.fasta,exon_7636.tre,0.450025
exon_7638.fasta,exon_7638.tre,0.524483
exon_7639.fasta,exon_7639.tre,0.703824
exon_764.fasta,exon_764.tre,1.562449
exon_7641.fasta,exon_7641.tre,0.489121
exon_7643.fasta,exon_7643.tre,1.561568
exon_7644.fasta,exon_7644.tre,0.558406
exon_7646.fasta,exon_7646.tre,0.696316
exon_7647.fasta,exon_7647.tre,0.676882
exon_7648.fasta,exon_7648.tre,0.444467
exon_7651.fasta,exon_7651.tre,0.597902
exon_7652.fasta,exon_7652.tre,0.506502
exon_7654.fasta,exon_7654.tre,0.383427
exon_7655.fasta,exon_7655.tre,0.571557
exon_7657.fasta,exon_7657.tre,0.465021
exon_7658.fasta,exon_7658.tre,0.492473
exon_7659.fasta,exon_7659.tre,0.464595
exon_7660.fasta,exon_7660.tre,0.689779
exon_7661.fasta,exon_7661.tre,0.562864
exon_7662.fasta,exon_7662.tre,0.341814
exon_7664.fasta,exon_7664.tre,0.534949
exon_7665.fasta,exon_7665.tre,0.601652
exon_7667.fasta,exon_7667.tre,0.425197
exon_7668.fasta,exon_7668.tre,0.531159
exon_7669.fasta,exon_7669.tre,0.389957
exon_7671.fasta,exon_7671.tre,0.553150
exon_7672.fasta,exon_7672.tre,0.642790
exon_7673.fasta,exon_7673.tre,0.789376
exon_7674.fasta,exon_7674.tre,0.295105
exon_7675.fasta,exon_7675.tre,0.367368
exon_7676.fasta,exon_7676.tre,0.510233
exon_7677.fasta,exon_7677.tre,0.459933
exon_7679.fasta,exon_7679.tre,0.616894
exon_7680.fasta,exon_7680.tre,0.464343
exon_7682.fasta,exon_7682.tre,0.300997
exon_7683.fasta,exon_7683.tre,0.533400
exon_7685.fasta,exon_7685.tre,0.645719
exon_7686.fasta,exon_7686.tre,0.351448
exon_7687.fasta,exon_7687.tre,0.621732
exon_7688.fasta,exon_7688.tre,0.529420
exon_7692.fasta,exon_7692.tre,0.485625
exon_7693.fasta,exon_7693.tre,0.356079
exon_7694.fasta,exon_7694.tre,0.454299
exon_7695.fasta,exon_7695.tre,2.012950
exon_7696.fasta,exon_7696.tre,0.641091
exon_7697.fasta,exon_7697.tre,0.540901
exon_7698.fasta,exon_7698.tre,0.352335
exon_7699.fasta,exon_7699.tre,0.400145
exon_7700.fasta,exon_7700.tre,0.514364
exon_7701.fasta,exon_7701.tre,0.832615
exon_7703.fasta,exon_7703.tre,0.561006
exon_7704.fasta,exon_7704.tre,0.412944
exon_7706.fasta,exon_7706.tre,0.412864
exon_7707.fasta,exon_7707.tre,0.773577
exon_7709.fasta,exon_7709.tre,0.834596
exon_771.fasta,exon_771.tre,0.458660
exon_7710.fasta,exon_7710.tre,1.401054
exon_7712.fasta,exon_7712.tre,0.590450
exon_7713.fasta,exon_7713.tre,0.484023
exon_7715.fasta,exon_7715.tre,0.730167
exon_7716.fasta,exon_7716.tre,0.485369
exon_7720.fasta,exon_7720.tre,0.406605
exon_7722.fasta,exon_7722.tre,0.399965
exon_7723.fasta,exon_7723.tre,0.986697
exon_7724.fasta,exon_7724.tre,0.638440
exon_7725.fasta,exon_7725.tre,0.589680
exon_7726.fasta,exon_7726.tre,0.427665
exon_7728.fasta,exon_7728.tre,0.584318
exon_7729.fasta,exon_7729.tre,0.407011
exon_773.fasta,exon_773.tre,0.460569
exon_7731.fasta,exon_7731.tre,0.591538
exon_7732.fasta,exon_7732.tre,0.350937
exon_7734.fasta,exon_7734.tre,0.418928
exon_7735.fasta,exon_7735.tre,1.024252
exon_7736.fasta,exon_7736.tre,0.520525
exon_7739.fasta,exon_7739.tre,0.562912
exon_774.fasta,exon_774.tre,0.506532
exon_7740.fasta,exon_7740.tre,0.475936
exon_7742.fasta,exon_7742.tre,0.621455
exon_7743.fasta,exon_7743.tre,0.493997
exon_7744.fasta,exon_7744.tre,0.577308
exon_7746.fasta,exon_7746.tre,0.591017
exon_7749.fasta,exon_7749.tre,0.616985
exon_7750.fasta,exon_7750.tre,0.484658
exon_7751.fasta,exon_7751.tre,0.524403
exon_7752.fasta,exon_7752.tre,0.582079
exon_7753.fasta,exon_7753.tre,0.354149
exon_7754.fasta,exon_7754.tre,0.550668
exon_7755.fasta,exon_7755.tre,0.477515
exon_7756.fasta,exon_7756.tre,0.677393
exon_7757.fasta,exon_7757.tre,0.568105
exon_7758.fasta,exon_7758.tre,0.525209
exon_7759.fasta,exon_7759.tre,0.452904
exon_7761.fasta,exon_7761.tre,1.283102
exon_7762.fasta,exon_7762.tre,0.848509
exon_7763.fasta,exon_7763.tre,0.611127
exon_7764.fasta,exon_7764.tre,0.833389
exon_7765.fasta,exon_7765.tre,0.485427
exon_7766.fasta,exon_7766.tre,1.352217
exon_7767.fasta,exon_7767.tre,0.782134
exon_7771.fasta,exon_7771.tre,0.682267
exon_7772.fasta,exon_7772.tre,0.683840
exon_7773.fasta,exon_7773.tre,0.502342
exon_7774.fasta,exon_7774.tre,0.651126
exon_7775.fasta,exon_7775.tre,0.514062
exon_7776.fasta,exon_7776.tre,0.514682
exon_7778.fasta,exon_7778.tre,0.404286
exon_778.fasta,exon_778.tre,0.510677
exon_7781.fasta,exon_7781.tre,1.173261
exon_7785.fasta,exon_7785.tre,0.474767
exon_7786.fasta,exon_7786.tre,0.395486
exon_7787.fasta,exon_7787.tre,0.612702
exon_7789.fasta,exon_7789.tre,0.505942
exon_7791.fasta,exon_7791.tre,0.503667
exon_7792.fasta,exon_7792.tre,1.641934
exon_7793.fasta,exon_7793.tre,0.571903
exon_7794.fasta,exon_7794.tre,0.512336
exon_7795.fasta,exon_7795.tre,0.364410
exon_7799.fasta,exon_7799.tre,0.543636
exon_78.fasta,exon_78.tre,0.697089
exon_7800.fasta,exon_7800.tre,0.530068
exon_7801.fasta,exon_7801.tre,0.409269
exon_7802.fasta,exon_7802.tre,1.564157
exon_7804.fasta,exon_7804.tre,0.433325
exon_7805.fasta,exon_7805.tre,0.464083
exon_7806.fasta,exon_7806.tre,0.462434
exon_7807.fasta,exon_7807.tre,0.428664
exon_7808.fasta,exon_7808.tre,0.477215
exon_781.fasta,exon_781.tre,0.495725
exon_7810.fasta,exon_7810.tre,0.302502
exon_7811.fasta,exon_7811.tre,0.463098
exon_7812.fasta,exon_7812.tre,0.329404
exon_7813.fasta,exon_7813.tre,0.542326
exon_7814.fasta,exon_7814.tre,0.626247
exon_7815.fasta,exon_7815.tre,0.537990
exon_7818.fasta,exon_7818.tre,0.548919
exon_7819.fasta,exon_7819.tre,0.482507
exon_782.fasta,exon_782.tre,1.102487
exon_7820.fasta,exon_7820.tre,0.635195
exon_7821.fasta,exon_7821.tre,0.447119
exon_7822.fasta,exon_7822.tre,0.475036
exon_7823.fasta,exon_7823.tre,0.552222
exon_7826.fasta,exon_7826.tre,0.709072
exon_7827.fasta,exon_7827.tre,0.635723
exon_7829.fasta,exon_7829.tre,0.413387
exon_7830.fasta,exon_7830.tre,0.497613
exon_7831.fasta,exon_7831.tre,0.525949
exon_7832.fasta,exon_7832.tre,0.358838
exon_7833.fasta,exon_7833.tre,0.484198
exon_7834.fasta,exon_7834.tre,0.784208
exon_7835.fasta,exon_7835.tre,0.698847
exon_7837.fasta,exon_7837.tre,0.276318
exon_7839.fasta,exon_7839.tre,0.364359
exon_784.fasta,exon_784.tre,0.676944
exon_7840.fasta,exon_7840.tre,0.618303
exon_7841.fasta,exon_7841.tre,0.545664
exon_7842.fasta,exon_7842.tre,0.532928
exon_7843.fasta,exon_7843.tre,0.445906
exon_7844.fasta,exon_7844.tre,0.500753
exon_7845.fasta,exon_7845.tre,1.065650
exon_7846.fasta,exon_7846.tre,0.453932
exon_7848.fasta,exon_7848.tre,0.378149
exon_7849.fasta,exon_7849.tre,0.313555
exon_7856.fasta,exon_7856.tre,0.423411
exon_7857.fasta,exon_7857.tre,0.385359
exon_7858.fasta,exon_7858.tre,0.560651
exon_7859.fasta,exon_7859.tre,0.477313
exon_786.fasta,exon_786.tre,0.560451
exon_7860.fasta,exon_7860.tre,0.491167
exon_7861.fasta,exon_7861.tre,0.493798
exon_7862.fasta,exon_7862.tre,0.684033
exon_7863.fasta,exon_7863.tre,0.486730
exon_7864.fasta,exon_7864.tre,0.327919
exon_7865.fasta,exon_7865.tre,0.513825
exon_7867.fasta,exon_7867.tre,0.392601
exon_7868.fasta,exon_7868.tre,0.541237
exon_7869.fasta,exon_7869.tre,0.553996
exon_7870.fasta,exon_7870.tre,0.520180
exon_7872.fasta,exon_7872.tre,0.504501
exon_7875.fasta,exon_7875.tre,0.550757
exon_7877.fasta,exon_7877.tre,0.531253
exon_7878.fasta,exon_7878.tre,0.644238
exon_7879.fasta,exon_7879.tre,0.412231
exon_7880.fasta,exon_7880.tre,0.628695
exon_7881.fasta,exon_7881.tre,0.612574
exon_7882.fasta,exon_7882.tre,1.350588
exon_7884.fasta,exon_7884.tre,0.591880
exon_7886.fasta,exon_7886.tre,0.487885
exon_7887.fasta,exon_7887.tre,0.617984
exon_7888.fasta,exon_7888.tre,0.501085
exon_7889.fasta,exon_7889.tre,0.455044
exon_789.fasta,exon_789.tre,0.594678
exon_7890.fasta,exon_7890.tre,0.759511
exon_7891.fasta,exon_7891.tre,0.895092
exon_7892.fasta,exon_7892.tre,0.403191
exon_7894.fasta,exon_7894.tre,0.572332
exon_7895.fasta,exon_7895.tre,0.661716
exon_7896.fasta,exon_7896.tre,0.561185
exon_7898.fasta,exon_7898.tre,0.436477
exon_7899.fasta,exon_7899.tre,0.352535
exon_79.fasta,exon_79.tre,2.228510
exon_7900.fasta,exon_7900.tre,1.495948
exon_7903.fasta,exon_7903.tre,0.525966
exon_7904.fasta,exon_7904.tre,0.377304
exon_7905.fasta,exon_7905.tre,0.559644
exon_7906.fasta,exon_7906.tre,0.567565
exon_7907.fasta,exon_7907.tre,0.479481
exon_7908.fasta,exon_7908.tre,0.316886
exon_7912.fasta,exon_7912.tre,0.361368
exon_7914.fasta,exon_7914.tre,0.478599
exon_7915.fasta,exon_7915.tre,0.465616
exon_7916.fasta,exon_7916.tre,0.477205
exon_7917.fasta,exon_7917.tre,0.414973
exon_7918.fasta,exon_7918.tre,1.771788
exon_792.fasta,exon_792.tre,0.810886
exon_7920.fasta,exon_7920.tre,0.399693
exon_7922.fasta,exon_7922.tre,0.465563
exon_7923.fasta,exon_7923.tre,0.404260
exon_7924.fasta,exon_7924.tre,0.461935
exon_7926.fasta,exon_7926.tre,0.493629
exon_7928.fasta,exon_7928.tre,0.563616
exon_7929.fasta,exon_7929.tre,0.500538
exon_7931.fasta,exon_7931.tre,0.875756
exon_7932.fasta,exon_7932.tre,0.528293
exon_7933.fasta,exon_7933.tre,0.594723
exon_7934.fasta,exon_7934.tre,0.519586
exon_7936.fasta,exon_7936.tre,0.351261
exon_7937.fasta,exon_7937.tre,0.603126
exon_7940.fasta,exon_7940.tre,2.373476
exon_7942.fasta,exon_7942.tre,0.508750
exon_7943.fasta,exon_7943.tre,0.466408
exon_7944.fasta,exon_7944.tre,0.578669
exon_7945.fasta,exon_7945.tre,0.505939
exon_7947.fasta,exon_7947.tre,0.474295
exon_7948.fasta,exon_7948.tre,0.704428
exon_7949.fasta,exon_7949.tre,0.429811
exon_795.fasta,exon_795.tre,0.490332
exon_7954.fasta,exon_7954.tre,0.411297
exon_7955.fasta,exon_7955.tre,0.762846
exon_7956.fasta,exon_7956.tre,0.466956
exon_7957.fasta,exon_7957.tre,0.536687
exon_7958.fasta,exon_7958.tre,0.482830
exon_7959.fasta,exon_7959.tre,0.598033
exon_7960.fasta,exon_7960.tre,0.310936
exon_7962.fasta,exon_7962.tre,0.516371
exon_7963.fasta,exon_7963.tre,0.599243
exon_7964.fasta,exon_7964.tre,0.500723
exon_7968.fasta,exon_7968.tre,0.936961
exon_7969.fasta,exon_7969.tre,2.668029
exon_7970.fasta,exon_7970.tre,0.430429
exon_7971.fasta,exon_7971.tre,0.446957
exon_7975.fasta,exon_7975.tre,0.457872
exon_7976.fasta,exon_7976.tre,0.421016
exon_7977.fasta,exon_7977.tre,0.778808
exon_7979.fasta,exon_7979.tre,0.565351
exon_7980.fasta,exon_7980.tre,0.577513
exon_7981.fasta,exon_7981.tre,0.526267
exon_7982.fasta,exon_7982.tre,0.542548
exon_7983.fasta,exon_7983.tre,0.466678
exon_7984.fasta,exon_7984.tre,0.332867
exon_7985.fasta,exon_7985.tre,0.986508
exon_7986.fasta,exon_7986.tre,0.442765
exon_7987.fasta,exon_7987.tre,0.307935
exon_7988.fasta,exon_7988.tre,0.661313
exon_7989.fasta,exon_7989.tre,0.358898
exon_799.fasta,exon_799.tre,0.490119
exon_7990.fasta,exon_7990.tre,0.398253
exon_7993.fasta,exon_7993.tre,0.501519
exon_7994.fasta,exon_7994.tre,0.974351
exon_7995.fasta,exon_7995.tre,0.380052
exon_7996.fasta,exon_7996.tre,0.599155
exon_7997.fasta,exon_7997.tre,0.590158
exon_7999.fasta,exon_7999.tre,0.451225
exon_8000.fasta,exon_8000.tre,0.513653
exon_8001.fasta,exon_8001.tre,0.485746
exon_8004.fasta,exon_8004.tre,0.605683
exon_8005.fasta,exon_8005.tre,0.475782
exon_8006.fasta,exon_8006.tre,0.468430
exon_8007.fasta,exon_8007.tre,0.362642
exon_8008.fasta,exon_8008.tre,0.398869
exon_8009.fasta,exon_8009.tre,0.561631
exon_801.fasta,exon_801.tre,0.771376
exon_8011.fasta,exon_8011.tre,0.395319
exon_8012.fasta,exon_8012.tre,0.590728
exon_8013.fasta,exon_8013.tre,0.535780
exon_8014.fasta,exon_8014.tre,1.230356
exon_8015.fasta,exon_8015.tre,0.410467
exon_8017.fasta,exon_8017.tre,0.588496
exon_8022.fasta,exon_8022.tre,0.865196
exon_8024.fasta,exon_8024.tre,0.364639
exon_8027.fasta,exon_8027.tre,0.458379
exon_8029.fasta,exon_8029.tre,0.522335
exon_8030.fasta,exon_8030.tre,0.554538
exon_8031.fasta,exon_8031.tre,0.384734
exon_8032.fasta,exon_8032.tre,1.189990
exon_8033.fasta,exon_8033.tre,0.460110
exon_8034.fasta,exon_8034.tre,0.521927
exon_8035.fasta,exon_8035.tre,0.464585
exon_8036.fasta,exon_8036.tre,0.484944
exon_8037.fasta,exon_8037.tre,0.390514
exon_8040.fasta,exon_8040.tre,0.342361
exon_8041.fasta,exon_8041.tre,0.624201
exon_8042.fasta,exon_8042.tre,0.351133
exon_8043.fasta,exon_8043.tre,0.606433
exon_8044.fasta,exon_8044.tre,0.511106
exon_8045.fasta,exon_8045.tre,0.386583
exon_8048.fasta,exon_8048.tre,0.344017
exon_8049.fasta,exon_8049.tre,0.504041
exon_8051.fasta,exon_8051.tre,0.599313
exon_8052.fasta,exon_8052.tre,0.760887
exon_8055.fasta,exon_8055.tre,0.486738
exon_8056.fasta,exon_8056.tre,0.491271
exon_8057.fasta,exon_8057.tre,0.406892
exon_8058.fasta,exon_8058.tre,1.123329
exon_8059.fasta,exon_8059.tre,0.691815
exon_8060.fasta,exon_8060.tre,0.425669
exon_8061.fasta,exon_8061.tre,0.602035
exon_8063.fasta,exon_8063.tre,0.364878
exon_8064.fasta,exon_8064.tre,0.359421
exon_8065.fasta,exon_8065.tre,0.575231
exon_8066.fasta,exon_8066.tre,0.489732
exon_8067.fasta,exon_8067.tre,0.649841
exon_8068.fasta,exon_8068.tre,0.508727
exon_8069.fasta,exon_8069.tre,0.552247
exon_8070.fasta,exon_8070.tre,1.031694
exon_8072.fasta,exon_8072.tre,1.279822
exon_8073.fasta,exon_8073.tre,0.580039
exon_8075.fasta,exon_8075.tre,0.401841
exon_8077.fasta,exon_8077.tre,0.544416
exon_8078.fasta,exon_8078.tre,0.506075
exon_8079.fasta,exon_8079.tre,0.476349
exon_8081.fasta,exon_8081.tre,0.477980
exon_8082.fasta,exon_8082.tre,0.554700
exon_8083.fasta,exon_8083.tre,0.467922
exon_8084.fasta,exon_8084.tre,2.654340
exon_8085.fasta,exon_8085.tre,0.454510
exon_8086.fasta,exon_8086.tre,0.410429
exon_8088.fasta,exon_8088.tre,0.827466
exon_8089.fasta,exon_8089.tre,0.388151
exon_8090.fasta,exon_8090.tre,0.489565
exon_8091.fasta,exon_8091.tre,0.436928
exon_8093.fasta,exon_8093.tre,0.474153
exon_8094.fasta,exon_8094.tre,0.453376
exon_8095.fasta,exon_8095.tre,0.600821
exon_8097.fasta,exon_8097.tre,0.661968
exon_8098.fasta,exon_8098.tre,8.204376
exon_81.fasta,exon_81.tre,0.524055
exon_8102.fasta,exon_8102.tre,1.218583
exon_8103.fasta,exon_8103.tre,0.895808
exon_8104.fasta,exon_8104.tre,0.645433
exon_8106.fasta,exon_8106.tre,0.538718
exon_8107.fasta,exon_8107.tre,0.416885
exon_8109.fasta,exon_8109.tre,0.521686
exon_8110.fasta,exon_8110.tre,0.612621
exon_8112.fasta,exon_8112.tre,0.507561
exon_8113.fasta,exon_8113.tre,0.350343
exon_8114.fasta,exon_8114.tre,0.556772
exon_8116.fasta,exon_8116.tre,0.532974
exon_8117.fasta,exon_8117.tre,0.550549
exon_8118.fasta,exon_8118.tre,0.501692
exon_8119.fasta,exon_8119.tre,0.480106
exon_812.fasta,exon_812.tre,1.049226
exon_8120.fasta,exon_8120.tre,0.517577
exon_8121.fasta,exon_8121.tre,0.839544
exon_8123.fasta,exon_8123.tre,0.362052
exon_8124.fasta,exon_8124.tre,0.670224
exon_8125.fasta,exon_8125.tre,0.532119
exon_8126.fasta,exon_8126.tre,0.637248
exon_8127.fasta,exon_8127.tre,0.349966
exon_8130.fasta,exon_8130.tre,0.418928
exon_8132.fasta,exon_8132.tre,0.973595
exon_8133.fasta,exon_8133.tre,0.807593
exon_8134.fasta,exon_8134.tre,1.477093
exon_8136.fasta,exon_8136.tre,0.583173
exon_8139.fasta,exon_8139.tre,0.478548
exon_8140.fasta,exon_8140.tre,1.047086
exon_8141.fasta,exon_8141.tre,1.184349
exon_8143.fasta,exon_8143.tre,0.529043
exon_8145.fasta,exon_8145.tre,0.469280
exon_8146.fasta,exon_8146.tre,0.401289
exon_8147.fasta,exon_8147.tre,0.653358
exon_815.fasta,exon_815.tre,1.276483
exon_8150.fasta,exon_8150.tre,0.521968
exon_8151.fasta,exon_8151.tre,0.505380
exon_8153.fasta,exon_8153.tre,0.328987
exon_8155.fasta,exon_8155.tre,0.945609
exon_8157.fasta,exon_8157.tre,0.700315
exon_8158.fasta,exon_8158.tre,0.519032
exon_8159.fasta,exon_8159.tre,0.563106
exon_816.fasta,exon_816.tre,0.410145
exon_8160.fasta,exon_8160.tre,0.515777
exon_8161.fasta,exon_8161.tre,0.607845
exon_8162.fasta,exon_8162.tre,0.475797
exon_8164.fasta,exon_8164.tre,0.630415
exon_8165.fasta,exon_8165.tre,0.567333
exon_8166.fasta,exon_8166.tre,0.531563
exon_8167.fasta,exon_8167.tre,1.172989
exon_8168.fasta,exon_8168.tre,0.750231
exon_8170.fasta,exon_8170.tre,0.583537
exon_8171.fasta,exon_8171.tre,0.495388
exon_8172.fasta,exon_8172.tre,0.494925
exon_8174.fasta,exon_8174.tre,0.535312
exon_8176.fasta,exon_8176.tre,0.403213
exon_818.fasta,exon_818.tre,0.443696
exon_8180.fasta,exon_8180.tre,0.490344
exon_8181.fasta,exon_8181.tre,0.319673
exon_8182.fasta,exon_8182.tre,0.577740
exon_8183.fasta,exon_8183.tre,0.472254
exon_8187.fasta,exon_8187.tre,0.637909
exon_8189.fasta,exon_8189.tre,0.664939
exon_8190.fasta,exon_8190.tre,0.452945
exon_8191.fasta,exon_8191.tre,0.485506
exon_8192.fasta,exon_8192.tre,0.379821
exon_8193.fasta,exon_8193.tre,0.435013
exon_8194.fasta,exon_8194.tre,0.390763
exon_8195.fasta,exon_8195.tre,0.654660
exon_8196.fasta,exon_8196.tre,0.534121
exon_8198.fasta,exon_8198.tre,0.305051
exon_8199.fasta,exon_8199.tre,0.503211
exon_82.fasta,exon_82.tre,0.607685
exon_820.fasta,exon_820.tre,0.944958
exon_8200.fasta,exon_8200.tre,0.497445
exon_8201.fasta,exon_8201.tre,0.779742
exon_8202.fasta,exon_8202.tre,0.490745
exon_8203.fasta,exon_8203.tre,0.555081
exon_8204.fasta,exon_8204.tre,0.524449
exon_8205.fasta,exon_8205.tre,0.614552
exon_8208.fasta,exon_8208.tre,0.628749
exon_8210.fasta,exon_8210.tre,0.558391
exon_8211.fasta,exon_8211.tre,2.119263
exon_8213.fasta,exon_8213.tre,0.415632
exon_8214.fasta,exon_8214.tre,0.416398
exon_8215.fasta,exon_8215.tre,0.388388
exon_8216.fasta,exon_8216.tre,0.575463
exon_8217.fasta,exon_8217.tre,0.648053
exon_8218.fasta,exon_8218.tre,0.466281
exon_8219.fasta,exon_8219.tre,1.190164
exon_8220.fasta,exon_8220.tre,0.382670
exon_8221.fasta,exon_8221.tre,1.157351
exon_8222.fasta,exon_8222.tre,0.652014
exon_8223.fasta,exon_8223.tre,0.522540
exon_8225.fasta,exon_8225.tre,0.527478
exon_8226.fasta,exon_8226.tre,0.468470
exon_8227.fasta,exon_8227.tre,0.547797
exon_8228.fasta,exon_8228.tre,0.548686
exon_8229.fasta,exon_8229.tre,0.479583
exon_8230.fasta,exon_8230.tre,0.927937
exon_8232.fasta,exon_8232.tre,1.483616
exon_8234.fasta,exon_8234.tre,0.403966
exon_8236.fasta,exon_8236.tre,0.423533
exon_8237.fasta,exon_8237.tre,0.474069
exon_8238.fasta,exon_8238.tre,0.384678
exon_8239.fasta,exon_8239.tre,0.753348
exon_8240.fasta,exon_8240.tre,0.645775
exon_8242.fasta,exon_8242.tre,0.471640
exon_8244.fasta,exon_8244.tre,0.507895
exon_8246.fasta,exon_8246.tre,0.494737
exon_8247.fasta,exon_8247.tre,1.085653
exon_8249.fasta,exon_8249.tre,0.793947
exon_825.fasta,exon_825.tre,0.826343
exon_8250.fasta,exon_8250.tre,0.597980
exon_8251.fasta,exon_8251.tre,0.299487
exon_8252.fasta,exon_8252.tre,1.119258
exon_8255.fasta,exon_8255.tre,0.363938
exon_8257.fasta,exon_8257.tre,0.350384
exon_8259.fasta,exon_8259.tre,0.307761
exon_826.fasta,exon_826.tre,0.313213
exon_8260.fasta,exon_8260.tre,1.331439
exon_8261.fasta,exon_8261.tre,0.569604
exon_8262.fasta,exon_8262.tre,0.627896
exon_8263.fasta,exon_8263.tre,0.611032
exon_8264.fasta,exon_8264.tre,0.450609
exon_8266.fasta,exon_8266.tre,0.722652
exon_8267.fasta,exon_8267.tre,0.401783
exon_8268.fasta,exon_8268.tre,0.916265
exon_8270.fasta,exon_8270.tre,0.570681
exon_8271.fasta,exon_8271.tre,0.473467
exon_8272.fasta,exon_8272.tre,0.588457
exon_8273.fasta,exon_8273.tre,0.523332
exon_8274.fasta,exon_8274.tre,0.407826
exon_8275.fasta,exon_8275.tre,1.165107
exon_8276.fasta,exon_8276.tre,0.634481
exon_8278.fasta,exon_8278.tre,0.387922
exon_8279.fasta,exon_8279.tre,0.541379
exon_828.fasta,exon_828.tre,0.476023
exon_8280.fasta,exon_8280.tre,0.613369
exon_8281.fasta,exon_8281.tre,0.635434
exon_8282.fasta,exon_8282.tre,0.592658
exon_8283.fasta,exon_8283.tre,0.470805
exon_8284.fasta,exon_8284.tre,0.454051
exon_8285.fasta,exon_8285.tre,0.526565
exon_8286.fasta,exon_8286.tre,0.545407
exon_8287.fasta,exon_8287.tre,0.408395
exon_8288.fasta,exon_8288.tre,0.518141
exon_8289.fasta,exon_8289.tre,4.418169
exon_829.fasta,exon_829.tre,0.481092
exon_8292.fasta,exon_8292.tre,0.355273
exon_8294.fasta,exon_8294.tre,0.489260
exon_8295.fasta,exon_8295.tre,0.371766
exon_8296.fasta,exon_8296.tre,0.483920
exon_8297.fasta,exon_8297.tre,0.640102
exon_8298.fasta,exon_8298.tre,0.503378
exon_8299.fasta,exon_8299.tre,0.467553
exon_8300.fasta,exon_8300.tre,3.980296
exon_8301.fasta,exon_8301.tre,0.486074
exon_8303.fasta,exon_8303.tre,0.546937
exon_8304.fasta,exon_8304.tre,0.461357
exon_8305.fasta,exon_8305.tre,0.389618
exon_8306.fasta,exon_8306.tre,0.320768
exon_8307.fasta,exon_8307.tre,0.843369
exon_8308.fasta,exon_8308.tre,1.580238
exon_8309.fasta,exon_8309.tre,0.370329
exon_8311.fasta,exon_8311.tre,0.629915
exon_8313.fasta,exon_8313.tre,0.770913
exon_8314.fasta,exon_8314.tre,0.590927
exon_8319.fasta,exon_8319.tre,0.390738
exon_832.fasta,exon_832.tre,0.746156
exon_8320.fasta,exon_8320.tre,0.584416
exon_8321.fasta,exon_8321.tre,0.312302
exon_8322.fasta,exon_8322.tre,0.618476
exon_8323.fasta,exon_8323.tre,0.821057
exon_8324.fasta,exon_8324.tre,0.504788
exon_8325.fasta,exon_8325.tre,0.613491
exon_8326.fasta,exon_8326.tre,0.526257
exon_8327.fasta,exon_8327.tre,0.594963
exon_8328.fasta,exon_8328.tre,0.355723
exon_8329.fasta,exon_8329.tre,0.498380
exon_8330.fasta,exon_8330.tre,0.589687
exon_8331.fasta,exon_8331.tre,0.512333
exon_8332.fasta,exon_8332.tre,0.493779
exon_8333.fasta,exon_8333.tre,0.460109
exon_8335.fasta,exon_8335.tre,1.119850
exon_8337.fasta,exon_8337.tre,0.494696
exon_8338.fasta,exon_8338.tre,0.575774
exon_8339.fasta,exon_8339.tre,0.709440
exon_8340.fasta,exon_8340.tre,0.854555
exon_8341.fasta,exon_8341.tre,0.747509
exon_8342.fasta,exon_8342.tre,0.573155
exon_8345.fasta,exon_8345.tre,0.572706
exon_8346.fasta,exon_8346.tre,0.467638
exon_8347.fasta,exon_8347.tre,0.505966
exon_8348.fasta,exon_8348.tre,2.132229
exon_8349.fasta,exon_8349.tre,0.543714
exon_835.fasta,exon_835.tre,0.605007
exon_8350.fasta,exon_8350.tre,0.425784
exon_8351.fasta,exon_8351.tre,1.068615
exon_8352.fasta,exon_8352.tre,0.510329
exon_8353.fasta,exon_8353.tre,0.475192
exon_8354.fasta,exon_8354.tre,0.468166
exon_8355.fasta,exon_8355.tre,0.511634
exon_8356.fasta,exon_8356.tre,0.450895
exon_8357.fasta,exon_8357.tre,0.498277
exon_8358.fasta,exon_8358.tre,0.365105
exon_8359.fasta,exon_8359.tre,0.598874
exon_8360.fasta,exon_8360.tre,0.410480
exon_8361.fasta,exon_8361.tre,0.514121
exon_8362.fasta,exon_8362.tre,0.845390
exon_8363.fasta,exon_8363.tre,0.355138
exon_8365.fasta,exon_8365.tre,0.420893
exon_8366.fasta,exon_8366.tre,0.463549
exon_8367.fasta,exon_8367.tre,0.320115
exon_8368.fasta,exon_8368.tre,1.306575
exon_8369.fasta,exon_8369.tre,0.621553
exon_8370.fasta,exon_8370.tre,0.515646
exon_8371.fasta,exon_8371.tre,0.601111
exon_8373.fasta,exon_8373.tre,0.639456
exon_8374.fasta,exon_8374.tre,1.207122
exon_8375.fasta,exon_8375.tre,0.334856
exon_8376.fasta,exon_8376.tre,0.673395
exon_8378.fasta,exon_8378.tre,0.490635
exon_8379.fasta,exon_8379.tre,0.591347
exon_838.fasta,exon_838.tre,0.556277
exon_8380.fasta,exon_8380.tre,0.371195
exon_8381.fasta,exon_8381.tre,0.519545
exon_8384.fasta,exon_8384.tre,0.761897
exon_8386.fasta,exon_8386.tre,0.349399
exon_8387.fasta,exon_8387.tre,0.713415
exon_8388.fasta,exon_8388.tre,0.496979
exon_8389.fasta,exon_8389.tre,0.667706
exon_8390.fasta,exon_8390.tre,0.903802
exon_8392.fasta,exon_8392.tre,0.332167
exon_8393.fasta,exon_8393.tre,0.812208
exon_8395.fasta,exon_8395.tre,0.505819
exon_8396.fasta,exon_8396.tre,1.013721
exon_8397.fasta,exon_8397.tre,0.368438
exon_8398.fasta,exon_8398.tre,0.541914
exon_84.fasta,exon_84.tre,0.649449
exon_8401.fasta,exon_8401.tre,0.523433
exon_8403.fasta,exon_8403.tre,0.498842
exon_8404.fasta,exon_8404.tre,0.375312
exon_8405.fasta,exon_8405.tre,0.602049
exon_8406.fasta,exon_8406.tre,0.593023
exon_8407.fasta,exon_8407.tre,0.507887
exon_8409.fasta,exon_8409.tre,0.499096
exon_8410.fasta,exon_8410.tre,0.529651
exon_8411.fasta,exon_8411.tre,0.451369
exon_8412.fasta,exon_8412.tre,0.443574
exon_8413.fasta,exon_8413.tre,0.625071
exon_8414.fasta,exon_8414.tre,0.406511
exon_8415.fasta,exon_8415.tre,0.495189
exon_8416.fasta,exon_8416.tre,0.436113
exon_8417.fasta,exon_8417.tre,0.579639
exon_8418.fasta,exon_8418.tre,0.364824
exon_8419.fasta,exon_8419.tre,0.544149
exon_842.fasta,exon_842.tre,0.499692
exon_8420.fasta,exon_8420.tre,0.369822
exon_8421.fasta,exon_8421.tre,0.605939
exon_8422.fasta,exon_8422.tre,0.530364
exon_8423.fasta,exon_8423.tre,0.552019
exon_8424.fasta,exon_8424.tre,0.555707
exon_8427.fasta,exon_8427.tre,0.555962
exon_8428.fasta,exon_8428.tre,0.592294
exon_8429.fasta,exon_8429.tre,7.162283
exon_843.fasta,exon_843.tre,0.661971
exon_8430.fasta,exon_8430.tre,0.488687
exon_8432.fasta,exon_8432.tre,1.029059
exon_8433.fasta,exon_8433.tre,0.726086
exon_8435.fasta,exon_8435.tre,0.492716
exon_8436.fasta,exon_8436.tre,1.466866
exon_8438.fasta,exon_8438.tre,0.436386
exon_8439.fasta,exon_8439.tre,0.494871
exon_844.fasta,exon_844.tre,0.437771
exon_8441.fasta,exon_8441.tre,0.721766
exon_8443.fasta,exon_8443.tre,0.489948
exon_8444.fasta,exon_8444.tre,0.561731
exon_8445.fasta,exon_8445.tre,0.347186
exon_8448.fasta,exon_8448.tre,0.982829
exon_8449.fasta,exon_8449.tre,0.496118
exon_8450.fasta,exon_8450.tre,0.501926
exon_8451.fasta,exon_8451.tre,0.527564
exon_8453.fasta,exon_8453.tre,0.486452
exon_8454.fasta,exon_8454.tre,0.533303
exon_8455.fasta,exon_8455.tre,0.898305
exon_8457.fasta,exon_8457.tre,0.338817
exon_8458.fasta,exon_8458.tre,0.535676
exon_8462.fasta,exon_8462.tre,1.046794
exon_8463.fasta,exon_8463.tre,0.727113
exon_8464.fasta,exon_8464.tre,1.105319
exon_8465.fasta,exon_8465.tre,0.489979
exon_8466.fasta,exon_8466.tre,0.339609
exon_8467.fasta,exon_8467.tre,0.428776
exon_8469.fasta,exon_8469.tre,0.569900
exon_8470.fasta,exon_8470.tre,0.451625
exon_8471.fasta,exon_8471.tre,0.555806
exon_8472.fasta,exon_8472.tre,0.510133
exon_8473.fasta,exon_8473.tre,0.720134
exon_8475.fasta,exon_8475.tre,0.406149
exon_8476.fasta,exon_8476.tre,0.544434
exon_8477.fasta,exon_8477.tre,0.292598
exon_8478.fasta,exon_8478.tre,0.618751
exon_8479.fasta,exon_8479.tre,0.558175
exon_8480.fasta,exon_8480.tre,0.576919
exon_8481.fasta,exon_8481.tre,0.574098
exon_8482.fasta,exon_8482.tre,0.356227
exon_8483.fasta,exon_8483.tre,0.419179
exon_8484.fasta,exon_8484.tre,4.828318
exon_8486.fasta,exon_8486.tre,0.392537
exon_8487.fasta,exon_8487.tre,0.572044
exon_849.fasta,exon_849.tre,0.732752
exon_8490.fasta,exon_8490.tre,1.109787
exon_8493.fasta,exon_8493.tre,0.604514
exon_8494.fasta,exon_8494.tre,2.480315
exon_8496.fasta,exon_8496.tre,0.446122
exon_8497.fasta,exon_8497.tre,0.363717
exon_8498.fasta,exon_8498.tre,0.597230
exon_8499.fasta,exon_8499.tre,0.365753
exon_850.fasta,exon_850.tre,0.477205
exon_8500.fasta,exon_8500.tre,0.539361
exon_8501.fasta,exon_8501.tre,0.653403
exon_8503.fasta,exon_8503.tre,0.401688
exon_8505.fasta,exon_8505.tre,0.558726
exon_8506.fasta,exon_8506.tre,0.585132
exon_8507.fasta,exon_8507.tre,0.568664
exon_851.fasta,exon_851.tre,0.402455
exon_8510.fasta,exon_8510.tre,0.312580
exon_8511.fasta,exon_8511.tre,0.657755
exon_8512.fasta,exon_8512.tre,1.243471
exon_8513.fasta,exon_8513.tre,0.936663
exon_8514.fasta,exon_8514.tre,0.539860
exon_8515.fasta,exon_8515.tre,0.423628
exon_8516.fasta,exon_8516.tre,0.651438
exon_8517.fasta,exon_8517.tre,0.844978
exon_8518.fasta,exon_8518.tre,0.553918
exon_8519.fasta,exon_8519.tre,0.337651
exon_852.fasta,exon_852.tre,0.613601
exon_8520.fasta,exon_8520.tre,0.893678
exon_8521.fasta,exon_8521.tre,0.975574
exon_8522.fasta,exon_8522.tre,0.416295
exon_8523.fasta,exon_8523.tre,0.680023
exon_8524.fasta,exon_8524.tre,0.671536
exon_8526.fasta,exon_8526.tre,0.432286
exon_8527.fasta,exon_8527.tre,0.979722
exon_8528.fasta,exon_8528.tre,0.480312
exon_8531.fasta,exon_8531.tre,1.343240
exon_8532.fasta,exon_8532.tre,0.494118
exon_8534.fasta,exon_8534.tre,0.680404
exon_8535.fasta,exon_8535.tre,0.809492
exon_8536.fasta,exon_8536.tre,0.691251
exon_8537.fasta,exon_8537.tre,0.537745
exon_8539.fasta,exon_8539.tre,0.917932
exon_854.fasta,exon_854.tre,0.602911
exon_8541.fasta,exon_8541.tre,0.556835
exon_8542.fasta,exon_8542.tre,0.742094
exon_8543.fasta,exon_8543.tre,0.548411
exon_8545.fasta,exon_8545.tre,0.368135
exon_8546.fasta,exon_8546.tre,0.636603
exon_8547.fasta,exon_8547.tre,0.567015
exon_8548.fasta,exon_8548.tre,0.351370
exon_8549.fasta,exon_8549.tre,0.502428
exon_855.fasta,exon_855.tre,0.635785
exon_8550.fasta,exon_8550.tre,0.344400
exon_8551.fasta,exon_8551.tre,0.872660
exon_8552.fasta,exon_8552.tre,2.675466
exon_8553.fasta,exon_8553.tre,0.489185
exon_8554.fasta,exon_8554.tre,1.026979
exon_8556.fasta,exon_8556.tre,0.684020
exon_8557.fasta,exon_8557.tre,0.411177
exon_8558.fasta,exon_8558.tre,0.537774
exon_8559.fasta,exon_8559.tre,0.349186
exon_8560.fasta,exon_8560.tre,0.429961
exon_8561.fasta,exon_8561.tre,0.829360
exon_8562.fasta,exon_8562.tre,1.222003
exon_8564.fasta,exon_8564.tre,0.409977
exon_8565.fasta,exon_8565.tre,0.670061
exon_8566.fasta,exon_8566.tre,0.810762
exon_8568.fasta,exon_8568.tre,0.434982
exon_8569.fasta,exon_8569.tre,0.335248
exon_8571.fasta,exon_8571.tre,0.509699
exon_8572.fasta,exon_8572.tre,0.529904
exon_8573.fasta,exon_8573.tre,0.361865
exon_8574.fasta,exon_8574.tre,0.726023
exon_8575.fasta,exon_8575.tre,0.377113
exon_8576.fasta,exon_8576.tre,0.554453
exon_8577.fasta,exon_8577.tre,0.474196
exon_8579.fasta,exon_8579.tre,0.367628
exon_858.fasta,exon_858.tre,0.877958
exon_8580.fasta,exon_8580.tre,0.825625
exon_8581.fasta,exon_8581.tre,0.631693
exon_8582.fasta,exon_8582.tre,0.430401
exon_8583.fasta,exon_8583.tre,0.405056
exon_8586.fasta,exon_8586.tre,0.783256
exon_8587.fasta,exon_8587.tre,0.861912
exon_8589.fasta,exon_8589.tre,0.539948
exon_859.fasta,exon_859.tre,0.395899
exon_8591.fasta,exon_8591.tre,0.737550
exon_8592.fasta,exon_8592.tre,0.550856
exon_8594.fasta,exon_8594.tre,0.697826
exon_8595.fasta,exon_8595.tre,0.496998
exon_8598.fasta,exon_8598.tre,0.429888
exon_8599.fasta,exon_8599.tre,0.562028
exon_860.fasta,exon_860.tre,0.457231
exon_8600.fasta,exon_8600.tre,0.767190
exon_8602.fasta,exon_8602.tre,0.391269
exon_8603.fasta,exon_8603.tre,0.356617
exon_8604.fasta,exon_8604.tre,0.552765
exon_8605.fasta,exon_8605.tre,0.974858
exon_8606.fasta,exon_8606.tre,0.515346
exon_8607.fasta,exon_8607.tre,0.545020
exon_8608.fasta,exon_8608.tre,0.806109
exon_8609.fasta,exon_8609.tre,0.350558
exon_8610.fasta,exon_8610.tre,0.329642
exon_8611.fasta,exon_8611.tre,0.533204
exon_8612.fasta,exon_8612.tre,0.491654
exon_8613.fasta,exon_8613.tre,0.635615
exon_8615.fasta,exon_8615.tre,0.390731
exon_8617.fasta,exon_8617.tre,0.580102
exon_8618.fasta,exon_8618.tre,0.410286
exon_862.fasta,exon_862.tre,1.768015
exon_8620.fasta,exon_8620.tre,0.589726
exon_8621.fasta,exon_8621.tre,0.440061
exon_8623.fasta,exon_8623.tre,0.419877
exon_8625.fasta,exon_8625.tre,0.493631
exon_8626.fasta,exon_8626.tre,0.712408
exon_8627.fasta,exon_8627.tre,0.529436
exon_8628.fasta,exon_8628.tre,0.633302
exon_8629.fasta,exon_8629.tre,0.356450
exon_863.fasta,exon_863.tre,0.509930
exon_8630.fasta,exon_8630.tre,0.944522
exon_8633.fasta,exon_8633.tre,0.370263
exon_8634.fasta,exon_8634.tre,0.328660
exon_8635.fasta,exon_8635.tre,0.338061
exon_8636.fasta,exon_8636.tre,0.361173
exon_8637.fasta,exon_8637.tre,0.390312
exon_8639.fasta,exon_8639.tre,0.657758
exon_864.fasta,exon_864.tre,0.545408
exon_8640.fasta,exon_8640.tre,0.543176
exon_8641.fasta,exon_8641.tre,0.326167
exon_8642.fasta,exon_8642.tre,0.489890
exon_8643.fasta,exon_8643.tre,0.365311
exon_8644.fasta,exon_8644.tre,0.478667
exon_8646.fasta,exon_8646.tre,0.567900
exon_8648.fasta,exon_8648.tre,0.400906
exon_8649.fasta,exon_8649.tre,0.584816
exon_8651.fasta,exon_8651.tre,0.666778
exon_8653.fasta,exon_8653.tre,0.551723
exon_8654.fasta,exon_8654.tre,0.452280
exon_8655.fasta,exon_8655.tre,0.464000
exon_8656.fasta,exon_8656.tre,0.459973
exon_8658.fasta,exon_8658.tre,0.493770
exon_8659.fasta,exon_8659.tre,0.880125
exon_866.fasta,exon_866.tre,0.935114
exon_8660.fasta,exon_8660.tre,0.322512
exon_8662.fasta,exon_8662.tre,0.604110
exon_8663.fasta,exon_8663.tre,0.405836
exon_8664.fasta,exon_8664.tre,0.754510
exon_8665.fasta,exon_8665.tre,0.386518
exon_8666.fasta,exon_8666.tre,1.670102
exon_8667.fasta,exon_8667.tre,0.528925
exon_8668.fasta,exon_8668.tre,0.563354
exon_8669.fasta,exon_8669.tre,0.563050
exon_8671.fasta,exon_8671.tre,0.477872
exon_8673.fasta,exon_8673.tre,0.471469
exon_8674.fasta,exon_8674.tre,0.525779
exon_8675.fasta,exon_8675.tre,0.488083
exon_8676.fasta,exon_8676.tre,0.631281
exon_8677.fasta,exon_8677.tre,0.537007
exon_8679.fasta,exon_8679.tre,1.216876
exon_868.fasta,exon_868.tre,0.589318
exon_8680.fasta,exon_8680.tre,0.495234
exon_8681.fasta,exon_8681.tre,0.379893
exon_8682.fasta,exon_8682.tre,0.402784
exon_8683.fasta,exon_8683.tre,0.906991
exon_8685.fasta,exon_8685.tre,0.387197
exon_8686.fasta,exon_8686.tre,0.814161
exon_8688.fasta,exon_8688.tre,0.528254
exon_869.fasta,exon_869.tre,0.646564
exon_8690.fasta,exon_8690.tre,0.515486
exon_8691.fasta,exon_8691.tre,0.445212
exon_8692.fasta,exon_8692.tre,0.449029
exon_8694.fasta,exon_8694.tre,0.500323
exon_8695.fasta,exon_8695.tre,0.306792
exon_8696.fasta,exon_8696.tre,0.523893
exon_8697.fasta,exon_8697.tre,0.541618
exon_8698.fasta,exon_8698.tre,0.460614
exon_8699.fasta,exon_8699.tre,0.510052
exon_870.fasta,exon_870.tre,0.593931
exon_8700.fasta,exon_8700.tre,0.620986
exon_8701.fasta,exon_8701.tre,0.537642
exon_8702.fasta,exon_8702.tre,0.511806
exon_8703.fasta,exon_8703.tre,0.361042
exon_8704.fasta,exon_8704.tre,0.455980
exon_8706.fasta,exon_8706.tre,0.714589
exon_8707.fasta,exon_8707.tre,0.659949
exon_8708.fasta,exon_8708.tre,0.350048
exon_871.fasta,exon_871.tre,0.864786
exon_8712.fasta,exon_8712.tre,0.558535
exon_8713.fasta,exon_8713.tre,0.982801
exon_8714.fasta,exon_8714.tre,0.445828
exon_8715.fasta,exon_8715.tre,0.589553
exon_8716.fasta,exon_8716.tre,0.520202
exon_8717.fasta,exon_8717.tre,0.671881
exon_8719.fasta,exon_8719.tre,0.442548
exon_8720.fasta,exon_8720.tre,1.728116
exon_8721.fasta,exon_8721.tre,0.513400
exon_8722.fasta,exon_8722.tre,0.427602
exon_8723.fasta,exon_8723.tre,1.570197
exon_8724.fasta,exon_8724.tre,0.639571
exon_8726.fasta,exon_8726.tre,0.516240
exon_8727.fasta,exon_8727.tre,0.361906
exon_8728.fasta,exon_8728.tre,0.507699
exon_8729.fasta,exon_8729.tre,0.953409
exon_8731.fasta,exon_8731.tre,0.529598
exon_8732.fasta,exon_8732.tre,0.562845
exon_8735.fasta,exon_8735.tre,0.612718
exon_8736.fasta,exon_8736.tre,0.463755
exon_8738.fasta,exon_8738.tre,0.595658
exon_8742.fasta,exon_8742.tre,0.509570
exon_8743.fasta,exon_8743.tre,0.570589
exon_8744.fasta,exon_8744.tre,0.912336
exon_8745.fasta,exon_8745.tre,0.505459
exon_8746.fasta,exon_8746.tre,0.424946
exon_8747.fasta,exon_8747.tre,0.461916
exon_8748.fasta,exon_8748.tre,0.532662
exon_8749.fasta,exon_8749.tre,0.404673
exon_8750.fasta,exon_8750.tre,0.501213
exon_8752.fasta,exon_8752.tre,2.302609
exon_8753.fasta,exon_8753.tre,0.367439
exon_8754.fasta,exon_8754.tre,0.794395
exon_8755.fasta,exon_8755.tre,0.489936
exon_8756.fasta,exon_8756.tre,0.664823
exon_8758.fasta,exon_8758.tre,0.569431
exon_8759.fasta,exon_8759.tre,0.471004
exon_8760.fasta,exon_8760.tre,0.573472
exon_8761.fasta,exon_8761.tre,0.699635
exon_8763.fasta,exon_8763.tre,0.478787
exon_8766.fasta,exon_8766.tre,0.400067
exon_8768.fasta,exon_8768.tre,0.407489
exon_8769.fasta,exon_8769.tre,0.557796
exon_877.fasta,exon_877.tre,0.666376
exon_8770.fasta,exon_8770.tre,1.067038
exon_8771.fasta,exon_8771.tre,0.519646
exon_8772.fasta,exon_8772.tre,0.464778
exon_8773.fasta,exon_8773.tre,0.484859
exon_8774.fasta,exon_8774.tre,0.586889
exon_8775.fasta,exon_8775.tre,1.443787
exon_8776.fasta,exon_8776.tre,0.538782
exon_8777.fasta,exon_8777.tre,0.516852
exon_8778.fasta,exon_8778.tre,0.595408
exon_8779.fasta,exon_8779.tre,0.749374
exon_878.fasta,exon_878.tre,0.563588
exon_8780.fasta,exon_8780.tre,0.551320
exon_8782.fasta,exon_8782.tre,0.486608
exon_8783.fasta,exon_8783.tre,0.480232
exon_8785.fasta,exon_8785.tre,0.475499
exon_8787.fasta,exon_8787.tre,0.590061
exon_8788.fasta,exon_8788.tre,0.387890
exon_879.fasta,exon_879.tre,0.366663
exon_8790.fasta,exon_8790.tre,0.548258
exon_8791.fasta,exon_8791.tre,0.773670
exon_8792.fasta,exon_8792.tre,0.527648
exon_8794.fasta,exon_8794.tre,0.378115
exon_8795.fasta,exon_8795.tre,0.409176
exon_8796.fasta,exon_8796.tre,1.440351
exon_8797.fasta,exon_8797.tre,0.605640
exon_8799.fasta,exon_8799.tre,0.352656
exon_88.fasta,exon_88.tre,0.518525
exon_880.fasta,exon_880.tre,0.501071
exon_8800.fasta,exon_8800.tre,0.499170
exon_8801.fasta,exon_8801.tre,0.477711
exon_8802.fasta,exon_8802.tre,0.691731
exon_8803.fasta,exon_8803.tre,0.467747
exon_8804.fasta,exon_8804.tre,0.839272
exon_8807.fasta,exon_8807.tre,0.453061
exon_8808.fasta,exon_8808.tre,0.334178
exon_8809.fasta,exon_8809.tre,0.328161
exon_8811.fasta,exon_8811.tre,0.619809
exon_8813.fasta,exon_8813.tre,0.467217
exon_8814.fasta,exon_8814.tre,0.502492
exon_8815.fasta,exon_8815.tre,1.473143
exon_8816.fasta,exon_8816.tre,0.714667
exon_8818.fasta,exon_8818.tre,0.471183
exon_8820.fasta,exon_8820.tre,0.522249
exon_8821.fasta,exon_8821.tre,0.508581
exon_8825.fasta,exon_8825.tre,0.708837
exon_8827.fasta,exon_8827.tre,0.461983
exon_8828.fasta,exon_8828.tre,2.576324
exon_8829.fasta,exon_8829.tre,0.478759
exon_883.fasta,exon_883.tre,1.273588
exon_8831.fasta,exon_8831.tre,0.598642
exon_8832.fasta,exon_8832.tre,0.511380
exon_8833.fasta,exon_8833.tre,0.711297
exon_8834.fasta,exon_8834.tre,1.152871
exon_8836.fasta,exon_8836.tre,0.537815
exon_8837.fasta,exon_8837.tre,0.541277
exon_8838.fasta,exon_8838.tre,1.417796
exon_8839.fasta,exon_8839.tre,0.624283
exon_8840.fasta,exon_8840.tre,1.842375
exon_8841.fasta,exon_8841.tre,0.491366
exon_8843.fasta,exon_8843.tre,0.478391
exon_8844.fasta,exon_8844.tre,0.610672
exon_8845.fasta,exon_8845.tre,0.408710
exon_8846.fasta,exon_8846.tre,0.532818
exon_8847.fasta,exon_8847.tre,0.403522
exon_8848.fasta,exon_8848.tre,0.531441
exon_8849.fasta,exon_8849.tre,0.573425
exon_885.fasta,exon_885.tre,0.499816
exon_8851.fasta,exon_8851.tre,0.436572
exon_8852.fasta,exon_8852.tre,0.475070
exon_8854.fasta,exon_8854.tre,0.636993
exon_8857.fasta,exon_8857.tre,0.553082
exon_8858.fasta,exon_8858.tre,3.099511
exon_8859.fasta,exon_8859.tre,0.592161
exon_8860.fasta,exon_8860.tre,0.745253
exon_8861.fasta,exon_8861.tre,1.112378
exon_8862.fasta,exon_8862.tre,0.325052
exon_8863.fasta,exon_8863.tre,0.454847
exon_8864.fasta,exon_8864.tre,0.511748
exon_8865.fasta,exon_8865.tre,0.629288
exon_8866.fasta,exon_8866.tre,0.445528
exon_8867.fasta,exon_8867.tre,0.469038
exon_8868.fasta,exon_8868.tre,0.572684
exon_8869.fasta,exon_8869.tre,0.480238
exon_8870.fasta,exon_8870.tre,0.461904
exon_8871.fasta,exon_8871.tre,0.570253
exon_8872.fasta,exon_8872.tre,0.430307
exon_8873.fasta,exon_8873.tre,0.316629
exon_8874.fasta,exon_8874.tre,0.452372
exon_8876.fasta,exon_8876.tre,1.092379
exon_8877.fasta,exon_8877.tre,0.473390
exon_8878.fasta,exon_8878.tre,0.719482
exon_8879.fasta,exon_8879.tre,0.746892
exon_888.fasta,exon_888.tre,0.500331
exon_8880.fasta,exon_8880.tre,0.800471
exon_8883.fasta,exon_8883.tre,0.563692
exon_8884.fasta,exon_8884.tre,0.491490
exon_8885.fasta,exon_8885.tre,0.483840
exon_8886.fasta,exon_8886.tre,0.613261
exon_8887.fasta,exon_8887.tre,1.063356
exon_8888.fasta,exon_8888.tre,0.467513
exon_8889.fasta,exon_8889.tre,0.709680
exon_8890.fasta,exon_8890.tre,0.488873
exon_8894.fasta,exon_8894.tre,1.944722
exon_8895.fasta,exon_8895.tre,0.476221
exon_8896.fasta,exon_8896.tre,0.415371
exon_8897.fasta,exon_8897.tre,0.478802
exon_89.fasta,exon_89.tre,0.466365
exon_890.fasta,exon_890.tre,0.481369
exon_8901.fasta,exon_8901.tre,0.564108
exon_8903.fasta,exon_8903.tre,0.376607
exon_8904.fasta,exon_8904.tre,0.672338
exon_8905.fasta,exon_8905.tre,0.378254
exon_8906.fasta,exon_8906.tre,0.472824
exon_8907.fasta,exon_8907.tre,0.620408
exon_8908.fasta,exon_8908.tre,0.372201
exon_8909.fasta,exon_8909.tre,2.700678
exon_8912.fasta,exon_8912.tre,1.095182
exon_8913.fasta,exon_8913.tre,0.469019
exon_8914.fasta,exon_8914.tre,0.534397
exon_8915.fasta,exon_8915.tre,0.559380
exon_8916.fasta,exon_8916.tre,0.463131
exon_8917.fasta,exon_8917.tre,0.320990
exon_8918.fasta,exon_8918.tre,0.617695
exon_8919.fasta,exon_8919.tre,0.494961
exon_8920.fasta,exon_8920.tre,0.416305
exon_8921.fasta,exon_8921.tre,0.522972
exon_8922.fasta,exon_8922.tre,0.330831
exon_8923.fasta,exon_8923.tre,0.422977
exon_8924.fasta,exon_8924.tre,0.475275
exon_8925.fasta,exon_8925.tre,0.518820
exon_8926.fasta,exon_8926.tre,0.883938
exon_8927.fasta,exon_8927.tre,0.919502
exon_8929.fasta,exon_8929.tre,0.404623
exon_893.fasta,exon_893.tre,0.475286
exon_8930.fasta,exon_8930.tre,0.495711
exon_8931.fasta,exon_8931.tre,0.354399
exon_8932.fasta,exon_8932.tre,0.403355
exon_8933.fasta,exon_8933.tre,0.558787
exon_8935.fasta,exon_8935.tre,0.383817
exon_8937.fasta,exon_8937.tre,0.551297
exon_8939.fasta,exon_8939.tre,0.495824
exon_8940.fasta,exon_8940.tre,0.645125
exon_8942.fasta,exon_8942.tre,0.820236
exon_8943.fasta,exon_8943.tre,0.528252
exon_8944.fasta,exon_8944.tre,0.395953
exon_8945.fasta,exon_8945.tre,0.725544
exon_8946.fasta,exon_8946.tre,0.494689
exon_8947.fasta,exon_8947.tre,0.535757
exon_8948.fasta,exon_8948.tre,0.529116
exon_8949.fasta,exon_8949.tre,0.457719
exon_895.fasta,exon_895.tre,0.467220
exon_8950.fasta,exon_8950.tre,0.335678
exon_8952.fasta,exon_8952.tre,0.516480
exon_8954.fasta,exon_8954.tre,1.452869
exon_8955.fasta,exon_8955.tre,0.941103
exon_8956.fasta,exon_8956.tre,0.556422
exon_8957.fasta,exon_8957.tre,0.514050
exon_8958.fasta,exon_8958.tre,0.355763
exon_8959.fasta,exon_8959.tre,0.375499
exon_8961.fasta,exon_8961.tre,0.717825
exon_8965.fasta,exon_8965.tre,0.358991
exon_8966.fasta,exon_8966.tre,0.517051
exon_8967.fasta,exon_8967.tre,0.418875
exon_8968.fasta,exon_8968.tre,0.553222
exon_8969.fasta,exon_8969.tre,0.634771
exon_8971.fasta,exon_8971.tre,0.564458
exon_8972.fasta,exon_8972.tre,0.558327
exon_8973.fasta,exon_8973.tre,0.465820
exon_8974.fasta,exon_8974.tre,0.351235
exon_8977.fasta,exon_8977.tre,0.476026
exon_8979.fasta,exon_8979.tre,0.540428
exon_898.fasta,exon_898.tre,0.687391
exon_8980.fasta,exon_8980.tre,0.719297
exon_8981.fasta,exon_8981.tre,0.512920
exon_8982.fasta,exon_8982.tre,0.455639
exon_8983.fasta,exon_8983.tre,0.692108
exon_8984.fasta,exon_8984.tre,0.590834
exon_8985.fasta,exon_8985.tre,0.554306
exon_8986.fasta,exon_8986.tre,0.509546
exon_8987.fasta,exon_8987.tre,1.174030
exon_8988.fasta,exon_8988.tre,0.657265
exon_8989.fasta,exon_8989.tre,0.307745
exon_8991.fasta,exon_8991.tre,0.470874
exon_8992.fasta,exon_8992.tre,0.421424
exon_8994.fasta,exon_8994.tre,0.407928
exon_8995.fasta,exon_8995.tre,0.497273
exon_8996.fasta,exon_8996.tre,0.564046
exon_8997.fasta,exon_8997.tre,0.320054
exon_8998.fasta,exon_8998.tre,0.590480
exon_8999.fasta,exon_8999.tre,0.607356
exon_90.fasta,exon_90.tre,0.524159
exon_9000.fasta,exon_9000.tre,0.547053
exon_9002.fasta,exon_9002.tre,0.649714
exon_9004.fasta,exon_9004.tre,0.580167
exon_9005.fasta,exon_9005.tre,0.372311
exon_9006.fasta,exon_9006.tre,0.489549
exon_9008.fasta,exon_9008.tre,0.493807
exon_9009.fasta,exon_9009.tre,0.572940
exon_9010.fasta,exon_9010.tre,0.483175
exon_9011.fasta,exon_9011.tre,0.562473
exon_9012.fasta,exon_9012.tre,1.148766
exon_9013.fasta,exon_9013.tre,0.457297
exon_9014.fasta,exon_9014.tre,0.324997
exon_9015.fasta,exon_9015.tre,0.556081
exon_9019.fasta,exon_9019.tre,0.573709
exon_9020.fasta,exon_9020.tre,1.353322
exon_9021.fasta,exon_9021.tre,1.257182
exon_9022.fasta,exon_9022.tre,0.550726
exon_9023.fasta,exon_9023.tre,0.562270
exon_9024.fasta,exon_9024.tre,0.528854
exon_9025.fasta,exon_9025.tre,0.530749
exon_9026.fasta,exon_9026.tre,0.479784
exon_9028.fasta,exon_9028.tre,0.505774
exon_9029.fasta,exon_9029.tre,0.438239
exon_903.fasta,exon_903.tre,0.577050
exon_9030.fasta,exon_9030.tre,0.621761
exon_9031.fasta,exon_9031.tre,0.843896
exon_9032.fasta,exon_9032.tre,0.769824
exon_9033.fasta,exon_9033.tre,0.566993
exon_9034.fasta,exon_9034.tre,0.945290
exon_9035.fasta,exon_9035.tre,0.797012
exon_9036.fasta,exon_9036.tre,0.353882
exon_9038.fasta,exon_9038.tre,0.534081
exon_9039.fasta,exon_9039.tre,0.320506
exon_9040.fasta,exon_9040.tre,0.803100
exon_9041.fasta,exon_9041.tre,0.515538
exon_9042.fasta,exon_9042.tre,0.585487
exon_9043.fasta,exon_9043.tre,0.645686
exon_9044.fasta,exon_9044.tre,0.475719
exon_9045.fasta,exon_9045.tre,0.503341
exon_9047.fasta,exon_9047.tre,0.394569
exon_9049.fasta,exon_9049.tre,0.522997
exon_9053.fasta,exon_9053.tre,0.488437
exon_9056.fasta,exon_9056.tre,0.482526
exon_9057.fasta,exon_9057.tre,1.710168
exon_9058.fasta,exon_9058.tre,0.517487
exon_9062.fasta,exon_9062.tre,0.555864
exon_9063.fasta,exon_9063.tre,0.483171
exon_9064.fasta,exon_9064.tre,0.475204
exon_9065.fasta,exon_9065.tre,0.601668
exon_9066.fasta,exon_9066.tre,0.565174
exon_9068.fasta,exon_9068.tre,0.497850
exon_9069.fasta,exon_9069.tre,0.708750
exon_907.fasta,exon_907.tre,0.612406
exon_9070.fasta,exon_9070.tre,0.405573
exon_9071.fasta,exon_9071.tre,1.464199
exon_9073.fasta,exon_9073.tre,0.512421
exon_9074.fasta,exon_9074.tre,0.587830
exon_9075.fasta,exon_9075.tre,1.722435
exon_9077.fasta,exon_9077.tre,0.562260
exon_9078.fasta,exon_9078.tre,0.467993
exon_9079.fasta,exon_9079.tre,0.412521
exon_908.fasta,exon_908.tre,0.640705
exon_9082.fasta,exon_9082.tre,1.424530
exon_9083.fasta,exon_9083.tre,0.495585
exon_9084.fasta,exon_9084.tre,0.525418
exon_9085.fasta,exon_9085.tre,0.535798
exon_9087.fasta,exon_9087.tre,0.465687
exon_9088.fasta,exon_9088.tre,0.564592
exon_9090.fasta,exon_9090.tre,0.361250
exon_9091.fasta,exon_9091.tre,0.663138
exon_9093.fasta,exon_9093.tre,0.412878
exon_9094.fasta,exon_9094.tre,0.691255
exon_9098.fasta,exon_9098.tre,0.486864
exon_91.fasta,exon_91.tre,0.602020
exon_910.fasta,exon_910.tre,0.412936
exon_9100.fasta,exon_9100.tre,0.493139
exon_9101.fasta,exon_9101.tre,0.496696
exon_9103.fasta,exon_9103.tre,0.489209
exon_9105.fasta,exon_9105.tre,3.251861
exon_9106.fasta,exon_9106.tre,0.471904
exon_9107.fasta,exon_9107.tre,0.538062
exon_9110.fasta,exon_9110.tre,0.540930
exon_9114.fasta,exon_9114.tre,0.479396
exon_9115.fasta,exon_9115.tre,0.564472
exon_9117.fasta,exon_9117.tre,0.545370
exon_9118.fasta,exon_9118.tre,0.720453
exon_9119.fasta,exon_9119.tre,0.502564
exon_9121.fasta,exon_9121.tre,0.300407
exon_9123.fasta,exon_9123.tre,0.539036
exon_9125.fasta,exon_9125.tre,0.717380
exon_9126.fasta,exon_9126.tre,0.319883
exon_9129.fasta,exon_9129.tre,0.538323
exon_9130.fasta,exon_9130.tre,0.684907
exon_9132.fasta,exon_9132.tre,0.562110
exon_9133.fasta,exon_9133.tre,0.571540
exon_9134.fasta,exon_9134.tre,0.555353
exon_9135.fasta,exon_9135.tre,0.526486
exon_9136.fasta,exon_9136.tre,0.488628
exon_9137.fasta,exon_9137.tre,0.506255
exon_9138.fasta,exon_9138.tre,0.661012
exon_9139.fasta,exon_9139.tre,0.565440
exon_914.fasta,exon_914.tre,0.447777
exon_9141.fasta,exon_9141.tre,0.525318
exon_9142.fasta,exon_9142.tre,0.433561
exon_9144.fasta,exon_9144.tre,0.614864
exon_9145.fasta,exon_9145.tre,0.656188
exon_9147.fasta,exon_9147.tre,0.513206
exon_9148.fasta,exon_9148.tre,0.636662
exon_915.fasta,exon_915.tre,0.749225
exon_9150.fasta,exon_9150.tre,0.540901
exon_9151.fasta,exon_9151.tre,0.497205
exon_9152.fasta,exon_9152.tre,0.503309
exon_9153.fasta,exon_9153.tre,0.323179
exon_9154.fasta,exon_9154.tre,0.441842
exon_9155.fasta,exon_9155.tre,0.477454
exon_9156.fasta,exon_9156.tre,0.420772
exon_9157.fasta,exon_9157.tre,0.659240
exon_9158.fasta,exon_9158.tre,0.735299
exon_9159.fasta,exon_9159.tre,0.457651
exon_916.fasta,exon_916.tre,0.704432
exon_9162.fasta,exon_9162.tre,0.699554
exon_9164.fasta,exon_9164.tre,0.492529
exon_9166.fasta,exon_9166.tre,0.554107
exon_9167.fasta,exon_9167.tre,0.420245
exon_9168.fasta,exon_9168.tre,0.505651
exon_9169.fasta,exon_9169.tre,0.502627
exon_917.fasta,exon_917.tre,0.497252
exon_9170.fasta,exon_9170.tre,0.665466
exon_9171.fasta,exon_9171.tre,0.410340
exon_9172.fasta,exon_9172.tre,0.924000
exon_9173.fasta,exon_9173.tre,0.496137
exon_9174.fasta,exon_9174.tre,0.516986
exon_9175.fasta,exon_9175.tre,0.416898
exon_9176.fasta,exon_9176.tre,0.398748
exon_9177.fasta,exon_9177.tre,1.203669
exon_9178.fasta,exon_9178.tre,0.457864
exon_9179.fasta,exon_9179.tre,0.580792
exon_918.fasta,exon_918.tre,0.546189
exon_9180.fasta,exon_9180.tre,0.452999
exon_9182.fasta,exon_9182.tre,0.632660
exon_9183.fasta,exon_9183.tre,0.570502
exon_9184.fasta,exon_9184.tre,0.787961
exon_9185.fasta,exon_9185.tre,0.384007
exon_9186.fasta,exon_9186.tre,0.686890
exon_9187.fasta,exon_9187.tre,0.513544
exon_9188.fasta,exon_9188.tre,0.638024
exon_919.fasta,exon_919.tre,0.362268
exon_9190.fasta,exon_9190.tre,0.361165
exon_9191.fasta,exon_9191.tre,0.669233
exon_9192.fasta,exon_9192.tre,0.408841
exon_9193.fasta,exon_9193.tre,0.526751
exon_9196.fasta,exon_9196.tre,0.609446
exon_9197.fasta,exon_9197.tre,0.524494
exon_920.fasta,exon_920.tre,0.605902
exon_9200.fasta,exon_9200.tre,0.366484
exon_9201.fasta,exon_9201.tre,1.723918
exon_9203.fasta,exon_9203.tre,0.521719
exon_9205.fasta,exon_9205.tre,0.545951
exon_9206.fasta,exon_9206.tre,0.447386
exon_9207.fasta,exon_9207.tre,0.611400
exon_9208.fasta,exon_9208.tre,0.500623
exon_9209.fasta,exon_9209.tre,0.579362
exon_921.fasta,exon_921.tre,0.576968
exon_9213.fasta,exon_9213.tre,0.600243
exon_9214.fasta,exon_9214.tre,0.451249
exon_9215.fasta,exon_9215.tre,0.482469
exon_9216.fasta,exon_9216.tre,0.403185
exon_9217.fasta,exon_9217.tre,0.406568
exon_9218.fasta,exon_9218.tre,0.393906
exon_9219.fasta,exon_9219.tre,0.784654
exon_9220.fasta,exon_9220.tre,1.773283
exon_9223.fasta,exon_9223.tre,1.965195
exon_9224.fasta,exon_9224.tre,0.621103
exon_9225.fasta,exon_9225.tre,0.515901
exon_9226.fasta,exon_9226.tre,0.475468
exon_9227.fasta,exon_9227.tre,0.396491
exon_9228.fasta,exon_9228.tre,0.413852
exon_9229.fasta,exon_9229.tre,0.540018
exon_923.fasta,exon_923.tre,2.054580
exon_9230.fasta,exon_9230.tre,0.502510
exon_9231.fasta,exon_9231.tre,0.700066
exon_9232.fasta,exon_9232.tre,0.490339
exon_9234.fasta,exon_9234.tre,0.381222
exon_9235.fasta,exon_9235.tre,0.683719
exon_9236.fasta,exon_9236.tre,0.353149
exon_924.fasta,exon_924.tre,0.514283
exon_9240.fasta,exon_9240.tre,0.646592
exon_9241.fasta,exon_9241.tre,0.662004
exon_9242.fasta,exon_9242.tre,0.731496
exon_9243.fasta,exon_9243.tre,0.434736
exon_9244.fasta,exon_9244.tre,0.522744
exon_9246.fasta,exon_9246.tre,0.618403
exon_9247.fasta,exon_9247.tre,0.495526
exon_9248.fasta,exon_9248.tre,0.535969
exon_9249.fasta,exon_9249.tre,0.675997
exon_925.fasta,exon_925.tre,0.634892
exon_9250.fasta,exon_9250.tre,0.594392
exon_9251.fasta,exon_9251.tre,0.845984
exon_9252.fasta,exon_9252.tre,0.446143
exon_9253.fasta,exon_9253.tre,0.442543
exon_9254.fasta,exon_9254.tre,0.701656
exon_9255.fasta,exon_9255.tre,0.521498
exon_9257.fasta,exon_9257.tre,0.455654
exon_9258.fasta,exon_9258.tre,0.634985
exon_9259.fasta,exon_9259.tre,0.404932
exon_926.fasta,exon_926.tre,0.463724
exon_9260.fasta,exon_9260.tre,0.667923
exon_9261.fasta,exon_9261.tre,0.332864
exon_9262.fasta,exon_9262.tre,0.550956
exon_9263.fasta,exon_9263.tre,0.565013
exon_9264.fasta,exon_9264.tre,0.573889
exon_9266.fasta,exon_9266.tre,1.208462
exon_9267.fasta,exon_9267.tre,0.428307
exon_9269.fasta,exon_9269.tre,1.481060
exon_9272.fasta,exon_9272.tre,0.463019
exon_9273.fasta,exon_9273.tre,1.198930
exon_9277.fasta,exon_9277.tre,0.438274
exon_9278.fasta,exon_9278.tre,0.636046
exon_9279.fasta,exon_9279.tre,0.528874
exon_9281.fasta,exon_9281.tre,0.589946
exon_9283.fasta,exon_9283.tre,0.529350
exon_9284.fasta,exon_9284.tre,0.452626
exon_9285.fasta,exon_9285.tre,0.321657
exon_9286.fasta,exon_9286.tre,1.000044
exon_9287.fasta,exon_9287.tre,0.586390
exon_9288.fasta,exon_9288.tre,1.075064
exon_9289.fasta,exon_9289.tre,0.599108
exon_9293.fasta,exon_9293.tre,0.407195
exon_9294.fasta,exon_9294.tre,0.457047
exon_9296.fasta,exon_9296.tre,0.555085
exon_9297.fasta,exon_9297.tre,0.794302
exon_9298.fasta,exon_9298.tre,0.467474
exon_93.fasta,exon_93.tre,0.427195
exon_930.fasta,exon_930.tre,0.357824
exon_9300.fasta,exon_9300.tre,0.721203
exon_9301.fasta,exon_9301.tre,0.374310
exon_9306.fasta,exon_9306.tre,0.547056
exon_9307.fasta,exon_9307.tre,0.660510
exon_9308.fasta,exon_9308.tre,1.422603
exon_9309.fasta,exon_9309.tre,0.724808
exon_931.fasta,exon_931.tre,0.438384
exon_9310.fasta,exon_9310.tre,0.487917
exon_9311.fasta,exon_9311.tre,0.344679
exon_9315.fasta,exon_9315.tre,0.408179
exon_9316.fasta,exon_9316.tre,0.508641
exon_9317.fasta,exon_9317.tre,1.069557
exon_9320.fasta,exon_9320.tre,0.406219
exon_9321.fasta,exon_9321.tre,0.378958
exon_9324.fasta,exon_9324.tre,0.794769
exon_9325.fasta,exon_9325.tre,0.479434
exon_9326.fasta,exon_9326.tre,0.624592
exon_9328.fasta,exon_9328.tre,4.529710
exon_9331.fasta,exon_9331.tre,0.733825
exon_9332.fasta,exon_9332.tre,0.511375
exon_9334.fasta,exon_9334.tre,0.655579
exon_9336.fasta,exon_9336.tre,1.303444
exon_9338.fasta,exon_9338.tre,0.580783
exon_9340.fasta,exon_9340.tre,0.424988
exon_9341.fasta,exon_9341.tre,0.567251
exon_9342.fasta,exon_9342.tre,0.678109
exon_9343.fasta,exon_9343.tre,0.566583
exon_9344.fasta,exon_9344.tre,0.384320
exon_9345.fasta,exon_9345.tre,0.362948
exon_9346.fasta,exon_9346.tre,0.665233
exon_9347.fasta,exon_9347.tre,0.508773
exon_9349.fasta,exon_9349.tre,0.586848
exon_9350.fasta,exon_9350.tre,0.526968
exon_9352.fasta,exon_9352.tre,0.499084
exon_9353.fasta,exon_9353.tre,0.471725
exon_9354.fasta,exon_9354.tre,0.409101
exon_9355.fasta,exon_9355.tre,0.575005
exon_9356.fasta,exon_9356.tre,0.560019
exon_9357.fasta,exon_9357.tre,0.884630
exon_9359.fasta,exon_9359.tre,0.682627
exon_936.fasta,exon_936.tre,1.023139
exon_9361.fasta,exon_9361.tre,0.368874
exon_9362.fasta,exon_9362.tre,1.911904
exon_9364.fasta,exon_9364.tre,0.642261
exon_9365.fasta,exon_9365.tre,0.477565
exon_9366.fasta,exon_9366.tre,0.510312
exon_9367.fasta,exon_9367.tre,1.726334
exon_9368.fasta,exon_9368.tre,0.409681
exon_9369.fasta,exon_9369.tre,0.466327
exon_9370.fasta,exon_9370.tre,1.378237
exon_9371.fasta,exon_9371.tre,0.679705
exon_9372.fasta,exon_9372.tre,0.456790
exon_9373.fasta,exon_9373.tre,0.800957
exon_9374.fasta,exon_9374.tre,0.448193
exon_9375.fasta,exon_9375.tre,0.665055
exon_9377.fasta,exon_9377.tre,0.689473
exon_9378.fasta,exon_9378.tre,0.414172
exon_9379.fasta,exon_9379.tre,0.639174
exon_938.fasta,exon_938.tre,0.608132
exon_9382.fasta,exon_9382.tre,0.553545
exon_9383.fasta,exon_9383.tre,0.406790
exon_9384.fasta,exon_9384.tre,0.520168
exon_9387.fasta,exon_9387.tre,0.882740
exon_9388.fasta,exon_9388.tre,0.713692
exon_9389.fasta,exon_9389.tre,0.689656
exon_9390.fasta,exon_9390.tre,1.125329
exon_9394.fasta,exon_9394.tre,0.301107
exon_9395.fasta,exon_9395.tre,0.622645
exon_9396.fasta,exon_9396.tre,0.525147
exon_9397.fasta,exon_9397.tre,0.495502
exon_9398.fasta,exon_9398.tre,0.524802
exon_940.fasta,exon_940.tre,1.708719
exon_9400.fasta,exon_9400.tre,1.104898
exon_9401.fasta,exon_9401.tre,0.446656
exon_9402.fasta,exon_9402.tre,0.713933
exon_9403.fasta,exon_9403.tre,0.505962
exon_9404.fasta,exon_9404.tre,0.372485
exon_9405.fasta,exon_9405.tre,0.674300
exon_9407.fasta,exon_9407.tre,1.404870
exon_9408.fasta,exon_9408.tre,0.571526
exon_941.fasta,exon_941.tre,0.510857
exon_9410.fasta,exon_9410.tre,0.512150
exon_9412.fasta,exon_9412.tre,0.420780
exon_9413.fasta,exon_9413.tre,0.495978
exon_9414.fasta,exon_9414.tre,0.569064
exon_9415.fasta,exon_9415.tre,0.619715
exon_9417.fasta,exon_9417.tre,1.027840
exon_9418.fasta,exon_9418.tre,0.348051
exon_9419.fasta,exon_9419.tre,0.573299
exon_942.fasta,exon_942.tre,0.794029
exon_9420.fasta,exon_9420.tre,0.344938
exon_9421.fasta,exon_9421.tre,0.625435
exon_9423.fasta,exon_9423.tre,0.397862
exon_9424.fasta,exon_9424.tre,0.724854
exon_9425.fasta,exon_9425.tre,2.030039
exon_9427.fasta,exon_9427.tre,0.692996
exon_9430.fasta,exon_9430.tre,0.517556
exon_9433.fasta,exon_9433.tre,0.410046
exon_9436.fasta,exon_9436.tre,0.350367
exon_9437.fasta,exon_9437.tre,0.366399
exon_9438.fasta,exon_9438.tre,0.711235
exon_9439.fasta,exon_9439.tre,0.432181
exon_9441.fasta,exon_9441.tre,0.563302
exon_9442.fasta,exon_9442.tre,1.003937
exon_9443.fasta,exon_9443.tre,0.338184
exon_9444.fasta,exon_9444.tre,0.506757
exon_9445.fasta,exon_9445.tre,0.516114
exon_9448.fasta,exon_9448.tre,0.333511
exon_9450.fasta,exon_9450.tre,0.329521
exon_9452.fasta,exon_9452.tre,0.539679
exon_9453.fasta,exon_9453.tre,0.399618
exon_9455.fasta,exon_9455.tre,0.620482
exon_9457.fasta,exon_9457.tre,0.580902
exon_9460.fasta,exon_9460.tre,0.659055
exon_9461.fasta,exon_9461.tre,0.420335
exon_9462.fasta,exon_9462.tre,0.483999
exon_9463.fasta,exon_9463.tre,0.831012
exon_9464.fasta,exon_9464.tre,0.630368
exon_9465.fasta,exon_9465.tre,0.500946
exon_9466.fasta,exon_9466.tre,0.403341
exon_9467.fasta,exon_9467.tre,0.530485
exon_947.fasta,exon_947.tre,0.563067
exon_9471.fasta,exon_9471.tre,0.519206
exon_9472.fasta,exon_9472.tre,0.359835
exon_9473.fasta,exon_9473.tre,0.378958
exon_9474.fasta,exon_9474.tre,0.421522
exon_9476.fasta,exon_9476.tre,0.715296
exon_9478.fasta,exon_9478.tre,0.753161
exon_9479.fasta,exon_9479.tre,0.346723
exon_9480.fasta,exon_9480.tre,0.385601
exon_9481.fasta,exon_9481.tre,0.547944
exon_9482.fasta,exon_9482.tre,0.358153
exon_9483.fasta,exon_9483.tre,0.462595
exon_9484.fasta,exon_9484.tre,0.723011
exon_9485.fasta,exon_9485.tre,0.401654
exon_9487.fasta,exon_9487.tre,0.457769
exon_9488.fasta,exon_9488.tre,0.364643
exon_9489.fasta,exon_9489.tre,0.656084
exon_9490.fasta,exon_9490.tre,0.543155
exon_9491.fasta,exon_9491.tre,0.646651
exon_9492.fasta,exon_9492.tre,0.428468
exon_9493.fasta,exon_9493.tre,2.184999
exon_9494.fasta,exon_9494.tre,0.658924
exon_9495.fasta,exon_9495.tre,0.322042
exon_9496.fasta,exon_9496.tre,0.565795
exon_9498.fasta,exon_9498.tre,0.362895
exon_9499.fasta,exon_9499.tre,1.254287
exon_9502.fasta,exon_9502.tre,1.391353
exon_9503.fasta,exon_9503.tre,0.490416
exon_9504.fasta,exon_9504.tre,0.551745
exon_9505.fasta,exon_9505.tre,0.662812
exon_9506.fasta,exon_9506.tre,0.874363
exon_9507.fasta,exon_9507.tre,0.502071
exon_9509.fasta,exon_9509.tre,0.623107
exon_9511.fasta,exon_9511.tre,0.353310
exon_9512.fasta,exon_9512.tre,0.538711
exon_9514.fasta,exon_9514.tre,1.489022
exon_9515.fasta,exon_9515.tre,0.700573
exon_9517.fasta,exon_9517.tre,0.762282
exon_9518.fasta,exon_9518.tre,0.356361
exon_9519.fasta,exon_9519.tre,0.874995
exon_952.fasta,exon_952.tre,0.485109
exon_9520.fasta,exon_9520.tre,0.380147
exon_9521.fasta,exon_9521.tre,0.570001
exon_9524.fasta,exon_9524.tre,0.363504
exon_9525.fasta,exon_9525.tre,0.714940
exon_9526.fasta,exon_9526.tre,0.456532
exon_9527.fasta,exon_9527.tre,0.745084
exon_9528.fasta,exon_9528.tre,0.422828
exon_9529.fasta,exon_9529.tre,0.521513
exon_953.fasta,exon_953.tre,0.423603
exon_9530.fasta,exon_9530.tre,0.937145
exon_9531.fasta,exon_9531.tre,0.545435
exon_9532.fasta,exon_9532.tre,0.675883
exon_9533.fasta,exon_9533.tre,0.524904
exon_9534.fasta,exon_9534.tre,0.396091
exon_9535.fasta,exon_9535.tre,0.496618
exon_9536.fasta,exon_9536.tre,0.417048
exon_9537.fasta,exon_9537.tre,0.363009
exon_9539.fasta,exon_9539.tre,0.555985
exon_954.fasta,exon_954.tre,0.502281
exon_9540.fasta,exon_9540.tre,0.795938
exon_9541.fasta,exon_9541.tre,1.931416
exon_9543.fasta,exon_9543.tre,0.329916
exon_9545.fasta,exon_9545.tre,0.344754
exon_9546.fasta,exon_9546.tre,0.365121
exon_9547.fasta,exon_9547.tre,0.684223
exon_9549.fasta,exon_9549.tre,0.552916
exon_9551.fasta,exon_9551.tre,0.415043
exon_9554.fasta,exon_9554.tre,0.703284
exon_9555.fasta,exon_9555.tre,0.624301
exon_9556.fasta,exon_9556.tre,0.549225
exon_9557.fasta,exon_9557.tre,0.539191
exon_9558.fasta,exon_9558.tre,0.477371
exon_9559.fasta,exon_9559.tre,0.325882
exon_956.fasta,exon_956.tre,0.557955
exon_9560.fasta,exon_9560.tre,0.426672
exon_9561.fasta,exon_9561.tre,0.598222
exon_9562.fasta,exon_9562.tre,0.407932
exon_9563.fasta,exon_9563.tre,0.484575
exon_9564.fasta,exon_9564.tre,0.788403
exon_9565.fasta,exon_9565.tre,0.606380
exon_9566.fasta,exon_9566.tre,0.562274
exon_9567.fasta,exon_9567.tre,0.463761
exon_9568.fasta,exon_9568.tre,0.759432
exon_9569.fasta,exon_9569.tre,0.444703
exon_9570.fasta,exon_9570.tre,0.622156
exon_9571.fasta,exon_9571.tre,0.332267
exon_9572.fasta,exon_9572.tre,0.509303
exon_9573.fasta,exon_9573.tre,0.691332
exon_9575.fasta,exon_9575.tre,0.558814
exon_9577.fasta,exon_9577.tre,0.573915
exon_9578.fasta,exon_9578.tre,0.524742
exon_9579.fasta,exon_9579.tre,0.559601
exon_958.fasta,exon_958.tre,0.483736
exon_9580.fasta,exon_9580.tre,0.779864
exon_9583.fasta,exon_9583.tre,0.490023
exon_9584.fasta,exon_9584.tre,1.015479
exon_9585.fasta,exon_9585.tre,0.385345
exon_9587.fasta,exon_9587.tre,0.549627
exon_9588.fasta,exon_9588.tre,0.537555
exon_9589.fasta,exon_9589.tre,0.561530
exon_959.fasta,exon_959.tre,0.482577
exon_9590.fasta,exon_9590.tre,0.810180
exon_9591.fasta,exon_9591.tre,1.489659
exon_9592.fasta,exon_9592.tre,0.468464
exon_9594.fasta,exon_9594.tre,0.506710
exon_9595.fasta,exon_9595.tre,0.621091
exon_9596.fasta,exon_9596.tre,0.509691
exon_9597.fasta,exon_9597.tre,0.935629
exon_9598.fasta,exon_9598.tre,0.510841
exon_9599.fasta,exon_9599.tre,0.569660
exon_960.fasta,exon_960.tre,0.591236
exon_9600.fasta,exon_9600.tre,1.329837
exon_9601.fasta,exon_9601.tre,0.677351
exon_9602.fasta,exon_9602.tre,0.551183
exon_9603.fasta,exon_9603.tre,0.544276
exon_9604.fasta,exon_9604.tre,0.365342
exon_9605.fasta,exon_9605.tre,0.508982
exon_9606.fasta,exon_9606.tre,0.555542
exon_9607.fasta,exon_9607.tre,0.512282
exon_9608.fasta,exon_9608.tre,0.547899
exon_9609.fasta,exon_9609.tre,0.377113
exon_961.fasta,exon_961.tre,0.448609
exon_9610.fasta,exon_9610.tre,0.350251
exon_9611.fasta,exon_9611.tre,0.561488
exon_9612.fasta,exon_9612.tre,0.723661
exon_9613.fasta,exon_9613.tre,0.614312
exon_9614.fasta,exon_9614.tre,0.364726
exon_9615.fasta,exon_9615.tre,0.613309
exon_9616.fasta,exon_9616.tre,0.481066
exon_9617.fasta,exon_9617.tre,0.417260
exon_9618.fasta,exon_9618.tre,0.916046
exon_962.fasta,exon_962.tre,0.419702
exon_9620.fasta,exon_9620.tre,0.665946
exon_9621.fasta,exon_9621.tre,0.563612
exon_9625.fasta,exon_9625.tre,0.428635
exon_9626.fasta,exon_9626.tre,0.634650
exon_9627.fasta,exon_9627.tre,0.421763
exon_9629.fasta,exon_9629.tre,0.453072
exon_9630.fasta,exon_9630.tre,0.542847
exon_9632.fasta,exon_9632.tre,0.593663
exon_9633.fasta,exon_9633.tre,1.244889
exon_9634.fasta,exon_9634.tre,0.545660
exon_9635.fasta,exon_9635.tre,0.439552
exon_9636.fasta,exon_9636.tre,0.662453
exon_9637.fasta,exon_9637.tre,2.679016
exon_9639.fasta,exon_9639.tre,1.731412
exon_9642.fasta,exon_9642.tre,0.551722
exon_9643.fasta,exon_9643.tre,0.724216
exon_9644.fasta,exon_9644.tre,0.738593
exon_9645.fasta,exon_9645.tre,0.325995
exon_9646.fasta,exon_9646.tre,0.417583
exon_9647.fasta,exon_9647.tre,0.342732
exon_9648.fasta,exon_9648.tre,0.489708
exon_9649.fasta,exon_9649.tre,0.694291
exon_965.fasta,exon_965.tre,0.417457
exon_9651.fasta,exon_9651.tre,0.623937
exon_9653.fasta,exon_9653.tre,0.451893
exon_9654.fasta,exon_9654.tre,0.554257
exon_9655.fasta,exon_9655.tre,0.663726
exon_9658.fasta,exon_9658.tre,0.602018
exon_9659.fasta,exon_9659.tre,0.883904
exon_966.fasta,exon_966.tre,0.409440
exon_9660.fasta,exon_9660.tre,0.869623
exon_9663.fasta,exon_9663.tre,0.484385
exon_9664.fasta,exon_9664.tre,0.488683
exon_9666.fasta,exon_9666.tre,0.539527
exon_9668.fasta,exon_9668.tre,0.326948
exon_9670.fasta,exon_9670.tre,0.723637
exon_9672.fasta,exon_9672.tre,0.415497
exon_9673.fasta,exon_9673.tre,0.467035
exon_9674.fasta,exon_9674.tre,0.495204
exon_9675.fasta,exon_9675.tre,0.588958
exon_9676.fasta,exon_9676.tre,0.481365
exon_9678.fasta,exon_9678.tre,1.498749
exon_9680.fasta,exon_9680.tre,0.552489
exon_9681.fasta,exon_9681.tre,0.951255
exon_9682.fasta,exon_9682.tre,0.417138
exon_9686.fasta,exon_9686.tre,0.615308
exon_9687.fasta,exon_9687.tre,0.586257
exon_9688.fasta,exon_9688.tre,0.659456
exon_9689.fasta,exon_9689.tre,0.514939
exon_969.fasta,exon_969.tre,1.050812
exon_9690.fasta,exon_9690.tre,0.581932
exon_9692.fasta,exon_9692.tre,0.513427
exon_9696.fasta,exon_9696.tre,0.679369
exon_9697.fasta,exon_9697.tre,0.769530
exon_9699.fasta,exon_9699.tre,0.631570
exon_9701.fasta,exon_9701.tre,0.859757
exon_9702.fasta,exon_9702.tre,0.635532
exon_9703.fasta,exon_9703.tre,0.340715
exon_9705.fasta,exon_9705.tre,0.927931
exon_9706.fasta,exon_9706.tre,0.341354
exon_9707.fasta,exon_9707.tre,0.676012
exon_9708.fasta,exon_9708.tre,0.645683
exon_9710.fasta,exon_9710.tre,0.591993
exon_9711.fasta,exon_9711.tre,0.537262
exon_9712.fasta,exon_9712.tre,0.478886
exon_9714.fasta,exon_9714.tre,0.406407
exon_9717.fasta,exon_9717.tre,0.403220
exon_9719.fasta,exon_9719.tre,0.571332
exon_9721.fasta,exon_9721.tre,0.378728
exon_9722.fasta,exon_9722.tre,0.542049
exon_9724.fasta,exon_9724.tre,0.463129
exon_9725.fasta,exon_9725.tre,1.025182
exon_9726.fasta,exon_9726.tre,0.727256
exon_9727.fasta,exon_9727.tre,0.452647
exon_9728.fasta,exon_9728.tre,0.376169
exon_9729.fasta,exon_9729.tre,0.576189
exon_9730.fasta,exon_9730.tre,0.680942
exon_9731.fasta,exon_9731.tre,0.548121
exon_9732.fasta,exon_9732.tre,0.635687
exon_9733.fasta,exon_9733.tre,0.482769
exon_9734.fasta,exon_9734.tre,0.510019
exon_9735.fasta,exon_9735.tre,0.400522
exon_9737.fasta,exon_9737.tre,0.397500
exon_9738.fasta,exon_9738.tre,0.652468
exon_9739.fasta,exon_9739.tre,0.462085
exon_974.fasta,exon_974.tre,0.412963
exon_9741.fasta,exon_9741.tre,0.626699
exon_9743.fasta,exon_9743.tre,0.371724
exon_9744.fasta,exon_9744.tre,0.567803
exon_9745.fasta,exon_9745.tre,0.558306
exon_9747.fasta,exon_9747.tre,1.796455
exon_9748.fasta,exon_9748.tre,0.509745
exon_9749.fasta,exon_9749.tre,0.399677
exon_975.fasta,exon_975.tre,0.459569
exon_9750.fasta,exon_9750.tre,0.504828
exon_9751.fasta,exon_9751.tre,0.882533
exon_9752.fasta,exon_9752.tre,0.668174
exon_9755.fasta,exon_9755.tre,0.473296
exon_9757.fasta,exon_9757.tre,0.445230
exon_9759.fasta,exon_9759.tre,0.487117
exon_976.fasta,exon_976.tre,0.648339
exon_9760.fasta,exon_9760.tre,0.585680
exon_9763.fasta,exon_9763.tre,1.322349
exon_9765.fasta,exon_9765.tre,0.420650
exon_9769.fasta,exon_9769.tre,0.725447
exon_977.fasta,exon_977.tre,0.546968
exon_9770.fasta,exon_9770.tre,2.655615
exon_9773.fasta,exon_9773.tre,1.691467
exon_9774.fasta,exon_9774.tre,0.761169
exon_9775.fasta,exon_9775.tre,0.552212
exon_9777.fasta,exon_9777.tre,0.519013
exon_9778.fasta,exon_9778.tre,1.339092
exon_9781.fasta,exon_9781.tre,1.528375
exon_9782.fasta,exon_9782.tre,0.402094
exon_9783.fasta,exon_9783.tre,1.289636
exon_9785.fasta,exon_9785.tre,0.493341
exon_9786.fasta,exon_9786.tre,0.561662
exon_9787.fasta,exon_9787.tre,0.539169
exon_9788.fasta,exon_9788.tre,0.523752
exon_9789.fasta,exon_9789.tre,0.534292
exon_979.fasta,exon_979.tre,0.471653
exon_9790.fasta,exon_9790.tre,0.560880
exon_9791.fasta,exon_9791.tre,0.424946
exon_9793.fasta,exon_9793.tre,0.662647
exon_9794.fasta,exon_9794.tre,0.505724
exon_9795.fasta,exon_9795.tre,0.477625
exon_9796.fasta,exon_9796.tre,0.525995
exon_9797.fasta,exon_9797.tre,0.578543
exon_9798.fasta,exon_9798.tre,0.691258
exon_9799.fasta,exon_9799.tre,2.310949
exon_98.fasta,exon_98.tre,0.604246
exon_980.fasta,exon_980.tre,0.413259
exon_9800.fasta,exon_9800.tre,0.333529
exon_9802.fasta,exon_9802.tre,0.343752
exon_9803.fasta,exon_9803.tre,0.591671
exon_9804.fasta,exon_9804.tre,0.620567
exon_9805.fasta,exon_9805.tre,0.425253
exon_9808.fasta,exon_9808.tre,0.637823
exon_9809.fasta,exon_9809.tre,1.064810
exon_9810.fasta,exon_9810.tre,0.487893
exon_9811.fasta,exon_9811.tre,0.497043
exon_9812.fasta,exon_9812.tre,0.486065
exon_9814.fasta,exon_9814.tre,0.666275
exon_9815.fasta,exon_9815.tre,0.523321
exon_9817.fasta,exon_9817.tre,0.507487
exon_9818.fasta,exon_9818.tre,0.542867
exon_9819.fasta,exon_9819.tre,0.567357
exon_9820.fasta,exon_9820.tre,0.365997
exon_9821.fasta,exon_9821.tre,0.489606
exon_9823.fasta,exon_9823.tre,0.828237
exon_9825.fasta,exon_9825.tre,0.530522
exon_9828.fasta,exon_9828.tre,0.530021
exon_9829.fasta,exon_9829.tre,0.547221
exon_983.fasta,exon_983.tre,0.785955
exon_9830.fasta,exon_9830.tre,0.631695
exon_9831.fasta,exon_9831.tre,0.672118
exon_9834.fasta,exon_9834.tre,1.267045
exon_9836.fasta,exon_9836.tre,0.594003
exon_9837.fasta,exon_9837.tre,0.501654
exon_9838.fasta,exon_9838.tre,0.554546
exon_9839.fasta,exon_9839.tre,0.355783
exon_984.fasta,exon_984.tre,0.624228
exon_9840.fasta,exon_9840.tre,0.625730
exon_9841.fasta,exon_9841.tre,0.550125
exon_9844.fasta,exon_9844.tre,0.589086
exon_9847.fasta,exon_9847.tre,0.353526
exon_9848.fasta,exon_9848.tre,0.466565
exon_9849.fasta,exon_9849.tre,1.430472
exon_985.fasta,exon_985.tre,0.490760
exon_9850.fasta,exon_9850.tre,0.838832
exon_9853.fasta,exon_9853.tre,0.368027
exon_9854.fasta,exon_9854.tre,0.399457
exon_9855.fasta,exon_9855.tre,0.554734
exon_9856.fasta,exon_9856.tre,0.547863
exon_9858.fasta,exon_9858.tre,0.407777
exon_9859.fasta,exon_9859.tre,0.625419
exon_9860.fasta,exon_9860.tre,0.624171
exon_9861.fasta,exon_9861.tre,0.632017
exon_9863.fasta,exon_9863.tre,2.056605
exon_9864.fasta,exon_9864.tre,0.586276
exon_9865.fasta,exon_9865.tre,0.622641
exon_9867.fasta,exon_9867.tre,0.478347
exon_9868.fasta,exon_9868.tre,0.652872
exon_9869.fasta,exon_9869.tre,0.704899
exon_987.fasta,exon_987.tre,0.568453
exon_9872.fasta,exon_9872.tre,0.455133
exon_9873.fasta,exon_9873.tre,0.564700
exon_9874.fasta,exon_9874.tre,0.517507
exon_9875.fasta,exon_9875.tre,0.589226
exon_9876.fasta,exon_9876.tre,0.790596
exon_9877.fasta,exon_9877.tre,0.852088
exon_988.fasta,exon_988.tre,0.485702
exon_9880.fasta,exon_9880.tre,0.417807
exon_9881.fasta,exon_9881.tre,0.687477
exon_9882.fasta,exon_9882.tre,0.495441
exon_9884.fasta,exon_9884.tre,0.472762
exon_9885.fasta,exon_9885.tre,0.692890
exon_9886.fasta,exon_9886.tre,0.572389
exon_9887.fasta,exon_9887.tre,0.399913
exon_9888.fasta,exon_9888.tre,0.727379
exon_9889.fasta,exon_9889.tre,0.592592
exon_989.fasta,exon_989.tre,0.568475
exon_9890.fasta,exon_9890.tre,0.411610
exon_9891.fasta,exon_9891.tre,0.523980
exon_9892.fasta,exon_9892.tre,0.516178
exon_9893.fasta,exon_9893.tre,0.520742
exon_9894.fasta,exon_9894.tre,1.487432
exon_9895.fasta,exon_9895.tre,0.612446
exon_9897.fasta,exon_9897.tre,0.523140
exon_9898.fasta,exon_9898.tre,0.583373
exon_99.fasta,exon_99.tre,0.594468
exon_990.fasta,exon_990.tre,0.530697
exon_9900.fasta,exon_9900.tre,0.491439
exon_9901.fasta,exon_9901.tre,0.366010
exon_9902.fasta,exon_9902.tre,0.548850
exon_9904.fasta,exon_9904.tre,0.597908
exon_9905.fasta,exon_9905.tre,1.053982
exon_9908.fasta,exon_9908.tre,1.435616
exon_9909.fasta,exon_9909.tre,0.484925
exon_991.fasta,exon_991.tre,0.537892
exon_9910.fasta,exon_9910.tre,0.873964
exon_9911.fasta,exon_9911.tre,0.503916
exon_9912.fasta,exon_9912.tre,0.410637
exon_9914.fasta,exon_9914.tre,0.489867
exon_9915.fasta,exon_9915.tre,0.524651
exon_9916.fasta,exon_9916.tre,0.364494
exon_9917.fasta,exon_9917.tre,0.513585
exon_9918.fasta,exon_9918.tre,0.632225
exon_9919.fasta,exon_9919.tre,0.532671
exon_9920.fasta,exon_9920.tre,0.504727
exon_9921.fasta,exon_9921.tre,0.411844
exon_9924.fasta,exon_9924.tre,0.643608
exon_9925.fasta,exon_9925.tre,0.595472
exon_9926.fasta,exon_9926.tre,0.507267
exon_9927.fasta,exon_9927.tre,0.580349
exon_9928.fasta,exon_9928.tre,0.668810
exon_9929.fasta,exon_9929.tre,0.894798
exon_9930.fasta,exon_9930.tre,0.432712
exon_9931.fasta,exon_9931.tre,0.820547
exon_9932.fasta,exon_9932.tre,0.643602
exon_9933.fasta,exon_9933.tre,0.459516
exon_9935.fasta,exon_9935.tre,0.536275
exon_9936.fasta,exon_9936.tre,0.846581
exon_9938.fasta,exon_9938.tre,0.537865
exon_9939.fasta,exon_9939.tre,1.196736
exon_994.fasta,exon_994.tre,0.689952
exon_9940.fasta,exon_9940.tre,0.668959
exon_9941.fasta,exon_9941.tre,1.099475
exon_9942.fasta,exon_9942.tre,0.511779
exon_9945.fasta,exon_9945.tre,0.711719
exon_9947.fasta,exon_9947.tre,0.465062
exon_9949.fasta,exon_9949.tre,0.655618
exon_995.fasta,exon_995.tre,0.515075
exon_9950.fasta,exon_9950.tre,0.379951
exon_9951.fasta,exon_9951.tre,0.371891
exon_9953.fasta,exon_9953.tre,0.390478
exon_9954.fasta,exon_9954.tre,0.388703
exon_9955.fasta,exon_9955.tre,0.491462
exon_9956.fasta,exon_9956.tre,0.454765
exon_9958.fasta,exon_9958.tre,0.409429
exon_9959.fasta,exon_9959.tre,0.479606
exon_996.fasta,exon_996.tre,0.631099
exon_9960.fasta,exon_9960.tre,0.520507
exon_9961.fasta,exon_9961.tre,0.543208
exon_9962.fasta,exon_9962.tre,0.413659
exon_9963.fasta,exon_9963.tre,0.515347
exon_9964.fasta,exon_9964.tre,0.513759
exon_9965.fasta,exon_9965.tre,0.504845
exon_9966.fasta,exon_9966.tre,0.567848
exon_9969.fasta,exon_9969.tre,0.501426
exon_997.fasta,exon_997.tre,0.572704
exon_9970.fasta,exon_9970.tre,0.488316
exon_9971.fasta,exon_9971.tre,0.466684
exon_9973.fasta,exon_9973.tre,0.733043
exon_9974.fasta,exon_9974.tre,0.702227
exon_9975.fasta,exon_9975.tre,0.639169
exon_9977.fasta,exon_9977.tre,0.554149
exon_9978.fasta,exon_9978.tre,0.582003
exon_9979.fasta,exon_9979.tre,0.305324
exon_9983.fasta,exon_9983.tre,0.663798
exon_9984.fasta,exon_9984.tre,0.508314
exon_9985.fasta,exon_9985.tre,0.571630
exon_9986.fasta,exon_9986.tre,0.632948
exon_9988.fasta,exon_9988.tre,0.590073
exon_9991.fasta,exon_9991.tre,0.906821
exon_9992.fasta,exon_9992.tre,0.488580
exon_9994.fasta,exon_9994.tre,0.335171
exon_9995.fasta,exon_9995.tre,0.472856
exon_9996.fasta,exon_9996.tre,0.387697
exon_9998.fasta,exon_9998.tre,0.352434
exon_9999.fasta,exon_9999.tre,0.736000
intron_1000.fasta,intron_1000.tre,0.356369
intron_10002.fasta,intron_10002.tre,11.078103
intron_10006.fasta,intron_10006.tre,0.306152
intron_10007.fasta,intron_10007.tre,21.341322
intron_10008.fasta,intron_10008.tre,0.945246
intron_10009.fasta,intron_10009.tre,4.273357
intron_1001.fasta,intron_1001.tre,11.330353
intron_10011.fasta,intron_10011.tre,8.374123
intron_10015.fasta,intron_10015.tre,0.472442
intron_10016.fasta,intron_10016.tre,15.503361
intron_10018.fasta,intron_10018.tre,1.462492
intron_10024.fasta,intron_10024.tre,8.281732
intron_10031.fasta,intron_10031.tre,7.106022
intron_10035.fasta,intron_10035.tre,0.816786
intron_10043.fasta,intron_10043.tre,1.436720
intron_10049.fasta,intron_10049.tre,4.234095
intron_1006.fasta,intron_1006.tre,4.466685
intron_10068.fasta,intron_10068.tre,4.207865
intron_10077.fasta,intron_10077.tre,0.663489
intron_10079.fasta,intron_10079.tre,0.619203
intron_10081.fasta,intron_10081.tre,1.981870
intron_10085.fasta,intron_10085.tre,23.681292
intron_10086.fasta,intron_10086.tre,0.341077
intron_10109.fasta,intron_10109.tre,0.730108
intron_10117.fasta,intron_10117.tre,31.350928
intron_10122.fasta,intron_10122.tre,1.073707
intron_10128.fasta,intron_10128.tre,0.458786
intron_1013.fasta,intron_1013.tre,9.940375
intron_10139.fasta,intron_10139.tre,1.467722
intron_10140.fasta,intron_10140.tre,2.197467
intron_1015.fasta,intron_1015.tre,0.524967
intron_10151.fasta,intron_10151.tre,4.599252
intron_10159.fasta,intron_10159.tre,16.947906
intron_10161.fasta,intron_10161.tre,0.262995
intron_10167.fasta,intron_10167.tre,0.773901
