dataset	gene	tree_file	rf	nrf
TarvD7	ENSG00000000003.nuc.ord	ENSG00000000003.nuc.ord.treefile	24.0	0.46153846153846156
TarvD7	ENSG00000000005.nuc.ord	ENSG00000000005.nuc.ord.treefile	28.0	0.45161290322580644
TarvD7	ENSG00000000457.nuc.ord	ENSG00000000457.nuc.ord.treefile	8.0	0.12903225806451613
TarvD7	ENSG00000000460.nuc.ord	ENSG00000000460.nuc.ord.treefile	22.0	0.3333333333333333
TarvD7	ENSG00000001036.nuc.ord	ENSG00000001036.nuc.ord.treefile	26.0	0.40625
TarvD7	ENSG00000001084.nuc.ord	ENSG00000001084.nuc.ord.treefile	10.0	0.15625
TarvD7	ENSG00000001167.nuc.ord	ENSG00000001167.nuc.ord.treefile	36.0	0.6206896551724138
TarvD7	ENSG00000001460.nuc.ord	ENSG00000001460.nuc.ord.treefile	26.0	0.40625
TarvD7	ENSG00000001461.nuc.ord	ENSG00000001461.nuc.ord.treefile	6.0	0.09090909090909091
TarvD7	ENSG00000001561.nuc.ord	ENSG00000001561.nuc.ord.treefile	16.0	0.25806451612903225
TarvD7	ENSG00000001617.nuc.ord	ENSG00000001617.nuc.ord.treefile	18.0	0.32142857142857145
TarvD7	ENSG00000001626.nuc.ord	ENSG00000001626.nuc.ord.treefile	8.0	0.125
TarvD7	ENSG00000001629.nuc.ord	ENSG00000001629.nuc.ord.treefile	14.0	0.22580645161290322
TarvD7	ENSG00000001630.nuc.ord	ENSG00000001630.nuc.ord.treefile	28.0	0.5
TarvD7	ENSG00000001631.nuc.ord	ENSG00000001631.nuc.ord.treefile	12.0	0.2
TarvD7	ENSG00000002016.nuc.ord	ENSG00000002016.nuc.ord.treefile	22.0	0.3793103448275862
TarvD7	ENSG00000002330.nuc.ord	ENSG00000002330.nuc.ord.treefile	22.0	0.4074074074074074
TarvD7	ENSG00000002549.nuc.ord	ENSG00000002549.nuc.ord.treefile	16.0	0.25806451612903225
TarvD7	ENSG00000002587.nuc.ord	ENSG00000002587.nuc.ord.treefile	28.0	0.7
TarvD7	ENSG00000002746.nuc.ord	ENSG00000002746.nuc.ord.treefile	14.0	0.21875
TarvD7	ENSG00000002822.nuc.ord	ENSG00000002822.nuc.ord.treefile	12.0	0.23076923076923078
TarvD7	ENSG00000002834.nuc.ord	ENSG00000002834.nuc.ord.treefile	36.0	0.6666666666666666
TarvD7	ENSG00000002919.nuc.ord	ENSG00000002919.nuc.ord.treefile	24.0	0.41379310344827586
TarvD7	ENSG00000002933.nuc.ord	ENSG00000002933.nuc.ord.treefile	16.0	0.38095238095238093
TarvD7	ENSG00000003056.nuc.ord	ENSG00000003056.nuc.ord.treefile	28.0	0.4666666666666667
TarvD7	ENSG00000003137.nuc.ord	ENSG00000003137.nuc.ord.treefile	28.0	0.4666666666666667
TarvD7	ENSG00000003147.nuc.ord	ENSG00000003147.nuc.ord.treefile	22.0	0.36666666666666664
TarvD7	ENSG00000003249.nuc.ord	ENSG00000003249.nuc.ord.treefile	20.0	0.4
TarvD7	ENSG00000003393.nuc.ord	ENSG00000003393.nuc.ord.treefile	8.0	0.12903225806451613
TarvD7	ENSG00000003402.nuc.ord	ENSG00000003402.nuc.ord.treefile	14.0	0.22580645161290322
TarvD7	ENSG00000003436.nuc.ord	ENSG00000003436.nuc.ord.treefile	20.0	0.37037037037037035
TarvD7	ENSG00000003509.nuc.ord	ENSG00000003509.nuc.ord.treefile	16.0	0.25
TarvD7	ENSG00000003756.nuc.ord	ENSG00000003756.nuc.ord.treefile	8.0	0.125
TarvD7	ENSG00000003987.nuc.ord	ENSG00000003987.nuc.ord.treefile	32.0	0.5
TarvD7	ENSG00000003989.nuc.ord	ENSG00000003989.nuc.ord.treefile	38.0	0.5757575757575758
TarvD7	ENSG00000004059.nuc.ord	ENSG00000004059.nuc.ord.treefile	38.0	0.7037037037037037
TarvD7	ENSG00000004455.nuc.ord	ENSG00000004455.nuc.ord.treefile	24.0	0.4
TarvD7	ENSG00000004468.nuc.ord	ENSG00000004468.nuc.ord.treefile	16.0	0.25806451612903225
TarvD7	ENSG00000004478.nuc.ord	ENSG00000004478.nuc.ord.treefile	24.0	0.42857142857142855
TarvD7	ENSG00000004487.nuc.ord	ENSG00000004487.nuc.ord.treefile	36.0	0.5625
TarvD7	ENSG00000004534.nuc.ord	ENSG00000004534.nuc.ord.treefile	8.0	0.12121212121212122
TarvD7	ENSG00000004660.nuc.ord	ENSG00000004660.nuc.ord.treefile	28.0	0.4375
TarvD7	ENSG00000004700.nuc.ord	ENSG00000004700.nuc.ord.treefile	28.0	0.45161290322580644
TarvD7	ENSG00000004766.nuc.ord	ENSG00000004766.nuc.ord.treefile	22.0	0.3548387096774194
TarvD7	ENSG00000004776.nuc.ord	ENSG00000004776.nuc.ord.treefile	22.0	0.4583333333333333
TarvD7	ENSG00000004779.nuc.ord	ENSG00000004779.nuc.ord.treefile	34.0	0.6071428571428571
TarvD7	ENSG00000004799.nuc.ord	ENSG00000004799.nuc.ord.treefile	30.0	0.46875
TarvD7	ENSG00000004809.nuc.ord	ENSG00000004809.nuc.ord.treefile	16.0	0.34782608695652173
TarvD7	ENSG00000004864.nuc.ord	ENSG00000004864.nuc.ord.treefile	26.0	0.41935483870967744
TarvD7	ENSG00000004897.nuc.ord	ENSG00000004897.nuc.ord.treefile	12.0	0.1935483870967742
TarvD7	ENSG00000004939.nuc.ord	ENSG00000004939.nuc.ord.treefile	16.0	0.2962962962962963
TarvD7	ENSG00000004961.nuc.ord	ENSG00000004961.nuc.ord.treefile	26.0	0.43333333333333335
TarvD7	ENSG00000004975.nuc.ord	ENSG00000004975.nuc.ord.treefile	18.0	0.36
TarvD7	ENSG00000005001.nuc.ord	ENSG00000005001.nuc.ord.treefile	14.0	0.3181818181818182
TarvD7	ENSG00000005020.nuc.ord	ENSG00000005020.nuc.ord.treefile	22.0	0.3333333333333333
TarvD7	ENSG00000005059.nuc.ord	ENSG00000005059.nuc.ord.treefile	20.0	0.35714285714285715
TarvD7	ENSG00000005073.nuc.ord	ENSG00000005073.nuc.ord.treefile	34.0	0.6538461538461539
TarvD7	ENSG00000005100.nuc.ord	ENSG00000005100.nuc.ord.treefile	28.0	0.5
TarvD7	ENSG00000005102.nuc.ord	ENSG00000005102.nuc.ord.treefile	22.0	0.4230769230769231
TarvD7	ENSG00000005108.nuc.ord	ENSG00000005108.nuc.ord.treefile	14.0	0.21212121212121213
TarvD7	ENSG00000005156.nuc.ord	ENSG00000005156.nuc.ord.treefile	20.0	0.3225806451612903
TarvD7	ENSG00000005175.nuc.ord	ENSG00000005175.nuc.ord.treefile	12.0	0.21428571428571427
TarvD7	ENSG00000005187.nuc.ord	ENSG00000005187.nuc.ord.treefile	14.0	0.21212121212121213
TarvD7	ENSG00000005189.nuc.ord	ENSG00000005189.nuc.ord.treefile	14.0	0.2413793103448276
TarvD7	ENSG00000005194.nuc.ord	ENSG00000005194.nuc.ord.treefile	14.0	0.25
TarvD7	ENSG00000005249.nuc.ord	ENSG00000005249.nuc.ord.treefile	30.0	0.4838709677419355
TarvD7	ENSG00000005302.nuc.ord	ENSG00000005302.nuc.ord.treefile	18.0	0.3333333333333333
TarvD7	ENSG00000005339.nuc.ord	ENSG00000005339.nuc.ord.treefile	18.0	0.2727272727272727
TarvD7	ENSG00000005379.nuc.ord	ENSG00000005379.nuc.ord.treefile	4.0	0.06896551724137931
TarvD7	ENSG00000005381.nuc.ord	ENSG00000005381.nuc.ord.treefile	20.0	0.38461538461538464
TarvD7	ENSG00000005421.nuc.ord	ENSG00000005421.nuc.ord.treefile	18.0	0.2903225806451613
TarvD7	ENSG00000005436.nuc.ord	ENSG00000005436.nuc.ord.treefile	20.0	0.3225806451612903
TarvD7	ENSG00000005448.nuc.ord	ENSG00000005448.nuc.ord.treefile	22.0	0.4074074074074074
TarvD7	ENSG00000005469.nuc.ord	ENSG00000005469.nuc.ord.treefile	16.0	0.25
TarvD7	ENSG00000005471.nuc.ord	ENSG00000005471.nuc.ord.treefile	10.0	0.1724137931034483
TarvD7	ENSG00000005483.nuc.ord	ENSG00000005483.nuc.ord.treefile	14.0	0.22580645161290322
TarvD7	ENSG00000005486.nuc.ord	ENSG00000005486.nuc.ord.treefile	42.0	0.6774193548387096
TarvD7	ENSG00000005700.nuc.ord	ENSG00000005700.nuc.ord.treefile	12.0	0.2
TarvD7	ENSG00000005810.nuc.ord	ENSG00000005810.nuc.ord.treefile	8.0	0.13333333333333333
TarvD7	ENSG00000005812.nuc.ord	ENSG00000005812.nuc.ord.treefile	26.0	0.40625
TarvD7	ENSG00000005844.nuc.ord	ENSG00000005844.nuc.ord.treefile	10.0	0.15625
TarvD7	ENSG00000005882.nuc.ord	ENSG00000005882.nuc.ord.treefile	20.0	0.4166666666666667
TarvD7	ENSG00000005884.nuc.ord	ENSG00000005884.nuc.ord.treefile	16.0	0.25806451612903225
TarvD7	ENSG00000005893.nuc.ord	ENSG00000005893.nuc.ord.treefile	42.0	0.6774193548387096
TarvD7	ENSG00000005955.nuc.ord	ENSG00000005955.nuc.ord.treefile	12.0	0.1935483870967742
TarvD7	ENSG00000005961.nuc.ord	ENSG00000005961.nuc.ord.treefile	16.0	0.2857142857142857
TarvD7	ENSG00000005981.nuc.ord	ENSG00000005981.nuc.ord.treefile	24.0	0.41379310344827586
TarvD7	ENSG00000006007.nuc.ord	ENSG00000006007.nuc.ord.treefile	32.0	0.5333333333333333
TarvD7	ENSG00000006025.nuc.ord	ENSG00000006025.nuc.ord.treefile	18.0	0.3
TarvD7	ENSG00000006042.nuc.ord	ENSG00000006042.nuc.ord.treefile	36.0	0.5806451612903226
TarvD7	ENSG00000006047.nuc.ord	ENSG00000006047.nuc.ord.treefile	32.0	0.5517241379310345
TarvD7	ENSG00000006062.nuc.ord	ENSG00000006062.nuc.ord.treefile	12.0	0.1875
TarvD7	ENSG00000006071.nuc.ord	ENSG00000006071.nuc.ord.treefile	24.0	0.36363636363636365
TarvD7	ENSG00000006114.nuc.ord	ENSG00000006114.nuc.ord.treefile	14.0	0.21875
TarvD7	ENSG00000006116.nuc.ord	ENSG00000006116.nuc.ord.treefile	28.0	0.5185185185185185
TarvD7	ENSG00000006118.nuc.ord	ENSG00000006118.nuc.ord.treefile	12.0	0.20689655172413793
TarvD7	ENSG00000006125.nuc.ord	ENSG00000006125.nuc.ord.treefile	6.0	0.09375
TarvD7	ENSG00000006128.nuc.ord	ENSG00000006128.nuc.ord.treefile	44.0	0.7333333333333333
TarvD7	ENSG00000006194.nuc.ord	ENSG00000006194.nuc.ord.treefile	12.0	0.20689655172413793
TarvD7	ENSG00000006210.nuc.ord	ENSG00000006210.nuc.ord.treefile	12.0	0.2222222222222222
TarvD7	ENSG00000006377.nuc.ord	ENSG00000006377.nuc.ord.treefile	40.0	0.7407407407407407
TarvD7	ENSG00000006432.nuc.ord	ENSG00000006432.nuc.ord.treefile	22.0	0.3793103448275862
TarvD7	ENSG00000006451.nuc.ord	ENSG00000006451.nuc.ord.treefile	34.0	0.5862068965517241
TarvD7	ENSG00000006453.nuc.ord	ENSG00000006453.nuc.ord.treefile	14.0	0.2413793103448276
TarvD7	ENSG00000006459.nuc.ord	ENSG00000006459.nuc.ord.treefile	32.0	0.5161290322580645
TarvD7	ENSG00000006468.nuc.ord	ENSG00000006468.nuc.ord.treefile	22.0	0.3548387096774194
TarvD7	ENSG00000006530.nuc.ord	ENSG00000006530.nuc.ord.treefile	30.0	0.46875
TarvD7	ENSG00000006555.nuc.ord	ENSG00000006555.nuc.ord.treefile	22.0	0.4230769230769231
TarvD7	ENSG00000006576.nuc.ord	ENSG00000006576.nuc.ord.treefile	20.0	0.3125
TarvD7	ENSG00000006611.nuc.ord	ENSG00000006611.nuc.ord.treefile	14.0	0.25925925925925924
TarvD7	ENSG00000006625.nuc.ord	ENSG00000006625.nuc.ord.treefile	14.0	0.23333333333333334
TarvD7	ENSG00000006634.nuc.ord	ENSG00000006634.nuc.ord.treefile	10.0	0.17857142857142858
TarvD7	ENSG00000006638.nuc.ord	ENSG00000006638.nuc.ord.treefile	20.0	0.5
TarvD7	ENSG00000006652.nuc.ord	ENSG00000006652.nuc.ord.treefile	20.0	0.3333333333333333
TarvD7	ENSG00000006695.nuc.ord	ENSG00000006695.nuc.ord.treefile	22.0	0.3548387096774194
TarvD7	ENSG00000006704.nuc.ord	ENSG00000006704.nuc.ord.treefile	16.0	0.3076923076923077
TarvD7	ENSG00000006712.nuc.ord	ENSG00000006712.nuc.ord.treefile	20.0	0.3448275862068966
TarvD7	ENSG00000006715.nuc.ord	ENSG00000006715.nuc.ord.treefile	22.0	0.3333333333333333
TarvD7	ENSG00000006740.nuc.ord	ENSG00000006740.nuc.ord.treefile	16.0	0.25806451612903225
TarvD7	ENSG00000006744.nuc.ord	ENSG00000006744.nuc.ord.treefile	10.0	0.16129032258064516
TarvD7	ENSG00000006747.nuc.ord	ENSG00000006747.nuc.ord.treefile	20.0	0.30303030303030304
TarvD7	ENSG00000006788.nuc.ord	ENSG00000006788.nuc.ord.treefile	10.0	0.21739130434782608
TarvD7	ENSG00000006837.nuc.ord	ENSG00000006837.nuc.ord.treefile	18.0	0.34615384615384615
TarvD7	ENSG00000007001.nuc.ord	ENSG00000007001.nuc.ord.treefile	10.0	0.19230769230769232
TarvD7	ENSG00000007038.nuc.ord	ENSG00000007038.nuc.ord.treefile	22.0	0.7857142857142857
TarvD7	ENSG00000007062.nuc.ord	ENSG00000007062.nuc.ord.treefile	10.0	0.16129032258064516
TarvD7	ENSG00000007168.nuc.ord	ENSG00000007168.nuc.ord.treefile	28.0	0.45161290322580644
TarvD7	ENSG00000007174.nuc.ord	ENSG00000007174.nuc.ord.treefile	10.0	0.16129032258064516
TarvD7	ENSG00000007202.nuc.ord	ENSG00000007202.nuc.ord.treefile	12.0	0.18181818181818182
TarvD7	ENSG00000007237.nuc.ord	ENSG00000007237.nuc.ord.treefile	34.0	0.5862068965517241
TarvD7	ENSG00000007312.nuc.ord	ENSG00000007312.nuc.ord.treefile	20.0	0.3333333333333333
TarvD7	ENSG00000007314.nuc.ord	ENSG00000007314.nuc.ord.treefile	24.0	0.42857142857142855
TarvD7	ENSG00000007341.nuc.ord	ENSG00000007341.nuc.ord.treefile	18.0	0.2903225806451613
TarvD7	ENSG00000007372.nuc.ord	ENSG00000007372.nuc.ord.treefile	40.0	0.6451612903225806
TarvD7	ENSG00000007376.nuc.ord	ENSG00000007376.nuc.ord.treefile	10.0	0.20833333333333334
TarvD7	ENSG00000007384.nuc.ord	ENSG00000007384.nuc.ord.treefile	12.0	0.2222222222222222
TarvD7	ENSG00000007392.nuc.ord	ENSG00000007392.nuc.ord.treefile	22.0	0.3793103448275862
TarvD7	ENSG00000007520.nuc.ord	ENSG00000007520.nuc.ord.treefile	20.0	0.4
TarvD7	ENSG00000007545.nuc.ord	ENSG00000007545.nuc.ord.treefile	14.0	0.2413793103448276
TarvD7	ENSG00000007866.nuc.ord	ENSG00000007866.nuc.ord.treefile	40.0	0.7142857142857143
TarvD7	ENSG00000007908.nuc.ord	ENSG00000007908.nuc.ord.treefile	18.0	0.28125
TarvD7	ENSG00000007923.nuc.ord	ENSG00000007923.nuc.ord.treefile	18.0	0.2903225806451613
TarvD7	ENSG00000007933.nuc.ord	ENSG00000007933.nuc.ord.treefile	12.0	0.2222222222222222
TarvD7	ENSG00000007944.nuc.ord	ENSG00000007944.nuc.ord.treefile	26.0	0.40625
TarvD7	ENSG00000007952.nuc.ord	ENSG00000007952.nuc.ord.treefile	16.0	0.3076923076923077
TarvD7	ENSG00000007968.nuc.ord	ENSG00000007968.nuc.ord.treefile	20.0	0.37037037037037035
TarvD7	ENSG00000008018.nuc.ord	ENSG00000008018.nuc.ord.treefile	36.0	0.6428571428571429
TarvD7	ENSG00000008056.nuc.ord	ENSG00000008056.nuc.ord.treefile	10.0	0.2
TarvD7	ENSG00000008083.nuc.ord	ENSG00000008083.nuc.ord.treefile	14.0	0.2413793103448276
TarvD7	ENSG00000008086.nuc.ord	ENSG00000008086.nuc.ord.treefile	10.0	0.15151515151515152
TarvD7	ENSG00000008118.nuc.ord	ENSG00000008118.nuc.ord.treefile	20.0	0.3448275862068966
TarvD7	ENSG00000008128.nuc.ord	ENSG00000008128.nuc.ord.treefile	20.0	0.4166666666666667
TarvD7	ENSG00000008130.nuc.ord	ENSG00000008130.nuc.ord.treefile	12.0	0.23076923076923078
TarvD7	ENSG00000008197.nuc.ord	ENSG00000008197.nuc.ord.treefile	26.0	0.40625
TarvD7	ENSG00000008226.nuc.ord	ENSG00000008226.nuc.ord.treefile	14.0	0.22580645161290322
TarvD7	ENSG00000008256.nuc.ord	ENSG00000008256.nuc.ord.treefile	32.0	0.5714285714285714
TarvD7	ENSG00000008277.nuc.ord	ENSG00000008277.nuc.ord.treefile	16.0	0.26666666666666666
TarvD7	ENSG00000008282.nuc.ord	ENSG00000008282.nuc.ord.treefile	24.0	0.4
TarvD7	ENSG00000008283.nuc.ord	ENSG00000008283.nuc.ord.treefile	24.0	0.48
TarvD7	ENSG00000008294.nuc.ord	ENSG00000008294.nuc.ord.treefile	16.0	0.25
TarvD7	ENSG00000008311.nuc.ord	ENSG00000008311.nuc.ord.treefile	10.0	0.16129032258064516
TarvD7	ENSG00000008323.nuc.ord	ENSG00000008323.nuc.ord.treefile	20.0	0.3448275862068966
TarvD7	ENSG00000008324.nuc.ord	ENSG00000008324.nuc.ord.treefile	36.0	0.6206896551724138
TarvD7	ENSG00000008394.nuc.ord	ENSG00000008394.nuc.ord.treefile	30.0	0.5172413793103449
TarvD7	ENSG00000008405.nuc.ord	ENSG00000008405.nuc.ord.treefile	18.0	0.2903225806451613
TarvD7	ENSG00000008513.nuc.ord	ENSG00000008513.nuc.ord.treefile	8.0	0.14285714285714285
TarvD7	ENSG00000008838.nuc.ord	ENSG00000008838.nuc.ord.treefile	18.0	0.3333333333333333
TarvD7	ENSG00000008853.nuc.ord	ENSG00000008853.nuc.ord.treefile	14.0	0.28
TarvD7	ENSG00000008869.nuc.ord	ENSG00000008869.nuc.ord.treefile	22.0	0.3333333333333333
TarvD7	ENSG00000008952.nuc.ord	ENSG00000008952.nuc.ord.treefile	22.0	0.3793103448275862
TarvD7	ENSG00000009307.nuc.ord	ENSG00000009307.nuc.ord.treefile	14.0	0.25
TarvD7	ENSG00000009335.nuc.ord	ENSG00000009335.nuc.ord.treefile	18.0	0.28125
TarvD7	ENSG00000009413.nuc.ord	ENSG00000009413.nuc.ord.treefile	8.0	0.12121212121212122
TarvD7	ENSG00000009694.nuc.ord	ENSG00000009694.nuc.ord.treefile	10.0	0.16129032258064516
TarvD7	ENSG00000009709.nuc.ord	ENSG00000009709.nuc.ord.treefile	34.0	0.6071428571428571
TarvD7	ENSG00000009724.nuc.ord	ENSG00000009724.nuc.ord.treefile	14.0	0.2413793103448276
TarvD7	ENSG00000009765.nuc.ord	ENSG00000009765.nuc.ord.treefile	34.0	0.5483870967741935
TarvD7	ENSG00000009780.nuc.ord	ENSG00000009780.nuc.ord.treefile	26.0	0.43333333333333335
TarvD7	ENSG00000009790.nuc.ord	ENSG00000009790.nuc.ord.treefile	10.0	0.16129032258064516
TarvD7	ENSG00000009830.nuc.ord	ENSG00000009830.nuc.ord.treefile	18.0	0.28125
TarvD7	ENSG00000009844.nuc.ord	ENSG00000009844.nuc.ord.treefile	28.0	0.45161290322580644
TarvD7	ENSG00000009950.nuc.ord	ENSG00000009950.nuc.ord.treefile	8.0	0.16
TarvD7	ENSG00000009954.nuc.ord	ENSG00000009954.nuc.ord.treefile	18.0	0.28125
TarvD7	ENSG00000010017.nuc.ord	ENSG00000010017.nuc.ord.treefile	14.0	0.21875
TarvD7	ENSG00000010072.nuc.ord	ENSG00000010072.nuc.ord.treefile	28.0	0.45161290322580644
TarvD7	ENSG00000010165.nuc.ord	ENSG00000010165.nuc.ord.treefile	22.0	0.39285714285714285
TarvD7	ENSG00000010219.nuc.ord	ENSG00000010219.nuc.ord.treefile	16.0	0.25806451612903225
TarvD7	ENSG00000010244.nuc.ord	ENSG00000010244.nuc.ord.treefile	24.0	0.3870967741935484
TarvD7	ENSG00000010256.nuc.ord	ENSG00000010256.nuc.ord.treefile	22.0	0.34375
TarvD7	ENSG00000010270.nuc.ord	ENSG00000010270.nuc.ord.treefile	36.0	0.5625
TarvD7	ENSG00000010278.nuc.ord	ENSG00000010278.nuc.ord.treefile	42.0	0.75
TarvD7	ENSG00000010292.nuc.ord	ENSG00000010292.nuc.ord.treefile	26.0	0.40625
TarvD7	ENSG00000010318.nuc.ord	ENSG00000010318.nuc.ord.treefile	28.0	0.45161290322580644
TarvD7	ENSG00000010322.nuc.ord	ENSG00000010322.nuc.ord.treefile	12.0	0.2
TarvD7	ENSG00000010327.nuc.ord	ENSG00000010327.nuc.ord.treefile	8.0	0.13793103448275862
TarvD7	ENSG00000010379.nuc.ord	ENSG00000010379.nuc.ord.treefile	18.0	0.3333333333333333
TarvD7	ENSG00000010404.nuc.ord	ENSG00000010404.nuc.ord.treefile	28.0	0.4666666666666667
TarvD7	ENSG00000010610.nuc.ord	ENSG00000010610.nuc.ord.treefile	18.0	0.36
TarvD7	ENSG00000010626.nuc.ord	ENSG00000010626.nuc.ord.treefile	28.0	0.45161290322580644
TarvD7	ENSG00000010671.nuc.ord	ENSG00000010671.nuc.ord.treefile	16.0	0.25806451612903225
TarvD7	ENSG00000010704.nuc.ord	ENSG00000010704.nuc.ord.treefile	22.0	0.4230769230769231
TarvD7	ENSG00000010803.nuc.ord	ENSG00000010803.nuc.ord.treefile	18.0	0.2903225806451613
TarvD7	ENSG00000010810.nuc.ord	ENSG00000010810.nuc.ord.treefile	36.0	0.5454545454545454
TarvD7	ENSG00000010818.nuc.ord	ENSG00000010818.nuc.ord.treefile	18.0	0.28125
TarvD7	ENSG00000010932.nuc.ord	ENSG00000010932.nuc.ord.treefile	18.0	0.28125
TarvD7	ENSG00000011009.nuc.ord	ENSG00000011009.nuc.ord.treefile	12.0	0.2857142857142857
TarvD7	ENSG00000011021.nuc.ord	ENSG00000011021.nuc.ord.treefile	20.0	0.30303030303030304
TarvD7	ENSG00000011028.nuc.ord	ENSG00000011028.nuc.ord.treefile	14.0	0.25
TarvD7	ENSG00000011083.nuc.ord	ENSG00000011083.nuc.ord.treefile	16.0	0.2962962962962963
TarvD7	ENSG00000011114.nuc.ord	ENSG00000011114.nuc.ord.treefile	18.0	0.3
TarvD7	ENSG00000011143.nuc.ord	ENSG00000011143.nuc.ord.treefile	30.0	0.4838709677419355
TarvD7	ENSG00000011198.nuc.ord	ENSG00000011198.nuc.ord.treefile	34.0	0.53125
TarvD7	ENSG00000011258.nuc.ord	ENSG00000011258.nuc.ord.treefile	24.0	0.41379310344827586
TarvD7	ENSG00000011260.nuc.ord	ENSG00000011260.nuc.ord.treefile	10.0	0.15625
TarvD7	ENSG00000011295.nuc.ord	ENSG00000011295.nuc.ord.treefile	6.0	0.1
TarvD7	ENSG00000011332.nuc.ord	ENSG00000011332.nuc.ord.treefile	28.0	0.7
TarvD7	ENSG00000011376.nuc.ord	ENSG00000011376.nuc.ord.treefile	20.0	0.3125
TarvD7	ENSG00000011405.nuc.ord	ENSG00000011405.nuc.ord.treefile	4.0	0.06666666666666667
TarvD7	ENSG00000011422.nuc.ord	ENSG00000011422.nuc.ord.treefile	20.0	0.37037037037037035
TarvD7	ENSG00000011426.nuc.ord	ENSG00000011426.nuc.ord.treefile	16.0	0.25
TarvD7	ENSG00000011454.nuc.ord	ENSG00000011454.nuc.ord.treefile	22.0	0.3548387096774194
TarvD7	ENSG00000011465.nuc.ord	ENSG00000011465.nuc.ord.treefile	34.0	0.5151515151515151
TarvD7	ENSG00000011478.nuc.ord	ENSG00000011478.nuc.ord.treefile	14.0	0.25925925925925924
TarvD7	ENSG00000011485.nuc.ord	ENSG00000011485.nuc.ord.treefile	26.0	0.5
TarvD7	ENSG00000011523.nuc.ord	ENSG00000011523.nuc.ord.treefile	8.0	0.13333333333333333
TarvD7	ENSG00000011566.nuc.ord	ENSG00000011566.nuc.ord.treefile	12.0	0.20689655172413793
TarvD7	ENSG00000011590.nuc.ord	ENSG00000011590.nuc.ord.treefile	10.0	0.19230769230769232
TarvD7	ENSG00000011638.nuc.ord	ENSG00000011638.nuc.ord.treefile	30.0	0.4838709677419355
TarvD7	ENSG00000011677.nuc.ord	ENSG00000011677.nuc.ord.treefile	20.0	0.37037037037037035
TarvD7	ENSG00000012048.nuc.ord	ENSG00000012048.nuc.ord.treefile	12.0	0.2
TarvD7	ENSG00000012061.nuc.ord	ENSG00000012061.nuc.ord.treefile	16.0	0.32
TarvD7	ENSG00000012124.nuc.ord	ENSG00000012124.nuc.ord.treefile	16.0	0.2857142857142857
TarvD7	ENSG00000012171.nuc.ord	ENSG00000012171.nuc.ord.treefile	20.0	0.3333333333333333
TarvD7	ENSG00000012174.nuc.ord	ENSG00000012174.nuc.ord.treefile	14.0	0.22580645161290322
TarvD7	ENSG00000012232.nuc.ord	ENSG00000012232.nuc.ord.treefile	24.0	0.4
TarvD7	ENSG00000012504.nuc.ord	ENSG00000012504.nuc.ord.treefile	24.0	0.375
TarvD7	ENSG00000012660.nuc.ord	ENSG00000012660.nuc.ord.treefile	48.0	0.8
TarvD7	ENSG00000012779.nuc.ord	ENSG00000012779.nuc.ord.treefile	20.0	0.3448275862068966
TarvD7	ENSG00000012822.nuc.ord	ENSG00000012822.nuc.ord.treefile	24.0	0.42857142857142855
TarvD7	ENSG00000012963.nuc.ord	ENSG00000012963.nuc.ord.treefile	24.0	0.3870967741935484
TarvD7	ENSG00000012983.nuc.ord	ENSG00000012983.nuc.ord.treefile	16.0	0.25806451612903225
TarvD7	ENSG00000013016.nuc.ord	ENSG00000013016.nuc.ord.treefile	30.0	0.5
TarvD7	ENSG00000013275.nuc.ord	ENSG00000013275.nuc.ord.treefile	20.0	0.3448275862068966
TarvD7	ENSG00000013293.nuc.ord	ENSG00000013293.nuc.ord.treefile	22.0	0.34375
TarvD7	ENSG00000013297.nuc.ord	ENSG00000013297.nuc.ord.treefile	36.0	0.6428571428571429
TarvD7	ENSG00000013306.nuc.ord	ENSG00000013306.nuc.ord.treefile	16.0	0.38095238095238093
TarvD7	ENSG00000013374.nuc.ord	ENSG00000013374.nuc.ord.treefile	16.0	0.25
TarvD7	ENSG00000013375.nuc.ord	ENSG00000013375.nuc.ord.treefile	24.0	0.375
TarvD7	ENSG00000013392.nuc.ord	ENSG00000013392.nuc.ord.treefile	22.0	0.3793103448275862
TarvD7	ENSG00000013523.nuc.ord	ENSG00000013523.nuc.ord.treefile	20.0	0.3125
TarvD7	ENSG00000013561.nuc.ord	ENSG00000013561.nuc.ord.treefile	12.0	0.1935483870967742
TarvD7	ENSG00000013583.nuc.ord	ENSG00000013583.nuc.ord.treefile	38.0	0.6551724137931034
TarvD7	ENSG00000013588.nuc.ord	ENSG00000013588.nuc.ord.treefile	14.0	0.2692307692307692
TarvD7	ENSG00000014123.nuc.ord	ENSG00000014123.nuc.ord.treefile	10.0	0.21739130434782608
TarvD7	ENSG00000014138.nuc.ord	ENSG00000014138.nuc.ord.treefile	18.0	0.28125
TarvD7	ENSG00000014257.nuc.ord	ENSG00000014257.nuc.ord.treefile	16.0	0.24242424242424243
TarvD7	ENSG00000014641.nuc.ord	ENSG00000014641.nuc.ord.treefile	26.0	0.43333333333333335
TarvD7	ENSG00000014824.nuc.ord	ENSG00000014824.nuc.ord.treefile	22.0	0.3548387096774194
TarvD7	ENSG00000014914.nuc.ord	ENSG00000014914.nuc.ord.treefile	18.0	0.2903225806451613
TarvD7	ENSG00000014919.nuc.ord	ENSG00000014919.nuc.ord.treefile	14.0	0.22580645161290322
TarvD7	ENSG00000015133.nuc.ord	ENSG00000015133.nuc.ord.treefile	8.0	0.16
TarvD7	ENSG00000015153.nuc.ord	ENSG00000015153.nuc.ord.treefile	38.0	0.7037037037037037
TarvD7	ENSG00000015171.nuc.ord	ENSG00000015171.nuc.ord.treefile	14.0	0.22580645161290322
TarvD7	ENSG00000015475.nuc.ord	ENSG00000015475.nuc.ord.treefile	12.0	0.2608695652173913
TarvD7	ENSG00000015479.nuc.ord	ENSG00000015479.nuc.ord.treefile	14.0	0.2916666666666667
TarvD7	ENSG00000015592.nuc.ord	ENSG00000015592.nuc.ord.treefile	36.0	0.5625
TarvD7	ENSG00000015676.nuc.ord	ENSG00000015676.nuc.ord.treefile	26.0	0.43333333333333335
TarvD7	ENSG00000016082.nuc.ord	ENSG00000016082.nuc.ord.treefile	22.0	0.3793103448275862
TarvD7	ENSG00000016391.nuc.ord	ENSG00000016391.nuc.ord.treefile	26.0	0.41935483870967744
TarvD7	ENSG00000016402.nuc.ord	ENSG00000016402.nuc.ord.treefile	6.0	0.1
TarvD7	ENSG00000016490.nuc.ord	ENSG00000016490.nuc.ord.treefile	10.0	0.1724137931034483
TarvD7	ENSG00000016864.nuc.ord	ENSG00000016864.nuc.ord.treefile	16.0	0.25
TarvD7	ENSG00000017260.nuc.ord	ENSG00000017260.nuc.ord.treefile	20.0	0.3225806451612903
TarvD7	ENSG00000017373.nuc.ord	ENSG00000017373.nuc.ord.treefile	22.0	0.36666666666666664
TarvD7	ENSG00000017427.nuc.ord	ENSG00000017427.nuc.ord.treefile	22.0	0.3548387096774194
TarvD7	ENSG00000017483.nuc.ord	ENSG00000017483.nuc.ord.treefile	16.0	0.34782608695652173
TarvD7	ENSG00000018189.nuc.ord	ENSG00000018189.nuc.ord.treefile	28.0	0.4666666666666667
TarvD7	ENSG00000018236.nuc.ord	ENSG00000018236.nuc.ord.treefile	20.0	0.3225806451612903
TarvD7	ENSG00000018280.nuc.ord	ENSG00000018280.nuc.ord.treefile	14.0	0.21875
TarvD7	ENSG00000018408.nuc.ord	ENSG00000018408.nuc.ord.treefile	28.0	0.5
TarvD7	ENSG00000018510.nuc.ord	ENSG00000018510.nuc.ord.treefile	34.0	0.53125
TarvD7	ENSG00000018610.nuc.ord	ENSG00000018610.nuc.ord.treefile	28.0	0.56
TarvD7	ENSG00000018625.nuc.ord	ENSG00000018625.nuc.ord.treefile	14.0	0.2413793103448276
TarvD7	ENSG00000018699.nuc.ord	ENSG00000018699.nuc.ord.treefile	14.0	0.21875
TarvD7	ENSG00000019102.nuc.ord	ENSG00000019102.nuc.ord.treefile	24.0	0.375
TarvD7	ENSG00000019144.nuc.ord	ENSG00000019144.nuc.ord.treefile	18.0	0.3
TarvD7	ENSG00000019169.nuc.ord	ENSG00000019169.nuc.ord.treefile	20.0	0.3225806451612903
TarvD7	ENSG00000019186.nuc.ord	ENSG00000019186.nuc.ord.treefile	14.0	0.22580645161290322
TarvD7	ENSG00000019485.nuc.ord	ENSG00000019485.nuc.ord.treefile	30.0	0.5172413793103449
TarvD7	ENSG00000019505.nuc.ord	ENSG00000019505.nuc.ord.treefile	10.0	0.1724137931034483
TarvD7	ENSG00000019549.nuc.ord	ENSG00000019549.nuc.ord.treefile	20.0	0.37037037037037035
TarvD7	ENSG00000019991.nuc.ord	ENSG00000019991.nuc.ord.treefile	18.0	0.28125
TarvD7	ENSG00000019995.nuc.ord	ENSG00000019995.nuc.ord.treefile	30.0	0.46875
TarvD7	ENSG00000020129.nuc.ord	ENSG00000020129.nuc.ord.treefile	12.0	0.23076923076923078
TarvD7	ENSG00000020181.nuc.ord	ENSG00000020181.nuc.ord.treefile	24.0	0.46153846153846156
TarvD7	ENSG00000020256.nuc.ord	ENSG00000020256.nuc.ord.treefile	34.0	0.6296296296296297
TarvD7	ENSG00000020577.nuc.ord	ENSG00000020577.nuc.ord.treefile	30.0	0.46875
TarvD7	ENSG00000020633.nuc.ord	ENSG00000020633.nuc.ord.treefile	18.0	0.375
TarvD7	ENSG00000020922.nuc.ord	ENSG00000020922.nuc.ord.treefile	24.0	0.3870967741935484
TarvD7	ENSG00000021300.nuc.ord	ENSG00000021300.nuc.ord.treefile	30.0	0.5172413793103449
TarvD7	ENSG00000021488.nuc.ord	ENSG00000021488.nuc.ord.treefile	14.0	0.2413793103448276
TarvD7	ENSG00000021574.nuc.ord	ENSG00000021574.nuc.ord.treefile	22.0	0.36666666666666664
TarvD7	ENSG00000021762.nuc.ord	ENSG00000021762.nuc.ord.treefile	12.0	0.25
TarvD7	ENSG00000021776.nuc.ord	ENSG00000021776.nuc.ord.treefile	12.0	0.18181818181818182
TarvD7	ENSG00000021826.nuc.ord	ENSG00000021826.nuc.ord.treefile	6.0	0.1
TarvD7	ENSG00000021852.nuc.ord	ENSG00000021852.nuc.ord.treefile	22.0	0.36666666666666664
TarvD7	ENSG00000022267.nuc.ord	ENSG00000022267.nuc.ord.treefile	28.0	0.6086956521739131
TarvD7	ENSG00000022277.nuc.ord	ENSG00000022277.nuc.ord.treefile	28.0	0.42424242424242425
TarvD7	ENSG00000022355.nuc.ord	ENSG00000022355.nuc.ord.treefile	30.0	0.4838709677419355
TarvD7	ENSG00000022567.nuc.ord	ENSG00000022567.nuc.ord.treefile	20.0	0.35714285714285715
TarvD7	ENSG00000022840.nuc.ord	ENSG00000022840.nuc.ord.treefile	24.0	0.375
TarvD7	ENSG00000023041.nuc.ord	ENSG00000023041.nuc.ord.treefile	30.0	0.5357142857142857
TarvD7	ENSG00000023171.nuc.ord	ENSG00000023171.nuc.ord.treefile	22.0	0.3793103448275862
TarvD7	ENSG00000023191.nuc.ord	ENSG00000023191.nuc.ord.treefile	16.0	0.4
TarvD7	ENSG00000023228.nuc.ord	ENSG00000023228.nuc.ord.treefile	20.0	0.3125
TarvD7	ENSG00000023287.nuc.ord	ENSG00000023287.nuc.ord.treefile	18.0	0.3103448275862069
TarvD7	ENSG00000023318.nuc.ord	ENSG00000023318.nuc.ord.treefile	18.0	0.2727272727272727
TarvD7	ENSG00000023330.nuc.ord	ENSG00000023330.nuc.ord.treefile	24.0	0.4
TarvD7	ENSG00000023572.nuc.ord	ENSG00000023572.nuc.ord.treefile	34.0	0.6538461538461539
TarvD7	ENSG00000023608.nuc.ord	ENSG00000023608.nuc.ord.treefile	12.0	0.1875
TarvD7	ENSG00000023697.nuc.ord	ENSG00000023697.nuc.ord.treefile	32.0	0.5161290322580645
TarvD7	ENSG00000023734.nuc.ord	ENSG00000023734.nuc.ord.treefile	38.0	0.6785714285714286
TarvD7	ENSG00000023839.nuc.ord	ENSG00000023839.nuc.ord.treefile	0.0	0.0
TarvD7	ENSG00000023843.nuc.ord	ENSG00000023843.nuc.ord.treefile	6.0	0.125
TarvD7	ENSG00000023892.nuc.ord	ENSG00000023892.nuc.ord.treefile	24.0	0.3870967741935484
TarvD7	ENSG00000023909.nuc.ord	ENSG00000023909.nuc.ord.treefile	38.0	0.59375
TarvD7	ENSG00000024048.nuc.ord	ENSG00000024048.nuc.ord.treefile	32.0	0.48484848484848486
TarvD7	ENSG00000024862.nuc.ord	ENSG00000024862.nuc.ord.treefile	40.0	0.6666666666666666
TarvD7	ENSG00000025039.nuc.ord	ENSG00000025039.nuc.ord.treefile	28.0	0.4666666666666667
TarvD7	ENSG00000025156.nuc.ord	ENSG00000025156.nuc.ord.treefile	16.0	0.5714285714285714
TarvD7	ENSG00000025293.nuc.ord	ENSG00000025293.nuc.ord.treefile	12.0	0.2
TarvD7	ENSG00000025434.nuc.ord	ENSG00000025434.nuc.ord.treefile	22.0	0.3548387096774194
TarvD7	ENSG00000025770.nuc.ord	ENSG00000025770.nuc.ord.treefile	6.0	0.13043478260869565
TarvD7	ENSG00000025772.nuc.ord	ENSG00000025772.nuc.ord.treefile	22.0	0.3548387096774194
TarvD7	ENSG00000025796.nuc.ord	ENSG00000025796.nuc.ord.treefile	12.0	0.1875
TarvD7	ENSG00000025800.nuc.ord	ENSG00000025800.nuc.ord.treefile	14.0	0.21875
TarvD7	ENSG00000026025.nuc.ord	ENSG00000026025.nuc.ord.treefile	30.0	0.5
TarvD7	ENSG00000026103.nuc.ord	ENSG00000026103.nuc.ord.treefile	30.0	0.5357142857142857
TarvD7	ENSG00000026508.nuc.ord	ENSG00000026508.nuc.ord.treefile	16.0	0.24242424242424243
TarvD7	ENSG00000026559.nuc.ord	ENSG00000026559.nuc.ord.treefile	32.0	0.64
TarvD7	ENSG00000026652.nuc.ord	ENSG00000026652.nuc.ord.treefile	14.0	0.25
TarvD7	ENSG00000026751.nuc.ord	ENSG00000026751.nuc.ord.treefile	16.0	0.2857142857142857
TarvD7	ENSG00000027001.nuc.ord	ENSG00000027001.nuc.ord.treefile	14.0	0.2413793103448276
TarvD7	ENSG00000027075.nuc.ord	ENSG00000027075.nuc.ord.treefile	18.0	0.2727272727272727
TarvD7	ENSG00000027697.nuc.ord	ENSG00000027697.nuc.ord.treefile	10.0	0.16129032258064516
TarvD7	ENSG00000027847.nuc.ord	ENSG00000027847.nuc.ord.treefile	28.0	0.56
TarvD7	ENSG00000028116.nuc.ord	ENSG00000028116.nuc.ord.treefile	22.0	0.3333333333333333
TarvD7	ENSG00000028137.nuc.ord	ENSG00000028137.nuc.ord.treefile	18.0	0.34615384615384615
TarvD7	ENSG00000028203.nuc.ord	ENSG00000028203.nuc.ord.treefile	26.0	0.3939393939393939
TarvD7	ENSG00000028277.nuc.ord	ENSG00000028277.nuc.ord.treefile	18.0	0.375
TarvD7	ENSG00000028310.nuc.ord	ENSG00000028310.nuc.ord.treefile	24.0	0.42857142857142855
TarvD7	ENSG00000028528.nuc.ord	ENSG00000028528.nuc.ord.treefile	26.0	0.40625
TarvD7	ENSG00000029153.nuc.ord	ENSG00000029153.nuc.ord.treefile	6.0	0.1111111111111111
TarvD7	ENSG00000029363.nuc.ord	ENSG00000029363.nuc.ord.treefile	14.0	0.22580645161290322
TarvD7	ENSG00000029364.nuc.ord	ENSG00000029364.nuc.ord.treefile	28.0	0.4375
TarvD7	ENSG00000029534.nuc.ord	ENSG00000029534.nuc.ord.treefile	4.0	0.13333333333333333
TarvD7	ENSG00000029559.nuc.ord	ENSG00000029559.nuc.ord.treefile	18.0	0.3103448275862069
TarvD7	ENSG00000029639.nuc.ord	ENSG00000029639.nuc.ord.treefile	26.0	0.40625
TarvD7	ENSG00000029725.nuc.ord	ENSG00000029725.nuc.ord.treefile	14.0	0.21212121212121213
TarvD7	ENSG00000030066.nuc.ord	ENSG00000030066.nuc.ord.treefile	14.0	0.21875
TarvD7	ENSG00000030304.nuc.ord	ENSG00000030304.nuc.ord.treefile	20.0	0.30303030303030304
TarvD7	ENSG00000030419.nuc.ord	ENSG00000030419.nuc.ord.treefile	38.0	0.6333333333333333
TarvD7	ENSG00000030582.nuc.ord	ENSG00000030582.nuc.ord.treefile	14.0	0.25
TarvD7	ENSG00000031003.nuc.ord	ENSG00000031003.nuc.ord.treefile	10.0	0.16129032258064516
TarvD7	ENSG00000031081.nuc.ord	ENSG00000031081.nuc.ord.treefile	6.0	0.09375
TarvD7	ENSG00000031544.nuc.ord	ENSG00000031544.nuc.ord.treefile	16.0	0.3333333333333333
TarvD7	ENSG00000031691.nuc.ord	ENSG00000031691.nuc.ord.treefile	14.0	0.25925925925925924
TarvD7	ENSG00000031698.nuc.ord	ENSG00000031698.nuc.ord.treefile	14.0	0.21875
TarvD7	ENSG00000031823.nuc.ord	ENSG00000031823.nuc.ord.treefile	10.0	0.16666666666666666
TarvD7	ENSG00000032219.nuc.ord	ENSG00000032219.nuc.ord.treefile	8.0	0.125
TarvD7	ENSG00000032389.nuc.ord	ENSG00000032389.nuc.ord.treefile	26.0	0.41935483870967744
TarvD7	ENSG00000032444.nuc.ord	ENSG00000032444.nuc.ord.treefile	12.0	0.21428571428571427
TarvD7	ENSG00000032742.nuc.ord	ENSG00000032742.nuc.ord.treefile	16.0	0.25
TarvD7	ENSG00000033030.nuc.ord	ENSG00000033030.nuc.ord.treefile	12.0	0.1875
TarvD7	ENSG00000033050.nuc.ord	ENSG00000033050.nuc.ord.treefile	32.0	0.5161290322580645
TarvD7	ENSG00000033100.nuc.ord	ENSG00000033100.nuc.ord.treefile	18.0	0.3
TarvD7	ENSG00000033122.nuc.ord	ENSG00000033122.nuc.ord.treefile	36.0	0.5454545454545454
TarvD7	ENSG00000033170.nuc.ord	ENSG00000033170.nuc.ord.treefile	18.0	0.3
TarvD7	ENSG00000033178.nuc.ord	ENSG00000033178.nuc.ord.treefile	16.0	0.24242424242424243
TarvD7	ENSG00000033627.nuc.ord	ENSG00000033627.nuc.ord.treefile	28.0	0.45161290322580644
TarvD7	ENSG00000033800.nuc.ord	ENSG00000033800.nuc.ord.treefile	40.0	0.6060606060606061
TarvD7	ENSG00000034063.nuc.ord	ENSG00000034063.nuc.ord.treefile	12.0	0.25
TarvD7	ENSG00000034152.nuc.ord	ENSG00000034152.nuc.ord.treefile	26.0	0.4642857142857143
TarvD7	ENSG00000034239.nuc.ord	ENSG00000034239.nuc.ord.treefile	22.0	0.3793103448275862
TarvD7	ENSG00000034533.nuc.ord	ENSG00000034533.nuc.ord.treefile	12.0	0.1935483870967742
TarvD7	ENSG00000034677.nuc.ord	ENSG00000034677.nuc.ord.treefile	16.0	0.2857142857142857
TarvD7	ENSG00000034693.nuc.ord	ENSG00000034693.nuc.ord.treefile	32.0	0.48484848484848486
TarvD7	ENSG00000034971.nuc.ord	ENSG00000034971.nuc.ord.treefile	18.0	0.3
TarvD7	ENSG00000035115.nuc.ord	ENSG00000035115.nuc.ord.treefile	32.0	0.5
TarvD7	ENSG00000035499.nuc.ord	ENSG00000035499.nuc.ord.treefile	24.0	0.3870967741935484
TarvD7	ENSG00000035664.nuc.ord	ENSG00000035664.nuc.ord.treefile	36.0	0.5806451612903226
TarvD7	ENSG00000035681.nuc.ord	ENSG00000035681.nuc.ord.treefile	6.0	0.09090909090909091
TarvD7	ENSG00000035687.nuc.ord	ENSG00000035687.nuc.ord.treefile	24.0	0.375
TarvD7	ENSG00000035720.nuc.ord	ENSG00000035720.nuc.ord.treefile	24.0	0.4
TarvD7	ENSG00000035862.nuc.ord	ENSG00000035862.nuc.ord.treefile	36.0	0.6923076923076923
TarvD7	ENSG00000036054.nuc.ord	ENSG00000036054.nuc.ord.treefile	26.0	0.41935483870967744
TarvD7	ENSG00000036257.nuc.ord	ENSG00000036257.nuc.ord.treefile	18.0	0.32142857142857145
TarvD7	ENSG00000036448.nuc.ord	ENSG00000036448.nuc.ord.treefile	16.0	0.2962962962962963
TarvD7	ENSG00000036473.nuc.ord	ENSG00000036473.nuc.ord.treefile	20.0	0.30303030303030304
TarvD7	ENSG00000036530.nuc.ord	ENSG00000036530.nuc.ord.treefile	18.0	0.34615384615384615
TarvD7	ENSG00000036549.nuc.ord	ENSG00000036549.nuc.ord.treefile	20.0	0.3125
TarvD7	ENSG00000036565.nuc.ord	ENSG00000036565.nuc.ord.treefile	10.0	0.15151515151515152
TarvD7	ENSG00000036672.nuc.ord	ENSG00000036672.nuc.ord.treefile	18.0	0.3
TarvD7	ENSG00000036828.nuc.ord	ENSG00000036828.nuc.ord.treefile	18.0	0.2727272727272727
TarvD7	ENSG00000037042.nuc.ord	ENSG00000037042.nuc.ord.treefile	28.0	0.6086956521739131
TarvD7	ENSG00000037474.nuc.ord	ENSG00000037474.nuc.ord.treefile	26.0	0.3939393939393939
TarvD7	ENSG00000037637.nuc.ord	ENSG00000037637.nuc.ord.treefile	18.0	0.2903225806451613
TarvD7	ENSG00000037749.nuc.ord	ENSG00000037749.nuc.ord.treefile	26.0	0.4482758620689655
TarvD7	ENSG00000037965.nuc.ord	ENSG00000037965.nuc.ord.treefile	28.0	0.6363636363636364
TarvD7	ENSG00000038002.nuc.ord	ENSG00000038002.nuc.ord.treefile	10.0	0.2631578947368421
TarvD7	ENSG00000038210.nuc.ord	ENSG00000038210.nuc.ord.treefile	16.0	0.27586206896551724
TarvD7	ENSG00000038219.nuc.ord	ENSG00000038219.nuc.ord.treefile	12.0	0.24
TarvD7	ENSG00000038274.nuc.ord	ENSG00000038274.nuc.ord.treefile	26.0	0.4642857142857143
TarvD7	ENSG00000038295.nuc.ord	ENSG00000038295.nuc.ord.treefile	14.0	0.2413793103448276
TarvD7	ENSG00000038358.nuc.ord	ENSG00000038358.nuc.ord.treefile	8.0	0.12121212121212122
TarvD7	ENSG00000038427.nuc.ord	ENSG00000038427.nuc.ord.treefile	4.0	0.06060606060606061
TarvD7	ENSG00000038532.nuc.ord	ENSG00000038532.nuc.ord.treefile	10.0	0.16666666666666666
TarvD7	ENSG00000038945.nuc.ord	ENSG00000038945.nuc.ord.treefile	16.0	0.2857142857142857
TarvD7	ENSG00000039068.nuc.ord	ENSG00000039068.nuc.ord.treefile	22.0	0.34375
TarvD7	ENSG00000039123.nuc.ord	ENSG00000039123.nuc.ord.treefile	12.0	0.1875
TarvD7	ENSG00000039139.nuc.ord	ENSG00000039139.nuc.ord.treefile	8.0	0.12903225806451613
TarvD7	ENSG00000039319.nuc.ord	ENSG00000039319.nuc.ord.treefile	8.0	0.12903225806451613
TarvD7	ENSG00000039523.nuc.ord	ENSG00000039523.nuc.ord.treefile	10.0	0.17857142857142858
TarvD7	ENSG00000039537.nuc.ord	ENSG00000039537.nuc.ord.treefile	8.0	0.125
TarvD7	ENSG00000039560.nuc.ord	ENSG00000039560.nuc.ord.treefile	10.0	0.16666666666666666
TarvD7	ENSG00000039600.nuc.ord	ENSG00000039600.nuc.ord.treefile	20.0	0.3333333333333333
TarvD7	ENSG00000039650.nuc.ord	ENSG00000039650.nuc.ord.treefile	24.0	0.41379310344827586
TarvD7	ENSG00000040199.nuc.ord	ENSG00000040199.nuc.ord.treefile	14.0	0.21212121212121213
TarvD7	ENSG00000040275.nuc.ord	ENSG00000040275.nuc.ord.treefile	6.0	0.0967741935483871
TarvD7	ENSG00000040341.nuc.ord	ENSG00000040341.nuc.ord.treefile	24.0	0.3870967741935484
TarvD7	ENSG00000040487.nuc.ord	ENSG00000040487.nuc.ord.treefile	26.0	0.4642857142857143
TarvD7	ENSG00000040531.nuc.ord	ENSG00000040531.nuc.ord.treefile	18.0	0.3103448275862069
TarvD7	ENSG00000040633.nuc.ord	ENSG00000040633.nuc.ord.treefile	16.0	0.36363636363636365
TarvD7	ENSG00000040731.nuc.ord	ENSG00000040731.nuc.ord.treefile	26.0	0.40625
TarvD7	ENSG00000040933.nuc.ord	ENSG00000040933.nuc.ord.treefile	18.0	0.3
TarvD7	ENSG00000041353.nuc.ord	ENSG00000041353.nuc.ord.treefile	20.0	0.3125
TarvD7	ENSG00000041357.nuc.ord	ENSG00000041357.nuc.ord.treefile	24.0	0.5
TarvD7	ENSG00000041515.nuc.ord	ENSG00000041515.nuc.ord.treefile	12.0	0.20689655172413793
TarvD7	ENSG00000041802.nuc.ord	ENSG00000041802.nuc.ord.treefile	20.0	0.30303030303030304
TarvD7	ENSG00000041880.nuc.ord	ENSG00000041880.nuc.ord.treefile	20.0	0.38461538461538464
TarvD7	ENSG00000041982.nuc.ord	ENSG00000041982.nuc.ord.treefile	14.0	0.22580645161290322
TarvD7	ENSG00000041988.nuc.ord	ENSG00000041988.nuc.ord.treefile	14.0	0.2916666666666667
TarvD7	ENSG00000042088.nuc.ord	ENSG00000042088.nuc.ord.treefile	18.0	0.2727272727272727
TarvD7	ENSG00000042286.nuc.ord	ENSG00000042286.nuc.ord.treefile	18.0	0.2903225806451613
TarvD7	ENSG00000042317.nuc.ord	ENSG00000042317.nuc.ord.treefile	14.0	0.21875
TarvD7	ENSG00000042429.nuc.ord	ENSG00000042429.nuc.ord.treefile	26.0	0.40625
TarvD7	ENSG00000042445.nuc.ord	ENSG00000042445.nuc.ord.treefile	18.0	0.3333333333333333
TarvD7	ENSG00000042493.nuc.ord	ENSG00000042493.nuc.ord.treefile	30.0	0.46875
TarvD7	ENSG00000042753.nuc.ord	ENSG00000042753.nuc.ord.treefile	30.0	0.6
TarvD7	ENSG00000042781.nuc.ord	ENSG00000042781.nuc.ord.treefile	8.0	0.12903225806451613
TarvD7	ENSG00000042813.nuc.ord	ENSG00000042813.nuc.ord.treefile	22.0	0.3548387096774194
TarvD7	ENSG00000042832.nuc.ord	ENSG00000042832.nuc.ord.treefile	10.0	0.16129032258064516
TarvD7	ENSG00000042980.nuc.ord	ENSG00000042980.nuc.ord.treefile	0.0	0.0
TarvD7	ENSG00000043039.nuc.ord	ENSG00000043039.nuc.ord.treefile	12.0	0.21428571428571427
TarvD7	ENSG00000043143.nuc.ord	ENSG00000043143.nuc.ord.treefile	28.0	0.4666666666666667
TarvD7	ENSG00000043462.nuc.ord	ENSG00000043462.nuc.ord.treefile	22.0	0.34375
TarvD7	ENSG00000043514.nuc.ord	ENSG00000043514.nuc.ord.treefile	26.0	0.40625
TarvD7	ENSG00000044012.nuc.ord	ENSG00000044012.nuc.ord.treefile	20.0	0.4
TarvD7	ENSG00000044115.nuc.ord	ENSG00000044115.nuc.ord.treefile	32.0	0.5161290322580645
TarvD7	ENSG00000044446.nuc.ord	ENSG00000044446.nuc.ord.treefile	8.0	0.125
TarvD7	ENSG00000044459.nuc.ord	ENSG00000044459.nuc.ord.treefile	14.0	0.22580645161290322
TarvD7	ENSG00000044524.nuc.ord	ENSG00000044524.nuc.ord.treefile	20.0	0.3225806451612903
TarvD7	ENSG00000046604.nuc.ord	ENSG00000046604.nuc.ord.treefile	8.0	0.13333333333333333
TarvD7	ENSG00000046647.nuc.ord	ENSG00000046647.nuc.ord.treefile	14.0	0.2692307692307692
TarvD7	ENSG00000046651.nuc.ord	ENSG00000046651.nuc.ord.treefile	12.0	0.1935483870967742
TarvD7	ENSG00000046653.nuc.ord	ENSG00000046653.nuc.ord.treefile	36.0	0.6
TarvD7	ENSG00000046889.nuc.ord	ENSG00000046889.nuc.ord.treefile	6.0	0.09375
TarvD7	ENSG00000047056.nuc.ord	ENSG00000047056.nuc.ord.treefile	16.0	0.27586206896551724
TarvD7	ENSG00000047188.nuc.ord	ENSG00000047188.nuc.ord.treefile	12.0	0.18181818181818182
TarvD7	ENSG00000047230.nuc.ord	ENSG00000047230.nuc.ord.treefile	26.0	0.40625
TarvD7	ENSG00000047249.nuc.ord	ENSG00000047249.nuc.ord.treefile	28.0	0.42424242424242425
TarvD7	ENSG00000047315.nuc.ord	ENSG00000047315.nuc.ord.treefile	30.0	0.45454545454545453
TarvD7	ENSG00000047346.nuc.ord	ENSG00000047346.nuc.ord.treefile	12.0	0.1875
TarvD7	ENSG00000047365.nuc.ord	ENSG00000047365.nuc.ord.treefile	14.0	0.21875
TarvD7	ENSG00000047410.nuc.ord	ENSG00000047410.nuc.ord.treefile	10.0	0.16129032258064516
TarvD7	ENSG00000047457.nuc.ord	ENSG00000047457.nuc.ord.treefile	14.0	0.21212121212121213
TarvD7	ENSG00000047578.nuc.ord	ENSG00000047578.nuc.ord.treefile	20.0	0.35714285714285715
TarvD7	ENSG00000047579.nuc.ord	ENSG00000047579.nuc.ord.treefile	20.0	0.3225806451612903
TarvD7	ENSG00000047597.nuc.ord	ENSG00000047597.nuc.ord.treefile	16.0	0.27586206896551724
TarvD7	ENSG00000047617.nuc.ord	ENSG00000047617.nuc.ord.treefile	18.0	0.2903225806451613
TarvD7	ENSG00000047621.nuc.ord	ENSG00000047621.nuc.ord.treefile	18.0	0.3103448275862069
TarvD7	ENSG00000047648.nuc.ord	ENSG00000047648.nuc.ord.treefile	8.0	0.13333333333333333
TarvD7	ENSG00000047662.nuc.ord	ENSG00000047662.nuc.ord.treefile	16.0	0.25
TarvD7	ENSG00000047849.nuc.ord	ENSG00000047849.nuc.ord.treefile	24.0	0.36363636363636365
TarvD7	ENSG00000047932.nuc.ord	ENSG00000047932.nuc.ord.treefile	22.0	0.34375
TarvD7	ENSG00000047936.nuc.ord	ENSG00000047936.nuc.ord.treefile	4.0	0.06896551724137931
TarvD7	ENSG00000048028.nuc.ord	ENSG00000048028.nuc.ord.treefile	22.0	0.34375
TarvD7	ENSG00000048162.nuc.ord	ENSG00000048162.nuc.ord.treefile	30.0	0.75
TarvD7	ENSG00000048392.nuc.ord	ENSG00000048392.nuc.ord.treefile	22.0	0.34375
TarvD7	ENSG00000048405.nuc.ord	ENSG00000048405.nuc.ord.treefile	22.0	0.39285714285714285
TarvD7	ENSG00000048462.nuc.ord	ENSG00000048462.nuc.ord.treefile	20.0	0.35714285714285715
TarvD7	ENSG00000048471.nuc.ord	ENSG00000048471.nuc.ord.treefile	18.0	0.2903225806451613
TarvD7	ENSG00000048540.nuc.ord	ENSG00000048540.nuc.ord.treefile	44.0	0.8148148148148148
TarvD7	ENSG00000048544.nuc.ord	ENSG00000048544.nuc.ord.treefile	24.0	0.41379310344827586
TarvD7	ENSG00000048649.nuc.ord	ENSG00000048649.nuc.ord.treefile	2.0	0.03225806451612903
TarvD7	ENSG00000048707.nuc.ord	ENSG00000048707.nuc.ord.treefile	8.0	0.13333333333333333
TarvD7	ENSG00000048740.nuc.ord	ENSG00000048740.nuc.ord.treefile	28.0	0.4375
TarvD7	ENSG00000048828.nuc.ord	ENSG00000048828.nuc.ord.treefile	22.0	0.34375
TarvD7	ENSG00000048991.nuc.ord	ENSG00000048991.nuc.ord.treefile	14.0	0.21212121212121213
TarvD7	ENSG00000049130.nuc.ord	ENSG00000049130.nuc.ord.treefile	24.0	0.41379310344827586
TarvD7	ENSG00000049167.nuc.ord	ENSG00000049167.nuc.ord.treefile	12.0	0.18181818181818182
TarvD7	ENSG00000049192.nuc.ord	ENSG00000049192.nuc.ord.treefile	14.0	0.21212121212121213
TarvD7	ENSG00000049239.nuc.ord	ENSG00000049239.nuc.ord.treefile	8.0	0.14285714285714285
TarvD7	ENSG00000049246.nuc.ord	ENSG00000049246.nuc.ord.treefile	10.0	0.20833333333333334
TarvD7	ENSG00000049247.nuc.ord	ENSG00000049247.nuc.ord.treefile	34.0	0.6071428571428571
TarvD7	ENSG00000049249.nuc.ord	ENSG00000049249.nuc.ord.treefile	28.0	0.4827586206896552
TarvD7	ENSG00000049319.nuc.ord	ENSG00000049319.nuc.ord.treefile	24.0	0.41379310344827586
TarvD7	ENSG00000049323.nuc.ord	ENSG00000049323.nuc.ord.treefile	12.0	0.1875
TarvD7	ENSG00000049449.nuc.ord	ENSG00000049449.nuc.ord.treefile	30.0	0.5
TarvD7	ENSG00000049541.nuc.ord	ENSG00000049541.nuc.ord.treefile	30.0	0.5769230769230769
TarvD7	ENSG00000049618.nuc.ord	ENSG00000049618.nuc.ord.treefile	20.0	0.3225806451612903
TarvD7	ENSG00000049656.nuc.ord	ENSG00000049656.nuc.ord.treefile	16.0	0.27586206896551724
TarvD7	ENSG00000049768.nuc.ord	ENSG00000049768.nuc.ord.treefile	18.0	0.391304347826087
TarvD7	ENSG00000049769.nuc.ord	ENSG00000049769.nuc.ord.treefile	16.0	0.32
TarvD7	ENSG00000049860.nuc.ord	ENSG00000049860.nuc.ord.treefile	16.0	0.27586206896551724
TarvD7	ENSG00000049883.nuc.ord	ENSG00000049883.nuc.ord.treefile	20.0	0.30303030303030304
TarvD7	ENSG00000050030.nuc.ord	ENSG00000050030.nuc.ord.treefile	2.0	0.034482758620689655
TarvD7	ENSG00000050165.nuc.ord	ENSG00000050165.nuc.ord.treefile	16.0	0.25806451612903225
TarvD7	ENSG00000050344.nuc.ord	ENSG00000050344.nuc.ord.treefile	26.0	0.5
TarvD7	ENSG00000050393.nuc.ord	ENSG00000050393.nuc.ord.treefile	16.0	0.2962962962962963
TarvD7	ENSG00000050405.nuc.ord	ENSG00000050405.nuc.ord.treefile	20.0	0.3225806451612903
TarvD7	ENSG00000050426.nuc.ord	ENSG00000050426.nuc.ord.treefile	26.0	0.41935483870967744
TarvD7	ENSG00000050438.nuc.ord	ENSG00000050438.nuc.ord.treefile	22.0	0.3548387096774194
TarvD7	ENSG00000050555.nuc.ord	ENSG00000050555.nuc.ord.treefile	16.0	0.27586206896551724
TarvD7	ENSG00000050628.nuc.ord	ENSG00000050628.nuc.ord.treefile	12.0	0.24
TarvD7	ENSG00000050730.nuc.ord	ENSG00000050730.nuc.ord.treefile	18.0	0.32142857142857145
TarvD7	ENSG00000050748.nuc.ord	ENSG00000050748.nuc.ord.treefile	48.0	0.8275862068965517
TarvD7	ENSG00000051009.nuc.ord	ENSG00000051009.nuc.ord.treefile	10.0	0.1724137931034483
TarvD7	ENSG00000051108.nuc.ord	ENSG00000051108.nuc.ord.treefile	18.0	0.2903225806451613
TarvD7	ENSG00000051180.nuc.ord	ENSG00000051180.nuc.ord.treefile	30.0	0.5
TarvD7	ENSG00000051341.nuc.ord	ENSG00000051341.nuc.ord.treefile	8.0	0.12903225806451613
TarvD7	ENSG00000051382.nuc.ord	ENSG00000051382.nuc.ord.treefile	22.0	0.36666666666666664
TarvD7	ENSG00000051620.nuc.ord	ENSG00000051620.nuc.ord.treefile	30.0	0.5172413793103449
TarvD7	ENSG00000051825.nuc.ord	ENSG00000051825.nuc.ord.treefile	18.0	0.3103448275862069
TarvD7	ENSG00000052126.nuc.ord	ENSG00000052126.nuc.ord.treefile	18.0	0.3
TarvD7	ENSG00000052723.nuc.ord	ENSG00000052723.nuc.ord.treefile	32.0	0.5
TarvD7	ENSG00000052749.nuc.ord	ENSG00000052749.nuc.ord.treefile	10.0	0.1724137931034483
TarvD7	ENSG00000052795.nuc.ord	ENSG00000052795.nuc.ord.treefile	12.0	0.2
TarvD7	ENSG00000052802.nuc.ord	ENSG00000052802.nuc.ord.treefile	28.0	0.4827586206896552
TarvD7	ENSG00000052841.nuc.ord	ENSG00000052841.nuc.ord.treefile	10.0	0.15151515151515152
TarvD7	ENSG00000052850.nuc.ord	ENSG00000052850.nuc.ord.treefile	20.0	0.4166666666666667
TarvD7	ENSG00000053108.nuc.ord	ENSG00000053108.nuc.ord.treefile	16.0	0.25806451612903225
TarvD7	ENSG00000053254.nuc.ord	ENSG00000053254.nuc.ord.treefile	44.0	0.7333333333333333
TarvD7	ENSG00000053328.nuc.ord	ENSG00000053328.nuc.ord.treefile	12.0	0.1935483870967742
TarvD7	ENSG00000053372.nuc.ord	ENSG00000053372.nuc.ord.treefile	34.0	0.6071428571428571
TarvD7	ENSG00000053747.nuc.ord	ENSG00000053747.nuc.ord.treefile	8.0	0.13333333333333333
TarvD7	ENSG00000053770.nuc.ord	ENSG00000053770.nuc.ord.treefile	18.0	0.2903225806451613
TarvD7	ENSG00000053900.nuc.ord	ENSG00000053900.nuc.ord.treefile	34.0	0.53125
TarvD7	ENSG00000054116.nuc.ord	ENSG00000054116.nuc.ord.treefile	34.0	0.5483870967741935
TarvD7	ENSG00000054118.nuc.ord	ENSG00000054118.nuc.ord.treefile	18.0	0.2903225806451613
TarvD7	ENSG00000054219.nuc.ord	ENSG00000054219.nuc.ord.treefile	6.0	0.0967741935483871
TarvD7	ENSG00000054267.nuc.ord	ENSG00000054267.nuc.ord.treefile	22.0	0.36666666666666664
TarvD7	ENSG00000054277.nuc.ord	ENSG00000054277.nuc.ord.treefile	10.0	0.20833333333333334
TarvD7	ENSG00000054282.nuc.ord	ENSG00000054282.nuc.ord.treefile	12.0	0.18181818181818182
TarvD7	ENSG00000054356.nuc.ord	ENSG00000054356.nuc.ord.treefile	12.0	0.23076923076923078
TarvD7	ENSG00000054392.nuc.ord	ENSG00000054392.nuc.ord.treefile	18.0	0.2903225806451613
TarvD7	ENSG00000054611.nuc.ord	ENSG00000054611.nuc.ord.treefile	16.0	0.2857142857142857
TarvD7	ENSG00000054690.nuc.ord	ENSG00000054690.nuc.ord.treefile	12.0	0.1935483870967742
TarvD7	ENSG00000054793.nuc.ord	ENSG00000054793.nuc.ord.treefile	18.0	0.3103448275862069
TarvD7	ENSG00000054796.nuc.ord	ENSG00000054796.nuc.ord.treefile	24.0	0.375
TarvD7	ENSG00000054938.nuc.ord	ENSG00000054938.nuc.ord.treefile	34.0	0.6071428571428571
TarvD7	ENSG00000054965.nuc.ord	ENSG00000054965.nuc.ord.treefile	34.0	0.5483870967741935
TarvD7	ENSG00000054967.nuc.ord	ENSG00000054967.nuc.ord.treefile	10.0	0.19230769230769232
TarvD7	ENSG00000054983.nuc.ord	ENSG00000054983.nuc.ord.treefile	26.0	0.43333333333333335
TarvD7	ENSG00000055044.nuc.ord	ENSG00000055044.nuc.ord.treefile	18.0	0.3
TarvD7	ENSG00000055070.nuc.ord	ENSG00000055070.nuc.ord.treefile	48.0	0.8275862068965517
TarvD7	ENSG00000055118.nuc.ord	ENSG00000055118.nuc.ord.treefile	12.0	0.23076923076923078
TarvD7	ENSG00000055130.nuc.ord	ENSG00000055130.nuc.ord.treefile	32.0	0.5
TarvD7	ENSG00000055163.nuc.ord	ENSG00000055163.nuc.ord.treefile	22.0	0.34375
TarvD7	ENSG00000055208.nuc.ord	ENSG00000055208.nuc.ord.treefile	22.0	0.36666666666666664
TarvD7	ENSG00000055211.nuc.ord	ENSG00000055211.nuc.ord.treefile	20.0	0.3333333333333333
TarvD7	ENSG00000055332.nuc.ord	ENSG00000055332.nuc.ord.treefile	20.0	0.3448275862068966
TarvD7	ENSG00000055483.nuc.ord	ENSG00000055483.nuc.ord.treefile	4.0	0.06666666666666667
TarvD7	ENSG00000055609.nuc.ord	ENSG00000055609.nuc.ord.treefile	8.0	0.14285714285714285
TarvD7	ENSG00000055732.nuc.ord	ENSG00000055732.nuc.ord.treefile	20.0	0.3125
TarvD7	ENSG00000055813.nuc.ord	ENSG00000055813.nuc.ord.treefile	22.0	0.4074074074074074
TarvD7	ENSG00000055917.nuc.ord	ENSG00000055917.nuc.ord.treefile	18.0	0.2903225806451613
TarvD7	ENSG00000055950.nuc.ord	ENSG00000055950.nuc.ord.treefile	20.0	0.4
TarvD7	ENSG00000055957.nuc.ord	ENSG00000055957.nuc.ord.treefile	14.0	0.23333333333333334
TarvD7	ENSG00000056050.nuc.ord	ENSG00000056050.nuc.ord.treefile	16.0	0.3333333333333333
TarvD7	ENSG00000056097.nuc.ord	ENSG00000056097.nuc.ord.treefile	16.0	0.25806451612903225
TarvD7	ENSG00000056291.nuc.ord	ENSG00000056291.nuc.ord.treefile	16.0	0.26666666666666666
TarvD7	ENSG00000056345.nuc.ord	ENSG00000056345.nuc.ord.treefile	22.0	0.36666666666666664
TarvD7	ENSG00000056487.nuc.ord	ENSG00000056487.nuc.ord.treefile	18.0	0.36
TarvD7	ENSG00000056558.nuc.ord	ENSG00000056558.nuc.ord.treefile	26.0	0.48148148148148145
TarvD7	ENSG00000056586.nuc.ord	ENSG00000056586.nuc.ord.treefile	14.0	0.22580645161290322
TarvD7	ENSG00000056736.nuc.ord	ENSG00000056736.nuc.ord.treefile	12.0	0.2
TarvD7	ENSG00000056972.nuc.ord	ENSG00000056972.nuc.ord.treefile	18.0	0.3
TarvD7	ENSG00000057019.nuc.ord	ENSG00000057019.nuc.ord.treefile	20.0	0.3225806451612903
TarvD7	ENSG00000057252.nuc.ord	ENSG00000057252.nuc.ord.treefile	8.0	0.14814814814814814
TarvD7	ENSG00000057294.nuc.ord	ENSG00000057294.nuc.ord.treefile	18.0	0.32142857142857145
TarvD7	ENSG00000057468.nuc.ord	ENSG00000057468.nuc.ord.treefile	18.0	0.3103448275862069
TarvD7	ENSG00000057593.nuc.ord	ENSG00000057593.nuc.ord.treefile	10.0	0.23809523809523808
TarvD7	ENSG00000057608.nuc.ord	ENSG00000057608.nuc.ord.treefile	20.0	0.3225806451612903
TarvD7	ENSG00000057657.nuc.ord	ENSG00000057657.nuc.ord.treefile	8.0	0.125
TarvD7	ENSG00000057663.nuc.ord	ENSG00000057663.nuc.ord.treefile	38.0	0.5757575757575758
TarvD7	ENSG00000057704.nuc.ord	ENSG00000057704.nuc.ord.treefile	28.0	0.4375
TarvD7	ENSG00000057757.nuc.ord	ENSG00000057757.nuc.ord.treefile	26.0	0.4482758620689655
TarvD7	ENSG00000057935.nuc.ord	ENSG00000057935.nuc.ord.treefile	14.0	0.25925925925925924
TarvD7	ENSG00000058056.nuc.ord	ENSG00000058056.nuc.ord.treefile	28.0	0.42424242424242425
TarvD7	ENSG00000058063.nuc.ord	ENSG00000058063.nuc.ord.treefile	10.0	0.16666666666666666
TarvD7	ENSG00000058085.nuc.ord	ENSG00000058085.nuc.ord.treefile	10.0	0.18518518518518517
TarvD7	ENSG00000058091.nuc.ord	ENSG00000058091.nuc.ord.treefile	24.0	0.375
TarvD7	ENSG00000058262.nuc.ord	ENSG00000058262.nuc.ord.treefile	20.0	0.3448275862068966
TarvD7	ENSG00000058272.nuc.ord	ENSG00000058272.nuc.ord.treefile	20.0	0.3225806451612903
TarvD7	ENSG00000058335.nuc.ord	ENSG00000058335.nuc.ord.treefile	26.0	0.48148148148148145
TarvD7	ENSG00000058600.nuc.ord	ENSG00000058600.nuc.ord.treefile	12.0	0.20689655172413793
TarvD7	ENSG00000058668.nuc.ord	ENSG00000058668.nuc.ord.treefile	10.0	0.19230769230769232
TarvD7	ENSG00000058673.nuc.ord	ENSG00000058673.nuc.ord.treefile	14.0	0.25
TarvD7	ENSG00000058729.nuc.ord	ENSG00000058729.nuc.ord.treefile	20.0	0.3448275862068966
TarvD7	ENSG00000058799.nuc.ord	ENSG00000058799.nuc.ord.treefile	26.0	0.43333333333333335
TarvD7	ENSG00000058866.nuc.ord	ENSG00000058866.nuc.ord.treefile	10.0	0.16129032258064516
TarvD7	ENSG00000059377.nuc.ord	ENSG00000059377.nuc.ord.treefile	14.0	0.23333333333333334
TarvD7	ENSG00000059378.nuc.ord	ENSG00000059378.nuc.ord.treefile	20.0	0.30303030303030304
TarvD7	ENSG00000059573.nuc.ord	ENSG00000059573.nuc.ord.treefile	16.0	0.25
TarvD7	ENSG00000059691.nuc.ord	ENSG00000059691.nuc.ord.treefile	24.0	0.36363636363636365
TarvD7	ENSG00000059728.nuc.ord	ENSG00000059728.nuc.ord.treefile	44.0	0.6666666666666666
TarvD7	ENSG00000060069.nuc.ord	ENSG00000060069.nuc.ord.treefile	10.0	0.19230769230769232
TarvD7	ENSG00000060138.nuc.ord	ENSG00000060138.nuc.ord.treefile	36.0	0.6
TarvD7	ENSG00000060140.nuc.ord	ENSG00000060140.nuc.ord.treefile	8.0	0.13333333333333333
TarvD7	ENSG00000060237.nuc.ord	ENSG00000060237.nuc.ord.treefile	8.0	0.125
TarvD7	ENSG00000060339.nuc.ord	ENSG00000060339.nuc.ord.treefile	18.0	0.2903225806451613
TarvD7	ENSG00000060558.nuc.ord	ENSG00000060558.nuc.ord.treefile	16.0	0.36363636363636365
TarvD7	ENSG00000060642.nuc.ord	ENSG00000060642.nuc.ord.treefile	20.0	0.35714285714285715
TarvD7	ENSG00000060656.nuc.ord	ENSG00000060656.nuc.ord.treefile	26.0	0.4642857142857143
TarvD7	ENSG00000060709.nuc.ord	ENSG00000060709.nuc.ord.treefile	14.0	0.2916666666666667
TarvD7	ENSG00000060718.nuc.ord	ENSG00000060718.nuc.ord.treefile	12.0	0.1935483870967742
TarvD7	ENSG00000060749.nuc.ord	ENSG00000060749.nuc.ord.treefile	16.0	0.32
TarvD7	ENSG00000060762.nuc.ord	ENSG00000060762.nuc.ord.treefile	36.0	0.72
TarvD7	ENSG00000060982.nuc.ord	ENSG00000060982.nuc.ord.treefile	12.0	0.20689655172413793
TarvD7	ENSG00000061273.nuc.ord	ENSG00000061273.nuc.ord.treefile	14.0	0.2692307692307692
TarvD7	ENSG00000061337.nuc.ord	ENSG00000061337.nuc.ord.treefile	20.0	0.3333333333333333
TarvD7	ENSG00000061455.nuc.ord	ENSG00000061455.nuc.ord.treefile	28.0	0.4666666666666667
TarvD7	ENSG00000061492.nuc.ord	ENSG00000061492.nuc.ord.treefile	16.0	0.3076923076923077
TarvD7	ENSG00000061656.nuc.ord	ENSG00000061656.nuc.ord.treefile	14.0	0.2413793103448276
TarvD7	ENSG00000061676.nuc.ord	ENSG00000061676.nuc.ord.treefile	16.0	0.25
TarvD7	ENSG00000061794.nuc.ord	ENSG00000061794.nuc.ord.treefile	22.0	0.34375
TarvD7	ENSG00000061918.nuc.ord	ENSG00000061918.nuc.ord.treefile	34.0	0.5151515151515151
TarvD7	ENSG00000061936.nuc.ord	ENSG00000061936.nuc.ord.treefile	12.0	0.18181818181818182
TarvD7	ENSG00000061987.nuc.ord	ENSG00000061987.nuc.ord.treefile	6.0	0.1
TarvD7	ENSG00000062194.nuc.ord	ENSG00000062194.nuc.ord.treefile	34.0	0.5666666666666667
TarvD7	ENSG00000062282.nuc.ord	ENSG00000062282.nuc.ord.treefile	42.0	0.6774193548387096
TarvD7	ENSG00000062524.nuc.ord	ENSG00000062524.nuc.ord.treefile	12.0	0.3
TarvD7	ENSG00000062582.nuc.ord	ENSG00000062582.nuc.ord.treefile	18.0	0.391304347826087
TarvD7	ENSG00000062598.nuc.ord	ENSG00000062598.nuc.ord.treefile	28.0	0.45161290322580644
TarvD7	ENSG00000062650.nuc.ord	ENSG00000062650.nuc.ord.treefile	6.0	0.10344827586206896
TarvD7	ENSG00000062716.nuc.ord	ENSG00000062716.nuc.ord.treefile	24.0	0.375
TarvD7	ENSG00000062725.nuc.ord	ENSG00000062725.nuc.ord.treefile	16.0	0.24242424242424243
TarvD7	ENSG00000062822.nuc.ord	ENSG00000062822.nuc.ord.treefile	24.0	0.5
TarvD7	ENSG00000063015.nuc.ord	ENSG00000063015.nuc.ord.treefile	20.0	0.35714285714285715
TarvD7	ENSG00000063046.nuc.ord	ENSG00000063046.nuc.ord.treefile	20.0	0.38461538461538464
TarvD7	ENSG00000063176.nuc.ord	ENSG00000063176.nuc.ord.treefile	10.0	0.20833333333333334
TarvD7	ENSG00000063245.nuc.ord	ENSG00000063245.nuc.ord.treefile	28.0	0.6363636363636364
TarvD7	ENSG00000063322.nuc.ord	ENSG00000063322.nuc.ord.treefile	12.0	0.2857142857142857
TarvD7	ENSG00000063438.nuc.ord	ENSG00000063438.nuc.ord.treefile	10.0	0.21739130434782608
TarvD7	ENSG00000063515.nuc.ord	ENSG00000063515.nuc.ord.treefile	20.0	0.5882352941176471
TarvD7	ENSG00000063587.nuc.ord	ENSG00000063587.nuc.ord.treefile	18.0	0.375
TarvD7	ENSG00000063601.nuc.ord	ENSG00000063601.nuc.ord.treefile	16.0	0.26666666666666666
TarvD7	ENSG00000063761.nuc.ord	ENSG00000063761.nuc.ord.treefile	24.0	0.3870967741935484
TarvD7	ENSG00000063978.nuc.ord	ENSG00000063978.nuc.ord.treefile	28.0	0.4827586206896552
TarvD7	ENSG00000064012.nuc.ord	ENSG00000064012.nuc.ord.treefile	26.0	0.43333333333333335
TarvD7	ENSG00000064042.nuc.ord	ENSG00000064042.nuc.ord.treefile	20.0	0.30303030303030304
TarvD7	ENSG00000064102.nuc.ord	ENSG00000064102.nuc.ord.treefile	18.0	0.3103448275862069
TarvD7	ENSG00000064115.nuc.ord	ENSG00000064115.nuc.ord.treefile	22.0	0.34375
TarvD7	ENSG00000064195.nuc.ord	ENSG00000064195.nuc.ord.treefile	30.0	0.5769230769230769
TarvD7	ENSG00000064199.nuc.ord	ENSG00000064199.nuc.ord.treefile	40.0	0.6666666666666666
TarvD7	ENSG00000064270.nuc.ord	ENSG00000064270.nuc.ord.treefile	12.0	0.2
TarvD7	ENSG00000064309.nuc.ord	ENSG00000064309.nuc.ord.treefile	12.0	0.1875
TarvD7	ENSG00000064313.nuc.ord	ENSG00000064313.nuc.ord.treefile	18.0	0.28125
TarvD7	ENSG00000064419.nuc.ord	ENSG00000064419.nuc.ord.treefile	12.0	0.18181818181818182
TarvD7	ENSG00000064490.nuc.ord	ENSG00000064490.nuc.ord.treefile	22.0	0.4230769230769231
TarvD7	ENSG00000064601.nuc.ord	ENSG00000064601.nuc.ord.treefile	14.0	0.25
TarvD7	ENSG00000064651.nuc.ord	ENSG00000064651.nuc.ord.treefile	10.0	0.15625
TarvD7	ENSG00000064652.nuc.ord	ENSG00000064652.nuc.ord.treefile	36.0	0.5806451612903226
TarvD7	ENSG00000064655.nuc.ord	ENSG00000064655.nuc.ord.treefile	20.0	0.3125
TarvD7	ENSG00000064692.nuc.ord	ENSG00000064692.nuc.ord.treefile	18.0	0.2727272727272727
TarvD7	ENSG00000064703.nuc.ord	ENSG00000064703.nuc.ord.treefile	24.0	0.375
TarvD7	ENSG00000064726.nuc.ord	ENSG00000064726.nuc.ord.treefile	32.0	0.5
TarvD7	ENSG00000064763.nuc.ord	ENSG00000064763.nuc.ord.treefile	24.0	0.3870967741935484
TarvD7	ENSG00000064787.nuc.ord	ENSG00000064787.nuc.ord.treefile	10.0	0.15625
TarvD7	ENSG00000064835.nuc.ord	ENSG00000064835.nuc.ord.treefile	16.0	0.25
TarvD7	ENSG00000064933.nuc.ord	ENSG00000064933.nuc.ord.treefile	14.0	0.21875
TarvD7	ENSG00000064989.nuc.ord	ENSG00000064989.nuc.ord.treefile	30.0	0.45454545454545453
TarvD7	ENSG00000064999.nuc.ord	ENSG00000064999.nuc.ord.treefile	12.0	0.20689655172413793
TarvD7	ENSG00000065029.nuc.ord	ENSG00000065029.nuc.ord.treefile	20.0	0.3448275862068966
TarvD7	ENSG00000065054.nuc.ord	ENSG00000065054.nuc.ord.treefile	18.0	0.4090909090909091
TarvD7	ENSG00000065057.nuc.ord	ENSG00000065057.nuc.ord.treefile	20.0	0.38461538461538464
TarvD7	ENSG00000065060.nuc.ord	ENSG00000065060.nuc.ord.treefile	20.0	0.3125
TarvD7	ENSG00000065135.nuc.ord	ENSG00000065135.nuc.ord.treefile	26.0	0.40625
TarvD7	ENSG00000065154.nuc.ord	ENSG00000065154.nuc.ord.treefile	28.0	0.4375
TarvD7	ENSG00000065183.nuc.ord	ENSG00000065183.nuc.ord.treefile	14.0	0.21212121212121213
TarvD7	ENSG00000065243.nuc.ord	ENSG00000065243.nuc.ord.treefile	12.0	0.1875
TarvD7	ENSG00000065308.nuc.ord	ENSG00000065308.nuc.ord.treefile	28.0	0.4375
TarvD7	ENSG00000065320.nuc.ord	ENSG00000065320.nuc.ord.treefile	20.0	0.4
TarvD7	ENSG00000065325.nuc.ord	ENSG00000065325.nuc.ord.treefile	16.0	0.24242424242424243
TarvD7	ENSG00000065328.nuc.ord	ENSG00000065328.nuc.ord.treefile	10.0	0.1724137931034483
TarvD7	ENSG00000065357.nuc.ord	ENSG00000065357.nuc.ord.treefile	20.0	0.3333333333333333
TarvD7	ENSG00000065361.nuc.ord	ENSG00000065361.nuc.ord.treefile	8.0	0.125
TarvD7	ENSG00000065413.nuc.ord	ENSG00000065413.nuc.ord.treefile	22.0	0.3333333333333333
TarvD7	ENSG00000065427.nuc.ord	ENSG00000065427.nuc.ord.treefile	22.0	0.34375
TarvD7	ENSG00000065457.nuc.ord	ENSG00000065457.nuc.ord.treefile	8.0	0.125
TarvD7	ENSG00000065485.nuc.ord	ENSG00000065485.nuc.ord.treefile	16.0	0.24242424242424243
TarvD7	ENSG00000065491.nuc.ord	ENSG00000065491.nuc.ord.treefile	34.0	0.53125
TarvD7	ENSG00000065526.nuc.ord	ENSG00000065526.nuc.ord.treefile	12.0	0.21428571428571427
TarvD7	ENSG00000065534.nuc.ord	ENSG00000065534.nuc.ord.treefile	2.0	0.045454545454545456
TarvD7	ENSG00000065548.nuc.ord	ENSG00000065548.nuc.ord.treefile	28.0	0.4827586206896552
TarvD7	ENSG00000065559.nuc.ord	ENSG00000065559.nuc.ord.treefile	46.0	0.7419354838709677
TarvD7	ENSG00000065600.nuc.ord	ENSG00000065600.nuc.ord.treefile	20.0	0.3448275862068966
TarvD7	ENSG00000065609.nuc.ord	ENSG00000065609.nuc.ord.treefile	20.0	0.30303030303030304
TarvD7	ENSG00000065613.nuc.ord	ENSG00000065613.nuc.ord.treefile	2.0	0.03333333333333333
TarvD7	ENSG00000065615.nuc.ord	ENSG00000065615.nuc.ord.treefile	12.0	0.1935483870967742
TarvD7	ENSG00000065618.nuc.ord	ENSG00000065618.nuc.ord.treefile	12.0	0.20689655172413793
TarvD7	ENSG00000065621.nuc.ord	ENSG00000065621.nuc.ord.treefile	22.0	0.3793103448275862
TarvD7	ENSG00000065665.nuc.ord	ENSG00000065665.nuc.ord.treefile	40.0	0.625
TarvD7	ENSG00000065675.nuc.ord	ENSG00000065675.nuc.ord.treefile	28.0	0.45161290322580644
TarvD7	ENSG00000065717.nuc.ord	ENSG00000065717.nuc.ord.treefile	26.0	0.5652173913043478
TarvD7	ENSG00000065809.nuc.ord	ENSG00000065809.nuc.ord.treefile	18.0	0.3103448275862069
TarvD7	ENSG00000065882.nuc.ord	ENSG00000065882.nuc.ord.treefile	20.0	0.3125
TarvD7	ENSG00000065883.nuc.ord	ENSG00000065883.nuc.ord.treefile	16.0	0.25806451612903225
TarvD7	ENSG00000065970.nuc.ord	ENSG00000065970.nuc.ord.treefile	32.0	0.64
TarvD7	ENSG00000066027.nuc.ord	ENSG00000066027.nuc.ord.treefile	38.0	0.5757575757575758
TarvD7	ENSG00000066032.nuc.ord	ENSG00000066032.nuc.ord.treefile	24.0	0.42857142857142855
TarvD7	ENSG00000066084.nuc.ord	ENSG00000066084.nuc.ord.treefile	14.0	0.2413793103448276
TarvD7	ENSG00000066117.nuc.ord	ENSG00000066117.nuc.ord.treefile	30.0	0.5357142857142857
TarvD7	ENSG00000066135.nuc.ord	ENSG00000066135.nuc.ord.treefile	20.0	0.3225806451612903
TarvD7	ENSG00000066185.nuc.ord	ENSG00000066185.nuc.ord.treefile	16.0	0.25
TarvD7	ENSG00000066230.nuc.ord	ENSG00000066230.nuc.ord.treefile	6.0	0.13043478260869565
TarvD7	ENSG00000066248.nuc.ord	ENSG00000066248.nuc.ord.treefile	16.0	0.42105263157894735
TarvD7	ENSG00000066279.nuc.ord	ENSG00000066279.nuc.ord.treefile	6.0	0.10344827586206896
TarvD7	ENSG00000066322.nuc.ord	ENSG00000066322.nuc.ord.treefile	30.0	0.4838709677419355
TarvD7	ENSG00000066379.nuc.ord	ENSG00000066379.nuc.ord.treefile	30.0	0.5555555555555556
TarvD7	ENSG00000066382.nuc.ord	ENSG00000066382.nuc.ord.treefile	52.0	0.7878787878787878
TarvD7	ENSG00000066405.nuc.ord	ENSG00000066405.nuc.ord.treefile	44.0	0.7096774193548387
TarvD7	ENSG00000066422.nuc.ord	ENSG00000066422.nuc.ord.treefile	12.0	0.1875
TarvD7	ENSG00000066455.nuc.ord	ENSG00000066455.nuc.ord.treefile	10.0	0.16129032258064516
TarvD7	ENSG00000066468.nuc.ord	ENSG00000066468.nuc.ord.treefile	26.0	0.6190476190476191
TarvD7	ENSG00000066557.nuc.ord	ENSG00000066557.nuc.ord.treefile	26.0	0.40625
TarvD7	ENSG00000066583.nuc.ord	ENSG00000066583.nuc.ord.treefile	40.0	0.6896551724137931
TarvD7	ENSG00000066629.nuc.ord	ENSG00000066629.nuc.ord.treefile	14.0	0.25
TarvD7	ENSG00000066651.nuc.ord	ENSG00000066651.nuc.ord.treefile	24.0	0.3870967741935484
TarvD7	ENSG00000066654.nuc.ord	ENSG00000066654.nuc.ord.treefile	8.0	0.18181818181818182
TarvD7	ENSG00000066777.nuc.ord	ENSG00000066777.nuc.ord.treefile	12.0	0.1935483870967742
TarvD7	ENSG00000066827.nuc.ord	ENSG00000066827.nuc.ord.treefile	16.0	0.25
TarvD7	ENSG00000066855.nuc.ord	ENSG00000066855.nuc.ord.treefile	8.0	0.125
TarvD7	ENSG00000066926.nuc.ord	ENSG00000066926.nuc.ord.treefile	16.0	0.25806451612903225
TarvD7	ENSG00000066933.nuc.ord	ENSG00000066933.nuc.ord.treefile	6.0	0.0967741935483871
TarvD7	ENSG00000067057.nuc.ord	ENSG00000067057.nuc.ord.treefile	24.0	0.41379310344827586
TarvD7	ENSG00000067064.nuc.ord	ENSG00000067064.nuc.ord.treefile	26.0	0.4642857142857143
TarvD7	ENSG00000067082.nuc.ord	ENSG00000067082.nuc.ord.treefile	16.0	0.3076923076923077
TarvD7	ENSG00000067113.nuc.ord	ENSG00000067113.nuc.ord.treefile	42.0	0.7
TarvD7	ENSG00000067141.nuc.ord	ENSG00000067141.nuc.ord.treefile	16.0	0.25
TarvD7	ENSG00000067177.nuc.ord	ENSG00000067177.nuc.ord.treefile	14.0	0.22580645161290322
TarvD7	ENSG00000067182.nuc.ord	ENSG00000067182.nuc.ord.treefile	18.0	0.3333333333333333
TarvD7	ENSG00000067208.nuc.ord	ENSG00000067208.nuc.ord.treefile	22.0	0.34375
TarvD7	ENSG00000067221.nuc.ord	ENSG00000067221.nuc.ord.treefile	14.0	0.25925925925925924
TarvD7	ENSG00000067248.nuc.ord	ENSG00000067248.nuc.ord.treefile	14.0	0.21875
TarvD7	ENSG00000067334.nuc.ord	ENSG00000067334.nuc.ord.treefile	18.0	0.3103448275862069
TarvD7	ENSG00000067369.nuc.ord	ENSG00000067369.nuc.ord.treefile	10.0	0.16666666666666666
TarvD7	ENSG00000067596.nuc.ord	ENSG00000067596.nuc.ord.treefile	28.0	0.5185185185185185
TarvD7	ENSG00000067704.nuc.ord	ENSG00000067704.nuc.ord.treefile	30.0	0.45454545454545453
TarvD7	ENSG00000067715.nuc.ord	ENSG00000067715.nuc.ord.treefile	26.0	0.52
TarvD7	ENSG00000067798.nuc.ord	ENSG00000067798.nuc.ord.treefile	14.0	0.21875
TarvD7	ENSG00000067900.nuc.ord	ENSG00000067900.nuc.ord.treefile	10.0	0.16666666666666666
TarvD7	ENSG00000067955.nuc.ord	ENSG00000067955.nuc.ord.treefile	38.0	0.6129032258064516
TarvD7	ENSG00000067992.nuc.ord	ENSG00000067992.nuc.ord.treefile	20.0	0.3333333333333333
TarvD7	ENSG00000068001.nuc.ord	ENSG00000068001.nuc.ord.treefile	18.0	0.3
TarvD7	ENSG00000068028.nuc.ord	ENSG00000068028.nuc.ord.treefile	20.0	0.37037037037037035
TarvD7	ENSG00000068079.nuc.ord	ENSG00000068079.nuc.ord.treefile	16.0	0.2962962962962963
TarvD7	ENSG00000068097.nuc.ord	ENSG00000068097.nuc.ord.treefile	12.0	0.2
TarvD7	ENSG00000068120.nuc.ord	ENSG00000068120.nuc.ord.treefile	16.0	0.2857142857142857
TarvD7	ENSG00000068323.nuc.ord	ENSG00000068323.nuc.ord.treefile	26.0	0.52
TarvD7	ENSG00000068354.nuc.ord	ENSG00000068354.nuc.ord.treefile	20.0	0.37037037037037035
TarvD7	ENSG00000068366.nuc.ord	ENSG00000068366.nuc.ord.treefile	12.0	0.1935483870967742
TarvD7	ENSG00000068383.nuc.ord	ENSG00000068383.nuc.ord.treefile	24.0	0.4444444444444444
TarvD7	ENSG00000068394.nuc.ord	ENSG00000068394.nuc.ord.treefile	22.0	0.4074074074074074
TarvD7	ENSG00000068489.nuc.ord	ENSG00000068489.nuc.ord.treefile	6.0	0.0967741935483871
TarvD7	ENSG00000068615.nuc.ord	ENSG00000068615.nuc.ord.treefile	42.0	0.7
TarvD7	ENSG00000068650.nuc.ord	ENSG00000068650.nuc.ord.treefile	12.0	0.23076923076923078
TarvD7	ENSG00000068654.nuc.ord	ENSG00000068654.nuc.ord.treefile	14.0	0.22580645161290322
TarvD7	ENSG00000068697.nuc.ord	ENSG00000068697.nuc.ord.treefile	14.0	0.35
TarvD7	ENSG00000068724.nuc.ord	ENSG00000068724.nuc.ord.treefile	16.0	0.26666666666666666
TarvD7	ENSG00000068745.nuc.ord	ENSG00000068745.nuc.ord.treefile	10.0	0.16666666666666666
TarvD7	ENSG00000068784.nuc.ord	ENSG00000068784.nuc.ord.treefile	16.0	0.24242424242424243
TarvD7	ENSG00000068793.nuc.ord	ENSG00000068793.nuc.ord.treefile	24.0	0.375
TarvD7	ENSG00000068796.nuc.ord	ENSG00000068796.nuc.ord.treefile	10.0	0.16666666666666666
TarvD7	ENSG00000068831.nuc.ord	ENSG00000068831.nuc.ord.treefile	20.0	0.35714285714285715
TarvD7	ENSG00000068878.nuc.ord	ENSG00000068878.nuc.ord.treefile	20.0	0.3125
TarvD7	ENSG00000068885.nuc.ord	ENSG00000068885.nuc.ord.treefile	28.0	0.45161290322580644
TarvD7	ENSG00000068903.nuc.ord	ENSG00000068903.nuc.ord.treefile	22.0	0.4230769230769231
TarvD7	ENSG00000068912.nuc.ord	ENSG00000068912.nuc.ord.treefile	28.0	0.42424242424242425
TarvD7	ENSG00000068971.nuc.ord	ENSG00000068971.nuc.ord.treefile	24.0	0.48
TarvD7	ENSG00000068976.nuc.ord	ENSG00000068976.nuc.ord.treefile	14.0	0.25
TarvD7	ENSG00000069011.nuc.ord	ENSG00000069011.nuc.ord.treefile	24.0	0.5454545454545454
TarvD7	ENSG00000069018.nuc.ord	ENSG00000069018.nuc.ord.treefile	26.0	0.3939393939393939
TarvD7	ENSG00000069020.nuc.ord	ENSG00000069020.nuc.ord.treefile	20.0	0.30303030303030304
TarvD7	ENSG00000069206.nuc.ord	ENSG00000069206.nuc.ord.treefile	10.0	0.15625
TarvD7	ENSG00000069248.nuc.ord	ENSG00000069248.nuc.ord.treefile	12.0	0.1875
TarvD7	ENSG00000069275.nuc.ord	ENSG00000069275.nuc.ord.treefile	26.0	0.5
TarvD7	ENSG00000069329.nuc.ord	ENSG00000069329.nuc.ord.treefile	30.0	0.46875
TarvD7	ENSG00000069345.nuc.ord	ENSG00000069345.nuc.ord.treefile	4.0	0.14285714285714285
TarvD7	ENSG00000069431.nuc.ord	ENSG00000069431.nuc.ord.treefile	18.0	0.2903225806451613
TarvD7	ENSG00000069482.nuc.ord	ENSG00000069482.nuc.ord.treefile	22.0	0.5
TarvD7	ENSG00000069509.nuc.ord	ENSG00000069509.nuc.ord.treefile	26.0	0.4642857142857143
TarvD7	ENSG00000069535.nuc.ord	ENSG00000069535.nuc.ord.treefile	20.0	0.3225806451612903
TarvD7	ENSG00000069667.nuc.ord	ENSG00000069667.nuc.ord.treefile	38.0	0.59375
TarvD7	ENSG00000069702.nuc.ord	ENSG00000069702.nuc.ord.treefile	12.0	0.1935483870967742
TarvD7	ENSG00000069712.nuc.ord	ENSG00000069712.nuc.ord.treefile	10.0	0.16666666666666666
TarvD7	ENSG00000069849.nuc.ord	ENSG00000069849.nuc.ord.treefile	12.0	0.25
TarvD7	ENSG00000069869.nuc.ord	ENSG00000069869.nuc.ord.treefile	32.0	0.5161290322580645
TarvD7	ENSG00000069943.nuc.ord	ENSG00000069943.nuc.ord.treefile	14.0	0.21875
TarvD7	ENSG00000069966.nuc.ord	ENSG00000069966.nuc.ord.treefile	30.0	0.5172413793103449
TarvD7	ENSG00000069974.nuc.ord	ENSG00000069974.nuc.ord.treefile	40.0	0.6666666666666666
TarvD7	ENSG00000070010.nuc.ord	ENSG00000070010.nuc.ord.treefile	30.0	0.5555555555555556
TarvD7	ENSG00000070018.nuc.ord	ENSG00000070018.nuc.ord.treefile	30.0	0.46875
TarvD7	ENSG00000070019.nuc.ord	ENSG00000070019.nuc.ord.treefile	12.0	0.1935483870967742
TarvD7	ENSG00000070047.nuc.ord	ENSG00000070047.nuc.ord.treefile	8.0	0.16666666666666666
TarvD7	ENSG00000070061.nuc.ord	ENSG00000070061.nuc.ord.treefile	18.0	0.28125
TarvD7	ENSG00000070081.nuc.ord	ENSG00000070081.nuc.ord.treefile	24.0	0.375
TarvD7	ENSG00000070087.nuc.ord	ENSG00000070087.nuc.ord.treefile	30.0	0.7142857142857143
TarvD7	ENSG00000070159.nuc.ord	ENSG00000070159.nuc.ord.treefile	8.0	0.14285714285714285
TarvD7	ENSG00000070182.nuc.ord	ENSG00000070182.nuc.ord.treefile	8.0	0.13333333333333333
TarvD7	ENSG00000070190.nuc.ord	ENSG00000070190.nuc.ord.treefile	28.0	0.4375
TarvD7	ENSG00000070193.nuc.ord	ENSG00000070193.nuc.ord.treefile	30.0	0.5555555555555556
TarvD7	ENSG00000070214.nuc.ord	ENSG00000070214.nuc.ord.treefile	26.0	0.3939393939393939
TarvD7	ENSG00000070269.nuc.ord	ENSG00000070269.nuc.ord.treefile	16.0	0.24242424242424243
TarvD7	ENSG00000070366.nuc.ord	ENSG00000070366.nuc.ord.treefile	14.0	0.5384615384615384
TarvD7	ENSG00000070367.nuc.ord	ENSG00000070367.nuc.ord.treefile	16.0	0.25806451612903225
TarvD7	ENSG00000070413.nuc.ord	ENSG00000070413.nuc.ord.treefile	16.0	0.27586206896551724
TarvD7	ENSG00000070495.nuc.ord	ENSG00000070495.nuc.ord.treefile	16.0	0.3076923076923077
TarvD7	ENSG00000070501.nuc.ord	ENSG00000070501.nuc.ord.treefile	36.0	0.6
TarvD7	ENSG00000070540.nuc.ord	ENSG00000070540.nuc.ord.treefile	12.0	0.1935483870967742
TarvD7	ENSG00000070601.nuc.ord	ENSG00000070601.nuc.ord.treefile	10.0	0.15625
TarvD7	ENSG00000070610.nuc.ord	ENSG00000070610.nuc.ord.treefile	16.0	0.25806451612903225
TarvD7	ENSG00000070614.nuc.ord	ENSG00000070614.nuc.ord.treefile	26.0	0.5
TarvD7	ENSG00000070669.nuc.ord	ENSG00000070669.nuc.ord.treefile	4.0	0.11764705882352941
TarvD7	ENSG00000070718.nuc.ord	ENSG00000070718.nuc.ord.treefile	20.0	0.30303030303030304
TarvD7	ENSG00000070729.nuc.ord	ENSG00000070729.nuc.ord.treefile	14.0	0.22580645161290322
TarvD7	ENSG00000070761.nuc.ord	ENSG00000070761.nuc.ord.treefile	40.0	0.6451612903225806
TarvD7	ENSG00000070770.nuc.ord	ENSG00000070770.nuc.ord.treefile	26.0	0.40625
TarvD7	ENSG00000070778.nuc.ord	ENSG00000070778.nuc.ord.treefile	36.0	0.6206896551724138
TarvD7	ENSG00000070785.nuc.ord	ENSG00000070785.nuc.ord.treefile	18.0	0.2903225806451613
TarvD7	ENSG00000070808.nuc.ord	ENSG00000070808.nuc.ord.treefile	30.0	0.46875
TarvD7	ENSG00000070814.nuc.ord	ENSG00000070814.nuc.ord.treefile	14.0	0.2692307692307692
TarvD7	ENSG00000070882.nuc.ord	ENSG00000070882.nuc.ord.treefile	18.0	0.2727272727272727
TarvD7	ENSG00000070915.nuc.ord	ENSG00000070915.nuc.ord.treefile	12.0	0.23076923076923078
TarvD7	ENSG00000070950.nuc.ord	ENSG00000070950.nuc.ord.treefile	18.0	0.3
TarvD7	ENSG00000070961.nuc.ord	ENSG00000070961.nuc.ord.treefile	24.0	0.36363636363636365
TarvD7	ENSG00000071054.nuc.ord	ENSG00000071054.nuc.ord.treefile	24.0	0.375
TarvD7	ENSG00000071073.nuc.ord	ENSG00000071073.nuc.ord.treefile	20.0	0.3125
TarvD7	ENSG00000071127.nuc.ord	ENSG00000071127.nuc.ord.treefile	14.0	0.23333333333333334
TarvD7	ENSG00000071189.nuc.ord	ENSG00000071189.nuc.ord.treefile	16.0	0.25
TarvD7	ENSG00000071205.nuc.ord	ENSG00000071205.nuc.ord.treefile	16.0	0.25
TarvD7	ENSG00000071243.nuc.ord	ENSG00000071243.nuc.ord.treefile	26.0	0.41935483870967744
TarvD7	ENSG00000071246.nuc.ord	ENSG00000071246.nuc.ord.treefile	18.0	0.3
TarvD7	ENSG00000071282.nuc.ord	ENSG00000071282.nuc.ord.treefile	26.0	0.4642857142857143
TarvD7	ENSG00000071537.nuc.ord	ENSG00000071537.nuc.ord.treefile	18.0	0.2727272727272727
TarvD7	ENSG00000071539.nuc.ord	ENSG00000071539.nuc.ord.treefile	18.0	0.3
TarvD7	ENSG00000071553.nuc.ord	ENSG00000071553.nuc.ord.treefile	20.0	0.37037037037037035
TarvD7	ENSG00000071575.nuc.ord	ENSG00000071575.nuc.ord.treefile	28.0	0.45161290322580644
TarvD7	ENSG00000071794.nuc.ord	ENSG00000071794.nuc.ord.treefile	16.0	0.24242424242424243
TarvD7	ENSG00000071859.nuc.ord	ENSG00000071859.nuc.ord.treefile	28.0	0.6086956521739131
TarvD7	ENSG00000071889.nuc.ord	ENSG00000071889.nuc.ord.treefile	18.0	0.391304347826087
TarvD7	ENSG00000071909.nuc.ord	ENSG00000071909.nuc.ord.treefile	8.0	0.12903225806451613
TarvD7	ENSG00000071967.nuc.ord	ENSG00000071967.nuc.ord.treefile	26.0	0.41935483870967744
TarvD7	ENSG00000071991.nuc.ord	ENSG00000071991.nuc.ord.treefile	14.0	0.25
TarvD7	ENSG00000071994.nuc.ord	ENSG00000071994.nuc.ord.treefile	14.0	0.28
TarvD7	ENSG00000072041.nuc.ord	ENSG00000072041.nuc.ord.treefile	24.0	0.3870967741935484
TarvD7	ENSG00000072042.nuc.ord	ENSG00000072042.nuc.ord.treefile	12.0	0.1935483870967742
TarvD7	ENSG00000072080.nuc.ord	ENSG00000072080.nuc.ord.treefile	26.0	0.48148148148148145
TarvD7	ENSG00000072110.nuc.ord	ENSG00000072110.nuc.ord.treefile	34.0	0.5666666666666667
TarvD7	ENSG00000072121.nuc.ord	ENSG00000072121.nuc.ord.treefile	6.0	0.09090909090909091
TarvD7	ENSG00000072133.nuc.ord	ENSG00000072133.nuc.ord.treefile	12.0	0.21428571428571427
TarvD7	ENSG00000072134.nuc.ord	ENSG00000072134.nuc.ord.treefile	28.0	0.4827586206896552
TarvD7	ENSG00000072135.nuc.ord	ENSG00000072135.nuc.ord.treefile	26.0	0.5
TarvD7	ENSG00000072182.nuc.ord	ENSG00000072182.nuc.ord.treefile	22.0	0.4074074074074074
TarvD7	ENSG00000072195.nuc.ord	ENSG00000072195.nuc.ord.treefile	8.0	0.17391304347826086
TarvD7	ENSG00000072201.nuc.ord	ENSG00000072201.nuc.ord.treefile	20.0	0.3333333333333333
TarvD7	ENSG00000072210.nuc.ord	ENSG00000072210.nuc.ord.treefile	20.0	0.3125
TarvD7	ENSG00000072274.nuc.ord	ENSG00000072274.nuc.ord.treefile	14.0	0.21875
TarvD7	ENSG00000072310.nuc.ord	ENSG00000072310.nuc.ord.treefile	4.0	0.07142857142857142
TarvD7	ENSG00000072315.nuc.ord	ENSG00000072315.nuc.ord.treefile	12.0	0.18181818181818182
TarvD7	ENSG00000072364.nuc.ord	ENSG00000072364.nuc.ord.treefile	12.0	0.1875
TarvD7	ENSG00000072401.nuc.ord	ENSG00000072401.nuc.ord.treefile	40.0	0.6896551724137931
TarvD7	ENSG00000072415.nuc.ord	ENSG00000072415.nuc.ord.treefile	24.0	0.375
TarvD7	ENSG00000072422.nuc.ord	ENSG00000072422.nuc.ord.treefile	16.0	0.24242424242424243
TarvD7	ENSG00000072518.nuc.ord	ENSG00000072518.nuc.ord.treefile	22.0	0.3793103448275862
TarvD7	ENSG00000072571.nuc.ord	ENSG00000072571.nuc.ord.treefile	14.0	0.23333333333333334
TarvD7	ENSG00000072609.nuc.ord	ENSG00000072609.nuc.ord.treefile	8.0	0.12903225806451613
TarvD7	ENSG00000072657.nuc.ord	ENSG00000072657.nuc.ord.treefile	14.0	0.21875
TarvD7	ENSG00000072682.nuc.ord	ENSG00000072682.nuc.ord.treefile	14.0	0.21875
TarvD7	ENSG00000072736.nuc.ord	ENSG00000072736.nuc.ord.treefile	6.0	0.1
TarvD7	ENSG00000072756.nuc.ord	ENSG00000072756.nuc.ord.treefile	26.0	0.40625
TarvD7	ENSG00000072778.nuc.ord	ENSG00000072778.nuc.ord.treefile	16.0	0.25806451612903225
TarvD7	ENSG00000072786.nuc.ord	ENSG00000072786.nuc.ord.treefile	18.0	0.3
TarvD7	ENSG00000072803.nuc.ord	ENSG00000072803.nuc.ord.treefile	28.0	0.45161290322580644
TarvD7	ENSG00000072840.nuc.ord	ENSG00000072840.nuc.ord.treefile	10.0	0.17857142857142858
TarvD7	ENSG00000072849.nuc.ord	ENSG00000072849.nuc.ord.treefile	32.0	0.5333333333333333
TarvD7	ENSG00000072858.nuc.ord	ENSG00000072858.nuc.ord.treefile	12.0	0.1935483870967742
TarvD7	ENSG00000072864.nuc.ord	ENSG00000072864.nuc.ord.treefile	20.0	0.35714285714285715
TarvD7	ENSG00000072952.nuc.ord	ENSG00000072952.nuc.ord.treefile	16.0	0.25806451612903225
TarvD7	ENSG00000072954.nuc.ord	ENSG00000072954.nuc.ord.treefile	16.0	0.3076923076923077
TarvD7	ENSG00000073009.nuc.ord	ENSG00000073009.nuc.ord.treefile	14.0	0.30434782608695654
TarvD7	ENSG00000073050.nuc.ord	ENSG00000073050.nuc.ord.treefile	20.0	0.35714285714285715
TarvD7	ENSG00000073111.nuc.ord	ENSG00000073111.nuc.ord.treefile	16.0	0.2857142857142857
TarvD7	ENSG00000073146.nuc.ord	ENSG00000073146.nuc.ord.treefile	8.0	0.125
TarvD7	ENSG00000073282.nuc.ord	ENSG00000073282.nuc.ord.treefile	20.0	0.3225806451612903
TarvD7	ENSG00000073331.nuc.ord	ENSG00000073331.nuc.ord.treefile	8.0	0.13333333333333333
TarvD7	ENSG00000073350.nuc.ord	ENSG00000073350.nuc.ord.treefile	14.0	0.25925925925925924
TarvD7	ENSG00000073417.nuc.ord	ENSG00000073417.nuc.ord.treefile	14.0	0.2413793103448276
TarvD7	ENSG00000073464.nuc.ord	ENSG00000073464.nuc.ord.treefile	22.0	0.36666666666666664
TarvD7	ENSG00000073584.nuc.ord	ENSG00000073584.nuc.ord.treefile	40.0	0.6666666666666666
TarvD7	ENSG00000073598.nuc.ord	ENSG00000073598.nuc.ord.treefile	14.0	0.25925925925925924
TarvD7	ENSG00000073614.nuc.ord	ENSG00000073614.nuc.ord.treefile	8.0	0.125
TarvD7	ENSG00000073670.nuc.ord	ENSG00000073670.nuc.ord.treefile	18.0	0.34615384615384615
TarvD7	ENSG00000073711.nuc.ord	ENSG00000073711.nuc.ord.treefile	8.0	0.18181818181818182
TarvD7	ENSG00000073712.nuc.ord	ENSG00000073712.nuc.ord.treefile	24.0	0.4
TarvD7	ENSG00000073737.nuc.ord	ENSG00000073737.nuc.ord.treefile	24.0	0.36363636363636365
TarvD7	ENSG00000073754.nuc.ord	ENSG00000073754.nuc.ord.treefile	14.0	0.3333333333333333
TarvD7	ENSG00000073756.nuc.ord	ENSG00000073756.nuc.ord.treefile	6.0	0.0967741935483871
TarvD7	ENSG00000073792.nuc.ord	ENSG00000073792.nuc.ord.treefile	18.0	0.28125
TarvD7	ENSG00000073803.nuc.ord	ENSG00000073803.nuc.ord.treefile	18.0	0.28125
TarvD7	ENSG00000073849.nuc.ord	ENSG00000073849.nuc.ord.treefile	18.0	0.3
TarvD7	ENSG00000073861.nuc.ord	ENSG00000073861.nuc.ord.treefile	24.0	0.42857142857142855
TarvD7	ENSG00000073921.nuc.ord	ENSG00000073921.nuc.ord.treefile	36.0	0.5625
TarvD7	ENSG00000073969.nuc.ord	ENSG00000073969.nuc.ord.treefile	26.0	0.5416666666666666
TarvD7	ENSG00000074047.nuc.ord	ENSG00000074047.nuc.ord.treefile	4.0	0.07407407407407407
TarvD7	ENSG00000074054.nuc.ord	ENSG00000074054.nuc.ord.treefile	6.0	0.1
TarvD7	ENSG00000074071.nuc.ord	ENSG00000074071.nuc.ord.treefile	22.0	0.5
TarvD7	ENSG00000074201.nuc.ord	ENSG00000074201.nuc.ord.treefile	40.0	0.7407407407407407
TarvD7	ENSG00000074211.nuc.ord	ENSG00000074211.nuc.ord.treefile	34.0	0.6296296296296297
TarvD7	ENSG00000074266.nuc.ord	ENSG00000074266.nuc.ord.treefile	34.0	0.5483870967741935
TarvD7	ENSG00000074276.nuc.ord	ENSG00000074276.nuc.ord.treefile	14.0	0.2692307692307692
TarvD7	ENSG00000074317.nuc.ord	ENSG00000074317.nuc.ord.treefile	32.0	0.7272727272727273
TarvD7	ENSG00000074319.nuc.ord	ENSG00000074319.nuc.ord.treefile	26.0	0.4482758620689655
TarvD7	ENSG00000074356.nuc.ord	ENSG00000074356.nuc.ord.treefile	8.0	0.12903225806451613
TarvD7	ENSG00000074370.nuc.ord	ENSG00000074370.nuc.ord.treefile	18.0	0.3333333333333333
TarvD7	ENSG00000074410.nuc.ord	ENSG00000074410.nuc.ord.treefile	16.0	0.25
TarvD7	ENSG00000074416.nuc.ord	ENSG00000074416.nuc.ord.treefile	24.0	0.5
TarvD7	ENSG00000074527.nuc.ord	ENSG00000074527.nuc.ord.treefile	16.0	0.25806451612903225
TarvD7	ENSG00000074582.nuc.ord	ENSG00000074582.nuc.ord.treefile	32.0	0.5714285714285714
TarvD7	ENSG00000074590.nuc.ord	ENSG00000074590.nuc.ord.treefile	20.0	0.3333333333333333
TarvD7	ENSG00000074603.nuc.ord	ENSG00000074603.nuc.ord.treefile	12.0	0.1875
TarvD7	ENSG00000074621.nuc.ord	ENSG00000074621.nuc.ord.treefile	10.0	0.16129032258064516
TarvD7	ENSG00000074657.nuc.ord	ENSG00000074657.nuc.ord.treefile	26.0	0.4642857142857143
TarvD7	ENSG00000074660.nuc.ord	ENSG00000074660.nuc.ord.treefile	0.0	0.0
TarvD7	ENSG00000074695.nuc.ord	ENSG00000074695.nuc.ord.treefile	18.0	0.28125
TarvD7	ENSG00000074696.nuc.ord	ENSG00000074696.nuc.ord.treefile	26.0	0.40625
TarvD7	ENSG00000074706.nuc.ord	ENSG00000074706.nuc.ord.treefile	16.0	0.24242424242424243
TarvD7	ENSG00000074755.nuc.ord	ENSG00000074755.nuc.ord.treefile	14.0	0.21212121212121213
TarvD7	ENSG00000074771.nuc.ord	ENSG00000074771.nuc.ord.treefile	8.0	0.125
TarvD7	ENSG00000074803.nuc.ord	ENSG00000074803.nuc.ord.treefile	34.0	0.5483870967741935
TarvD7	ENSG00000074935.nuc.ord	ENSG00000074935.nuc.ord.treefile	20.0	0.3125
TarvD7	ENSG00000074964.nuc.ord	ENSG00000074964.nuc.ord.treefile	14.0	0.2692307692307692
TarvD7	ENSG00000074966.nuc.ord	ENSG00000074966.nuc.ord.treefile	18.0	0.3333333333333333
TarvD7	ENSG00000075035.nuc.ord	ENSG00000075035.nuc.ord.treefile	24.0	0.3870967741935484
TarvD7	ENSG00000075073.nuc.ord	ENSG00000075073.nuc.ord.treefile	20.0	0.35714285714285715
TarvD7	ENSG00000075131.nuc.ord	ENSG00000075131.nuc.ord.treefile	34.0	0.6296296296296297
TarvD7	ENSG00000075151.nuc.ord	ENSG00000075151.nuc.ord.treefile	14.0	0.21875
TarvD7	ENSG00000075188.nuc.ord	ENSG00000075188.nuc.ord.treefile	20.0	0.30303030303030304
TarvD7	ENSG00000075213.nuc.ord	ENSG00000075213.nuc.ord.treefile	12.0	0.24
TarvD7	ENSG00000075218.nuc.ord	ENSG00000075218.nuc.ord.treefile	16.0	0.27586206896551724
TarvD7	ENSG00000075223.nuc.ord	ENSG00000075223.nuc.ord.treefile	14.0	0.22580645161290322
TarvD7	ENSG00000075234.nuc.ord	ENSG00000075234.nuc.ord.treefile	26.0	0.43333333333333335
TarvD7	ENSG00000075239.nuc.ord	ENSG00000075239.nuc.ord.treefile	24.0	0.3870967741935484
TarvD7	ENSG00000075275.nuc.ord	ENSG00000075275.nuc.ord.treefile	18.0	0.3333333333333333
TarvD7	ENSG00000075290.nuc.ord	ENSG00000075290.nuc.ord.treefile	24.0	0.4444444444444444
TarvD7	ENSG00000075292.nuc.ord	ENSG00000075292.nuc.ord.treefile	4.0	0.06451612903225806
TarvD7	ENSG00000075303.nuc.ord	ENSG00000075303.nuc.ord.treefile	20.0	0.35714285714285715
TarvD7	ENSG00000075336.nuc.ord	ENSG00000075336.nuc.ord.treefile	16.0	0.27586206896551724
TarvD7	ENSG00000075340.nuc.ord	ENSG00000075340.nuc.ord.treefile	12.0	0.2
TarvD7	ENSG00000075391.nuc.ord	ENSG00000075391.nuc.ord.treefile	30.0	0.46875
TarvD7	ENSG00000075413.nuc.ord	ENSG00000075413.nuc.ord.treefile	20.0	0.3225806451612903
TarvD7	ENSG00000075415.nuc.ord	ENSG00000075415.nuc.ord.treefile	46.0	0.7419354838709677
TarvD7	ENSG00000075420.nuc.ord	ENSG00000075420.nuc.ord.treefile	10.0	0.15151515151515152
TarvD7	ENSG00000075461.nuc.ord	ENSG00000075461.nuc.ord.treefile	22.0	0.4074074074074074
TarvD7	ENSG00000075539.nuc.ord	ENSG00000075539.nuc.ord.treefile	36.0	0.6
TarvD7	ENSG00000075568.nuc.ord	ENSG00000075568.nuc.ord.treefile	10.0	0.15151515151515152
TarvD7	ENSG00000075643.nuc.ord	ENSG00000075643.nuc.ord.treefile	6.0	0.09090909090909091
TarvD7	ENSG00000075651.nuc.ord	ENSG00000075651.nuc.ord.treefile	16.0	0.24242424242424243
TarvD7	ENSG00000075673.nuc.ord	ENSG00000075673.nuc.ord.treefile	10.0	0.16666666666666666
TarvD7	ENSG00000075702.nuc.ord	ENSG00000075702.nuc.ord.treefile	4.0	0.06451612903225806
TarvD7	ENSG00000075711.nuc.ord	ENSG00000075711.nuc.ord.treefile	20.0	0.3125
TarvD7	ENSG00000075785.nuc.ord	ENSG00000075785.nuc.ord.treefile	20.0	0.5263157894736842
TarvD7	ENSG00000075790.nuc.ord	ENSG00000075790.nuc.ord.treefile	26.0	0.41935483870967744
TarvD7	ENSG00000075826.nuc.ord	ENSG00000075826.nuc.ord.treefile	12.0	0.1875
TarvD7	ENSG00000075856.nuc.ord	ENSG00000075856.nuc.ord.treefile	12.0	0.18181818181818182
TarvD7	ENSG00000075884.nuc.ord	ENSG00000075884.nuc.ord.treefile	20.0	0.3333333333333333
TarvD7	ENSG00000075891.nuc.ord	ENSG00000075891.nuc.ord.treefile	38.0	0.6551724137931034
TarvD7	ENSG00000075945.nuc.ord	ENSG00000075945.nuc.ord.treefile	22.0	0.34375
TarvD7	ENSG00000075975.nuc.ord	ENSG00000075975.nuc.ord.treefile	24.0	0.4
TarvD7	ENSG00000076003.nuc.ord	ENSG00000076003.nuc.ord.treefile	10.0	0.15625
TarvD7	ENSG00000076043.nuc.ord	ENSG00000076043.nuc.ord.treefile	22.0	0.3548387096774194
TarvD7	ENSG00000076053.nuc.ord	ENSG00000076053.nuc.ord.treefile	24.0	0.3870967741935484
TarvD7	ENSG00000076108.nuc.ord	ENSG00000076108.nuc.ord.treefile	14.0	0.21875
TarvD7	ENSG00000076201.nuc.ord	ENSG00000076201.nuc.ord.treefile	22.0	0.39285714285714285
TarvD7	ENSG00000076242.nuc.ord	ENSG00000076242.nuc.ord.treefile	12.0	0.1935483870967742
TarvD7	ENSG00000076248.nuc.ord	ENSG00000076248.nuc.ord.treefile	6.0	0.2
TarvD7	ENSG00000076258.nuc.ord	ENSG00000076258.nuc.ord.treefile	18.0	0.3
TarvD7	ENSG00000076321.nuc.ord	ENSG00000076321.nuc.ord.treefile	14.0	0.2413793103448276
TarvD7	ENSG00000076351.nuc.ord	ENSG00000076351.nuc.ord.treefile	20.0	0.37037037037037035
TarvD7	ENSG00000076356.nuc.ord	ENSG00000076356.nuc.ord.treefile	24.0	0.3870967741935484
TarvD7	ENSG00000076382.nuc.ord	ENSG00000076382.nuc.ord.treefile	8.0	0.125
TarvD7	ENSG00000076513.nuc.ord	ENSG00000076513.nuc.ord.treefile	12.0	0.2
TarvD7	ENSG00000076554.nuc.ord	ENSG00000076554.nuc.ord.treefile	36.0	0.5806451612903226
TarvD7	ENSG00000076555.nuc.ord	ENSG00000076555.nuc.ord.treefile	16.0	0.26666666666666666
TarvD7	ENSG00000076604.nuc.ord	ENSG00000076604.nuc.ord.treefile	22.0	0.4074074074074074
TarvD7	ENSG00000076641.nuc.ord	ENSG00000076641.nuc.ord.treefile	12.0	0.2222222222222222
TarvD7	ENSG00000076650.nuc.ord	ENSG00000076650.nuc.ord.treefile	20.0	0.30303030303030304
TarvD7	ENSG00000076685.nuc.ord	ENSG00000076685.nuc.ord.treefile	18.0	0.4090909090909091
TarvD7	ENSG00000076706.nuc.ord	ENSG00000076706.nuc.ord.treefile	16.0	0.2962962962962963
TarvD7	ENSG00000076716.nuc.ord	ENSG00000076716.nuc.ord.treefile	14.0	0.23333333333333334
TarvD7	ENSG00000076770.nuc.ord	ENSG00000076770.nuc.ord.treefile	12.0	0.1875
TarvD7	ENSG00000076826.nuc.ord	ENSG00000076826.nuc.ord.treefile	12.0	0.2608695652173913
TarvD7	ENSG00000076864.nuc.ord	ENSG00000076864.nuc.ord.treefile	22.0	0.4230769230769231
TarvD7	ENSG00000076924.nuc.ord	ENSG00000076924.nuc.ord.treefile	14.0	0.30434782608695654
TarvD7	ENSG00000076984.nuc.ord	ENSG00000076984.nuc.ord.treefile	32.0	0.64
TarvD7	ENSG00000077063.nuc.ord	ENSG00000077063.nuc.ord.treefile	10.0	0.15625
TarvD7	ENSG00000077080.nuc.ord	ENSG00000077080.nuc.ord.treefile	28.0	0.4666666666666667
TarvD7	ENSG00000077092.nuc.ord	ENSG00000077092.nuc.ord.treefile	40.0	0.6666666666666666
TarvD7	ENSG00000077097.nuc.ord	ENSG00000077097.nuc.ord.treefile	4.0	0.06451612903225806
TarvD7	ENSG00000077147.nuc.ord	ENSG00000077147.nuc.ord.treefile	26.0	0.41935483870967744
TarvD7	ENSG00000077152.nuc.ord	ENSG00000077152.nuc.ord.treefile	14.0	0.25925925925925924
TarvD7	ENSG00000077157.nuc.ord	ENSG00000077157.nuc.ord.treefile	14.0	0.22580645161290322
TarvD7	ENSG00000077232.nuc.ord	ENSG00000077232.nuc.ord.treefile	12.0	0.18181818181818182
TarvD7	ENSG00000077235.nuc.ord	ENSG00000077235.nuc.ord.treefile	14.0	0.25
TarvD7	ENSG00000077254.nuc.ord	ENSG00000077254.nuc.ord.treefile	10.0	0.17857142857142858
TarvD7	ENSG00000077264.nuc.ord	ENSG00000077264.nuc.ord.treefile	28.0	0.4827586206896552
TarvD7	ENSG00000077274.nuc.ord	ENSG00000077274.nuc.ord.treefile	16.0	0.25806451612903225
TarvD7	ENSG00000077279.nuc.ord	ENSG00000077279.nuc.ord.treefile	26.0	0.4642857142857143
TarvD7	ENSG00000077348.nuc.ord	ENSG00000077348.nuc.ord.treefile	32.0	0.5
TarvD7	ENSG00000077380.nuc.ord	ENSG00000077380.nuc.ord.treefile	14.0	0.21212121212121213
TarvD7	ENSG00000077420.nuc.ord	ENSG00000077420.nuc.ord.treefile	20.0	0.3125
TarvD7	ENSG00000077454.nuc.ord	ENSG00000077454.nuc.ord.treefile	24.0	0.41379310344827586
TarvD7	ENSG00000077458.nuc.ord	ENSG00000077458.nuc.ord.treefile	36.0	0.5806451612903226
TarvD7	ENSG00000077463.nuc.ord	ENSG00000077463.nuc.ord.treefile	30.0	0.625
TarvD7	ENSG00000077514.nuc.ord	ENSG00000077514.nuc.ord.treefile	14.0	0.21875
TarvD7	ENSG00000077522.nuc.ord	ENSG00000077522.nuc.ord.treefile	24.0	0.3870967741935484
TarvD7	ENSG00000077549.nuc.ord	ENSG00000077549.nuc.ord.treefile	44.0	0.7096774193548387
TarvD7	ENSG00000077616.nuc.ord	ENSG00000077616.nuc.ord.treefile	10.0	0.16129032258064516
TarvD7	ENSG00000077684.nuc.ord	ENSG00000077684.nuc.ord.treefile	22.0	0.36666666666666664
TarvD7	ENSG00000077713.nuc.ord	ENSG00000077713.nuc.ord.treefile	24.0	0.5454545454545454
TarvD7	ENSG00000077721.nuc.ord	ENSG00000077721.nuc.ord.treefile	38.0	0.6333333333333333
TarvD7	ENSG00000077782.nuc.ord	ENSG00000077782.nuc.ord.treefile	22.0	0.34375
TarvD7	ENSG00000077935.nuc.ord	ENSG00000077935.nuc.ord.treefile	22.0	0.3548387096774194
TarvD7	ENSG00000077942.nuc.ord	ENSG00000077942.nuc.ord.treefile	44.0	0.7333333333333333
TarvD7	ENSG00000077943.nuc.ord	ENSG00000077943.nuc.ord.treefile	10.0	0.15151515151515152
TarvD7	ENSG00000077984.nuc.ord	ENSG00000077984.nuc.ord.treefile	30.0	0.5555555555555556
TarvD7	ENSG00000078018.nuc.ord	ENSG00000078018.nuc.ord.treefile	6.0	0.10344827586206896
TarvD7	ENSG00000078043.nuc.ord	ENSG00000078043.nuc.ord.treefile	26.0	0.43333333333333335
TarvD7	ENSG00000078053.nuc.ord	ENSG00000078053.nuc.ord.treefile	22.0	0.36666666666666664
TarvD7	ENSG00000078061.nuc.ord	ENSG00000078061.nuc.ord.treefile	22.0	0.3548387096774194
TarvD7	ENSG00000078070.nuc.ord	ENSG00000078070.nuc.ord.treefile	12.0	0.1875
TarvD7	ENSG00000078081.nuc.ord	ENSG00000078081.nuc.ord.treefile	10.0	0.16666666666666666
TarvD7	ENSG00000078098.nuc.ord	ENSG00000078098.nuc.ord.treefile	12.0	0.1935483870967742
TarvD7	ENSG00000078114.nuc.ord	ENSG00000078114.nuc.ord.treefile	10.0	0.15151515151515152
TarvD7	ENSG00000078124.nuc.ord	ENSG00000078124.nuc.ord.treefile	26.0	0.41935483870967744
TarvD7	ENSG00000078140.nuc.ord	ENSG00000078140.nuc.ord.treefile	42.0	0.7
TarvD7	ENSG00000078142.nuc.ord	ENSG00000078142.nuc.ord.treefile	10.0	0.21739130434782608
TarvD7	ENSG00000078177.nuc.ord	ENSG00000078177.nuc.ord.treefile	10.0	0.15625
TarvD7	ENSG00000078246.nuc.ord	ENSG00000078246.nuc.ord.treefile	20.0	0.3333333333333333
TarvD7	ENSG00000078269.nuc.ord	ENSG00000078269.nuc.ord.treefile	8.0	0.12903225806451613
TarvD7	ENSG00000078295.nuc.ord	ENSG00000078295.nuc.ord.treefile	14.0	0.22580645161290322
TarvD7	ENSG00000078304.nuc.ord	ENSG00000078304.nuc.ord.treefile	12.0	0.23076923076923078
TarvD7	ENSG00000078328.nuc.ord	ENSG00000078328.nuc.ord.treefile	22.0	0.34375
TarvD7	ENSG00000078369.nuc.ord	ENSG00000078369.nuc.ord.treefile	20.0	0.3333333333333333
TarvD7	ENSG00000078401.nuc.ord	ENSG00000078401.nuc.ord.treefile	20.0	0.30303030303030304
TarvD7	ENSG00000078403.nuc.ord	ENSG00000078403.nuc.ord.treefile	16.0	0.25806451612903225
TarvD7	ENSG00000078487.nuc.ord	ENSG00000078487.nuc.ord.treefile	18.0	0.32142857142857145
TarvD7	ENSG00000078549.nuc.ord	ENSG00000078549.nuc.ord.treefile	24.0	0.4
TarvD7	ENSG00000078579.nuc.ord	ENSG00000078579.nuc.ord.treefile	28.0	0.5
TarvD7	ENSG00000078589.nuc.ord	ENSG00000078589.nuc.ord.treefile	16.0	0.34782608695652173
TarvD7	ENSG00000078618.nuc.ord	ENSG00000078618.nuc.ord.treefile	6.0	0.0967741935483871
TarvD7	ENSG00000078668.nuc.ord	ENSG00000078668.nuc.ord.treefile	34.0	0.6296296296296297
TarvD7	ENSG00000078674.nuc.ord	ENSG00000078674.nuc.ord.treefile	10.0	0.16129032258064516
TarvD7	ENSG00000078687.nuc.ord	ENSG00000078687.nuc.ord.treefile	12.0	0.1875
TarvD7	ENSG00000078699.nuc.ord	ENSG00000078699.nuc.ord.treefile	12.0	0.18181818181818182
TarvD7	ENSG00000078725.nuc.ord	ENSG00000078725.nuc.ord.treefile	30.0	0.45454545454545453
TarvD7	ENSG00000078747.nuc.ord	ENSG00000078747.nuc.ord.treefile	18.0	0.28125
TarvD7	ENSG00000078795.nuc.ord	ENSG00000078795.nuc.ord.treefile	18.0	0.3
TarvD7	ENSG00000078804.nuc.ord	ENSG00000078804.nuc.ord.treefile	28.0	0.5833333333333334
TarvD7	ENSG00000078898.nuc.ord	ENSG00000078898.nuc.ord.treefile	14.0	0.30434782608695654
TarvD7	ENSG00000078902.nuc.ord	ENSG00000078902.nuc.ord.treefile	30.0	0.5769230769230769
TarvD7	ENSG00000079102.nuc.ord	ENSG00000079102.nuc.ord.treefile	34.0	0.5151515151515151
TarvD7	ENSG00000079112.nuc.ord	ENSG00000079112.nuc.ord.treefile	18.0	0.2727272727272727
TarvD7	ENSG00000079134.nuc.ord	ENSG00000079134.nuc.ord.treefile	20.0	0.3333333333333333
TarvD7	ENSG00000079150.nuc.ord	ENSG00000079150.nuc.ord.treefile	22.0	0.34375
TarvD7	ENSG00000079156.nuc.ord	ENSG00000079156.nuc.ord.treefile	14.0	0.21875
TarvD7	ENSG00000079215.nuc.ord	ENSG00000079215.nuc.ord.treefile	20.0	0.3225806451612903
TarvD7	ENSG00000079246.nuc.ord	ENSG00000079246.nuc.ord.treefile	16.0	0.25806451612903225
TarvD7	ENSG00000079257.nuc.ord	ENSG00000079257.nuc.ord.treefile	36.0	0.6206896551724138
TarvD7	ENSG00000079277.nuc.ord	ENSG00000079277.nuc.ord.treefile	14.0	0.23333333333333334
TarvD7	ENSG00000079308.nuc.ord	ENSG00000079308.nuc.ord.treefile	10.0	0.18518518518518517
TarvD7	ENSG00000079335.nuc.ord	ENSG00000079335.nuc.ord.treefile	22.0	0.3333333333333333
TarvD7	ENSG00000079337.nuc.ord	ENSG00000079337.nuc.ord.treefile	26.0	0.5
TarvD7	ENSG00000079387.nuc.ord	ENSG00000079387.nuc.ord.treefile	10.0	0.15625
TarvD7	ENSG00000079393.nuc.ord	ENSG00000079393.nuc.ord.treefile	28.0	0.4666666666666667
TarvD7	ENSG00000079435.nuc.ord	ENSG00000079435.nuc.ord.treefile	10.0	0.16666666666666666
TarvD7	ENSG00000079459.nuc.ord	ENSG00000079459.nuc.ord.treefile	26.0	0.4482758620689655
TarvD7	ENSG00000079462.nuc.ord	ENSG00000079462.nuc.ord.treefile	24.0	0.5454545454545454
TarvD7	ENSG00000079482.nuc.ord	ENSG00000079482.nuc.ord.treefile	16.0	0.2962962962962963
TarvD7	ENSG00000079557.nuc.ord	ENSG00000079557.nuc.ord.treefile	24.0	0.41379310344827586
TarvD7	ENSG00000079616.nuc.ord	ENSG00000079616.nuc.ord.treefile	22.0	0.36666666666666664
TarvD7	ENSG00000079689.nuc.ord	ENSG00000079689.nuc.ord.treefile	30.0	0.4838709677419355
TarvD7	ENSG00000079691.nuc.ord	ENSG00000079691.nuc.ord.treefile	12.0	0.1935483870967742
TarvD7	ENSG00000079739.nuc.ord	ENSG00000079739.nuc.ord.treefile	52.0	0.8387096774193549
TarvD7	ENSG00000079785.nuc.ord	ENSG00000079785.nuc.ord.treefile	24.0	0.36363636363636365
TarvD7	ENSG00000079805.nuc.ord	ENSG00000079805.nuc.ord.treefile	40.0	0.7142857142857143
TarvD7	ENSG00000079819.nuc.ord	ENSG00000079819.nuc.ord.treefile	20.0	0.30303030303030304
TarvD7	ENSG00000079841.nuc.ord	ENSG00000079841.nuc.ord.treefile	14.0	0.22580645161290322
TarvD7	ENSG00000079931.nuc.ord	ENSG00000079931.nuc.ord.treefile	10.0	0.16129032258064516
TarvD7	ENSG00000079950.nuc.ord	ENSG00000079950.nuc.ord.treefile	16.0	0.24242424242424243
TarvD7	ENSG00000079999.nuc.ord	ENSG00000079999.nuc.ord.treefile	42.0	0.65625
TarvD7	ENSG00000080031.nuc.ord	ENSG00000080031.nuc.ord.treefile	22.0	0.4230769230769231
TarvD7	ENSG00000080166.nuc.ord	ENSG00000080166.nuc.ord.treefile	10.0	0.15151515151515152
TarvD7	ENSG00000080189.nuc.ord	ENSG00000080189.nuc.ord.treefile	24.0	0.41379310344827586
TarvD7	ENSG00000080200.nuc.ord	ENSG00000080200.nuc.ord.treefile	20.0	0.3225806451612903
TarvD7	ENSG00000080293.nuc.ord	ENSG00000080293.nuc.ord.treefile	12.0	0.23076923076923078
TarvD7	ENSG00000080345.nuc.ord	ENSG00000080345.nuc.ord.treefile	2.0	0.03333333333333333
TarvD7	ENSG00000080371.nuc.ord	ENSG00000080371.nuc.ord.treefile	42.0	0.65625
TarvD7	ENSG00000080493.nuc.ord	ENSG00000080493.nuc.ord.treefile	22.0	0.3333333333333333
TarvD7	ENSG00000080546.nuc.ord	ENSG00000080546.nuc.ord.treefile	28.0	0.42424242424242425
TarvD7	ENSG00000080561.nuc.ord	ENSG00000080561.nuc.ord.treefile	20.0	0.3125
TarvD7	ENSG00000080603.nuc.ord	ENSG00000080603.nuc.ord.treefile	8.0	0.125
TarvD7	ENSG00000080608.nuc.ord	ENSG00000080608.nuc.ord.treefile	18.0	0.28125
TarvD7	ENSG00000080618.nuc.ord	ENSG00000080618.nuc.ord.treefile	14.0	0.21212121212121213
TarvD7	ENSG00000080644.nuc.ord	ENSG00000080644.nuc.ord.treefile	38.0	0.59375
TarvD7	ENSG00000080709.nuc.ord	ENSG00000080709.nuc.ord.treefile	22.0	0.39285714285714285
TarvD7	ENSG00000080815.nuc.ord	ENSG00000080815.nuc.ord.treefile	18.0	0.2727272727272727
TarvD7	ENSG00000080819.nuc.ord	ENSG00000080819.nuc.ord.treefile	22.0	0.3793103448275862
TarvD7	ENSG00000080822.nuc.ord	ENSG00000080822.nuc.ord.treefile	24.0	0.41379310344827586
TarvD7	ENSG00000080823.nuc.ord	ENSG00000080823.nuc.ord.treefile	28.0	0.5
TarvD7	ENSG00000080839.nuc.ord	ENSG00000080839.nuc.ord.treefile	12.0	0.20689655172413793
TarvD7	ENSG00000080854.nuc.ord	ENSG00000080854.nuc.ord.treefile	10.0	0.19230769230769232
TarvD7	ENSG00000080986.nuc.ord	ENSG00000080986.nuc.ord.treefile	12.0	0.1875
TarvD7	ENSG00000081014.nuc.ord	ENSG00000081014.nuc.ord.treefile	8.0	0.125
TarvD7	ENSG00000081019.nuc.ord	ENSG00000081019.nuc.ord.treefile	24.0	0.36363636363636365
TarvD7	ENSG00000081026.nuc.ord	ENSG00000081026.nuc.ord.treefile	14.0	0.21875
TarvD7	ENSG00000081051.nuc.ord	ENSG00000081051.nuc.ord.treefile	2.0	0.03225806451612903
TarvD7	ENSG00000081052.nuc.ord	ENSG00000081052.nuc.ord.treefile	10.0	0.15151515151515152
TarvD7	ENSG00000081059.nuc.ord	ENSG00000081059.nuc.ord.treefile	32.0	0.5333333333333333
TarvD7	ENSG00000081087.nuc.ord	ENSG00000081087.nuc.ord.treefile	22.0	0.3548387096774194
TarvD7	ENSG00000081138.nuc.ord	ENSG00000081138.nuc.ord.treefile	32.0	0.5
TarvD7	ENSG00000081148.nuc.ord	ENSG00000081148.nuc.ord.treefile	6.0	0.1
TarvD7	ENSG00000081177.nuc.ord	ENSG00000081177.nuc.ord.treefile	18.0	0.2727272727272727
TarvD7	ENSG00000081181.nuc.ord	ENSG00000081181.nuc.ord.treefile	14.0	0.21875
TarvD7	ENSG00000081237.nuc.ord	ENSG00000081237.nuc.ord.treefile	10.0	0.16129032258064516
TarvD7	ENSG00000081248.nuc.ord	ENSG00000081248.nuc.ord.treefile	14.0	0.25925925925925924
TarvD7	ENSG00000081277.nuc.ord	ENSG00000081277.nuc.ord.treefile	24.0	0.46153846153846156
TarvD7	ENSG00000081307.nuc.ord	ENSG00000081307.nuc.ord.treefile	14.0	0.22580645161290322
TarvD7	ENSG00000081320.nuc.ord	ENSG00000081320.nuc.ord.treefile	22.0	0.34375
TarvD7	ENSG00000081479.nuc.ord	ENSG00000081479.nuc.ord.treefile	4.0	0.06451612903225806
TarvD7	ENSG00000081692.nuc.ord	ENSG00000081692.nuc.ord.treefile	18.0	0.32142857142857145
TarvD7	ENSG00000081721.nuc.ord	ENSG00000081721.nuc.ord.treefile	20.0	0.37037037037037035
TarvD7	ENSG00000081760.nuc.ord	ENSG00000081760.nuc.ord.treefile	14.0	0.23333333333333334
TarvD7	ENSG00000081791.nuc.ord	ENSG00000081791.nuc.ord.treefile	16.0	0.24242424242424243
TarvD7	ENSG00000081800.nuc.ord	ENSG00000081800.nuc.ord.treefile	16.0	0.24242424242424243
TarvD7	ENSG00000081803.nuc.ord	ENSG00000081803.nuc.ord.treefile	16.0	0.24242424242424243
TarvD7	ENSG00000081853.nuc.ord	ENSG00000081853.nuc.ord.treefile	10.0	0.2
TarvD7	ENSG00000081870.nuc.ord	ENSG00000081870.nuc.ord.treefile	30.0	0.5172413793103449
TarvD7	ENSG00000081913.nuc.ord	ENSG00000081913.nuc.ord.treefile	14.0	0.2413793103448276
TarvD7	ENSG00000081923.nuc.ord	ENSG00000081923.nuc.ord.treefile	12.0	0.18181818181818182
TarvD7	ENSG00000081985.nuc.ord	ENSG00000081985.nuc.ord.treefile	10.0	0.15151515151515152
TarvD7	ENSG00000082014.nuc.ord	ENSG00000082014.nuc.ord.treefile	28.0	0.5
TarvD7	ENSG00000082068.nuc.ord	ENSG00000082068.nuc.ord.treefile	22.0	0.3548387096774194
TarvD7	ENSG00000082074.nuc.ord	ENSG00000082074.nuc.ord.treefile	18.0	0.2727272727272727
TarvD7	ENSG00000082126.nuc.ord	ENSG00000082126.nuc.ord.treefile	12.0	0.2
TarvD7	ENSG00000082146.nuc.ord	ENSG00000082146.nuc.ord.treefile	16.0	0.27586206896551724
TarvD7	ENSG00000082175.nuc.ord	ENSG00000082175.nuc.ord.treefile	6.0	0.1111111111111111
TarvD7	ENSG00000082196.nuc.ord	ENSG00000082196.nuc.ord.treefile	18.0	0.5
TarvD7	ENSG00000082212.nuc.ord	ENSG00000082212.nuc.ord.treefile	8.0	0.125
TarvD7	ENSG00000082213.nuc.ord	ENSG00000082213.nuc.ord.treefile	26.0	0.3939393939393939
TarvD7	ENSG00000082258.nuc.ord	ENSG00000082258.nuc.ord.treefile	26.0	0.4482758620689655
TarvD7	ENSG00000082269.nuc.ord	ENSG00000082269.nuc.ord.treefile	6.0	0.0967741935483871
TarvD7	ENSG00000082293.nuc.ord	ENSG00000082293.nuc.ord.treefile	20.0	0.30303030303030304
TarvD7	ENSG00000082397.nuc.ord	ENSG00000082397.nuc.ord.treefile	8.0	0.12903225806451613
TarvD7	ENSG00000082438.nuc.ord	ENSG00000082438.nuc.ord.treefile	10.0	0.15625
TarvD7	ENSG00000082482.nuc.ord	ENSG00000082482.nuc.ord.treefile	26.0	0.41935483870967744
TarvD7	ENSG00000082497.nuc.ord	ENSG00000082497.nuc.ord.treefile	28.0	0.4666666666666667
TarvD7	ENSG00000082512.nuc.ord	ENSG00000082512.nuc.ord.treefile	20.0	0.3448275862068966
TarvD7	ENSG00000082515.nuc.ord	ENSG00000082515.nuc.ord.treefile	46.0	0.71875
TarvD7	ENSG00000082516.nuc.ord	ENSG00000082516.nuc.ord.treefile	12.0	0.1875
TarvD7	ENSG00000082556.nuc.ord	ENSG00000082556.nuc.ord.treefile	26.0	0.4482758620689655
TarvD7	ENSG00000082641.nuc.ord	ENSG00000082641.nuc.ord.treefile	28.0	0.5
TarvD7	ENSG00000082684.nuc.ord	ENSG00000082684.nuc.ord.treefile	8.0	0.16666666666666666
TarvD7	ENSG00000082701.nuc.ord	ENSG00000082701.nuc.ord.treefile	36.0	0.5625
TarvD7	ENSG00000082781.nuc.ord	ENSG00000082781.nuc.ord.treefile	14.0	0.21875
TarvD7	ENSG00000082805.nuc.ord	ENSG00000082805.nuc.ord.treefile	34.0	0.5151515151515151
TarvD7	ENSG00000082898.nuc.ord	ENSG00000082898.nuc.ord.treefile	12.0	0.2
TarvD7	ENSG00000082996.nuc.ord	ENSG00000082996.nuc.ord.treefile	42.0	0.6774193548387096
TarvD7	ENSG00000083067.nuc.ord	ENSG00000083067.nuc.ord.treefile	8.0	0.12121212121212122
TarvD7	ENSG00000083093.nuc.ord	ENSG00000083093.nuc.ord.treefile	10.0	0.15625
TarvD7	ENSG00000083097.nuc.ord	ENSG00000083097.nuc.ord.treefile	14.0	0.21875
TarvD7	ENSG00000083123.nuc.ord	ENSG00000083123.nuc.ord.treefile	22.0	0.34375
TarvD7	ENSG00000083168.nuc.ord	ENSG00000083168.nuc.ord.treefile	22.0	0.3333333333333333
TarvD7	ENSG00000083223.nuc.ord	ENSG00000083223.nuc.ord.treefile	12.0	0.1875
TarvD7	ENSG00000083290.nuc.ord	ENSG00000083290.nuc.ord.treefile	14.0	0.21875
TarvD7	ENSG00000083307.nuc.ord	ENSG00000083307.nuc.ord.treefile	28.0	0.42424242424242425
TarvD7	ENSG00000083312.nuc.ord	ENSG00000083312.nuc.ord.treefile	10.0	0.16666666666666666
TarvD7	ENSG00000083457.nuc.ord	ENSG00000083457.nuc.ord.treefile	12.0	0.1935483870967742
TarvD7	ENSG00000083520.nuc.ord	ENSG00000083520.nuc.ord.treefile	8.0	0.12903225806451613
TarvD7	ENSG00000083535.nuc.ord	ENSG00000083535.nuc.ord.treefile	16.0	0.24242424242424243
TarvD7	ENSG00000083544.nuc.ord	ENSG00000083544.nuc.ord.treefile	10.0	0.16129032258064516
TarvD7	ENSG00000083635.nuc.ord	ENSG00000083635.nuc.ord.treefile	30.0	0.46875
TarvD7	ENSG00000083642.nuc.ord	ENSG00000083642.nuc.ord.treefile	10.0	0.15625
TarvD7	ENSG00000083750.nuc.ord	ENSG00000083750.nuc.ord.treefile	36.0	0.6206896551724138
TarvD7	ENSG00000083782.nuc.ord	ENSG00000083782.nuc.ord.treefile	10.0	0.15151515151515152
TarvD7	ENSG00000083799.nuc.ord	ENSG00000083799.nuc.ord.treefile	18.0	0.28125
TarvD7	ENSG00000083807.nuc.ord	ENSG00000083807.nuc.ord.treefile	16.0	0.3076923076923077
TarvD7	ENSG00000083845.nuc.ord	ENSG00000083845.nuc.ord.treefile	26.0	0.5
TarvD7	ENSG00000083857.nuc.ord	ENSG00000083857.nuc.ord.treefile	26.0	0.41935483870967744
TarvD7	ENSG00000083896.nuc.ord	ENSG00000083896.nuc.ord.treefile	22.0	0.3793103448275862
TarvD7	ENSG00000083937.nuc.ord	ENSG00000083937.nuc.ord.treefile	44.0	0.7333333333333333
TarvD7	ENSG00000084070.nuc.ord	ENSG00000084070.nuc.ord.treefile	16.0	0.26666666666666666
TarvD7	ENSG00000084072.nuc.ord	ENSG00000084072.nuc.ord.treefile	26.0	0.5
TarvD7	ENSG00000084073.nuc.ord	ENSG00000084073.nuc.ord.treefile	22.0	0.3793103448275862
TarvD7	ENSG00000084092.nuc.ord	ENSG00000084092.nuc.ord.treefile	14.0	0.25925925925925924
TarvD7	ENSG00000084093.nuc.ord	ENSG00000084093.nuc.ord.treefile	28.0	0.4666666666666667
TarvD7	ENSG00000084110.nuc.ord	ENSG00000084110.nuc.ord.treefile	14.0	0.21875
TarvD7	ENSG00000084112.nuc.ord	ENSG00000084112.nuc.ord.treefile	12.0	0.1875
TarvD7	ENSG00000084234.nuc.ord	ENSG00000084234.nuc.ord.treefile	24.0	0.41379310344827586
TarvD7	ENSG00000084444.nuc.ord	ENSG00000084444.nuc.ord.treefile	14.0	0.2413793103448276
TarvD7	ENSG00000084623.nuc.ord	ENSG00000084623.nuc.ord.treefile	28.0	0.56
TarvD7	ENSG00000084628.nuc.ord	ENSG00000084628.nuc.ord.treefile	30.0	0.5555555555555556
TarvD7	ENSG00000084636.nuc.ord	ENSG00000084636.nuc.ord.treefile	8.0	0.13793103448275862
TarvD7	ENSG00000084652.nuc.ord	ENSG00000084652.nuc.ord.treefile	18.0	0.28125
TarvD7	ENSG00000084674.nuc.ord	ENSG00000084674.nuc.ord.treefile	6.0	0.1
TarvD7	ENSG00000084676.nuc.ord	ENSG00000084676.nuc.ord.treefile	10.0	0.15625
TarvD7	ENSG00000084693.nuc.ord	ENSG00000084693.nuc.ord.treefile	16.0	0.24242424242424243
TarvD7	ENSG00000084710.nuc.ord	ENSG00000084710.nuc.ord.treefile	26.0	0.4642857142857143
TarvD7	ENSG00000084731.nuc.ord	ENSG00000084731.nuc.ord.treefile	24.0	0.3870967741935484
TarvD7	ENSG00000084733.nuc.ord	ENSG00000084733.nuc.ord.treefile	42.0	0.75
TarvD7	ENSG00000084734.nuc.ord	ENSG00000084734.nuc.ord.treefile	18.0	0.375
TarvD7	ENSG00000084754.nuc.ord	ENSG00000084754.nuc.ord.treefile	6.0	0.09090909090909091
TarvD7	ENSG00000084774.nuc.ord	ENSG00000084774.nuc.ord.treefile	20.0	0.4
TarvD7	ENSG00000085117.nuc.ord	ENSG00000085117.nuc.ord.treefile	20.0	0.43478260869565216
TarvD7	ENSG00000085224.nuc.ord	ENSG00000085224.nuc.ord.treefile	10.0	0.22727272727272727
TarvD7	ENSG00000085231.nuc.ord	ENSG00000085231.nuc.ord.treefile	18.0	0.5
TarvD7	ENSG00000085274.nuc.ord	ENSG00000085274.nuc.ord.treefile	20.0	0.37037037037037035
TarvD7	ENSG00000085377.nuc.ord	ENSG00000085377.nuc.ord.treefile	14.0	0.21875
TarvD7	ENSG00000085382.nuc.ord	ENSG00000085382.nuc.ord.treefile	14.0	0.25925925925925924
TarvD7	ENSG00000085415.nuc.ord	ENSG00000085415.nuc.ord.treefile	24.0	0.4
TarvD7	ENSG00000085449.nuc.ord	ENSG00000085449.nuc.ord.treefile	16.0	0.25806451612903225
TarvD7	ENSG00000085465.nuc.ord	ENSG00000085465.nuc.ord.treefile	18.0	0.32142857142857145
TarvD7	ENSG00000085491.nuc.ord	ENSG00000085491.nuc.ord.treefile	32.0	0.48484848484848486
TarvD7	ENSG00000085511.nuc.ord	ENSG00000085511.nuc.ord.treefile	12.0	0.21428571428571427
TarvD7	ENSG00000085552.nuc.ord	ENSG00000085552.nuc.ord.treefile	6.0	0.12
TarvD7	ENSG00000085662.nuc.ord	ENSG00000085662.nuc.ord.treefile	14.0	0.2916666666666667
TarvD7	ENSG00000085719.nuc.ord	ENSG00000085719.nuc.ord.treefile	20.0	0.3125
TarvD7	ENSG00000085760.nuc.ord	ENSG00000085760.nuc.ord.treefile	8.0	0.12121212121212122
TarvD7	ENSG00000085788.nuc.ord	ENSG00000085788.nuc.ord.treefile	18.0	0.2903225806451613
TarvD7	ENSG00000085831.nuc.ord	ENSG00000085831.nuc.ord.treefile	22.0	0.34375
TarvD7	ENSG00000085832.nuc.ord	ENSG00000085832.nuc.ord.treefile	22.0	0.3333333333333333
TarvD7	ENSG00000085840.nuc.ord	ENSG00000085840.nuc.ord.treefile	14.0	0.21212121212121213
TarvD7	ENSG00000085871.nuc.ord	ENSG00000085871.nuc.ord.treefile	38.0	0.59375
TarvD7	ENSG00000085978.nuc.ord	ENSG00000085978.nuc.ord.treefile	12.0	0.1875
TarvD7	ENSG00000085982.nuc.ord	ENSG00000085982.nuc.ord.treefile	6.0	0.09375
TarvD7	ENSG00000085998.nuc.ord	ENSG00000085998.nuc.ord.treefile	18.0	0.3
TarvD7	ENSG00000085999.nuc.ord	ENSG00000085999.nuc.ord.treefile	18.0	0.3
TarvD7	ENSG00000086015.nuc.ord	ENSG00000086015.nuc.ord.treefile	20.0	0.3225806451612903
TarvD7	ENSG00000086062.nuc.ord	ENSG00000086062.nuc.ord.treefile	16.0	0.26666666666666666
TarvD7	ENSG00000086065.nuc.ord	ENSG00000086065.nuc.ord.treefile	38.0	0.59375
TarvD7	ENSG00000086159.nuc.ord	ENSG00000086159.nuc.ord.treefile	22.0	0.4583333333333333
TarvD7	ENSG00000086189.nuc.ord	ENSG00000086189.nuc.ord.treefile	28.0	0.45161290322580644
TarvD7	ENSG00000086232.nuc.ord	ENSG00000086232.nuc.ord.treefile	12.0	0.1935483870967742
TarvD7	ENSG00000086288.nuc.ord	ENSG00000086288.nuc.ord.treefile	10.0	0.16129032258064516
TarvD7	ENSG00000086289.nuc.ord	ENSG00000086289.nuc.ord.treefile	8.0	0.19047619047619047
TarvD7	ENSG00000086300.nuc.ord	ENSG00000086300.nuc.ord.treefile	36.0	0.5806451612903226
TarvD7	ENSG00000086475.nuc.ord	ENSG00000086475.nuc.ord.treefile	24.0	0.4
TarvD7	ENSG00000086544.nuc.ord	ENSG00000086544.nuc.ord.treefile	18.0	0.32142857142857145
TarvD7	ENSG00000086570.nuc.ord	ENSG00000086570.nuc.ord.treefile	6.0	0.09375
TarvD7	ENSG00000086666.nuc.ord	ENSG00000086666.nuc.ord.treefile	30.0	0.4838709677419355
TarvD7	ENSG00000086696.nuc.ord	ENSG00000086696.nuc.ord.treefile	10.0	0.1724137931034483
TarvD7	ENSG00000086717.nuc.ord	ENSG00000086717.nuc.ord.treefile	12.0	0.2
TarvD7	ENSG00000086758.nuc.ord	ENSG00000086758.nuc.ord.treefile	6.0	0.09090909090909091
TarvD7	ENSG00000086827.nuc.ord	ENSG00000086827.nuc.ord.treefile	10.0	0.15151515151515152
TarvD7	ENSG00000086848.nuc.ord	ENSG00000086848.nuc.ord.treefile	12.0	0.18181818181818182
TarvD7	ENSG00000086991.nuc.ord	ENSG00000086991.nuc.ord.treefile	18.0	0.3
TarvD7	ENSG00000087008.nuc.ord	ENSG00000087008.nuc.ord.treefile	18.0	0.34615384615384615
TarvD7	ENSG00000087053.nuc.ord	ENSG00000087053.nuc.ord.treefile	36.0	0.5454545454545454
TarvD7	ENSG00000087076.nuc.ord	ENSG00000087076.nuc.ord.treefile	36.0	0.75
TarvD7	ENSG00000087077.nuc.ord	ENSG00000087077.nuc.ord.treefile	20.0	0.4
TarvD7	ENSG00000087085.nuc.ord	ENSG00000087085.nuc.ord.treefile	18.0	0.375
TarvD7	ENSG00000087087.nuc.ord	ENSG00000087087.nuc.ord.treefile	26.0	0.4642857142857143
TarvD7	ENSG00000087088.nuc.ord	ENSG00000087088.nuc.ord.treefile	42.0	0.84
TarvD7	ENSG00000087095.nuc.ord	ENSG00000087095.nuc.ord.treefile	28.0	0.4375
TarvD7	ENSG00000087111.nuc.ord	ENSG00000087111.nuc.ord.treefile	14.0	0.22580645161290322
TarvD7	ENSG00000087116.nuc.ord	ENSG00000087116.nuc.ord.treefile	6.0	0.1
TarvD7	ENSG00000087128.nuc.ord	ENSG00000087128.nuc.ord.treefile	6.0	0.13636363636363635
TarvD7	ENSG00000087157.nuc.ord	ENSG00000087157.nuc.ord.treefile	34.0	0.6071428571428571
TarvD7	ENSG00000087191.nuc.ord	ENSG00000087191.nuc.ord.treefile	34.0	0.5483870967741935
TarvD7	ENSG00000087206.nuc.ord	ENSG00000087206.nuc.ord.treefile	16.0	0.25
TarvD7	ENSG00000087245.nuc.ord	ENSG00000087245.nuc.ord.treefile	24.0	0.4444444444444444
TarvD7	ENSG00000087253.nuc.ord	ENSG00000087253.nuc.ord.treefile	22.0	0.34375
TarvD7	ENSG00000087263.nuc.ord	ENSG00000087263.nuc.ord.treefile	18.0	0.28125
TarvD7	ENSG00000087269.nuc.ord	ENSG00000087269.nuc.ord.treefile	20.0	0.3448275862068966
TarvD7	ENSG00000087274.nuc.ord	ENSG00000087274.nuc.ord.treefile	28.0	0.45161290322580644
TarvD7	ENSG00000087299.nuc.ord	ENSG00000087299.nuc.ord.treefile	16.0	0.25806451612903225
TarvD7	ENSG00000087301.nuc.ord	ENSG00000087301.nuc.ord.treefile	16.0	0.25806451612903225
TarvD7	ENSG00000087302.nuc.ord	ENSG00000087302.nuc.ord.treefile	32.0	0.5
TarvD7	ENSG00000087303.nuc.ord	ENSG00000087303.nuc.ord.treefile	10.0	0.16129032258064516
TarvD7	ENSG00000087338.nuc.ord	ENSG00000087338.nuc.ord.treefile	24.0	0.4
TarvD7	ENSG00000087365.nuc.ord	ENSG00000087365.nuc.ord.treefile	26.0	0.4482758620689655
TarvD7	ENSG00000087448.nuc.ord	ENSG00000087448.nuc.ord.treefile	30.0	0.625
TarvD7	ENSG00000087470.nuc.ord	ENSG00000087470.nuc.ord.treefile	24.0	0.36363636363636365
TarvD7	ENSG00000087494.nuc.ord	ENSG00000087494.nuc.ord.treefile	28.0	0.4827586206896552
TarvD7	ENSG00000087502.nuc.ord	ENSG00000087502.nuc.ord.treefile	36.0	0.5625
TarvD7	ENSG00000087510.nuc.ord	ENSG00000087510.nuc.ord.treefile	18.0	0.34615384615384615
TarvD7	ENSG00000087586.nuc.ord	ENSG00000087586.nuc.ord.treefile	12.0	0.20689655172413793
TarvD7	ENSG00000087589.nuc.ord	ENSG00000087589.nuc.ord.treefile	10.0	0.15625
TarvD7	ENSG00000087842.nuc.ord	ENSG00000087842.nuc.ord.treefile	32.0	0.5
TarvD7	ENSG00000087884.nuc.ord	ENSG00000087884.nuc.ord.treefile	20.0	0.3448275862068966
TarvD7	ENSG00000087903.nuc.ord	ENSG00000087903.nuc.ord.treefile	12.0	0.2222222222222222
TarvD7	ENSG00000087916.nuc.ord	ENSG00000087916.nuc.ord.treefile	24.0	0.41379310344827586
TarvD7	ENSG00000088035.nuc.ord	ENSG00000088035.nuc.ord.treefile	22.0	0.3793103448275862
TarvD7	ENSG00000088179.nuc.ord	ENSG00000088179.nuc.ord.treefile	10.0	0.16666666666666666
TarvD7	ENSG00000088247.nuc.ord	ENSG00000088247.nuc.ord.treefile	20.0	0.35714285714285715
TarvD7	ENSG00000088280.nuc.ord	ENSG00000088280.nuc.ord.treefile	20.0	0.4
TarvD7	ENSG00000088298.nuc.ord	ENSG00000088298.nuc.ord.treefile	26.0	0.40625
TarvD7	ENSG00000088305.nuc.ord	ENSG00000088305.nuc.ord.treefile	12.0	0.1875
TarvD7	ENSG00000088320.nuc.ord	ENSG00000088320.nuc.ord.treefile	24.0	0.46153846153846156
TarvD7	ENSG00000088325.nuc.ord	ENSG00000088325.nuc.ord.treefile	8.0	0.12903225806451613
TarvD7	ENSG00000088356.nuc.ord	ENSG00000088356.nuc.ord.treefile	34.0	0.6071428571428571
TarvD7	ENSG00000088386.nuc.ord	ENSG00000088386.nuc.ord.treefile	22.0	0.3548387096774194
TarvD7	ENSG00000088387.nuc.ord	ENSG00000088387.nuc.ord.treefile	10.0	0.15625
TarvD7	ENSG00000088448.nuc.ord	ENSG00000088448.nuc.ord.treefile	28.0	0.4827586206896552
TarvD7	ENSG00000088451.nuc.ord	ENSG00000088451.nuc.ord.treefile	26.0	0.41935483870967744
TarvD7	ENSG00000088538.nuc.ord	ENSG00000088538.nuc.ord.treefile	10.0	0.15151515151515152
TarvD7	ENSG00000088543.nuc.ord	ENSG00000088543.nuc.ord.treefile	28.0	0.5185185185185185
TarvD7	ENSG00000088682.nuc.ord	ENSG00000088682.nuc.ord.treefile	30.0	0.4838709677419355
TarvD7	ENSG00000088726.nuc.ord	ENSG00000088726.nuc.ord.treefile	34.0	0.6296296296296297
TarvD7	ENSG00000088756.nuc.ord	ENSG00000088756.nuc.ord.treefile	18.0	0.28125
TarvD7	ENSG00000088766.nuc.ord	ENSG00000088766.nuc.ord.treefile	26.0	0.41935483870967744
TarvD7	ENSG00000088808.nuc.ord	ENSG00000088808.nuc.ord.treefile	12.0	0.1875
TarvD7	ENSG00000088812.nuc.ord	ENSG00000088812.nuc.ord.treefile	16.0	0.24242424242424243
TarvD7	ENSG00000088827.nuc.ord	ENSG00000088827.nuc.ord.treefile	10.0	0.18518518518518517
TarvD7	ENSG00000088833.nuc.ord	ENSG00000088833.nuc.ord.treefile	22.0	0.36666666666666664
TarvD7	ENSG00000088836.nuc.ord	ENSG00000088836.nuc.ord.treefile	12.0	0.25
TarvD7	ENSG00000088854.nuc.ord	ENSG00000088854.nuc.ord.treefile	8.0	0.12903225806451613
TarvD7	ENSG00000088882.nuc.ord	ENSG00000088882.nuc.ord.treefile	20.0	0.3225806451612903
TarvD7	ENSG00000088899.nuc.ord	ENSG00000088899.nuc.ord.treefile	18.0	0.3333333333333333
TarvD7	ENSG00000088926.nuc.ord	ENSG00000088926.nuc.ord.treefile	8.0	0.13333333333333333
TarvD7	ENSG00000088930.nuc.ord	ENSG00000088930.nuc.ord.treefile	20.0	0.30303030303030304
TarvD7	ENSG00000088970.nuc.ord	ENSG00000088970.nuc.ord.treefile	16.0	0.25806451612903225
TarvD7	ENSG00000088992.nuc.ord	ENSG00000088992.nuc.ord.treefile	30.0	0.5357142857142857
TarvD7	ENSG00000089022.nuc.ord	ENSG00000089022.nuc.ord.treefile	24.0	0.375
TarvD7	ENSG00000089041.nuc.ord	ENSG00000089041.nuc.ord.treefile	12.0	0.20689655172413793
TarvD7	ENSG00000089050.nuc.ord	ENSG00000089050.nuc.ord.treefile	24.0	0.4
TarvD7	ENSG00000089057.nuc.ord	ENSG00000089057.nuc.ord.treefile	26.0	0.41935483870967744
TarvD7	ENSG00000089060.nuc.ord	ENSG00000089060.nuc.ord.treefile	14.0	0.2916666666666667
TarvD7	ENSG00000089091.nuc.ord	ENSG00000089091.nuc.ord.treefile	14.0	0.21875
TarvD7	ENSG00000089094.nuc.ord	ENSG00000089094.nuc.ord.treefile	14.0	0.2692307692307692
TarvD7	ENSG00000089116.nuc.ord	ENSG00000089116.nuc.ord.treefile	16.0	0.3076923076923077
TarvD7	ENSG00000089123.nuc.ord	ENSG00000089123.nuc.ord.treefile	32.0	0.48484848484848486
TarvD7	ENSG00000089154.nuc.ord	ENSG00000089154.nuc.ord.treefile	16.0	0.27586206896551724
TarvD7	ENSG00000089163.nuc.ord	ENSG00000089163.nuc.ord.treefile	28.0	0.5185185185185185
TarvD7	ENSG00000089169.nuc.ord	ENSG00000089169.nuc.ord.treefile	18.0	0.3103448275862069
TarvD7	ENSG00000089177.nuc.ord	ENSG00000089177.nuc.ord.treefile	10.0	0.16129032258064516
TarvD7	ENSG00000089195.nuc.ord	ENSG00000089195.nuc.ord.treefile	12.0	0.1935483870967742
TarvD7	ENSG00000089199.nuc.ord	ENSG00000089199.nuc.ord.treefile	18.0	0.3333333333333333
TarvD7	ENSG00000089220.nuc.ord	ENSG00000089220.nuc.ord.treefile	40.0	0.7142857142857143
TarvD7	ENSG00000089225.nuc.ord	ENSG00000089225.nuc.ord.treefile	18.0	0.2903225806451613
TarvD7	ENSG00000089234.nuc.ord	ENSG00000089234.nuc.ord.treefile	20.0	0.3225806451612903
TarvD7	ENSG00000089248.nuc.ord	ENSG00000089248.nuc.ord.treefile	22.0	0.4230769230769231
TarvD7	ENSG00000089250.nuc.ord	ENSG00000089250.nuc.ord.treefile	18.0	0.28125
TarvD7	ENSG00000089336.nuc.ord	ENSG00000089336.nuc.ord.treefile	14.0	0.23333333333333334
TarvD7	ENSG00000089351.nuc.ord	ENSG00000089351.nuc.ord.treefile	22.0	0.39285714285714285
TarvD7	ENSG00000089486.nuc.ord	ENSG00000089486.nuc.ord.treefile	28.0	0.4827586206896552
TarvD7	ENSG00000089558.nuc.ord	ENSG00000089558.nuc.ord.treefile	20.0	0.3448275862068966
TarvD7	ENSG00000089597.nuc.ord	ENSG00000089597.nuc.ord.treefile	16.0	0.25806451612903225
TarvD7	ENSG00000089682.nuc.ord	ENSG00000089682.nuc.ord.treefile	22.0	0.36666666666666664
TarvD7	ENSG00000089685.nuc.ord	ENSG00000089685.nuc.ord.treefile	20.0	0.47619047619047616
TarvD7	ENSG00000089692.nuc.ord	ENSG00000089692.nuc.ord.treefile	20.0	0.35714285714285715
TarvD7	ENSG00000089693.nuc.ord	ENSG00000089693.nuc.ord.treefile	16.0	0.34782608695652173
TarvD7	ENSG00000089723.nuc.ord	ENSG00000089723.nuc.ord.treefile	24.0	0.4
TarvD7	ENSG00000089737.nuc.ord	ENSG00000089737.nuc.ord.treefile	18.0	0.28125
TarvD7	ENSG00000089775.nuc.ord	ENSG00000089775.nuc.ord.treefile	22.0	0.36666666666666664
TarvD7	ENSG00000089818.nuc.ord	ENSG00000089818.nuc.ord.treefile	16.0	0.2962962962962963
TarvD7	ENSG00000089876.nuc.ord	ENSG00000089876.nuc.ord.treefile	34.0	0.5666666666666667
TarvD7	ENSG00000089902.nuc.ord	ENSG00000089902.nuc.ord.treefile	36.0	0.5806451612903226
TarvD7	ENSG00000089916.nuc.ord	ENSG00000089916.nuc.ord.treefile	14.0	0.22580645161290322
TarvD7	ENSG00000090013.nuc.ord	ENSG00000090013.nuc.ord.treefile	34.0	0.6071428571428571
TarvD7	ENSG00000090020.nuc.ord	ENSG00000090020.nuc.ord.treefile	16.0	0.4
TarvD7	ENSG00000090054.nuc.ord	ENSG00000090054.nuc.ord.treefile	24.0	0.3870967741935484
TarvD7	ENSG00000090104.nuc.ord	ENSG00000090104.nuc.ord.treefile	24.0	0.4444444444444444
TarvD7	ENSG00000090263.nuc.ord	ENSG00000090263.nuc.ord.treefile	34.0	0.6296296296296297
TarvD7	ENSG00000090266.nuc.ord	ENSG00000090266.nuc.ord.treefile	44.0	0.6875
TarvD7	ENSG00000090269.nuc.ord	ENSG00000090269.nuc.ord.treefile	26.0	0.48148148148148145
TarvD7	ENSG00000090273.nuc.ord	ENSG00000090273.nuc.ord.treefile	20.0	0.3333333333333333
TarvD7	ENSG00000090372.nuc.ord	ENSG00000090372.nuc.ord.treefile	18.0	0.34615384615384615
TarvD7	ENSG00000090376.nuc.ord	ENSG00000090376.nuc.ord.treefile	14.0	0.21212121212121213
TarvD7	ENSG00000090402.nuc.ord	ENSG00000090402.nuc.ord.treefile	8.0	0.15384615384615385
TarvD7	ENSG00000090432.nuc.ord	ENSG00000090432.nuc.ord.treefile	26.0	0.41935483870967744
TarvD7	ENSG00000090470.nuc.ord	ENSG00000090470.nuc.ord.treefile	8.0	0.2222222222222222
TarvD7	ENSG00000090487.nuc.ord	ENSG00000090487.nuc.ord.treefile	32.0	0.5161290322580645
TarvD7	ENSG00000090512.nuc.ord	ENSG00000090512.nuc.ord.treefile	24.0	0.42857142857142855
TarvD7	ENSG00000090520.nuc.ord	ENSG00000090520.nuc.ord.treefile	16.0	0.25
TarvD7	ENSG00000090530.nuc.ord	ENSG00000090530.nuc.ord.treefile	16.0	0.25
TarvD7	ENSG00000090534.nuc.ord	ENSG00000090534.nuc.ord.treefile	18.0	0.4090909090909091
TarvD7	ENSG00000090539.nuc.ord	ENSG00000090539.nuc.ord.treefile	8.0	0.14814814814814814
TarvD7	ENSG00000090554.nuc.ord	ENSG00000090554.nuc.ord.treefile	30.0	0.6818181818181818
TarvD7	ENSG00000090581.nuc.ord	ENSG00000090581.nuc.ord.treefile	16.0	0.2962962962962963
TarvD7	ENSG00000090615.nuc.ord	ENSG00000090615.nuc.ord.treefile	6.0	0.0967741935483871
TarvD7	ENSG00000090661.nuc.ord	ENSG00000090661.nuc.ord.treefile	12.0	0.24
TarvD7	ENSG00000090674.nuc.ord	ENSG00000090674.nuc.ord.treefile	20.0	0.3333333333333333
TarvD7	ENSG00000090686.nuc.ord	ENSG00000090686.nuc.ord.treefile	20.0	0.3125
TarvD7	ENSG00000090776.nuc.ord	ENSG00000090776.nuc.ord.treefile	18.0	0.3333333333333333
TarvD7	ENSG00000090861.nuc.ord	ENSG00000090861.nuc.ord.treefile	22.0	0.3548387096774194
TarvD7	ENSG00000090863.nuc.ord	ENSG00000090863.nuc.ord.treefile	14.0	0.21212121212121213
TarvD7	ENSG00000090905.nuc.ord	ENSG00000090905.nuc.ord.treefile	16.0	0.25806451612903225
TarvD7	ENSG00000090924.nuc.ord	ENSG00000090924.nuc.ord.treefile	14.0	0.2692307692307692
TarvD7	ENSG00000090932.nuc.ord	ENSG00000090932.nuc.ord.treefile	20.0	0.4166666666666667
TarvD7	ENSG00000090989.nuc.ord	ENSG00000090989.nuc.ord.treefile	28.0	0.4666666666666667
TarvD7	ENSG00000091009.nuc.ord	ENSG00000091009.nuc.ord.treefile	16.0	0.25
TarvD7	ENSG00000091010.nuc.ord	ENSG00000091010.nuc.ord.treefile	20.0	0.45454545454545453
TarvD7	ENSG00000091039.nuc.ord	ENSG00000091039.nuc.ord.treefile	24.0	0.375
TarvD7	ENSG00000091127.nuc.ord	ENSG00000091127.nuc.ord.treefile	16.0	0.24242424242424243
TarvD7	ENSG00000091129.nuc.ord	ENSG00000091129.nuc.ord.treefile	6.0	0.09090909090909091
TarvD7	ENSG00000091136.nuc.ord	ENSG00000091136.nuc.ord.treefile	8.0	0.12121212121212122
TarvD7	ENSG00000091137.nuc.ord	ENSG00000091137.nuc.ord.treefile	8.0	0.12903225806451613
TarvD7	ENSG00000091138.nuc.ord	ENSG00000091138.nuc.ord.treefile	10.0	0.16129032258064516
TarvD7	ENSG00000091157.nuc.ord	ENSG00000091157.nuc.ord.treefile	16.0	0.25
TarvD7	ENSG00000091164.nuc.ord	ENSG00000091164.nuc.ord.treefile	36.0	0.5625
TarvD7	ENSG00000091181.nuc.ord	ENSG00000091181.nuc.ord.treefile	22.0	0.34375
TarvD7	ENSG00000091262.nuc.ord	ENSG00000091262.nuc.ord.treefile	10.0	0.22727272727272727
TarvD7	ENSG00000091317.nuc.ord	ENSG00000091317.nuc.ord.treefile	38.0	0.6333333333333333
TarvD7	ENSG00000091409.nuc.ord	ENSG00000091409.nuc.ord.treefile	6.0	0.0967741935483871
TarvD7	ENSG00000091428.nuc.ord	ENSG00000091428.nuc.ord.treefile	18.0	0.2727272727272727
TarvD7	ENSG00000091436.nuc.ord	ENSG00000091436.nuc.ord.treefile	26.0	0.40625
TarvD7	ENSG00000091483.nuc.ord	ENSG00000091483.nuc.ord.treefile	16.0	0.27586206896551724
TarvD7	ENSG00000091490.nuc.ord	ENSG00000091490.nuc.ord.treefile	14.0	0.21212121212121213
TarvD7	ENSG00000091536.nuc.ord	ENSG00000091536.nuc.ord.treefile	20.0	0.35714285714285715
TarvD7	ENSG00000091542.nuc.ord	ENSG00000091542.nuc.ord.treefile	24.0	0.42857142857142855
TarvD7	ENSG00000091583.nuc.ord	ENSG00000091583.nuc.ord.treefile	10.0	0.1724137931034483
TarvD7	ENSG00000091640.nuc.ord	ENSG00000091640.nuc.ord.treefile	42.0	0.7241379310344828
TarvD7	ENSG00000091651.nuc.ord	ENSG00000091651.nuc.ord.treefile	24.0	0.4
TarvD7	ENSG00000091656.nuc.ord	ENSG00000091656.nuc.ord.treefile	28.0	0.45161290322580644
TarvD7	ENSG00000091664.nuc.ord	ENSG00000091664.nuc.ord.treefile	30.0	0.4838709677419355
TarvD7	ENSG00000091704.nuc.ord	ENSG00000091704.nuc.ord.treefile	22.0	0.4230769230769231
TarvD7	ENSG00000091732.nuc.ord	ENSG00000091732.nuc.ord.treefile	12.0	0.1935483870967742
TarvD7	ENSG00000091844.nuc.ord	ENSG00000091844.nuc.ord.treefile	34.0	0.5862068965517241
TarvD7	ENSG00000091879.nuc.ord	ENSG00000091879.nuc.ord.treefile	30.0	0.46875
TarvD7	ENSG00000091947.nuc.ord	ENSG00000091947.nuc.ord.treefile	28.0	0.5
TarvD7	ENSG00000091972.nuc.ord	ENSG00000091972.nuc.ord.treefile	14.0	0.2413793103448276
TarvD7	ENSG00000091986.nuc.ord	ENSG00000091986.nuc.ord.treefile	14.0	0.23333333333333334
TarvD7	ENSG00000092009.nuc.ord	ENSG00000092009.nuc.ord.treefile	10.0	0.22727272727272727
TarvD7	ENSG00000092010.nuc.ord	ENSG00000092010.nuc.ord.treefile	28.0	0.56
TarvD7	ENSG00000092020.nuc.ord	ENSG00000092020.nuc.ord.treefile	20.0	0.3333333333333333
TarvD7	ENSG00000092036.nuc.ord	ENSG00000092036.nuc.ord.treefile	16.0	0.2962962962962963
TarvD7	ENSG00000092051.nuc.ord	ENSG00000092051.nuc.ord.treefile	20.0	0.5263157894736842
TarvD7	ENSG00000092054.nuc.ord	ENSG00000092054.nuc.ord.treefile	24.0	0.46153846153846156
TarvD7	ENSG00000092068.nuc.ord	ENSG00000092068.nuc.ord.treefile	18.0	0.2727272727272727
TarvD7	ENSG00000092094.nuc.ord	ENSG00000092094.nuc.ord.treefile	26.0	0.41935483870967744
TarvD7	ENSG00000092098.nuc.ord	ENSG00000092098.nuc.ord.treefile	16.0	0.25806451612903225
TarvD7	ENSG00000092108.nuc.ord	ENSG00000092108.nuc.ord.treefile	10.0	0.1724137931034483
TarvD7	ENSG00000092140.nuc.ord	ENSG00000092140.nuc.ord.treefile	14.0	0.21875
TarvD7	ENSG00000092148.nuc.ord	ENSG00000092148.nuc.ord.treefile	14.0	0.23333333333333334
TarvD7	ENSG00000092200.nuc.ord	ENSG00000092200.nuc.ord.treefile	8.0	0.12903225806451613
TarvD7	ENSG00000092201.nuc.ord	ENSG00000092201.nuc.ord.treefile	12.0	0.1935483870967742
TarvD7	ENSG00000092203.nuc.ord	ENSG00000092203.nuc.ord.treefile	18.0	0.34615384615384615
TarvD7	ENSG00000092208.nuc.ord	ENSG00000092208.nuc.ord.treefile	30.0	0.46875
TarvD7	ENSG00000092295.nuc.ord	ENSG00000092295.nuc.ord.treefile	22.0	0.3548387096774194
TarvD7	ENSG00000092330.nuc.ord	ENSG00000092330.nuc.ord.treefile	10.0	0.18518518518518517
TarvD7	ENSG00000092421.nuc.ord	ENSG00000092421.nuc.ord.treefile	22.0	0.39285714285714285
TarvD7	ENSG00000092439.nuc.ord	ENSG00000092439.nuc.ord.treefile	8.0	0.13333333333333333
TarvD7	ENSG00000092445.nuc.ord	ENSG00000092445.nuc.ord.treefile	16.0	0.2857142857142857
TarvD7	ENSG00000092470.nuc.ord	ENSG00000092470.nuc.ord.treefile	16.0	0.25806451612903225
TarvD7	ENSG00000092529.nuc.ord	ENSG00000092529.nuc.ord.treefile	14.0	0.3181818181818182
TarvD7	ENSG00000092531.nuc.ord	ENSG00000092531.nuc.ord.treefile	24.0	0.41379310344827586
TarvD7	ENSG00000092621.nuc.ord	ENSG00000092621.nuc.ord.treefile	20.0	0.4166666666666667
TarvD7	ENSG00000092847.nuc.ord	ENSG00000092847.nuc.ord.treefile	6.0	0.0967741935483871
TarvD7	ENSG00000092850.nuc.ord	ENSG00000092850.nuc.ord.treefile	20.0	0.35714285714285715
TarvD7	ENSG00000092853.nuc.ord	ENSG00000092853.nuc.ord.treefile	12.0	0.1875
TarvD7	ENSG00000092871.nuc.ord	ENSG00000092871.nuc.ord.treefile	10.0	0.16666666666666666
TarvD7	ENSG00000092929.nuc.ord	ENSG00000092929.nuc.ord.treefile	8.0	0.15384615384615385
TarvD7	ENSG00000092931.nuc.ord	ENSG00000092931.nuc.ord.treefile	30.0	0.5
TarvD7	ENSG00000092964.nuc.ord	ENSG00000092964.nuc.ord.treefile	20.0	0.3125
TarvD7	ENSG00000092978.nuc.ord	ENSG00000092978.nuc.ord.treefile	34.0	0.5862068965517241
TarvD7	ENSG00000093009.nuc.ord	ENSG00000093009.nuc.ord.treefile	14.0	0.22580645161290322
TarvD7	ENSG00000093010.nuc.ord	ENSG00000093010.nuc.ord.treefile	18.0	0.375
TarvD7	ENSG00000093100.nuc.ord	ENSG00000093100.nuc.ord.treefile	24.0	0.5217391304347826
TarvD7	ENSG00000093134.nuc.ord	ENSG00000093134.nuc.ord.treefile	10.0	0.25
TarvD7	ENSG00000093144.nuc.ord	ENSG00000093144.nuc.ord.treefile	28.0	0.4666666666666667
TarvD7	ENSG00000093167.nuc.ord	ENSG00000093167.nuc.ord.treefile	18.0	0.2903225806451613
TarvD7	ENSG00000093183.nuc.ord	ENSG00000093183.nuc.ord.treefile	22.0	0.3793103448275862
TarvD7	ENSG00000093217.nuc.ord	ENSG00000093217.nuc.ord.treefile	16.0	0.2962962962962963
TarvD7	ENSG00000094631.nuc.ord	ENSG00000094631.nuc.ord.treefile	8.0	0.12903225806451613
TarvD7	ENSG00000094755.nuc.ord	ENSG00000094755.nuc.ord.treefile	16.0	0.2857142857142857
TarvD7	ENSG00000094804.nuc.ord	ENSG00000094804.nuc.ord.treefile	12.0	0.18181818181818182
TarvD7	ENSG00000094841.nuc.ord	ENSG00000094841.nuc.ord.treefile	26.0	0.41935483870967744
TarvD7	ENSG00000094880.nuc.ord	ENSG00000094880.nuc.ord.treefile	22.0	0.3548387096774194
TarvD7	ENSG00000094963.nuc.ord	ENSG00000094963.nuc.ord.treefile	26.0	0.3939393939393939
TarvD7	ENSG00000094975.nuc.ord	ENSG00000094975.nuc.ord.treefile	12.0	0.1875
TarvD7	ENSG00000095002.nuc.ord	ENSG00000095002.nuc.ord.treefile	20.0	0.3333333333333333
TarvD7	ENSG00000095015.nuc.ord	ENSG00000095015.nuc.ord.treefile	22.0	0.3333333333333333
TarvD7	ENSG00000095139.nuc.ord	ENSG00000095139.nuc.ord.treefile	22.0	0.3793103448275862
TarvD7	ENSG00000095203.nuc.ord	ENSG00000095203.nuc.ord.treefile	12.0	0.18181818181818182
TarvD7	ENSG00000095209.nuc.ord	ENSG00000095209.nuc.ord.treefile	16.0	0.27586206896551724
TarvD7	ENSG00000095261.nuc.ord	ENSG00000095261.nuc.ord.treefile	6.0	0.125
TarvD7	ENSG00000095303.nuc.ord	ENSG00000095303.nuc.ord.treefile	10.0	0.16666666666666666
TarvD7	ENSG00000095319.nuc.ord	ENSG00000095319.nuc.ord.treefile	18.0	0.3
TarvD7	ENSG00000095321.nuc.ord	ENSG00000095321.nuc.ord.treefile	16.0	0.2857142857142857
TarvD7	ENSG00000095370.nuc.ord	ENSG00000095370.nuc.ord.treefile	18.0	0.2903225806451613
TarvD7	ENSG00000095380.nuc.ord	ENSG00000095380.nuc.ord.treefile	36.0	0.6
TarvD7	ENSG00000095383.nuc.ord	ENSG00000095383.nuc.ord.treefile	12.0	0.1935483870967742
TarvD7	ENSG00000095397.nuc.ord	ENSG00000095397.nuc.ord.treefile	12.0	0.2
TarvD7	ENSG00000095464.nuc.ord	ENSG00000095464.nuc.ord.treefile	10.0	0.15151515151515152
TarvD7	ENSG00000095485.nuc.ord	ENSG00000095485.nuc.ord.treefile	20.0	0.3125
TarvD7	ENSG00000095539.nuc.ord	ENSG00000095539.nuc.ord.treefile	10.0	0.19230769230769232
TarvD7	ENSG00000095564.nuc.ord	ENSG00000095564.nuc.ord.treefile	6.0	0.09090909090909091
TarvD7	ENSG00000095574.nuc.ord	ENSG00000095574.nuc.ord.treefile	34.0	0.7083333333333334
TarvD7	ENSG00000095585.nuc.ord	ENSG00000095585.nuc.ord.treefile	12.0	0.1875
TarvD7	ENSG00000095587.nuc.ord	ENSG00000095587.nuc.ord.treefile	10.0	0.16666666666666666
TarvD7	ENSG00000095596.nuc.ord	ENSG00000095596.nuc.ord.treefile	18.0	0.32142857142857145
TarvD7	ENSG00000095627.nuc.ord	ENSG00000095627.nuc.ord.treefile	8.0	0.13333333333333333
TarvD7	ENSG00000095637.nuc.ord	ENSG00000095637.nuc.ord.treefile	10.0	0.16129032258064516
TarvD7	ENSG00000095713.nuc.ord	ENSG00000095713.nuc.ord.treefile	32.0	0.5333333333333333
TarvD7	ENSG00000095739.nuc.ord	ENSG00000095739.nuc.ord.treefile	24.0	0.4
TarvD7	ENSG00000095752.nuc.ord	ENSG00000095752.nuc.ord.treefile	12.0	0.3
TarvD7	ENSG00000095777.nuc.ord	ENSG00000095777.nuc.ord.treefile	6.0	0.09375
TarvD7	ENSG00000095787.nuc.ord	ENSG00000095787.nuc.ord.treefile	18.0	0.2903225806451613
TarvD7	ENSG00000095794.nuc.ord	ENSG00000095794.nuc.ord.treefile	56.0	0.8484848484848485
TarvD7	ENSG00000095951.nuc.ord	ENSG00000095951.nuc.ord.treefile	10.0	0.15625
TarvD7	ENSG00000095970.nuc.ord	ENSG00000095970.nuc.ord.treefile	22.0	0.36666666666666664
TarvD7	ENSG00000095981.nuc.ord	ENSG00000095981.nuc.ord.treefile	30.0	0.5357142857142857
TarvD7	ENSG00000096060.nuc.ord	ENSG00000096060.nuc.ord.treefile	24.0	0.3870967741935484
TarvD7	ENSG00000096063.nuc.ord	ENSG00000096063.nuc.ord.treefile	12.0	0.2222222222222222
TarvD7	ENSG00000096070.nuc.ord	ENSG00000096070.nuc.ord.treefile	6.0	0.09090909090909091
TarvD7	ENSG00000096080.nuc.ord	ENSG00000096080.nuc.ord.treefile	16.0	0.2962962962962963
TarvD7	ENSG00000096088.nuc.ord	ENSG00000096088.nuc.ord.treefile	22.0	0.5238095238095238
TarvD7	ENSG00000096092.nuc.ord	ENSG00000096092.nuc.ord.treefile	40.0	0.6896551724137931
TarvD7	ENSG00000096093.nuc.ord	ENSG00000096093.nuc.ord.treefile	18.0	0.28125
TarvD7	ENSG00000096401.nuc.ord	ENSG00000096401.nuc.ord.treefile	14.0	0.23333333333333334
TarvD7	ENSG00000096717.nuc.ord	ENSG00000096717.nuc.ord.treefile	20.0	0.3125
TarvD7	ENSG00000096746.nuc.ord	ENSG00000096746.nuc.ord.treefile	24.0	0.46153846153846156
TarvD7	ENSG00000096872.nuc.ord	ENSG00000096872.nuc.ord.treefile	10.0	0.15625
TarvD7	ENSG00000096968.nuc.ord	ENSG00000096968.nuc.ord.treefile	12.0	0.1935483870967742
TarvD7	ENSG00000097007.nuc.ord	ENSG00000097007.nuc.ord.treefile	12.0	0.1935483870967742
TarvD7	ENSG00000097033.nuc.ord	ENSG00000097033.nuc.ord.treefile	26.0	0.41935483870967744
TarvD7	ENSG00000097046.nuc.ord	ENSG00000097046.nuc.ord.treefile	10.0	0.16666666666666666
TarvD7	ENSG00000097096.nuc.ord	ENSG00000097096.nuc.ord.treefile	12.0	0.1875
TarvD7	ENSG00000099139.nuc.ord	ENSG00000099139.nuc.ord.treefile	8.0	0.125
TarvD7	ENSG00000099203.nuc.ord	ENSG00000099203.nuc.ord.treefile	28.0	0.5384615384615384
TarvD7	ENSG00000099204.nuc.ord	ENSG00000099204.nuc.ord.treefile	18.0	0.28125
TarvD7	ENSG00000099219.nuc.ord	ENSG00000099219.nuc.ord.treefile	16.0	0.24242424242424243
TarvD7	ENSG00000099246.nuc.ord	ENSG00000099246.nuc.ord.treefile	40.0	0.7407407407407407
TarvD7	ENSG00000099250.nuc.ord	ENSG00000099250.nuc.ord.treefile	28.0	0.42424242424242425
TarvD7	ENSG00000099260.nuc.ord	ENSG00000099260.nuc.ord.treefile	18.0	0.2903225806451613
TarvD7	ENSG00000099282.nuc.ord	ENSG00000099282.nuc.ord.treefile	36.0	0.5806451612903226
TarvD7	ENSG00000099284.nuc.ord	ENSG00000099284.nuc.ord.treefile	20.0	0.30303030303030304
TarvD7	ENSG00000099337.nuc.ord	ENSG00000099337.nuc.ord.treefile	28.0	0.5384615384615384
TarvD7	ENSG00000099341.nuc.ord	ENSG00000099341.nuc.ord.treefile	30.0	0.6
TarvD7	ENSG00000099377.nuc.ord	ENSG00000099377.nuc.ord.treefile	12.0	0.2222222222222222
TarvD7	ENSG00000099381.nuc.ord	ENSG00000099381.nuc.ord.treefile	18.0	0.3103448275862069
TarvD7	ENSG00000099622.nuc.ord	ENSG00000099622.nuc.ord.treefile	20.0	0.5555555555555556
TarvD7	ENSG00000099624.nuc.ord	ENSG00000099624.nuc.ord.treefile	26.0	0.52
TarvD7	ENSG00000099783.nuc.ord	ENSG00000099783.nuc.ord.treefile	26.0	0.4482758620689655
TarvD7	ENSG00000099785.nuc.ord	ENSG00000099785.nuc.ord.treefile	26.0	0.4642857142857143
TarvD7	ENSG00000099810.nuc.ord	ENSG00000099810.nuc.ord.treefile	28.0	0.4666666666666667
TarvD7	ENSG00000099860.nuc.ord	ENSG00000099860.nuc.ord.treefile	20.0	0.4166666666666667
TarvD7	ENSG00000099889.nuc.ord	ENSG00000099889.nuc.ord.treefile	22.0	0.4074074074074074
TarvD7	ENSG00000099910.nuc.ord	ENSG00000099910.nuc.ord.treefile	22.0	0.3793103448275862
TarvD7	ENSG00000099917.nuc.ord	ENSG00000099917.nuc.ord.treefile	22.0	0.44
TarvD7	ENSG00000099937.nuc.ord	ENSG00000099937.nuc.ord.treefile	18.0	0.3103448275862069
TarvD7	ENSG00000099940.nuc.ord	ENSG00000099940.nuc.ord.treefile	20.0	0.3448275862068966
TarvD7	ENSG00000099942.nuc.ord	ENSG00000099942.nuc.ord.treefile	30.0	0.5357142857142857
TarvD7	ENSG00000099949.nuc.ord	ENSG00000099949.nuc.ord.treefile	20.0	0.4
TarvD7	ENSG00000099954.nuc.ord	ENSG00000099954.nuc.ord.treefile	8.0	0.13793103448275862
TarvD7	ENSG00000099956.nuc.ord	ENSG00000099956.nuc.ord.treefile	32.0	0.5161290322580645
TarvD7	ENSG00000099957.nuc.ord	ENSG00000099957.nuc.ord.treefile	8.0	0.14814814814814814
TarvD7	ENSG00000099958.nuc.ord	ENSG00000099958.nuc.ord.treefile	28.0	0.5
TarvD7	ENSG00000099968.nuc.ord	ENSG00000099968.nuc.ord.treefile	8.0	0.13333333333333333
TarvD7	ENSG00000099991.nuc.ord	ENSG00000099991.nuc.ord.treefile	16.0	0.27586206896551724
TarvD7	ENSG00000099992.nuc.ord	ENSG00000099992.nuc.ord.treefile	26.0	0.4482758620689655
TarvD7	ENSG00000099994.nuc.ord	ENSG00000099994.nuc.ord.treefile	12.0	0.2727272727272727
TarvD7	ENSG00000099995.nuc.ord	ENSG00000099995.nuc.ord.treefile	20.0	0.3333333333333333
TarvD7	ENSG00000099998.nuc.ord	ENSG00000099998.nuc.ord.treefile	16.0	0.3333333333333333
TarvD7	ENSG00000099999.nuc.ord	ENSG00000099999.nuc.ord.treefile	16.0	0.3076923076923077
TarvD7	ENSG00000100003.nuc.ord	ENSG00000100003.nuc.ord.treefile	28.0	0.4666666666666667
TarvD7	ENSG00000100012.nuc.ord	ENSG00000100012.nuc.ord.treefile	18.0	0.3
TarvD7	ENSG00000100014.nuc.ord	ENSG00000100014.nuc.ord.treefile	36.0	0.6
TarvD7	ENSG00000100023.nuc.ord	ENSG00000100023.nuc.ord.treefile	22.0	0.39285714285714285
TarvD7	ENSG00000100024.nuc.ord	ENSG00000100024.nuc.ord.treefile	38.0	0.6333333333333333
TarvD7	ENSG00000100027.nuc.ord	ENSG00000100027.nuc.ord.treefile	38.0	0.7307692307692307
TarvD7	ENSG00000100029.nuc.ord	ENSG00000100029.nuc.ord.treefile	20.0	0.37037037037037035
TarvD7	ENSG00000100030.nuc.ord	ENSG00000100030.nuc.ord.treefile	28.0	0.4827586206896552
TarvD7	ENSG00000100033.nuc.ord	ENSG00000100033.nuc.ord.treefile	24.0	0.48
TarvD7	ENSG00000100034.nuc.ord	ENSG00000100034.nuc.ord.treefile	20.0	0.38461538461538464
TarvD7	ENSG00000100036.nuc.ord	ENSG00000100036.nuc.ord.treefile	16.0	0.32
TarvD7	ENSG00000100053.nuc.ord	ENSG00000100053.nuc.ord.treefile	22.0	0.44
TarvD7	ENSG00000100056.nuc.ord	ENSG00000100056.nuc.ord.treefile	16.0	0.2857142857142857
TarvD7	ENSG00000100060.nuc.ord	ENSG00000100060.nuc.ord.treefile	30.0	0.5555555555555556
TarvD7	ENSG00000100065.nuc.ord	ENSG00000100065.nuc.ord.treefile	12.0	0.2222222222222222
TarvD7	ENSG00000100075.nuc.ord	ENSG00000100075.nuc.ord.treefile	22.0	0.4583333333333333
TarvD7	ENSG00000100077.nuc.ord	ENSG00000100077.nuc.ord.treefile	24.0	0.41379310344827586
TarvD7	ENSG00000100078.nuc.ord	ENSG00000100078.nuc.ord.treefile	8.0	0.13333333333333333
TarvD7	ENSG00000100083.nuc.ord	ENSG00000100083.nuc.ord.treefile	16.0	0.2962962962962963
TarvD7	ENSG00000100084.nuc.ord	ENSG00000100084.nuc.ord.treefile	16.0	0.26666666666666666
TarvD7	ENSG00000100095.nuc.ord	ENSG00000100095.nuc.ord.treefile	18.0	0.2903225806451613
TarvD7	ENSG00000100097.nuc.ord	ENSG00000100097.nuc.ord.treefile	32.0	0.64
TarvD7	ENSG00000100099.nuc.ord	ENSG00000100099.nuc.ord.treefile	10.0	0.17857142857142858
TarvD7	ENSG00000100100.nuc.ord	ENSG00000100100.nuc.ord.treefile	28.0	0.45161290322580644
TarvD7	ENSG00000100101.nuc.ord	ENSG00000100101.nuc.ord.treefile	38.0	0.6333333333333333
TarvD7	ENSG00000100104.nuc.ord	ENSG00000100104.nuc.ord.treefile	30.0	0.46875
TarvD7	ENSG00000100105.nuc.ord	ENSG00000100105.nuc.ord.treefile	24.0	0.4444444444444444
TarvD7	ENSG00000100106.nuc.ord	ENSG00000100106.nuc.ord.treefile	12.0	0.3157894736842105
TarvD7	ENSG00000100116.nuc.ord	ENSG00000100116.nuc.ord.treefile	18.0	0.3333333333333333
TarvD7	ENSG00000100122.nuc.ord	ENSG00000100122.nuc.ord.treefile	34.0	0.6538461538461539
TarvD7	ENSG00000100124.nuc.ord	ENSG00000100124.nuc.ord.treefile	42.0	0.6774193548387096
TarvD7	ENSG00000100129.nuc.ord	ENSG00000100129.nuc.ord.treefile	24.0	0.48
TarvD7	ENSG00000100139.nuc.ord	ENSG00000100139.nuc.ord.treefile	12.0	0.2222222222222222
TarvD7	ENSG00000100142.nuc.ord	ENSG00000100142.nuc.ord.treefile	36.0	0.75
TarvD7	ENSG00000100147.nuc.ord	ENSG00000100147.nuc.ord.treefile	38.0	0.6333333333333333
TarvD7	ENSG00000100154.nuc.ord	ENSG00000100154.nuc.ord.treefile	20.0	0.3448275862068966
TarvD7	ENSG00000100162.nuc.ord	ENSG00000100162.nuc.ord.treefile	12.0	0.21428571428571427
TarvD7	ENSG00000100167.nuc.ord	ENSG00000100167.nuc.ord.treefile	36.0	0.6
TarvD7	ENSG00000100170.nuc.ord	ENSG00000100170.nuc.ord.treefile	20.0	0.3448275862068966
TarvD7	ENSG00000100191.nuc.ord	ENSG00000100191.nuc.ord.treefile	12.0	0.2727272727272727
TarvD7	ENSG00000100196.nuc.ord	ENSG00000100196.nuc.ord.treefile	38.0	0.7037037037037037
TarvD7	ENSG00000100201.nuc.ord	ENSG00000100201.nuc.ord.treefile	26.0	0.3939393939393939
TarvD7	ENSG00000100206.nuc.ord	ENSG00000100206.nuc.ord.treefile	26.0	0.41935483870967744
TarvD7	ENSG00000100209.nuc.ord	ENSG00000100209.nuc.ord.treefile	22.0	0.36666666666666664
TarvD7	ENSG00000100218.nuc.ord	ENSG00000100218.nuc.ord.treefile	24.0	0.48
TarvD7	ENSG00000100219.nuc.ord	ENSG00000100219.nuc.ord.treefile	22.0	0.3793103448275862
TarvD7	ENSG00000100220.nuc.ord	ENSG00000100220.nuc.ord.treefile	34.0	0.53125
TarvD7	ENSG00000100221.nuc.ord	ENSG00000100221.nuc.ord.treefile	22.0	0.39285714285714285
TarvD7	ENSG00000100225.nuc.ord	ENSG00000100225.nuc.ord.treefile	14.0	0.21875
TarvD7	ENSG00000100226.nuc.ord	ENSG00000100226.nuc.ord.treefile	14.0	0.23333333333333334
TarvD7	ENSG00000100227.nuc.ord	ENSG00000100227.nuc.ord.treefile	12.0	0.1935483870967742
TarvD7	ENSG00000100228.nuc.ord	ENSG00000100228.nuc.ord.treefile	22.0	0.36666666666666664
TarvD7	ENSG00000100234.nuc.ord	ENSG00000100234.nuc.ord.treefile	34.0	0.6296296296296297
TarvD7	ENSG00000100242.nuc.ord	ENSG00000100242.nuc.ord.treefile	14.0	0.25
TarvD7	ENSG00000100243.nuc.ord	ENSG00000100243.nuc.ord.treefile	32.0	0.5714285714285714
TarvD7	ENSG00000100246.nuc.ord	ENSG00000100246.nuc.ord.treefile	40.0	0.8333333333333334
TarvD7	ENSG00000100258.nuc.ord	ENSG00000100258.nuc.ord.treefile	4.0	0.07407407407407407
TarvD7	ENSG00000100263.nuc.ord	ENSG00000100263.nuc.ord.treefile	12.0	0.2608695652173913
TarvD7	ENSG00000100266.nuc.ord	ENSG00000100266.nuc.ord.treefile	24.0	0.4
TarvD7	ENSG00000100271.nuc.ord	ENSG00000100271.nuc.ord.treefile	34.0	0.5483870967741935
TarvD7	ENSG00000100280.nuc.ord	ENSG00000100280.nuc.ord.treefile	8.0	0.14814814814814814
TarvD7	ENSG00000100281.nuc.ord	ENSG00000100281.nuc.ord.treefile	24.0	0.3870967741935484
TarvD7	ENSG00000100285.nuc.ord	ENSG00000100285.nuc.ord.treefile	10.0	0.2777777777777778
TarvD7	ENSG00000100294.nuc.ord	ENSG00000100294.nuc.ord.treefile	26.0	0.4642857142857143
TarvD7	ENSG00000100296.nuc.ord	ENSG00000100296.nuc.ord.treefile	24.0	0.375
TarvD7	ENSG00000100297.nuc.ord	ENSG00000100297.nuc.ord.treefile	18.0	0.32142857142857145
TarvD7	ENSG00000100299.nuc.ord	ENSG00000100299.nuc.ord.treefile	12.0	0.2222222222222222
TarvD7	ENSG00000100302.nuc.ord	ENSG00000100302.nuc.ord.treefile	30.0	0.5555555555555556
TarvD7	ENSG00000100304.nuc.ord	ENSG00000100304.nuc.ord.treefile	12.0	0.20689655172413793
TarvD7	ENSG00000100311.nuc.ord	ENSG00000100311.nuc.ord.treefile	34.0	0.6071428571428571
TarvD7	ENSG00000100312.nuc.ord	ENSG00000100312.nuc.ord.treefile	10.0	0.22727272727272727
TarvD7	ENSG00000100314.nuc.ord	ENSG00000100314.nuc.ord.treefile	38.0	0.7307692307692307
TarvD7	ENSG00000100319.nuc.ord	ENSG00000100319.nuc.ord.treefile	28.0	0.4827586206896552
TarvD7	ENSG00000100320.nuc.ord	ENSG00000100320.nuc.ord.treefile	44.0	0.6875
TarvD7	ENSG00000100321.nuc.ord	ENSG00000100321.nuc.ord.treefile	34.0	0.6296296296296297
TarvD7	ENSG00000100324.nuc.ord	ENSG00000100324.nuc.ord.treefile	18.0	0.3103448275862069
TarvD7	ENSG00000100325.nuc.ord	ENSG00000100325.nuc.ord.treefile	16.0	0.25806451612903225
TarvD7	ENSG00000100330.nuc.ord	ENSG00000100330.nuc.ord.treefile	12.0	0.1875
TarvD7	ENSG00000100335.nuc.ord	ENSG00000100335.nuc.ord.treefile	34.0	0.5483870967741935
TarvD7	ENSG00000100341.nuc.ord	ENSG00000100341.nuc.ord.treefile	16.0	0.36363636363636365
TarvD7	ENSG00000100344.nuc.ord	ENSG00000100344.nuc.ord.treefile	24.0	0.42857142857142855
TarvD7	ENSG00000100345.nuc.ord	ENSG00000100345.nuc.ord.treefile	20.0	0.3225806451612903
TarvD7	ENSG00000100346.nuc.ord	ENSG00000100346.nuc.ord.treefile	10.0	0.2
TarvD7	ENSG00000100347.nuc.ord	ENSG00000100347.nuc.ord.treefile	28.0	0.5185185185185185
TarvD7	ENSG00000100348.nuc.ord	ENSG00000100348.nuc.ord.treefile	18.0	0.4090909090909091
TarvD7	ENSG00000100350.nuc.ord	ENSG00000100350.nuc.ord.treefile	8.0	0.13793103448275862
TarvD7	ENSG00000100351.nuc.ord	ENSG00000100351.nuc.ord.treefile	22.0	0.34375
TarvD7	ENSG00000100353.nuc.ord	ENSG00000100353.nuc.ord.treefile	32.0	0.5
TarvD7	ENSG00000100354.nuc.ord	ENSG00000100354.nuc.ord.treefile	22.0	0.3333333333333333
TarvD7	ENSG00000100359.nuc.ord	ENSG00000100359.nuc.ord.treefile	20.0	0.35714285714285715
TarvD7	ENSG00000100360.nuc.ord	ENSG00000100360.nuc.ord.treefile	48.0	0.8
TarvD7	ENSG00000100365.nuc.ord	ENSG00000100365.nuc.ord.treefile	28.0	0.5185185185185185
TarvD7	ENSG00000100372.nuc.ord	ENSG00000100372.nuc.ord.treefile	22.0	0.3548387096774194
TarvD7	ENSG00000100373.nuc.ord	ENSG00000100373.nuc.ord.treefile	22.0	0.36666666666666664
TarvD7	ENSG00000100376.nuc.ord	ENSG00000100376.nuc.ord.treefile	38.0	0.7037037037037037
TarvD7	ENSG00000100379.nuc.ord	ENSG00000100379.nuc.ord.treefile	26.0	0.6190476190476191
TarvD7	ENSG00000100393.nuc.ord	ENSG00000100393.nuc.ord.treefile	12.0	0.18181818181818182
TarvD7	ENSG00000100395.nuc.ord	ENSG00000100395.nuc.ord.treefile	18.0	0.3
TarvD7	ENSG00000100401.nuc.ord	ENSG00000100401.nuc.ord.treefile	16.0	0.2857142857142857
TarvD7	ENSG00000100403.nuc.ord	ENSG00000100403.nuc.ord.treefile	16.0	0.2962962962962963
TarvD7	ENSG00000100412.nuc.ord	ENSG00000100412.nuc.ord.treefile	22.0	0.4583333333333333
TarvD7	ENSG00000100413.nuc.ord	ENSG00000100413.nuc.ord.treefile	36.0	0.6666666666666666
TarvD7	ENSG00000100416.nuc.ord	ENSG00000100416.nuc.ord.treefile	32.0	0.5333333333333333
TarvD7	ENSG00000100422.nuc.ord	ENSG00000100422.nuc.ord.treefile	16.0	0.32
TarvD7	ENSG00000100425.nuc.ord	ENSG00000100425.nuc.ord.treefile	12.0	0.20689655172413793
TarvD7	ENSG00000100429.nuc.ord	ENSG00000100429.nuc.ord.treefile	8.0	0.15384615384615385
TarvD7	ENSG00000100433.nuc.ord	ENSG00000100433.nuc.ord.treefile	22.0	0.34375
TarvD7	ENSG00000100439.nuc.ord	ENSG00000100439.nuc.ord.treefile	18.0	0.3
TarvD7	ENSG00000100441.nuc.ord	ENSG00000100441.nuc.ord.treefile	24.0	0.48
TarvD7	ENSG00000100442.nuc.ord	ENSG00000100442.nuc.ord.treefile	44.0	0.7096774193548387
TarvD7	ENSG00000100445.nuc.ord	ENSG00000100445.nuc.ord.treefile	32.0	0.5517241379310345
TarvD7	ENSG00000100448.nuc.ord	ENSG00000100448.nuc.ord.treefile	16.0	0.34782608695652173
TarvD7	ENSG00000100462.nuc.ord	ENSG00000100462.nuc.ord.treefile	16.0	0.26666666666666666
TarvD7	ENSG00000100473.nuc.ord	ENSG00000100473.nuc.ord.treefile	10.0	0.16666666666666666
TarvD7	ENSG00000100479.nuc.ord	ENSG00000100479.nuc.ord.treefile	14.0	0.23333333333333334
TarvD7	ENSG00000100483.nuc.ord	ENSG00000100483.nuc.ord.treefile	36.0	0.6206896551724138
TarvD7	ENSG00000100485.nuc.ord	ENSG00000100485.nuc.ord.treefile	12.0	0.1875
TarvD7	ENSG00000100503.nuc.ord	ENSG00000100503.nuc.ord.treefile	6.0	0.0967741935483871
TarvD7	ENSG00000100504.nuc.ord	ENSG00000100504.nuc.ord.treefile	14.0	0.21212121212121213
TarvD7	ENSG00000100505.nuc.ord	ENSG00000100505.nuc.ord.treefile	12.0	0.18181818181818182
TarvD7	ENSG00000100522.nuc.ord	ENSG00000100522.nuc.ord.treefile	36.0	0.5625
TarvD7	ENSG00000100523.nuc.ord	ENSG00000100523.nuc.ord.treefile	26.0	0.3939393939393939
TarvD7	ENSG00000100526.nuc.ord	ENSG00000100526.nuc.ord.treefile	24.0	0.375
TarvD7	ENSG00000100532.nuc.ord	ENSG00000100532.nuc.ord.treefile	30.0	0.4838709677419355
TarvD7	ENSG00000100554.nuc.ord	ENSG00000100554.nuc.ord.treefile	34.0	0.5666666666666667
TarvD7	ENSG00000100557.nuc.ord	ENSG00000100557.nuc.ord.treefile	22.0	0.4230769230769231
TarvD7	ENSG00000100558.nuc.ord	ENSG00000100558.nuc.ord.treefile	18.0	0.28125
TarvD7	ENSG00000100564.nuc.ord	ENSG00000100564.nuc.ord.treefile	36.0	0.6
TarvD7	ENSG00000100565.nuc.ord	ENSG00000100565.nuc.ord.treefile	32.0	0.5161290322580645
TarvD7	ENSG00000100567.nuc.ord	ENSG00000100567.nuc.ord.treefile	34.0	0.5862068965517241
TarvD7	ENSG00000100577.nuc.ord	ENSG00000100577.nuc.ord.treefile	22.0	0.39285714285714285
TarvD7	ENSG00000100578.nuc.ord	ENSG00000100578.nuc.ord.treefile	6.0	0.0967741935483871
TarvD7	ENSG00000100580.nuc.ord	ENSG00000100580.nuc.ord.treefile	36.0	0.5806451612903226
TarvD7	ENSG00000100591.nuc.ord	ENSG00000100591.nuc.ord.treefile	16.0	0.25806451612903225
TarvD7	ENSG00000100592.nuc.ord	ENSG00000100592.nuc.ord.treefile	10.0	0.16129032258064516
TarvD7	ENSG00000100593.nuc.ord	ENSG00000100593.nuc.ord.treefile	12.0	0.3
TarvD7	ENSG00000100596.nuc.ord	ENSG00000100596.nuc.ord.treefile	22.0	0.34375
TarvD7	ENSG00000100600.nuc.ord	ENSG00000100600.nuc.ord.treefile	22.0	0.3793103448275862
TarvD7	ENSG00000100601.nuc.ord	ENSG00000100601.nuc.ord.treefile	26.0	0.3939393939393939
TarvD7	ENSG00000100603.nuc.ord	ENSG00000100603.nuc.ord.treefile	12.0	0.35294117647058826
TarvD7	ENSG00000100612.nuc.ord	ENSG00000100612.nuc.ord.treefile	16.0	0.27586206896551724
TarvD7	ENSG00000100614.nuc.ord	ENSG00000100614.nuc.ord.treefile	26.0	0.4482758620689655
TarvD7	ENSG00000100625.nuc.ord	ENSG00000100625.nuc.ord.treefile	8.0	0.14285714285714285
TarvD7	ENSG00000100629.nuc.ord	ENSG00000100629.nuc.ord.treefile	8.0	0.17391304347826086
TarvD7	ENSG00000100632.nuc.ord	ENSG00000100632.nuc.ord.treefile	40.0	0.7407407407407407
TarvD7	ENSG00000100644.nuc.ord	ENSG00000100644.nuc.ord.treefile	10.0	0.15625
TarvD7	ENSG00000100647.nuc.ord	ENSG00000100647.nuc.ord.treefile	18.0	0.32142857142857145
TarvD7	ENSG00000100650.nuc.ord	ENSG00000100650.nuc.ord.treefile	32.0	0.5161290322580645
TarvD7	ENSG00000100652.nuc.ord	ENSG00000100652.nuc.ord.treefile	12.0	0.2
TarvD7	ENSG00000100678.nuc.ord	ENSG00000100678.nuc.ord.treefile	10.0	0.16666666666666666
TarvD7	ENSG00000100697.nuc.ord	ENSG00000100697.nuc.ord.treefile	24.0	0.375
TarvD7	ENSG00000100711.nuc.ord	ENSG00000100711.nuc.ord.treefile	30.0	0.5172413793103449
TarvD7	ENSG00000100714.nuc.ord	ENSG00000100714.nuc.ord.treefile	14.0	0.22580645161290322
TarvD7	ENSG00000100722.nuc.ord	ENSG00000100722.nuc.ord.treefile	18.0	0.2903225806451613
TarvD7	ENSG00000100731.nuc.ord	ENSG00000100731.nuc.ord.treefile	12.0	0.18181818181818182
TarvD7	ENSG00000100744.nuc.ord	ENSG00000100744.nuc.ord.treefile	30.0	0.5555555555555556
TarvD7	ENSG00000100749.nuc.ord	ENSG00000100749.nuc.ord.treefile	26.0	0.4482758620689655
TarvD7	ENSG00000100764.nuc.ord	ENSG00000100764.nuc.ord.treefile	32.0	0.5517241379310345
TarvD7	ENSG00000100784.nuc.ord	ENSG00000100784.nuc.ord.treefile	30.0	0.5
TarvD7	ENSG00000100796.nuc.ord	ENSG00000100796.nuc.ord.treefile	6.0	0.09375
TarvD7	ENSG00000100802.nuc.ord	ENSG00000100802.nuc.ord.treefile	14.0	0.25
TarvD7	ENSG00000100804.nuc.ord	ENSG00000100804.nuc.ord.treefile	20.0	0.35714285714285715
TarvD7	ENSG00000100813.nuc.ord	ENSG00000100813.nuc.ord.treefile	6.0	0.09090909090909091
TarvD7	ENSG00000100814.nuc.ord	ENSG00000100814.nuc.ord.treefile	26.0	0.40625
TarvD7	ENSG00000100815.nuc.ord	ENSG00000100815.nuc.ord.treefile	12.0	0.21428571428571427
TarvD7	ENSG00000100842.nuc.ord	ENSG00000100842.nuc.ord.treefile	10.0	0.17857142857142858
TarvD7	ENSG00000100852.nuc.ord	ENSG00000100852.nuc.ord.treefile	8.0	0.14814814814814814
TarvD7	ENSG00000100865.nuc.ord	ENSG00000100865.nuc.ord.treefile	32.0	0.5161290322580645
TarvD7	ENSG00000100884.nuc.ord	ENSG00000100884.nuc.ord.treefile	22.0	0.39285714285714285
TarvD7	ENSG00000100888.nuc.ord	ENSG00000100888.nuc.ord.treefile	12.0	0.21428571428571427
TarvD7	ENSG00000100889.nuc.ord	ENSG00000100889.nuc.ord.treefile	18.0	0.2903225806451613
TarvD7	ENSG00000100890.nuc.ord	ENSG00000100890.nuc.ord.treefile	12.0	0.20689655172413793
TarvD7	ENSG00000100897.nuc.ord	ENSG00000100897.nuc.ord.treefile	28.0	0.4375
TarvD7	ENSG00000100906.nuc.ord	ENSG00000100906.nuc.ord.treefile	26.0	0.41935483870967744
TarvD7	ENSG00000100916.nuc.ord	ENSG00000100916.nuc.ord.treefile	38.0	0.6129032258064516
TarvD7	ENSG00000100918.nuc.ord	ENSG00000100918.nuc.ord.treefile	8.0	0.15384615384615385
TarvD7	ENSG00000100926.nuc.ord	ENSG00000100926.nuc.ord.treefile	26.0	0.4482758620689655
TarvD7	ENSG00000100934.nuc.ord	ENSG00000100934.nuc.ord.treefile	20.0	0.30303030303030304
TarvD7	ENSG00000100938.nuc.ord	ENSG00000100938.nuc.ord.treefile	22.0	0.34375
TarvD7	ENSG00000100941.nuc.ord	ENSG00000100941.nuc.ord.treefile	14.0	0.25
TarvD7	ENSG00000100949.nuc.ord	ENSG00000100949.nuc.ord.treefile	14.0	0.25925925925925924
TarvD7	ENSG00000100968.nuc.ord	ENSG00000100968.nuc.ord.treefile	18.0	0.3103448275862069
TarvD7	ENSG00000100982.nuc.ord	ENSG00000100982.nuc.ord.treefile	24.0	0.4444444444444444
TarvD7	ENSG00000100983.nuc.ord	ENSG00000100983.nuc.ord.treefile	22.0	0.3333333333333333
TarvD7	ENSG00000100987.nuc.ord	ENSG00000100987.nuc.ord.treefile	20.0	0.4
TarvD7	ENSG00000100991.nuc.ord	ENSG00000100991.nuc.ord.treefile	18.0	0.2903225806451613
TarvD7	ENSG00000100997.nuc.ord	ENSG00000100997.nuc.ord.treefile	24.0	0.3870967741935484
TarvD7	ENSG00000101000.nuc.ord	ENSG00000101000.nuc.ord.treefile	20.0	0.35714285714285715
TarvD7	ENSG00000101003.nuc.ord	ENSG00000101003.nuc.ord.treefile	38.0	0.6333333333333333
TarvD7	ENSG00000101004.nuc.ord	ENSG00000101004.nuc.ord.treefile	10.0	0.18518518518518517
TarvD7	ENSG00000101019.nuc.ord	ENSG00000101019.nuc.ord.treefile	20.0	0.35714285714285715
TarvD7	ENSG00000101040.nuc.ord	ENSG00000101040.nuc.ord.treefile	18.0	0.28125
TarvD7	ENSG00000101049.nuc.ord	ENSG00000101049.nuc.ord.treefile	18.0	0.3103448275862069
TarvD7	ENSG00000101052.nuc.ord	ENSG00000101052.nuc.ord.treefile	24.0	0.36363636363636365
TarvD7	ENSG00000101057.nuc.ord	ENSG00000101057.nuc.ord.treefile	16.0	0.25806451612903225
TarvD7	ENSG00000101074.nuc.ord	ENSG00000101074.nuc.ord.treefile	26.0	0.52
TarvD7	ENSG00000101076.nuc.ord	ENSG00000101076.nuc.ord.treefile	28.0	0.5185185185185185
TarvD7	ENSG00000101079.nuc.ord	ENSG00000101079.nuc.ord.treefile	18.0	0.3
TarvD7	ENSG00000101082.nuc.ord	ENSG00000101082.nuc.ord.treefile	24.0	0.3870967741935484
TarvD7	ENSG00000101084.nuc.ord	ENSG00000101084.nuc.ord.treefile	44.0	0.8148148148148148
TarvD7	ENSG00000101096.nuc.ord	ENSG00000101096.nuc.ord.treefile	24.0	0.4
TarvD7	ENSG00000101098.nuc.ord	ENSG00000101098.nuc.ord.treefile	36.0	0.6
TarvD7	ENSG00000101104.nuc.ord	ENSG00000101104.nuc.ord.treefile	8.0	0.13793103448275862
TarvD7	ENSG00000101109.nuc.ord	ENSG00000101109.nuc.ord.treefile	26.0	0.41935483870967744
TarvD7	ENSG00000101126.nuc.ord	ENSG00000101126.nuc.ord.treefile	26.0	0.3939393939393939
TarvD7	ENSG00000101134.nuc.ord	ENSG00000101134.nuc.ord.treefile	26.0	0.43333333333333335
TarvD7	ENSG00000101144.nuc.ord	ENSG00000101144.nuc.ord.treefile	30.0	0.5
TarvD7	ENSG00000101146.nuc.ord	ENSG00000101146.nuc.ord.treefile	30.0	0.5
TarvD7	ENSG00000101158.nuc.ord	ENSG00000101158.nuc.ord.treefile	34.0	0.6071428571428571
TarvD7	ENSG00000101160.nuc.ord	ENSG00000101160.nuc.ord.treefile	24.0	0.4444444444444444
TarvD7	ENSG00000101161.nuc.ord	ENSG00000101161.nuc.ord.treefile	10.0	0.16666666666666666
TarvD7	ENSG00000101162.nuc.ord	ENSG00000101162.nuc.ord.treefile	30.0	0.6
TarvD7	ENSG00000101181.nuc.ord	ENSG00000101181.nuc.ord.treefile	18.0	0.3103448275862069
TarvD7	ENSG00000101182.nuc.ord	ENSG00000101182.nuc.ord.treefile	32.0	0.6153846153846154
TarvD7	ENSG00000101189.nuc.ord	ENSG00000101189.nuc.ord.treefile	26.0	0.5652173913043478
TarvD7	ENSG00000101190.nuc.ord	ENSG00000101190.nuc.ord.treefile	18.0	0.42857142857142855
TarvD7	ENSG00000101191.nuc.ord	ENSG00000101191.nuc.ord.treefile	12.0	0.2
TarvD7	ENSG00000101193.nuc.ord	ENSG00000101193.nuc.ord.treefile	28.0	0.5185185185185185
TarvD7	ENSG00000101194.nuc.ord	ENSG00000101194.nuc.ord.treefile	16.0	0.3333333333333333
TarvD7	ENSG00000101199.nuc.ord	ENSG00000101199.nuc.ord.treefile	20.0	0.38461538461538464
TarvD7	ENSG00000101210.nuc.ord	ENSG00000101210.nuc.ord.treefile	32.0	0.6153846153846154
TarvD7	ENSG00000101216.nuc.ord	ENSG00000101216.nuc.ord.treefile	14.0	0.2413793103448276
TarvD7	ENSG00000101222.nuc.ord	ENSG00000101222.nuc.ord.treefile	26.0	0.4642857142857143
TarvD7	ENSG00000101230.nuc.ord	ENSG00000101230.nuc.ord.treefile	26.0	0.3939393939393939
TarvD7	ENSG00000101236.nuc.ord	ENSG00000101236.nuc.ord.treefile	42.0	0.65625
TarvD7	ENSG00000101247.nuc.ord	ENSG00000101247.nuc.ord.treefile	20.0	0.3125
TarvD7	ENSG00000101251.nuc.ord	ENSG00000101251.nuc.ord.treefile	12.0	0.1935483870967742
TarvD7	ENSG00000101265.nuc.ord	ENSG00000101265.nuc.ord.treefile	38.0	0.6129032258064516
TarvD7	ENSG00000101266.nuc.ord	ENSG00000101266.nuc.ord.treefile	32.0	0.48484848484848486
TarvD7	ENSG00000101276.nuc.ord	ENSG00000101276.nuc.ord.treefile	18.0	0.34615384615384615
TarvD7	ENSG00000101280.nuc.ord	ENSG00000101280.nuc.ord.treefile	24.0	0.4444444444444444
TarvD7	ENSG00000101290.nuc.ord	ENSG00000101290.nuc.ord.treefile	28.0	0.4827586206896552
TarvD7	ENSG00000101294.nuc.ord	ENSG00000101294.nuc.ord.treefile	38.0	0.5757575757575758
TarvD7	ENSG00000101298.nuc.ord	ENSG00000101298.nuc.ord.treefile	18.0	0.375
TarvD7	ENSG00000101310.nuc.ord	ENSG00000101310.nuc.ord.treefile	26.0	0.41935483870967744
TarvD7	ENSG00000101311.nuc.ord	ENSG00000101311.nuc.ord.treefile	14.0	0.23333333333333334
TarvD7	ENSG00000101323.nuc.ord	ENSG00000101323.nuc.ord.treefile	18.0	0.28125
TarvD7	ENSG00000101327.nuc.ord	ENSG00000101327.nuc.ord.treefile	16.0	0.3333333333333333
TarvD7	ENSG00000101333.nuc.ord	ENSG00000101333.nuc.ord.treefile	16.0	0.24242424242424243
TarvD7	ENSG00000101336.nuc.ord	ENSG00000101336.nuc.ord.treefile	16.0	0.3333333333333333
TarvD7	ENSG00000101337.nuc.ord	ENSG00000101337.nuc.ord.treefile	20.0	0.3333333333333333
TarvD7	ENSG00000101342.nuc.ord	ENSG00000101342.nuc.ord.treefile	28.0	0.4666666666666667
TarvD7	ENSG00000101343.nuc.ord	ENSG00000101343.nuc.ord.treefile	18.0	0.3103448275862069
TarvD7	ENSG00000101346.nuc.ord	ENSG00000101346.nuc.ord.treefile	26.0	0.41935483870967744
TarvD7	ENSG00000101347.nuc.ord	ENSG00000101347.nuc.ord.treefile	16.0	0.25806451612903225
TarvD7	ENSG00000101349.nuc.ord	ENSG00000101349.nuc.ord.treefile	20.0	0.30303030303030304
TarvD7	ENSG00000101350.nuc.ord	ENSG00000101350.nuc.ord.treefile	20.0	0.3333333333333333
TarvD7	ENSG00000101384.nuc.ord	ENSG00000101384.nuc.ord.treefile	22.0	0.36666666666666664
TarvD7	ENSG00000101391.nuc.ord	ENSG00000101391.nuc.ord.treefile	14.0	0.21875
TarvD7	ENSG00000101400.nuc.ord	ENSG00000101400.nuc.ord.treefile	6.0	0.125
TarvD7	ENSG00000101407.nuc.ord	ENSG00000101407.nuc.ord.treefile	20.0	0.3125
TarvD7	ENSG00000101413.nuc.ord	ENSG00000101413.nuc.ord.treefile	24.0	0.375
TarvD7	ENSG00000101417.nuc.ord	ENSG00000101417.nuc.ord.treefile	28.0	0.4666666666666667
TarvD7	ENSG00000101421.nuc.ord	ENSG00000101421.nuc.ord.treefile	38.0	0.59375
TarvD7	ENSG00000101425.nuc.ord	ENSG00000101425.nuc.ord.treefile	18.0	0.3333333333333333
TarvD7	ENSG00000101440.nuc.ord	ENSG00000101440.nuc.ord.treefile	22.0	0.4074074074074074
TarvD7	ENSG00000101442.nuc.ord	ENSG00000101442.nuc.ord.treefile	20.0	0.3125
TarvD7	ENSG00000101445.nuc.ord	ENSG00000101445.nuc.ord.treefile	18.0	0.3333333333333333
TarvD7	ENSG00000101446.nuc.ord	ENSG00000101446.nuc.ord.treefile	18.0	0.6428571428571429
TarvD7	ENSG00000101447.nuc.ord	ENSG00000101447.nuc.ord.treefile	12.0	0.1935483870967742
TarvD7	ENSG00000101452.nuc.ord	ENSG00000101452.nuc.ord.treefile	16.0	0.24242424242424243
TarvD7	ENSG00000101457.nuc.ord	ENSG00000101457.nuc.ord.treefile	24.0	0.375
TarvD7	ENSG00000101460.nuc.ord	ENSG00000101460.nuc.ord.treefile	22.0	0.6470588235294118
TarvD7	ENSG00000101463.nuc.ord	ENSG00000101463.nuc.ord.treefile	24.0	0.3870967741935484
TarvD7	ENSG00000101464.nuc.ord	ENSG00000101464.nuc.ord.treefile	10.0	0.15151515151515152
TarvD7	ENSG00000101473.nuc.ord	ENSG00000101473.nuc.ord.treefile	20.0	0.3333333333333333
TarvD7	ENSG00000101474.nuc.ord	ENSG00000101474.nuc.ord.treefile	16.0	0.26666666666666666
TarvD7	ENSG00000101493.nuc.ord	ENSG00000101493.nuc.ord.treefile	8.0	0.14814814814814814
TarvD7	ENSG00000101542.nuc.ord	ENSG00000101542.nuc.ord.treefile	16.0	0.24242424242424243
TarvD7	ENSG00000101544.nuc.ord	ENSG00000101544.nuc.ord.treefile	14.0	0.25925925925925924
TarvD7	ENSG00000101557.nuc.ord	ENSG00000101557.nuc.ord.treefile	12.0	0.1935483870967742
TarvD7	ENSG00000101577.nuc.ord	ENSG00000101577.nuc.ord.treefile	24.0	0.36363636363636365
TarvD7	ENSG00000101596.nuc.ord	ENSG00000101596.nuc.ord.treefile	12.0	0.1935483870967742
TarvD7	ENSG00000101608.nuc.ord	ENSG00000101608.nuc.ord.treefile	28.0	0.6666666666666666
TarvD7	ENSG00000101624.nuc.ord	ENSG00000101624.nuc.ord.treefile	6.0	0.10714285714285714
TarvD7	ENSG00000101638.nuc.ord	ENSG00000101638.nuc.ord.treefile	20.0	0.35714285714285715
TarvD7	ENSG00000101639.nuc.ord	ENSG00000101639.nuc.ord.treefile	6.0	0.1
TarvD7	ENSG00000101654.nuc.ord	ENSG00000101654.nuc.ord.treefile	14.0	0.22580645161290322
TarvD7	ENSG00000101665.nuc.ord	ENSG00000101665.nuc.ord.treefile	36.0	0.6666666666666666
TarvD7	ENSG00000101670.nuc.ord	ENSG00000101670.nuc.ord.treefile	18.0	0.3103448275862069
TarvD7	ENSG00000101680.nuc.ord	ENSG00000101680.nuc.ord.treefile	8.0	0.13793103448275862
TarvD7	ENSG00000101695.nuc.ord	ENSG00000101695.nuc.ord.treefile	28.0	0.4827586206896552
TarvD7	ENSG00000101745.nuc.ord	ENSG00000101745.nuc.ord.treefile	10.0	0.16129032258064516
TarvD7	ENSG00000101746.nuc.ord	ENSG00000101746.nuc.ord.treefile	24.0	0.36363636363636365
TarvD7	ENSG00000101751.nuc.ord	ENSG00000101751.nuc.ord.treefile	20.0	0.30303030303030304
TarvD7	ENSG00000101752.nuc.ord	ENSG00000101752.nuc.ord.treefile	12.0	0.1935483870967742
TarvD7	ENSG00000101773.nuc.ord	ENSG00000101773.nuc.ord.treefile	12.0	0.2
TarvD7	ENSG00000101782.nuc.ord	ENSG00000101782.nuc.ord.treefile	24.0	0.3870967741935484
TarvD7	ENSG00000101811.nuc.ord	ENSG00000101811.nuc.ord.treefile	10.0	0.18518518518518517
TarvD7	ENSG00000101842.nuc.ord	ENSG00000101842.nuc.ord.treefile	26.0	0.4482758620689655
TarvD7	ENSG00000101843.nuc.ord	ENSG00000101843.nuc.ord.treefile	8.0	0.3333333333333333
TarvD7	ENSG00000101844.nuc.ord	ENSG00000101844.nuc.ord.treefile	14.0	0.22580645161290322
TarvD7	ENSG00000101850.nuc.ord	ENSG00000101850.nuc.ord.treefile	18.0	0.34615384615384615
TarvD7	ENSG00000101856.nuc.ord	ENSG00000101856.nuc.ord.treefile	28.0	0.6363636363636364
TarvD7	ENSG00000101868.nuc.ord	ENSG00000101868.nuc.ord.treefile	6.0	0.0967741935483871
TarvD7	ENSG00000101871.nuc.ord	ENSG00000101871.nuc.ord.treefile	10.0	0.16666666666666666
TarvD7	ENSG00000101888.nuc.ord	ENSG00000101888.nuc.ord.treefile	30.0	0.5769230769230769
TarvD7	ENSG00000101892.nuc.ord	ENSG00000101892.nuc.ord.treefile	24.0	0.3870967741935484
TarvD7	ENSG00000101901.nuc.ord	ENSG00000101901.nuc.ord.treefile	14.0	0.21875
TarvD7	ENSG00000101911.nuc.ord	ENSG00000101911.nuc.ord.treefile	24.0	0.4444444444444444
TarvD7	ENSG00000101916.nuc.ord	ENSG00000101916.nuc.ord.treefile	10.0	0.19230769230769232
TarvD7	ENSG00000101928.nuc.ord	ENSG00000101928.nuc.ord.treefile	36.0	0.6206896551724138
TarvD7	ENSG00000101935.nuc.ord	ENSG00000101935.nuc.ord.treefile	40.0	0.6451612903225806
TarvD7	ENSG00000101938.nuc.ord	ENSG00000101938.nuc.ord.treefile	22.0	0.36666666666666664
TarvD7	ENSG00000101940.nuc.ord	ENSG00000101940.nuc.ord.treefile	20.0	0.37037037037037035
TarvD7	ENSG00000101945.nuc.ord	ENSG00000101945.nuc.ord.treefile	24.0	0.5454545454545454
TarvD7	ENSG00000101958.nuc.ord	ENSG00000101958.nuc.ord.treefile	36.0	0.5806451612903226
TarvD7	ENSG00000101972.nuc.ord	ENSG00000101972.nuc.ord.treefile	10.0	0.18518518518518517
TarvD7	ENSG00000101974.nuc.ord	ENSG00000101974.nuc.ord.treefile	14.0	0.22580645161290322
TarvD7	ENSG00000101977.nuc.ord	ENSG00000101977.nuc.ord.treefile	10.0	0.16666666666666666
TarvD7	ENSG00000101981.nuc.ord	ENSG00000101981.nuc.ord.treefile	22.0	0.3548387096774194
TarvD7	ENSG00000102001.nuc.ord	ENSG00000102001.nuc.ord.treefile	6.0	0.10344827586206896
TarvD7	ENSG00000102010.nuc.ord	ENSG00000102010.nuc.ord.treefile	20.0	0.3225806451612903
TarvD7	ENSG00000102024.nuc.ord	ENSG00000102024.nuc.ord.treefile	32.0	0.48484848484848486
TarvD7	ENSG00000102032.nuc.ord	ENSG00000102032.nuc.ord.treefile	14.0	0.2916666666666667
TarvD7	ENSG00000102038.nuc.ord	ENSG00000102038.nuc.ord.treefile	12.0	0.2
TarvD7	ENSG00000102054.nuc.ord	ENSG00000102054.nuc.ord.treefile	28.0	0.45161290322580644
TarvD7	ENSG00000102057.nuc.ord	ENSG00000102057.nuc.ord.treefile	18.0	0.34615384615384615
TarvD7	ENSG00000102081.nuc.ord	ENSG00000102081.nuc.ord.treefile	32.0	0.5
TarvD7	ENSG00000102096.nuc.ord	ENSG00000102096.nuc.ord.treefile	20.0	0.35714285714285715
TarvD7	ENSG00000102098.nuc.ord	ENSG00000102098.nuc.ord.treefile	20.0	0.35714285714285715
TarvD7	ENSG00000102100.nuc.ord	ENSG00000102100.nuc.ord.treefile	18.0	0.32142857142857145
TarvD7	ENSG00000102103.nuc.ord	ENSG00000102103.nuc.ord.treefile	22.0	0.4583333333333333
TarvD7	ENSG00000102104.nuc.ord	ENSG00000102104.nuc.ord.treefile	14.0	0.25
TarvD7	ENSG00000102158.nuc.ord	ENSG00000102158.nuc.ord.treefile	12.0	0.25
TarvD7	ENSG00000102172.nuc.ord	ENSG00000102172.nuc.ord.treefile	34.0	0.6071428571428571
TarvD7	ENSG00000102174.nuc.ord	ENSG00000102174.nuc.ord.treefile	20.0	0.3125
TarvD7	ENSG00000102178.nuc.ord	ENSG00000102178.nuc.ord.treefile	12.0	0.3
TarvD7	ENSG00000102181.nuc.ord	ENSG00000102181.nuc.ord.treefile	32.0	0.5925925925925926
TarvD7	ENSG00000102189.nuc.ord	ENSG00000102189.nuc.ord.treefile	10.0	0.15625
TarvD7	ENSG00000102195.nuc.ord	ENSG00000102195.nuc.ord.treefile	18.0	0.42857142857142855
TarvD7	ENSG00000102218.nuc.ord	ENSG00000102218.nuc.ord.treefile	22.0	0.36666666666666664
TarvD7	ENSG00000102221.nuc.ord	ENSG00000102221.nuc.ord.treefile	10.0	0.16129032258064516
TarvD7	ENSG00000102225.nuc.ord	ENSG00000102225.nuc.ord.treefile	28.0	0.4375
TarvD7	ENSG00000102226.nuc.ord	ENSG00000102226.nuc.ord.treefile	10.0	0.1724137931034483
TarvD7	ENSG00000102230.nuc.ord	ENSG00000102230.nuc.ord.treefile	34.0	0.5483870967741935
TarvD7	ENSG00000102239.nuc.ord	ENSG00000102239.nuc.ord.treefile	18.0	0.3
TarvD7	ENSG00000102243.nuc.ord	ENSG00000102243.nuc.ord.treefile	16.0	0.26666666666666666
TarvD7	ENSG00000102245.nuc.ord	ENSG00000102245.nuc.ord.treefile	10.0	0.17857142857142858
TarvD7	ENSG00000102302.nuc.ord	ENSG00000102302.nuc.ord.treefile	10.0	0.16129032258064516
TarvD7	ENSG00000102312.nuc.ord	ENSG00000102312.nuc.ord.treefile	28.0	0.5
TarvD7	ENSG00000102317.nuc.ord	ENSG00000102317.nuc.ord.treefile	14.0	0.5
TarvD7	ENSG00000102359.nuc.ord	ENSG00000102359.nuc.ord.treefile	18.0	0.28125
TarvD7	ENSG00000102362.nuc.ord	ENSG00000102362.nuc.ord.treefile	18.0	0.28125
TarvD7	ENSG00000102383.nuc.ord	ENSG00000102383.nuc.ord.treefile	32.0	0.5161290322580645
TarvD7	ENSG00000102384.nuc.ord	ENSG00000102384.nuc.ord.treefile	10.0	0.15151515151515152
TarvD7	ENSG00000102385.nuc.ord	ENSG00000102385.nuc.ord.treefile	8.0	0.12121212121212122
TarvD7	ENSG00000102390.nuc.ord	ENSG00000102390.nuc.ord.treefile	30.0	0.5357142857142857
TarvD7	ENSG00000102393.nuc.ord	ENSG00000102393.nuc.ord.treefile	12.0	0.20689655172413793
TarvD7	ENSG00000102445.nuc.ord	ENSG00000102445.nuc.ord.treefile	28.0	0.4375
TarvD7	ENSG00000102452.nuc.ord	ENSG00000102452.nuc.ord.treefile	18.0	0.28125
TarvD7	ENSG00000102466.nuc.ord	ENSG00000102466.nuc.ord.treefile	36.0	0.5625
TarvD7	ENSG00000102468.nuc.ord	ENSG00000102468.nuc.ord.treefile	12.0	0.1875
TarvD7	ENSG00000102471.nuc.ord	ENSG00000102471.nuc.ord.treefile	36.0	0.5806451612903226
TarvD7	ENSG00000102524.nuc.ord	ENSG00000102524.nuc.ord.treefile	4.0	0.06896551724137931
TarvD7	ENSG00000102531.nuc.ord	ENSG00000102531.nuc.ord.treefile	16.0	0.25
TarvD7	ENSG00000102543.nuc.ord	ENSG00000102543.nuc.ord.treefile	18.0	0.2903225806451613
TarvD7	ENSG00000102547.nuc.ord	ENSG00000102547.nuc.ord.treefile	32.0	0.5161290322580645
TarvD7	ENSG00000102572.nuc.ord	ENSG00000102572.nuc.ord.treefile	32.0	0.5161290322580645
TarvD7	ENSG00000102575.nuc.ord	ENSG00000102575.nuc.ord.treefile	18.0	0.36
TarvD7	ENSG00000102580.nuc.ord	ENSG00000102580.nuc.ord.treefile	22.0	0.3548387096774194
TarvD7	ENSG00000102595.nuc.ord	ENSG00000102595.nuc.ord.treefile	8.0	0.125
TarvD7	ENSG00000102606.nuc.ord	ENSG00000102606.nuc.ord.treefile	14.0	0.2413793103448276
TarvD7	ENSG00000102678.nuc.ord	ENSG00000102678.nuc.ord.treefile	36.0	0.6206896551724138
TarvD7	ENSG00000102683.nuc.ord	ENSG00000102683.nuc.ord.treefile	22.0	0.34375
TarvD7	ENSG00000102699.nuc.ord	ENSG00000102699.nuc.ord.treefile	12.0	0.2727272727272727
TarvD7	ENSG00000102710.nuc.ord	ENSG00000102710.nuc.ord.treefile	10.0	0.15625
TarvD7	ENSG00000102738.nuc.ord	ENSG00000102738.nuc.ord.treefile	14.0	0.25925925925925924
TarvD7	ENSG00000102753.nuc.ord	ENSG00000102753.nuc.ord.treefile	12.0	0.2222222222222222
TarvD7	ENSG00000102755.nuc.ord	ENSG00000102755.nuc.ord.treefile	10.0	0.15151515151515152
TarvD7	ENSG00000102760.nuc.ord	ENSG00000102760.nuc.ord.treefile	34.0	0.6071428571428571
TarvD7	ENSG00000102780.nuc.ord	ENSG00000102780.nuc.ord.treefile	8.0	0.125
TarvD7	ENSG00000102802.nuc.ord	ENSG00000102802.nuc.ord.treefile	20.0	0.3333333333333333
TarvD7	ENSG00000102804.nuc.ord	ENSG00000102804.nuc.ord.treefile	12.0	0.23076923076923078
TarvD7	ENSG00000102805.nuc.ord	ENSG00000102805.nuc.ord.treefile	16.0	0.25
TarvD7	ENSG00000102870.nuc.ord	ENSG00000102870.nuc.ord.treefile	22.0	0.4230769230769231
TarvD7	ENSG00000102871.nuc.ord	ENSG00000102871.nuc.ord.treefile	20.0	0.4
TarvD7	ENSG00000102879.nuc.ord	ENSG00000102879.nuc.ord.treefile	32.0	0.5925925925925926
TarvD7	ENSG00000102882.nuc.ord	ENSG00000102882.nuc.ord.treefile	30.0	0.5555555555555556
TarvD7	ENSG00000102886.nuc.ord	ENSG00000102886.nuc.ord.treefile	16.0	0.3076923076923077
TarvD7	ENSG00000102890.nuc.ord	ENSG00000102890.nuc.ord.treefile	14.0	0.25
TarvD7	ENSG00000102893.nuc.ord	ENSG00000102893.nuc.ord.treefile	30.0	0.45454545454545453
TarvD7	ENSG00000102897.nuc.ord	ENSG00000102897.nuc.ord.treefile	42.0	0.75
TarvD7	ENSG00000102900.nuc.ord	ENSG00000102900.nuc.ord.treefile	24.0	0.375
TarvD7	ENSG00000102901.nuc.ord	ENSG00000102901.nuc.ord.treefile	24.0	0.375
TarvD7	ENSG00000102904.nuc.ord	ENSG00000102904.nuc.ord.treefile	10.0	0.15625
TarvD7	ENSG00000102908.nuc.ord	ENSG00000102908.nuc.ord.treefile	8.0	0.12121212121212122
TarvD7	ENSG00000102910.nuc.ord	ENSG00000102910.nuc.ord.treefile	26.0	0.40625
TarvD7	ENSG00000102934.nuc.ord	ENSG00000102934.nuc.ord.treefile	36.0	0.6
TarvD7	ENSG00000102935.nuc.ord	ENSG00000102935.nuc.ord.treefile	24.0	0.4444444444444444
TarvD7	ENSG00000102967.nuc.ord	ENSG00000102967.nuc.ord.treefile	12.0	0.1935483870967742
TarvD7	ENSG00000102970.nuc.ord	ENSG00000102970.nuc.ord.treefile	30.0	0.6521739130434783
TarvD7	ENSG00000102974.nuc.ord	ENSG00000102974.nuc.ord.treefile	16.0	0.25806451612903225
TarvD7	ENSG00000102977.nuc.ord	ENSG00000102977.nuc.ord.treefile	10.0	0.19230769230769232
TarvD7	ENSG00000102978.nuc.ord	ENSG00000102978.nuc.ord.treefile	34.0	0.5483870967741935
TarvD7	ENSG00000102981.nuc.ord	ENSG00000102981.nuc.ord.treefile	12.0	0.23076923076923078
TarvD7	ENSG00000102984.nuc.ord	ENSG00000102984.nuc.ord.treefile	16.0	0.25
TarvD7	ENSG00000103005.nuc.ord	ENSG00000103005.nuc.ord.treefile	20.0	0.3333333333333333
TarvD7	ENSG00000103021.nuc.ord	ENSG00000103021.nuc.ord.treefile	14.0	0.22580645161290322
TarvD7	ENSG00000103023.nuc.ord	ENSG00000103023.nuc.ord.treefile	12.0	0.1935483870967742
TarvD7	ENSG00000103034.nuc.ord	ENSG00000103034.nuc.ord.treefile	32.0	0.5714285714285714
TarvD7	ENSG00000103035.nuc.ord	ENSG00000103035.nuc.ord.treefile	22.0	0.4230769230769231
TarvD7	ENSG00000103037.nuc.ord	ENSG00000103037.nuc.ord.treefile	16.0	0.25806451612903225
TarvD7	ENSG00000103042.nuc.ord	ENSG00000103042.nuc.ord.treefile	16.0	0.25806451612903225
TarvD7	ENSG00000103043.nuc.ord	ENSG00000103043.nuc.ord.treefile	18.0	0.28125
TarvD7	ENSG00000103044.nuc.ord	ENSG00000103044.nuc.ord.treefile	26.0	0.40625
TarvD7	ENSG00000103051.nuc.ord	ENSG00000103051.nuc.ord.treefile	14.0	0.21875
TarvD7	ENSG00000103061.nuc.ord	ENSG00000103061.nuc.ord.treefile	14.0	0.23333333333333334
TarvD7	ENSG00000103064.nuc.ord	ENSG00000103064.nuc.ord.treefile	18.0	0.3333333333333333
TarvD7	ENSG00000103066.nuc.ord	ENSG00000103066.nuc.ord.treefile	30.0	0.4838709677419355
TarvD7	ENSG00000103067.nuc.ord	ENSG00000103067.nuc.ord.treefile	8.0	0.13793103448275862
TarvD7	ENSG00000103089.nuc.ord	ENSG00000103089.nuc.ord.treefile	22.0	0.3548387096774194
TarvD7	ENSG00000103091.nuc.ord	ENSG00000103091.nuc.ord.treefile	14.0	0.21212121212121213
TarvD7	ENSG00000103111.nuc.ord	ENSG00000103111.nuc.ord.treefile	16.0	0.3076923076923077
TarvD7	ENSG00000103126.nuc.ord	ENSG00000103126.nuc.ord.treefile	8.0	0.15384615384615385
TarvD7	ENSG00000103148.nuc.ord	ENSG00000103148.nuc.ord.treefile	8.0	0.21052631578947367
TarvD7	ENSG00000103150.nuc.ord	ENSG00000103150.nuc.ord.treefile	22.0	0.44
TarvD7	ENSG00000103152.nuc.ord	ENSG00000103152.nuc.ord.treefile	12.0	0.2727272727272727
TarvD7	ENSG00000103154.nuc.ord	ENSG00000103154.nuc.ord.treefile	20.0	0.4
TarvD7	ENSG00000103160.nuc.ord	ENSG00000103160.nuc.ord.treefile	30.0	0.5357142857142857
TarvD7	ENSG00000103168.nuc.ord	ENSG00000103168.nuc.ord.treefile	14.0	0.2916666666666667
TarvD7	ENSG00000103174.nuc.ord	ENSG00000103174.nuc.ord.treefile	12.0	0.21428571428571427
TarvD7	ENSG00000103175.nuc.ord	ENSG00000103175.nuc.ord.treefile	22.0	0.4782608695652174
TarvD7	ENSG00000103187.nuc.ord	ENSG00000103187.nuc.ord.treefile	40.0	0.7692307692307693
TarvD7	ENSG00000103194.nuc.ord	ENSG00000103194.nuc.ord.treefile	10.0	0.1724137931034483
TarvD7	ENSG00000103196.nuc.ord	ENSG00000103196.nuc.ord.treefile	22.0	0.4230769230769231
TarvD7	ENSG00000103222.nuc.ord	ENSG00000103222.nuc.ord.treefile	12.0	0.21428571428571427
TarvD7	ENSG00000103227.nuc.ord	ENSG00000103227.nuc.ord.treefile	24.0	0.46153846153846156
TarvD7	ENSG00000103245.nuc.ord	ENSG00000103245.nuc.ord.treefile	12.0	0.21428571428571427
TarvD7	ENSG00000103248.nuc.ord	ENSG00000103248.nuc.ord.treefile	34.0	0.5483870967741935
TarvD7	ENSG00000103249.nuc.ord	ENSG00000103249.nuc.ord.treefile	22.0	0.4074074074074074
TarvD7	ENSG00000103253.nuc.ord	ENSG00000103253.nuc.ord.treefile	30.0	0.7142857142857143
TarvD7	ENSG00000103266.nuc.ord	ENSG00000103266.nuc.ord.treefile	18.0	0.391304347826087
TarvD7	ENSG00000103269.nuc.ord	ENSG00000103269.nuc.ord.treefile	24.0	0.5217391304347826
TarvD7	ENSG00000103310.nuc.ord	ENSG00000103310.nuc.ord.treefile	10.0	0.16666666666666666
TarvD7	ENSG00000103313.nuc.ord	ENSG00000103313.nuc.ord.treefile	10.0	0.16129032258064516
TarvD7	ENSG00000103316.nuc.ord	ENSG00000103316.nuc.ord.treefile	28.0	0.4375
TarvD7	ENSG00000103319.nuc.ord	ENSG00000103319.nuc.ord.treefile	16.0	0.24242424242424243
TarvD7	ENSG00000103342.nuc.ord	ENSG00000103342.nuc.ord.treefile	30.0	0.5172413793103449
TarvD7	ENSG00000103351.nuc.ord	ENSG00000103351.nuc.ord.treefile	28.0	0.45161290322580644
TarvD7	ENSG00000103355.nuc.ord	ENSG00000103355.nuc.ord.treefile	10.0	0.29411764705882354
TarvD7	ENSG00000103356.nuc.ord	ENSG00000103356.nuc.ord.treefile	20.0	0.3448275862068966
TarvD7	ENSG00000103365.nuc.ord	ENSG00000103365.nuc.ord.treefile	16.0	0.25806451612903225
TarvD7	ENSG00000103375.nuc.ord	ENSG00000103375.nuc.ord.treefile	18.0	0.34615384615384615
TarvD7	ENSG00000103381.nuc.ord	ENSG00000103381.nuc.ord.treefile	36.0	0.6206896551724138
TarvD7	ENSG00000103415.nuc.ord	ENSG00000103415.nuc.ord.treefile	26.0	0.4482758620689655
TarvD7	ENSG00000103423.nuc.ord	ENSG00000103423.nuc.ord.treefile	16.0	0.26666666666666666
TarvD7	ENSG00000103429.nuc.ord	ENSG00000103429.nuc.ord.treefile	18.0	0.3
TarvD7	ENSG00000103449.nuc.ord	ENSG00000103449.nuc.ord.treefile	10.0	0.15625
TarvD7	ENSG00000103460.nuc.ord	ENSG00000103460.nuc.ord.treefile	30.0	0.45454545454545453
TarvD7	ENSG00000103479.nuc.ord	ENSG00000103479.nuc.ord.treefile	14.0	0.2413793103448276
TarvD7	ENSG00000103489.nuc.ord	ENSG00000103489.nuc.ord.treefile	14.0	0.21875
TarvD7	ENSG00000103494.nuc.ord	ENSG00000103494.nuc.ord.treefile	12.0	0.18181818181818182
TarvD7	ENSG00000103495.nuc.ord	ENSG00000103495.nuc.ord.treefile	16.0	0.5714285714285714
TarvD7	ENSG00000103496.nuc.ord	ENSG00000103496.nuc.ord.treefile	24.0	0.375
TarvD7	ENSG00000103502.nuc.ord	ENSG00000103502.nuc.ord.treefile	32.0	0.5925925925925926
TarvD7	ENSG00000103507.nuc.ord	ENSG00000103507.nuc.ord.treefile	14.0	0.23333333333333334
TarvD7	ENSG00000103510.nuc.ord	ENSG00000103510.nuc.ord.treefile	34.0	0.6071428571428571
TarvD7	ENSG00000103522.nuc.ord	ENSG00000103522.nuc.ord.treefile	12.0	0.24
TarvD7	ENSG00000103528.nuc.ord	ENSG00000103528.nuc.ord.treefile	26.0	0.43333333333333335
TarvD7	ENSG00000103534.nuc.ord	ENSG00000103534.nuc.ord.treefile	20.0	0.3125
TarvD7	ENSG00000103540.nuc.ord	ENSG00000103540.nuc.ord.treefile	12.0	0.1935483870967742
TarvD7	ENSG00000103544.nuc.ord	ENSG00000103544.nuc.ord.treefile	28.0	0.45161290322580644
TarvD7	ENSG00000103546.nuc.ord	ENSG00000103546.nuc.ord.treefile	4.0	0.07142857142857142
TarvD7	ENSG00000103549.nuc.ord	ENSG00000103549.nuc.ord.treefile	28.0	0.45161290322580644
TarvD7	ENSG00000103550.nuc.ord	ENSG00000103550.nuc.ord.treefile	16.0	0.36363636363636365
TarvD7	ENSG00000103569.nuc.ord	ENSG00000103569.nuc.ord.treefile	26.0	0.3939393939393939
TarvD7	ENSG00000103599.nuc.ord	ENSG00000103599.nuc.ord.treefile	12.0	0.18181818181818182
TarvD7	ENSG00000103642.nuc.ord	ENSG00000103642.nuc.ord.treefile	24.0	0.4
TarvD7	ENSG00000103647.nuc.ord	ENSG00000103647.nuc.ord.treefile	20.0	0.3448275862068966
TarvD7	ENSG00000103653.nuc.ord	ENSG00000103653.nuc.ord.treefile	28.0	0.5384615384615384
TarvD7	ENSG00000103657.nuc.ord	ENSG00000103657.nuc.ord.treefile	14.0	0.25925925925925924
TarvD7	ENSG00000103671.nuc.ord	ENSG00000103671.nuc.ord.treefile	8.0	0.125
TarvD7	ENSG00000103707.nuc.ord	ENSG00000103707.nuc.ord.treefile	32.0	0.5
TarvD7	ENSG00000103723.nuc.ord	ENSG00000103723.nuc.ord.treefile	16.0	0.27586206896551724
TarvD7	ENSG00000103740.nuc.ord	ENSG00000103740.nuc.ord.treefile	8.0	0.13793103448275862
TarvD7	ENSG00000103742.nuc.ord	ENSG00000103742.nuc.ord.treefile	8.0	0.15384615384615385
TarvD7	ENSG00000103769.nuc.ord	ENSG00000103769.nuc.ord.treefile	28.0	0.56
TarvD7	ENSG00000103811.nuc.ord	ENSG00000103811.nuc.ord.treefile	20.0	0.3448275862068966
TarvD7	ENSG00000103852.nuc.ord	ENSG00000103852.nuc.ord.treefile	20.0	0.3333333333333333
TarvD7	ENSG00000103855.nuc.ord	ENSG00000103855.nuc.ord.treefile	16.0	0.4
TarvD7	ENSG00000103888.nuc.ord	ENSG00000103888.nuc.ord.treefile	30.0	0.5357142857142857
TarvD7	ENSG00000103932.nuc.ord	ENSG00000103932.nuc.ord.treefile	12.0	0.20689655172413793
TarvD7	ENSG00000103966.nuc.ord	ENSG00000103966.nuc.ord.treefile	28.0	0.4375
TarvD7	ENSG00000103978.nuc.ord	ENSG00000103978.nuc.ord.treefile	16.0	0.25806451612903225
TarvD7	ENSG00000103994.nuc.ord	ENSG00000103994.nuc.ord.treefile	10.0	0.1724137931034483
TarvD7	ENSG00000103995.nuc.ord	ENSG00000103995.nuc.ord.treefile	10.0	0.15625
TarvD7	ENSG00000104043.nuc.ord	ENSG00000104043.nuc.ord.treefile	14.0	0.22580645161290322
TarvD7	ENSG00000104044.nuc.ord	ENSG00000104044.nuc.ord.treefile	18.0	0.3
TarvD7	ENSG00000104055.nuc.ord	ENSG00000104055.nuc.ord.treefile	18.0	0.2903225806451613
TarvD7	ENSG00000104059.nuc.ord	ENSG00000104059.nuc.ord.treefile	12.0	0.2222222222222222
TarvD7	ENSG00000104064.nuc.ord	ENSG00000104064.nuc.ord.treefile	32.0	0.5161290322580645
TarvD7	ENSG00000104067.nuc.ord	ENSG00000104067.nuc.ord.treefile	20.0	0.3333333333333333
TarvD7	ENSG00000104081.nuc.ord	ENSG00000104081.nuc.ord.treefile	28.0	0.5
TarvD7	ENSG00000104093.nuc.ord	ENSG00000104093.nuc.ord.treefile	10.0	0.16666666666666666
TarvD7	ENSG00000104112.nuc.ord	ENSG00000104112.nuc.ord.treefile	20.0	0.3333333333333333
TarvD7	ENSG00000104133.nuc.ord	ENSG00000104133.nuc.ord.treefile	8.0	0.125
TarvD7	ENSG00000104142.nuc.ord	ENSG00000104142.nuc.ord.treefile	22.0	0.36666666666666664
TarvD7	ENSG00000104147.nuc.ord	ENSG00000104147.nuc.ord.treefile	18.0	0.3103448275862069
TarvD7	ENSG00000104154.nuc.ord	ENSG00000104154.nuc.ord.treefile	20.0	0.3125
TarvD7	ENSG00000104164.nuc.ord	ENSG00000104164.nuc.ord.treefile	34.0	0.5862068965517241
TarvD7	ENSG00000104218.nuc.ord	ENSG00000104218.nuc.ord.treefile	10.0	0.16129032258064516
TarvD7	ENSG00000104219.nuc.ord	ENSG00000104219.nuc.ord.treefile	34.0	0.5151515151515151
TarvD7	ENSG00000104221.nuc.ord	ENSG00000104221.nuc.ord.treefile	14.0	0.25
TarvD7	ENSG00000104231.nuc.ord	ENSG00000104231.nuc.ord.treefile	24.0	0.41379310344827586
TarvD7	ENSG00000104237.nuc.ord	ENSG00000104237.nuc.ord.treefile	10.0	0.1724137931034483
TarvD7	ENSG00000104267.nuc.ord	ENSG00000104267.nuc.ord.treefile	18.0	0.34615384615384615
TarvD7	ENSG00000104290.nuc.ord	ENSG00000104290.nuc.ord.treefile	16.0	0.3333333333333333
TarvD7	ENSG00000104299.nuc.ord	ENSG00000104299.nuc.ord.treefile	28.0	0.42424242424242425
TarvD7	ENSG00000104312.nuc.ord	ENSG00000104312.nuc.ord.treefile	18.0	0.28125
TarvD7	ENSG00000104313.nuc.ord	ENSG00000104313.nuc.ord.treefile	22.0	0.34375
TarvD7	ENSG00000104320.nuc.ord	ENSG00000104320.nuc.ord.treefile	8.0	0.13793103448275862
TarvD7	ENSG00000104321.nuc.ord	ENSG00000104321.nuc.ord.treefile	10.0	0.16129032258064516
TarvD7	ENSG00000104324.nuc.ord	ENSG00000104324.nuc.ord.treefile	24.0	0.36363636363636365
TarvD7	ENSG00000104325.nuc.ord	ENSG00000104325.nuc.ord.treefile	18.0	0.28125
TarvD7	ENSG00000104327.nuc.ord	ENSG00000104327.nuc.ord.treefile	26.0	0.40625
TarvD7	ENSG00000104331.nuc.ord	ENSG00000104331.nuc.ord.treefile	28.0	0.5185185185185185
TarvD7	ENSG00000104332.nuc.ord	ENSG00000104332.nuc.ord.treefile	26.0	0.5652173913043478
TarvD7	ENSG00000104343.nuc.ord	ENSG00000104343.nuc.ord.treefile	42.0	0.8076923076923077
TarvD7	ENSG00000104356.nuc.ord	ENSG00000104356.nuc.ord.treefile	20.0	0.3225806451612903
TarvD7	ENSG00000104361.nuc.ord	ENSG00000104361.nuc.ord.treefile	26.0	0.4482758620689655
TarvD7	ENSG00000104365.nuc.ord	ENSG00000104365.nuc.ord.treefile	24.0	0.3870967741935484
TarvD7	ENSG00000104368.nuc.ord	ENSG00000104368.nuc.ord.treefile	20.0	0.3125
TarvD7	ENSG00000104369.nuc.ord	ENSG00000104369.nuc.ord.treefile	22.0	0.3548387096774194
TarvD7	ENSG00000104371.nuc.ord	ENSG00000104371.nuc.ord.treefile	30.0	0.4838709677419355
TarvD7	ENSG00000104375.nuc.ord	ENSG00000104375.nuc.ord.treefile	36.0	0.5625
TarvD7	ENSG00000104381.nuc.ord	ENSG00000104381.nuc.ord.treefile	30.0	0.5172413793103449
TarvD7	ENSG00000104388.nuc.ord	ENSG00000104388.nuc.ord.treefile	42.0	0.65625
TarvD7	ENSG00000104408.nuc.ord	ENSG00000104408.nuc.ord.treefile	20.0	0.3333333333333333
TarvD7	ENSG00000104412.nuc.ord	ENSG00000104412.nuc.ord.treefile	32.0	0.5714285714285714
TarvD7	ENSG00000104413.nuc.ord	ENSG00000104413.nuc.ord.treefile	30.0	0.46875
TarvD7	ENSG00000104415.nuc.ord	ENSG00000104415.nuc.ord.treefile	24.0	0.41379310344827586
TarvD7	ENSG00000104419.nuc.ord	ENSG00000104419.nuc.ord.treefile	26.0	0.41935483870967744
TarvD7	ENSG00000104427.nuc.ord	ENSG00000104427.nuc.ord.treefile	24.0	0.3870967741935484
TarvD7	ENSG00000104435.nuc.ord	ENSG00000104435.nuc.ord.treefile	36.0	0.782608695652174
TarvD7	ENSG00000104442.nuc.ord	ENSG00000104442.nuc.ord.treefile	28.0	0.4827586206896552
TarvD7	ENSG00000104447.nuc.ord	ENSG00000104447.nuc.ord.treefile	20.0	0.3225806451612903
TarvD7	ENSG00000104450.nuc.ord	ENSG00000104450.nuc.ord.treefile	4.0	0.06451612903225806
TarvD7	ENSG00000104472.nuc.ord	ENSG00000104472.nuc.ord.treefile	28.0	0.5185185185185185
TarvD7	ENSG00000104497.nuc.ord	ENSG00000104497.nuc.ord.treefile	16.0	0.25
TarvD7	ENSG00000104517.nuc.ord	ENSG00000104517.nuc.ord.treefile	10.0	0.16129032258064516
TarvD7	ENSG00000104518.nuc.ord	ENSG00000104518.nuc.ord.treefile	20.0	0.37037037037037035
TarvD7	ENSG00000104524.nuc.ord	ENSG00000104524.nuc.ord.treefile	22.0	0.4074074074074074
TarvD7	ENSG00000104537.nuc.ord	ENSG00000104537.nuc.ord.treefile	24.0	0.36363636363636365
TarvD7	ENSG00000104549.nuc.ord	ENSG00000104549.nuc.ord.treefile	14.0	0.21875
TarvD7	ENSG00000104611.nuc.ord	ENSG00000104611.nuc.ord.treefile	12.0	0.1875
TarvD7	ENSG00000104613.nuc.ord	ENSG00000104613.nuc.ord.treefile	26.0	0.41935483870967744
TarvD7	ENSG00000104626.nuc.ord	ENSG00000104626.nuc.ord.treefile	24.0	0.3870967741935484
TarvD7	ENSG00000104635.nuc.ord	ENSG00000104635.nuc.ord.treefile	34.0	0.5483870967741935
TarvD7	ENSG00000104643.nuc.ord	ENSG00000104643.nuc.ord.treefile	32.0	0.5333333333333333
TarvD7	ENSG00000104660.nuc.ord	ENSG00000104660.nuc.ord.treefile	44.0	0.7857142857142857
TarvD7	ENSG00000104671.nuc.ord	ENSG00000104671.nuc.ord.treefile	34.0	0.6071428571428571
TarvD7	ENSG00000104679.nuc.ord	ENSG00000104679.nuc.ord.treefile	16.0	0.27586206896551724
TarvD7	ENSG00000104687.nuc.ord	ENSG00000104687.nuc.ord.treefile	20.0	0.3448275862068966
TarvD7	ENSG00000104691.nuc.ord	ENSG00000104691.nuc.ord.treefile	18.0	0.32142857142857145
TarvD7	ENSG00000104695.nuc.ord	ENSG00000104695.nuc.ord.treefile	26.0	0.48148148148148145
TarvD7	ENSG00000104714.nuc.ord	ENSG00000104714.nuc.ord.treefile	16.0	0.26666666666666666
TarvD7	ENSG00000104722.nuc.ord	ENSG00000104722.nuc.ord.treefile	14.0	0.30434782608695654
TarvD7	ENSG00000104723.nuc.ord	ENSG00000104723.nuc.ord.treefile	42.0	0.65625
TarvD7	ENSG00000104725.nuc.ord	ENSG00000104725.nuc.ord.treefile	24.0	0.4444444444444444
TarvD7	ENSG00000104728.nuc.ord	ENSG00000104728.nuc.ord.treefile	16.0	0.2857142857142857
TarvD7	ENSG00000104731.nuc.ord	ENSG00000104731.nuc.ord.treefile	6.0	0.12
TarvD7	ENSG00000104738.nuc.ord	ENSG00000104738.nuc.ord.treefile	12.0	0.18181818181818182
TarvD7	ENSG00000104755.nuc.ord	ENSG00000104755.nuc.ord.treefile	8.0	0.14285714285714285
TarvD7	ENSG00000104760.nuc.ord	ENSG00000104760.nuc.ord.treefile	28.0	0.4666666666666667
TarvD7	ENSG00000104763.nuc.ord	ENSG00000104763.nuc.ord.treefile	14.0	0.23333333333333334
TarvD7	ENSG00000104774.nuc.ord	ENSG00000104774.nuc.ord.treefile	10.0	0.2
TarvD7	ENSG00000104783.nuc.ord	ENSG00000104783.nuc.ord.treefile	12.0	0.2608695652173913
TarvD7	ENSG00000104804.nuc.ord	ENSG00000104804.nuc.ord.treefile	36.0	0.6206896551724138
TarvD7	ENSG00000104808.nuc.ord	ENSG00000104808.nuc.ord.treefile	20.0	0.3333333333333333
TarvD7	ENSG00000104812.nuc.ord	ENSG00000104812.nuc.ord.treefile	26.0	0.43333333333333335
TarvD7	ENSG00000104823.nuc.ord	ENSG00000104823.nuc.ord.treefile	22.0	0.4074074074074074
TarvD7	ENSG00000104825.nuc.ord	ENSG00000104825.nuc.ord.treefile	18.0	0.32142857142857145
TarvD7	ENSG00000104835.nuc.ord	ENSG00000104835.nuc.ord.treefile	20.0	0.38461538461538464
TarvD7	ENSG00000104853.nuc.ord	ENSG00000104853.nuc.ord.treefile	26.0	0.41935483870967744
TarvD7	ENSG00000104856.nuc.ord	ENSG00000104856.nuc.ord.treefile	28.0	0.4666666666666667
TarvD7	ENSG00000104879.nuc.ord	ENSG00000104879.nuc.ord.treefile	24.0	0.4444444444444444
TarvD7	ENSG00000104880.nuc.ord	ENSG00000104880.nuc.ord.treefile	10.0	0.17857142857142858
TarvD7	ENSG00000104881.nuc.ord	ENSG00000104881.nuc.ord.treefile	28.0	0.56
TarvD7	ENSG00000104883.nuc.ord	ENSG00000104883.nuc.ord.treefile	22.0	0.3793103448275862
TarvD7	ENSG00000104884.nuc.ord	ENSG00000104884.nuc.ord.treefile	26.0	0.48148148148148145
TarvD7	ENSG00000104885.nuc.ord	ENSG00000104885.nuc.ord.treefile	8.0	0.15384615384615385
TarvD7	ENSG00000104886.nuc.ord	ENSG00000104886.nuc.ord.treefile	16.0	0.42105263157894735
TarvD7	ENSG00000104888.nuc.ord	ENSG00000104888.nuc.ord.treefile	22.0	0.4074074074074074
TarvD7	ENSG00000104904.nuc.ord	ENSG00000104904.nuc.ord.treefile	20.0	0.5
TarvD7	ENSG00000104936.nuc.ord	ENSG00000104936.nuc.ord.treefile	30.0	0.625
TarvD7	ENSG00000104941.nuc.ord	ENSG00000104941.nuc.ord.treefile	20.0	0.3448275862068966
TarvD7	ENSG00000104946.nuc.ord	ENSG00000104946.nuc.ord.treefile	22.0	0.4074074074074074
TarvD7	ENSG00000104973.nuc.ord	ENSG00000104973.nuc.ord.treefile	20.0	0.3333333333333333
TarvD7	ENSG00000104979.nuc.ord	ENSG00000104979.nuc.ord.treefile	26.0	0.65
TarvD7	ENSG00000104983.nuc.ord	ENSG00000104983.nuc.ord.treefile	24.0	0.48
TarvD7	ENSG00000105053.nuc.ord	ENSG00000105053.nuc.ord.treefile	10.0	0.17857142857142858
TarvD7	ENSG00000105063.nuc.ord	ENSG00000105063.nuc.ord.treefile	26.0	0.4482758620689655
TarvD7	ENSG00000105088.nuc.ord	ENSG00000105088.nuc.ord.treefile	34.0	0.6296296296296297
TarvD7	ENSG00000105127.nuc.ord	ENSG00000105127.nuc.ord.treefile	14.0	0.2692307692307692
TarvD7	ENSG00000105141.nuc.ord	ENSG00000105141.nuc.ord.treefile	20.0	0.45454545454545453
TarvD7	ENSG00000105143.nuc.ord	ENSG00000105143.nuc.ord.treefile	20.0	0.38461538461538464
TarvD7	ENSG00000105171.nuc.ord	ENSG00000105171.nuc.ord.treefile	22.0	0.3793103448275862
TarvD7	ENSG00000105173.nuc.ord	ENSG00000105173.nuc.ord.treefile	38.0	0.5757575757575758
TarvD7	ENSG00000105176.nuc.ord	ENSG00000105176.nuc.ord.treefile	28.0	0.4827586206896552
TarvD7	ENSG00000105186.nuc.ord	ENSG00000105186.nuc.ord.treefile	20.0	0.3125
TarvD7	ENSG00000105197.nuc.ord	ENSG00000105197.nuc.ord.treefile	22.0	0.39285714285714285
TarvD7	ENSG00000105204.nuc.ord	ENSG00000105204.nuc.ord.treefile	12.0	0.2608695652173913
TarvD7	ENSG00000105220.nuc.ord	ENSG00000105220.nuc.ord.treefile	18.0	0.36
TarvD7	ENSG00000105223.nuc.ord	ENSG00000105223.nuc.ord.treefile	28.0	0.4666666666666667
TarvD7	ENSG00000105229.nuc.ord	ENSG00000105229.nuc.ord.treefile	20.0	0.4
TarvD7	ENSG00000105245.nuc.ord	ENSG00000105245.nuc.ord.treefile	24.0	0.48
TarvD7	ENSG00000105246.nuc.ord	ENSG00000105246.nuc.ord.treefile	18.0	0.4090909090909091
TarvD7	ENSG00000105248.nuc.ord	ENSG00000105248.nuc.ord.treefile	14.0	0.30434782608695654
TarvD7	ENSG00000105251.nuc.ord	ENSG00000105251.nuc.ord.treefile	12.0	0.23076923076923078
TarvD7	ENSG00000105254.nuc.ord	ENSG00000105254.nuc.ord.treefile	20.0	0.4166666666666667
TarvD7	ENSG00000105255.nuc.ord	ENSG00000105255.nuc.ord.treefile	28.0	0.5185185185185185
TarvD7	ENSG00000105261.nuc.ord	ENSG00000105261.nuc.ord.treefile	26.0	0.52
TarvD7	ENSG00000105281.nuc.ord	ENSG00000105281.nuc.ord.treefile	22.0	0.39285714285714285
TarvD7	ENSG00000105287.nuc.ord	ENSG00000105287.nuc.ord.treefile	20.0	0.38461538461538464
TarvD7	ENSG00000105289.nuc.ord	ENSG00000105289.nuc.ord.treefile	18.0	0.34615384615384615
TarvD7	ENSG00000105321.nuc.ord	ENSG00000105321.nuc.ord.treefile	16.0	0.3333333333333333
TarvD7	ENSG00000105323.nuc.ord	ENSG00000105323.nuc.ord.treefile	12.0	0.1935483870967742
TarvD7	ENSG00000105325.nuc.ord	ENSG00000105325.nuc.ord.treefile	20.0	0.4166666666666667
TarvD7	ENSG00000105329.nuc.ord	ENSG00000105329.nuc.ord.treefile	24.0	0.46153846153846156
TarvD7	ENSG00000105339.nuc.ord	ENSG00000105339.nuc.ord.treefile	12.0	0.2222222222222222
TarvD7	ENSG00000105357.nuc.ord	ENSG00000105357.nuc.ord.treefile	20.0	0.38461538461538464
TarvD7	ENSG00000105370.nuc.ord	ENSG00000105370.nuc.ord.treefile	26.0	0.5
TarvD7	ENSG00000105373.nuc.ord	ENSG00000105373.nuc.ord.treefile	18.0	0.391304347826087
TarvD7	ENSG00000105374.nuc.ord	ENSG00000105374.nuc.ord.treefile	24.0	0.5
TarvD7	ENSG00000105397.nuc.ord	ENSG00000105397.nuc.ord.treefile	14.0	0.25
TarvD7	ENSG00000105402.nuc.ord	ENSG00000105402.nuc.ord.treefile	32.0	0.5925925925925926
TarvD7	ENSG00000105438.nuc.ord	ENSG00000105438.nuc.ord.treefile	32.0	0.64
TarvD7	ENSG00000105443.nuc.ord	ENSG00000105443.nuc.ord.treefile	26.0	0.5
TarvD7	ENSG00000105467.nuc.ord	ENSG00000105467.nuc.ord.treefile	22.0	0.4074074074074074
TarvD7	ENSG00000105486.nuc.ord	ENSG00000105486.nuc.ord.treefile	18.0	0.3333333333333333
TarvD7	ENSG00000105507.nuc.ord	ENSG00000105507.nuc.ord.treefile	26.0	0.5909090909090909
TarvD7	ENSG00000105516.nuc.ord	ENSG00000105516.nuc.ord.treefile	14.0	0.3888888888888889
TarvD7	ENSG00000105518.nuc.ord	ENSG00000105518.nuc.ord.treefile	18.0	0.5
TarvD7	ENSG00000105520.nuc.ord	ENSG00000105520.nuc.ord.treefile	26.0	0.52
TarvD7	ENSG00000105559.nuc.ord	ENSG00000105559.nuc.ord.treefile	14.0	0.2413793103448276
TarvD7	ENSG00000105568.nuc.ord	ENSG00000105568.nuc.ord.treefile	38.0	0.6785714285714286
TarvD7	ENSG00000105583.nuc.ord	ENSG00000105583.nuc.ord.treefile	30.0	0.6
TarvD7	ENSG00000105617.nuc.ord	ENSG00000105617.nuc.ord.treefile	30.0	0.5172413793103449
TarvD7	ENSG00000105618.nuc.ord	ENSG00000105618.nuc.ord.treefile	30.0	0.4838709677419355
TarvD7	ENSG00000105619.nuc.ord	ENSG00000105619.nuc.ord.treefile	28.0	0.5384615384615384
TarvD7	ENSG00000105650.nuc.ord	ENSG00000105650.nuc.ord.treefile	14.0	0.3181818181818182
TarvD7	ENSG00000105663.nuc.ord	ENSG00000105663.nuc.ord.treefile	22.0	0.3548387096774194
TarvD7	ENSG00000105668.nuc.ord	ENSG00000105668.nuc.ord.treefile	26.0	0.48148148148148145
TarvD7	ENSG00000105672.nuc.ord	ENSG00000105672.nuc.ord.treefile	16.0	0.47058823529411764
TarvD7	ENSG00000105675.nuc.ord	ENSG00000105675.nuc.ord.treefile	24.0	0.46153846153846156
TarvD7	ENSG00000105677.nuc.ord	ENSG00000105677.nuc.ord.treefile	30.0	0.5555555555555556
TarvD7	ENSG00000105695.nuc.ord	ENSG00000105695.nuc.ord.treefile	14.0	0.28
TarvD7	ENSG00000105698.nuc.ord	ENSG00000105698.nuc.ord.treefile	14.0	0.4117647058823529
TarvD7	ENSG00000105722.nuc.ord	ENSG00000105722.nuc.ord.treefile	26.0	0.52
TarvD7	ENSG00000105723.nuc.ord	ENSG00000105723.nuc.ord.treefile	20.0	0.37037037037037035
TarvD7	ENSG00000105738.nuc.ord	ENSG00000105738.nuc.ord.treefile	14.0	0.21212121212121213
TarvD7	ENSG00000105755.nuc.ord	ENSG00000105755.nuc.ord.treefile	24.0	0.48
TarvD7	ENSG00000105771.nuc.ord	ENSG00000105771.nuc.ord.treefile	40.0	0.7142857142857143
TarvD7	ENSG00000105778.nuc.ord	ENSG00000105778.nuc.ord.treefile	20.0	0.3225806451612903
TarvD7	ENSG00000105784.nuc.ord	ENSG00000105784.nuc.ord.treefile	18.0	0.2903225806451613
TarvD7	ENSG00000105792.nuc.ord	ENSG00000105792.nuc.ord.treefile	18.0	0.2727272727272727
TarvD7	ENSG00000105793.nuc.ord	ENSG00000105793.nuc.ord.treefile	12.0	0.1935483870967742
TarvD7	ENSG00000105810.nuc.ord	ENSG00000105810.nuc.ord.treefile	14.0	0.21875
TarvD7	ENSG00000105819.nuc.ord	ENSG00000105819.nuc.ord.treefile	12.0	0.2222222222222222
TarvD7	ENSG00000105821.nuc.ord	ENSG00000105821.nuc.ord.treefile	16.0	0.25806451612903225
TarvD7	ENSG00000105825.nuc.ord	ENSG00000105825.nuc.ord.treefile	26.0	0.5
TarvD7	ENSG00000105849.nuc.ord	ENSG00000105849.nuc.ord.treefile	22.0	0.36666666666666664
TarvD7	ENSG00000105851.nuc.ord	ENSG00000105851.nuc.ord.treefile	30.0	0.45454545454545453
TarvD7	ENSG00000105852.nuc.ord	ENSG00000105852.nuc.ord.treefile	22.0	0.39285714285714285
TarvD7	ENSG00000105854.nuc.ord	ENSG00000105854.nuc.ord.treefile	26.0	0.41935483870967744
TarvD7	ENSG00000105855.nuc.ord	ENSG00000105855.nuc.ord.treefile	14.0	0.21212121212121213
TarvD7	ENSG00000105856.nuc.ord	ENSG00000105856.nuc.ord.treefile	26.0	0.3939393939393939
TarvD7	ENSG00000105865.nuc.ord	ENSG00000105865.nuc.ord.treefile	22.0	0.3548387096774194
TarvD7	ENSG00000105866.nuc.ord	ENSG00000105866.nuc.ord.treefile	18.0	0.32142857142857145
TarvD7	ENSG00000105875.nuc.ord	ENSG00000105875.nuc.ord.treefile	20.0	0.30303030303030304
TarvD7	ENSG00000105877.nuc.ord	ENSG00000105877.nuc.ord.treefile	4.0	0.06060606060606061
TarvD7	ENSG00000105880.nuc.ord	ENSG00000105880.nuc.ord.treefile	32.0	0.5517241379310345
TarvD7	ENSG00000105894.nuc.ord	ENSG00000105894.nuc.ord.treefile	28.0	0.5185185185185185
TarvD7	ENSG00000105926.nuc.ord	ENSG00000105926.nuc.ord.treefile	20.0	0.30303030303030304
TarvD7	ENSG00000105928.nuc.ord	ENSG00000105928.nuc.ord.treefile	8.0	0.12121212121212122
TarvD7	ENSG00000105929.nuc.ord	ENSG00000105929.nuc.ord.treefile	10.0	0.15151515151515152
TarvD7	ENSG00000105939.nuc.ord	ENSG00000105939.nuc.ord.treefile	4.0	0.07142857142857142
TarvD7	ENSG00000105948.nuc.ord	ENSG00000105948.nuc.ord.treefile	28.0	0.45161290322580644
TarvD7	ENSG00000105953.nuc.ord	ENSG00000105953.nuc.ord.treefile	14.0	0.22580645161290322
TarvD7	ENSG00000105954.nuc.ord	ENSG00000105954.nuc.ord.treefile	16.0	0.26666666666666666
TarvD7	ENSG00000105968.nuc.ord	ENSG00000105968.nuc.ord.treefile	32.0	0.5925925925925926
TarvD7	ENSG00000105971.nuc.ord	ENSG00000105971.nuc.ord.treefile	18.0	0.375
TarvD7	ENSG00000105974.nuc.ord	ENSG00000105974.nuc.ord.treefile	30.0	0.5769230769230769
TarvD7	ENSG00000105976.nuc.ord	ENSG00000105976.nuc.ord.treefile	8.0	0.125
TarvD7	ENSG00000105982.nuc.ord	ENSG00000105982.nuc.ord.treefile	20.0	0.3448275862068966
TarvD7	ENSG00000105983.nuc.ord	ENSG00000105983.nuc.ord.treefile	20.0	0.3448275862068966
TarvD7	ENSG00000105989.nuc.ord	ENSG00000105989.nuc.ord.treefile	16.0	0.25806451612903225
TarvD7	ENSG00000105991.nuc.ord	ENSG00000105991.nuc.ord.treefile	22.0	0.4230769230769231
TarvD7	ENSG00000105996.nuc.ord	ENSG00000105996.nuc.ord.treefile	28.0	0.5185185185185185
TarvD7	ENSG00000105997.nuc.ord	ENSG00000105997.nuc.ord.treefile	20.0	0.35714285714285715
TarvD7	ENSG00000106006.nuc.ord	ENSG00000106006.nuc.ord.treefile	16.0	0.32
TarvD7	ENSG00000106009.nuc.ord	ENSG00000106009.nuc.ord.treefile	14.0	0.25925925925925924
TarvD7	ENSG00000106012.nuc.ord	ENSG00000106012.nuc.ord.treefile	10.0	0.18518518518518517
TarvD7	ENSG00000106018.nuc.ord	ENSG00000106018.nuc.ord.treefile	10.0	0.23809523809523808
TarvD7	ENSG00000106025.nuc.ord	ENSG00000106025.nuc.ord.treefile	34.0	0.5151515151515151
TarvD7	ENSG00000106028.nuc.ord	ENSG00000106028.nuc.ord.treefile	32.0	0.5161290322580645
TarvD7	ENSG00000106034.nuc.ord	ENSG00000106034.nuc.ord.treefile	12.0	0.1875
TarvD7	ENSG00000106049.nuc.ord	ENSG00000106049.nuc.ord.treefile	32.0	0.5161290322580645
TarvD7	ENSG00000106052.nuc.ord	ENSG00000106052.nuc.ord.treefile	12.0	0.1935483870967742
TarvD7	ENSG00000106066.nuc.ord	ENSG00000106066.nuc.ord.treefile	10.0	0.15151515151515152
TarvD7	ENSG00000106069.nuc.ord	ENSG00000106069.nuc.ord.treefile	24.0	0.375
TarvD7	ENSG00000106070.nuc.ord	ENSG00000106070.nuc.ord.treefile	14.0	0.22580645161290322
TarvD7	ENSG00000106077.nuc.ord	ENSG00000106077.nuc.ord.treefile	12.0	0.2857142857142857
TarvD7	ENSG00000106078.nuc.ord	ENSG00000106078.nuc.ord.treefile	18.0	0.32142857142857145
TarvD7	ENSG00000106080.nuc.ord	ENSG00000106080.nuc.ord.treefile	24.0	0.4
TarvD7	ENSG00000106100.nuc.ord	ENSG00000106100.nuc.ord.treefile	16.0	0.25806451612903225
TarvD7	ENSG00000106105.nuc.ord	ENSG00000106105.nuc.ord.treefile	20.0	0.30303030303030304
TarvD7	ENSG00000106113.nuc.ord	ENSG00000106113.nuc.ord.treefile	36.0	0.5806451612903226
TarvD7	ENSG00000106123.nuc.ord	ENSG00000106123.nuc.ord.treefile	12.0	0.2222222222222222
TarvD7	ENSG00000106125.nuc.ord	ENSG00000106125.nuc.ord.treefile	14.0	0.25
TarvD7	ENSG00000106128.nuc.ord	ENSG00000106128.nuc.ord.treefile	12.0	0.21428571428571427
TarvD7	ENSG00000106144.nuc.ord	ENSG00000106144.nuc.ord.treefile	28.0	0.45161290322580644
TarvD7	ENSG00000106178.nuc.ord	ENSG00000106178.nuc.ord.treefile	26.0	0.5652173913043478
TarvD7	ENSG00000106236.nuc.ord	ENSG00000106236.nuc.ord.treefile	20.0	0.37037037037037035
TarvD7	ENSG00000106244.nuc.ord	ENSG00000106244.nuc.ord.treefile	32.0	0.5714285714285714
TarvD7	ENSG00000106246.nuc.ord	ENSG00000106246.nuc.ord.treefile	6.0	0.1
TarvD7	ENSG00000106261.nuc.ord	ENSG00000106261.nuc.ord.treefile	20.0	0.35714285714285715
TarvD7	ENSG00000106263.nuc.ord	ENSG00000106263.nuc.ord.treefile	24.0	0.4
TarvD7	ENSG00000106266.nuc.ord	ENSG00000106266.nuc.ord.treefile	12.0	0.24
TarvD7	ENSG00000106268.nuc.ord	ENSG00000106268.nuc.ord.treefile	24.0	0.5217391304347826
TarvD7	ENSG00000106278.nuc.ord	ENSG00000106278.nuc.ord.treefile	6.0	0.10344827586206896
TarvD7	ENSG00000106290.nuc.ord	ENSG00000106290.nuc.ord.treefile	20.0	0.38461538461538464
TarvD7	ENSG00000106299.nuc.ord	ENSG00000106299.nuc.ord.treefile	26.0	0.41935483870967744
TarvD7	ENSG00000106302.nuc.ord	ENSG00000106302.nuc.ord.treefile	10.0	0.18518518518518517
TarvD7	ENSG00000106328.nuc.ord	ENSG00000106328.nuc.ord.treefile	6.0	0.1
TarvD7	ENSG00000106331.nuc.ord	ENSG00000106331.nuc.ord.treefile	24.0	0.41379310344827586
TarvD7	ENSG00000106333.nuc.ord	ENSG00000106333.nuc.ord.treefile	22.0	0.4583333333333333
TarvD7	ENSG00000106341.nuc.ord	ENSG00000106341.nuc.ord.treefile	38.0	0.59375
TarvD7	ENSG00000106344.nuc.ord	ENSG00000106344.nuc.ord.treefile	10.0	0.16129032258064516
TarvD7	ENSG00000106346.nuc.ord	ENSG00000106346.nuc.ord.treefile	20.0	0.3448275862068966
TarvD7	ENSG00000106348.nuc.ord	ENSG00000106348.nuc.ord.treefile	18.0	0.32142857142857145
TarvD7	ENSG00000106351.nuc.ord	ENSG00000106351.nuc.ord.treefile	10.0	0.16666666666666666
TarvD7	ENSG00000106366.nuc.ord	ENSG00000106366.nuc.ord.treefile	14.0	0.2413793103448276
TarvD7	ENSG00000106392.nuc.ord	ENSG00000106392.nuc.ord.treefile	22.0	0.4074074074074074
TarvD7	ENSG00000106397.nuc.ord	ENSG00000106397.nuc.ord.treefile	10.0	0.21739130434782608
TarvD7	ENSG00000106399.nuc.ord	ENSG00000106399.nuc.ord.treefile	38.0	0.76
TarvD7	ENSG00000106400.nuc.ord	ENSG00000106400.nuc.ord.treefile	22.0	0.4782608695652174
TarvD7	ENSG00000106404.nuc.ord	ENSG00000106404.nuc.ord.treefile	16.0	0.3333333333333333
TarvD7	ENSG00000106410.nuc.ord	ENSG00000106410.nuc.ord.treefile	20.0	0.37037037037037035
TarvD7	ENSG00000106415.nuc.ord	ENSG00000106415.nuc.ord.treefile	24.0	0.4
TarvD7	ENSG00000106443.nuc.ord	ENSG00000106443.nuc.ord.treefile	22.0	0.3548387096774194
TarvD7	ENSG00000106459.nuc.ord	ENSG00000106459.nuc.ord.treefile	30.0	0.45454545454545453
TarvD7	ENSG00000106460.nuc.ord	ENSG00000106460.nuc.ord.treefile	34.0	0.53125
TarvD7	ENSG00000106462.nuc.ord	ENSG00000106462.nuc.ord.treefile	16.0	0.2857142857142857
TarvD7	ENSG00000106477.nuc.ord	ENSG00000106477.nuc.ord.treefile	24.0	0.375
TarvD7	ENSG00000106483.nuc.ord	ENSG00000106483.nuc.ord.treefile	26.0	0.4482758620689655
TarvD7	ENSG00000106484.nuc.ord	ENSG00000106484.nuc.ord.treefile	32.0	0.5714285714285714
TarvD7	ENSG00000106511.nuc.ord	ENSG00000106511.nuc.ord.treefile	28.0	0.56
TarvD7	ENSG00000106524.nuc.ord	ENSG00000106524.nuc.ord.treefile	20.0	0.30303030303030304
TarvD7	ENSG00000106537.nuc.ord	ENSG00000106537.nuc.ord.treefile	34.0	0.6071428571428571
TarvD7	ENSG00000106541.nuc.ord	ENSG00000106541.nuc.ord.treefile	42.0	0.6774193548387096
TarvD7	ENSG00000106546.nuc.ord	ENSG00000106546.nuc.ord.treefile	16.0	0.24242424242424243
TarvD7	ENSG00000106554.nuc.ord	ENSG00000106554.nuc.ord.treefile	18.0	0.32142857142857145
TarvD7	ENSG00000106565.nuc.ord	ENSG00000106565.nuc.ord.treefile	20.0	0.43478260869565216
TarvD7	ENSG00000106571.nuc.ord	ENSG00000106571.nuc.ord.treefile	8.0	0.12903225806451613
TarvD7	ENSG00000106588.nuc.ord	ENSG00000106588.nuc.ord.treefile	30.0	0.5
TarvD7	ENSG00000106605.nuc.ord	ENSG00000106605.nuc.ord.treefile	8.0	0.13793103448275862
TarvD7	ENSG00000106608.nuc.ord	ENSG00000106608.nuc.ord.treefile	28.0	0.4827586206896552
TarvD7	ENSG00000106609.nuc.ord	ENSG00000106609.nuc.ord.treefile	26.0	0.4482758620689655
TarvD7	ENSG00000106615.nuc.ord	ENSG00000106615.nuc.ord.treefile	34.0	0.5483870967741935
TarvD7	ENSG00000106617.nuc.ord	ENSG00000106617.nuc.ord.treefile	14.0	0.2413793103448276
TarvD7	ENSG00000106628.nuc.ord	ENSG00000106628.nuc.ord.treefile	24.0	0.4
TarvD7	ENSG00000106631.nuc.ord	ENSG00000106631.nuc.ord.treefile	26.0	0.5416666666666666
TarvD7	ENSG00000106633.nuc.ord	ENSG00000106633.nuc.ord.treefile	10.0	0.16129032258064516
TarvD7	ENSG00000106635.nuc.ord	ENSG00000106635.nuc.ord.treefile	36.0	0.5806451612903226
TarvD7	ENSG00000106636.nuc.ord	ENSG00000106636.nuc.ord.treefile	20.0	0.3448275862068966
TarvD7	ENSG00000106638.nuc.ord	ENSG00000106638.nuc.ord.treefile	20.0	0.3448275862068966
TarvD7	ENSG00000106648.nuc.ord	ENSG00000106648.nuc.ord.treefile	18.0	0.36
TarvD7	ENSG00000106665.nuc.ord	ENSG00000106665.nuc.ord.treefile	24.0	0.46153846153846156
TarvD7	ENSG00000106682.nuc.ord	ENSG00000106682.nuc.ord.treefile	30.0	0.5555555555555556
TarvD7	ENSG00000106683.nuc.ord	ENSG00000106683.nuc.ord.treefile	26.0	0.4642857142857143
TarvD7	ENSG00000106686.nuc.ord	ENSG00000106686.nuc.ord.treefile	22.0	0.34375
TarvD7	ENSG00000106688.nuc.ord	ENSG00000106688.nuc.ord.treefile	16.0	0.24242424242424243
TarvD7	ENSG00000106692.nuc.ord	ENSG00000106692.nuc.ord.treefile	10.0	0.15625
TarvD7	ENSG00000106701.nuc.ord	ENSG00000106701.nuc.ord.treefile	12.0	0.21428571428571427
TarvD7	ENSG00000106733.nuc.ord	ENSG00000106733.nuc.ord.treefile	36.0	0.5625
TarvD7	ENSG00000106771.nuc.ord	ENSG00000106771.nuc.ord.treefile	10.0	0.15151515151515152
TarvD7	ENSG00000106772.nuc.ord	ENSG00000106772.nuc.ord.treefile	10.0	0.15151515151515152
TarvD7	ENSG00000106780.nuc.ord	ENSG00000106780.nuc.ord.treefile	18.0	0.28125
TarvD7	ENSG00000106785.nuc.ord	ENSG00000106785.nuc.ord.treefile	14.0	0.2413793103448276
TarvD7	ENSG00000106789.nuc.ord	ENSG00000106789.nuc.ord.treefile	16.0	0.2857142857142857
TarvD7	ENSG00000106799.nuc.ord	ENSG00000106799.nuc.ord.treefile	24.0	0.36363636363636365
TarvD7	ENSG00000106804.nuc.ord	ENSG00000106804.nuc.ord.treefile	4.0	0.06451612903225806
TarvD7	ENSG00000106809.nuc.ord	ENSG00000106809.nuc.ord.treefile	18.0	0.3
TarvD7	ENSG00000106819.nuc.ord	ENSG00000106819.nuc.ord.treefile	18.0	0.2903225806451613
TarvD7	ENSG00000106823.nuc.ord	ENSG00000106823.nuc.ord.treefile	6.0	0.10344827586206896
TarvD7	ENSG00000106829.nuc.ord	ENSG00000106829.nuc.ord.treefile	24.0	0.375
TarvD7	ENSG00000106852.nuc.ord	ENSG00000106852.nuc.ord.treefile	32.0	0.5161290322580645
TarvD7	ENSG00000106868.nuc.ord	ENSG00000106868.nuc.ord.treefile	8.0	0.12121212121212122
TarvD7	ENSG00000106927.nuc.ord	ENSG00000106927.nuc.ord.treefile	26.0	0.48148148148148145
TarvD7	ENSG00000106948.nuc.ord	ENSG00000106948.nuc.ord.treefile	4.0	0.09523809523809523
TarvD7	ENSG00000106952.nuc.ord	ENSG00000106952.nuc.ord.treefile	26.0	0.43333333333333335
TarvD7	ENSG00000106991.nuc.ord	ENSG00000106991.nuc.ord.treefile	20.0	0.38461538461538464
TarvD7	ENSG00000106993.nuc.ord	ENSG00000106993.nuc.ord.treefile	24.0	0.36363636363636365
TarvD7	ENSG00000107020.nuc.ord	ENSG00000107020.nuc.ord.treefile	30.0	0.5555555555555556
TarvD7	ENSG00000107021.nuc.ord	ENSG00000107021.nuc.ord.treefile	34.0	0.5483870967741935
TarvD7	ENSG00000107036.nuc.ord	ENSG00000107036.nuc.ord.treefile	18.0	0.28125
TarvD7	ENSG00000107077.nuc.ord	ENSG00000107077.nuc.ord.treefile	12.0	0.1935483870967742
TarvD7	ENSG00000107099.nuc.ord	ENSG00000107099.nuc.ord.treefile	12.0	0.1875
TarvD7	ENSG00000107104.nuc.ord	ENSG00000107104.nuc.ord.treefile	8.0	0.15384615384615385
TarvD7	ENSG00000107105.nuc.ord	ENSG00000107105.nuc.ord.treefile	24.0	0.375
TarvD7	ENSG00000107140.nuc.ord	ENSG00000107140.nuc.ord.treefile	12.0	0.2222222222222222
TarvD7	ENSG00000107159.nuc.ord	ENSG00000107159.nuc.ord.treefile	18.0	0.32142857142857145
TarvD7	ENSG00000107164.nuc.ord	ENSG00000107164.nuc.ord.treefile	22.0	0.34375
TarvD7	ENSG00000107165.nuc.ord	ENSG00000107165.nuc.ord.treefile	18.0	0.2727272727272727
TarvD7	ENSG00000107185.nuc.ord	ENSG00000107185.nuc.ord.treefile	22.0	0.3548387096774194
TarvD7	ENSG00000107186.nuc.ord	ENSG00000107186.nuc.ord.treefile	8.0	0.12121212121212122
TarvD7	ENSG00000107201.nuc.ord	ENSG00000107201.nuc.ord.treefile	10.0	0.17857142857142858
TarvD7	ENSG00000107242.nuc.ord	ENSG00000107242.nuc.ord.treefile	16.0	0.25806451612903225
TarvD7	ENSG00000107249.nuc.ord	ENSG00000107249.nuc.ord.treefile	10.0	0.21739130434782608
TarvD7	ENSG00000107262.nuc.ord	ENSG00000107262.nuc.ord.treefile	8.0	0.14814814814814814
TarvD7	ENSG00000107263.nuc.ord	ENSG00000107263.nuc.ord.treefile	8.0	0.13793103448275862
TarvD7	ENSG00000107282.nuc.ord	ENSG00000107282.nuc.ord.treefile	14.0	0.22580645161290322
TarvD7	ENSG00000107290.nuc.ord	ENSG00000107290.nuc.ord.treefile	14.0	0.22580645161290322
TarvD7	ENSG00000107295.nuc.ord	ENSG00000107295.nuc.ord.treefile	26.0	0.4482758620689655
TarvD7	ENSG00000107338.nuc.ord	ENSG00000107338.nuc.ord.treefile	12.0	0.23076923076923078
TarvD7	ENSG00000107341.nuc.ord	ENSG00000107341.nuc.ord.treefile	38.0	0.6551724137931034
TarvD7	ENSG00000107362.nuc.ord	ENSG00000107362.nuc.ord.treefile	26.0	0.4642857142857143
TarvD7	ENSG00000107371.nuc.ord	ENSG00000107371.nuc.ord.treefile	30.0	0.5
TarvD7	ENSG00000107372.nuc.ord	ENSG00000107372.nuc.ord.treefile	42.0	0.7241379310344828
TarvD7	ENSG00000107438.nuc.ord	ENSG00000107438.nuc.ord.treefile	20.0	0.3225806451612903
TarvD7	ENSG00000107443.nuc.ord	ENSG00000107443.nuc.ord.treefile	26.0	0.40625
TarvD7	ENSG00000107447.nuc.ord	ENSG00000107447.nuc.ord.treefile	20.0	0.30303030303030304
TarvD7	ENSG00000107485.nuc.ord	ENSG00000107485.nuc.ord.treefile	16.0	0.2857142857142857
TarvD7	ENSG00000107518.nuc.ord	ENSG00000107518.nuc.ord.treefile	18.0	0.28125
TarvD7	ENSG00000107537.nuc.ord	ENSG00000107537.nuc.ord.treefile	14.0	0.28
TarvD7	ENSG00000107551.nuc.ord	ENSG00000107551.nuc.ord.treefile	26.0	0.4482758620689655
TarvD7	ENSG00000107554.nuc.ord	ENSG00000107554.nuc.ord.treefile	18.0	0.3
TarvD7	ENSG00000107560.nuc.ord	ENSG00000107560.nuc.ord.treefile	42.0	0.65625
TarvD7	ENSG00000107562.nuc.ord	ENSG00000107562.nuc.ord.treefile	38.0	0.6551724137931034
TarvD7	ENSG00000107566.nuc.ord	ENSG00000107566.nuc.ord.treefile	16.0	0.3333333333333333
TarvD7	ENSG00000107581.nuc.ord	ENSG00000107581.nuc.ord.treefile	12.0	0.18181818181818182
TarvD7	ENSG00000107593.nuc.ord	ENSG00000107593.nuc.ord.treefile	20.0	0.3125
TarvD7	ENSG00000107611.nuc.ord	ENSG00000107611.nuc.ord.treefile	6.0	0.09375
TarvD7	ENSG00000107614.nuc.ord	ENSG00000107614.nuc.ord.treefile	24.0	0.3870967741935484
TarvD7	ENSG00000107625.nuc.ord	ENSG00000107625.nuc.ord.treefile	16.0	0.25
TarvD7	ENSG00000107643.nuc.ord	ENSG00000107643.nuc.ord.treefile	40.0	0.6666666666666666
TarvD7	ENSG00000107651.nuc.ord	ENSG00000107651.nuc.ord.treefile	18.0	0.28125
TarvD7	ENSG00000107669.nuc.ord	ENSG00000107669.nuc.ord.treefile	18.0	0.28125
TarvD7	ENSG00000107672.nuc.ord	ENSG00000107672.nuc.ord.treefile	32.0	0.5
TarvD7	ENSG00000107679.nuc.ord	ENSG00000107679.nuc.ord.treefile	44.0	0.6875
TarvD7	ENSG00000107731.nuc.ord	ENSG00000107731.nuc.ord.treefile	18.0	0.32142857142857145
TarvD7	ENSG00000107736.nuc.ord	ENSG00000107736.nuc.ord.treefile	14.0	0.23333333333333334
TarvD7	ENSG00000107738.nuc.ord	ENSG00000107738.nuc.ord.treefile	12.0	0.1875
TarvD7	ENSG00000107742.nuc.ord	ENSG00000107742.nuc.ord.treefile	22.0	0.39285714285714285
TarvD7	ENSG00000107745.nuc.ord	ENSG00000107745.nuc.ord.treefile	16.0	0.25806451612903225
TarvD7	ENSG00000107758.nuc.ord	ENSG00000107758.nuc.ord.treefile	34.0	0.53125
TarvD7	ENSG00000107779.nuc.ord	ENSG00000107779.nuc.ord.treefile	32.0	0.6666666666666666
TarvD7	ENSG00000107789.nuc.ord	ENSG00000107789.nuc.ord.treefile	26.0	0.41935483870967744
TarvD7	ENSG00000107798.nuc.ord	ENSG00000107798.nuc.ord.treefile	28.0	0.4827586206896552
TarvD7	ENSG00000107815.nuc.ord	ENSG00000107815.nuc.ord.treefile	12.0	0.2222222222222222
TarvD7	ENSG00000107816.nuc.ord	ENSG00000107816.nuc.ord.treefile	20.0	0.37037037037037035
TarvD7	ENSG00000107819.nuc.ord	ENSG00000107819.nuc.ord.treefile	24.0	0.46153846153846156
TarvD7	ENSG00000107829.nuc.ord	ENSG00000107829.nuc.ord.treefile	14.0	0.2413793103448276
TarvD7	ENSG00000107833.nuc.ord	ENSG00000107833.nuc.ord.treefile	18.0	0.4090909090909091
TarvD7	ENSG00000107854.nuc.ord	ENSG00000107854.nuc.ord.treefile	16.0	0.25
TarvD7	ENSG00000107862.nuc.ord	ENSG00000107862.nuc.ord.treefile	12.0	0.18181818181818182
TarvD7	ENSG00000107863.nuc.ord	ENSG00000107863.nuc.ord.treefile	22.0	0.3548387096774194
TarvD7	ENSG00000107864.nuc.ord	ENSG00000107864.nuc.ord.treefile	26.0	0.41935483870967744
TarvD7	ENSG00000107872.nuc.ord	ENSG00000107872.nuc.ord.treefile	14.0	0.30434782608695654
TarvD7	ENSG00000107874.nuc.ord	ENSG00000107874.nuc.ord.treefile	14.0	0.30434782608695654
TarvD7	ENSG00000107882.nuc.ord	ENSG00000107882.nuc.ord.treefile	36.0	0.5625
TarvD7	ENSG00000107897.nuc.ord	ENSG00000107897.nuc.ord.treefile	14.0	0.2413793103448276
TarvD7	ENSG00000107902.nuc.ord	ENSG00000107902.nuc.ord.treefile	22.0	0.4074074074074074
TarvD7	ENSG00000107929.nuc.ord	ENSG00000107929.nuc.ord.treefile	20.0	0.3125
TarvD7	ENSG00000107937.nuc.ord	ENSG00000107937.nuc.ord.treefile	18.0	0.36
TarvD7	ENSG00000107938.nuc.ord	ENSG00000107938.nuc.ord.treefile	28.0	0.45161290322580644
TarvD7	ENSG00000107949.nuc.ord	ENSG00000107949.nuc.ord.treefile	32.0	0.5925925925925926
TarvD7	ENSG00000107951.nuc.ord	ENSG00000107951.nuc.ord.treefile	22.0	0.36666666666666664
TarvD7	ENSG00000107957.nuc.ord	ENSG00000107957.nuc.ord.treefile	10.0	0.1724137931034483
TarvD7	ENSG00000107959.nuc.ord	ENSG00000107959.nuc.ord.treefile	22.0	0.3793103448275862
TarvD7	ENSG00000107960.nuc.ord	ENSG00000107960.nuc.ord.treefile	26.0	0.40625
TarvD7	ENSG00000107984.nuc.ord	ENSG00000107984.nuc.ord.treefile	18.0	0.32142857142857145
TarvD7	ENSG00000108001.nuc.ord	ENSG00000108001.nuc.ord.treefile	28.0	0.5
TarvD7	ENSG00000108010.nuc.ord	ENSG00000108010.nuc.ord.treefile	16.0	0.32
TarvD7	ENSG00000108018.nuc.ord	ENSG00000108018.nuc.ord.treefile	10.0	0.15151515151515152
TarvD7	ENSG00000108021.nuc.ord	ENSG00000108021.nuc.ord.treefile	4.0	0.06896551724137931
TarvD7	ENSG00000108039.nuc.ord	ENSG00000108039.nuc.ord.treefile	18.0	0.2727272727272727
TarvD7	ENSG00000108055.nuc.ord	ENSG00000108055.nuc.ord.treefile	22.0	0.3548387096774194
TarvD7	ENSG00000108061.nuc.ord	ENSG00000108061.nuc.ord.treefile	16.0	0.24242424242424243
TarvD7	ENSG00000108064.nuc.ord	ENSG00000108064.nuc.ord.treefile	20.0	0.3448275862068966
TarvD7	ENSG00000108091.nuc.ord	ENSG00000108091.nuc.ord.treefile	38.0	0.5757575757575758
TarvD7	ENSG00000108094.nuc.ord	ENSG00000108094.nuc.ord.treefile	20.0	0.45454545454545453
TarvD7	ENSG00000108100.nuc.ord	ENSG00000108100.nuc.ord.treefile	34.0	0.5483870967741935
TarvD7	ENSG00000108106.nuc.ord	ENSG00000108106.nuc.ord.treefile	34.0	0.6071428571428571
TarvD7	ENSG00000108176.nuc.ord	ENSG00000108176.nuc.ord.treefile	22.0	0.34375
TarvD7	ENSG00000108179.nuc.ord	ENSG00000108179.nuc.ord.treefile	32.0	0.5714285714285714
TarvD7	ENSG00000108219.nuc.ord	ENSG00000108219.nuc.ord.treefile	14.0	0.35
TarvD7	ENSG00000108231.nuc.ord	ENSG00000108231.nuc.ord.treefile	14.0	0.22580645161290322
TarvD7	ENSG00000108239.nuc.ord	ENSG00000108239.nuc.ord.treefile	14.0	0.25
TarvD7	ENSG00000108244.nuc.ord	ENSG00000108244.nuc.ord.treefile	18.0	0.3103448275862069
TarvD7	ENSG00000108255.nuc.ord	ENSG00000108255.nuc.ord.treefile	16.0	0.36363636363636365
TarvD7	ENSG00000108256.nuc.ord	ENSG00000108256.nuc.ord.treefile	18.0	0.2903225806451613
TarvD7	ENSG00000108262.nuc.ord	ENSG00000108262.nuc.ord.treefile	12.0	0.2222222222222222
TarvD7	ENSG00000108264.nuc.ord	ENSG00000108264.nuc.ord.treefile	24.0	0.3870967741935484
TarvD7	ENSG00000108270.nuc.ord	ENSG00000108270.nuc.ord.treefile	14.0	0.21212121212121213
TarvD7	ENSG00000108272.nuc.ord	ENSG00000108272.nuc.ord.treefile	24.0	0.41379310344827586
TarvD7	ENSG00000108278.nuc.ord	ENSG00000108278.nuc.ord.treefile	34.0	0.5483870967741935
TarvD7	ENSG00000108292.nuc.ord	ENSG00000108292.nuc.ord.treefile	10.0	0.17857142857142858
TarvD7	ENSG00000108306.nuc.ord	ENSG00000108306.nuc.ord.treefile	20.0	0.3333333333333333
TarvD7	ENSG00000108312.nuc.ord	ENSG00000108312.nuc.ord.treefile	10.0	0.23809523809523808
TarvD7	ENSG00000108342.nuc.ord	ENSG00000108342.nuc.ord.treefile	8.0	0.15384615384615385
TarvD7	ENSG00000108349.nuc.ord	ENSG00000108349.nuc.ord.treefile	24.0	0.3870967741935484
TarvD7	ENSG00000108352.nuc.ord	ENSG00000108352.nuc.ord.treefile	30.0	0.5357142857142857
TarvD7	ENSG00000108370.nuc.ord	ENSG00000108370.nuc.ord.treefile	14.0	0.23333333333333334
TarvD7	ENSG00000108375.nuc.ord	ENSG00000108375.nuc.ord.treefile	14.0	0.25
TarvD7	ENSG00000108381.nuc.ord	ENSG00000108381.nuc.ord.treefile	24.0	0.375
TarvD7	ENSG00000108384.nuc.ord	ENSG00000108384.nuc.ord.treefile	18.0	0.3103448275862069
TarvD7	ENSG00000108389.nuc.ord	ENSG00000108389.nuc.ord.treefile	12.0	0.2
TarvD7	ENSG00000108395.nuc.ord	ENSG00000108395.nuc.ord.treefile	10.0	0.15625
TarvD7	ENSG00000108405.nuc.ord	ENSG00000108405.nuc.ord.treefile	24.0	0.46153846153846156
TarvD7	ENSG00000108406.nuc.ord	ENSG00000108406.nuc.ord.treefile	20.0	0.3225806451612903
TarvD7	ENSG00000108423.nuc.ord	ENSG00000108423.nuc.ord.treefile	10.0	0.15151515151515152
TarvD7	ENSG00000108424.nuc.ord	ENSG00000108424.nuc.ord.treefile	12.0	0.18181818181818182
TarvD7	ENSG00000108433.nuc.ord	ENSG00000108433.nuc.ord.treefile	40.0	0.6451612903225806
TarvD7	ENSG00000108439.nuc.ord	ENSG00000108439.nuc.ord.treefile	28.0	0.4827586206896552
TarvD7	ENSG00000108443.nuc.ord	ENSG00000108443.nuc.ord.treefile	14.0	0.30434782608695654
TarvD7	ENSG00000108465.nuc.ord	ENSG00000108465.nuc.ord.treefile	22.0	0.36666666666666664
TarvD7	ENSG00000108469.nuc.ord	ENSG00000108469.nuc.ord.treefile	10.0	0.1724137931034483
TarvD7	ENSG00000108474.nuc.ord	ENSG00000108474.nuc.ord.treefile	20.0	0.3225806451612903
TarvD7	ENSG00000108479.nuc.ord	ENSG00000108479.nuc.ord.treefile	26.0	0.5
TarvD7	ENSG00000108504.nuc.ord	ENSG00000108504.nuc.ord.treefile	14.0	0.30434782608695654
TarvD7	ENSG00000108506.nuc.ord	ENSG00000108506.nuc.ord.treefile	10.0	0.15625
TarvD7	ENSG00000108510.nuc.ord	ENSG00000108510.nuc.ord.treefile	10.0	0.17857142857142858
TarvD7	ENSG00000108511.nuc.ord	ENSG00000108511.nuc.ord.treefile	34.0	0.5862068965517241
TarvD7	ENSG00000108515.nuc.ord	ENSG00000108515.nuc.ord.treefile	24.0	0.5714285714285714
TarvD7	ENSG00000108528.nuc.ord	ENSG00000108528.nuc.ord.treefile	30.0	0.5357142857142857
TarvD7	ENSG00000108551.nuc.ord	ENSG00000108551.nuc.ord.treefile	28.0	0.56
TarvD7	ENSG00000108559.nuc.ord	ENSG00000108559.nuc.ord.treefile	14.0	0.25
TarvD7	ENSG00000108561.nuc.ord	ENSG00000108561.nuc.ord.treefile	26.0	0.4642857142857143
TarvD7	ENSG00000108578.nuc.ord	ENSG00000108578.nuc.ord.treefile	10.0	0.15151515151515152
TarvD7	ENSG00000108582.nuc.ord	ENSG00000108582.nuc.ord.treefile	6.0	0.1
TarvD7	ENSG00000108587.nuc.ord	ENSG00000108587.nuc.ord.treefile	34.0	0.53125
TarvD7	ENSG00000108588.nuc.ord	ENSG00000108588.nuc.ord.treefile	28.0	0.4375
TarvD7	ENSG00000108590.nuc.ord	ENSG00000108590.nuc.ord.treefile	38.0	0.7037037037037037
TarvD7	ENSG00000108591.nuc.ord	ENSG00000108591.nuc.ord.treefile	32.0	0.5925925925925926
TarvD7	ENSG00000108592.nuc.ord	ENSG00000108592.nuc.ord.treefile	6.0	0.12
TarvD7	ENSG00000108599.nuc.ord	ENSG00000108599.nuc.ord.treefile	6.0	0.10344827586206896
TarvD7	ENSG00000108604.nuc.ord	ENSG00000108604.nuc.ord.treefile	24.0	0.41379310344827586
TarvD7	ENSG00000108622.nuc.ord	ENSG00000108622.nuc.ord.treefile	14.0	0.25925925925925924
TarvD7	ENSG00000108651.nuc.ord	ENSG00000108651.nuc.ord.treefile	14.0	0.21875
TarvD7	ENSG00000108654.nuc.ord	ENSG00000108654.nuc.ord.treefile	32.0	0.5517241379310345
TarvD7	ENSG00000108666.nuc.ord	ENSG00000108666.nuc.ord.treefile	24.0	0.36363636363636365
TarvD7	ENSG00000108669.nuc.ord	ENSG00000108669.nuc.ord.treefile	26.0	0.41935483870967744
TarvD7	ENSG00000108671.nuc.ord	ENSG00000108671.nuc.ord.treefile	20.0	0.3125
TarvD7	ENSG00000108684.nuc.ord	ENSG00000108684.nuc.ord.treefile	22.0	0.55
TarvD7	ENSG00000108733.nuc.ord	ENSG00000108733.nuc.ord.treefile	16.0	0.3076923076923077
TarvD7	ENSG00000108753.nuc.ord	ENSG00000108753.nuc.ord.treefile	14.0	0.23333333333333334
TarvD7	ENSG00000108759.nuc.ord	ENSG00000108759.nuc.ord.treefile	20.0	0.38461538461538464
TarvD7	ENSG00000108771.nuc.ord	ENSG00000108771.nuc.ord.treefile	18.0	0.3333333333333333
TarvD7	ENSG00000108774.nuc.ord	ENSG00000108774.nuc.ord.treefile	14.0	0.5384615384615384
TarvD7	ENSG00000108784.nuc.ord	ENSG00000108784.nuc.ord.treefile	16.0	0.32
TarvD7	ENSG00000108788.nuc.ord	ENSG00000108788.nuc.ord.treefile	26.0	0.4482758620689655
TarvD7	ENSG00000108797.nuc.ord	ENSG00000108797.nuc.ord.treefile	18.0	0.3
TarvD7	ENSG00000108798.nuc.ord	ENSG00000108798.nuc.ord.treefile	18.0	0.34615384615384615
TarvD7	ENSG00000108799.nuc.ord	ENSG00000108799.nuc.ord.treefile	20.0	0.3448275862068966
TarvD7	ENSG00000108813.nuc.ord	ENSG00000108813.nuc.ord.treefile	20.0	0.4
TarvD7	ENSG00000108821.nuc.ord	ENSG00000108821.nuc.ord.treefile	10.0	0.17857142857142858
TarvD7	ENSG00000108825.nuc.ord	ENSG00000108825.nuc.ord.treefile	16.0	0.2857142857142857
TarvD7	ENSG00000108829.nuc.ord	ENSG00000108829.nuc.ord.treefile	26.0	0.40625
TarvD7	ENSG00000108848.nuc.ord	ENSG00000108848.nuc.ord.treefile	14.0	0.2413793103448276
TarvD7	ENSG00000108852.nuc.ord	ENSG00000108852.nuc.ord.treefile	22.0	0.39285714285714285
TarvD7	ENSG00000108861.nuc.ord	ENSG00000108861.nuc.ord.treefile	40.0	0.6896551724137931
TarvD7	ENSG00000108878.nuc.ord	ENSG00000108878.nuc.ord.treefile	22.0	0.39285714285714285
TarvD7	ENSG00000108883.nuc.ord	ENSG00000108883.nuc.ord.treefile	28.0	0.4375
TarvD7	ENSG00000108924.nuc.ord	ENSG00000108924.nuc.ord.treefile	34.0	0.5666666666666667
TarvD7	ENSG00000108946.nuc.ord	ENSG00000108946.nuc.ord.treefile	24.0	0.42857142857142855
TarvD7	ENSG00000108950.nuc.ord	ENSG00000108950.nuc.ord.treefile	16.0	0.25
TarvD7	ENSG00000108960.nuc.ord	ENSG00000108960.nuc.ord.treefile	40.0	0.6451612903225806
TarvD7	ENSG00000108963.nuc.ord	ENSG00000108963.nuc.ord.treefile	18.0	0.3103448275862069
TarvD7	ENSG00000108984.nuc.ord	ENSG00000108984.nuc.ord.treefile	26.0	0.41935483870967744
TarvD7	ENSG00000109046.nuc.ord	ENSG00000109046.nuc.ord.treefile	24.0	0.4
TarvD7	ENSG00000109063.nuc.ord	ENSG00000109063.nuc.ord.treefile	24.0	0.42857142857142855
TarvD7	ENSG00000109072.nuc.ord	ENSG00000109072.nuc.ord.treefile	12.0	0.20689655172413793
TarvD7	ENSG00000109079.nuc.ord	ENSG00000109079.nuc.ord.treefile	30.0	0.4838709677419355
TarvD7	ENSG00000109083.nuc.ord	ENSG00000109083.nuc.ord.treefile	42.0	0.7
TarvD7	ENSG00000109084.nuc.ord	ENSG00000109084.nuc.ord.treefile	26.0	0.41935483870967744
TarvD7	ENSG00000109089.nuc.ord	ENSG00000109089.nuc.ord.treefile	36.0	0.6666666666666666
TarvD7	ENSG00000109099.nuc.ord	ENSG00000109099.nuc.ord.treefile	38.0	0.6785714285714286
TarvD7	ENSG00000109101.nuc.ord	ENSG00000109101.nuc.ord.treefile	14.0	0.2413793103448276
TarvD7	ENSG00000109103.nuc.ord	ENSG00000109103.nuc.ord.treefile	36.0	0.6
TarvD7	ENSG00000109107.nuc.ord	ENSG00000109107.nuc.ord.treefile	28.0	0.4827586206896552
TarvD7	ENSG00000109111.nuc.ord	ENSG00000109111.nuc.ord.treefile	14.0	0.22580645161290322
TarvD7	ENSG00000109113.nuc.ord	ENSG00000109113.nuc.ord.treefile	24.0	0.41379310344827586
TarvD7	ENSG00000109118.nuc.ord	ENSG00000109118.nuc.ord.treefile	10.0	0.15625
TarvD7	ENSG00000109132.nuc.ord	ENSG00000109132.nuc.ord.treefile	26.0	0.5416666666666666
TarvD7	ENSG00000109133.nuc.ord	ENSG00000109133.nuc.ord.treefile	26.0	0.41935483870967744
TarvD7	ENSG00000109158.nuc.ord	ENSG00000109158.nuc.ord.treefile	8.0	0.13333333333333333
TarvD7	ENSG00000109163.nuc.ord	ENSG00000109163.nuc.ord.treefile	16.0	0.25806451612903225
TarvD7	ENSG00000109171.nuc.ord	ENSG00000109171.nuc.ord.treefile	30.0	0.4838709677419355
TarvD7	ENSG00000109180.nuc.ord	ENSG00000109180.nuc.ord.treefile	30.0	0.5
TarvD7	ENSG00000109182.nuc.ord	ENSG00000109182.nuc.ord.treefile	24.0	0.3870967741935484
TarvD7	ENSG00000109184.nuc.ord	ENSG00000109184.nuc.ord.treefile	28.0	0.42424242424242425
TarvD7	ENSG00000109189.nuc.ord	ENSG00000109189.nuc.ord.treefile	26.0	0.5652173913043478
TarvD7	ENSG00000109193.nuc.ord	ENSG00000109193.nuc.ord.treefile	12.0	0.2222222222222222
TarvD7	ENSG00000109205.nuc.ord	ENSG00000109205.nuc.ord.treefile	14.0	0.25
TarvD7	ENSG00000109220.nuc.ord	ENSG00000109220.nuc.ord.treefile	44.0	0.7857142857142857
TarvD7	ENSG00000109255.nuc.ord	ENSG00000109255.nuc.ord.treefile	28.0	0.45161290322580644
TarvD7	ENSG00000109265.nuc.ord	ENSG00000109265.nuc.ord.treefile	12.0	0.2222222222222222
TarvD7	ENSG00000109270.nuc.ord	ENSG00000109270.nuc.ord.treefile	42.0	0.75
TarvD7	ENSG00000109320.nuc.ord	ENSG00000109320.nuc.ord.treefile	10.0	0.16666666666666666
TarvD7	ENSG00000109323.nuc.ord	ENSG00000109323.nuc.ord.treefile	16.0	0.26666666666666666
TarvD7	ENSG00000109339.nuc.ord	ENSG00000109339.nuc.ord.treefile	28.0	0.42424242424242425
TarvD7	ENSG00000109381.nuc.ord	ENSG00000109381.nuc.ord.treefile	32.0	0.5
TarvD7	ENSG00000109436.nuc.ord	ENSG00000109436.nuc.ord.treefile	22.0	0.44
TarvD7	ENSG00000109452.nuc.ord	ENSG00000109452.nuc.ord.treefile	12.0	0.1935483870967742
TarvD7	ENSG00000109458.nuc.ord	ENSG00000109458.nuc.ord.treefile	24.0	0.375
TarvD7	ENSG00000109466.nuc.ord	ENSG00000109466.nuc.ord.treefile	24.0	0.36363636363636365
TarvD7	ENSG00000109501.nuc.ord	ENSG00000109501.nuc.ord.treefile	24.0	0.5
TarvD7	ENSG00000109511.nuc.ord	ENSG00000109511.nuc.ord.treefile	28.0	0.4666666666666667
TarvD7	ENSG00000109519.nuc.ord	ENSG00000109519.nuc.ord.treefile	32.0	0.5925925925925926
TarvD7	ENSG00000109534.nuc.ord	ENSG00000109534.nuc.ord.treefile	32.0	0.5714285714285714
TarvD7	ENSG00000109572.nuc.ord	ENSG00000109572.nuc.ord.treefile	26.0	0.3939393939393939
TarvD7	ENSG00000109576.nuc.ord	ENSG00000109576.nuc.ord.treefile	10.0	0.16666666666666666
TarvD7	ENSG00000109586.nuc.ord	ENSG00000109586.nuc.ord.treefile	20.0	0.3333333333333333
TarvD7	ENSG00000109606.nuc.ord	ENSG00000109606.nuc.ord.treefile	20.0	0.3225806451612903
TarvD7	ENSG00000109618.nuc.ord	ENSG00000109618.nuc.ord.treefile	26.0	0.43333333333333335
TarvD7	ENSG00000109654.nuc.ord	ENSG00000109654.nuc.ord.treefile	36.0	0.5454545454545454
TarvD7	ENSG00000109667.nuc.ord	ENSG00000109667.nuc.ord.treefile	16.0	0.26666666666666666
TarvD7	ENSG00000109670.nuc.ord	ENSG00000109670.nuc.ord.treefile	24.0	0.3870967741935484
TarvD7	ENSG00000109674.nuc.ord	ENSG00000109674.nuc.ord.treefile	18.0	0.2903225806451613
TarvD7	ENSG00000109680.nuc.ord	ENSG00000109680.nuc.ord.treefile	22.0	0.3548387096774194
TarvD7	ENSG00000109684.nuc.ord	ENSG00000109684.nuc.ord.treefile	12.0	0.20689655172413793
TarvD7	ENSG00000109685.nuc.ord	ENSG00000109685.nuc.ord.treefile	14.0	0.22580645161290322
TarvD7	ENSG00000109686.nuc.ord	ENSG00000109686.nuc.ord.treefile	10.0	0.15625
TarvD7	ENSG00000109689.nuc.ord	ENSG00000109689.nuc.ord.treefile	26.0	0.3939393939393939
TarvD7	ENSG00000109738.nuc.ord	ENSG00000109738.nuc.ord.treefile	34.0	0.5483870967741935
TarvD7	ENSG00000109743.nuc.ord	ENSG00000109743.nuc.ord.treefile	26.0	0.43333333333333335
TarvD7	ENSG00000109756.nuc.ord	ENSG00000109756.nuc.ord.treefile	28.0	0.45161290322580644
TarvD7	ENSG00000109758.nuc.ord	ENSG00000109758.nuc.ord.treefile	10.0	0.25
TarvD7	ENSG00000109762.nuc.ord	ENSG00000109762.nuc.ord.treefile	12.0	0.18181818181818182
TarvD7	ENSG00000109771.nuc.ord	ENSG00000109771.nuc.ord.treefile	26.0	0.3939393939393939
TarvD7	ENSG00000109775.nuc.ord	ENSG00000109775.nuc.ord.treefile	18.0	0.28125
TarvD7	ENSG00000109787.nuc.ord	ENSG00000109787.nuc.ord.treefile	30.0	0.46875
TarvD7	ENSG00000109790.nuc.ord	ENSG00000109790.nuc.ord.treefile	34.0	0.53125
TarvD7	ENSG00000109794.nuc.ord	ENSG00000109794.nuc.ord.treefile	10.0	0.1724137931034483
TarvD7	ENSG00000109805.nuc.ord	ENSG00000109805.nuc.ord.treefile	14.0	0.21875
TarvD7	ENSG00000109814.nuc.ord	ENSG00000109814.nuc.ord.treefile	28.0	0.5
TarvD7	ENSG00000109819.nuc.ord	ENSG00000109819.nuc.ord.treefile	8.0	0.125
TarvD7	ENSG00000109832.nuc.ord	ENSG00000109832.nuc.ord.treefile	16.0	0.25806451612903225
TarvD7	ENSG00000109846.nuc.ord	ENSG00000109846.nuc.ord.treefile	34.0	0.5483870967741935
TarvD7	ENSG00000109851.nuc.ord	ENSG00000109851.nuc.ord.treefile	18.0	0.3333333333333333
TarvD7	ENSG00000109854.nuc.ord	ENSG00000109854.nuc.ord.treefile	22.0	0.3548387096774194
TarvD7	ENSG00000109861.nuc.ord	ENSG00000109861.nuc.ord.treefile	14.0	0.22580645161290322
TarvD7	ENSG00000109881.nuc.ord	ENSG00000109881.nuc.ord.treefile	22.0	0.3793103448275862
TarvD7	ENSG00000109906.nuc.ord	ENSG00000109906.nuc.ord.treefile	18.0	0.32142857142857145
TarvD7	ENSG00000109911.nuc.ord	ENSG00000109911.nuc.ord.treefile	16.0	0.2962962962962963
TarvD7	ENSG00000109917.nuc.ord	ENSG00000109917.nuc.ord.treefile	14.0	0.23333333333333334
TarvD7	ENSG00000109919.nuc.ord	ENSG00000109919.nuc.ord.treefile	30.0	0.5172413793103449
TarvD7	ENSG00000109920.nuc.ord	ENSG00000109920.nuc.ord.treefile	10.0	0.15151515151515152
TarvD7	ENSG00000109927.nuc.ord	ENSG00000109927.nuc.ord.treefile	16.0	0.24242424242424243
TarvD7	ENSG00000109929.nuc.ord	ENSG00000109929.nuc.ord.treefile	32.0	0.5161290322580645
TarvD7	ENSG00000109943.nuc.ord	ENSG00000109943.nuc.ord.treefile	14.0	0.22580645161290322
TarvD7	ENSG00000109944.nuc.ord	ENSG00000109944.nuc.ord.treefile	8.0	0.12903225806451613
TarvD7	ENSG00000109956.nuc.ord	ENSG00000109956.nuc.ord.treefile	32.0	0.5333333333333333
TarvD7	ENSG00000109991.nuc.ord	ENSG00000109991.nuc.ord.treefile	30.0	0.4838709677419355
TarvD7	ENSG00000110011.nuc.ord	ENSG00000110011.nuc.ord.treefile	20.0	0.43478260869565216
TarvD7	ENSG00000110013.nuc.ord	ENSG00000110013.nuc.ord.treefile	20.0	0.3225806451612903
TarvD7	ENSG00000110025.nuc.ord	ENSG00000110025.nuc.ord.treefile	18.0	0.3333333333333333
TarvD7	ENSG00000110031.nuc.ord	ENSG00000110031.nuc.ord.treefile	24.0	0.4
TarvD7	ENSG00000110042.nuc.ord	ENSG00000110042.nuc.ord.treefile	18.0	0.3103448275862069
TarvD7	ENSG00000110046.nuc.ord	ENSG00000110046.nuc.ord.treefile	8.0	0.16
TarvD7	ENSG00000110047.nuc.ord	ENSG00000110047.nuc.ord.treefile	38.0	0.6551724137931034
TarvD7	ENSG00000110048.nuc.ord	ENSG00000110048.nuc.ord.treefile	30.0	0.4838709677419355
TarvD7	ENSG00000110060.nuc.ord	ENSG00000110060.nuc.ord.treefile	16.0	0.2962962962962963
TarvD7	ENSG00000110063.nuc.ord	ENSG00000110063.nuc.ord.treefile	18.0	0.2903225806451613
TarvD7	ENSG00000110074.nuc.ord	ENSG00000110074.nuc.ord.treefile	18.0	0.34615384615384615
TarvD7	ENSG00000110075.nuc.ord	ENSG00000110075.nuc.ord.treefile	36.0	0.5625
TarvD7	ENSG00000110076.nuc.ord	ENSG00000110076.nuc.ord.treefile	14.0	0.28
TarvD7	ENSG00000110080.nuc.ord	ENSG00000110080.nuc.ord.treefile	24.0	0.4444444444444444
TarvD7	ENSG00000110090.nuc.ord	ENSG00000110090.nuc.ord.treefile	10.0	0.1724137931034483
TarvD7	ENSG00000110092.nuc.ord	ENSG00000110092.nuc.ord.treefile	18.0	0.36
TarvD7	ENSG00000110104.nuc.ord	ENSG00000110104.nuc.ord.treefile	16.0	0.36363636363636365
TarvD7	ENSG00000110107.nuc.ord	ENSG00000110107.nuc.ord.treefile	26.0	0.40625
TarvD7	ENSG00000110148.nuc.ord	ENSG00000110148.nuc.ord.treefile	30.0	0.5172413793103449
TarvD7	ENSG00000110172.nuc.ord	ENSG00000110172.nuc.ord.treefile	18.0	0.2727272727272727
TarvD7	ENSG00000110218.nuc.ord	ENSG00000110218.nuc.ord.treefile	34.0	0.53125
TarvD7	ENSG00000110243.nuc.ord	ENSG00000110243.nuc.ord.treefile	12.0	0.2608695652173913
TarvD7	ENSG00000110244.nuc.ord	ENSG00000110244.nuc.ord.treefile	20.0	0.43478260869565216
TarvD7	ENSG00000110274.nuc.ord	ENSG00000110274.nuc.ord.treefile	2.0	0.03571428571428571
TarvD7	ENSG00000110315.nuc.ord	ENSG00000110315.nuc.ord.treefile	36.0	0.5806451612903226
TarvD7	ENSG00000110318.nuc.ord	ENSG00000110318.nuc.ord.treefile	18.0	0.3
TarvD7	ENSG00000110321.nuc.ord	ENSG00000110321.nuc.ord.treefile	16.0	0.26666666666666666
TarvD7	ENSG00000110324.nuc.ord	ENSG00000110324.nuc.ord.treefile	14.0	0.23333333333333334
TarvD7	ENSG00000110328.nuc.ord	ENSG00000110328.nuc.ord.treefile	32.0	0.5
TarvD7	ENSG00000110344.nuc.ord	ENSG00000110344.nuc.ord.treefile	12.0	0.1875
TarvD7	ENSG00000110347.nuc.ord	ENSG00000110347.nuc.ord.treefile	6.0	0.12
TarvD7	ENSG00000110367.nuc.ord	ENSG00000110367.nuc.ord.treefile	18.0	0.28125
TarvD7	ENSG00000110375.nuc.ord	ENSG00000110375.nuc.ord.treefile	30.0	0.5555555555555556
TarvD7	ENSG00000110395.nuc.ord	ENSG00000110395.nuc.ord.treefile	20.0	0.3125
TarvD7	ENSG00000110400.nuc.ord	ENSG00000110400.nuc.ord.treefile	30.0	0.5555555555555556
TarvD7	ENSG00000110422.nuc.ord	ENSG00000110422.nuc.ord.treefile	26.0	0.40625
TarvD7	ENSG00000110427.nuc.ord	ENSG00000110427.nuc.ord.treefile	12.0	0.1875
TarvD7	ENSG00000110429.nuc.ord	ENSG00000110429.nuc.ord.treefile	24.0	0.3870967741935484
TarvD7	ENSG00000110435.nuc.ord	ENSG00000110435.nuc.ord.treefile	12.0	0.18181818181818182
TarvD7	ENSG00000110436.nuc.ord	ENSG00000110436.nuc.ord.treefile	24.0	0.375
TarvD7	ENSG00000110442.nuc.ord	ENSG00000110442.nuc.ord.treefile	14.0	0.30434782608695654
TarvD7	ENSG00000110448.nuc.ord	ENSG00000110448.nuc.ord.treefile	12.0	0.2222222222222222
TarvD7	ENSG00000110455.nuc.ord	ENSG00000110455.nuc.ord.treefile	16.0	0.25
TarvD7	ENSG00000110497.nuc.ord	ENSG00000110497.nuc.ord.treefile	16.0	0.25
TarvD7	ENSG00000110514.nuc.ord	ENSG00000110514.nuc.ord.treefile	16.0	0.25
TarvD7	ENSG00000110536.nuc.ord	ENSG00000110536.nuc.ord.treefile	18.0	0.42857142857142855
TarvD7	ENSG00000110583.nuc.ord	ENSG00000110583.nuc.ord.treefile	28.0	0.5
TarvD7	ENSG00000110660.nuc.ord	ENSG00000110660.nuc.ord.treefile	30.0	0.4838709677419355
TarvD7	ENSG00000110675.nuc.ord	ENSG00000110675.nuc.ord.treefile	28.0	0.42424242424242425
TarvD7	ENSG00000110711.nuc.ord	ENSG00000110711.nuc.ord.treefile	26.0	0.48148148148148145
TarvD7	ENSG00000110713.nuc.ord	ENSG00000110713.nuc.ord.treefile	8.0	0.125
TarvD7	ENSG00000110719.nuc.ord	ENSG00000110719.nuc.ord.treefile	10.0	0.2
TarvD7	ENSG00000110721.nuc.ord	ENSG00000110721.nuc.ord.treefile	16.0	0.2857142857142857
TarvD7	ENSG00000110723.nuc.ord	ENSG00000110723.nuc.ord.treefile	4.0	0.06060606060606061
TarvD7	ENSG00000110756.nuc.ord	ENSG00000110756.nuc.ord.treefile	14.0	0.2413793103448276
TarvD7	ENSG00000110768.nuc.ord	ENSG00000110768.nuc.ord.treefile	18.0	0.2903225806451613
TarvD7	ENSG00000110777.nuc.ord	ENSG00000110777.nuc.ord.treefile	22.0	0.4074074074074074
TarvD7	ENSG00000110786.nuc.ord	ENSG00000110786.nuc.ord.treefile	18.0	0.32142857142857145
TarvD7	ENSG00000110799.nuc.ord	ENSG00000110799.nuc.ord.treefile	12.0	0.20689655172413793
TarvD7	ENSG00000110801.nuc.ord	ENSG00000110801.nuc.ord.treefile	20.0	0.3125
TarvD7	ENSG00000110811.nuc.ord	ENSG00000110811.nuc.ord.treefile	16.0	0.2962962962962963
TarvD7	ENSG00000110841.nuc.ord	ENSG00000110841.nuc.ord.treefile	14.0	0.22580645161290322
TarvD7	ENSG00000110844.nuc.ord	ENSG00000110844.nuc.ord.treefile	16.0	0.26666666666666666
TarvD7	ENSG00000110848.nuc.ord	ENSG00000110848.nuc.ord.treefile	22.0	0.3548387096774194
TarvD7	ENSG00000110851.nuc.ord	ENSG00000110851.nuc.ord.treefile	30.0	0.46875
TarvD7	ENSG00000110871.nuc.ord	ENSG00000110871.nuc.ord.treefile	28.0	0.42424242424242425
TarvD7	ENSG00000110880.nuc.ord	ENSG00000110880.nuc.ord.treefile	38.0	0.59375
TarvD7	ENSG00000110887.nuc.ord	ENSG00000110887.nuc.ord.treefile	26.0	0.4482758620689655
TarvD7	ENSG00000110888.nuc.ord	ENSG00000110888.nuc.ord.treefile	6.0	0.10344827586206896
TarvD7	ENSG00000110906.nuc.ord	ENSG00000110906.nuc.ord.treefile	30.0	0.5172413793103449
TarvD7	ENSG00000110911.nuc.ord	ENSG00000110911.nuc.ord.treefile	20.0	0.3448275862068966
TarvD7	ENSG00000110917.nuc.ord	ENSG00000110917.nuc.ord.treefile	26.0	0.43333333333333335
TarvD7	ENSG00000110921.nuc.ord	ENSG00000110921.nuc.ord.treefile	20.0	0.35714285714285715
TarvD7	ENSG00000110925.nuc.ord	ENSG00000110925.nuc.ord.treefile	14.0	0.25925925925925924
TarvD7	ENSG00000110944.nuc.ord	ENSG00000110944.nuc.ord.treefile	18.0	0.3
TarvD7	ENSG00000110958.nuc.ord	ENSG00000110958.nuc.ord.treefile	22.0	0.5
TarvD7	ENSG00000110975.nuc.ord	ENSG00000110975.nuc.ord.treefile	28.0	0.5
TarvD7	ENSG00000110987.nuc.ord	ENSG00000110987.nuc.ord.treefile	18.0	0.2903225806451613
TarvD7	ENSG00000111011.nuc.ord	ENSG00000111011.nuc.ord.treefile	10.0	0.23809523809523808
TarvD7	ENSG00000111046.nuc.ord	ENSG00000111046.nuc.ord.treefile	28.0	0.45161290322580644
TarvD7	ENSG00000111049.nuc.ord	ENSG00000111049.nuc.ord.treefile	28.0	0.45161290322580644
TarvD7	ENSG00000111052.nuc.ord	ENSG00000111052.nuc.ord.treefile	34.0	0.6071428571428571
TarvD7	ENSG00000111110.nuc.ord	ENSG00000111110.nuc.ord.treefile	22.0	0.36666666666666664
TarvD7	ENSG00000111142.nuc.ord	ENSG00000111142.nuc.ord.treefile	26.0	0.41935483870967744
TarvD7	ENSG00000111144.nuc.ord	ENSG00000111144.nuc.ord.treefile	18.0	0.28125
TarvD7	ENSG00000111145.nuc.ord	ENSG00000111145.nuc.ord.treefile	32.0	0.5333333333333333
TarvD7	ENSG00000111181.nuc.ord	ENSG00000111181.nuc.ord.treefile	24.0	0.4444444444444444
TarvD7	ENSG00000111186.nuc.ord	ENSG00000111186.nuc.ord.treefile	26.0	0.4482758620689655
TarvD7	ENSG00000111199.nuc.ord	ENSG00000111199.nuc.ord.treefile	22.0	0.3793103448275862
TarvD7	ENSG00000111203.nuc.ord	ENSG00000111203.nuc.ord.treefile	14.0	0.25
TarvD7	ENSG00000111206.nuc.ord	ENSG00000111206.nuc.ord.treefile	30.0	0.5
TarvD7	ENSG00000111218.nuc.ord	ENSG00000111218.nuc.ord.treefile	34.0	0.5862068965517241
TarvD7	ENSG00000111224.nuc.ord	ENSG00000111224.nuc.ord.treefile	24.0	0.4
TarvD7	ENSG00000111229.nuc.ord	ENSG00000111229.nuc.ord.treefile	26.0	0.5416666666666666
TarvD7	ENSG00000111231.nuc.ord	ENSG00000111231.nuc.ord.treefile	34.0	0.53125
TarvD7	ENSG00000111237.nuc.ord	ENSG00000111237.nuc.ord.treefile	36.0	0.5806451612903226
TarvD7	ENSG00000111241.nuc.ord	ENSG00000111241.nuc.ord.treefile	30.0	0.5357142857142857
TarvD7	ENSG00000111245.nuc.ord	ENSG00000111245.nuc.ord.treefile	40.0	0.7407407407407407
TarvD7	ENSG00000111247.nuc.ord	ENSG00000111247.nuc.ord.treefile	14.0	0.2692307692307692
TarvD7	ENSG00000111252.nuc.ord	ENSG00000111252.nuc.ord.treefile	24.0	0.42857142857142855
TarvD7	ENSG00000111254.nuc.ord	ENSG00000111254.nuc.ord.treefile	14.0	0.25
TarvD7	ENSG00000111261.nuc.ord	ENSG00000111261.nuc.ord.treefile	20.0	0.43478260869565216
TarvD7	ENSG00000111262.nuc.ord	ENSG00000111262.nuc.ord.treefile	18.0	0.5
TarvD7	ENSG00000111269.nuc.ord	ENSG00000111269.nuc.ord.treefile	38.0	0.7307692307692307
TarvD7	ENSG00000111275.nuc.ord	ENSG00000111275.nuc.ord.treefile	24.0	0.4
TarvD7	ENSG00000111276.nuc.ord	ENSG00000111276.nuc.ord.treefile	22.0	0.4230769230769231
TarvD7	ENSG00000111291.nuc.ord	ENSG00000111291.nuc.ord.treefile	28.0	0.4666666666666667
TarvD7	ENSG00000111300.nuc.ord	ENSG00000111300.nuc.ord.treefile	18.0	0.28125
TarvD7	ENSG00000111305.nuc.ord	ENSG00000111305.nuc.ord.treefile	44.0	0.8148148148148148
TarvD7	ENSG00000111319.nuc.ord	ENSG00000111319.nuc.ord.treefile	22.0	0.4074074074074074
TarvD7	ENSG00000111321.nuc.ord	ENSG00000111321.nuc.ord.treefile	28.0	0.5833333333333334
TarvD7	ENSG00000111325.nuc.ord	ENSG00000111325.nuc.ord.treefile	20.0	0.35714285714285715
TarvD7	ENSG00000111335.nuc.ord	ENSG00000111335.nuc.ord.treefile	20.0	0.4166666666666667
TarvD7	ENSG00000111341.nuc.ord	ENSG00000111341.nuc.ord.treefile	36.0	0.6206896551724138
TarvD7	ENSG00000111344.nuc.ord	ENSG00000111344.nuc.ord.treefile	12.0	0.20689655172413793
TarvD7	ENSG00000111348.nuc.ord	ENSG00000111348.nuc.ord.treefile	28.0	0.5
TarvD7	ENSG00000111361.nuc.ord	ENSG00000111361.nuc.ord.treefile	28.0	0.45161290322580644
TarvD7	ENSG00000111364.nuc.ord	ENSG00000111364.nuc.ord.treefile	28.0	0.4375
TarvD7	ENSG00000111371.nuc.ord	ENSG00000111371.nuc.ord.treefile	36.0	0.5454545454545454
TarvD7	ENSG00000111405.nuc.ord	ENSG00000111405.nuc.ord.treefile	36.0	0.6
TarvD7	ENSG00000111412.nuc.ord	ENSG00000111412.nuc.ord.treefile	20.0	0.38461538461538464
TarvD7	ENSG00000111432.nuc.ord	ENSG00000111432.nuc.ord.treefile	10.0	0.38461538461538464
TarvD7	ENSG00000111445.nuc.ord	ENSG00000111445.nuc.ord.treefile	26.0	0.43333333333333335
TarvD7	ENSG00000111452.nuc.ord	ENSG00000111452.nuc.ord.treefile	20.0	0.35714285714285715
TarvD7	ENSG00000111490.nuc.ord	ENSG00000111490.nuc.ord.treefile	24.0	0.41379310344827586
TarvD7	ENSG00000111530.nuc.ord	ENSG00000111530.nuc.ord.treefile	6.0	0.0967741935483871
TarvD7	ENSG00000111537.nuc.ord	ENSG00000111537.nuc.ord.treefile	20.0	0.3448275862068966
TarvD7	ENSG00000111540.nuc.ord	ENSG00000111540.nuc.ord.treefile	24.0	0.4444444444444444
TarvD7	ENSG00000111554.nuc.ord	ENSG00000111554.nuc.ord.treefile	14.0	0.23333333333333334
TarvD7	ENSG00000111581.nuc.ord	ENSG00000111581.nuc.ord.treefile	8.0	0.125
TarvD7	ENSG00000111596.nuc.ord	ENSG00000111596.nuc.ord.treefile	40.0	0.625
TarvD7	ENSG00000111602.nuc.ord	ENSG00000111602.nuc.ord.treefile	14.0	0.22580645161290322
TarvD7	ENSG00000111605.nuc.ord	ENSG00000111605.nuc.ord.treefile	24.0	0.41379310344827586
TarvD7	ENSG00000111615.nuc.ord	ENSG00000111615.nuc.ord.treefile	24.0	0.4
TarvD7	ENSG00000111639.nuc.ord	ENSG00000111639.nuc.ord.treefile	26.0	0.52
TarvD7	ENSG00000111641.nuc.ord	ENSG00000111641.nuc.ord.treefile	26.0	0.43333333333333335
TarvD7	ENSG00000111642.nuc.ord	ENSG00000111642.nuc.ord.treefile	30.0	0.45454545454545453
TarvD7	ENSG00000111644.nuc.ord	ENSG00000111644.nuc.ord.treefile	20.0	0.38461538461538464
TarvD7	ENSG00000111647.nuc.ord	ENSG00000111647.nuc.ord.treefile	14.0	0.2413793103448276
TarvD7	ENSG00000111652.nuc.ord	ENSG00000111652.nuc.ord.treefile	34.0	0.6296296296296297
TarvD7	ENSG00000111664.nuc.ord	ENSG00000111664.nuc.ord.treefile	30.0	0.5555555555555556
TarvD7	ENSG00000111665.nuc.ord	ENSG00000111665.nuc.ord.treefile	18.0	0.34615384615384615
TarvD7	ENSG00000111666.nuc.ord	ENSG00000111666.nuc.ord.treefile	20.0	0.3225806451612903
TarvD7	ENSG00000111667.nuc.ord	ENSG00000111667.nuc.ord.treefile	28.0	0.45161290322580644
TarvD7	ENSG00000111669.nuc.ord	ENSG00000111669.nuc.ord.treefile	34.0	0.7391304347826086
TarvD7	ENSG00000111670.nuc.ord	ENSG00000111670.nuc.ord.treefile	20.0	0.3225806451612903
TarvD7	ENSG00000111674.nuc.ord	ENSG00000111674.nuc.ord.treefile	32.0	0.5714285714285714
TarvD7	ENSG00000111676.nuc.ord	ENSG00000111676.nuc.ord.treefile	12.0	0.25
TarvD7	ENSG00000111678.nuc.ord	ENSG00000111678.nuc.ord.treefile	26.0	0.5909090909090909
TarvD7	ENSG00000111684.nuc.ord	ENSG00000111684.nuc.ord.treefile	28.0	0.45161290322580644
TarvD7	ENSG00000111696.nuc.ord	ENSG00000111696.nuc.ord.treefile	28.0	0.42424242424242425
TarvD7	ENSG00000111701.nuc.ord	ENSG00000111701.nuc.ord.treefile	18.0	0.4090909090909091
TarvD7	ENSG00000111707.nuc.ord	ENSG00000111707.nuc.ord.treefile	44.0	0.7333333333333333
TarvD7	ENSG00000111713.nuc.ord	ENSG00000111713.nuc.ord.treefile	12.0	0.1935483870967742
TarvD7	ENSG00000111725.nuc.ord	ENSG00000111725.nuc.ord.treefile	42.0	0.65625
TarvD7	ENSG00000111727.nuc.ord	ENSG00000111727.nuc.ord.treefile	30.0	0.46875
TarvD7	ENSG00000111728.nuc.ord	ENSG00000111728.nuc.ord.treefile	16.0	0.26666666666666666
TarvD7	ENSG00000111731.nuc.ord	ENSG00000111731.nuc.ord.treefile	38.0	0.6333333333333333
TarvD7	ENSG00000111732.nuc.ord	ENSG00000111732.nuc.ord.treefile	32.0	0.5714285714285714
TarvD7	ENSG00000111780.nuc.ord	ENSG00000111780.nuc.ord.treefile	22.0	0.4583333333333333
TarvD7	ENSG00000111783.nuc.ord	ENSG00000111783.nuc.ord.treefile	18.0	0.3
TarvD7	ENSG00000111785.nuc.ord	ENSG00000111785.nuc.ord.treefile	44.0	0.6875
TarvD7	ENSG00000111786.nuc.ord	ENSG00000111786.nuc.ord.treefile	36.0	0.6206896551724138
TarvD7	ENSG00000111790.nuc.ord	ENSG00000111790.nuc.ord.treefile	38.0	0.6551724137931034
TarvD7	ENSG00000111799.nuc.ord	ENSG00000111799.nuc.ord.treefile	6.0	0.09090909090909091
TarvD7	ENSG00000111802.nuc.ord	ENSG00000111802.nuc.ord.treefile	24.0	0.4
TarvD7	ENSG00000111816.nuc.ord	ENSG00000111816.nuc.ord.treefile	18.0	0.32142857142857145
TarvD7	ENSG00000111817.nuc.ord	ENSG00000111817.nuc.ord.treefile	24.0	0.375
TarvD7	ENSG00000111834.nuc.ord	ENSG00000111834.nuc.ord.treefile	18.0	0.3103448275862069
TarvD7	ENSG00000111845.nuc.ord	ENSG00000111845.nuc.ord.treefile	12.0	0.2222222222222222
TarvD7	ENSG00000111859.nuc.ord	ENSG00000111859.nuc.ord.treefile	10.0	0.15151515151515152
TarvD7	ENSG00000111860.nuc.ord	ENSG00000111860.nuc.ord.treefile	12.0	0.1935483870967742
TarvD7	ENSG00000111863.nuc.ord	ENSG00000111863.nuc.ord.treefile	24.0	0.36363636363636365
TarvD7	ENSG00000111875.nuc.ord	ENSG00000111875.nuc.ord.treefile	42.0	0.6363636363636364
TarvD7	ENSG00000111879.nuc.ord	ENSG00000111879.nuc.ord.treefile	14.0	0.21875
TarvD7	ENSG00000111880.nuc.ord	ENSG00000111880.nuc.ord.treefile	14.0	0.21875
TarvD7	ENSG00000111885.nuc.ord	ENSG00000111885.nuc.ord.treefile	14.0	0.22580645161290322
TarvD7	ENSG00000111886.nuc.ord	ENSG00000111886.nuc.ord.treefile	18.0	0.2903225806451613
TarvD7	ENSG00000111897.nuc.ord	ENSG00000111897.nuc.ord.treefile	22.0	0.39285714285714285
TarvD7	ENSG00000111906.nuc.ord	ENSG00000111906.nuc.ord.treefile	28.0	0.45161290322580644
TarvD7	ENSG00000111907.nuc.ord	ENSG00000111907.nuc.ord.treefile	22.0	0.36666666666666664
TarvD7	ENSG00000111911.nuc.ord	ENSG00000111911.nuc.ord.treefile	28.0	0.5
TarvD7	ENSG00000111912.nuc.ord	ENSG00000111912.nuc.ord.treefile	6.0	0.1
TarvD7	ENSG00000111913.nuc.ord	ENSG00000111913.nuc.ord.treefile	28.0	0.42424242424242425
TarvD7	ENSG00000111961.nuc.ord	ENSG00000111961.nuc.ord.treefile	10.0	0.16129032258064516
TarvD7	ENSG00000111962.nuc.ord	ENSG00000111962.nuc.ord.treefile	40.0	0.6060606060606061
TarvD7	ENSG00000112029.nuc.ord	ENSG00000112029.nuc.ord.treefile	14.0	0.23333333333333334
TarvD7	ENSG00000112033.nuc.ord	ENSG00000112033.nuc.ord.treefile	16.0	0.25806451612903225
TarvD7	ENSG00000112038.nuc.ord	ENSG00000112038.nuc.ord.treefile	22.0	0.39285714285714285
TarvD7	ENSG00000112039.nuc.ord	ENSG00000112039.nuc.ord.treefile	14.0	0.25925925925925924
TarvD7	ENSG00000112041.nuc.ord	ENSG00000112041.nuc.ord.treefile	26.0	0.4642857142857143
TarvD7	ENSG00000112053.nuc.ord	ENSG00000112053.nuc.ord.treefile	14.0	0.21875
TarvD7	ENSG00000112062.nuc.ord	ENSG00000112062.nuc.ord.treefile	46.0	0.71875
TarvD7	ENSG00000112077.nuc.ord	ENSG00000112077.nuc.ord.treefile	14.0	0.22580645161290322
TarvD7	ENSG00000112078.nuc.ord	ENSG00000112078.nuc.ord.treefile	24.0	0.375
TarvD7	ENSG00000112079.nuc.ord	ENSG00000112079.nuc.ord.treefile	30.0	0.46875
TarvD7	ENSG00000112096.nuc.ord	ENSG00000112096.nuc.ord.treefile	26.0	0.48148148148148145
TarvD7	ENSG00000112116.nuc.ord	ENSG00000112116.nuc.ord.treefile	28.0	0.45161290322580644
TarvD7	ENSG00000112118.nuc.ord	ENSG00000112118.nuc.ord.treefile	12.0	0.2222222222222222
TarvD7	ENSG00000112137.nuc.ord	ENSG00000112137.nuc.ord.treefile	20.0	0.3125
TarvD7	ENSG00000112139.nuc.ord	ENSG00000112139.nuc.ord.treefile	24.0	0.4
TarvD7	ENSG00000112144.nuc.ord	ENSG00000112144.nuc.ord.treefile	14.0	0.2413793103448276
TarvD7	ENSG00000112146.nuc.ord	ENSG00000112146.nuc.ord.treefile	22.0	0.34375
TarvD7	ENSG00000112159.nuc.ord	ENSG00000112159.nuc.ord.treefile	8.0	0.13333333333333333
TarvD7	ENSG00000112167.nuc.ord	ENSG00000112167.nuc.ord.treefile	42.0	0.6774193548387096
TarvD7	ENSG00000112175.nuc.ord	ENSG00000112175.nuc.ord.treefile	28.0	0.4375
TarvD7	ENSG00000112182.nuc.ord	ENSG00000112182.nuc.ord.treefile	20.0	0.3448275862068966
TarvD7	ENSG00000112183.nuc.ord	ENSG00000112183.nuc.ord.treefile	50.0	0.78125
TarvD7	ENSG00000112186.nuc.ord	ENSG00000112186.nuc.ord.treefile	14.0	0.23333333333333334
TarvD7	ENSG00000112195.nuc.ord	ENSG00000112195.nuc.ord.treefile	14.0	0.2692307692307692
TarvD7	ENSG00000112200.nuc.ord	ENSG00000112200.nuc.ord.treefile	14.0	0.2413793103448276
TarvD7	ENSG00000112208.nuc.ord	ENSG00000112208.nuc.ord.treefile	34.0	0.5666666666666667
TarvD7	ENSG00000112210.nuc.ord	ENSG00000112210.nuc.ord.treefile	20.0	0.3225806451612903
TarvD7	ENSG00000112212.nuc.ord	ENSG00000112212.nuc.ord.treefile	18.0	0.391304347826087
TarvD7	ENSG00000112214.nuc.ord	ENSG00000112214.nuc.ord.treefile	26.0	0.41935483870967744
TarvD7	ENSG00000112232.nuc.ord	ENSG00000112232.nuc.ord.treefile	34.0	0.5862068965517241
TarvD7	ENSG00000112234.nuc.ord	ENSG00000112234.nuc.ord.treefile	20.0	0.3225806451612903
TarvD7	ENSG00000112237.nuc.ord	ENSG00000112237.nuc.ord.treefile	12.0	0.42857142857142855
TarvD7	ENSG00000112238.nuc.ord	ENSG00000112238.nuc.ord.treefile	14.0	0.25925925925925924
TarvD7	ENSG00000112242.nuc.ord	ENSG00000112242.nuc.ord.treefile	34.0	0.53125
TarvD7	ENSG00000112246.nuc.ord	ENSG00000112246.nuc.ord.treefile	18.0	0.2727272727272727
TarvD7	ENSG00000112249.nuc.ord	ENSG00000112249.nuc.ord.treefile	10.0	0.15625
TarvD7	ENSG00000112276.nuc.ord	ENSG00000112276.nuc.ord.treefile	6.0	0.1
TarvD7	ENSG00000112280.nuc.ord	ENSG00000112280.nuc.ord.treefile	8.0	0.125
TarvD7	ENSG00000112282.nuc.ord	ENSG00000112282.nuc.ord.treefile	16.0	0.24242424242424243
TarvD7	ENSG00000112290.nuc.ord	ENSG00000112290.nuc.ord.treefile	32.0	0.7619047619047619
TarvD7	ENSG00000112293.nuc.ord	ENSG00000112293.nuc.ord.treefile	14.0	0.22580645161290322
TarvD7	ENSG00000112294.nuc.ord	ENSG00000112294.nuc.ord.treefile	28.0	0.4666666666666667
TarvD7	ENSG00000112297.nuc.ord	ENSG00000112297.nuc.ord.treefile	4.0	0.06451612903225806
TarvD7	ENSG00000112299.nuc.ord	ENSG00000112299.nuc.ord.treefile	12.0	0.1935483870967742
TarvD7	ENSG00000112304.nuc.ord	ENSG00000112304.nuc.ord.treefile	26.0	0.4642857142857143
TarvD7	ENSG00000112305.nuc.ord	ENSG00000112305.nuc.ord.treefile	14.0	0.2692307692307692
TarvD7	ENSG00000112309.nuc.ord	ENSG00000112309.nuc.ord.treefile	16.0	0.6153846153846154
TarvD7	ENSG00000112312.nuc.ord	ENSG00000112312.nuc.ord.treefile	28.0	0.45161290322580644
TarvD7	ENSG00000112319.nuc.ord	ENSG00000112319.nuc.ord.treefile	48.0	0.7272727272727273
TarvD7	ENSG00000112320.nuc.ord	ENSG00000112320.nuc.ord.treefile	30.0	0.5555555555555556
TarvD7	ENSG00000112333.nuc.ord	ENSG00000112333.nuc.ord.treefile	32.0	0.5
TarvD7	ENSG00000112335.nuc.ord	ENSG00000112335.nuc.ord.treefile	34.0	0.6071428571428571
TarvD7	ENSG00000112339.nuc.ord	ENSG00000112339.nuc.ord.treefile	8.0	0.12121212121212122
TarvD7	ENSG00000112357.nuc.ord	ENSG00000112357.nuc.ord.treefile	24.0	0.3870967741935484
TarvD7	ENSG00000112365.nuc.ord	ENSG00000112365.nuc.ord.treefile	20.0	0.3225806451612903
TarvD7	ENSG00000112367.nuc.ord	ENSG00000112367.nuc.ord.treefile	18.0	0.2903225806451613
TarvD7	ENSG00000112378.nuc.ord	ENSG00000112378.nuc.ord.treefile	36.0	0.6666666666666666
TarvD7	ENSG00000112379.nuc.ord	ENSG00000112379.nuc.ord.treefile	16.0	0.25
TarvD7	ENSG00000112394.nuc.ord	ENSG00000112394.nuc.ord.treefile	22.0	0.36666666666666664
TarvD7	ENSG00000112414.nuc.ord	ENSG00000112414.nuc.ord.treefile	8.0	0.12121212121212122
TarvD7	ENSG00000112419.nuc.ord	ENSG00000112419.nuc.ord.treefile	24.0	0.375
TarvD7	ENSG00000112425.nuc.ord	ENSG00000112425.nuc.ord.treefile	32.0	0.5
TarvD7	ENSG00000112473.nuc.ord	ENSG00000112473.nuc.ord.treefile	12.0	0.2222222222222222
TarvD7	ENSG00000112499.nuc.ord	ENSG00000112499.nuc.ord.treefile	14.0	0.21875
TarvD7	ENSG00000112514.nuc.ord	ENSG00000112514.nuc.ord.treefile	12.0	0.2727272727272727
TarvD7	ENSG00000112531.nuc.ord	ENSG00000112531.nuc.ord.treefile	42.0	0.6363636363636364
TarvD7	ENSG00000112539.nuc.ord	ENSG00000112539.nuc.ord.treefile	20.0	0.37037037037037035
TarvD7	ENSG00000112541.nuc.ord	ENSG00000112541.nuc.ord.treefile	32.0	0.5161290322580645
TarvD7	ENSG00000112559.nuc.ord	ENSG00000112559.nuc.ord.treefile	18.0	0.3333333333333333
TarvD7	ENSG00000112561.nuc.ord	ENSG00000112561.nuc.ord.treefile	16.0	0.2962962962962963
TarvD7	ENSG00000112562.nuc.ord	ENSG00000112562.nuc.ord.treefile	24.0	0.5
TarvD7	ENSG00000112578.nuc.ord	ENSG00000112578.nuc.ord.treefile	10.0	0.17857142857142858
TarvD7	ENSG00000112599.nuc.ord	ENSG00000112599.nuc.ord.treefile	34.0	0.6538461538461539
TarvD7	ENSG00000112619.nuc.ord	ENSG00000112619.nuc.ord.treefile	28.0	0.4666666666666667
TarvD7	ENSG00000112624.nuc.ord	ENSG00000112624.nuc.ord.treefile	18.0	0.28125
TarvD7	ENSG00000112640.nuc.ord	ENSG00000112640.nuc.ord.treefile	34.0	0.5666666666666667
TarvD7	ENSG00000112651.nuc.ord	ENSG00000112651.nuc.ord.treefile	28.0	0.4375
TarvD7	ENSG00000112655.nuc.ord	ENSG00000112655.nuc.ord.treefile	14.0	0.25925925925925924
TarvD7	ENSG00000112658.nuc.ord	ENSG00000112658.nuc.ord.treefile	24.0	0.42857142857142855
TarvD7	ENSG00000112664.nuc.ord	ENSG00000112664.nuc.ord.treefile	52.0	0.8125
TarvD7	ENSG00000112667.nuc.ord	ENSG00000112667.nuc.ord.treefile	26.0	0.65
TarvD7	ENSG00000112679.nuc.ord	ENSG00000112679.nuc.ord.treefile	28.0	0.4827586206896552
TarvD7	ENSG00000112685.nuc.ord	ENSG00000112685.nuc.ord.treefile	16.0	0.25
TarvD7	ENSG00000112697.nuc.ord	ENSG00000112697.nuc.ord.treefile	28.0	0.4827586206896552
TarvD7	ENSG00000112699.nuc.ord	ENSG00000112699.nuc.ord.treefile	36.0	0.5806451612903226
TarvD7	ENSG00000112701.nuc.ord	ENSG00000112701.nuc.ord.treefile	6.0	0.10344827586206896
TarvD7	ENSG00000112706.nuc.ord	ENSG00000112706.nuc.ord.treefile	12.0	0.20689655172413793
TarvD7	ENSG00000112739.nuc.ord	ENSG00000112739.nuc.ord.treefile	28.0	0.42424242424242425
TarvD7	ENSG00000112742.nuc.ord	ENSG00000112742.nuc.ord.treefile	12.0	0.2
TarvD7	ENSG00000112761.nuc.ord	ENSG00000112761.nuc.ord.treefile	18.0	0.2903225806451613
TarvD7	ENSG00000112769.nuc.ord	ENSG00000112769.nuc.ord.treefile	8.0	0.17391304347826086
TarvD7	ENSG00000112773.nuc.ord	ENSG00000112773.nuc.ord.treefile	24.0	0.375
TarvD7	ENSG00000112782.nuc.ord	ENSG00000112782.nuc.ord.treefile	24.0	0.41379310344827586
TarvD7	ENSG00000112787.nuc.ord	ENSG00000112787.nuc.ord.treefile	20.0	0.45454545454545453
TarvD7	ENSG00000112796.nuc.ord	ENSG00000112796.nuc.ord.treefile	20.0	0.3448275862068966
TarvD7	ENSG00000112799.nuc.ord	ENSG00000112799.nuc.ord.treefile	14.0	0.28
TarvD7	ENSG00000112818.nuc.ord	ENSG00000112818.nuc.ord.treefile	16.0	0.25806451612903225
TarvD7	ENSG00000112837.nuc.ord	ENSG00000112837.nuc.ord.treefile	16.0	0.25806451612903225
TarvD7	ENSG00000112851.nuc.ord	ENSG00000112851.nuc.ord.treefile	16.0	0.24242424242424243
TarvD7	ENSG00000112855.nuc.ord	ENSG00000112855.nuc.ord.treefile	6.0	0.1
TarvD7	ENSG00000112874.nuc.ord	ENSG00000112874.nuc.ord.treefile	20.0	0.3225806451612903
TarvD7	ENSG00000112877.nuc.ord	ENSG00000112877.nuc.ord.treefile	16.0	0.32
TarvD7	ENSG00000112893.nuc.ord	ENSG00000112893.nuc.ord.treefile	8.0	0.12121212121212122
TarvD7	ENSG00000112902.nuc.ord	ENSG00000112902.nuc.ord.treefile	22.0	0.34375
TarvD7	ENSG00000112936.nuc.ord	ENSG00000112936.nuc.ord.treefile	8.0	0.12903225806451613
TarvD7	ENSG00000112941.nuc.ord	ENSG00000112941.nuc.ord.treefile	16.0	0.25806451612903225
TarvD7	ENSG00000112964.nuc.ord	ENSG00000112964.nuc.ord.treefile	18.0	0.2903225806451613
TarvD7	ENSG00000112981.nuc.ord	ENSG00000112981.nuc.ord.treefile	22.0	0.44
TarvD7	ENSG00000112983.nuc.ord	ENSG00000112983.nuc.ord.treefile	10.0	0.16129032258064516
TarvD7	ENSG00000112984.nuc.ord	ENSG00000112984.nuc.ord.treefile	18.0	0.28125
TarvD7	ENSG00000112992.nuc.ord	ENSG00000112992.nuc.ord.treefile	20.0	0.30303030303030304
TarvD7	ENSG00000112996.nuc.ord	ENSG00000112996.nuc.ord.treefile	12.0	0.1875
TarvD7	ENSG00000113013.nuc.ord	ENSG00000113013.nuc.ord.treefile	12.0	0.18181818181818182
TarvD7	ENSG00000113048.nuc.ord	ENSG00000113048.nuc.ord.treefile	8.0	0.125
TarvD7	ENSG00000113068.nuc.ord	ENSG00000113068.nuc.ord.treefile	26.0	0.5
TarvD7	ENSG00000113070.nuc.ord	ENSG00000113070.nuc.ord.treefile	22.0	0.3548387096774194
TarvD7	ENSG00000113073.nuc.ord	ENSG00000113073.nuc.ord.treefile	12.0	0.1935483870967742
TarvD7	ENSG00000113083.nuc.ord	ENSG00000113083.nuc.ord.treefile	14.0	0.25925925925925924
TarvD7	ENSG00000113100.nuc.ord	ENSG00000113100.nuc.ord.treefile	16.0	0.2857142857142857
TarvD7	ENSG00000113108.nuc.ord	ENSG00000113108.nuc.ord.treefile	30.0	0.5
TarvD7	ENSG00000113119.nuc.ord	ENSG00000113119.nuc.ord.treefile	12.0	0.20689655172413793
TarvD7	ENSG00000113140.nuc.ord	ENSG00000113140.nuc.ord.treefile	26.0	0.4642857142857143
TarvD7	ENSG00000113161.nuc.ord	ENSG00000113161.nuc.ord.treefile	12.0	0.1875
TarvD7	ENSG00000113163.nuc.ord	ENSG00000113163.nuc.ord.treefile	16.0	0.25
TarvD7	ENSG00000113194.nuc.ord	ENSG00000113194.nuc.ord.treefile	34.0	0.5151515151515151
TarvD7	ENSG00000113196.nuc.ord	ENSG00000113196.nuc.ord.treefile	20.0	0.4
TarvD7	ENSG00000113231.nuc.ord	ENSG00000113231.nuc.ord.treefile	20.0	0.3125
TarvD7	ENSG00000113240.nuc.ord	ENSG00000113240.nuc.ord.treefile	30.0	0.4838709677419355
TarvD7	ENSG00000113262.nuc.ord	ENSG00000113262.nuc.ord.treefile	42.0	0.84
TarvD7	ENSG00000113263.nuc.ord	ENSG00000113263.nuc.ord.treefile	16.0	0.24242424242424243
TarvD7	ENSG00000113269.nuc.ord	ENSG00000113269.nuc.ord.treefile	28.0	0.4827586206896552
TarvD7	ENSG00000113272.nuc.ord	ENSG00000113272.nuc.ord.treefile	26.0	0.40625
TarvD7	ENSG00000113273.nuc.ord	ENSG00000113273.nuc.ord.treefile	22.0	0.3333333333333333
TarvD7	ENSG00000113282.nuc.ord	ENSG00000113282.nuc.ord.treefile	22.0	0.3333333333333333
TarvD7	ENSG00000113296.nuc.ord	ENSG00000113296.nuc.ord.treefile	22.0	0.3548387096774194
TarvD7	ENSG00000113300.nuc.ord	ENSG00000113300.nuc.ord.treefile	22.0	0.3548387096774194
TarvD7	ENSG00000113302.nuc.ord	ENSG00000113302.nuc.ord.treefile	16.0	0.24242424242424243
TarvD7	ENSG00000113312.nuc.ord	ENSG00000113312.nuc.ord.treefile	12.0	0.3333333333333333
TarvD7	ENSG00000113318.nuc.ord	ENSG00000113318.nuc.ord.treefile	12.0	0.1935483870967742
TarvD7	ENSG00000113327.nuc.ord	ENSG00000113327.nuc.ord.treefile	26.0	0.41935483870967744
TarvD7	ENSG00000113328.nuc.ord	ENSG00000113328.nuc.ord.treefile	24.0	0.41379310344827586
TarvD7	ENSG00000113356.nuc.ord	ENSG00000113356.nuc.ord.treefile	30.0	0.5172413793103449
TarvD7	ENSG00000113360.nuc.ord	ENSG00000113360.nuc.ord.treefile	20.0	0.3125
TarvD7	ENSG00000113361.nuc.ord	ENSG00000113361.nuc.ord.treefile	20.0	0.30303030303030304
TarvD7	ENSG00000113368.nuc.ord	ENSG00000113368.nuc.ord.treefile	28.0	0.5384615384615384
TarvD7	ENSG00000113369.nuc.ord	ENSG00000113369.nuc.ord.treefile	44.0	0.6875
TarvD7	ENSG00000113384.nuc.ord	ENSG00000113384.nuc.ord.treefile	32.0	0.5517241379310345
TarvD7	ENSG00000113389.nuc.ord	ENSG00000113389.nuc.ord.treefile	22.0	0.36666666666666664
TarvD7	ENSG00000113391.nuc.ord	ENSG00000113391.nuc.ord.treefile	36.0	0.5806451612903226
TarvD7	ENSG00000113441.nuc.ord	ENSG00000113441.nuc.ord.treefile	22.0	0.34375
TarvD7	ENSG00000113448.nuc.ord	ENSG00000113448.nuc.ord.treefile	24.0	0.36363636363636365
TarvD7	ENSG00000113456.nuc.ord	ENSG00000113456.nuc.ord.treefile	18.0	0.36
TarvD7	ENSG00000113460.nuc.ord	ENSG00000113460.nuc.ord.treefile	20.0	0.35714285714285715
TarvD7	ENSG00000113492.nuc.ord	ENSG00000113492.nuc.ord.treefile	16.0	0.24242424242424243
TarvD7	ENSG00000113494.nuc.ord	ENSG00000113494.nuc.ord.treefile	10.0	0.15151515151515152
TarvD7	ENSG00000113522.nuc.ord	ENSG00000113522.nuc.ord.treefile	10.0	0.1724137931034483
TarvD7	ENSG00000113525.nuc.ord	ENSG00000113525.nuc.ord.treefile	18.0	0.3103448275862069
TarvD7	ENSG00000113532.nuc.ord	ENSG00000113532.nuc.ord.treefile	18.0	0.28125
TarvD7	ENSG00000113555.nuc.ord	ENSG00000113555.nuc.ord.treefile	8.0	0.13793103448275862
TarvD7	ENSG00000113569.nuc.ord	ENSG00000113569.nuc.ord.treefile	20.0	0.3125
TarvD7	ENSG00000113575.nuc.ord	ENSG00000113575.nuc.ord.treefile	34.0	0.53125
TarvD7	ENSG00000113578.nuc.ord	ENSG00000113578.nuc.ord.treefile	36.0	0.5625
TarvD7	ENSG00000113580.nuc.ord	ENSG00000113580.nuc.ord.treefile	16.0	0.25
TarvD7	ENSG00000113583.nuc.ord	ENSG00000113583.nuc.ord.treefile	24.0	0.3870967741935484
TarvD7	ENSG00000113593.nuc.ord	ENSG00000113593.nuc.ord.treefile	14.0	0.22580645161290322
TarvD7	ENSG00000113594.nuc.ord	ENSG00000113594.nuc.ord.treefile	18.0	0.2727272727272727
TarvD7	ENSG00000113595.nuc.ord	ENSG00000113595.nuc.ord.treefile	22.0	0.3793103448275862
TarvD7	ENSG00000113600.nuc.ord	ENSG00000113600.nuc.ord.treefile	20.0	0.30303030303030304
TarvD7	ENSG00000113615.nuc.ord	ENSG00000113615.nuc.ord.treefile	22.0	0.3333333333333333
TarvD7	ENSG00000113621.nuc.ord	ENSG00000113621.nuc.ord.treefile	14.0	0.25925925925925924
TarvD7	ENSG00000113638.nuc.ord	ENSG00000113638.nuc.ord.treefile	22.0	0.34375
TarvD7	ENSG00000113643.nuc.ord	ENSG00000113643.nuc.ord.treefile	26.0	0.43333333333333335
TarvD7	ENSG00000113645.nuc.ord	ENSG00000113645.nuc.ord.treefile	8.0	0.15384615384615385
TarvD7	ENSG00000113648.nuc.ord	ENSG00000113648.nuc.ord.treefile	26.0	0.40625
TarvD7	ENSG00000113657.nuc.ord	ENSG00000113657.nuc.ord.treefile	22.0	0.3333333333333333
TarvD7	ENSG00000113658.nuc.ord	ENSG00000113658.nuc.ord.treefile	16.0	0.25
TarvD7	ENSG00000113712.nuc.ord	ENSG00000113712.nuc.ord.treefile	18.0	0.47368421052631576
TarvD7	ENSG00000113716.nuc.ord	ENSG00000113716.nuc.ord.treefile	10.0	0.15625
TarvD7	ENSG00000113719.nuc.ord	ENSG00000113719.nuc.ord.treefile	42.0	0.6363636363636364
TarvD7	ENSG00000113734.nuc.ord	ENSG00000113734.nuc.ord.treefile	36.0	0.6923076923076923
TarvD7	ENSG00000113739.nuc.ord	ENSG00000113739.nuc.ord.treefile	32.0	0.5517241379310345
TarvD7	ENSG00000113742.nuc.ord	ENSG00000113742.nuc.ord.treefile	20.0	0.3125
TarvD7	ENSG00000113761.nuc.ord	ENSG00000113761.nuc.ord.treefile	28.0	0.4666666666666667
TarvD7	ENSG00000113763.nuc.ord	ENSG00000113763.nuc.ord.treefile	30.0	0.5357142857142857
TarvD7	ENSG00000113805.nuc.ord	ENSG00000113805.nuc.ord.treefile	20.0	0.3125
TarvD7	ENSG00000113810.nuc.ord	ENSG00000113810.nuc.ord.treefile	10.0	0.16666666666666666
TarvD7	ENSG00000113812.nuc.ord	ENSG00000113812.nuc.ord.treefile	16.0	0.24242424242424243
TarvD7	ENSG00000113838.nuc.ord	ENSG00000113838.nuc.ord.treefile	12.0	0.1935483870967742
TarvD7	ENSG00000113845.nuc.ord	ENSG00000113845.nuc.ord.treefile	16.0	0.25806451612903225
TarvD7	ENSG00000113851.nuc.ord	ENSG00000113851.nuc.ord.treefile	22.0	0.36666666666666664
TarvD7	ENSG00000113905.nuc.ord	ENSG00000113905.nuc.ord.treefile	18.0	0.32142857142857145
TarvD7	ENSG00000113916.nuc.ord	ENSG00000113916.nuc.ord.treefile	12.0	0.20689655172413793
TarvD7	ENSG00000113924.nuc.ord	ENSG00000113924.nuc.ord.treefile	14.0	0.23333333333333334
TarvD7	ENSG00000113946.nuc.ord	ENSG00000113946.nuc.ord.treefile	16.0	0.25806451612903225
TarvD7	ENSG00000113966.nuc.ord	ENSG00000113966.nuc.ord.treefile	30.0	0.5172413793103449
TarvD7	ENSG00000114013.nuc.ord	ENSG00000114013.nuc.ord.treefile	22.0	0.3333333333333333
TarvD7	ENSG00000114019.nuc.ord	ENSG00000114019.nuc.ord.treefile	30.0	0.5172413793103449
TarvD7	ENSG00000114021.nuc.ord	ENSG00000114021.nuc.ord.treefile	30.0	0.4838709677419355
TarvD7	ENSG00000114023.nuc.ord	ENSG00000114023.nuc.ord.treefile	40.0	0.7407407407407407
TarvD7	ENSG00000114030.nuc.ord	ENSG00000114030.nuc.ord.treefile	20.0	0.3333333333333333
TarvD7	ENSG00000114054.nuc.ord	ENSG00000114054.nuc.ord.treefile	20.0	0.3333333333333333
TarvD7	ENSG00000114062.nuc.ord	ENSG00000114062.nuc.ord.treefile	14.0	0.25925925925925924
TarvD7	ENSG00000114107.nuc.ord	ENSG00000114107.nuc.ord.treefile	14.0	0.22580645161290322
TarvD7	ENSG00000114113.nuc.ord	ENSG00000114113.nuc.ord.treefile	26.0	0.5416666666666666
TarvD7	ENSG00000114115.nuc.ord	ENSG00000114115.nuc.ord.treefile	22.0	0.55
TarvD7	ENSG00000114126.nuc.ord	ENSG00000114126.nuc.ord.treefile	24.0	0.41379310344827586
TarvD7	ENSG00000114127.nuc.ord	ENSG00000114127.nuc.ord.treefile	10.0	0.15625
TarvD7	ENSG00000114200.nuc.ord	ENSG00000114200.nuc.ord.treefile	8.0	0.14285714285714285
TarvD7	ENSG00000114204.nuc.ord	ENSG00000114204.nuc.ord.treefile	22.0	0.39285714285714285
TarvD7	ENSG00000114209.nuc.ord	ENSG00000114209.nuc.ord.treefile	46.0	0.7666666666666667
TarvD7	ENSG00000114248.nuc.ord	ENSG00000114248.nuc.ord.treefile	14.0	0.2692307692307692
TarvD7	ENSG00000114251.nuc.ord	ENSG00000114251.nuc.ord.treefile	42.0	0.6774193548387096
TarvD7	ENSG00000114268.nuc.ord	ENSG00000114268.nuc.ord.treefile	22.0	0.4074074074074074
TarvD7	ENSG00000114270.nuc.ord	ENSG00000114270.nuc.ord.treefile	10.0	0.15625
TarvD7	ENSG00000114279.nuc.ord	ENSG00000114279.nuc.ord.treefile	34.0	0.5483870967741935
TarvD7	ENSG00000114302.nuc.ord	ENSG00000114302.nuc.ord.treefile	20.0	0.3225806451612903
TarvD7	ENSG00000114315.nuc.ord	ENSG00000114315.nuc.ord.treefile	26.0	0.5652173913043478
TarvD7	ENSG00000114316.nuc.ord	ENSG00000114316.nuc.ord.treefile	8.0	0.16666666666666666
TarvD7	ENSG00000114331.nuc.ord	ENSG00000114331.nuc.ord.treefile	20.0	0.3125
TarvD7	ENSG00000114346.nuc.ord	ENSG00000114346.nuc.ord.treefile	16.0	0.25806451612903225
TarvD7	ENSG00000114349.nuc.ord	ENSG00000114349.nuc.ord.treefile	28.0	0.5
TarvD7	ENSG00000114354.nuc.ord	ENSG00000114354.nuc.ord.treefile	18.0	0.3
TarvD7	ENSG00000114378.nuc.ord	ENSG00000114378.nuc.ord.treefile	12.0	0.20689655172413793
TarvD7	ENSG00000114383.nuc.ord	ENSG00000114383.nuc.ord.treefile	24.0	0.6
TarvD7	ENSG00000114388.nuc.ord	ENSG00000114388.nuc.ord.treefile	18.0	0.2903225806451613
TarvD7	ENSG00000114395.nuc.ord	ENSG00000114395.nuc.ord.treefile	18.0	0.3
TarvD7	ENSG00000114416.nuc.ord	ENSG00000114416.nuc.ord.treefile	12.0	0.2
TarvD7	ENSG00000114423.nuc.ord	ENSG00000114423.nuc.ord.treefile	16.0	0.25806451612903225
TarvD7	ENSG00000114439.nuc.ord	ENSG00000114439.nuc.ord.treefile	10.0	0.15625
TarvD7	ENSG00000114446.nuc.ord	ENSG00000114446.nuc.ord.treefile	24.0	0.375
TarvD7	ENSG00000114450.nuc.ord	ENSG00000114450.nuc.ord.treefile	24.0	0.42857142857142855
TarvD7	ENSG00000114473.nuc.ord	ENSG00000114473.nuc.ord.treefile	20.0	0.3225806451612903
TarvD7	ENSG00000114480.nuc.ord	ENSG00000114480.nuc.ord.treefile	20.0	0.3333333333333333
TarvD7	ENSG00000114487.nuc.ord	ENSG00000114487.nuc.ord.treefile	14.0	0.21875
TarvD7	ENSG00000114491.nuc.ord	ENSG00000114491.nuc.ord.treefile	18.0	0.28125
TarvD7	ENSG00000114520.nuc.ord	ENSG00000114520.nuc.ord.treefile	20.0	0.4166666666666667
TarvD7	ENSG00000114529.nuc.ord	ENSG00000114529.nuc.ord.treefile	22.0	0.36666666666666664
TarvD7	ENSG00000114541.nuc.ord	ENSG00000114541.nuc.ord.treefile	26.0	0.43333333333333335
TarvD7	ENSG00000114544.nuc.ord	ENSG00000114544.nuc.ord.treefile	14.0	0.25
TarvD7	ENSG00000114573.nuc.ord	ENSG00000114573.nuc.ord.treefile	12.0	0.2
TarvD7	ENSG00000114631.nuc.ord	ENSG00000114631.nuc.ord.treefile	14.0	0.2916666666666667
TarvD7	ENSG00000114638.nuc.ord	ENSG00000114638.nuc.ord.treefile	24.0	0.4444444444444444
TarvD7	ENSG00000114646.nuc.ord	ENSG00000114646.nuc.ord.treefile	20.0	0.4166666666666667
TarvD7	ENSG00000114648.nuc.ord	ENSG00000114648.nuc.ord.treefile	32.0	0.5333333333333333
TarvD7	ENSG00000114670.nuc.ord	ENSG00000114670.nuc.ord.treefile	22.0	0.3333333333333333
TarvD7	ENSG00000114686.nuc.ord	ENSG00000114686.nuc.ord.treefile	26.0	0.40625
TarvD7	ENSG00000114735.nuc.ord	ENSG00000114735.nuc.ord.treefile	26.0	0.4642857142857143
TarvD7	ENSG00000114737.nuc.ord	ENSG00000114737.nuc.ord.treefile	18.0	0.3333333333333333
TarvD7	ENSG00000114738.nuc.ord	ENSG00000114738.nuc.ord.treefile	34.0	0.5151515151515151
TarvD7	ENSG00000114739.nuc.ord	ENSG00000114739.nuc.ord.treefile	30.0	0.5769230769230769
TarvD7	ENSG00000114742.nuc.ord	ENSG00000114742.nuc.ord.treefile	34.0	0.53125
TarvD7	ENSG00000114744.nuc.ord	ENSG00000114744.nuc.ord.treefile	38.0	0.59375
TarvD7	ENSG00000114745.nuc.ord	ENSG00000114745.nuc.ord.treefile	18.0	0.36
TarvD7	ENSG00000114757.nuc.ord	ENSG00000114757.nuc.ord.treefile	24.0	0.36363636363636365
TarvD7	ENSG00000114770.nuc.ord	ENSG00000114770.nuc.ord.treefile	12.0	0.1875
TarvD7	ENSG00000114779.nuc.ord	ENSG00000114779.nuc.ord.treefile	20.0	0.4
TarvD7	ENSG00000114784.nuc.ord	ENSG00000114784.nuc.ord.treefile	36.0	0.8571428571428571
TarvD7	ENSG00000114786.nuc.ord	ENSG00000114786.nuc.ord.treefile	30.0	0.5555555555555556
TarvD7	ENSG00000114790.nuc.ord	ENSG00000114790.nuc.ord.treefile	22.0	0.36666666666666664
TarvD7	ENSG00000114796.nuc.ord	ENSG00000114796.nuc.ord.treefile	20.0	0.37037037037037035
TarvD7	ENSG00000114805.nuc.ord	ENSG00000114805.nuc.ord.treefile	24.0	0.4
TarvD7	ENSG00000114812.nuc.ord	ENSG00000114812.nuc.ord.treefile	20.0	0.35714285714285715
TarvD7	ENSG00000114841.nuc.ord	ENSG00000114841.nuc.ord.treefile	20.0	0.35714285714285715
TarvD7	ENSG00000114850.nuc.ord	ENSG00000114850.nuc.ord.treefile	26.0	0.5
TarvD7	ENSG00000114854.nuc.ord	ENSG00000114854.nuc.ord.treefile	34.0	0.6071428571428571
TarvD7	ENSG00000114859.nuc.ord	ENSG00000114859.nuc.ord.treefile	18.0	0.3103448275862069
TarvD7	ENSG00000114861.nuc.ord	ENSG00000114861.nuc.ord.treefile	32.0	0.48484848484848486
TarvD7	ENSG00000114867.nuc.ord	ENSG00000114867.nuc.ord.treefile	12.0	0.20689655172413793
TarvD7	ENSG00000114902.nuc.ord	ENSG00000114902.nuc.ord.treefile	36.0	0.6666666666666666
TarvD7	ENSG00000114904.nuc.ord	ENSG00000114904.nuc.ord.treefile	12.0	0.1935483870967742
TarvD7	ENSG00000114923.nuc.ord	ENSG00000114923.nuc.ord.treefile	10.0	0.17857142857142858
TarvD7	ENSG00000114933.nuc.ord	ENSG00000114933.nuc.ord.treefile	36.0	0.5625
TarvD7	ENSG00000114948.nuc.ord	ENSG00000114948.nuc.ord.treefile	32.0	0.48484848484848486
TarvD7	ENSG00000114956.nuc.ord	ENSG00000114956.nuc.ord.treefile	28.0	0.4666666666666667
TarvD7	ENSG00000114982.nuc.ord	ENSG00000114982.nuc.ord.treefile	10.0	0.1724137931034483
TarvD7	ENSG00000114988.nuc.ord	ENSG00000114988.nuc.ord.treefile	34.0	0.5483870967741935
TarvD7	ENSG00000114993.nuc.ord	ENSG00000114993.nuc.ord.treefile	26.0	0.41935483870967744
TarvD7	ENSG00000114999.nuc.ord	ENSG00000114999.nuc.ord.treefile	26.0	0.43333333333333335
TarvD7	ENSG00000115008.nuc.ord	ENSG00000115008.nuc.ord.treefile	18.0	0.2903225806451613
TarvD7	ENSG00000115009.nuc.ord	ENSG00000115009.nuc.ord.treefile	36.0	0.6428571428571429
TarvD7	ENSG00000115020.nuc.ord	ENSG00000115020.nuc.ord.treefile	14.0	0.2413793103448276
TarvD7	ENSG00000115053.nuc.ord	ENSG00000115053.nuc.ord.treefile	10.0	0.2
TarvD7	ENSG00000115073.nuc.ord	ENSG00000115073.nuc.ord.treefile	22.0	0.4074074074074074
TarvD7	ENSG00000115084.nuc.ord	ENSG00000115084.nuc.ord.treefile	16.0	0.26666666666666666
TarvD7	ENSG00000115091.nuc.ord	ENSG00000115091.nuc.ord.treefile	26.0	0.4482758620689655
TarvD7	ENSG00000115107.nuc.ord	ENSG00000115107.nuc.ord.treefile	22.0	0.4583333333333333
TarvD7	ENSG00000115109.nuc.ord	ENSG00000115109.nuc.ord.treefile	16.0	0.26666666666666666
TarvD7	ENSG00000115112.nuc.ord	ENSG00000115112.nuc.ord.treefile	26.0	0.40625
TarvD7	ENSG00000115128.nuc.ord	ENSG00000115128.nuc.ord.treefile	38.0	0.8636363636363636
TarvD7	ENSG00000115137.nuc.ord	ENSG00000115137.nuc.ord.treefile	42.0	0.65625
TarvD7	ENSG00000115138.nuc.ord	ENSG00000115138.nuc.ord.treefile	16.0	0.32
TarvD7	ENSG00000115145.nuc.ord	ENSG00000115145.nuc.ord.treefile	12.0	0.1935483870967742
TarvD7	ENSG00000115159.nuc.ord	ENSG00000115159.nuc.ord.treefile	14.0	0.21875
TarvD7	ENSG00000115165.nuc.ord	ENSG00000115165.nuc.ord.treefile	12.0	0.1935483870967742
TarvD7	ENSG00000115170.nuc.ord	ENSG00000115170.nuc.ord.treefile	28.0	0.42424242424242425
TarvD7	ENSG00000115183.nuc.ord	ENSG00000115183.nuc.ord.treefile	12.0	0.18181818181818182
TarvD7	ENSG00000115194.nuc.ord	ENSG00000115194.nuc.ord.treefile	18.0	0.34615384615384615
TarvD7	ENSG00000115207.nuc.ord	ENSG00000115207.nuc.ord.treefile	12.0	0.1875
TarvD7	ENSG00000115211.nuc.ord	ENSG00000115211.nuc.ord.treefile	14.0	0.23333333333333334
TarvD7	ENSG00000115216.nuc.ord	ENSG00000115216.nuc.ord.treefile	28.0	0.45161290322580644
TarvD7	ENSG00000115221.nuc.ord	ENSG00000115221.nuc.ord.treefile	12.0	0.20689655172413793
TarvD7	ENSG00000115226.nuc.ord	ENSG00000115226.nuc.ord.treefile	32.0	0.64
TarvD7	ENSG00000115232.nuc.ord	ENSG00000115232.nuc.ord.treefile	8.0	0.12903225806451613
TarvD7	ENSG00000115233.nuc.ord	ENSG00000115233.nuc.ord.treefile	28.0	0.5384615384615384
TarvD7	ENSG00000115234.nuc.ord	ENSG00000115234.nuc.ord.treefile	34.0	0.5862068965517241
TarvD7	ENSG00000115239.nuc.ord	ENSG00000115239.nuc.ord.treefile	20.0	0.30303030303030304
TarvD7	ENSG00000115241.nuc.ord	ENSG00000115241.nuc.ord.treefile	10.0	0.16666666666666666
TarvD7	ENSG00000115252.nuc.ord	ENSG00000115252.nuc.ord.treefile	14.0	0.22580645161290322
TarvD7	ENSG00000115263.nuc.ord	ENSG00000115263.nuc.ord.treefile	38.0	0.6785714285714286
TarvD7	ENSG00000115267.nuc.ord	ENSG00000115267.nuc.ord.treefile	14.0	0.21212121212121213
TarvD7	ENSG00000115271.nuc.ord	ENSG00000115271.nuc.ord.treefile	28.0	0.4666666666666667
TarvD7	ENSG00000115274.nuc.ord	ENSG00000115274.nuc.ord.treefile	24.0	0.4444444444444444
TarvD7	ENSG00000115275.nuc.ord	ENSG00000115275.nuc.ord.treefile	14.0	0.25
TarvD7	ENSG00000115289.nuc.ord	ENSG00000115289.nuc.ord.treefile	24.0	0.41379310344827586
TarvD7	ENSG00000115290.nuc.ord	ENSG00000115290.nuc.ord.treefile	26.0	0.40625
TarvD7	ENSG00000115295.nuc.ord	ENSG00000115295.nuc.ord.treefile	28.0	0.4375
TarvD7	ENSG00000115297.nuc.ord	ENSG00000115297.nuc.ord.treefile	20.0	0.4166666666666667
TarvD7	ENSG00000115306.nuc.ord	ENSG00000115306.nuc.ord.treefile	20.0	0.3125
TarvD7	ENSG00000115307.nuc.ord	ENSG00000115307.nuc.ord.treefile	16.0	0.2962962962962963
TarvD7	ENSG00000115310.nuc.ord	ENSG00000115310.nuc.ord.treefile	12.0	0.24
TarvD7	ENSG00000115318.nuc.ord	ENSG00000115318.nuc.ord.treefile	20.0	0.35714285714285715
TarvD7	ENSG00000115325.nuc.ord	ENSG00000115325.nuc.ord.treefile	18.0	0.34615384615384615
TarvD7	ENSG00000115339.nuc.ord	ENSG00000115339.nuc.ord.treefile	18.0	0.28125
TarvD7	ENSG00000115350.nuc.ord	ENSG00000115350.nuc.ord.treefile	38.0	0.7307692307692307
TarvD7	ENSG00000115353.nuc.ord	ENSG00000115353.nuc.ord.treefile	18.0	0.3
TarvD7	ENSG00000115355.nuc.ord	ENSG00000115355.nuc.ord.treefile	8.0	0.125
TarvD7	ENSG00000115361.nuc.ord	ENSG00000115361.nuc.ord.treefile	26.0	0.43333333333333335
TarvD7	ENSG00000115364.nuc.ord	ENSG00000115364.nuc.ord.treefile	28.0	0.4827586206896552
TarvD7	ENSG00000115365.nuc.ord	ENSG00000115365.nuc.ord.treefile	24.0	0.3870967741935484
TarvD7	ENSG00000115368.nuc.ord	ENSG00000115368.nuc.ord.treefile	22.0	0.36666666666666664
TarvD7	ENSG00000115380.nuc.ord	ENSG00000115380.nuc.ord.treefile	16.0	0.25806451612903225
TarvD7	ENSG00000115392.nuc.ord	ENSG00000115392.nuc.ord.treefile	12.0	0.1935483870967742
TarvD7	ENSG00000115414.nuc.ord	ENSG00000115414.nuc.ord.treefile	6.0	0.09375
TarvD7	ENSG00000115415.nuc.ord	ENSG00000115415.nuc.ord.treefile	32.0	0.5
TarvD7	ENSG00000115419.nuc.ord	ENSG00000115419.nuc.ord.treefile	42.0	0.6363636363636364
TarvD7	ENSG00000115421.nuc.ord	ENSG00000115421.nuc.ord.treefile	12.0	0.1875
TarvD7	ENSG00000115423.nuc.ord	ENSG00000115423.nuc.ord.treefile	26.0	0.3939393939393939
TarvD7	ENSG00000115425.nuc.ord	ENSG00000115425.nuc.ord.treefile	18.0	0.3103448275862069
TarvD7	ENSG00000115446.nuc.ord	ENSG00000115446.nuc.ord.treefile	28.0	0.4827586206896552
TarvD7	ENSG00000115457.nuc.ord	ENSG00000115457.nuc.ord.treefile	18.0	0.34615384615384615
TarvD7	ENSG00000115459.nuc.ord	ENSG00000115459.nuc.ord.treefile	32.0	0.5333333333333333
TarvD7	ENSG00000115461.nuc.ord	ENSG00000115461.nuc.ord.treefile	30.0	0.625
TarvD7	ENSG00000115468.nuc.ord	ENSG00000115468.nuc.ord.treefile	26.0	0.5416666666666666
TarvD7	ENSG00000115474.nuc.ord	ENSG00000115474.nuc.ord.treefile	26.0	0.3939393939393939
TarvD7	ENSG00000115484.nuc.ord	ENSG00000115484.nuc.ord.treefile	12.0	0.1935483870967742
TarvD7	ENSG00000115486.nuc.ord	ENSG00000115486.nuc.ord.treefile	20.0	0.3225806451612903
TarvD7	ENSG00000115488.nuc.ord	ENSG00000115488.nuc.ord.treefile	14.0	0.28
TarvD7	ENSG00000115504.nuc.ord	ENSG00000115504.nuc.ord.treefile	16.0	0.25
TarvD7	ENSG00000115514.nuc.ord	ENSG00000115514.nuc.ord.treefile	30.0	0.5172413793103449
TarvD7	ENSG00000115520.nuc.ord	ENSG00000115520.nuc.ord.treefile	22.0	0.3548387096774194
TarvD7	ENSG00000115524.nuc.ord	ENSG00000115524.nuc.ord.treefile	14.0	0.21875
TarvD7	ENSG00000115525.nuc.ord	ENSG00000115525.nuc.ord.treefile	24.0	0.41379310344827586
TarvD7	ENSG00000115526.nuc.ord	ENSG00000115526.nuc.ord.treefile	30.0	0.46875
TarvD7	ENSG00000115539.nuc.ord	ENSG00000115539.nuc.ord.treefile	16.0	0.34782608695652173
TarvD7	ENSG00000115540.nuc.ord	ENSG00000115540.nuc.ord.treefile	32.0	0.5517241379310345
TarvD7	ENSG00000115548.nuc.ord	ENSG00000115548.nuc.ord.treefile	16.0	0.25
TarvD7	ENSG00000115556.nuc.ord	ENSG00000115556.nuc.ord.treefile	10.0	0.16666666666666666
TarvD7	ENSG00000115561.nuc.ord	ENSG00000115561.nuc.ord.treefile	36.0	0.72
TarvD7	ENSG00000115568.nuc.ord	ENSG00000115568.nuc.ord.treefile	16.0	0.2857142857142857
TarvD7	ENSG00000115590.nuc.ord	ENSG00000115590.nuc.ord.treefile	10.0	0.16129032258064516
TarvD7	ENSG00000115592.nuc.ord	ENSG00000115592.nuc.ord.treefile	14.0	0.2413793103448276
TarvD7	ENSG00000115593.nuc.ord	ENSG00000115593.nuc.ord.treefile	20.0	0.3333333333333333
TarvD7	ENSG00000115594.nuc.ord	ENSG00000115594.nuc.ord.treefile	12.0	0.18181818181818182
TarvD7	ENSG00000115598.nuc.ord	ENSG00000115598.nuc.ord.treefile	6.0	0.1
TarvD7	ENSG00000115602.nuc.ord	ENSG00000115602.nuc.ord.treefile	18.0	0.3
TarvD7	ENSG00000115604.nuc.ord	ENSG00000115604.nuc.ord.treefile	16.0	0.26666666666666666
TarvD7	ENSG00000115607.nuc.ord	ENSG00000115607.nuc.ord.treefile	16.0	0.26666666666666666
TarvD7	ENSG00000115641.nuc.ord	ENSG00000115641.nuc.ord.treefile	14.0	0.23333333333333334
TarvD7	ENSG00000115649.nuc.ord	ENSG00000115649.nuc.ord.treefile	16.0	0.2857142857142857
TarvD7	ENSG00000115652.nuc.ord	ENSG00000115652.nuc.ord.treefile	24.0	0.5454545454545454
TarvD7	ENSG00000115657.nuc.ord	ENSG00000115657.nuc.ord.treefile	10.0	0.1724137931034483
TarvD7	ENSG00000115661.nuc.ord	ENSG00000115661.nuc.ord.treefile	30.0	0.5
TarvD7	ENSG00000115665.nuc.ord	ENSG00000115665.nuc.ord.treefile	26.0	0.40625
TarvD7	ENSG00000115677.nuc.ord	ENSG00000115677.nuc.ord.treefile	30.0	0.5
TarvD7	ENSG00000115685.nuc.ord	ENSG00000115685.nuc.ord.treefile	20.0	0.3333333333333333
TarvD7	ENSG00000115687.nuc.ord	ENSG00000115687.nuc.ord.treefile	8.0	0.16
TarvD7	ENSG00000115694.nuc.ord	ENSG00000115694.nuc.ord.treefile	20.0	0.38461538461538464
TarvD7	ENSG00000115705.nuc.ord	ENSG00000115705.nuc.ord.treefile	10.0	0.17857142857142858
TarvD7	ENSG00000115738.nuc.ord	ENSG00000115738.nuc.ord.treefile	34.0	0.6538461538461539
TarvD7	ENSG00000115756.nuc.ord	ENSG00000115756.nuc.ord.treefile	38.0	0.76
TarvD7	ENSG00000115760.nuc.ord	ENSG00000115760.nuc.ord.treefile	24.0	0.375
TarvD7	ENSG00000115761.nuc.ord	ENSG00000115761.nuc.ord.treefile	20.0	0.3225806451612903
TarvD7	ENSG00000115806.nuc.ord	ENSG00000115806.nuc.ord.treefile	20.0	0.30303030303030304
TarvD7	ENSG00000115816.nuc.ord	ENSG00000115816.nuc.ord.treefile	10.0	0.16666666666666666
TarvD7	ENSG00000115825.nuc.ord	ENSG00000115825.nuc.ord.treefile	12.0	0.1875
TarvD7	ENSG00000115827.nuc.ord	ENSG00000115827.nuc.ord.treefile	18.0	0.2903225806451613
TarvD7	ENSG00000115828.nuc.ord	ENSG00000115828.nuc.ord.treefile	24.0	0.3870967741935484
TarvD7	ENSG00000115839.nuc.ord	ENSG00000115839.nuc.ord.treefile	14.0	0.21212121212121213
TarvD7	ENSG00000115840.nuc.ord	ENSG00000115840.nuc.ord.treefile	14.0	0.21212121212121213
TarvD7	ENSG00000115841.nuc.ord	ENSG00000115841.nuc.ord.treefile	26.0	0.52
TarvD7	ENSG00000115844.nuc.ord	ENSG00000115844.nuc.ord.treefile	20.0	0.4166666666666667
TarvD7	ENSG00000115850.nuc.ord	ENSG00000115850.nuc.ord.treefile	6.0	0.09375
TarvD7	ENSG00000115866.nuc.ord	ENSG00000115866.nuc.ord.treefile	22.0	0.34375
TarvD7	ENSG00000115896.nuc.ord	ENSG00000115896.nuc.ord.treefile	26.0	0.40625
TarvD7	ENSG00000115902.nuc.ord	ENSG00000115902.nuc.ord.treefile	20.0	0.30303030303030304
TarvD7	ENSG00000115904.nuc.ord	ENSG00000115904.nuc.ord.treefile	20.0	0.3125
TarvD7	ENSG00000115919.nuc.ord	ENSG00000115919.nuc.ord.treefile	18.0	0.2903225806451613
TarvD7	ENSG00000115935.nuc.ord	ENSG00000115935.nuc.ord.treefile	14.0	0.25925925925925924
TarvD7	ENSG00000115942.nuc.ord	ENSG00000115942.nuc.ord.treefile	14.0	0.21875
TarvD7	ENSG00000115946.nuc.ord	ENSG00000115946.nuc.ord.treefile	26.0	0.4482758620689655
TarvD7	ENSG00000115947.nuc.ord	ENSG00000115947.nuc.ord.treefile	14.0	0.23333333333333334
TarvD7	ENSG00000115956.nuc.ord	ENSG00000115956.nuc.ord.treefile	26.0	0.41935483870967744
TarvD7	ENSG00000115963.nuc.ord	ENSG00000115963.nuc.ord.treefile	46.0	0.71875
TarvD7	ENSG00000115966.nuc.ord	ENSG00000115966.nuc.ord.treefile	14.0	0.22580645161290322
TarvD7	ENSG00000115970.nuc.ord	ENSG00000115970.nuc.ord.treefile	8.0	0.12903225806451613
TarvD7	ENSG00000115977.nuc.ord	ENSG00000115977.nuc.ord.treefile	22.0	0.34375
TarvD7	ENSG00000115993.nuc.ord	ENSG00000115993.nuc.ord.treefile	12.0	0.1935483870967742
TarvD7	ENSG00000115998.nuc.ord	ENSG00000115998.nuc.ord.treefile	16.0	0.27586206896551724
TarvD7	ENSG00000116005.nuc.ord	ENSG00000116005.nuc.ord.treefile	18.0	0.2903225806451613
TarvD7	ENSG00000116016.nuc.ord	ENSG00000116016.nuc.ord.treefile	18.0	0.2903225806451613
TarvD7	ENSG00000116031.nuc.ord	ENSG00000116031.nuc.ord.treefile	20.0	0.37037037037037035
TarvD7	ENSG00000116039.nuc.ord	ENSG00000116039.nuc.ord.treefile	12.0	0.21428571428571427
TarvD7	ENSG00000116044.nuc.ord	ENSG00000116044.nuc.ord.treefile	14.0	0.21212121212121213
TarvD7	ENSG00000116062.nuc.ord	ENSG00000116062.nuc.ord.treefile	18.0	0.3103448275862069
TarvD7	ENSG00000116106.nuc.ord	ENSG00000116106.nuc.ord.treefile	10.0	0.15625
TarvD7	ENSG00000116117.nuc.ord	ENSG00000116117.nuc.ord.treefile	10.0	0.15625
TarvD7	ENSG00000116120.nuc.ord	ENSG00000116120.nuc.ord.treefile	18.0	0.2727272727272727
TarvD7	ENSG00000116127.nuc.ord	ENSG00000116127.nuc.ord.treefile	18.0	0.3103448275862069
TarvD7	ENSG00000116128.nuc.ord	ENSG00000116128.nuc.ord.treefile	22.0	0.36666666666666664
TarvD7	ENSG00000116133.nuc.ord	ENSG00000116133.nuc.ord.treefile	26.0	0.41935483870967744
TarvD7	ENSG00000116138.nuc.ord	ENSG00000116138.nuc.ord.treefile	24.0	0.375
TarvD7	ENSG00000116141.nuc.ord	ENSG00000116141.nuc.ord.treefile	38.0	0.6129032258064516
TarvD7	ENSG00000116147.nuc.ord	ENSG00000116147.nuc.ord.treefile	14.0	0.22580645161290322
TarvD7	ENSG00000116151.nuc.ord	ENSG00000116151.nuc.ord.treefile	6.0	0.1875
TarvD7	ENSG00000116157.nuc.ord	ENSG00000116157.nuc.ord.treefile	26.0	0.5
TarvD7	ENSG00000116161.nuc.ord	ENSG00000116161.nuc.ord.treefile	22.0	0.39285714285714285
TarvD7	ENSG00000116171.nuc.ord	ENSG00000116171.nuc.ord.treefile	26.0	0.4642857142857143
TarvD7	ENSG00000116183.nuc.ord	ENSG00000116183.nuc.ord.treefile	8.0	0.12903225806451613
TarvD7	ENSG00000116191.nuc.ord	ENSG00000116191.nuc.ord.treefile	32.0	0.48484848484848486
TarvD7	ENSG00000116194.nuc.ord	ENSG00000116194.nuc.ord.treefile	34.0	0.5666666666666667
TarvD7	ENSG00000116198.nuc.ord	ENSG00000116198.nuc.ord.treefile	16.0	0.26666666666666666
TarvD7	ENSG00000116199.nuc.ord	ENSG00000116199.nuc.ord.treefile	16.0	0.25
TarvD7	ENSG00000116205.nuc.ord	ENSG00000116205.nuc.ord.treefile	24.0	0.3870967741935484
TarvD7	ENSG00000116209.nuc.ord	ENSG00000116209.nuc.ord.treefile	26.0	0.41935483870967744
TarvD7	ENSG00000116212.nuc.ord	ENSG00000116212.nuc.ord.treefile	34.0	0.6071428571428571
TarvD7	ENSG00000116213.nuc.ord	ENSG00000116213.nuc.ord.treefile	22.0	0.36666666666666664
TarvD7	ENSG00000116218.nuc.ord	ENSG00000116218.nuc.ord.treefile	18.0	0.2903225806451613
TarvD7	ENSG00000116221.nuc.ord	ENSG00000116221.nuc.ord.treefile	26.0	0.5
TarvD7	ENSG00000116237.nuc.ord	ENSG00000116237.nuc.ord.treefile	34.0	0.5666666666666667
TarvD7	ENSG00000116251.nuc.ord	ENSG00000116251.nuc.ord.treefile	14.0	0.4375
TarvD7	ENSG00000116254.nuc.ord	ENSG00000116254.nuc.ord.treefile	10.0	0.17857142857142858
TarvD7	ENSG00000116260.nuc.ord	ENSG00000116260.nuc.ord.treefile	18.0	0.3103448275862069
TarvD7	ENSG00000116273.nuc.ord	ENSG00000116273.nuc.ord.treefile	14.0	0.25
TarvD7	ENSG00000116285.nuc.ord	ENSG00000116285.nuc.ord.treefile	26.0	0.48148148148148145
TarvD7	ENSG00000116288.nuc.ord	ENSG00000116288.nuc.ord.treefile	38.0	0.6129032258064516
TarvD7	ENSG00000116299.nuc.ord	ENSG00000116299.nuc.ord.treefile	10.0	0.16129032258064516
TarvD7	ENSG00000116337.nuc.ord	ENSG00000116337.nuc.ord.treefile	20.0	0.35714285714285715
TarvD7	ENSG00000116353.nuc.ord	ENSG00000116353.nuc.ord.treefile	20.0	0.30303030303030304
TarvD7	ENSG00000116396.nuc.ord	ENSG00000116396.nuc.ord.treefile	30.0	0.6
TarvD7	ENSG00000116406.nuc.ord	ENSG00000116406.nuc.ord.treefile	20.0	0.3225806451612903
TarvD7	ENSG00000116455.nuc.ord	ENSG00000116455.nuc.ord.treefile	22.0	0.3548387096774194
TarvD7	ENSG00000116473.nuc.ord	ENSG00000116473.nuc.ord.treefile	40.0	0.7142857142857143
TarvD7	ENSG00000116497.nuc.ord	ENSG00000116497.nuc.ord.treefile	16.0	0.27586206896551724
TarvD7	ENSG00000116514.nuc.ord	ENSG00000116514.nuc.ord.treefile	16.0	0.27586206896551724
TarvD7	ENSG00000116525.nuc.ord	ENSG00000116525.nuc.ord.treefile	22.0	0.4583333333333333
TarvD7	ENSG00000116539.nuc.ord	ENSG00000116539.nuc.ord.treefile	8.0	0.2
TarvD7	ENSG00000116544.nuc.ord	ENSG00000116544.nuc.ord.treefile	16.0	0.2857142857142857
TarvD7	ENSG00000116574.nuc.ord	ENSG00000116574.nuc.ord.treefile	26.0	0.52
TarvD7	ENSG00000116584.nuc.ord	ENSG00000116584.nuc.ord.treefile	12.0	0.1935483870967742
TarvD7	ENSG00000116604.nuc.ord	ENSG00000116604.nuc.ord.treefile	26.0	0.5416666666666666
TarvD7	ENSG00000116641.nuc.ord	ENSG00000116641.nuc.ord.treefile	20.0	0.38461538461538464
TarvD7	ENSG00000116661.nuc.ord	ENSG00000116661.nuc.ord.treefile	28.0	0.56
TarvD7	ENSG00000116663.nuc.ord	ENSG00000116663.nuc.ord.treefile	28.0	0.5185185185185185
TarvD7	ENSG00000116667.nuc.ord	ENSG00000116667.nuc.ord.treefile	52.0	0.8666666666666667
TarvD7	ENSG00000116668.nuc.ord	ENSG00000116668.nuc.ord.treefile	12.0	0.1875
TarvD7	ENSG00000116670.nuc.ord	ENSG00000116670.nuc.ord.treefile	26.0	0.48148148148148145
TarvD7	ENSG00000116675.nuc.ord	ENSG00000116675.nuc.ord.treefile	12.0	0.1875
TarvD7	ENSG00000116678.nuc.ord	ENSG00000116678.nuc.ord.treefile	6.0	0.1
TarvD7	ENSG00000116679.nuc.ord	ENSG00000116679.nuc.ord.treefile	18.0	0.2903225806451613
TarvD7	ENSG00000116688.nuc.ord	ENSG00000116688.nuc.ord.treefile	24.0	0.3870967741935484
TarvD7	ENSG00000116691.nuc.ord	ENSG00000116691.nuc.ord.treefile	20.0	0.38461538461538464
TarvD7	ENSG00000116698.nuc.ord	ENSG00000116698.nuc.ord.treefile	10.0	0.15625
TarvD7	ENSG00000116701.nuc.ord	ENSG00000116701.nuc.ord.treefile	20.0	0.3333333333333333
TarvD7	ENSG00000116703.nuc.ord	ENSG00000116703.nuc.ord.treefile	22.0	0.39285714285714285
TarvD7	ENSG00000116704.nuc.ord	ENSG00000116704.nuc.ord.treefile	32.0	0.48484848484848486
TarvD7	ENSG00000116711.nuc.ord	ENSG00000116711.nuc.ord.treefile	14.0	0.21875
TarvD7	ENSG00000116717.nuc.ord	ENSG00000116717.nuc.ord.treefile	28.0	0.5384615384615384
TarvD7	ENSG00000116729.nuc.ord	ENSG00000116729.nuc.ord.treefile	38.0	0.5757575757575758
TarvD7	ENSG00000116741.nuc.ord	ENSG00000116741.nuc.ord.treefile	18.0	0.375
TarvD7	ENSG00000116745.nuc.ord	ENSG00000116745.nuc.ord.treefile	32.0	0.48484848484848486
TarvD7	ENSG00000116747.nuc.ord	ENSG00000116747.nuc.ord.treefile	34.0	0.5483870967741935
TarvD7	ENSG00000116748.nuc.ord	ENSG00000116748.nuc.ord.treefile	8.0	0.125
TarvD7	ENSG00000116750.nuc.ord	ENSG00000116750.nuc.ord.treefile	30.0	0.5172413793103449
TarvD7	ENSG00000116752.nuc.ord	ENSG00000116752.nuc.ord.treefile	24.0	0.41379310344827586
TarvD7	ENSG00000116754.nuc.ord	ENSG00000116754.nuc.ord.treefile	32.0	0.5161290322580645
TarvD7	ENSG00000116761.nuc.ord	ENSG00000116761.nuc.ord.treefile	22.0	0.3548387096774194
TarvD7	ENSG00000116771.nuc.ord	ENSG00000116771.nuc.ord.treefile	32.0	0.5
TarvD7	ENSG00000116774.nuc.ord	ENSG00000116774.nuc.ord.treefile	30.0	0.5
TarvD7	ENSG00000116783.nuc.ord	ENSG00000116783.nuc.ord.treefile	24.0	0.375
TarvD7	ENSG00000116786.nuc.ord	ENSG00000116786.nuc.ord.treefile	12.0	0.1935483870967742
TarvD7	ENSG00000116791.nuc.ord	ENSG00000116791.nuc.ord.treefile	30.0	0.5
TarvD7	ENSG00000116793.nuc.ord	ENSG00000116793.nuc.ord.treefile	28.0	0.4375
TarvD7	ENSG00000116809.nuc.ord	ENSG00000116809.nuc.ord.treefile	10.0	0.2
TarvD7	ENSG00000116819.nuc.ord	ENSG00000116819.nuc.ord.treefile	24.0	0.48
TarvD7	ENSG00000116824.nuc.ord	ENSG00000116824.nuc.ord.treefile	20.0	0.3333333333333333
TarvD7	ENSG00000116830.nuc.ord	ENSG00000116830.nuc.ord.treefile	10.0	0.15151515151515152
TarvD7	ENSG00000116833.nuc.ord	ENSG00000116833.nuc.ord.treefile	30.0	0.46875
TarvD7	ENSG00000116852.nuc.ord	ENSG00000116852.nuc.ord.treefile	16.0	0.2962962962962963
TarvD7	ENSG00000116857.nuc.ord	ENSG00000116857.nuc.ord.treefile	30.0	0.625
TarvD7	ENSG00000116863.nuc.ord	ENSG00000116863.nuc.ord.treefile	16.0	0.2962962962962963
TarvD7	ENSG00000116871.nuc.ord	ENSG00000116871.nuc.ord.treefile	8.0	0.13333333333333333
TarvD7	ENSG00000116874.nuc.ord	ENSG00000116874.nuc.ord.treefile	28.0	0.4375
TarvD7	ENSG00000116882.nuc.ord	ENSG00000116882.nuc.ord.treefile	16.0	0.25806451612903225
TarvD7	ENSG00000116885.nuc.ord	ENSG00000116885.nuc.ord.treefile	16.0	0.26666666666666666
TarvD7	ENSG00000116898.nuc.ord	ENSG00000116898.nuc.ord.treefile	18.0	0.3333333333333333
TarvD7	ENSG00000116906.nuc.ord	ENSG00000116906.nuc.ord.treefile	16.0	0.2857142857142857
TarvD7	ENSG00000116922.nuc.ord	ENSG00000116922.nuc.ord.treefile	24.0	0.4444444444444444
TarvD7	ENSG00000116954.nuc.ord	ENSG00000116954.nuc.ord.treefile	24.0	0.4
TarvD7	ENSG00000116957.nuc.ord	ENSG00000116957.nuc.ord.treefile	18.0	0.28125
TarvD7	ENSG00000116962.nuc.ord	ENSG00000116962.nuc.ord.treefile	6.0	0.1111111111111111
TarvD7	ENSG00000116981.nuc.ord	ENSG00000116981.nuc.ord.treefile	22.0	0.39285714285714285
TarvD7	ENSG00000116984.nuc.ord	ENSG00000116984.nuc.ord.treefile	20.0	0.3225806451612903
TarvD7	ENSG00000117000.nuc.ord	ENSG00000117000.nuc.ord.treefile	10.0	0.15151515151515152
TarvD7	ENSG00000117009.nuc.ord	ENSG00000117009.nuc.ord.treefile	16.0	0.25806451612903225
TarvD7	ENSG00000117016.nuc.ord	ENSG00000117016.nuc.ord.treefile	22.0	0.3548387096774194
TarvD7	ENSG00000117020.nuc.ord	ENSG00000117020.nuc.ord.treefile	26.0	0.41935483870967744
TarvD7	ENSG00000117036.nuc.ord	ENSG00000117036.nuc.ord.treefile	20.0	0.45454545454545453
TarvD7	ENSG00000117054.nuc.ord	ENSG00000117054.nuc.ord.treefile	22.0	0.3793103448275862
TarvD7	ENSG00000117069.nuc.ord	ENSG00000117069.nuc.ord.treefile	30.0	0.5
TarvD7	ENSG00000117090.nuc.ord	ENSG00000117090.nuc.ord.treefile	16.0	0.2857142857142857
TarvD7	ENSG00000117091.nuc.ord	ENSG00000117091.nuc.ord.treefile	12.0	0.23076923076923078
TarvD7	ENSG00000117114.nuc.ord	ENSG00000117114.nuc.ord.treefile	18.0	0.28125
TarvD7	ENSG00000117115.nuc.ord	ENSG00000117115.nuc.ord.treefile	32.0	0.5161290322580645
TarvD7	ENSG00000117118.nuc.ord	ENSG00000117118.nuc.ord.treefile	40.0	0.6451612903225806
TarvD7	ENSG00000117122.nuc.ord	ENSG00000117122.nuc.ord.treefile	24.0	0.5714285714285714
TarvD7	ENSG00000117133.nuc.ord	ENSG00000117133.nuc.ord.treefile	16.0	0.2962962962962963
TarvD7	ENSG00000117139.nuc.ord	ENSG00000117139.nuc.ord.treefile	20.0	0.3125
TarvD7	ENSG00000117143.nuc.ord	ENSG00000117143.nuc.ord.treefile	34.0	0.53125
TarvD7	ENSG00000117151.nuc.ord	ENSG00000117151.nuc.ord.treefile	30.0	0.5
TarvD7	ENSG00000117152.nuc.ord	ENSG00000117152.nuc.ord.treefile	20.0	0.38461538461538464
TarvD7	ENSG00000117153.nuc.ord	ENSG00000117153.nuc.ord.treefile	32.0	0.5333333333333333
TarvD7	ENSG00000117155.nuc.ord	ENSG00000117155.nuc.ord.treefile	10.0	0.1724137931034483
TarvD7	ENSG00000117174.nuc.ord	ENSG00000117174.nuc.ord.treefile	16.0	0.2857142857142857
TarvD7	ENSG00000117215.nuc.ord	ENSG00000117215.nuc.ord.treefile	28.0	0.5
TarvD7	ENSG00000117222.nuc.ord	ENSG00000117222.nuc.ord.treefile	22.0	0.34375
TarvD7	ENSG00000117245.nuc.ord	ENSG00000117245.nuc.ord.treefile	14.0	0.28
TarvD7	ENSG00000117266.nuc.ord	ENSG00000117266.nuc.ord.treefile	14.0	0.2413793103448276
TarvD7	ENSG00000117280.nuc.ord	ENSG00000117280.nuc.ord.treefile	26.0	0.4482758620689655
TarvD7	ENSG00000117281.nuc.ord	ENSG00000117281.nuc.ord.treefile	18.0	0.47368421052631576
TarvD7	ENSG00000117298.nuc.ord	ENSG00000117298.nuc.ord.treefile	24.0	0.4
TarvD7	ENSG00000117305.nuc.ord	ENSG00000117305.nuc.ord.treefile	26.0	0.43333333333333335
TarvD7	ENSG00000117308.nuc.ord	ENSG00000117308.nuc.ord.treefile	10.0	0.2
TarvD7	ENSG00000117318.nuc.ord	ENSG00000117318.nuc.ord.treefile	22.0	0.4583333333333333
TarvD7	ENSG00000117322.nuc.ord	ENSG00000117322.nuc.ord.treefile	6.0	0.11538461538461539
TarvD7	ENSG00000117360.nuc.ord	ENSG00000117360.nuc.ord.treefile	14.0	0.22580645161290322
TarvD7	ENSG00000117385.nuc.ord	ENSG00000117385.nuc.ord.treefile	16.0	0.27586206896551724
TarvD7	ENSG00000117394.nuc.ord	ENSG00000117394.nuc.ord.treefile	22.0	0.4230769230769231
TarvD7	ENSG00000117395.nuc.ord	ENSG00000117395.nuc.ord.treefile	18.0	0.34615384615384615
TarvD7	ENSG00000117399.nuc.ord	ENSG00000117399.nuc.ord.treefile	10.0	0.15625
TarvD7	ENSG00000117400.nuc.ord	ENSG00000117400.nuc.ord.treefile	20.0	0.3225806451612903
TarvD7	ENSG00000117408.nuc.ord	ENSG00000117408.nuc.ord.treefile	18.0	0.375
TarvD7	ENSG00000117411.nuc.ord	ENSG00000117411.nuc.ord.treefile	20.0	0.38461538461538464
TarvD7	ENSG00000117419.nuc.ord	ENSG00000117419.nuc.ord.treefile	34.0	0.53125
TarvD7	ENSG00000117425.nuc.ord	ENSG00000117425.nuc.ord.treefile	16.0	0.2962962962962963
TarvD7	ENSG00000117450.nuc.ord	ENSG00000117450.nuc.ord.treefile	28.0	0.4827586206896552
TarvD7	ENSG00000117461.nuc.ord	ENSG00000117461.nuc.ord.treefile	30.0	0.46875
TarvD7	ENSG00000117472.nuc.ord	ENSG00000117472.nuc.ord.treefile	18.0	0.5
TarvD7	ENSG00000117475.nuc.ord	ENSG00000117475.nuc.ord.treefile	10.0	0.18518518518518517
TarvD7	ENSG00000117477.nuc.ord	ENSG00000117477.nuc.ord.treefile	20.0	0.35714285714285715
TarvD7	ENSG00000117479.nuc.ord	ENSG00000117479.nuc.ord.treefile	16.0	0.2857142857142857
TarvD7	ENSG00000117480.nuc.ord	ENSG00000117480.nuc.ord.treefile	16.0	0.27586206896551724
TarvD7	ENSG00000117481.nuc.ord	ENSG00000117481.nuc.ord.treefile	14.0	0.21875
TarvD7	ENSG00000117500.nuc.ord	ENSG00000117500.nuc.ord.treefile	22.0	0.4230769230769231
TarvD7	ENSG00000117501.nuc.ord	ENSG00000117501.nuc.ord.treefile	28.0	0.4666666666666667
TarvD7	ENSG00000117505.nuc.ord	ENSG00000117505.nuc.ord.treefile	38.0	0.6333333333333333
TarvD7	ENSG00000117523.nuc.ord	ENSG00000117523.nuc.ord.treefile	8.0	0.13333333333333333
TarvD7	ENSG00000117525.nuc.ord	ENSG00000117525.nuc.ord.treefile	24.0	0.41379310344827586
TarvD7	ENSG00000117528.nuc.ord	ENSG00000117528.nuc.ord.treefile	12.0	0.1875
TarvD7	ENSG00000117533.nuc.ord	ENSG00000117533.nuc.ord.treefile	14.0	0.5833333333333334
TarvD7	ENSG00000117543.nuc.ord	ENSG00000117543.nuc.ord.treefile	42.0	0.6363636363636364
TarvD7	ENSG00000117569.nuc.ord	ENSG00000117569.nuc.ord.treefile	34.0	0.5483870967741935
TarvD7	ENSG00000117586.nuc.ord	ENSG00000117586.nuc.ord.treefile	26.0	0.43333333333333335
TarvD7	ENSG00000117594.nuc.ord	ENSG00000117594.nuc.ord.treefile	22.0	0.4230769230769231
TarvD7	ENSG00000117595.nuc.ord	ENSG00000117595.nuc.ord.treefile	24.0	0.36363636363636365
TarvD7	ENSG00000117597.nuc.ord	ENSG00000117597.nuc.ord.treefile	14.0	0.21875
TarvD7	ENSG00000117598.nuc.ord	ENSG00000117598.nuc.ord.treefile	32.0	0.5333333333333333
TarvD7	ENSG00000117600.nuc.ord	ENSG00000117600.nuc.ord.treefile	30.0	0.45454545454545453
TarvD7	ENSG00000117601.nuc.ord	ENSG00000117601.nuc.ord.treefile	14.0	0.22580645161290322
TarvD7	ENSG00000117602.nuc.ord	ENSG00000117602.nuc.ord.treefile	36.0	0.5806451612903226
TarvD7	ENSG00000117614.nuc.ord	ENSG00000117614.nuc.ord.treefile	18.0	0.36
TarvD7	ENSG00000117616.nuc.ord	ENSG00000117616.nuc.ord.treefile	20.0	0.43478260869565216
TarvD7	ENSG00000117625.nuc.ord	ENSG00000117625.nuc.ord.treefile	30.0	0.4838709677419355
TarvD7	ENSG00000117640.nuc.ord	ENSG00000117640.nuc.ord.treefile	28.0	0.4666666666666667
TarvD7	ENSG00000117643.nuc.ord	ENSG00000117643.nuc.ord.treefile	24.0	0.3870967741935484
TarvD7	ENSG00000117650.nuc.ord	ENSG00000117650.nuc.ord.treefile	20.0	0.3225806451612903
TarvD7	ENSG00000117676.nuc.ord	ENSG00000117676.nuc.ord.treefile	24.0	0.3870967741935484
TarvD7	ENSG00000117682.nuc.ord	ENSG00000117682.nuc.ord.treefile	28.0	0.42424242424242425
TarvD7	ENSG00000117691.nuc.ord	ENSG00000117691.nuc.ord.treefile	30.0	0.5555555555555556
TarvD7	ENSG00000117697.nuc.ord	ENSG00000117697.nuc.ord.treefile	14.0	0.2413793103448276
TarvD7	ENSG00000117707.nuc.ord	ENSG00000117707.nuc.ord.treefile	40.0	0.6666666666666666
TarvD7	ENSG00000117713.nuc.ord	ENSG00000117713.nuc.ord.treefile	10.0	0.15625
TarvD7	ENSG00000117724.nuc.ord	ENSG00000117724.nuc.ord.treefile	8.0	0.14285714285714285
TarvD7	ENSG00000117751.nuc.ord	ENSG00000117751.nuc.ord.treefile	28.0	0.4375
TarvD7	ENSG00000117758.nuc.ord	ENSG00000117758.nuc.ord.treefile	26.0	0.40625
TarvD7	ENSG00000117834.nuc.ord	ENSG00000117834.nuc.ord.treefile	18.0	0.2903225806451613
TarvD7	ENSG00000117862.nuc.ord	ENSG00000117862.nuc.ord.treefile	30.0	0.45454545454545453
TarvD7	ENSG00000117868.nuc.ord	ENSG00000117868.nuc.ord.treefile	16.0	0.26666666666666666
TarvD7	ENSG00000117877.nuc.ord	ENSG00000117877.nuc.ord.treefile	12.0	0.24
TarvD7	ENSG00000117906.nuc.ord	ENSG00000117906.nuc.ord.treefile	34.0	0.53125
TarvD7	ENSG00000117971.nuc.ord	ENSG00000117971.nuc.ord.treefile	30.0	0.5555555555555556
TarvD7	ENSG00000118004.nuc.ord	ENSG00000118004.nuc.ord.treefile	24.0	0.46153846153846156
TarvD7	ENSG00000118007.nuc.ord	ENSG00000118007.nuc.ord.treefile	14.0	0.23333333333333334
TarvD7	ENSG00000118017.nuc.ord	ENSG00000118017.nuc.ord.treefile	12.0	0.2222222222222222
TarvD7	ENSG00000118046.nuc.ord	ENSG00000118046.nuc.ord.treefile	16.0	0.32
TarvD7	ENSG00000118058.nuc.ord	ENSG00000118058.nuc.ord.treefile	14.0	0.21875
TarvD7	ENSG00000118094.nuc.ord	ENSG00000118094.nuc.ord.treefile	12.0	0.2222222222222222
TarvD7	ENSG00000118096.nuc.ord	ENSG00000118096.nuc.ord.treefile	30.0	0.5172413793103449
TarvD7	ENSG00000118113.nuc.ord	ENSG00000118113.nuc.ord.treefile	20.0	0.4
TarvD7	ENSG00000118137.nuc.ord	ENSG00000118137.nuc.ord.treefile	20.0	0.43478260869565216
TarvD7	ENSG00000118156.nuc.ord	ENSG00000118156.nuc.ord.treefile	8.0	0.14814814814814814
TarvD7	ENSG00000118162.nuc.ord	ENSG00000118162.nuc.ord.treefile	22.0	0.39285714285714285
TarvD7	ENSG00000118193.nuc.ord	ENSG00000118193.nuc.ord.treefile	12.0	0.2
TarvD7	ENSG00000118194.nuc.ord	ENSG00000118194.nuc.ord.treefile	28.0	0.56
TarvD7	ENSG00000118197.nuc.ord	ENSG00000118197.nuc.ord.treefile	10.0	0.2777777777777778
TarvD7	ENSG00000118200.nuc.ord	ENSG00000118200.nuc.ord.treefile	10.0	0.16129032258064516
TarvD7	ENSG00000118217.nuc.ord	ENSG00000118217.nuc.ord.treefile	10.0	0.15625
TarvD7	ENSG00000118246.nuc.ord	ENSG00000118246.nuc.ord.treefile	20.0	0.30303030303030304
TarvD7	ENSG00000118257.nuc.ord	ENSG00000118257.nuc.ord.treefile	16.0	0.25
TarvD7	ENSG00000118260.nuc.ord	ENSG00000118260.nuc.ord.treefile	36.0	0.5806451612903226
TarvD7	ENSG00000118263.nuc.ord	ENSG00000118263.nuc.ord.treefile	34.0	0.5862068965517241
TarvD7	ENSG00000118271.nuc.ord	ENSG00000118271.nuc.ord.treefile	32.0	0.5517241379310345
TarvD7	ENSG00000118276.nuc.ord	ENSG00000118276.nuc.ord.treefile	30.0	0.4838709677419355
TarvD7	ENSG00000118292.nuc.ord	ENSG00000118292.nuc.ord.treefile	32.0	0.5714285714285714
TarvD7	ENSG00000118298.nuc.ord	ENSG00000118298.nuc.ord.treefile	6.0	0.0967741935483871
TarvD7	ENSG00000118307.nuc.ord	ENSG00000118307.nuc.ord.treefile	30.0	0.45454545454545453
TarvD7	ENSG00000118308.nuc.ord	ENSG00000118308.nuc.ord.treefile	22.0	0.3548387096774194
TarvD7	ENSG00000118322.nuc.ord	ENSG00000118322.nuc.ord.treefile	14.0	0.22580645161290322
TarvD7	ENSG00000118363.nuc.ord	ENSG00000118363.nuc.ord.treefile	32.0	0.5517241379310345
TarvD7	ENSG00000118402.nuc.ord	ENSG00000118402.nuc.ord.treefile	22.0	0.34375
TarvD7	ENSG00000118407.nuc.ord	ENSG00000118407.nuc.ord.treefile	8.0	0.12121212121212122
TarvD7	ENSG00000118412.nuc.ord	ENSG00000118412.nuc.ord.treefile	6.0	0.10344827586206896
TarvD7	ENSG00000118418.nuc.ord	ENSG00000118418.nuc.ord.treefile	46.0	0.7931034482758621
TarvD7	ENSG00000118420.nuc.ord	ENSG00000118420.nuc.ord.treefile	18.0	0.3
TarvD7	ENSG00000118432.nuc.ord	ENSG00000118432.nuc.ord.treefile	22.0	0.4230769230769231
TarvD7	ENSG00000118434.nuc.ord	ENSG00000118434.nuc.ord.treefile	12.0	0.1935483870967742
TarvD7	ENSG00000118454.nuc.ord	ENSG00000118454.nuc.ord.treefile	24.0	0.375
TarvD7	ENSG00000118473.nuc.ord	ENSG00000118473.nuc.ord.treefile	34.0	0.5483870967741935
TarvD7	ENSG00000118482.nuc.ord	ENSG00000118482.nuc.ord.treefile	8.0	0.12121212121212122
TarvD7	ENSG00000118492.nuc.ord	ENSG00000118492.nuc.ord.treefile	12.0	0.2
TarvD7	ENSG00000118495.nuc.ord	ENSG00000118495.nuc.ord.treefile	24.0	0.4444444444444444
TarvD7	ENSG00000118496.nuc.ord	ENSG00000118496.nuc.ord.treefile	6.0	0.10344827586206896
TarvD7	ENSG00000118503.nuc.ord	ENSG00000118503.nuc.ord.treefile	20.0	0.3125
TarvD7	ENSG00000118507.nuc.ord	ENSG00000118507.nuc.ord.treefile	22.0	0.3548387096774194
TarvD7	ENSG00000118508.nuc.ord	ENSG00000118508.nuc.ord.treefile	26.0	0.4482758620689655
TarvD7	ENSG00000118513.nuc.ord	ENSG00000118513.nuc.ord.treefile	12.0	0.18181818181818182
TarvD7	ENSG00000118514.nuc.ord	ENSG00000118514.nuc.ord.treefile	24.0	0.375
TarvD7	ENSG00000118515.nuc.ord	ENSG00000118515.nuc.ord.treefile	22.0	0.4074074074074074
TarvD7	ENSG00000118518.nuc.ord	ENSG00000118518.nuc.ord.treefile	12.0	0.24
TarvD7	ENSG00000118523.nuc.ord	ENSG00000118523.nuc.ord.treefile	24.0	0.4444444444444444
TarvD7	ENSG00000118526.nuc.ord	ENSG00000118526.nuc.ord.treefile	28.0	0.5833333333333334
TarvD7	ENSG00000118557.nuc.ord	ENSG00000118557.nuc.ord.treefile	12.0	0.2
TarvD7	ENSG00000118564.nuc.ord	ENSG00000118564.nuc.ord.treefile	20.0	0.3225806451612903
TarvD7	ENSG00000118579.nuc.ord	ENSG00000118579.nuc.ord.treefile	28.0	0.4666666666666667
TarvD7	ENSG00000118596.nuc.ord	ENSG00000118596.nuc.ord.treefile	14.0	0.23333333333333334
TarvD7	ENSG00000118600.nuc.ord	ENSG00000118600.nuc.ord.treefile	10.0	0.2
TarvD7	ENSG00000118655.nuc.ord	ENSG00000118655.nuc.ord.treefile	10.0	0.1724137931034483
TarvD7	ENSG00000118680.nuc.ord	ENSG00000118680.nuc.ord.treefile	10.0	0.625
TarvD7	ENSG00000118689.nuc.ord	ENSG00000118689.nuc.ord.treefile	26.0	0.4642857142857143
TarvD7	ENSG00000118690.nuc.ord	ENSG00000118690.nuc.ord.treefile	16.0	0.25
TarvD7	ENSG00000118702.nuc.ord	ENSG00000118702.nuc.ord.treefile	40.0	0.7407407407407407
TarvD7	ENSG00000118705.nuc.ord	ENSG00000118705.nuc.ord.treefile	30.0	0.4838709677419355
TarvD7	ENSG00000118707.nuc.ord	ENSG00000118707.nuc.ord.treefile	18.0	0.375
TarvD7	ENSG00000118729.nuc.ord	ENSG00000118729.nuc.ord.treefile	26.0	0.41935483870967744
TarvD7	ENSG00000118733.nuc.ord	ENSG00000118733.nuc.ord.treefile	34.0	0.5483870967741935
TarvD7	ENSG00000118762.nuc.ord	ENSG00000118762.nuc.ord.treefile	28.0	0.4375
TarvD7	ENSG00000118777.nuc.ord	ENSG00000118777.nuc.ord.treefile	14.0	0.28
TarvD7	ENSG00000118785.nuc.ord	ENSG00000118785.nuc.ord.treefile	22.0	0.36666666666666664
TarvD7	ENSG00000118804.nuc.ord	ENSG00000118804.nuc.ord.treefile	10.0	0.21739130434782608
TarvD7	ENSG00000118816.nuc.ord	ENSG00000118816.nuc.ord.treefile	2.0	0.05555555555555555
TarvD7	ENSG00000118849.nuc.ord	ENSG00000118849.nuc.ord.treefile	16.0	0.3333333333333333
TarvD7	ENSG00000118855.nuc.ord	ENSG00000118855.nuc.ord.treefile	18.0	0.3103448275862069
TarvD7	ENSG00000118873.nuc.ord	ENSG00000118873.nuc.ord.treefile	26.0	0.40625
TarvD7	ENSG00000118898.nuc.ord	ENSG00000118898.nuc.ord.treefile	16.0	0.2857142857142857
TarvD7	ENSG00000118900.nuc.ord	ENSG00000118900.nuc.ord.treefile	14.0	0.21875
TarvD7	ENSG00000118922.nuc.ord	ENSG00000118922.nuc.ord.treefile	32.0	0.5161290322580645
TarvD7	ENSG00000118946.nuc.ord	ENSG00000118946.nuc.ord.treefile	24.0	0.3870967741935484
TarvD7	ENSG00000118961.nuc.ord	ENSG00000118961.nuc.ord.treefile	24.0	0.42857142857142855
TarvD7	ENSG00000118965.nuc.ord	ENSG00000118965.nuc.ord.treefile	16.0	0.27586206896551724
TarvD7	ENSG00000118971.nuc.ord	ENSG00000118971.nuc.ord.treefile	20.0	0.37037037037037035
TarvD7	ENSG00000118972.nuc.ord	ENSG00000118972.nuc.ord.treefile	28.0	0.5833333333333334
TarvD7	ENSG00000118985.nuc.ord	ENSG00000118985.nuc.ord.treefile	16.0	0.27586206896551724
TarvD7	ENSG00000118997.nuc.ord	ENSG00000118997.nuc.ord.treefile	30.0	0.5
TarvD7	ENSG00000119041.nuc.ord	ENSG00000119041.nuc.ord.treefile	30.0	0.5
TarvD7	ENSG00000119042.nuc.ord	ENSG00000119042.nuc.ord.treefile	32.0	0.48484848484848486
TarvD7	ENSG00000119048.nuc.ord	ENSG00000119048.nuc.ord.treefile	34.0	0.5666666666666667
TarvD7	ENSG00000119121.nuc.ord	ENSG00000119121.nuc.ord.treefile	6.0	0.09375
TarvD7	ENSG00000119125.nuc.ord	ENSG00000119125.nuc.ord.treefile	24.0	0.36363636363636365
TarvD7	ENSG00000119138.nuc.ord	ENSG00000119138.nuc.ord.treefile	32.0	0.6956521739130435
TarvD7	ENSG00000119139.nuc.ord	ENSG00000119139.nuc.ord.treefile	14.0	0.21875
TarvD7	ENSG00000119147.nuc.ord	ENSG00000119147.nuc.ord.treefile	22.0	0.4230769230769231
TarvD7	ENSG00000119185.nuc.ord	ENSG00000119185.nuc.ord.treefile	36.0	0.5806451612903226
TarvD7	ENSG00000119203.nuc.ord	ENSG00000119203.nuc.ord.treefile	28.0	0.4375
TarvD7	ENSG00000119227.nuc.ord	ENSG00000119227.nuc.ord.treefile	14.0	0.2692307692307692
TarvD7	ENSG00000119231.nuc.ord	ENSG00000119231.nuc.ord.treefile	12.0	0.3333333333333333
TarvD7	ENSG00000119242.nuc.ord	ENSG00000119242.nuc.ord.treefile	26.0	0.5
TarvD7	ENSG00000119280.nuc.ord	ENSG00000119280.nuc.ord.treefile	18.0	0.42857142857142855
TarvD7	ENSG00000119283.nuc.ord	ENSG00000119283.nuc.ord.treefile	28.0	0.5
TarvD7	ENSG00000119285.nuc.ord	ENSG00000119285.nuc.ord.treefile	4.0	0.06666666666666667
TarvD7	ENSG00000119314.nuc.ord	ENSG00000119314.nuc.ord.treefile	16.0	0.26666666666666666
TarvD7	ENSG00000119318.nuc.ord	ENSG00000119318.nuc.ord.treefile	24.0	0.4
TarvD7	ENSG00000119321.nuc.ord	ENSG00000119321.nuc.ord.treefile	8.0	0.12121212121212122
TarvD7	ENSG00000119326.nuc.ord	ENSG00000119326.nuc.ord.treefile	18.0	0.2903225806451613
TarvD7	ENSG00000119328.nuc.ord	ENSG00000119328.nuc.ord.treefile	32.0	0.5517241379310345
TarvD7	ENSG00000119333.nuc.ord	ENSG00000119333.nuc.ord.treefile	12.0	0.23076923076923078
TarvD7	ENSG00000119383.nuc.ord	ENSG00000119383.nuc.ord.treefile	22.0	0.36666666666666664
TarvD7	ENSG00000119392.nuc.ord	ENSG00000119392.nuc.ord.treefile	22.0	0.36666666666666664
TarvD7	ENSG00000119397.nuc.ord	ENSG00000119397.nuc.ord.treefile	6.0	0.09375
TarvD7	ENSG00000119401.nuc.ord	ENSG00000119401.nuc.ord.treefile	6.0	0.16666666666666666
TarvD7	ENSG00000119402.nuc.ord	ENSG00000119402.nuc.ord.treefile	26.0	0.43333333333333335
TarvD7	ENSG00000119403.nuc.ord	ENSG00000119403.nuc.ord.treefile	32.0	0.5333333333333333
TarvD7	ENSG00000119408.nuc.ord	ENSG00000119408.nuc.ord.treefile	22.0	0.39285714285714285
TarvD7	ENSG00000119411.nuc.ord	ENSG00000119411.nuc.ord.treefile	20.0	0.3448275862068966
TarvD7	ENSG00000119414.nuc.ord	ENSG00000119414.nuc.ord.treefile	22.0	0.36666666666666664
TarvD7	ENSG00000119421.nuc.ord	ENSG00000119421.nuc.ord.treefile	26.0	0.43333333333333335
TarvD7	ENSG00000119446.nuc.ord	ENSG00000119446.nuc.ord.treefile	26.0	0.4482758620689655
TarvD7	ENSG00000119457.nuc.ord	ENSG00000119457.nuc.ord.treefile	10.0	0.16666666666666666
TarvD7	ENSG00000119471.nuc.ord	ENSG00000119471.nuc.ord.treefile	22.0	0.3548387096774194
TarvD7	ENSG00000119487.nuc.ord	ENSG00000119487.nuc.ord.treefile	28.0	0.4375
TarvD7	ENSG00000119508.nuc.ord	ENSG00000119508.nuc.ord.treefile	14.0	0.2413793103448276
TarvD7	ENSG00000119509.nuc.ord	ENSG00000119509.nuc.ord.treefile	10.0	0.16129032258064516
TarvD7	ENSG00000119514.nuc.ord	ENSG00000119514.nuc.ord.treefile	20.0	0.3333333333333333
TarvD7	ENSG00000119522.nuc.ord	ENSG00000119522.nuc.ord.treefile	16.0	0.25806451612903225
TarvD7	ENSG00000119523.nuc.ord	ENSG00000119523.nuc.ord.treefile	16.0	0.2857142857142857
TarvD7	ENSG00000119535.nuc.ord	ENSG00000119535.nuc.ord.treefile	12.0	0.20689655172413793
TarvD7	ENSG00000119537.nuc.ord	ENSG00000119537.nuc.ord.treefile	24.0	0.375
TarvD7	ENSG00000119541.nuc.ord	ENSG00000119541.nuc.ord.treefile	30.0	0.5
TarvD7	ENSG00000119596.nuc.ord	ENSG00000119596.nuc.ord.treefile	12.0	0.18181818181818182
TarvD7	ENSG00000119608.nuc.ord	ENSG00000119608.nuc.ord.treefile	18.0	0.3103448275862069
TarvD7	ENSG00000119614.nuc.ord	ENSG00000119614.nuc.ord.treefile	40.0	0.6896551724137931
TarvD7	ENSG00000119616.nuc.ord	ENSG00000119616.nuc.ord.treefile	36.0	0.5806451612903226
TarvD7	ENSG00000119630.nuc.ord	ENSG00000119630.nuc.ord.treefile	28.0	0.6086956521739131
TarvD7	ENSG00000119636.nuc.ord	ENSG00000119636.nuc.ord.treefile	20.0	0.3125
TarvD7	ENSG00000119638.nuc.ord	ENSG00000119638.nuc.ord.treefile	14.0	0.22580645161290322
TarvD7	ENSG00000119640.nuc.ord	ENSG00000119640.nuc.ord.treefile	32.0	0.6153846153846154
TarvD7	ENSG00000119650.nuc.ord	ENSG00000119650.nuc.ord.treefile	34.0	0.5483870967741935
TarvD7	ENSG00000119655.nuc.ord	ENSG00000119655.nuc.ord.treefile	30.0	0.5
TarvD7	ENSG00000119661.nuc.ord	ENSG00000119661.nuc.ord.treefile	30.0	0.4838709677419355
TarvD7	ENSG00000119681.nuc.ord	ENSG00000119681.nuc.ord.treefile	10.0	0.1724137931034483
TarvD7	ENSG00000119682.nuc.ord	ENSG00000119682.nuc.ord.treefile	20.0	0.3125
TarvD7	ENSG00000119684.nuc.ord	ENSG00000119684.nuc.ord.treefile	6.0	0.09375
TarvD7	ENSG00000119685.nuc.ord	ENSG00000119685.nuc.ord.treefile	10.0	0.15625
TarvD7	ENSG00000119688.nuc.ord	ENSG00000119688.nuc.ord.treefile	24.0	0.3870967741935484
TarvD7	ENSG00000119689.nuc.ord	ENSG00000119689.nuc.ord.treefile	28.0	0.42424242424242425
TarvD7	ENSG00000119698.nuc.ord	ENSG00000119698.nuc.ord.treefile	28.0	0.45161290322580644
TarvD7	ENSG00000119699.nuc.ord	ENSG00000119699.nuc.ord.treefile	26.0	0.4482758620689655
TarvD7	ENSG00000119703.nuc.ord	ENSG00000119703.nuc.ord.treefile	10.0	0.23809523809523808
TarvD7	ENSG00000119705.nuc.ord	ENSG00000119705.nuc.ord.treefile	42.0	0.7
TarvD7	ENSG00000119707.nuc.ord	ENSG00000119707.nuc.ord.treefile	22.0	0.3793103448275862
TarvD7	ENSG00000119711.nuc.ord	ENSG00000119711.nuc.ord.treefile	14.0	0.23333333333333334
TarvD7	ENSG00000119715.nuc.ord	ENSG00000119715.nuc.ord.treefile	28.0	0.56
TarvD7	ENSG00000119718.nuc.ord	ENSG00000119718.nuc.ord.treefile	32.0	0.5161290322580645
TarvD7	ENSG00000119720.nuc.ord	ENSG00000119720.nuc.ord.treefile	14.0	0.21875
TarvD7	ENSG00000119723.nuc.ord	ENSG00000119723.nuc.ord.treefile	10.0	0.15625
TarvD7	ENSG00000119725.nuc.ord	ENSG00000119725.nuc.ord.treefile	30.0	0.5
TarvD7	ENSG00000119729.nuc.ord	ENSG00000119729.nuc.ord.treefile	46.0	0.7419354838709677
TarvD7	ENSG00000119737.nuc.ord	ENSG00000119737.nuc.ord.treefile	14.0	0.3684210526315789
TarvD7	ENSG00000119760.nuc.ord	ENSG00000119760.nuc.ord.treefile	28.0	0.4666666666666667
TarvD7	ENSG00000119771.nuc.ord	ENSG00000119771.nuc.ord.treefile	20.0	0.3448275862068966
TarvD7	ENSG00000119772.nuc.ord	ENSG00000119772.nuc.ord.treefile	24.0	0.48
TarvD7	ENSG00000119777.nuc.ord	ENSG00000119777.nuc.ord.treefile	12.0	0.2
TarvD7	ENSG00000119778.nuc.ord	ENSG00000119778.nuc.ord.treefile	16.0	0.25806451612903225
TarvD7	ENSG00000119782.nuc.ord	ENSG00000119782.nuc.ord.treefile	42.0	0.84
TarvD7	ENSG00000119787.nuc.ord	ENSG00000119787.nuc.ord.treefile	24.0	0.375
TarvD7	ENSG00000119801.nuc.ord	ENSG00000119801.nuc.ord.treefile	48.0	0.8
TarvD7	ENSG00000119812.nuc.ord	ENSG00000119812.nuc.ord.treefile	22.0	0.3793103448275862
TarvD7	ENSG00000119820.nuc.ord	ENSG00000119820.nuc.ord.treefile	48.0	0.75
TarvD7	ENSG00000119844.nuc.ord	ENSG00000119844.nuc.ord.treefile	10.0	0.15625
TarvD7	ENSG00000119865.nuc.ord	ENSG00000119865.nuc.ord.treefile	38.0	0.7037037037037037
TarvD7	ENSG00000119866.nuc.ord	ENSG00000119866.nuc.ord.treefile	24.0	0.4
TarvD7	ENSG00000119878.nuc.ord	ENSG00000119878.nuc.ord.treefile	44.0	0.7586206896551724
TarvD7	ENSG00000119888.nuc.ord	ENSG00000119888.nuc.ord.treefile	20.0	0.3125
TarvD7	ENSG00000119899.nuc.ord	ENSG00000119899.nuc.ord.treefile	16.0	0.27586206896551724
TarvD7	ENSG00000119900.nuc.ord	ENSG00000119900.nuc.ord.treefile	22.0	0.36666666666666664
TarvD7	ENSG00000119906.nuc.ord	ENSG00000119906.nuc.ord.treefile	22.0	0.3333333333333333
TarvD7	ENSG00000119912.nuc.ord	ENSG00000119912.nuc.ord.treefile	14.0	0.21212121212121213
TarvD7	ENSG00000119913.nuc.ord	ENSG00000119913.nuc.ord.treefile	12.0	0.18181818181818182
TarvD7	ENSG00000119919.nuc.ord	ENSG00000119919.nuc.ord.treefile	22.0	0.4230769230769231
TarvD7	ENSG00000119927.nuc.ord	ENSG00000119927.nuc.ord.treefile	12.0	0.18181818181818182
TarvD7	ENSG00000119929.nuc.ord	ENSG00000119929.nuc.ord.treefile	34.0	0.53125
TarvD7	ENSG00000119938.nuc.ord	ENSG00000119938.nuc.ord.treefile	12.0	0.25
TarvD7	ENSG00000119943.nuc.ord	ENSG00000119943.nuc.ord.treefile	12.0	0.2
TarvD7	ENSG00000119946.nuc.ord	ENSG00000119946.nuc.ord.treefile	22.0	0.3793103448275862
TarvD7	ENSG00000119950.nuc.ord	ENSG00000119950.nuc.ord.treefile	20.0	0.43478260869565216
TarvD7	ENSG00000119969.nuc.ord	ENSG00000119969.nuc.ord.treefile	14.0	0.23333333333333334
TarvD7	ENSG00000119977.nuc.ord	ENSG00000119977.nuc.ord.treefile	8.0	0.12903225806451613
TarvD7	ENSG00000119979.nuc.ord	ENSG00000119979.nuc.ord.treefile	14.0	0.23333333333333334
TarvD7	ENSG00000120008.nuc.ord	ENSG00000120008.nuc.ord.treefile	18.0	0.28125
TarvD7	ENSG00000120029.nuc.ord	ENSG00000120029.nuc.ord.treefile	16.0	0.25
TarvD7	ENSG00000120049.nuc.ord	ENSG00000120049.nuc.ord.treefile	24.0	0.46153846153846156
TarvD7	ENSG00000120051.nuc.ord	ENSG00000120051.nuc.ord.treefile	10.0	0.16129032258064516
TarvD7	ENSG00000120053.nuc.ord	ENSG00000120053.nuc.ord.treefile	26.0	0.41935483870967744
TarvD7	ENSG00000120054.nuc.ord	ENSG00000120054.nuc.ord.treefile	30.0	0.5
TarvD7	ENSG00000120063.nuc.ord	ENSG00000120063.nuc.ord.treefile	32.0	0.5161290322580645
TarvD7	ENSG00000120071.nuc.ord	ENSG00000120071.nuc.ord.treefile	8.0	0.125
TarvD7	ENSG00000120087.nuc.ord	ENSG00000120087.nuc.ord.treefile	24.0	0.5217391304347826
TarvD7	ENSG00000120088.nuc.ord	ENSG00000120088.nuc.ord.treefile	26.0	0.4642857142857143
TarvD7	ENSG00000120129.nuc.ord	ENSG00000120129.nuc.ord.treefile	28.0	0.4666666666666667
TarvD7	ENSG00000120137.nuc.ord	ENSG00000120137.nuc.ord.treefile	30.0	0.5172413793103449
TarvD7	ENSG00000120156.nuc.ord	ENSG00000120156.nuc.ord.treefile	18.0	0.2727272727272727
TarvD7	ENSG00000120158.nuc.ord	ENSG00000120158.nuc.ord.treefile	44.0	0.6666666666666666
TarvD7	ENSG00000120159.nuc.ord	ENSG00000120159.nuc.ord.treefile	18.0	0.2903225806451613
TarvD7	ENSG00000120162.nuc.ord	ENSG00000120162.nuc.ord.treefile	34.0	0.5666666666666667
TarvD7	ENSG00000120215.nuc.ord	ENSG00000120215.nuc.ord.treefile	18.0	0.2903225806451613
TarvD7	ENSG00000120217.nuc.ord	ENSG00000120217.nuc.ord.treefile	14.0	0.22580645161290322
TarvD7	ENSG00000120251.nuc.ord	ENSG00000120251.nuc.ord.treefile	44.0	0.7333333333333333
TarvD7	ENSG00000120253.nuc.ord	ENSG00000120253.nuc.ord.treefile	20.0	0.3333333333333333
TarvD7	ENSG00000120262.nuc.ord	ENSG00000120262.nuc.ord.treefile	10.0	0.15151515151515152
TarvD7	ENSG00000120265.nuc.ord	ENSG00000120265.nuc.ord.treefile	44.0	0.7333333333333333
TarvD7	ENSG00000120278.nuc.ord	ENSG00000120278.nuc.ord.treefile	8.0	0.125
TarvD7	ENSG00000120279.nuc.ord	ENSG00000120279.nuc.ord.treefile	22.0	0.39285714285714285
TarvD7	ENSG00000120280.nuc.ord	ENSG00000120280.nuc.ord.treefile	12.0	0.2608695652173913
TarvD7	ENSG00000120306.nuc.ord	ENSG00000120306.nuc.ord.treefile	38.0	0.7307692307692307
TarvD7	ENSG00000120314.nuc.ord	ENSG00000120314.nuc.ord.treefile	8.0	0.2
TarvD7	ENSG00000120318.nuc.ord	ENSG00000120318.nuc.ord.treefile	10.0	0.18518518518518517
TarvD7	ENSG00000120333.nuc.ord	ENSG00000120333.nuc.ord.treefile	44.0	0.7857142857142857
TarvD7	ENSG00000120334.nuc.ord	ENSG00000120334.nuc.ord.treefile	24.0	0.42857142857142855
TarvD7	ENSG00000120337.nuc.ord	ENSG00000120337.nuc.ord.treefile	24.0	0.46153846153846156
TarvD7	ENSG00000120341.nuc.ord	ENSG00000120341.nuc.ord.treefile	12.0	0.1875
TarvD7	ENSG00000120370.nuc.ord	ENSG00000120370.nuc.ord.treefile	20.0	0.3448275862068966
TarvD7	ENSG00000120436.nuc.ord	ENSG00000120436.nuc.ord.treefile	4.0	0.11764705882352941
TarvD7	ENSG00000120451.nuc.ord	ENSG00000120451.nuc.ord.treefile	20.0	0.3448275862068966
TarvD7	ENSG00000120457.nuc.ord	ENSG00000120457.nuc.ord.treefile	30.0	0.5769230769230769
TarvD7	ENSG00000120458.nuc.ord	ENSG00000120458.nuc.ord.treefile	38.0	0.59375
TarvD7	ENSG00000120498.nuc.ord	ENSG00000120498.nuc.ord.treefile	14.0	0.25
TarvD7	ENSG00000120509.nuc.ord	ENSG00000120509.nuc.ord.treefile	34.0	0.5862068965517241
TarvD7	ENSG00000120519.nuc.ord	ENSG00000120519.nuc.ord.treefile	30.0	0.46875
TarvD7	ENSG00000120526.nuc.ord	ENSG00000120526.nuc.ord.treefile	12.0	0.1875
TarvD7	ENSG00000120533.nuc.ord	ENSG00000120533.nuc.ord.treefile	42.0	0.84
TarvD7	ENSG00000120594.nuc.ord	ENSG00000120594.nuc.ord.treefile	24.0	0.36363636363636365
TarvD7	ENSG00000120616.nuc.ord	ENSG00000120616.nuc.ord.treefile	18.0	0.28125
TarvD7	ENSG00000120645.nuc.ord	ENSG00000120645.nuc.ord.treefile	26.0	0.43333333333333335
TarvD7	ENSG00000120647.nuc.ord	ENSG00000120647.nuc.ord.treefile	28.0	0.4375
TarvD7	ENSG00000120656.nuc.ord	ENSG00000120656.nuc.ord.treefile	36.0	0.6206896551724138
TarvD7	ENSG00000120658.nuc.ord	ENSG00000120658.nuc.ord.treefile	18.0	0.28125
TarvD7	ENSG00000120659.nuc.ord	ENSG00000120659.nuc.ord.treefile	18.0	0.28125
TarvD7	ENSG00000120662.nuc.ord	ENSG00000120662.nuc.ord.treefile	10.0	0.17857142857142858
TarvD7	ENSG00000120669.nuc.ord	ENSG00000120669.nuc.ord.treefile	6.0	0.0967741935483871
TarvD7	ENSG00000120675.nuc.ord	ENSG00000120675.nuc.ord.treefile	30.0	0.5
TarvD7	ENSG00000120685.nuc.ord	ENSG00000120685.nuc.ord.treefile	14.0	0.25
TarvD7	ENSG00000120688.nuc.ord	ENSG00000120688.nuc.ord.treefile	16.0	0.26666666666666666
TarvD7	ENSG00000120690.nuc.ord	ENSG00000120690.nuc.ord.treefile	14.0	0.2692307692307692
TarvD7	ENSG00000120694.nuc.ord	ENSG00000120694.nuc.ord.treefile	22.0	0.34375
TarvD7	ENSG00000120697.nuc.ord	ENSG00000120697.nuc.ord.treefile	16.0	0.25
TarvD7	ENSG00000120705.nuc.ord	ENSG00000120705.nuc.ord.treefile	20.0	0.3225806451612903
TarvD7	ENSG00000120708.nuc.ord	ENSG00000120708.nuc.ord.treefile	36.0	0.5454545454545454
TarvD7	ENSG00000120709.nuc.ord	ENSG00000120709.nuc.ord.treefile	18.0	0.3103448275862069
TarvD7	ENSG00000120725.nuc.ord	ENSG00000120725.nuc.ord.treefile	14.0	0.21875
TarvD7	ENSG00000120727.nuc.ord	ENSG00000120727.nuc.ord.treefile	30.0	0.6818181818181818
TarvD7	ENSG00000120729.nuc.ord	ENSG00000120729.nuc.ord.treefile	14.0	0.21212121212121213
TarvD7	ENSG00000120733.nuc.ord	ENSG00000120733.nuc.ord.treefile	16.0	0.25
TarvD7	ENSG00000120756.nuc.ord	ENSG00000120756.nuc.ord.treefile	26.0	0.41935483870967744
TarvD7	ENSG00000120798.nuc.ord	ENSG00000120798.nuc.ord.treefile	26.0	0.3939393939393939
TarvD7	ENSG00000120800.nuc.ord	ENSG00000120800.nuc.ord.treefile	8.0	0.12121212121212122
TarvD7	ENSG00000120802.nuc.ord	ENSG00000120802.nuc.ord.treefile	30.0	0.5357142857142857
TarvD7	ENSG00000120805.nuc.ord	ENSG00000120805.nuc.ord.treefile	24.0	0.41379310344827586
TarvD7	ENSG00000120820.nuc.ord	ENSG00000120820.nuc.ord.treefile	30.0	0.5
TarvD7	ENSG00000120837.nuc.ord	ENSG00000120837.nuc.ord.treefile	28.0	0.4827586206896552
TarvD7	ENSG00000120860.nuc.ord	ENSG00000120860.nuc.ord.treefile	34.0	0.5862068965517241
TarvD7	ENSG00000120868.nuc.ord	ENSG00000120868.nuc.ord.treefile	14.0	0.21212121212121213
TarvD7	ENSG00000120875.nuc.ord	ENSG00000120875.nuc.ord.treefile	36.0	0.6428571428571429
TarvD7	ENSG00000120885.nuc.ord	ENSG00000120885.nuc.ord.treefile	10.0	0.19230769230769232
TarvD7	ENSG00000120896.nuc.ord	ENSG00000120896.nuc.ord.treefile	12.0	0.20689655172413793
TarvD7	ENSG00000120899.nuc.ord	ENSG00000120899.nuc.ord.treefile	14.0	0.22580645161290322
TarvD7	ENSG00000120903.nuc.ord	ENSG00000120903.nuc.ord.treefile	12.0	0.25
TarvD7	ENSG00000120907.nuc.ord	ENSG00000120907.nuc.ord.treefile	26.0	0.5
TarvD7	ENSG00000120910.nuc.ord	ENSG00000120910.nuc.ord.treefile	20.0	0.3225806451612903
TarvD7	ENSG00000120915.nuc.ord	ENSG00000120915.nuc.ord.treefile	8.0	0.12903225806451613
TarvD7	ENSG00000120925.nuc.ord	ENSG00000120925.nuc.ord.treefile	26.0	0.41935483870967744
TarvD7	ENSG00000120942.nuc.ord	ENSG00000120942.nuc.ord.treefile	22.0	0.44
TarvD7	ENSG00000120949.nuc.ord	ENSG00000120949.nuc.ord.treefile	18.0	0.32142857142857145
TarvD7	ENSG00000121005.nuc.ord	ENSG00000121005.nuc.ord.treefile	26.0	0.43333333333333335
TarvD7	ENSG00000121022.nuc.ord	ENSG00000121022.nuc.ord.treefile	30.0	0.5
TarvD7	ENSG00000121031.nuc.ord	ENSG00000121031.nuc.ord.treefile	10.0	0.16666666666666666
TarvD7	ENSG00000121039.nuc.ord	ENSG00000121039.nuc.ord.treefile	28.0	0.4827586206896552
TarvD7	ENSG00000121053.nuc.ord	ENSG00000121053.nuc.ord.treefile	20.0	0.3333333333333333
TarvD7	ENSG00000121057.nuc.ord	ENSG00000121057.nuc.ord.treefile	12.0	0.20689655172413793
TarvD7	ENSG00000121058.nuc.ord	ENSG00000121058.nuc.ord.treefile	8.0	0.13333333333333333
TarvD7	ENSG00000121060.nuc.ord	ENSG00000121060.nuc.ord.treefile	22.0	0.3793103448275862
TarvD7	ENSG00000121064.nuc.ord	ENSG00000121064.nuc.ord.treefile	8.0	0.12903225806451613
TarvD7	ENSG00000121068.nuc.ord	ENSG00000121068.nuc.ord.treefile	10.0	0.20833333333333334
TarvD7	ENSG00000121073.nuc.ord	ENSG00000121073.nuc.ord.treefile	30.0	0.5172413793103449
TarvD7	ENSG00000121075.nuc.ord	ENSG00000121075.nuc.ord.treefile	14.0	0.2413793103448276
TarvD7	ENSG00000121101.nuc.ord	ENSG00000121101.nuc.ord.treefile	16.0	0.26666666666666666
TarvD7	ENSG00000121104.nuc.ord	ENSG00000121104.nuc.ord.treefile	26.0	0.48148148148148145
TarvD7	ENSG00000121152.nuc.ord	ENSG00000121152.nuc.ord.treefile	8.0	0.125
TarvD7	ENSG00000121207.nuc.ord	ENSG00000121207.nuc.ord.treefile	18.0	0.32142857142857145
TarvD7	ENSG00000121210.nuc.ord	ENSG00000121210.nuc.ord.treefile	12.0	0.18181818181818182
TarvD7	ENSG00000121211.nuc.ord	ENSG00000121211.nuc.ord.treefile	30.0	0.5357142857142857
TarvD7	ENSG00000121281.nuc.ord	ENSG00000121281.nuc.ord.treefile	14.0	0.25925925925925924
TarvD7	ENSG00000121289.nuc.ord	ENSG00000121289.nuc.ord.treefile	8.0	0.13333333333333333
TarvD7	ENSG00000121297.nuc.ord	ENSG00000121297.nuc.ord.treefile	18.0	0.34615384615384615
TarvD7	ENSG00000121310.nuc.ord	ENSG00000121310.nuc.ord.treefile	20.0	0.4
TarvD7	ENSG00000121316.nuc.ord	ENSG00000121316.nuc.ord.treefile	26.0	0.41935483870967744
TarvD7	ENSG00000121350.nuc.ord	ENSG00000121350.nuc.ord.treefile	18.0	0.3
TarvD7	ENSG00000121361.nuc.ord	ENSG00000121361.nuc.ord.treefile	30.0	0.5769230769230769
TarvD7	ENSG00000121390.nuc.ord	ENSG00000121390.nuc.ord.treefile	30.0	0.4838709677419355
TarvD7	ENSG00000121440.nuc.ord	ENSG00000121440.nuc.ord.treefile	20.0	0.3448275862068966
TarvD7	ENSG00000121454.nuc.ord	ENSG00000121454.nuc.ord.treefile	38.0	0.6785714285714286
TarvD7	ENSG00000121481.nuc.ord	ENSG00000121481.nuc.ord.treefile	28.0	0.45161290322580644
TarvD7	ENSG00000121486.nuc.ord	ENSG00000121486.nuc.ord.treefile	24.0	0.375
TarvD7	ENSG00000121542.nuc.ord	ENSG00000121542.nuc.ord.treefile	32.0	0.5161290322580645
TarvD7	ENSG00000121577.nuc.ord	ENSG00000121577.nuc.ord.treefile	24.0	0.41379310344827586
TarvD7	ENSG00000121578.nuc.ord	ENSG00000121578.nuc.ord.treefile	16.0	0.25806451612903225
TarvD7	ENSG00000121579.nuc.ord	ENSG00000121579.nuc.ord.treefile	32.0	0.6153846153846154
TarvD7	ENSG00000121594.nuc.ord	ENSG00000121594.nuc.ord.treefile	6.0	0.125
TarvD7	ENSG00000121621.nuc.ord	ENSG00000121621.nuc.ord.treefile	10.0	0.15151515151515152
TarvD7	ENSG00000121644.nuc.ord	ENSG00000121644.nuc.ord.treefile	38.0	0.5757575757575758
TarvD7	ENSG00000121671.nuc.ord	ENSG00000121671.nuc.ord.treefile	26.0	0.43333333333333335
TarvD7	ENSG00000121680.nuc.ord	ENSG00000121680.nuc.ord.treefile	32.0	0.5333333333333333
TarvD7	ENSG00000121690.nuc.ord	ENSG00000121690.nuc.ord.treefile	14.0	0.23333333333333334
TarvD7	ENSG00000121741.nuc.ord	ENSG00000121741.nuc.ord.treefile	22.0	0.3548387096774194
TarvD7	ENSG00000121742.nuc.ord	ENSG00000121742.nuc.ord.treefile	28.0	0.6666666666666666
TarvD7	ENSG00000121749.nuc.ord	ENSG00000121749.nuc.ord.treefile	18.0	0.28125
TarvD7	ENSG00000121753.nuc.ord	ENSG00000121753.nuc.ord.treefile	12.0	0.2222222222222222
TarvD7	ENSG00000121764.nuc.ord	ENSG00000121764.nuc.ord.treefile	18.0	0.3103448275862069
TarvD7	ENSG00000121774.nuc.ord	ENSG00000121774.nuc.ord.treefile	26.0	0.4482758620689655
TarvD7	ENSG00000121775.nuc.ord	ENSG00000121775.nuc.ord.treefile	16.0	0.25806451612903225
TarvD7	ENSG00000121848.nuc.ord	ENSG00000121848.nuc.ord.treefile	28.0	0.4375
TarvD7	ENSG00000121851.nuc.ord	ENSG00000121851.nuc.ord.treefile	32.0	0.5517241379310345
TarvD7	ENSG00000121853.nuc.ord	ENSG00000121853.nuc.ord.treefile	32.0	0.5714285714285714
TarvD7	ENSG00000121858.nuc.ord	ENSG00000121858.nuc.ord.treefile	28.0	0.4827586206896552
TarvD7	ENSG00000121871.nuc.ord	ENSG00000121871.nuc.ord.treefile	22.0	0.4782608695652174
TarvD7	ENSG00000121879.nuc.ord	ENSG00000121879.nuc.ord.treefile	12.0	0.2
TarvD7	ENSG00000121892.nuc.ord	ENSG00000121892.nuc.ord.treefile	18.0	0.2903225806451613
TarvD7	ENSG00000121895.nuc.ord	ENSG00000121895.nuc.ord.treefile	22.0	0.34375
TarvD7	ENSG00000121897.nuc.ord	ENSG00000121897.nuc.ord.treefile	28.0	0.45161290322580644
TarvD7	ENSG00000121898.nuc.ord	ENSG00000121898.nuc.ord.treefile	24.0	0.42857142857142855
TarvD7	ENSG00000121900.nuc.ord	ENSG00000121900.nuc.ord.treefile	12.0	0.20689655172413793
TarvD7	ENSG00000121904.nuc.ord	ENSG00000121904.nuc.ord.treefile	6.0	0.09090909090909091
TarvD7	ENSG00000121905.nuc.ord	ENSG00000121905.nuc.ord.treefile	42.0	0.7
TarvD7	ENSG00000121931.nuc.ord	ENSG00000121931.nuc.ord.treefile	12.0	0.2
TarvD7	ENSG00000121933.nuc.ord	ENSG00000121933.nuc.ord.treefile	30.0	0.5357142857142857
TarvD7	ENSG00000121940.nuc.ord	ENSG00000121940.nuc.ord.treefile	14.0	0.21875
TarvD7	ENSG00000121957.nuc.ord	ENSG00000121957.nuc.ord.treefile	16.0	0.26666666666666666
TarvD7	ENSG00000121966.nuc.ord	ENSG00000121966.nuc.ord.treefile	22.0	0.4074074074074074
TarvD7	ENSG00000121988.nuc.ord	ENSG00000121988.nuc.ord.treefile	16.0	0.25806451612903225
TarvD7	ENSG00000121989.nuc.ord	ENSG00000121989.nuc.ord.treefile	16.0	0.25806451612903225
TarvD7	ENSG00000122008.nuc.ord	ENSG00000122008.nuc.ord.treefile	8.0	0.125
TarvD7	ENSG00000122012.nuc.ord	ENSG00000122012.nuc.ord.treefile	16.0	0.25
TarvD7	ENSG00000122025.nuc.ord	ENSG00000122025.nuc.ord.treefile	14.0	0.21212121212121213
TarvD7	ENSG00000122033.nuc.ord	ENSG00000122033.nuc.ord.treefile	12.0	0.21428571428571427
TarvD7	ENSG00000122034.nuc.ord	ENSG00000122034.nuc.ord.treefile	28.0	0.4666666666666667
TarvD7	ENSG00000122035.nuc.ord	ENSG00000122035.nuc.ord.treefile	16.0	0.27586206896551724
TarvD7	ENSG00000122042.nuc.ord	ENSG00000122042.nuc.ord.treefile	50.0	0.8064516129032258
TarvD7	ENSG00000122068.nuc.ord	ENSG00000122068.nuc.ord.treefile	12.0	0.2
TarvD7	ENSG00000122085.nuc.ord	ENSG00000122085.nuc.ord.treefile	12.0	0.24
TarvD7	ENSG00000122121.nuc.ord	ENSG00000122121.nuc.ord.treefile	8.0	0.125
TarvD7	ENSG00000122126.nuc.ord	ENSG00000122126.nuc.ord.treefile	16.0	0.25806451612903225
TarvD7	ENSG00000122140.nuc.ord	ENSG00000122140.nuc.ord.treefile	28.0	0.5833333333333334
TarvD7	ENSG00000122176.nuc.ord	ENSG00000122176.nuc.ord.treefile	16.0	0.3076923076923077
TarvD7	ENSG00000122180.nuc.ord	ENSG00000122180.nuc.ord.treefile	30.0	0.5172413793103449
TarvD7	ENSG00000122188.nuc.ord	ENSG00000122188.nuc.ord.treefile	18.0	0.28125
TarvD7	ENSG00000122194.nuc.ord	ENSG00000122194.nuc.ord.treefile	16.0	0.4
TarvD7	ENSG00000122203.nuc.ord	ENSG00000122203.nuc.ord.treefile	8.0	0.13793103448275862
TarvD7	ENSG00000122218.nuc.ord	ENSG00000122218.nuc.ord.treefile	18.0	0.2727272727272727
TarvD7	ENSG00000122223.nuc.ord	ENSG00000122223.nuc.ord.treefile	22.0	0.44
TarvD7	ENSG00000122254.nuc.ord	ENSG00000122254.nuc.ord.treefile	18.0	0.36
TarvD7	ENSG00000122257.nuc.ord	ENSG00000122257.nuc.ord.treefile	12.0	0.1935483870967742
TarvD7	ENSG00000122299.nuc.ord	ENSG00000122299.nuc.ord.treefile	14.0	0.21875
TarvD7	ENSG00000122335.nuc.ord	ENSG00000122335.nuc.ord.treefile	26.0	0.3939393939393939
TarvD7	ENSG00000122378.nuc.ord	ENSG00000122378.nuc.ord.treefile	36.0	0.5806451612903226
TarvD7	ENSG00000122390.nuc.ord	ENSG00000122390.nuc.ord.treefile	30.0	0.5769230769230769
TarvD7	ENSG00000122417.nuc.ord	ENSG00000122417.nuc.ord.treefile	10.0	0.16129032258064516
TarvD7	ENSG00000122420.nuc.ord	ENSG00000122420.nuc.ord.treefile	24.0	0.3870967741935484
TarvD7	ENSG00000122432.nuc.ord	ENSG00000122432.nuc.ord.treefile	20.0	0.4166666666666667
TarvD7	ENSG00000122435.nuc.ord	ENSG00000122435.nuc.ord.treefile	22.0	0.3548387096774194
TarvD7	ENSG00000122477.nuc.ord	ENSG00000122477.nuc.ord.treefile	22.0	0.3333333333333333
TarvD7	ENSG00000122481.nuc.ord	ENSG00000122481.nuc.ord.treefile	30.0	0.5555555555555556
TarvD7	ENSG00000122482.nuc.ord	ENSG00000122482.nuc.ord.treefile	12.0	0.1875
TarvD7	ENSG00000122483.nuc.ord	ENSG00000122483.nuc.ord.treefile	14.0	0.22580645161290322
TarvD7	ENSG00000122484.nuc.ord	ENSG00000122484.nuc.ord.treefile	4.0	0.06666666666666667
TarvD7	ENSG00000122490.nuc.ord	ENSG00000122490.nuc.ord.treefile	22.0	0.4230769230769231
TarvD7	ENSG00000122507.nuc.ord	ENSG00000122507.nuc.ord.treefile	12.0	0.1875
TarvD7	ENSG00000122547.nuc.ord	ENSG00000122547.nuc.ord.treefile	14.0	0.23333333333333334
TarvD7	ENSG00000122550.nuc.ord	ENSG00000122550.nuc.ord.treefile	24.0	0.3870967741935484
TarvD7	ENSG00000122557.nuc.ord	ENSG00000122557.nuc.ord.treefile	34.0	0.5666666666666667
TarvD7	ENSG00000122584.nuc.ord	ENSG00000122584.nuc.ord.treefile	24.0	0.4444444444444444
TarvD7	ENSG00000122585.nuc.ord	ENSG00000122585.nuc.ord.treefile	30.0	0.5357142857142857
TarvD7	ENSG00000122591.nuc.ord	ENSG00000122591.nuc.ord.treefile	22.0	0.3333333333333333
TarvD7	ENSG00000122592.nuc.ord	ENSG00000122592.nuc.ord.treefile	26.0	0.52
TarvD7	ENSG00000122643.nuc.ord	ENSG00000122643.nuc.ord.treefile	22.0	0.36666666666666664
TarvD7	ENSG00000122678.nuc.ord	ENSG00000122678.nuc.ord.treefile	22.0	0.3793103448275862
TarvD7	ENSG00000122679.nuc.ord	ENSG00000122679.nuc.ord.treefile	10.0	0.25
TarvD7	ENSG00000122687.nuc.ord	ENSG00000122687.nuc.ord.treefile	22.0	0.4074074074074074
TarvD7	ENSG00000122691.nuc.ord	ENSG00000122691.nuc.ord.treefile	12.0	0.6
TarvD7	ENSG00000122692.nuc.ord	ENSG00000122692.nuc.ord.treefile	28.0	0.5384615384615384
TarvD7	ENSG00000122694.nuc.ord	ENSG00000122694.nuc.ord.treefile	42.0	0.65625
TarvD7	ENSG00000122705.nuc.ord	ENSG00000122705.nuc.ord.treefile	30.0	0.46875
TarvD7	ENSG00000122707.nuc.ord	ENSG00000122707.nuc.ord.treefile	10.0	0.15151515151515152
TarvD7	ENSG00000122711.nuc.ord	ENSG00000122711.nuc.ord.treefile	34.0	0.6538461538461539
TarvD7	ENSG00000122729.nuc.ord	ENSG00000122729.nuc.ord.treefile	20.0	0.3125
TarvD7	ENSG00000122735.nuc.ord	ENSG00000122735.nuc.ord.treefile	18.0	0.32142857142857145
TarvD7	ENSG00000122741.nuc.ord	ENSG00000122741.nuc.ord.treefile	22.0	0.34375
TarvD7	ENSG00000122756.nuc.ord	ENSG00000122756.nuc.ord.treefile	32.0	0.6153846153846154
TarvD7	ENSG00000122778.nuc.ord	ENSG00000122778.nuc.ord.treefile	22.0	0.3793103448275862
TarvD7	ENSG00000122779.nuc.ord	ENSG00000122779.nuc.ord.treefile	22.0	0.34375
TarvD7	ENSG00000122783.nuc.ord	ENSG00000122783.nuc.ord.treefile	12.0	0.2608695652173913
TarvD7	ENSG00000122786.nuc.ord	ENSG00000122786.nuc.ord.treefile	16.0	0.2857142857142857
TarvD7	ENSG00000122787.nuc.ord	ENSG00000122787.nuc.ord.treefile	28.0	0.45161290322580644
TarvD7	ENSG00000122859.nuc.ord	ENSG00000122859.nuc.ord.treefile	12.0	0.4
TarvD7	ENSG00000122861.nuc.ord	ENSG00000122861.nuc.ord.treefile	12.0	0.2
TarvD7	ENSG00000122862.nuc.ord	ENSG00000122862.nuc.ord.treefile	32.0	0.5925925925925926
TarvD7	ENSG00000122863.nuc.ord	ENSG00000122863.nuc.ord.treefile	24.0	0.46153846153846156
TarvD7	ENSG00000122870.nuc.ord	ENSG00000122870.nuc.ord.treefile	12.0	0.18181818181818182
TarvD7	ENSG00000122873.nuc.ord	ENSG00000122873.nuc.ord.treefile	42.0	0.7241379310344828
TarvD7	ENSG00000122877.nuc.ord	ENSG00000122877.nuc.ord.treefile	18.0	0.3333333333333333
TarvD7	ENSG00000122882.nuc.ord	ENSG00000122882.nuc.ord.treefile	10.0	0.15151515151515152
TarvD7	ENSG00000122884.nuc.ord	ENSG00000122884.nuc.ord.treefile	48.0	0.7741935483870968
TarvD7	ENSG00000122912.nuc.ord	ENSG00000122912.nuc.ord.treefile	34.0	0.5151515151515151
TarvD7	ENSG00000122958.nuc.ord	ENSG00000122958.nuc.ord.treefile	14.0	0.3333333333333333
TarvD7	ENSG00000122965.nuc.ord	ENSG00000122965.nuc.ord.treefile	24.0	0.41379310344827586
TarvD7	ENSG00000122966.nuc.ord	ENSG00000122966.nuc.ord.treefile	22.0	0.4230769230769231
TarvD7	ENSG00000122970.nuc.ord	ENSG00000122970.nuc.ord.treefile	30.0	0.46875
TarvD7	ENSG00000122986.nuc.ord	ENSG00000122986.nuc.ord.treefile	24.0	0.42857142857142855
TarvD7	ENSG00000123064.nuc.ord	ENSG00000123064.nuc.ord.treefile	18.0	0.32142857142857145
TarvD7	ENSG00000123066.nuc.ord	ENSG00000123066.nuc.ord.treefile	12.0	0.18181818181818182
TarvD7	ENSG00000123080.nuc.ord	ENSG00000123080.nuc.ord.treefile	28.0	0.4827586206896552
TarvD7	ENSG00000123091.nuc.ord	ENSG00000123091.nuc.ord.treefile	28.0	0.6363636363636364
TarvD7	ENSG00000123094.nuc.ord	ENSG00000123094.nuc.ord.treefile	32.0	0.5517241379310345
TarvD7	ENSG00000123096.nuc.ord	ENSG00000123096.nuc.ord.treefile	30.0	0.5172413793103449
TarvD7	ENSG00000123104.nuc.ord	ENSG00000123104.nuc.ord.treefile	16.0	0.2857142857142857
TarvD7	ENSG00000123106.nuc.ord	ENSG00000123106.nuc.ord.treefile	28.0	0.4666666666666667
TarvD7	ENSG00000123119.nuc.ord	ENSG00000123119.nuc.ord.treefile	40.0	0.6666666666666666
TarvD7	ENSG00000123124.nuc.ord	ENSG00000123124.nuc.ord.treefile	10.0	0.15151515151515152
TarvD7	ENSG00000123146.nuc.ord	ENSG00000123146.nuc.ord.treefile	8.0	0.16
TarvD7	ENSG00000123154.nuc.ord	ENSG00000123154.nuc.ord.treefile	28.0	0.4827586206896552
TarvD7	ENSG00000123191.nuc.ord	ENSG00000123191.nuc.ord.treefile	12.0	0.1875
TarvD7	ENSG00000123200.nuc.ord	ENSG00000123200.nuc.ord.treefile	12.0	0.1935483870967742
TarvD7	ENSG00000123201.nuc.ord	ENSG00000123201.nuc.ord.treefile	14.0	0.22580645161290322
TarvD7	ENSG00000123213.nuc.ord	ENSG00000123213.nuc.ord.treefile	12.0	0.1935483870967742
TarvD7	ENSG00000123219.nuc.ord	ENSG00000123219.nuc.ord.treefile	14.0	0.21212121212121213
TarvD7	ENSG00000123240.nuc.ord	ENSG00000123240.nuc.ord.treefile	14.0	0.21875
TarvD7	ENSG00000123243.nuc.ord	ENSG00000123243.nuc.ord.treefile	10.0	0.16129032258064516
TarvD7	ENSG00000123297.nuc.ord	ENSG00000123297.nuc.ord.treefile	28.0	0.5185185185185185
TarvD7	ENSG00000123307.nuc.ord	ENSG00000123307.nuc.ord.treefile	12.0	0.25
TarvD7	ENSG00000123329.nuc.ord	ENSG00000123329.nuc.ord.treefile	20.0	0.37037037037037035
TarvD7	ENSG00000123338.nuc.ord	ENSG00000123338.nuc.ord.treefile	6.0	0.09375
TarvD7	ENSG00000123342.nuc.ord	ENSG00000123342.nuc.ord.treefile	18.0	0.3
TarvD7	ENSG00000123349.nuc.ord	ENSG00000123349.nuc.ord.treefile	36.0	0.6923076923076923
TarvD7	ENSG00000123352.nuc.ord	ENSG00000123352.nuc.ord.treefile	14.0	0.23333333333333334
TarvD7	ENSG00000123353.nuc.ord	ENSG00000123353.nuc.ord.treefile	22.0	0.4074074074074074
TarvD7	ENSG00000123358.nuc.ord	ENSG00000123358.nuc.ord.treefile	8.0	0.15384615384615385
TarvD7	ENSG00000123360.nuc.ord	ENSG00000123360.nuc.ord.treefile	24.0	0.46153846153846156
TarvD7	ENSG00000123395.nuc.ord	ENSG00000123395.nuc.ord.treefile	30.0	0.6
TarvD7	ENSG00000123405.nuc.ord	ENSG00000123405.nuc.ord.treefile	14.0	0.25
TarvD7	ENSG00000123411.nuc.ord	ENSG00000123411.nuc.ord.treefile	20.0	0.4166666666666667
TarvD7	ENSG00000123415.nuc.ord	ENSG00000123415.nuc.ord.treefile	24.0	0.46153846153846156
TarvD7	ENSG00000123427.nuc.ord	ENSG00000123427.nuc.ord.treefile	22.0	0.5
TarvD7	ENSG00000123444.nuc.ord	ENSG00000123444.nuc.ord.treefile	24.0	0.3870967741935484
TarvD7	ENSG00000123472.nuc.ord	ENSG00000123472.nuc.ord.treefile	16.0	0.25
TarvD7	ENSG00000123473.nuc.ord	ENSG00000123473.nuc.ord.treefile	8.0	0.125
TarvD7	ENSG00000123496.nuc.ord	ENSG00000123496.nuc.ord.treefile	18.0	0.3
TarvD7	ENSG00000123500.nuc.ord	ENSG00000123500.nuc.ord.treefile	14.0	0.25
TarvD7	ENSG00000123545.nuc.ord	ENSG00000123545.nuc.ord.treefile	18.0	0.34615384615384615
TarvD7	ENSG00000123552.nuc.ord	ENSG00000123552.nuc.ord.treefile	22.0	0.3548387096774194
TarvD7	ENSG00000123560.nuc.ord	ENSG00000123560.nuc.ord.treefile	38.0	0.6129032258064516
TarvD7	ENSG00000123562.nuc.ord	ENSG00000123562.nuc.ord.treefile	24.0	0.5
TarvD7	ENSG00000123570.nuc.ord	ENSG00000123570.nuc.ord.treefile	20.0	0.37037037037037035
TarvD7	ENSG00000123575.nuc.ord	ENSG00000123575.nuc.ord.treefile	32.0	0.5925925925925926
TarvD7	ENSG00000123600.nuc.ord	ENSG00000123600.nuc.ord.treefile	18.0	0.28125
TarvD7	ENSG00000123607.nuc.ord	ENSG00000123607.nuc.ord.treefile	10.0	0.16666666666666666
TarvD7	ENSG00000123609.nuc.ord	ENSG00000123609.nuc.ord.treefile	18.0	0.34615384615384615
TarvD7	ENSG00000123610.nuc.ord	ENSG00000123610.nuc.ord.treefile	18.0	0.32142857142857145
TarvD7	ENSG00000123612.nuc.ord	ENSG00000123612.nuc.ord.treefile	8.0	0.125
TarvD7	ENSG00000123684.nuc.ord	ENSG00000123684.nuc.ord.treefile	32.0	0.5
TarvD7	ENSG00000123685.nuc.ord	ENSG00000123685.nuc.ord.treefile	32.0	0.6666666666666666
TarvD7	ENSG00000123700.nuc.ord	ENSG00000123700.nuc.ord.treefile	32.0	0.5925925925925926
TarvD7	ENSG00000123728.nuc.ord	ENSG00000123728.nuc.ord.treefile	42.0	0.7241379310344828
TarvD7	ENSG00000123737.nuc.ord	ENSG00000123737.nuc.ord.treefile	22.0	0.36666666666666664
TarvD7	ENSG00000123739.nuc.ord	ENSG00000123739.nuc.ord.treefile	34.0	0.5862068965517241
TarvD7	ENSG00000123810.nuc.ord	ENSG00000123810.nuc.ord.treefile	20.0	0.5263157894736842
TarvD7	ENSG00000123815.nuc.ord	ENSG00000123815.nuc.ord.treefile	26.0	0.43333333333333335
TarvD7	ENSG00000123836.nuc.ord	ENSG00000123836.nuc.ord.treefile	18.0	0.28125
TarvD7	ENSG00000123838.nuc.ord	ENSG00000123838.nuc.ord.treefile	10.0	0.25
TarvD7	ENSG00000123892.nuc.ord	ENSG00000123892.nuc.ord.treefile	48.0	0.7741935483870968
TarvD7	ENSG00000123901.nuc.ord	ENSG00000123901.nuc.ord.treefile	22.0	0.36666666666666664
TarvD7	ENSG00000123908.nuc.ord	ENSG00000123908.nuc.ord.treefile	20.0	0.37037037037037035
TarvD7	ENSG00000123933.nuc.ord	ENSG00000123933.nuc.ord.treefile	24.0	0.5454545454545454
TarvD7	ENSG00000123977.nuc.ord	ENSG00000123977.nuc.ord.treefile	10.0	0.16666666666666666
TarvD7	ENSG00000123983.nuc.ord	ENSG00000123983.nuc.ord.treefile	22.0	0.34375
TarvD7	ENSG00000123989.nuc.ord	ENSG00000123989.nuc.ord.treefile	16.0	0.3076923076923077
TarvD7	ENSG00000123992.nuc.ord	ENSG00000123992.nuc.ord.treefile	28.0	0.4666666666666667
TarvD7	ENSG00000123999.nuc.ord	ENSG00000123999.nuc.ord.treefile	14.0	0.25925925925925924
TarvD7	ENSG00000124003.nuc.ord	ENSG00000124003.nuc.ord.treefile	34.0	0.5862068965517241
TarvD7	ENSG00000124019.nuc.ord	ENSG00000124019.nuc.ord.treefile	16.0	0.32
TarvD7	ENSG00000124067.nuc.ord	ENSG00000124067.nuc.ord.treefile	28.0	0.45161290322580644
TarvD7	ENSG00000124089.nuc.ord	ENSG00000124089.nuc.ord.treefile	22.0	0.6470588235294118
TarvD7	ENSG00000124091.nuc.ord	ENSG00000124091.nuc.ord.treefile	10.0	0.17857142857142858
TarvD7	ENSG00000124092.nuc.ord	ENSG00000124092.nuc.ord.treefile	10.0	0.1724137931034483
TarvD7	ENSG00000124098.nuc.ord	ENSG00000124098.nuc.ord.treefile	26.0	0.4642857142857143
TarvD7	ENSG00000124104.nuc.ord	ENSG00000124104.nuc.ord.treefile	22.0	0.4583333333333333
TarvD7	ENSG00000124120.nuc.ord	ENSG00000124120.nuc.ord.treefile	28.0	0.42424242424242425
TarvD7	ENSG00000124126.nuc.ord	ENSG00000124126.nuc.ord.treefile	8.0	0.14285714285714285
TarvD7	ENSG00000124134.nuc.ord	ENSG00000124134.nuc.ord.treefile	14.0	0.28
TarvD7	ENSG00000124140.nuc.ord	ENSG00000124140.nuc.ord.treefile	28.0	0.4666666666666667
TarvD7	ENSG00000124143.nuc.ord	ENSG00000124143.nuc.ord.treefile	22.0	0.55
TarvD7	ENSG00000124145.nuc.ord	ENSG00000124145.nuc.ord.treefile	30.0	0.5357142857142857
TarvD7	ENSG00000124155.nuc.ord	ENSG00000124155.nuc.ord.treefile	20.0	0.3225806451612903
TarvD7	ENSG00000124160.nuc.ord	ENSG00000124160.nuc.ord.treefile	14.0	0.22580645161290322
TarvD7	ENSG00000124164.nuc.ord	ENSG00000124164.nuc.ord.treefile	28.0	0.4666666666666667
TarvD7	ENSG00000124171.nuc.ord	ENSG00000124171.nuc.ord.treefile	36.0	0.6666666666666666
TarvD7	ENSG00000124177.nuc.ord	ENSG00000124177.nuc.ord.treefile	14.0	0.21212121212121213
TarvD7	ENSG00000124181.nuc.ord	ENSG00000124181.nuc.ord.treefile	14.0	0.22580645161290322
TarvD7	ENSG00000124191.nuc.ord	ENSG00000124191.nuc.ord.treefile	24.0	0.4
TarvD7	ENSG00000124193.nuc.ord	ENSG00000124193.nuc.ord.treefile	26.0	0.41935483870967744
TarvD7	ENSG00000124198.nuc.ord	ENSG00000124198.nuc.ord.treefile	14.0	0.21212121212121213
TarvD7	ENSG00000124201.nuc.ord	ENSG00000124201.nuc.ord.treefile	10.0	0.15625
TarvD7	ENSG00000124203.nuc.ord	ENSG00000124203.nuc.ord.treefile	10.0	0.17857142857142858
TarvD7	ENSG00000124205.nuc.ord	ENSG00000124205.nuc.ord.treefile	26.0	0.5652173913043478
TarvD7	ENSG00000124207.nuc.ord	ENSG00000124207.nuc.ord.treefile	16.0	0.25
TarvD7	ENSG00000124209.nuc.ord	ENSG00000124209.nuc.ord.treefile	40.0	0.6060606060606061
TarvD7	ENSG00000124212.nuc.ord	ENSG00000124212.nuc.ord.treefile	24.0	0.42857142857142855
TarvD7	ENSG00000124214.nuc.ord	ENSG00000124214.nuc.ord.treefile	22.0	0.36666666666666664
TarvD7	ENSG00000124215.nuc.ord	ENSG00000124215.nuc.ord.treefile	14.0	0.3333333333333333
TarvD7	ENSG00000124222.nuc.ord	ENSG00000124222.nuc.ord.treefile	18.0	0.4090909090909091
TarvD7	ENSG00000124225.nuc.ord	ENSG00000124225.nuc.ord.treefile	34.0	0.6296296296296297
TarvD7	ENSG00000124226.nuc.ord	ENSG00000124226.nuc.ord.treefile	34.0	0.5483870967741935
TarvD7	ENSG00000124228.nuc.ord	ENSG00000124228.nuc.ord.treefile	14.0	0.21875
TarvD7	ENSG00000124232.nuc.ord	ENSG00000124232.nuc.ord.treefile	34.0	0.5666666666666667
TarvD7	ENSG00000124237.nuc.ord	ENSG00000124237.nuc.ord.treefile	42.0	0.7241379310344828
TarvD7	ENSG00000124249.nuc.ord	ENSG00000124249.nuc.ord.treefile	20.0	0.625
TarvD7	ENSG00000124251.nuc.ord	ENSG00000124251.nuc.ord.treefile	14.0	0.23333333333333334
TarvD7	ENSG00000124253.nuc.ord	ENSG00000124253.nuc.ord.treefile	14.0	0.22580645161290322
TarvD7	ENSG00000124275.nuc.ord	ENSG00000124275.nuc.ord.treefile	20.0	0.3125
TarvD7	ENSG00000124279.nuc.ord	ENSG00000124279.nuc.ord.treefile	20.0	0.37037037037037035
TarvD7	ENSG00000124299.nuc.ord	ENSG00000124299.nuc.ord.treefile	24.0	0.3870967741935484
TarvD7	ENSG00000124302.nuc.ord	ENSG00000124302.nuc.ord.treefile	24.0	0.5
TarvD7	ENSG00000124356.nuc.ord	ENSG00000124356.nuc.ord.treefile	18.0	0.34615384615384615
TarvD7	ENSG00000124357.nuc.ord	ENSG00000124357.nuc.ord.treefile	28.0	0.4827586206896552
TarvD7	ENSG00000124370.nuc.ord	ENSG00000124370.nuc.ord.treefile	26.0	0.5416666666666666
TarvD7	ENSG00000124374.nuc.ord	ENSG00000124374.nuc.ord.treefile	34.0	0.68
TarvD7	ENSG00000124380.nuc.ord	ENSG00000124380.nuc.ord.treefile	32.0	0.5925925925925926
TarvD7	ENSG00000124406.nuc.ord	ENSG00000124406.nuc.ord.treefile	24.0	0.4
TarvD7	ENSG00000124422.nuc.ord	ENSG00000124422.nuc.ord.treefile	22.0	0.3793103448275862
TarvD7	ENSG00000124429.nuc.ord	ENSG00000124429.nuc.ord.treefile	18.0	0.2903225806451613
TarvD7	ENSG00000124440.nuc.ord	ENSG00000124440.nuc.ord.treefile	12.0	0.21428571428571427
TarvD7	ENSG00000124455.nuc.ord	ENSG00000124455.nuc.ord.treefile	26.0	0.5
TarvD7	ENSG00000124466.nuc.ord	ENSG00000124466.nuc.ord.treefile	16.0	0.2962962962962963
TarvD7	ENSG00000124479.nuc.ord	ENSG00000124479.nuc.ord.treefile	36.0	0.6206896551724138
TarvD7	ENSG00000124491.nuc.ord	ENSG00000124491.nuc.ord.treefile	16.0	0.25806451612903225
TarvD7	ENSG00000124493.nuc.ord	ENSG00000124493.nuc.ord.treefile	24.0	0.48
TarvD7	ENSG00000124496.nuc.ord	ENSG00000124496.nuc.ord.treefile	14.0	0.22580645161290322
TarvD7	ENSG00000124507.nuc.ord	ENSG00000124507.nuc.ord.treefile	22.0	0.4782608695652174
TarvD7	ENSG00000124523.nuc.ord	ENSG00000124523.nuc.ord.treefile	12.0	0.1935483870967742
TarvD7	ENSG00000124532.nuc.ord	ENSG00000124532.nuc.ord.treefile	38.0	0.6333333333333333
TarvD7	ENSG00000124535.nuc.ord	ENSG00000124535.nuc.ord.treefile	24.0	0.41379310344827586
TarvD7	ENSG00000124557.nuc.ord	ENSG00000124557.nuc.ord.treefile	14.0	0.25925925925925924
TarvD7	ENSG00000124571.nuc.ord	ENSG00000124571.nuc.ord.treefile	16.0	0.25
TarvD7	ENSG00000124574.nuc.ord	ENSG00000124574.nuc.ord.treefile	6.0	0.10344827586206896
TarvD7	ENSG00000124587.nuc.ord	ENSG00000124587.nuc.ord.treefile	12.0	0.1935483870967742
TarvD7	ENSG00000124588.nuc.ord	ENSG00000124588.nuc.ord.treefile	20.0	0.4
TarvD7	ENSG00000124593.nuc.ord	ENSG00000124593.nuc.ord.treefile	20.0	0.4166666666666667
TarvD7	ENSG00000124596.nuc.ord	ENSG00000124596.nuc.ord.treefile	34.0	0.5666666666666667
TarvD7	ENSG00000124602.nuc.ord	ENSG00000124602.nuc.ord.treefile	8.0	0.16
TarvD7	ENSG00000124608.nuc.ord	ENSG00000124608.nuc.ord.treefile	18.0	0.3
TarvD7	ENSG00000124615.nuc.ord	ENSG00000124615.nuc.ord.treefile	16.0	0.25806451612903225
TarvD7	ENSG00000124641.nuc.ord	ENSG00000124641.nuc.ord.treefile	38.0	0.6129032258064516
TarvD7	ENSG00000124659.nuc.ord	ENSG00000124659.nuc.ord.treefile	12.0	0.35294117647058826
TarvD7	ENSG00000124688.nuc.ord	ENSG00000124688.nuc.ord.treefile	18.0	0.36
TarvD7	ENSG00000124701.nuc.ord	ENSG00000124701.nuc.ord.treefile	26.0	0.4642857142857143
TarvD7	ENSG00000124713.nuc.ord	ENSG00000124713.nuc.ord.treefile	22.0	0.3793103448275862
TarvD7	ENSG00000124721.nuc.ord	ENSG00000124721.nuc.ord.treefile	6.0	0.09090909090909091
TarvD7	ENSG00000124731.nuc.ord	ENSG00000124731.nuc.ord.treefile	18.0	0.391304347826087
TarvD7	ENSG00000124743.nuc.ord	ENSG00000124743.nuc.ord.treefile	34.0	0.5483870967741935
TarvD7	ENSG00000124762.nuc.ord	ENSG00000124762.nuc.ord.treefile	20.0	0.35714285714285715
TarvD7	ENSG00000124767.nuc.ord	ENSG00000124767.nuc.ord.treefile	42.0	0.7
TarvD7	ENSG00000124772.nuc.ord	ENSG00000124772.nuc.ord.treefile	30.0	0.5172413793103449
TarvD7	ENSG00000124782.nuc.ord	ENSG00000124782.nuc.ord.treefile	10.0	0.16666666666666666
TarvD7	ENSG00000124783.nuc.ord	ENSG00000124783.nuc.ord.treefile	28.0	0.4827586206896552
TarvD7	ENSG00000124784.nuc.ord	ENSG00000124784.nuc.ord.treefile	26.0	0.3939393939393939
TarvD7	ENSG00000124785.nuc.ord	ENSG00000124785.nuc.ord.treefile	36.0	0.8181818181818182
TarvD7	ENSG00000124786.nuc.ord	ENSG00000124786.nuc.ord.treefile	32.0	0.48484848484848486
TarvD7	ENSG00000124787.nuc.ord	ENSG00000124787.nuc.ord.treefile	20.0	0.37037037037037035
TarvD7	ENSG00000124788.nuc.ord	ENSG00000124788.nuc.ord.treefile	14.0	0.2413793103448276
TarvD7	ENSG00000124789.nuc.ord	ENSG00000124789.nuc.ord.treefile	8.0	0.13333333333333333
TarvD7	ENSG00000124795.nuc.ord	ENSG00000124795.nuc.ord.treefile	32.0	0.5333333333333333
TarvD7	ENSG00000124802.nuc.ord	ENSG00000124802.nuc.ord.treefile	26.0	0.43333333333333335
TarvD7	ENSG00000124812.nuc.ord	ENSG00000124812.nuc.ord.treefile	16.0	0.3333333333333333
TarvD7	ENSG00000124813.nuc.ord	ENSG00000124813.nuc.ord.treefile	44.0	0.6875
TarvD7	ENSG00000124818.nuc.ord	ENSG00000124818.nuc.ord.treefile	14.0	0.21875
TarvD7	ENSG00000124827.nuc.ord	ENSG00000124827.nuc.ord.treefile	8.0	0.13793103448275862
TarvD7	ENSG00000124831.nuc.ord	ENSG00000124831.nuc.ord.treefile	38.0	0.6551724137931034
TarvD7	ENSG00000124882.nuc.ord	ENSG00000124882.nuc.ord.treefile	30.0	0.5357142857142857
TarvD7	ENSG00000124920.nuc.ord	ENSG00000124920.nuc.ord.treefile	20.0	0.35714285714285715
TarvD7	ENSG00000125037.nuc.ord	ENSG00000125037.nuc.ord.treefile	44.0	0.6666666666666666
TarvD7	ENSG00000125046.nuc.ord	ENSG00000125046.nuc.ord.treefile	18.0	0.36
TarvD7	ENSG00000125084.nuc.ord	ENSG00000125084.nuc.ord.treefile	18.0	0.391304347826087
TarvD7	ENSG00000125107.nuc.ord	ENSG00000125107.nuc.ord.treefile	16.0	0.25
TarvD7	ENSG00000125124.nuc.ord	ENSG00000125124.nuc.ord.treefile	16.0	0.25
TarvD7	ENSG00000125149.nuc.ord	ENSG00000125149.nuc.ord.treefile	22.0	0.34375
TarvD7	ENSG00000125166.nuc.ord	ENSG00000125166.nuc.ord.treefile	32.0	0.5161290322580645
TarvD7	ENSG00000125170.nuc.ord	ENSG00000125170.nuc.ord.treefile	16.0	0.4444444444444444
TarvD7	ENSG00000125207.nuc.ord	ENSG00000125207.nuc.ord.treefile	24.0	0.41379310344827586
TarvD7	ENSG00000125245.nuc.ord	ENSG00000125245.nuc.ord.treefile	22.0	0.4074074074074074
TarvD7	ENSG00000125246.nuc.ord	ENSG00000125246.nuc.ord.treefile	28.0	0.42424242424242425
TarvD7	ENSG00000125247.nuc.ord	ENSG00000125247.nuc.ord.treefile	18.0	0.3
TarvD7	ENSG00000125255.nuc.ord	ENSG00000125255.nuc.ord.treefile	18.0	0.28125
TarvD7	ENSG00000125266.nuc.ord	ENSG00000125266.nuc.ord.treefile	30.0	0.46875
TarvD7	ENSG00000125304.nuc.ord	ENSG00000125304.nuc.ord.treefile	28.0	0.4375
TarvD7	ENSG00000125319.nuc.ord	ENSG00000125319.nuc.ord.treefile	22.0	0.34375
TarvD7	ENSG00000125347.nuc.ord	ENSG00000125347.nuc.ord.treefile	24.0	0.3870967741935484
TarvD7	ENSG00000125351.nuc.ord	ENSG00000125351.nuc.ord.treefile	24.0	0.4444444444444444
TarvD7	ENSG00000125354.nuc.ord	ENSG00000125354.nuc.ord.treefile	36.0	0.5454545454545454
TarvD7	ENSG00000125355.nuc.ord	ENSG00000125355.nuc.ord.treefile	34.0	0.53125
TarvD7	ENSG00000125356.nuc.ord	ENSG00000125356.nuc.ord.treefile	38.0	0.8260869565217391
TarvD7	ENSG00000125375.nuc.ord	ENSG00000125375.nuc.ord.treefile	40.0	0.7142857142857143
TarvD7	ENSG00000125378.nuc.ord	ENSG00000125378.nuc.ord.treefile	28.0	0.5
TarvD7	ENSG00000125384.nuc.ord	ENSG00000125384.nuc.ord.treefile	30.0	0.6521739130434783
TarvD7	ENSG00000125386.nuc.ord	ENSG00000125386.nuc.ord.treefile	22.0	0.3548387096774194
TarvD7	ENSG00000125388.nuc.ord	ENSG00000125388.nuc.ord.treefile	14.0	0.2413793103448276
TarvD7	ENSG00000125409.nuc.ord	ENSG00000125409.nuc.ord.treefile	16.0	0.27586206896551724
TarvD7	ENSG00000125445.nuc.ord	ENSG00000125445.nuc.ord.treefile	30.0	0.5172413793103449
TarvD7	ENSG00000125447.nuc.ord	ENSG00000125447.nuc.ord.treefile	6.0	0.10344827586206896
TarvD7	ENSG00000125450.nuc.ord	ENSG00000125450.nuc.ord.treefile	16.0	0.24242424242424243
TarvD7	ENSG00000125454.nuc.ord	ENSG00000125454.nuc.ord.treefile	16.0	0.2857142857142857
TarvD7	ENSG00000125457.nuc.ord	ENSG00000125457.nuc.ord.treefile	42.0	0.7777777777777778
TarvD7	ENSG00000125485.nuc.ord	ENSG00000125485.nuc.ord.treefile	14.0	0.22580645161290322
TarvD7	ENSG00000125492.nuc.ord	ENSG00000125492.nuc.ord.treefile	28.0	0.6363636363636364
TarvD7	ENSG00000125510.nuc.ord	ENSG00000125510.nuc.ord.treefile	14.0	0.3333333333333333
TarvD7	ENSG00000125538.nuc.ord	ENSG00000125538.nuc.ord.treefile	14.0	0.2413793103448276
TarvD7	ENSG00000125611.nuc.ord	ENSG00000125611.nuc.ord.treefile	26.0	0.5909090909090909
TarvD7	ENSG00000125629.nuc.ord	ENSG00000125629.nuc.ord.treefile	30.0	0.5172413793103449
TarvD7	ENSG00000125630.nuc.ord	ENSG00000125630.nuc.ord.treefile	12.0	0.18181818181818182
TarvD7	ENSG00000125633.nuc.ord	ENSG00000125633.nuc.ord.treefile	8.0	0.13793103448275862
TarvD7	ENSG00000125652.nuc.ord	ENSG00000125652.nuc.ord.treefile	26.0	0.5652173913043478
TarvD7	ENSG00000125656.nuc.ord	ENSG00000125656.nuc.ord.treefile	18.0	0.375
TarvD7	ENSG00000125675.nuc.ord	ENSG00000125675.nuc.ord.treefile	46.0	0.71875
TarvD7	ENSG00000125676.nuc.ord	ENSG00000125676.nuc.ord.treefile	18.0	0.47368421052631576
TarvD7	ENSG00000125686.nuc.ord	ENSG00000125686.nuc.ord.treefile	12.0	0.1875
TarvD7	ENSG00000125695.nuc.ord	ENSG00000125695.nuc.ord.treefile	34.0	0.5666666666666667
TarvD7	ENSG00000125730.nuc.ord	ENSG00000125730.nuc.ord.treefile	18.0	0.3333333333333333
TarvD7	ENSG00000125733.nuc.ord	ENSG00000125733.nuc.ord.treefile	18.0	0.34615384615384615
TarvD7	ENSG00000125735.nuc.ord	ENSG00000125735.nuc.ord.treefile	22.0	0.4782608695652174
TarvD7	ENSG00000125740.nuc.ord	ENSG00000125740.nuc.ord.treefile	32.0	0.6153846153846154
TarvD7	ENSG00000125743.nuc.ord	ENSG00000125743.nuc.ord.treefile	26.0	0.6842105263157895
TarvD7	ENSG00000125753.nuc.ord	ENSG00000125753.nuc.ord.treefile	30.0	0.6
TarvD7	ENSG00000125755.nuc.ord	ENSG00000125755.nuc.ord.treefile	8.0	0.15384615384615385
TarvD7	ENSG00000125772.nuc.ord	ENSG00000125772.nuc.ord.treefile	12.0	0.1875
TarvD7	ENSG00000125775.nuc.ord	ENSG00000125775.nuc.ord.treefile	18.0	0.34615384615384615
TarvD7	ENSG00000125779.nuc.ord	ENSG00000125779.nuc.ord.treefile	22.0	0.3548387096774194
TarvD7	ENSG00000125780.nuc.ord	ENSG00000125780.nuc.ord.treefile	8.0	0.13333333333333333
TarvD7	ENSG00000125810.nuc.ord	ENSG00000125810.nuc.ord.treefile	16.0	0.3076923076923077
TarvD7	ENSG00000125812.nuc.ord	ENSG00000125812.nuc.ord.treefile	16.0	0.36363636363636365
TarvD7	ENSG00000125813.nuc.ord	ENSG00000125813.nuc.ord.treefile	16.0	0.32
TarvD7	ENSG00000125814.nuc.ord	ENSG00000125814.nuc.ord.treefile	36.0	0.5806451612903226
TarvD7	ENSG00000125818.nuc.ord	ENSG00000125818.nuc.ord.treefile	22.0	0.3548387096774194
TarvD7	ENSG00000125821.nuc.ord	ENSG00000125821.nuc.ord.treefile	28.0	0.4666666666666667
TarvD7	ENSG00000125826.nuc.ord	ENSG00000125826.nuc.ord.treefile	22.0	0.4074074074074074
TarvD7	ENSG00000125827.nuc.ord	ENSG00000125827.nuc.ord.treefile	18.0	0.3103448275862069
TarvD7	ENSG00000125834.nuc.ord	ENSG00000125834.nuc.ord.treefile	26.0	0.43333333333333335
TarvD7	ENSG00000125841.nuc.ord	ENSG00000125841.nuc.ord.treefile	24.0	0.5454545454545454
TarvD7	ENSG00000125843.nuc.ord	ENSG00000125843.nuc.ord.treefile	30.0	0.5172413793103449
TarvD7	ENSG00000125844.nuc.ord	ENSG00000125844.nuc.ord.treefile	18.0	0.3
TarvD7	ENSG00000125845.nuc.ord	ENSG00000125845.nuc.ord.treefile	16.0	0.27586206896551724
TarvD7	ENSG00000125850.nuc.ord	ENSG00000125850.nuc.ord.treefile	18.0	0.32142857142857145
TarvD7	ENSG00000125851.nuc.ord	ENSG00000125851.nuc.ord.treefile	22.0	0.34375
TarvD7	ENSG00000125861.nuc.ord	ENSG00000125861.nuc.ord.treefile	20.0	0.4166666666666667
TarvD7	ENSG00000125863.nuc.ord	ENSG00000125863.nuc.ord.treefile	6.0	0.09375
TarvD7	ENSG00000125864.nuc.ord	ENSG00000125864.nuc.ord.treefile	6.0	0.1
TarvD7	ENSG00000125868.nuc.ord	ENSG00000125868.nuc.ord.treefile	38.0	0.7037037037037037
TarvD7	ENSG00000125869.nuc.ord	ENSG00000125869.nuc.ord.treefile	26.0	0.43333333333333335
TarvD7	ENSG00000125871.nuc.ord	ENSG00000125871.nuc.ord.treefile	12.0	0.18181818181818182
TarvD7	ENSG00000125872.nuc.ord	ENSG00000125872.nuc.ord.treefile	14.0	0.28
TarvD7	ENSG00000125875.nuc.ord	ENSG00000125875.nuc.ord.treefile	32.0	0.5
TarvD7	ENSG00000125877.nuc.ord	ENSG00000125877.nuc.ord.treefile	32.0	0.5161290322580645
TarvD7	ENSG00000125879.nuc.ord	ENSG00000125879.nuc.ord.treefile	22.0	0.3793103448275862
TarvD7	ENSG00000125885.nuc.ord	ENSG00000125885.nuc.ord.treefile	12.0	0.18181818181818182
TarvD7	ENSG00000125901.nuc.ord	ENSG00000125901.nuc.ord.treefile	24.0	0.5454545454545454
TarvD7	ENSG00000125910.nuc.ord	ENSG00000125910.nuc.ord.treefile	20.0	0.5263157894736842
TarvD7	ENSG00000125912.nuc.ord	ENSG00000125912.nuc.ord.treefile	14.0	0.3181818181818182
TarvD7	ENSG00000125931.nuc.ord	ENSG00000125931.nuc.ord.treefile	32.0	0.6666666666666666
TarvD7	ENSG00000125944.nuc.ord	ENSG00000125944.nuc.ord.treefile	16.0	0.2857142857142857
TarvD7	ENSG00000125945.nuc.ord	ENSG00000125945.nuc.ord.treefile	34.0	0.5666666666666667
TarvD7	ENSG00000125952.nuc.ord	ENSG00000125952.nuc.ord.treefile	50.0	0.78125
TarvD7	ENSG00000125954.nuc.ord	ENSG00000125954.nuc.ord.treefile	22.0	0.3333333333333333
TarvD7	ENSG00000125965.nuc.ord	ENSG00000125965.nuc.ord.treefile	16.0	0.34782608695652173
TarvD7	ENSG00000125966.nuc.ord	ENSG00000125966.nuc.ord.treefile	24.0	0.4444444444444444
TarvD7	ENSG00000125967.nuc.ord	ENSG00000125967.nuc.ord.treefile	16.0	0.32
TarvD7	ENSG00000125968.nuc.ord	ENSG00000125968.nuc.ord.treefile	22.0	0.4583333333333333
TarvD7	ENSG00000125970.nuc.ord	ENSG00000125970.nuc.ord.treefile	26.0	0.5416666666666666
TarvD7	ENSG00000125999.nuc.ord	ENSG00000125999.nuc.ord.treefile	20.0	0.3448275862068966
TarvD7	ENSG00000126001.nuc.ord	ENSG00000126001.nuc.ord.treefile	10.0	0.1724137931034483
TarvD7	ENSG00000126003.nuc.ord	ENSG00000126003.nuc.ord.treefile	28.0	0.4827586206896552
TarvD7	ENSG00000126010.nuc.ord	ENSG00000126010.nuc.ord.treefile	16.0	0.25
TarvD7	ENSG00000126016.nuc.ord	ENSG00000126016.nuc.ord.treefile	16.0	0.25
TarvD7	ENSG00000126062.nuc.ord	ENSG00000126062.nuc.ord.treefile	28.0	0.4827586206896552
TarvD7	ENSG00000126067.nuc.ord	ENSG00000126067.nuc.ord.treefile	24.0	0.3870967741935484
TarvD7	ENSG00000126070.nuc.ord	ENSG00000126070.nuc.ord.treefile	24.0	0.4
TarvD7	ENSG00000126088.nuc.ord	ENSG00000126088.nuc.ord.treefile	14.0	0.23333333333333334
TarvD7	ENSG00000126091.nuc.ord	ENSG00000126091.nuc.ord.treefile	30.0	0.5172413793103449
TarvD7	ENSG00000126106.nuc.ord	ENSG00000126106.nuc.ord.treefile	24.0	0.46153846153846156
TarvD7	ENSG00000126214.nuc.ord	ENSG00000126214.nuc.ord.treefile	34.0	0.53125
TarvD7	ENSG00000126216.nuc.ord	ENSG00000126216.nuc.ord.treefile	22.0	0.36666666666666664
TarvD7	ENSG00000126217.nuc.ord	ENSG00000126217.nuc.ord.treefile	20.0	0.38461538461538464
TarvD7	ENSG00000126218.nuc.ord	ENSG00000126218.nuc.ord.treefile	14.0	0.30434782608695654
TarvD7	ENSG00000126226.nuc.ord	ENSG00000126226.nuc.ord.treefile	24.0	0.48
TarvD7	ENSG00000126231.nuc.ord	ENSG00000126231.nuc.ord.treefile	6.0	0.17647058823529413
TarvD7	ENSG00000126247.nuc.ord	ENSG00000126247.nuc.ord.treefile	30.0	0.5357142857142857
TarvD7	ENSG00000126249.nuc.ord	ENSG00000126249.nuc.ord.treefile	24.0	0.4
TarvD7	ENSG00000126259.nuc.ord	ENSG00000126259.nuc.ord.treefile	10.0	0.19230769230769232
TarvD7	ENSG00000126261.nuc.ord	ENSG00000126261.nuc.ord.treefile	20.0	0.3225806451612903
TarvD7	ENSG00000126264.nuc.ord	ENSG00000126264.nuc.ord.treefile	30.0	0.7142857142857143
TarvD7	ENSG00000126267.nuc.ord	ENSG00000126267.nuc.ord.treefile	32.0	0.7619047619047619
TarvD7	ENSG00000126337.nuc.ord	ENSG00000126337.nuc.ord.treefile	20.0	0.37037037037037035
TarvD7	ENSG00000126351.nuc.ord	ENSG00000126351.nuc.ord.treefile	28.0	0.56
TarvD7	ENSG00000126353.nuc.ord	ENSG00000126353.nuc.ord.treefile	14.0	0.2916666666666667
TarvD7	ENSG00000126391.nuc.ord	ENSG00000126391.nuc.ord.treefile	18.0	0.375
TarvD7	ENSG00000126432.nuc.ord	ENSG00000126432.nuc.ord.treefile	10.0	0.22727272727272727
TarvD7	ENSG00000126467.nuc.ord	ENSG00000126467.nuc.ord.treefile	18.0	0.32142857142857145
TarvD7	ENSG00000126524.nuc.ord	ENSG00000126524.nuc.ord.treefile	22.0	0.44
TarvD7	ENSG00000126561.nuc.ord	ENSG00000126561.nuc.ord.treefile	10.0	0.2
TarvD7	ENSG00000126562.nuc.ord	ENSG00000126562.nuc.ord.treefile	12.0	0.21428571428571427
TarvD7	ENSG00000126581.nuc.ord	ENSG00000126581.nuc.ord.treefile	32.0	0.5333333333333333
TarvD7	ENSG00000126583.nuc.ord	ENSG00000126583.nuc.ord.treefile	32.0	0.5517241379310345
TarvD7	ENSG00000126602.nuc.ord	ENSG00000126602.nuc.ord.treefile	16.0	0.26666666666666666
TarvD7	ENSG00000126603.nuc.ord	ENSG00000126603.nuc.ord.treefile	8.0	0.14285714285714285
TarvD7	ENSG00000126653.nuc.ord	ENSG00000126653.nuc.ord.treefile	12.0	0.1875
TarvD7	ENSG00000126698.nuc.ord	ENSG00000126698.nuc.ord.treefile	40.0	0.6451612903225806
TarvD7	ENSG00000126733.nuc.ord	ENSG00000126733.nuc.ord.treefile	12.0	0.2222222222222222
TarvD7	ENSG00000126746.nuc.ord	ENSG00000126746.nuc.ord.treefile	34.0	0.5483870967741935
TarvD7	ENSG00000126749.nuc.ord	ENSG00000126749.nuc.ord.treefile	32.0	0.5714285714285714
TarvD7	ENSG00000126756.nuc.ord	ENSG00000126756.nuc.ord.treefile	30.0	0.5555555555555556
TarvD7	ENSG00000126759.nuc.ord	ENSG00000126759.nuc.ord.treefile	22.0	0.39285714285714285
TarvD7	ENSG00000126768.nuc.ord	ENSG00000126768.nuc.ord.treefile	30.0	0.5555555555555556
TarvD7	ENSG00000126773.nuc.ord	ENSG00000126773.nuc.ord.treefile	8.0	0.18181818181818182
TarvD7	ENSG00000126775.nuc.ord	ENSG00000126775.nuc.ord.treefile	26.0	0.40625
TarvD7	ENSG00000126777.nuc.ord	ENSG00000126777.nuc.ord.treefile	12.0	0.2
TarvD7	ENSG00000126778.nuc.ord	ENSG00000126778.nuc.ord.treefile	22.0	0.39285714285714285
TarvD7	ENSG00000126785.nuc.ord	ENSG00000126785.nuc.ord.treefile	34.0	0.5666666666666667
TarvD7	ENSG00000126787.nuc.ord	ENSG00000126787.nuc.ord.treefile	20.0	0.3225806451612903
TarvD7	ENSG00000126790.nuc.ord	ENSG00000126790.nuc.ord.treefile	24.0	0.41379310344827586
TarvD7	ENSG00000126804.nuc.ord	ENSG00000126804.nuc.ord.treefile	16.0	0.3076923076923077
TarvD7	ENSG00000126814.nuc.ord	ENSG00000126814.nuc.ord.treefile	8.0	0.13333333333333333
TarvD7	ENSG00000126821.nuc.ord	ENSG00000126821.nuc.ord.treefile	18.0	0.34615384615384615
TarvD7	ENSG00000126822.nuc.ord	ENSG00000126822.nuc.ord.treefile	4.0	0.0625
TarvD7	ENSG00000126858.nuc.ord	ENSG00000126858.nuc.ord.treefile	28.0	0.42424242424242425
TarvD7	ENSG00000126860.nuc.ord	ENSG00000126860.nuc.ord.treefile	16.0	0.32
TarvD7	ENSG00000126870.nuc.ord	ENSG00000126870.nuc.ord.treefile	18.0	0.3103448275862069
TarvD7	ENSG00000126882.nuc.ord	ENSG00000126882.nuc.ord.treefile	26.0	0.5416666666666666
TarvD7	ENSG00000126883.nuc.ord	ENSG00000126883.nuc.ord.treefile	6.0	0.09090909090909091
TarvD7	ENSG00000126950.nuc.ord	ENSG00000126950.nuc.ord.treefile	24.0	0.5454545454545454
TarvD7	ENSG00000126970.nuc.ord	ENSG00000126970.nuc.ord.treefile	30.0	0.5
TarvD7	ENSG00000127022.nuc.ord	ENSG00000127022.nuc.ord.treefile	26.0	0.43333333333333335
TarvD7	ENSG00000127054.nuc.ord	ENSG00000127054.nuc.ord.treefile	20.0	0.3333333333333333
TarvD7	ENSG00000127074.nuc.ord	ENSG00000127074.nuc.ord.treefile	22.0	0.4583333333333333
TarvD7	ENSG00000127080.nuc.ord	ENSG00000127080.nuc.ord.treefile	10.0	0.1724137931034483
TarvD7	ENSG00000127083.nuc.ord	ENSG00000127083.nuc.ord.treefile	10.0	0.17857142857142858
TarvD7	ENSG00000127124.nuc.ord	ENSG00000127124.nuc.ord.treefile	6.0	0.1
TarvD7	ENSG00000127125.nuc.ord	ENSG00000127125.nuc.ord.treefile	14.0	0.25
TarvD7	ENSG00000127129.nuc.ord	ENSG00000127129.nuc.ord.treefile	30.0	0.5
TarvD7	ENSG00000127152.nuc.ord	ENSG00000127152.nuc.ord.treefile	20.0	0.43478260869565216
TarvD7	ENSG00000127191.nuc.ord	ENSG00000127191.nuc.ord.treefile	12.0	0.21428571428571427
TarvD7	ENSG00000127226.nuc.ord	ENSG00000127226.nuc.ord.treefile	18.0	0.42857142857142855
TarvD7	ENSG00000127241.nuc.ord	ENSG00000127241.nuc.ord.treefile	32.0	0.5
TarvD7	ENSG00000127249.nuc.ord	ENSG00000127249.nuc.ord.treefile	14.0	0.21875
TarvD7	ENSG00000127252.nuc.ord	ENSG00000127252.nuc.ord.treefile	26.0	0.4482758620689655
TarvD7	ENSG00000127311.nuc.ord	ENSG00000127311.nuc.ord.treefile	14.0	0.21875
TarvD7	ENSG00000127318.nuc.ord	ENSG00000127318.nuc.ord.treefile	24.0	0.3870967741935484
TarvD7	ENSG00000127324.nuc.ord	ENSG00000127324.nuc.ord.treefile	30.0	0.5357142857142857
TarvD7	ENSG00000127325.nuc.ord	ENSG00000127325.nuc.ord.treefile	20.0	0.3125
TarvD7	ENSG00000127328.nuc.ord	ENSG00000127328.nuc.ord.treefile	28.0	0.4375
TarvD7	ENSG00000127329.nuc.ord	ENSG00000127329.nuc.ord.treefile	8.0	0.125
TarvD7	ENSG00000127334.nuc.ord	ENSG00000127334.nuc.ord.treefile	26.0	0.52
TarvD7	ENSG00000127337.nuc.ord	ENSG00000127337.nuc.ord.treefile	36.0	0.5806451612903226
TarvD7	ENSG00000127359.nuc.ord	ENSG00000127359.nuc.ord.treefile	34.0	0.5862068965517241
TarvD7	ENSG00000127362.nuc.ord	ENSG00000127362.nuc.ord.treefile	8.0	0.16
TarvD7	ENSG00000127364.nuc.ord	ENSG00000127364.nuc.ord.treefile	8.0	0.2
TarvD7	ENSG00000127377.nuc.ord	ENSG00000127377.nuc.ord.treefile	28.0	0.6086956521739131
TarvD7	ENSG00000127412.nuc.ord	ENSG00000127412.nuc.ord.treefile	8.0	0.14285714285714285
TarvD7	ENSG00000127415.nuc.ord	ENSG00000127415.nuc.ord.treefile	24.0	0.42857142857142855
TarvD7	ENSG00000127423.nuc.ord	ENSG00000127423.nuc.ord.treefile	14.0	0.25925925925925924
TarvD7	ENSG00000127445.nuc.ord	ENSG00000127445.nuc.ord.treefile	38.0	0.7037037037037037
TarvD7	ENSG00000127452.nuc.ord	ENSG00000127452.nuc.ord.treefile	24.0	0.48
TarvD7	ENSG00000127463.nuc.ord	ENSG00000127463.nuc.ord.treefile	14.0	0.21212121212121213
TarvD7	ENSG00000127472.nuc.ord	ENSG00000127472.nuc.ord.treefile	18.0	0.3333333333333333
TarvD7	ENSG00000127481.nuc.ord	ENSG00000127481.nuc.ord.treefile	6.0	0.09375
TarvD7	ENSG00000127483.nuc.ord	ENSG00000127483.nuc.ord.treefile	14.0	0.22580645161290322
TarvD7	ENSG00000127526.nuc.ord	ENSG00000127526.nuc.ord.treefile	20.0	0.3448275862068966
TarvD7	ENSG00000127564.nuc.ord	ENSG00000127564.nuc.ord.treefile	16.0	0.2857142857142857
TarvD7	ENSG00000127688.nuc.ord	ENSG00000127688.nuc.ord.treefile	30.0	0.45454545454545453
TarvD7	ENSG00000127720.nuc.ord	ENSG00000127720.nuc.ord.treefile	8.0	0.14285714285714285
TarvD7	ENSG00000127743.nuc.ord	ENSG00000127743.nuc.ord.treefile	24.0	0.42857142857142855
TarvD7	ENSG00000127774.nuc.ord	ENSG00000127774.nuc.ord.treefile	34.0	0.68
TarvD7	ENSG00000127804.nuc.ord	ENSG00000127804.nuc.ord.treefile	14.0	0.3181818181818182
TarvD7	ENSG00000127831.nuc.ord	ENSG00000127831.nuc.ord.treefile	20.0	0.4
TarvD7	ENSG00000127837.nuc.ord	ENSG00000127837.nuc.ord.treefile	26.0	0.4482758620689655
TarvD7	ENSG00000127838.nuc.ord	ENSG00000127838.nuc.ord.treefile	28.0	0.5185185185185185
TarvD7	ENSG00000127863.nuc.ord	ENSG00000127863.nuc.ord.treefile	14.0	0.22580645161290322
TarvD7	ENSG00000127884.nuc.ord	ENSG00000127884.nuc.ord.treefile	22.0	0.36666666666666664
TarvD7	ENSG00000127914.nuc.ord	ENSG00000127914.nuc.ord.treefile	8.0	0.12903225806451613
TarvD7	ENSG00000127946.nuc.ord	ENSG00000127946.nuc.ord.treefile	10.0	0.17857142857142858
TarvD7	ENSG00000127947.nuc.ord	ENSG00000127947.nuc.ord.treefile	8.0	0.14814814814814814
TarvD7	ENSG00000127951.nuc.ord	ENSG00000127951.nuc.ord.treefile	18.0	0.2903225806451613
TarvD7	ENSG00000127952.nuc.ord	ENSG00000127952.nuc.ord.treefile	34.0	0.6538461538461539
TarvD7	ENSG00000127954.nuc.ord	ENSG00000127954.nuc.ord.treefile	32.0	0.5161290322580645
TarvD7	ENSG00000127955.nuc.ord	ENSG00000127955.nuc.ord.treefile	38.0	0.5757575757575758
TarvD7	ENSG00000127980.nuc.ord	ENSG00000127980.nuc.ord.treefile	10.0	0.16666666666666666
TarvD7	ENSG00000127990.nuc.ord	ENSG00000127990.nuc.ord.treefile	26.0	0.41935483870967744
TarvD7	ENSG00000127995.nuc.ord	ENSG00000127995.nuc.ord.treefile	26.0	0.4482758620689655
TarvD7	ENSG00000128045.nuc.ord	ENSG00000128045.nuc.ord.treefile	36.0	0.6206896551724138
TarvD7	ENSG00000128050.nuc.ord	ENSG00000128050.nuc.ord.treefile	18.0	0.32142857142857145
TarvD7	ENSG00000128052.nuc.ord	ENSG00000128052.nuc.ord.treefile	6.0	0.09375
TarvD7	ENSG00000128059.nuc.ord	ENSG00000128059.nuc.ord.treefile	16.0	0.26666666666666666
TarvD7	ENSG00000128191.nuc.ord	ENSG00000128191.nuc.ord.treefile	10.0	0.16666666666666666
TarvD7	ENSG00000128203.nuc.ord	ENSG00000128203.nuc.ord.treefile	28.0	0.5185185185185185
TarvD7	ENSG00000128228.nuc.ord	ENSG00000128228.nuc.ord.treefile	26.0	0.5416666666666666
TarvD7	ENSG00000128242.nuc.ord	ENSG00000128242.nuc.ord.treefile	32.0	0.6153846153846154
TarvD7	ENSG00000128245.nuc.ord	ENSG00000128245.nuc.ord.treefile	28.0	0.5
TarvD7	ENSG00000128271.nuc.ord	ENSG00000128271.nuc.ord.treefile	30.0	0.5555555555555556
TarvD7	ENSG00000128272.nuc.ord	ENSG00000128272.nuc.ord.treefile	18.0	0.36
TarvD7	ENSG00000128283.nuc.ord	ENSG00000128283.nuc.ord.treefile	12.0	0.2608695652173913
TarvD7	ENSG00000128285.nuc.ord	ENSG00000128285.nuc.ord.treefile	22.0	0.4074074074074074
TarvD7	ENSG00000128298.nuc.ord	ENSG00000128298.nuc.ord.treefile	32.0	0.6153846153846154
TarvD7	ENSG00000128310.nuc.ord	ENSG00000128310.nuc.ord.treefile	10.0	0.3333333333333333
TarvD7	ENSG00000128311.nuc.ord	ENSG00000128311.nuc.ord.treefile	16.0	0.34782608695652173
TarvD7	ENSG00000128340.nuc.ord	ENSG00000128340.nuc.ord.treefile	26.0	0.5909090909090909
TarvD7	ENSG00000128463.nuc.ord	ENSG00000128463.nuc.ord.treefile	36.0	0.6206896551724138
TarvD7	ENSG00000128487.nuc.ord	ENSG00000128487.nuc.ord.treefile	4.0	0.06896551724137931
TarvD7	ENSG00000128510.nuc.ord	ENSG00000128510.nuc.ord.treefile	14.0	0.23333333333333334
TarvD7	ENSG00000128512.nuc.ord	ENSG00000128512.nuc.ord.treefile	20.0	0.37037037037037035
TarvD7	ENSG00000128536.nuc.ord	ENSG00000128536.nuc.ord.treefile	10.0	0.16129032258064516
TarvD7	ENSG00000128563.nuc.ord	ENSG00000128563.nuc.ord.treefile	30.0	0.4838709677419355
TarvD7	ENSG00000128573.nuc.ord	ENSG00000128573.nuc.ord.treefile	36.0	0.5625
TarvD7	ENSG00000128578.nuc.ord	ENSG00000128578.nuc.ord.treefile	24.0	0.36363636363636365
TarvD7	ENSG00000128581.nuc.ord	ENSG00000128581.nuc.ord.treefile	36.0	0.6
TarvD7	ENSG00000128585.nuc.ord	ENSG00000128585.nuc.ord.treefile	22.0	0.34375
TarvD7	ENSG00000128591.nuc.ord	ENSG00000128591.nuc.ord.treefile	12.0	0.2
TarvD7	ENSG00000128594.nuc.ord	ENSG00000128594.nuc.ord.treefile	10.0	0.29411764705882354
TarvD7	ENSG00000128595.nuc.ord	ENSG00000128595.nuc.ord.treefile	46.0	0.7931034482758621
TarvD7	ENSG00000128596.nuc.ord	ENSG00000128596.nuc.ord.treefile	14.0	0.21875
TarvD7	ENSG00000128602.nuc.ord	ENSG00000128602.nuc.ord.treefile	30.0	0.4838709677419355
TarvD7	ENSG00000128604.nuc.ord	ENSG00000128604.nuc.ord.treefile	12.0	0.2222222222222222
TarvD7	ENSG00000128606.nuc.ord	ENSG00000128606.nuc.ord.treefile	20.0	0.35714285714285715
TarvD7	ENSG00000128607.nuc.ord	ENSG00000128607.nuc.ord.treefile	34.0	0.53125
TarvD7	ENSG00000128617.nuc.ord	ENSG00000128617.nuc.ord.treefile	22.0	0.3793103448275862
TarvD7	ENSG00000128626.nuc.ord	ENSG00000128626.nuc.ord.treefile	30.0	0.5172413793103449
TarvD7	ENSG00000128641.nuc.ord	ENSG00000128641.nuc.ord.treefile	34.0	0.5151515151515151
TarvD7	ENSG00000128645.nuc.ord	ENSG00000128645.nuc.ord.treefile	10.0	0.21739130434782608
TarvD7	ENSG00000128654.nuc.ord	ENSG00000128654.nuc.ord.treefile	32.0	0.5925925925925926
TarvD7	ENSG00000128655.nuc.ord	ENSG00000128655.nuc.ord.treefile	18.0	0.28125
TarvD7	ENSG00000128656.nuc.ord	ENSG00000128656.nuc.ord.treefile	26.0	0.4642857142857143
TarvD7	ENSG00000128683.nuc.ord	ENSG00000128683.nuc.ord.treefile	6.0	0.1
TarvD7	ENSG00000128694.nuc.ord	ENSG00000128694.nuc.ord.treefile	18.0	0.3
TarvD7	ENSG00000128708.nuc.ord	ENSG00000128708.nuc.ord.treefile	26.0	0.3939393939393939
TarvD7	ENSG00000128710.nuc.ord	ENSG00000128710.nuc.ord.treefile	32.0	0.5
TarvD7	ENSG00000128714.nuc.ord	ENSG00000128714.nuc.ord.treefile	14.0	0.3181818181818182
TarvD7	ENSG00000128731.nuc.ord	ENSG00000128731.nuc.ord.treefile	18.0	0.2903225806451613
TarvD7	ENSG00000128739.nuc.ord	ENSG00000128739.nuc.ord.treefile	22.0	0.5238095238095238
TarvD7	ENSG00000128789.nuc.ord	ENSG00000128789.nuc.ord.treefile	32.0	0.5714285714285714
TarvD7	ENSG00000128791.nuc.ord	ENSG00000128791.nuc.ord.treefile	40.0	0.6896551724137931
TarvD7	ENSG00000128802.nuc.ord	ENSG00000128802.nuc.ord.treefile	14.0	0.2692307692307692
TarvD7	ENSG00000128805.nuc.ord	ENSG00000128805.nuc.ord.treefile	24.0	0.4444444444444444
TarvD7	ENSG00000128815.nuc.ord	ENSG00000128815.nuc.ord.treefile	20.0	0.3225806451612903
TarvD7	ENSG00000128829.nuc.ord	ENSG00000128829.nuc.ord.treefile	6.0	0.1
TarvD7	ENSG00000128833.nuc.ord	ENSG00000128833.nuc.ord.treefile	24.0	0.36363636363636365
TarvD7	ENSG00000128845.nuc.ord	ENSG00000128845.nuc.ord.treefile	16.0	0.38095238095238093
TarvD7	ENSG00000128849.nuc.ord	ENSG00000128849.nuc.ord.treefile	4.0	0.09523809523809523
TarvD7	ENSG00000128872.nuc.ord	ENSG00000128872.nuc.ord.treefile	24.0	0.375
TarvD7	ENSG00000128881.nuc.ord	ENSG00000128881.nuc.ord.treefile	10.0	0.16129032258064516
TarvD7	ENSG00000128886.nuc.ord	ENSG00000128886.nuc.ord.treefile	18.0	0.2903225806451613
TarvD7	ENSG00000128891.nuc.ord	ENSG00000128891.nuc.ord.treefile	22.0	0.44
TarvD7	ENSG00000128908.nuc.ord	ENSG00000128908.nuc.ord.treefile	8.0	0.13333333333333333
TarvD7	ENSG00000128915.nuc.ord	ENSG00000128915.nuc.ord.treefile	10.0	0.16666666666666666
TarvD7	ENSG00000128918.nuc.ord	ENSG00000128918.nuc.ord.treefile	28.0	0.4666666666666667
TarvD7	ENSG00000128923.nuc.ord	ENSG00000128923.nuc.ord.treefile	20.0	0.3448275862068966
TarvD7	ENSG00000128928.nuc.ord	ENSG00000128928.nuc.ord.treefile	20.0	0.3333333333333333
TarvD7	ENSG00000128944.nuc.ord	ENSG00000128944.nuc.ord.treefile	12.0	0.20689655172413793
TarvD7	ENSG00000128965.nuc.ord	ENSG00000128965.nuc.ord.treefile	22.0	0.4074074074074074
TarvD7	ENSG00000128973.nuc.ord	ENSG00000128973.nuc.ord.treefile	28.0	0.4827586206896552
TarvD7	ENSG00000129003.nuc.ord	ENSG00000129003.nuc.ord.treefile	8.0	0.12903225806451613
TarvD7	ENSG00000129007.nuc.ord	ENSG00000129007.nuc.ord.treefile	24.0	0.5
TarvD7	ENSG00000129071.nuc.ord	ENSG00000129071.nuc.ord.treefile	22.0	0.3548387096774194
TarvD7	ENSG00000129083.nuc.ord	ENSG00000129083.nuc.ord.treefile	16.0	0.24242424242424243
TarvD7	ENSG00000129084.nuc.ord	ENSG00000129084.nuc.ord.treefile	22.0	0.36666666666666664
TarvD7	ENSG00000129116.nuc.ord	ENSG00000129116.nuc.ord.treefile	26.0	0.40625
TarvD7	ENSG00000129128.nuc.ord	ENSG00000129128.nuc.ord.treefile	40.0	0.7692307692307693
TarvD7	ENSG00000129151.nuc.ord	ENSG00000129151.nuc.ord.treefile	16.0	0.25806451612903225
TarvD7	ENSG00000129152.nuc.ord	ENSG00000129152.nuc.ord.treefile	16.0	0.3076923076923077
TarvD7	ENSG00000129158.nuc.ord	ENSG00000129158.nuc.ord.treefile	18.0	0.28125
TarvD7	ENSG00000129159.nuc.ord	ENSG00000129159.nuc.ord.treefile	14.0	0.28
TarvD7	ENSG00000129167.nuc.ord	ENSG00000129167.nuc.ord.treefile	36.0	0.5806451612903226
TarvD7	ENSG00000129173.nuc.ord	ENSG00000129173.nuc.ord.treefile	10.0	0.15625
TarvD7	ENSG00000129187.nuc.ord	ENSG00000129187.nuc.ord.treefile	46.0	0.696969696969697
TarvD7	ENSG00000129195.nuc.ord	ENSG00000129195.nuc.ord.treefile	22.0	0.44
TarvD7	ENSG00000129197.nuc.ord	ENSG00000129197.nuc.ord.treefile	28.0	0.4827586206896552
TarvD7	ENSG00000129214.nuc.ord	ENSG00000129214.nuc.ord.treefile	12.0	0.25
TarvD7	ENSG00000129219.nuc.ord	ENSG00000129219.nuc.ord.treefile	2.0	0.03571428571428571
TarvD7	ENSG00000129221.nuc.ord	ENSG00000129221.nuc.ord.treefile	22.0	0.5
TarvD7	ENSG00000129226.nuc.ord	ENSG00000129226.nuc.ord.treefile	22.0	0.39285714285714285
TarvD7	ENSG00000129235.nuc.ord	ENSG00000129235.nuc.ord.treefile	24.0	0.5
TarvD7	ENSG00000129245.nuc.ord	ENSG00000129245.nuc.ord.treefile	14.0	0.22580645161290322
TarvD7	ENSG00000129250.nuc.ord	ENSG00000129250.nuc.ord.treefile	22.0	0.3793103448275862
TarvD7	ENSG00000129255.nuc.ord	ENSG00000129255.nuc.ord.treefile	44.0	0.7333333333333333
TarvD7	ENSG00000129270.nuc.ord	ENSG00000129270.nuc.ord.treefile	10.0	0.1724137931034483
TarvD7	ENSG00000129282.nuc.ord	ENSG00000129282.nuc.ord.treefile	16.0	0.27586206896551724
TarvD7	ENSG00000129295.nuc.ord	ENSG00000129295.nuc.ord.treefile	12.0	0.18181818181818182
TarvD7	ENSG00000129315.nuc.ord	ENSG00000129315.nuc.ord.treefile	16.0	0.2962962962962963
TarvD7	ENSG00000129351.nuc.ord	ENSG00000129351.nuc.ord.treefile	22.0	0.39285714285714285
TarvD7	ENSG00000129422.nuc.ord	ENSG00000129422.nuc.ord.treefile	14.0	0.21212121212121213
TarvD7	ENSG00000129437.nuc.ord	ENSG00000129437.nuc.ord.treefile	14.0	0.5
TarvD7	ENSG00000129451.nuc.ord	ENSG00000129451.nuc.ord.treefile	18.0	0.5
TarvD7	ENSG00000129455.nuc.ord	ENSG00000129455.nuc.ord.treefile	22.0	0.4782608695652174
TarvD7	ENSG00000129460.nuc.ord	ENSG00000129460.nuc.ord.treefile	16.0	0.25
TarvD7	ENSG00000129467.nuc.ord	ENSG00000129467.nuc.ord.treefile	14.0	0.23333333333333334
TarvD7	ENSG00000129473.nuc.ord	ENSG00000129473.nuc.ord.treefile	30.0	0.6818181818181818
TarvD7	ENSG00000129474.nuc.ord	ENSG00000129474.nuc.ord.treefile	14.0	0.25
TarvD7	ENSG00000129480.nuc.ord	ENSG00000129480.nuc.ord.treefile	38.0	0.7037037037037037
TarvD7	ENSG00000129484.nuc.ord	ENSG00000129484.nuc.ord.treefile	10.0	0.17857142857142858
TarvD7	ENSG00000129493.nuc.ord	ENSG00000129493.nuc.ord.treefile	6.0	0.09375
TarvD7	ENSG00000129514.nuc.ord	ENSG00000129514.nuc.ord.treefile	20.0	0.5263157894736842
TarvD7	ENSG00000129518.nuc.ord	ENSG00000129518.nuc.ord.treefile	20.0	0.3333333333333333
TarvD7	ENSG00000129521.nuc.ord	ENSG00000129521.nuc.ord.treefile	28.0	0.4375
TarvD7	ENSG00000129534.nuc.ord	ENSG00000129534.nuc.ord.treefile	6.0	0.13636363636363635
TarvD7	ENSG00000129535.nuc.ord	ENSG00000129535.nuc.ord.treefile	36.0	0.6428571428571429
TarvD7	ENSG00000129562.nuc.ord	ENSG00000129562.nuc.ord.treefile	38.0	0.6551724137931034
TarvD7	ENSG00000129566.nuc.ord	ENSG00000129566.nuc.ord.treefile	8.0	0.13333333333333333
TarvD7	ENSG00000129595.nuc.ord	ENSG00000129595.nuc.ord.treefile	10.0	0.15151515151515152
TarvD7	ENSG00000129596.nuc.ord	ENSG00000129596.nuc.ord.treefile	38.0	0.6129032258064516
TarvD7	ENSG00000129625.nuc.ord	ENSG00000129625.nuc.ord.treefile	38.0	0.7037037037037037
TarvD7	ENSG00000129636.nuc.ord	ENSG00000129636.nuc.ord.treefile	22.0	0.3333333333333333
TarvD7	ENSG00000129646.nuc.ord	ENSG00000129646.nuc.ord.treefile	24.0	0.4444444444444444
TarvD7	ENSG00000129675.nuc.ord	ENSG00000129675.nuc.ord.treefile	18.0	0.28125
TarvD7	ENSG00000129680.nuc.ord	ENSG00000129680.nuc.ord.treefile	16.0	0.2857142857142857
TarvD7	ENSG00000129682.nuc.ord	ENSG00000129682.nuc.ord.treefile	38.0	0.6785714285714286
TarvD7	ENSG00000129691.nuc.ord	ENSG00000129691.nuc.ord.treefile	28.0	0.4375
TarvD7	ENSG00000129696.nuc.ord	ENSG00000129696.nuc.ord.treefile	20.0	0.3448275862068966
TarvD7	ENSG00000129744.nuc.ord	ENSG00000129744.nuc.ord.treefile	22.0	0.44
TarvD7	ENSG00000129810.nuc.ord	ENSG00000129810.nuc.ord.treefile	14.0	0.22580645161290322
TarvD7	ENSG00000129988.nuc.ord	ENSG00000129988.nuc.ord.treefile	20.0	0.3333333333333333
TarvD7	ENSG00000129990.nuc.ord	ENSG00000129990.nuc.ord.treefile	18.0	0.391304347826087
TarvD7	ENSG00000130005.nuc.ord	ENSG00000130005.nuc.ord.treefile	26.0	0.6190476190476191
TarvD7	ENSG00000130021.nuc.ord	ENSG00000130021.nuc.ord.treefile	28.0	0.5833333333333334
TarvD7	ENSG00000130024.nuc.ord	ENSG00000130024.nuc.ord.treefile	30.0	0.46875
TarvD7	ENSG00000130038.nuc.ord	ENSG00000130038.nuc.ord.treefile	24.0	0.42857142857142855
TarvD7	ENSG00000130045.nuc.ord	ENSG00000130045.nuc.ord.treefile	10.0	0.3125
TarvD7	ENSG00000130052.nuc.ord	ENSG00000130052.nuc.ord.treefile	6.0	0.1111111111111111
TarvD7	ENSG00000130055.nuc.ord	ENSG00000130055.nuc.ord.treefile	24.0	0.42857142857142855
TarvD7	ENSG00000130066.nuc.ord	ENSG00000130066.nuc.ord.treefile	14.0	0.3888888888888889
TarvD7	ENSG00000130119.nuc.ord	ENSG00000130119.nuc.ord.treefile	24.0	0.41379310344827586
TarvD7	ENSG00000130147.nuc.ord	ENSG00000130147.nuc.ord.treefile	22.0	0.3793103448275862
TarvD7	ENSG00000130150.nuc.ord	ENSG00000130150.nuc.ord.treefile	8.0	0.13333333333333333
TarvD7	ENSG00000130177.nuc.ord	ENSG00000130177.nuc.ord.treefile	18.0	0.2903225806451613
TarvD7	ENSG00000130203.nuc.ord	ENSG00000130203.nuc.ord.treefile	20.0	0.4166666666666667
TarvD7	ENSG00000130222.nuc.ord	ENSG00000130222.nuc.ord.treefile	30.0	0.5769230769230769
TarvD7	ENSG00000130224.nuc.ord	ENSG00000130224.nuc.ord.treefile	12.0	0.20689655172413793
TarvD7	ENSG00000130226.nuc.ord	ENSG00000130226.nuc.ord.treefile	18.0	0.3103448275862069
TarvD7	ENSG00000130227.nuc.ord	ENSG00000130227.nuc.ord.treefile	10.0	0.15625
TarvD7	ENSG00000130234.nuc.ord	ENSG00000130234.nuc.ord.treefile	10.0	0.15625
TarvD7	ENSG00000130254.nuc.ord	ENSG00000130254.nuc.ord.treefile	16.0	0.2857142857142857
TarvD7	ENSG00000130299.nuc.ord	ENSG00000130299.nuc.ord.treefile	22.0	0.3793103448275862
TarvD7	ENSG00000130300.nuc.ord	ENSG00000130300.nuc.ord.treefile	24.0	0.46153846153846156
TarvD7	ENSG00000130313.nuc.ord	ENSG00000130313.nuc.ord.treefile	22.0	0.4230769230769231
TarvD7	ENSG00000130338.nuc.ord	ENSG00000130338.nuc.ord.treefile	14.0	0.2413793103448276
TarvD7	ENSG00000130340.nuc.ord	ENSG00000130340.nuc.ord.treefile	20.0	0.35714285714285715
TarvD7	ENSG00000130347.nuc.ord	ENSG00000130347.nuc.ord.treefile	16.0	0.24242424242424243
TarvD7	ENSG00000130348.nuc.ord	ENSG00000130348.nuc.ord.treefile	10.0	0.16666666666666666
TarvD7	ENSG00000130349.nuc.ord	ENSG00000130349.nuc.ord.treefile	32.0	0.5333333333333333
TarvD7	ENSG00000130377.nuc.ord	ENSG00000130377.nuc.ord.treefile	18.0	0.32142857142857145
TarvD7	ENSG00000130382.nuc.ord	ENSG00000130382.nuc.ord.treefile	12.0	0.25
TarvD7	ENSG00000130385.nuc.ord	ENSG00000130385.nuc.ord.treefile	20.0	0.37037037037037035
TarvD7	ENSG00000130402.nuc.ord	ENSG00000130402.nuc.ord.treefile	30.0	0.6
TarvD7	ENSG00000130413.nuc.ord	ENSG00000130413.nuc.ord.treefile	26.0	0.40625
TarvD7	ENSG00000130427.nuc.ord	ENSG00000130427.nuc.ord.treefile	20.0	0.38461538461538464
TarvD7	ENSG00000130449.nuc.ord	ENSG00000130449.nuc.ord.treefile	20.0	0.3125
TarvD7	ENSG00000130508.nuc.ord	ENSG00000130508.nuc.ord.treefile	24.0	0.3870967741935484
TarvD7	ENSG00000130529.nuc.ord	ENSG00000130529.nuc.ord.treefile	8.0	0.14814814814814814
TarvD7	ENSG00000130545.nuc.ord	ENSG00000130545.nuc.ord.treefile	28.0	0.6363636363636364
TarvD7	ENSG00000130558.nuc.ord	ENSG00000130558.nuc.ord.treefile	34.0	0.68
TarvD7	ENSG00000130559.nuc.ord	ENSG00000130559.nuc.ord.treefile	10.0	0.20833333333333334
TarvD7	ENSG00000130560.nuc.ord	ENSG00000130560.nuc.ord.treefile	28.0	0.5384615384615384
TarvD7	ENSG00000130561.nuc.ord	ENSG00000130561.nuc.ord.treefile	18.0	0.3
TarvD7	ENSG00000130589.nuc.ord	ENSG00000130589.nuc.ord.treefile	8.0	0.17391304347826086
TarvD7	ENSG00000130638.nuc.ord	ENSG00000130638.nuc.ord.treefile	20.0	0.3125
TarvD7	ENSG00000130640.nuc.ord	ENSG00000130640.nuc.ord.treefile	24.0	0.42857142857142855
TarvD7	ENSG00000130643.nuc.ord	ENSG00000130643.nuc.ord.treefile	28.0	0.5833333333333334
TarvD7	ENSG00000130653.nuc.ord	ENSG00000130653.nuc.ord.treefile	10.0	0.2
TarvD7	ENSG00000130669.nuc.ord	ENSG00000130669.nuc.ord.treefile	14.0	0.30434782608695654
TarvD7	ENSG00000130695.nuc.ord	ENSG00000130695.nuc.ord.treefile	14.0	0.22580645161290322
TarvD7	ENSG00000130703.nuc.ord	ENSG00000130703.nuc.ord.treefile	16.0	0.2857142857142857
TarvD7	ENSG00000130713.nuc.ord	ENSG00000130713.nuc.ord.treefile	24.0	0.42857142857142855
TarvD7	ENSG00000130714.nuc.ord	ENSG00000130714.nuc.ord.treefile	10.0	0.1724137931034483
TarvD7	ENSG00000130717.nuc.ord	ENSG00000130717.nuc.ord.treefile	16.0	0.3076923076923077
TarvD7	ENSG00000130725.nuc.ord	ENSG00000130725.nuc.ord.treefile	28.0	0.5833333333333334
TarvD7	ENSG00000130726.nuc.ord	ENSG00000130726.nuc.ord.treefile	10.0	0.22727272727272727
TarvD7	ENSG00000130733.nuc.ord	ENSG00000130733.nuc.ord.treefile	26.0	0.4482758620689655
TarvD7	ENSG00000130734.nuc.ord	ENSG00000130734.nuc.ord.treefile	30.0	0.5769230769230769
TarvD7	ENSG00000130749.nuc.ord	ENSG00000130749.nuc.ord.treefile	16.0	0.27586206896551724
TarvD7	ENSG00000130755.nuc.ord	ENSG00000130755.nuc.ord.treefile	34.0	0.7083333333333334
TarvD7	ENSG00000130758.nuc.ord	ENSG00000130758.nuc.ord.treefile	30.0	0.5769230769230769
TarvD7	ENSG00000130764.nuc.ord	ENSG00000130764.nuc.ord.treefile	12.0	0.24
TarvD7	ENSG00000130766.nuc.ord	ENSG00000130766.nuc.ord.treefile	12.0	0.2
TarvD7	ENSG00000130768.nuc.ord	ENSG00000130768.nuc.ord.treefile	16.0	0.2962962962962963
TarvD7	ENSG00000130770.nuc.ord	ENSG00000130770.nuc.ord.treefile	20.0	0.43478260869565216
TarvD7	ENSG00000130772.nuc.ord	ENSG00000130772.nuc.ord.treefile	34.0	0.6071428571428571
TarvD7	ENSG00000130775.nuc.ord	ENSG00000130775.nuc.ord.treefile	10.0	0.1724137931034483
TarvD7	ENSG00000130779.nuc.ord	ENSG00000130779.nuc.ord.treefile	10.0	0.15625
TarvD7	ENSG00000130783.nuc.ord	ENSG00000130783.nuc.ord.treefile	22.0	0.36666666666666664
TarvD7	ENSG00000130787.nuc.ord	ENSG00000130787.nuc.ord.treefile	10.0	0.18518518518518517
TarvD7	ENSG00000130816.nuc.ord	ENSG00000130816.nuc.ord.treefile	26.0	0.4482758620689655
TarvD7	ENSG00000130826.nuc.ord	ENSG00000130826.nuc.ord.treefile	6.0	0.10714285714285714
TarvD7	ENSG00000130827.nuc.ord	ENSG00000130827.nuc.ord.treefile	16.0	0.2962962962962963
TarvD7	ENSG00000130829.nuc.ord	ENSG00000130829.nuc.ord.treefile	24.0	0.5
TarvD7	ENSG00000130830.nuc.ord	ENSG00000130830.nuc.ord.treefile	12.0	0.2
TarvD7	ENSG00000130856.nuc.ord	ENSG00000130856.nuc.ord.treefile	10.0	0.2
TarvD7	ENSG00000130921.nuc.ord	ENSG00000130921.nuc.ord.treefile	24.0	0.42857142857142855
TarvD7	ENSG00000130935.nuc.ord	ENSG00000130935.nuc.ord.treefile	8.0	0.12903225806451613
TarvD7	ENSG00000130939.nuc.ord	ENSG00000130939.nuc.ord.treefile	10.0	0.16129032258064516
TarvD7	ENSG00000130940.nuc.ord	ENSG00000130940.nuc.ord.treefile	14.0	0.25925925925925924
TarvD7	ENSG00000130948.nuc.ord	ENSG00000130948.nuc.ord.treefile	20.0	0.3333333333333333
TarvD7	ENSG00000130956.nuc.ord	ENSG00000130956.nuc.ord.treefile	18.0	0.3333333333333333
TarvD7	ENSG00000130957.nuc.ord	ENSG00000130957.nuc.ord.treefile	28.0	0.4666666666666667
TarvD7	ENSG00000130958.nuc.ord	ENSG00000130958.nuc.ord.treefile	26.0	0.41935483870967744
TarvD7	ENSG00000130962.nuc.ord	ENSG00000130962.nuc.ord.treefile	28.0	0.5384615384615384
TarvD7	ENSG00000130985.nuc.ord	ENSG00000130985.nuc.ord.treefile	20.0	0.3125
TarvD7	ENSG00000130988.nuc.ord	ENSG00000130988.nuc.ord.treefile	32.0	0.5714285714285714
TarvD7	ENSG00000130997.nuc.ord	ENSG00000130997.nuc.ord.treefile	16.0	0.25806451612903225
TarvD7	ENSG00000131013.nuc.ord	ENSG00000131013.nuc.ord.treefile	32.0	0.5161290322580645
TarvD7	ENSG00000131016.nuc.ord	ENSG00000131016.nuc.ord.treefile	0.0	0.0
TarvD7	ENSG00000131018.nuc.ord	ENSG00000131018.nuc.ord.treefile	2.0	0.030303030303030304
TarvD7	ENSG00000131023.nuc.ord	ENSG00000131023.nuc.ord.treefile	8.0	0.12903225806451613
TarvD7	ENSG00000131043.nuc.ord	ENSG00000131043.nuc.ord.treefile	16.0	0.27586206896551724
TarvD7	ENSG00000131044.nuc.ord	ENSG00000131044.nuc.ord.treefile	14.0	0.23333333333333334
TarvD7	ENSG00000131050.nuc.ord	ENSG00000131050.nuc.ord.treefile	22.0	0.5
TarvD7	ENSG00000131055.nuc.ord	ENSG00000131055.nuc.ord.treefile	28.0	0.6086956521739131
TarvD7	ENSG00000131067.nuc.ord	ENSG00000131067.nuc.ord.treefile	16.0	0.25806451612903225
TarvD7	ENSG00000131069.nuc.ord	ENSG00000131069.nuc.ord.treefile	10.0	0.15625
TarvD7	ENSG00000131089.nuc.ord	ENSG00000131089.nuc.ord.treefile	18.0	0.28125
TarvD7	ENSG00000131094.nuc.ord	ENSG00000131094.nuc.ord.treefile	20.0	0.5555555555555556
TarvD7	ENSG00000131095.nuc.ord	ENSG00000131095.nuc.ord.treefile	32.0	0.5161290322580645
TarvD7	ENSG00000131116.nuc.ord	ENSG00000131116.nuc.ord.treefile	40.0	0.7692307692307693
TarvD7	ENSG00000131143.nuc.ord	ENSG00000131143.nuc.ord.treefile	28.0	0.5185185185185185
TarvD7	ENSG00000131148.nuc.ord	ENSG00000131148.nuc.ord.treefile	22.0	0.4074074074074074
TarvD7	ENSG00000131149.nuc.ord	ENSG00000131149.nuc.ord.treefile	6.0	0.10714285714285714
TarvD7	ENSG00000131153.nuc.ord	ENSG00000131153.nuc.ord.treefile	30.0	0.5357142857142857
TarvD7	ENSG00000131183.nuc.ord	ENSG00000131183.nuc.ord.treefile	12.0	0.2222222222222222
TarvD7	ENSG00000131187.nuc.ord	ENSG00000131187.nuc.ord.treefile	10.0	0.18518518518518517
TarvD7	ENSG00000131196.nuc.ord	ENSG00000131196.nuc.ord.treefile	26.0	0.43333333333333335
TarvD7	ENSG00000131203.nuc.ord	ENSG00000131203.nuc.ord.treefile	22.0	0.3793103448275862
TarvD7	ENSG00000131236.nuc.ord	ENSG00000131236.nuc.ord.treefile	20.0	0.3333333333333333
TarvD7	ENSG00000131238.nuc.ord	ENSG00000131238.nuc.ord.treefile	14.0	0.25925925925925924
TarvD7	ENSG00000131242.nuc.ord	ENSG00000131242.nuc.ord.treefile	28.0	0.4375
TarvD7	ENSG00000131269.nuc.ord	ENSG00000131269.nuc.ord.treefile	18.0	0.2903225806451613
TarvD7	ENSG00000131323.nuc.ord	ENSG00000131323.nuc.ord.treefile	34.0	0.5151515151515151
TarvD7	ENSG00000131368.nuc.ord	ENSG00000131368.nuc.ord.treefile	34.0	0.6296296296296297
TarvD7	ENSG00000131370.nuc.ord	ENSG00000131370.nuc.ord.treefile	22.0	0.4782608695652174
TarvD7	ENSG00000131373.nuc.ord	ENSG00000131373.nuc.ord.treefile	20.0	0.43478260869565216
TarvD7	ENSG00000131374.nuc.ord	ENSG00000131374.nuc.ord.treefile	26.0	0.3939393939393939
TarvD7	ENSG00000131375.nuc.ord	ENSG00000131375.nuc.ord.treefile	20.0	0.3225806451612903
TarvD7	ENSG00000131378.nuc.ord	ENSG00000131378.nuc.ord.treefile	16.0	0.26666666666666666
TarvD7	ENSG00000131379.nuc.ord	ENSG00000131379.nuc.ord.treefile	20.0	0.37037037037037035
TarvD7	ENSG00000131381.nuc.ord	ENSG00000131381.nuc.ord.treefile	14.0	0.23333333333333334
TarvD7	ENSG00000131386.nuc.ord	ENSG00000131386.nuc.ord.treefile	22.0	0.39285714285714285
TarvD7	ENSG00000131389.nuc.ord	ENSG00000131389.nuc.ord.treefile	16.0	0.2857142857142857
TarvD7	ENSG00000131409.nuc.ord	ENSG00000131409.nuc.ord.treefile	14.0	0.4117647058823529
TarvD7	ENSG00000131435.nuc.ord	ENSG00000131435.nuc.ord.treefile	20.0	0.37037037037037035
TarvD7	ENSG00000131437.nuc.ord	ENSG00000131437.nuc.ord.treefile	12.0	0.1875
TarvD7	ENSG00000131446.nuc.ord	ENSG00000131446.nuc.ord.treefile	14.0	0.35
TarvD7	ENSG00000131459.nuc.ord	ENSG00000131459.nuc.ord.treefile	18.0	0.2903225806451613
TarvD7	ENSG00000131467.nuc.ord	ENSG00000131467.nuc.ord.treefile	28.0	0.7368421052631579
TarvD7	ENSG00000131473.nuc.ord	ENSG00000131473.nuc.ord.treefile	28.0	0.4375
TarvD7	ENSG00000131475.nuc.ord	ENSG00000131475.nuc.ord.treefile	34.0	0.6296296296296297
TarvD7	ENSG00000131477.nuc.ord	ENSG00000131477.nuc.ord.treefile	22.0	0.5
TarvD7	ENSG00000131482.nuc.ord	ENSG00000131482.nuc.ord.treefile	22.0	0.44
TarvD7	ENSG00000131503.nuc.ord	ENSG00000131503.nuc.ord.treefile	12.0	0.18181818181818182
TarvD7	ENSG00000131504.nuc.ord	ENSG00000131504.nuc.ord.treefile	14.0	0.25
TarvD7	ENSG00000131507.nuc.ord	ENSG00000131507.nuc.ord.treefile	44.0	0.7333333333333333
TarvD7	ENSG00000131558.nuc.ord	ENSG00000131558.nuc.ord.treefile	20.0	0.35714285714285715
TarvD7	ENSG00000131584.nuc.ord	ENSG00000131584.nuc.ord.treefile	18.0	0.36
TarvD7	ENSG00000131634.nuc.ord	ENSG00000131634.nuc.ord.treefile	18.0	0.3
TarvD7	ENSG00000131652.nuc.ord	ENSG00000131652.nuc.ord.treefile	16.0	0.3076923076923077
TarvD7	ENSG00000131668.nuc.ord	ENSG00000131668.nuc.ord.treefile	20.0	0.43478260869565216
TarvD7	ENSG00000131669.nuc.ord	ENSG00000131669.nuc.ord.treefile	24.0	0.5714285714285714
TarvD7	ENSG00000131686.nuc.ord	ENSG00000131686.nuc.ord.treefile	28.0	0.45161290322580644
TarvD7	ENSG00000131697.nuc.ord	ENSG00000131697.nuc.ord.treefile	6.0	0.10714285714285714
TarvD7	ENSG00000131711.nuc.ord	ENSG00000131711.nuc.ord.treefile	10.0	0.16129032258064516
TarvD7	ENSG00000131724.nuc.ord	ENSG00000131724.nuc.ord.treefile	18.0	0.2903225806451613
TarvD7	ENSG00000131725.nuc.ord	ENSG00000131725.nuc.ord.treefile	12.0	0.1875
TarvD7	ENSG00000131732.nuc.ord	ENSG00000131732.nuc.ord.treefile	26.0	0.4482758620689655
TarvD7	ENSG00000131746.nuc.ord	ENSG00000131746.nuc.ord.treefile	12.0	0.2608695652173913
TarvD7	ENSG00000131747.nuc.ord	ENSG00000131747.nuc.ord.treefile	10.0	0.15625
TarvD7	ENSG00000131748.nuc.ord	ENSG00000131748.nuc.ord.treefile	20.0	0.37037037037037035
TarvD7	ENSG00000131759.nuc.ord	ENSG00000131759.nuc.ord.treefile	48.0	0.8
TarvD7	ENSG00000131771.nuc.ord	ENSG00000131771.nuc.ord.treefile	30.0	0.5555555555555556
TarvD7	ENSG00000131773.nuc.ord	ENSG00000131773.nuc.ord.treefile	28.0	0.42424242424242425
TarvD7	ENSG00000131778.nuc.ord	ENSG00000131778.nuc.ord.treefile	18.0	0.28125
TarvD7	ENSG00000131779.nuc.ord	ENSG00000131779.nuc.ord.treefile	26.0	0.48148148148148145
TarvD7	ENSG00000131781.nuc.ord	ENSG00000131781.nuc.ord.treefile	14.0	0.22580645161290322
TarvD7	ENSG00000131788.nuc.ord	ENSG00000131788.nuc.ord.treefile	24.0	0.4444444444444444
TarvD7	ENSG00000131791.nuc.ord	ENSG00000131791.nuc.ord.treefile	24.0	0.41379310344827586
TarvD7	ENSG00000131808.nuc.ord	ENSG00000131808.nuc.ord.treefile	30.0	0.5555555555555556
TarvD7	ENSG00000131844.nuc.ord	ENSG00000131844.nuc.ord.treefile	22.0	0.36666666666666664
TarvD7	ENSG00000131871.nuc.ord	ENSG00000131871.nuc.ord.treefile	32.0	0.5161290322580645
TarvD7	ENSG00000131873.nuc.ord	ENSG00000131873.nuc.ord.treefile	20.0	0.38461538461538464
TarvD7	ENSG00000131876.nuc.ord	ENSG00000131876.nuc.ord.treefile	34.0	0.5483870967741935
TarvD7	ENSG00000131910.nuc.ord	ENSG00000131910.nuc.ord.treefile	14.0	0.25925925925925924
TarvD7	ENSG00000131931.nuc.ord	ENSG00000131931.nuc.ord.treefile	38.0	0.7307692307692307
TarvD7	ENSG00000131944.nuc.ord	ENSG00000131944.nuc.ord.treefile	18.0	0.391304347826087
TarvD7	ENSG00000131951.nuc.ord	ENSG00000131951.nuc.ord.treefile	6.0	0.0967741935483871
TarvD7	ENSG00000131966.nuc.ord	ENSG00000131966.nuc.ord.treefile	20.0	0.3225806451612903
TarvD7	ENSG00000131969.nuc.ord	ENSG00000131969.nuc.ord.treefile	8.0	0.125
TarvD7	ENSG00000132024.nuc.ord	ENSG00000132024.nuc.ord.treefile	24.0	0.41379310344827586
TarvD7	ENSG00000132031.nuc.ord	ENSG00000132031.nuc.ord.treefile	26.0	0.48148148148148145
TarvD7	ENSG00000132122.nuc.ord	ENSG00000132122.nuc.ord.treefile	20.0	0.3225806451612903
TarvD7	ENSG00000132128.nuc.ord	ENSG00000132128.nuc.ord.treefile	12.0	0.23076923076923078
TarvD7	ENSG00000132130.nuc.ord	ENSG00000132130.nuc.ord.treefile	22.0	0.4074074074074074
TarvD7	ENSG00000132141.nuc.ord	ENSG00000132141.nuc.ord.treefile	18.0	0.3333333333333333
TarvD7	ENSG00000132142.nuc.ord	ENSG00000132142.nuc.ord.treefile	16.0	0.25
TarvD7	ENSG00000132153.nuc.ord	ENSG00000132153.nuc.ord.treefile	12.0	0.24
TarvD7	ENSG00000132164.nuc.ord	ENSG00000132164.nuc.ord.treefile	26.0	0.48148148148148145
TarvD7	ENSG00000132170.nuc.ord	ENSG00000132170.nuc.ord.treefile	34.0	0.53125
TarvD7	ENSG00000132182.nuc.ord	ENSG00000132182.nuc.ord.treefile	6.0	0.10714285714285714
TarvD7	ENSG00000132185.nuc.ord	ENSG00000132185.nuc.ord.treefile	18.0	0.3
TarvD7	ENSG00000132205.nuc.ord	ENSG00000132205.nuc.ord.treefile	18.0	0.3103448275862069
TarvD7	ENSG00000132254.nuc.ord	ENSG00000132254.nuc.ord.treefile	28.0	0.4666666666666667
TarvD7	ENSG00000132259.nuc.ord	ENSG00000132259.nuc.ord.treefile	24.0	0.41379310344827586
TarvD7	ENSG00000132275.nuc.ord	ENSG00000132275.nuc.ord.treefile	18.0	0.3333333333333333
TarvD7	ENSG00000132294.nuc.ord	ENSG00000132294.nuc.ord.treefile	14.0	0.23333333333333334
TarvD7	ENSG00000132297.nuc.ord	ENSG00000132297.nuc.ord.treefile	12.0	0.18181818181818182
TarvD7	ENSG00000132300.nuc.ord	ENSG00000132300.nuc.ord.treefile	16.0	0.24242424242424243
TarvD7	ENSG00000132305.nuc.ord	ENSG00000132305.nuc.ord.treefile	18.0	0.3
TarvD7	ENSG00000132313.nuc.ord	ENSG00000132313.nuc.ord.treefile	24.0	0.4
TarvD7	ENSG00000132321.nuc.ord	ENSG00000132321.nuc.ord.treefile	8.0	0.13333333333333333
TarvD7	ENSG00000132323.nuc.ord	ENSG00000132323.nuc.ord.treefile	18.0	0.3
TarvD7	ENSG00000132326.nuc.ord	ENSG00000132326.nuc.ord.treefile	6.0	0.10344827586206896
TarvD7	ENSG00000132330.nuc.ord	ENSG00000132330.nuc.ord.treefile	18.0	0.2903225806451613
TarvD7	ENSG00000132334.nuc.ord	ENSG00000132334.nuc.ord.treefile	14.0	0.25925925925925924
TarvD7	ENSG00000132356.nuc.ord	ENSG00000132356.nuc.ord.treefile	22.0	0.34375
TarvD7	ENSG00000132357.nuc.ord	ENSG00000132357.nuc.ord.treefile	4.0	0.06451612903225806
TarvD7	ENSG00000132359.nuc.ord	ENSG00000132359.nuc.ord.treefile	8.0	0.14814814814814814
TarvD7	ENSG00000132361.nuc.ord	ENSG00000132361.nuc.ord.treefile	14.0	0.22580645161290322
TarvD7	ENSG00000132383.nuc.ord	ENSG00000132383.nuc.ord.treefile	14.0	0.23333333333333334
TarvD7	ENSG00000132386.nuc.ord	ENSG00000132386.nuc.ord.treefile	30.0	0.5
TarvD7	ENSG00000132388.nuc.ord	ENSG00000132388.nuc.ord.treefile	44.0	0.7333333333333333
TarvD7	ENSG00000132394.nuc.ord	ENSG00000132394.nuc.ord.treefile	24.0	0.42857142857142855
TarvD7	ENSG00000132405.nuc.ord	ENSG00000132405.nuc.ord.treefile	26.0	0.4642857142857143
TarvD7	ENSG00000132406.nuc.ord	ENSG00000132406.nuc.ord.treefile	8.0	0.2
TarvD7	ENSG00000132423.nuc.ord	ENSG00000132423.nuc.ord.treefile	16.0	0.25
TarvD7	ENSG00000132424.nuc.ord	ENSG00000132424.nuc.ord.treefile	16.0	0.25
TarvD7	ENSG00000132429.nuc.ord	ENSG00000132429.nuc.ord.treefile	18.0	0.3333333333333333
TarvD7	ENSG00000132432.nuc.ord	ENSG00000132432.nuc.ord.treefile	44.0	0.88
TarvD7	ENSG00000132434.nuc.ord	ENSG00000132434.nuc.ord.treefile	12.0	0.1875
TarvD7	ENSG00000132437.nuc.ord	ENSG00000132437.nuc.ord.treefile	22.0	0.34375
TarvD7	ENSG00000132463.nuc.ord	ENSG00000132463.nuc.ord.treefile	18.0	0.2903225806451613
TarvD7	ENSG00000132464.nuc.ord	ENSG00000132464.nuc.ord.treefile	12.0	0.2
TarvD7	ENSG00000132465.nuc.ord	ENSG00000132465.nuc.ord.treefile	30.0	0.5
TarvD7	ENSG00000132466.nuc.ord	ENSG00000132466.nuc.ord.treefile	14.0	0.25
TarvD7	ENSG00000132467.nuc.ord	ENSG00000132467.nuc.ord.treefile	12.0	0.2857142857142857
TarvD7	ENSG00000132481.nuc.ord	ENSG00000132481.nuc.ord.treefile	22.0	0.4074074074074074
TarvD7	ENSG00000132485.nuc.ord	ENSG00000132485.nuc.ord.treefile	26.0	0.48148148148148145
TarvD7	ENSG00000132510.nuc.ord	ENSG00000132510.nuc.ord.treefile	14.0	0.30434782608695654
TarvD7	ENSG00000132518.nuc.ord	ENSG00000132518.nuc.ord.treefile	20.0	0.3225806451612903
TarvD7	ENSG00000132522.nuc.ord	ENSG00000132522.nuc.ord.treefile	22.0	0.55
TarvD7	ENSG00000132530.nuc.ord	ENSG00000132530.nuc.ord.treefile	12.0	0.21428571428571427
TarvD7	ENSG00000132535.nuc.ord	ENSG00000132535.nuc.ord.treefile	18.0	0.36
TarvD7	ENSG00000132541.nuc.ord	ENSG00000132541.nuc.ord.treefile	38.0	0.6785714285714286
TarvD7	ENSG00000132549.nuc.ord	ENSG00000132549.nuc.ord.treefile	8.0	0.13333333333333333
TarvD7	ENSG00000132554.nuc.ord	ENSG00000132554.nuc.ord.treefile	14.0	0.25925925925925924
TarvD7	ENSG00000132561.nuc.ord	ENSG00000132561.nuc.ord.treefile	18.0	0.2903225806451613
TarvD7	ENSG00000132563.nuc.ord	ENSG00000132563.nuc.ord.treefile	34.0	0.6296296296296297
TarvD7	ENSG00000132570.nuc.ord	ENSG00000132570.nuc.ord.treefile	30.0	0.5769230769230769
TarvD7	ENSG00000132581.nuc.ord	ENSG00000132581.nuc.ord.treefile	20.0	0.35714285714285715
TarvD7	ENSG00000132589.nuc.ord	ENSG00000132589.nuc.ord.treefile	26.0	0.41935483870967744
TarvD7	ENSG00000132591.nuc.ord	ENSG00000132591.nuc.ord.treefile	14.0	0.21875
TarvD7	ENSG00000132600.nuc.ord	ENSG00000132600.nuc.ord.treefile	18.0	0.2727272727272727
TarvD7	ENSG00000132603.nuc.ord	ENSG00000132603.nuc.ord.treefile	22.0	0.4230769230769231
TarvD7	ENSG00000132604.nuc.ord	ENSG00000132604.nuc.ord.treefile	24.0	0.36363636363636365
TarvD7	ENSG00000132622.nuc.ord	ENSG00000132622.nuc.ord.treefile	22.0	0.4074074074074074
TarvD7	ENSG00000132623.nuc.ord	ENSG00000132623.nuc.ord.treefile	14.0	0.21875
TarvD7	ENSG00000132631.nuc.ord	ENSG00000132631.nuc.ord.treefile	28.0	0.5384615384615384
TarvD7	ENSG00000132639.nuc.ord	ENSG00000132639.nuc.ord.treefile	56.0	0.875
TarvD7	ENSG00000132640.nuc.ord	ENSG00000132640.nuc.ord.treefile	18.0	0.2903225806451613
TarvD7	ENSG00000132646.nuc.ord	ENSG00000132646.nuc.ord.treefile	40.0	0.7407407407407407
TarvD7	ENSG00000132664.nuc.ord	ENSG00000132664.nuc.ord.treefile	26.0	0.40625
TarvD7	ENSG00000132669.nuc.ord	ENSG00000132669.nuc.ord.treefile	34.0	0.5151515151515151
TarvD7	ENSG00000132670.nuc.ord	ENSG00000132670.nuc.ord.treefile	8.0	0.17391304347826086
TarvD7	ENSG00000132676.nuc.ord	ENSG00000132676.nuc.ord.treefile	18.0	0.32142857142857145
TarvD7	ENSG00000132677.nuc.ord	ENSG00000132677.nuc.ord.treefile	30.0	0.5555555555555556
TarvD7	ENSG00000132680.nuc.ord	ENSG00000132680.nuc.ord.treefile	18.0	0.28125
TarvD7	ENSG00000132681.nuc.ord	ENSG00000132681.nuc.ord.treefile	26.0	0.5
TarvD7	ENSG00000132688.nuc.ord	ENSG00000132688.nuc.ord.treefile	6.0	0.11538461538461539
TarvD7	ENSG00000132692.nuc.ord	ENSG00000132692.nuc.ord.treefile	12.0	0.24
TarvD7	ENSG00000132694.nuc.ord	ENSG00000132694.nuc.ord.treefile	18.0	0.2903225806451613
TarvD7	ENSG00000132698.nuc.ord	ENSG00000132698.nuc.ord.treefile	38.0	0.6333333333333333
TarvD7	ENSG00000132718.nuc.ord	ENSG00000132718.nuc.ord.treefile	34.0	0.5862068965517241
TarvD7	ENSG00000132740.nuc.ord	ENSG00000132740.nuc.ord.treefile	8.0	0.15384615384615385
TarvD7	ENSG00000132749.nuc.ord	ENSG00000132749.nuc.ord.treefile	20.0	0.37037037037037035
TarvD7	ENSG00000132763.nuc.ord	ENSG00000132763.nuc.ord.treefile	16.0	0.27586206896551724
TarvD7	ENSG00000132773.nuc.ord	ENSG00000132773.nuc.ord.treefile	14.0	0.21875
TarvD7	ENSG00000132780.nuc.ord	ENSG00000132780.nuc.ord.treefile	10.0	0.16666666666666666
TarvD7	ENSG00000132781.nuc.ord	ENSG00000132781.nuc.ord.treefile	22.0	0.4074074074074074
TarvD7	ENSG00000132792.nuc.ord	ENSG00000132792.nuc.ord.treefile	30.0	0.46875
TarvD7	ENSG00000132793.nuc.ord	ENSG00000132793.nuc.ord.treefile	14.0	0.23333333333333334
TarvD7	ENSG00000132801.nuc.ord	ENSG00000132801.nuc.ord.treefile	14.0	0.21875
TarvD7	ENSG00000132821.nuc.ord	ENSG00000132821.nuc.ord.treefile	24.0	0.4444444444444444
TarvD7	ENSG00000132824.nuc.ord	ENSG00000132824.nuc.ord.treefile	32.0	0.5
TarvD7	ENSG00000132837.nuc.ord	ENSG00000132837.nuc.ord.treefile	20.0	0.3125
TarvD7	ENSG00000132840.nuc.ord	ENSG00000132840.nuc.ord.treefile	18.0	0.3
TarvD7	ENSG00000132842.nuc.ord	ENSG00000132842.nuc.ord.treefile	16.0	0.24242424242424243
TarvD7	ENSG00000132849.nuc.ord	ENSG00000132849.nuc.ord.treefile	20.0	0.35714285714285715
TarvD7	ENSG00000132854.nuc.ord	ENSG00000132854.nuc.ord.treefile	16.0	0.25806451612903225
TarvD7	ENSG00000132855.nuc.ord	ENSG00000132855.nuc.ord.treefile	14.0	0.21875
TarvD7	ENSG00000132872.nuc.ord	ENSG00000132872.nuc.ord.treefile	18.0	0.2903225806451613
TarvD7	ENSG00000132874.nuc.ord	ENSG00000132874.nuc.ord.treefile	8.0	0.13333333333333333
TarvD7	ENSG00000132881.nuc.ord	ENSG00000132881.nuc.ord.treefile	24.0	0.41379310344827586
TarvD7	ENSG00000132906.nuc.ord	ENSG00000132906.nuc.ord.treefile	32.0	0.48484848484848486
TarvD7	ENSG00000132911.nuc.ord	ENSG00000132911.nuc.ord.treefile	12.0	0.21428571428571427
TarvD7	ENSG00000132912.nuc.ord	ENSG00000132912.nuc.ord.treefile	20.0	0.3225806451612903
TarvD7	ENSG00000132915.nuc.ord	ENSG00000132915.nuc.ord.treefile	12.0	0.18181818181818182
TarvD7	ENSG00000132938.nuc.ord	ENSG00000132938.nuc.ord.treefile	12.0	0.1935483870967742
TarvD7	ENSG00000132952.nuc.ord	ENSG00000132952.nuc.ord.treefile	26.0	0.41935483870967744
TarvD7	ENSG00000132953.nuc.ord	ENSG00000132953.nuc.ord.treefile	10.0	0.2
TarvD7	ENSG00000132963.nuc.ord	ENSG00000132963.nuc.ord.treefile	40.0	0.6896551724137931
TarvD7	ENSG00000132964.nuc.ord	ENSG00000132964.nuc.ord.treefile	46.0	0.71875
TarvD7	ENSG00000132965.nuc.ord	ENSG00000132965.nuc.ord.treefile	40.0	0.6060606060606061
TarvD7	ENSG00000132970.nuc.ord	ENSG00000132970.nuc.ord.treefile	24.0	0.375
TarvD7	ENSG00000132972.nuc.ord	ENSG00000132972.nuc.ord.treefile	8.0	0.12121212121212122
TarvD7	ENSG00000132975.nuc.ord	ENSG00000132975.nuc.ord.treefile	24.0	0.5454545454545454
TarvD7	ENSG00000133019.nuc.ord	ENSG00000133019.nuc.ord.treefile	30.0	0.75
TarvD7	ENSG00000133026.nuc.ord	ENSG00000133026.nuc.ord.treefile	30.0	0.45454545454545453
TarvD7	ENSG00000133028.nuc.ord	ENSG00000133028.nuc.ord.treefile	24.0	0.4
TarvD7	ENSG00000133048.nuc.ord	ENSG00000133048.nuc.ord.treefile	18.0	0.32142857142857145
TarvD7	ENSG00000133055.nuc.ord	ENSG00000133055.nuc.ord.treefile	20.0	0.3333333333333333
TarvD7	ENSG00000133056.nuc.ord	ENSG00000133056.nuc.ord.treefile	16.0	0.25
TarvD7	ENSG00000133059.nuc.ord	ENSG00000133059.nuc.ord.treefile	12.0	0.18181818181818182
TarvD7	ENSG00000133063.nuc.ord	ENSG00000133063.nuc.ord.treefile	10.0	0.2
TarvD7	ENSG00000133065.nuc.ord	ENSG00000133065.nuc.ord.treefile	16.0	0.27586206896551724
TarvD7	ENSG00000133067.nuc.ord	ENSG00000133067.nuc.ord.treefile	16.0	0.27586206896551724
TarvD7	ENSG00000133083.nuc.ord	ENSG00000133083.nuc.ord.treefile	18.0	0.34615384615384615
TarvD7	ENSG00000133101.nuc.ord	ENSG00000133101.nuc.ord.treefile	24.0	0.3870967741935484
TarvD7	ENSG00000133103.nuc.ord	ENSG00000133103.nuc.ord.treefile	12.0	0.1875
TarvD7	ENSG00000133104.nuc.ord	ENSG00000133104.nuc.ord.treefile	14.0	0.21212121212121213
TarvD7	ENSG00000133105.nuc.ord	ENSG00000133105.nuc.ord.treefile	12.0	0.1935483870967742
TarvD7	ENSG00000133106.nuc.ord	ENSG00000133106.nuc.ord.treefile	16.0	0.26666666666666666
TarvD7	ENSG00000133107.nuc.ord	ENSG00000133107.nuc.ord.treefile	16.0	0.25
TarvD7	ENSG00000133110.nuc.ord	ENSG00000133110.nuc.ord.treefile	14.0	0.21212121212121213
TarvD7	ENSG00000133111.nuc.ord	ENSG00000133111.nuc.ord.treefile	28.0	0.5185185185185185
TarvD7	ENSG00000133115.nuc.ord	ENSG00000133115.nuc.ord.treefile	26.0	0.41935483870967744
TarvD7	ENSG00000133116.nuc.ord	ENSG00000133116.nuc.ord.treefile	16.0	0.25
TarvD7	ENSG00000133119.nuc.ord	ENSG00000133119.nuc.ord.treefile	32.0	0.5161290322580645
TarvD7	ENSG00000133121.nuc.ord	ENSG00000133121.nuc.ord.treefile	12.0	0.1875
TarvD7	ENSG00000133131.nuc.ord	ENSG00000133131.nuc.ord.treefile	20.0	0.3333333333333333
TarvD7	ENSG00000133135.nuc.ord	ENSG00000133135.nuc.ord.treefile	32.0	0.5
TarvD7	ENSG00000133138.nuc.ord	ENSG00000133138.nuc.ord.treefile	6.0	0.10344827586206896
TarvD7	ENSG00000133195.nuc.ord	ENSG00000133195.nuc.ord.treefile	30.0	0.5
TarvD7	ENSG00000133216.nuc.ord	ENSG00000133216.nuc.ord.treefile	24.0	0.3870967741935484
TarvD7	ENSG00000133226.nuc.ord	ENSG00000133226.nuc.ord.treefile	10.0	0.16129032258064516
TarvD7	ENSG00000133250.nuc.ord	ENSG00000133250.nuc.ord.treefile	22.0	0.4230769230769231
TarvD7	ENSG00000133256.nuc.ord	ENSG00000133256.nuc.ord.treefile	14.0	0.25925925925925924
TarvD7	ENSG00000133275.nuc.ord	ENSG00000133275.nuc.ord.treefile	20.0	0.47619047619047616
TarvD7	ENSG00000133302.nuc.ord	ENSG00000133302.nuc.ord.treefile	8.0	0.12121212121212122
TarvD7	ENSG00000133313.nuc.ord	ENSG00000133313.nuc.ord.treefile	18.0	0.3333333333333333
TarvD7	ENSG00000133315.nuc.ord	ENSG00000133315.nuc.ord.treefile	18.0	0.36
TarvD7	ENSG00000133316.nuc.ord	ENSG00000133316.nuc.ord.treefile	24.0	0.46153846153846156
TarvD7	ENSG00000133317.nuc.ord	ENSG00000133317.nuc.ord.treefile	16.0	0.3333333333333333
TarvD7	ENSG00000133318.nuc.ord	ENSG00000133318.nuc.ord.treefile	8.0	0.16666666666666666
TarvD7	ENSG00000133392.nuc.ord	ENSG00000133392.nuc.ord.treefile	16.0	0.2857142857142857
TarvD7	ENSG00000133393.nuc.ord	ENSG00000133393.nuc.ord.treefile	30.0	0.5357142857142857
TarvD7	ENSG00000133398.nuc.ord	ENSG00000133398.nuc.ord.treefile	48.0	0.7741935483870968
TarvD7	ENSG00000133401.nuc.ord	ENSG00000133401.nuc.ord.treefile	8.0	0.13793103448275862
TarvD7	ENSG00000133454.nuc.ord	ENSG00000133454.nuc.ord.treefile	8.0	0.14285714285714285
TarvD7	ENSG00000133466.nuc.ord	ENSG00000133466.nuc.ord.treefile	20.0	0.45454545454545453
TarvD7	ENSG00000133477.nuc.ord	ENSG00000133477.nuc.ord.treefile	20.0	0.3448275862068966
TarvD7	ENSG00000133597.nuc.ord	ENSG00000133597.nuc.ord.treefile	14.0	0.25925925925925924
TarvD7	ENSG00000133619.nuc.ord	ENSG00000133619.nuc.ord.treefile	24.0	0.46153846153846156
TarvD7	ENSG00000133636.nuc.ord	ENSG00000133636.nuc.ord.treefile	20.0	0.3125
TarvD7	ENSG00000133640.nuc.ord	ENSG00000133640.nuc.ord.treefile	8.0	0.16666666666666666
TarvD7	ENSG00000133641.nuc.ord	ENSG00000133641.nuc.ord.treefile	20.0	0.3225806451612903
TarvD7	ENSG00000133657.nuc.ord	ENSG00000133657.nuc.ord.treefile	14.0	0.21212121212121213
TarvD7	ENSG00000133661.nuc.ord	ENSG00000133661.nuc.ord.treefile	10.0	0.2777777777777778
TarvD7	ENSG00000133687.nuc.ord	ENSG00000133687.nuc.ord.treefile	20.0	0.3225806451612903
TarvD7	ENSG00000133703.nuc.ord	ENSG00000133703.nuc.ord.treefile	36.0	0.72
TarvD7	ENSG00000133704.nuc.ord	ENSG00000133704.nuc.ord.treefile	28.0	0.5
TarvD7	ENSG00000133706.nuc.ord	ENSG00000133706.nuc.ord.treefile	10.0	0.16666666666666666
TarvD7	ENSG00000133710.nuc.ord	ENSG00000133710.nuc.ord.treefile	16.0	0.25806451612903225
TarvD7	ENSG00000133739.nuc.ord	ENSG00000133739.nuc.ord.treefile	10.0	0.1724137931034483
TarvD7	ENSG00000133740.nuc.ord	ENSG00000133740.nuc.ord.treefile	22.0	0.3548387096774194
TarvD7	ENSG00000133742.nuc.ord	ENSG00000133742.nuc.ord.treefile	28.0	0.5384615384615384
TarvD7	ENSG00000133773.nuc.ord	ENSG00000133773.nuc.ord.treefile	28.0	0.4666666666666667
TarvD7	ENSG00000133789.nuc.ord	ENSG00000133789.nuc.ord.treefile	26.0	0.40625
TarvD7	ENSG00000133800.nuc.ord	ENSG00000133800.nuc.ord.treefile	10.0	0.1724137931034483
TarvD7	ENSG00000133805.nuc.ord	ENSG00000133805.nuc.ord.treefile	22.0	0.36666666666666664
TarvD7	ENSG00000133808.nuc.ord	ENSG00000133808.nuc.ord.treefile	12.0	0.23076923076923078
TarvD7	ENSG00000133812.nuc.ord	ENSG00000133812.nuc.ord.treefile	10.0	0.15151515151515152
TarvD7	ENSG00000133816.nuc.ord	ENSG00000133816.nuc.ord.treefile	8.0	0.12903225806451613
TarvD7	ENSG00000133818.nuc.ord	ENSG00000133818.nuc.ord.treefile	32.0	0.6666666666666666
TarvD7	ENSG00000133835.nuc.ord	ENSG00000133835.nuc.ord.treefile	14.0	0.22580645161290322
TarvD7	ENSG00000133858.nuc.ord	ENSG00000133858.nuc.ord.treefile	12.0	0.21428571428571427
TarvD7	ENSG00000133863.nuc.ord	ENSG00000133863.nuc.ord.treefile	10.0	0.16666666666666666
TarvD7	ENSG00000133872.nuc.ord	ENSG00000133872.nuc.ord.treefile	34.0	0.6071428571428571
TarvD7	ENSG00000133874.nuc.ord	ENSG00000133874.nuc.ord.treefile	40.0	0.625
TarvD7	ENSG00000133878.nuc.ord	ENSG00000133878.nuc.ord.treefile	26.0	0.5652173913043478
TarvD7	ENSG00000133884.nuc.ord	ENSG00000133884.nuc.ord.treefile	32.0	0.5
TarvD7	ENSG00000133895.nuc.ord	ENSG00000133895.nuc.ord.treefile	12.0	0.2727272727272727
TarvD7	ENSG00000133935.nuc.ord	ENSG00000133935.nuc.ord.treefile	30.0	0.5
TarvD7	ENSG00000133937.nuc.ord	ENSG00000133937.nuc.ord.treefile	30.0	0.6818181818181818
TarvD7	ENSG00000133943.nuc.ord	ENSG00000133943.nuc.ord.treefile	20.0	0.3448275862068966
TarvD7	ENSG00000133958.nuc.ord	ENSG00000133958.nuc.ord.treefile	12.0	0.1875
TarvD7	ENSG00000133961.nuc.ord	ENSG00000133961.nuc.ord.treefile	22.0	0.34375
TarvD7	ENSG00000133962.nuc.ord	ENSG00000133962.nuc.ord.treefile	14.0	0.2413793103448276
TarvD7	ENSG00000133980.nuc.ord	ENSG00000133980.nuc.ord.treefile	10.0	0.3333333333333333
TarvD7	ENSG00000133997.nuc.ord	ENSG00000133997.nuc.ord.treefile	26.0	0.41935483870967744
TarvD7	ENSG00000134001.nuc.ord	ENSG00000134001.nuc.ord.treefile	24.0	0.375
TarvD7	ENSG00000134013.nuc.ord	ENSG00000134013.nuc.ord.treefile	14.0	0.23333333333333334
TarvD7	ENSG00000134014.nuc.ord	ENSG00000134014.nuc.ord.treefile	12.0	0.20689655172413793
TarvD7	ENSG00000134020.nuc.ord	ENSG00000134020.nuc.ord.treefile	36.0	0.5806451612903226
TarvD7	ENSG00000134028.nuc.ord	ENSG00000134028.nuc.ord.treefile	14.0	0.21875
TarvD7	ENSG00000134030.nuc.ord	ENSG00000134030.nuc.ord.treefile	16.0	0.2857142857142857
TarvD7	ENSG00000134042.nuc.ord	ENSG00000134042.nuc.ord.treefile	16.0	0.26666666666666666
TarvD7	ENSG00000134046.nuc.ord	ENSG00000134046.nuc.ord.treefile	46.0	0.7666666666666667
TarvD7	ENSG00000134056.nuc.ord	ENSG00000134056.nuc.ord.treefile	22.0	0.4583333333333333
TarvD7	ENSG00000134070.nuc.ord	ENSG00000134070.nuc.ord.treefile	12.0	0.2
TarvD7	ENSG00000134072.nuc.ord	ENSG00000134072.nuc.ord.treefile	24.0	0.4444444444444444
TarvD7	ENSG00000134077.nuc.ord	ENSG00000134077.nuc.ord.treefile	14.0	0.25925925925925924
TarvD7	ENSG00000134086.nuc.ord	ENSG00000134086.nuc.ord.treefile	32.0	0.5925925925925926
TarvD7	ENSG00000134107.nuc.ord	ENSG00000134107.nuc.ord.treefile	22.0	0.39285714285714285
TarvD7	ENSG00000134108.nuc.ord	ENSG00000134108.nuc.ord.treefile	46.0	0.7419354838709677
TarvD7	ENSG00000134109.nuc.ord	ENSG00000134109.nuc.ord.treefile	20.0	0.3333333333333333
TarvD7	ENSG00000134115.nuc.ord	ENSG00000134115.nuc.ord.treefile	14.0	0.21875
TarvD7	ENSG00000134121.nuc.ord	ENSG00000134121.nuc.ord.treefile	20.0	0.3225806451612903
TarvD7	ENSG00000134138.nuc.ord	ENSG00000134138.nuc.ord.treefile	36.0	0.5454545454545454
TarvD7	ENSG00000134146.nuc.ord	ENSG00000134146.nuc.ord.treefile	36.0	0.5625
TarvD7	ENSG00000134152.nuc.ord	ENSG00000134152.nuc.ord.treefile	32.0	0.5161290322580645
TarvD7	ENSG00000134153.nuc.ord	ENSG00000134153.nuc.ord.treefile	34.0	0.5862068965517241
TarvD7	ENSG00000134160.nuc.ord	ENSG00000134160.nuc.ord.treefile	8.0	0.125
TarvD7	ENSG00000134183.nuc.ord	ENSG00000134183.nuc.ord.treefile	28.0	0.42424242424242425
TarvD7	ENSG00000134193.nuc.ord	ENSG00000134193.nuc.ord.treefile	30.0	0.5769230769230769
TarvD7	ENSG00000134198.nuc.ord	ENSG00000134198.nuc.ord.treefile	30.0	0.4838709677419355
TarvD7	ENSG00000134200.nuc.ord	ENSG00000134200.nuc.ord.treefile	24.0	0.4
TarvD7	ENSG00000134202.nuc.ord	ENSG00000134202.nuc.ord.treefile	20.0	0.35714285714285715
TarvD7	ENSG00000134207.nuc.ord	ENSG00000134207.nuc.ord.treefile	38.0	0.6333333333333333
TarvD7	ENSG00000134215.nuc.ord	ENSG00000134215.nuc.ord.treefile	14.0	0.21212121212121213
TarvD7	ENSG00000134222.nuc.ord	ENSG00000134222.nuc.ord.treefile	18.0	0.2727272727272727
TarvD7	ENSG00000134240.nuc.ord	ENSG00000134240.nuc.ord.treefile	14.0	0.23333333333333334
TarvD7	ENSG00000134242.nuc.ord	ENSG00000134242.nuc.ord.treefile	8.0	0.14285714285714285
TarvD7	ENSG00000134243.nuc.ord	ENSG00000134243.nuc.ord.treefile	18.0	0.2727272727272727
TarvD7	ENSG00000134245.nuc.ord	ENSG00000134245.nuc.ord.treefile	16.0	0.25806451612903225
TarvD7	ENSG00000134247.nuc.ord	ENSG00000134247.nuc.ord.treefile	18.0	0.28125
TarvD7	ENSG00000134250.nuc.ord	ENSG00000134250.nuc.ord.treefile	6.0	0.0967741935483871
TarvD7	ENSG00000134253.nuc.ord	ENSG00000134253.nuc.ord.treefile	16.0	0.26666666666666666
TarvD7	ENSG00000134255.nuc.ord	ENSG00000134255.nuc.ord.treefile	36.0	0.5625
TarvD7	ENSG00000134259.nuc.ord	ENSG00000134259.nuc.ord.treefile	14.0	0.35
TarvD7	ENSG00000134262.nuc.ord	ENSG00000134262.nuc.ord.treefile	26.0	0.41935483870967744
TarvD7	ENSG00000134265.nuc.ord	ENSG00000134265.nuc.ord.treefile	24.0	0.3870967741935484
TarvD7	ENSG00000134278.nuc.ord	ENSG00000134278.nuc.ord.treefile	14.0	0.21212121212121213
TarvD7	ENSG00000134287.nuc.ord	ENSG00000134287.nuc.ord.treefile	24.0	0.5
TarvD7	ENSG00000134294.nuc.ord	ENSG00000134294.nuc.ord.treefile	30.0	0.4838709677419355
TarvD7	ENSG00000134313.nuc.ord	ENSG00000134313.nuc.ord.treefile	30.0	0.46875
TarvD7	ENSG00000134317.nuc.ord	ENSG00000134317.nuc.ord.treefile	34.0	0.53125
TarvD7	ENSG00000134318.nuc.ord	ENSG00000134318.nuc.ord.treefile	26.0	0.40625
TarvD7	ENSG00000134321.nuc.ord	ENSG00000134321.nuc.ord.treefile	14.0	0.22580645161290322
TarvD7	ENSG00000134324.nuc.ord	ENSG00000134324.nuc.ord.treefile	10.0	0.16129032258064516
TarvD7	ENSG00000134326.nuc.ord	ENSG00000134326.nuc.ord.treefile	14.0	0.2916666666666667
TarvD7	ENSG00000134330.nuc.ord	ENSG00000134330.nuc.ord.treefile	24.0	0.4
TarvD7	ENSG00000134333.nuc.ord	ENSG00000134333.nuc.ord.treefile	28.0	0.5
TarvD7	ENSG00000134343.nuc.ord	ENSG00000134343.nuc.ord.treefile	6.0	0.09375
TarvD7	ENSG00000134352.nuc.ord	ENSG00000134352.nuc.ord.treefile	10.0	0.15151515151515152
TarvD7	ENSG00000134363.nuc.ord	ENSG00000134363.nuc.ord.treefile	30.0	0.45454545454545453
TarvD7	ENSG00000134369.nuc.ord	ENSG00000134369.nuc.ord.treefile	12.0	0.20689655172413793
TarvD7	ENSG00000134371.nuc.ord	ENSG00000134371.nuc.ord.treefile	20.0	0.3225806451612903
TarvD7	ENSG00000134375.nuc.ord	ENSG00000134375.nuc.ord.treefile	36.0	0.6
TarvD7	ENSG00000134376.nuc.ord	ENSG00000134376.nuc.ord.treefile	16.0	0.27586206896551724
TarvD7	ENSG00000134398.nuc.ord	ENSG00000134398.nuc.ord.treefile	10.0	0.1724137931034483
TarvD7	ENSG00000134440.nuc.ord	ENSG00000134440.nuc.ord.treefile	22.0	0.3793103448275862
TarvD7	ENSG00000134443.nuc.ord	ENSG00000134443.nuc.ord.treefile	26.0	0.52
TarvD7	ENSG00000134444.nuc.ord	ENSG00000134444.nuc.ord.treefile	46.0	0.71875
TarvD7	ENSG00000134452.nuc.ord	ENSG00000134452.nuc.ord.treefile	18.0	0.3
TarvD7	ENSG00000134453.nuc.ord	ENSG00000134453.nuc.ord.treefile	22.0	0.3333333333333333
TarvD7	ENSG00000134460.nuc.ord	ENSG00000134460.nuc.ord.treefile	10.0	0.19230769230769232
TarvD7	ENSG00000134461.nuc.ord	ENSG00000134461.nuc.ord.treefile	14.0	0.25925925925925924
TarvD7	ENSG00000134463.nuc.ord	ENSG00000134463.nuc.ord.treefile	18.0	0.3103448275862069
TarvD7	ENSG00000134470.nuc.ord	ENSG00000134470.nuc.ord.treefile	12.0	0.2727272727272727
TarvD7	ENSG00000134480.nuc.ord	ENSG00000134480.nuc.ord.treefile	16.0	0.26666666666666666
TarvD7	ENSG00000134489.nuc.ord	ENSG00000134489.nuc.ord.treefile	10.0	0.1724137931034483
TarvD7	ENSG00000134504.nuc.ord	ENSG00000134504.nuc.ord.treefile	30.0	0.46875
TarvD7	ENSG00000134508.nuc.ord	ENSG00000134508.nuc.ord.treefile	22.0	0.34375
TarvD7	ENSG00000134516.nuc.ord	ENSG00000134516.nuc.ord.treefile	8.0	0.12903225806451613
TarvD7	ENSG00000134532.nuc.ord	ENSG00000134532.nuc.ord.treefile	30.0	0.45454545454545453
TarvD7	ENSG00000134533.nuc.ord	ENSG00000134533.nuc.ord.treefile	32.0	0.5925925925925926
TarvD7	ENSG00000134569.nuc.ord	ENSG00000134569.nuc.ord.treefile	14.0	0.21875
TarvD7	ENSG00000134574.nuc.ord	ENSG00000134574.nuc.ord.treefile	16.0	0.25
TarvD7	ENSG00000134575.nuc.ord	ENSG00000134575.nuc.ord.treefile	24.0	0.41379310344827586
TarvD7	ENSG00000134594.nuc.ord	ENSG00000134594.nuc.ord.treefile	16.0	0.36363636363636365
TarvD7	ENSG00000134602.nuc.ord	ENSG00000134602.nuc.ord.treefile	16.0	0.2857142857142857
TarvD7	ENSG00000134627.nuc.ord	ENSG00000134627.nuc.ord.treefile	22.0	0.3548387096774194
TarvD7	ENSG00000134640.nuc.ord	ENSG00000134640.nuc.ord.treefile	20.0	0.47619047619047616
TarvD7	ENSG00000134644.nuc.ord	ENSG00000134644.nuc.ord.treefile	18.0	0.28125
TarvD7	ENSG00000134668.nuc.ord	ENSG00000134668.nuc.ord.treefile	26.0	0.43333333333333335
TarvD7	ENSG00000134684.nuc.ord	ENSG00000134684.nuc.ord.treefile	12.0	0.1875
TarvD7	ENSG00000134686.nuc.ord	ENSG00000134686.nuc.ord.treefile	16.0	0.25806451612903225
TarvD7	ENSG00000134690.nuc.ord	ENSG00000134690.nuc.ord.treefile	26.0	0.41935483870967744
TarvD7	ENSG00000134697.nuc.ord	ENSG00000134697.nuc.ord.treefile	6.0	0.0967741935483871
TarvD7	ENSG00000134698.nuc.ord	ENSG00000134698.nuc.ord.treefile	10.0	0.15625
TarvD7	ENSG00000134709.nuc.ord	ENSG00000134709.nuc.ord.treefile	12.0	0.1875
TarvD7	ENSG00000134744.nuc.ord	ENSG00000134744.nuc.ord.treefile	8.0	0.12903225806451613
TarvD7	ENSG00000134755.nuc.ord	ENSG00000134755.nuc.ord.treefile	14.0	0.23333333333333334
TarvD7	ENSG00000134757.nuc.ord	ENSG00000134757.nuc.ord.treefile	12.0	0.2
TarvD7	ENSG00000134758.nuc.ord	ENSG00000134758.nuc.ord.treefile	40.0	0.6451612903225806
TarvD7	ENSG00000134759.nuc.ord	ENSG00000134759.nuc.ord.treefile	12.0	0.1935483870967742
TarvD7	ENSG00000134762.nuc.ord	ENSG00000134762.nuc.ord.treefile	12.0	0.20689655172413793
TarvD7	ENSG00000134765.nuc.ord	ENSG00000134765.nuc.ord.treefile	6.0	0.09375
TarvD7	ENSG00000134769.nuc.ord	ENSG00000134769.nuc.ord.treefile	14.0	0.21875
TarvD7	ENSG00000134775.nuc.ord	ENSG00000134775.nuc.ord.treefile	16.0	0.24242424242424243
TarvD7	ENSG00000134779.nuc.ord	ENSG00000134779.nuc.ord.treefile	28.0	0.4666666666666667
TarvD7	ENSG00000134802.nuc.ord	ENSG00000134802.nuc.ord.treefile	14.0	0.2413793103448276
TarvD7	ENSG00000134812.nuc.ord	ENSG00000134812.nuc.ord.treefile	14.0	0.21875
TarvD7	ENSG00000134830.nuc.ord	ENSG00000134830.nuc.ord.treefile	10.0	0.3333333333333333
TarvD7	ENSG00000134851.nuc.ord	ENSG00000134851.nuc.ord.treefile	24.0	0.41379310344827586
TarvD7	ENSG00000134852.nuc.ord	ENSG00000134852.nuc.ord.treefile	18.0	0.2903225806451613
TarvD7	ENSG00000134853.nuc.ord	ENSG00000134853.nuc.ord.treefile	30.0	0.45454545454545453
TarvD7	ENSG00000134864.nuc.ord	ENSG00000134864.nuc.ord.treefile	12.0	0.3333333333333333
TarvD7	ENSG00000134871.nuc.ord	ENSG00000134871.nuc.ord.treefile	6.0	0.10714285714285714
TarvD7	ENSG00000134873.nuc.ord	ENSG00000134873.nuc.ord.treefile	34.0	0.5862068965517241
TarvD7	ENSG00000134882.nuc.ord	ENSG00000134882.nuc.ord.treefile	20.0	0.4166666666666667
TarvD7	ENSG00000134884.nuc.ord	ENSG00000134884.nuc.ord.treefile	34.0	0.6538461538461539
TarvD7	ENSG00000134897.nuc.ord	ENSG00000134897.nuc.ord.treefile	18.0	0.3333333333333333
TarvD7	ENSG00000134899.nuc.ord	ENSG00000134899.nuc.ord.treefile	10.0	0.15625
TarvD7	ENSG00000134900.nuc.ord	ENSG00000134900.nuc.ord.treefile	18.0	0.2727272727272727
TarvD7	ENSG00000134901.nuc.ord	ENSG00000134901.nuc.ord.treefile	18.0	0.28125
TarvD7	ENSG00000134905.nuc.ord	ENSG00000134905.nuc.ord.treefile	12.0	0.21428571428571427
TarvD7	ENSG00000134909.nuc.ord	ENSG00000134909.nuc.ord.treefile	26.0	0.43333333333333335
TarvD7	ENSG00000134910.nuc.ord	ENSG00000134910.nuc.ord.treefile	28.0	0.42424242424242425
TarvD7	ENSG00000134917.nuc.ord	ENSG00000134917.nuc.ord.treefile	12.0	0.20689655172413793
TarvD7	ENSG00000134954.nuc.ord	ENSG00000134954.nuc.ord.treefile	22.0	0.39285714285714285
TarvD7	ENSG00000134962.nuc.ord	ENSG00000134962.nuc.ord.treefile	28.0	0.5
TarvD7	ENSG00000134982.nuc.ord	ENSG00000134982.nuc.ord.treefile	10.0	0.15151515151515152
TarvD7	ENSG00000134986.nuc.ord	ENSG00000134986.nuc.ord.treefile	22.0	0.4782608695652174
TarvD7	ENSG00000134987.nuc.ord	ENSG00000134987.nuc.ord.treefile	6.0	0.09375
TarvD7	ENSG00000134996.nuc.ord	ENSG00000134996.nuc.ord.treefile	24.0	0.375
TarvD7	ENSG00000135002.nuc.ord	ENSG00000135002.nuc.ord.treefile	30.0	0.6
TarvD7	ENSG00000135040.nuc.ord	ENSG00000135040.nuc.ord.treefile	26.0	0.43333333333333335
TarvD7	ENSG00000135045.nuc.ord	ENSG00000135045.nuc.ord.treefile	16.0	0.38095238095238093
TarvD7	ENSG00000135046.nuc.ord	ENSG00000135046.nuc.ord.treefile	16.0	0.25806451612903225
TarvD7	ENSG00000135048.nuc.ord	ENSG00000135048.nuc.ord.treefile	10.0	0.15625
TarvD7	ENSG00000135049.nuc.ord	ENSG00000135049.nuc.ord.treefile	8.0	0.125
TarvD7	ENSG00000135052.nuc.ord	ENSG00000135052.nuc.ord.treefile	20.0	0.37037037037037035
TarvD7	ENSG00000135063.nuc.ord	ENSG00000135063.nuc.ord.treefile	20.0	0.30303030303030304
TarvD7	ENSG00000135069.nuc.ord	ENSG00000135069.nuc.ord.treefile	12.0	0.2
TarvD7	ENSG00000135074.nuc.ord	ENSG00000135074.nuc.ord.treefile	14.0	0.22580645161290322
TarvD7	ENSG00000135083.nuc.ord	ENSG00000135083.nuc.ord.treefile	20.0	0.35714285714285715
TarvD7	ENSG00000135090.nuc.ord	ENSG00000135090.nuc.ord.treefile	20.0	0.3448275862068966
TarvD7	ENSG00000135093.nuc.ord	ENSG00000135093.nuc.ord.treefile	22.0	0.36666666666666664
TarvD7	ENSG00000135097.nuc.ord	ENSG00000135097.nuc.ord.treefile	34.0	0.6071428571428571
TarvD7	ENSG00000135100.nuc.ord	ENSG00000135100.nuc.ord.treefile	28.0	0.5185185185185185
TarvD7	ENSG00000135108.nuc.ord	ENSG00000135108.nuc.ord.treefile	20.0	0.3225806451612903
TarvD7	ENSG00000135111.nuc.ord	ENSG00000135111.nuc.ord.treefile	28.0	0.5
TarvD7	ENSG00000135119.nuc.ord	ENSG00000135119.nuc.ord.treefile	26.0	0.43333333333333335
TarvD7	ENSG00000135124.nuc.ord	ENSG00000135124.nuc.ord.treefile	10.0	0.17857142857142858
TarvD7	ENSG00000135127.nuc.ord	ENSG00000135127.nuc.ord.treefile	38.0	0.6129032258064516
TarvD7	ENSG00000135148.nuc.ord	ENSG00000135148.nuc.ord.treefile	10.0	0.15625
TarvD7	ENSG00000135185.nuc.ord	ENSG00000135185.nuc.ord.treefile	38.0	0.6333333333333333
TarvD7	ENSG00000135205.nuc.ord	ENSG00000135205.nuc.ord.treefile	18.0	0.28125
TarvD7	ENSG00000135211.nuc.ord	ENSG00000135211.nuc.ord.treefile	24.0	0.5
TarvD7	ENSG00000135218.nuc.ord	ENSG00000135218.nuc.ord.treefile	24.0	0.4444444444444444
TarvD7	ENSG00000135241.nuc.ord	ENSG00000135241.nuc.ord.treefile	20.0	0.3333333333333333
TarvD7	ENSG00000135248.nuc.ord	ENSG00000135248.nuc.ord.treefile	20.0	0.3333333333333333
TarvD7	ENSG00000135249.nuc.ord	ENSG00000135249.nuc.ord.treefile	18.0	0.28125
TarvD7	ENSG00000135250.nuc.ord	ENSG00000135250.nuc.ord.treefile	20.0	0.3125
TarvD7	ENSG00000135272.nuc.ord	ENSG00000135272.nuc.ord.treefile	34.0	0.53125
TarvD7	ENSG00000135297.nuc.ord	ENSG00000135297.nuc.ord.treefile	18.0	0.2903225806451613
TarvD7	ENSG00000135298.nuc.ord	ENSG00000135298.nuc.ord.treefile	14.0	0.21875
TarvD7	ENSG00000135299.nuc.ord	ENSG00000135299.nuc.ord.treefile	8.0	0.15384615384615385
TarvD7	ENSG00000135312.nuc.ord	ENSG00000135312.nuc.ord.treefile	18.0	0.6
TarvD7	ENSG00000135315.nuc.ord	ENSG00000135315.nuc.ord.treefile	10.0	0.16129032258064516
TarvD7	ENSG00000135316.nuc.ord	ENSG00000135316.nuc.ord.treefile	24.0	0.3870967741935484
TarvD7	ENSG00000135317.nuc.ord	ENSG00000135317.nuc.ord.treefile	14.0	0.21875
TarvD7	ENSG00000135318.nuc.ord	ENSG00000135318.nuc.ord.treefile	14.0	0.23333333333333334
TarvD7	ENSG00000135324.nuc.ord	ENSG00000135324.nuc.ord.treefile	30.0	0.6
TarvD7	ENSG00000135334.nuc.ord	ENSG00000135334.nuc.ord.treefile	38.0	0.5757575757575758
TarvD7	ENSG00000135336.nuc.ord	ENSG00000135336.nuc.ord.treefile	12.0	0.1875
TarvD7	ENSG00000135338.nuc.ord	ENSG00000135338.nuc.ord.treefile	12.0	0.18181818181818182
TarvD7	ENSG00000135341.nuc.ord	ENSG00000135341.nuc.ord.treefile	24.0	0.4
TarvD7	ENSG00000135346.nuc.ord	ENSG00000135346.nuc.ord.treefile	30.0	0.6
TarvD7	ENSG00000135362.nuc.ord	ENSG00000135362.nuc.ord.treefile	24.0	0.4
TarvD7	ENSG00000135363.nuc.ord	ENSG00000135363.nuc.ord.treefile	36.0	0.6428571428571429
TarvD7	ENSG00000135365.nuc.ord	ENSG00000135365.nuc.ord.treefile	34.0	0.53125
TarvD7	ENSG00000135372.nuc.ord	ENSG00000135372.nuc.ord.treefile	22.0	0.34375
TarvD7	ENSG00000135373.nuc.ord	ENSG00000135373.nuc.ord.treefile	24.0	0.4
TarvD7	ENSG00000135374.nuc.ord	ENSG00000135374.nuc.ord.treefile	30.0	0.6
TarvD7	ENSG00000135378.nuc.ord	ENSG00000135378.nuc.ord.treefile	30.0	0.5
TarvD7	ENSG00000135387.nuc.ord	ENSG00000135387.nuc.ord.treefile	24.0	0.4
TarvD7	ENSG00000135392.nuc.ord	ENSG00000135392.nuc.ord.treefile	14.0	0.3181818181818182
TarvD7	ENSG00000135407.nuc.ord	ENSG00000135407.nuc.ord.treefile	12.0	0.23076923076923078
TarvD7	ENSG00000135409.nuc.ord	ENSG00000135409.nuc.ord.treefile	12.0	0.2222222222222222
TarvD7	ENSG00000135423.nuc.ord	ENSG00000135423.nuc.ord.treefile	18.0	0.3
TarvD7	ENSG00000135426.nuc.ord	ENSG00000135426.nuc.ord.treefile	24.0	0.4
TarvD7	ENSG00000135436.nuc.ord	ENSG00000135436.nuc.ord.treefile	14.0	0.2413793103448276
TarvD7	ENSG00000135439.nuc.ord	ENSG00000135439.nuc.ord.treefile	26.0	0.48148148148148145
TarvD7	ENSG00000135451.nuc.ord	ENSG00000135451.nuc.ord.treefile	16.0	0.2962962962962963
TarvD7	ENSG00000135452.nuc.ord	ENSG00000135452.nuc.ord.treefile	18.0	0.34615384615384615
TarvD7	ENSG00000135457.nuc.ord	ENSG00000135457.nuc.ord.treefile	22.0	0.36666666666666664
TarvD7	ENSG00000135473.nuc.ord	ENSG00000135473.nuc.ord.treefile	14.0	0.22580645161290322
TarvD7	ENSG00000135476.nuc.ord	ENSG00000135476.nuc.ord.treefile	10.0	0.15625
TarvD7	ENSG00000135480.nuc.ord	ENSG00000135480.nuc.ord.treefile	10.0	0.29411764705882354
TarvD7	ENSG00000135482.nuc.ord	ENSG00000135482.nuc.ord.treefile	26.0	0.5909090909090909
TarvD7	ENSG00000135503.nuc.ord	ENSG00000135503.nuc.ord.treefile	38.0	0.6129032258064516
TarvD7	ENSG00000135506.nuc.ord	ENSG00000135506.nuc.ord.treefile	16.0	0.26666666666666666
TarvD7	ENSG00000135517.nuc.ord	ENSG00000135517.nuc.ord.treefile	30.0	0.5357142857142857
TarvD7	ENSG00000135521.nuc.ord	ENSG00000135521.nuc.ord.treefile	20.0	0.3125
TarvD7	ENSG00000135525.nuc.ord	ENSG00000135525.nuc.ord.treefile	6.0	0.09375
TarvD7	ENSG00000135537.nuc.ord	ENSG00000135537.nuc.ord.treefile	22.0	0.3333333333333333
TarvD7	ENSG00000135541.nuc.ord	ENSG00000135541.nuc.ord.treefile	6.0	0.09090909090909091
TarvD7	ENSG00000135547.nuc.ord	ENSG00000135547.nuc.ord.treefile	36.0	0.6
TarvD7	ENSG00000135569.nuc.ord	ENSG00000135569.nuc.ord.treefile	18.0	0.47368421052631576
TarvD7	ENSG00000135587.nuc.ord	ENSG00000135587.nuc.ord.treefile	12.0	0.2
TarvD7	ENSG00000135596.nuc.ord	ENSG00000135596.nuc.ord.treefile	16.0	0.3076923076923077
TarvD7	ENSG00000135597.nuc.ord	ENSG00000135597.nuc.ord.treefile	14.0	0.21875
TarvD7	ENSG00000135604.nuc.ord	ENSG00000135604.nuc.ord.treefile	16.0	0.36363636363636365
TarvD7	ENSG00000135605.nuc.ord	ENSG00000135605.nuc.ord.treefile	20.0	0.3333333333333333
TarvD7	ENSG00000135617.nuc.ord	ENSG00000135617.nuc.ord.treefile	36.0	0.6
TarvD7	ENSG00000135622.nuc.ord	ENSG00000135622.nuc.ord.treefile	16.0	0.3076923076923077
TarvD7	ENSG00000135624.nuc.ord	ENSG00000135624.nuc.ord.treefile	12.0	0.2
TarvD7	ENSG00000135625.nuc.ord	ENSG00000135625.nuc.ord.treefile	14.0	0.3333333333333333
TarvD7	ENSG00000135631.nuc.ord	ENSG00000135631.nuc.ord.treefile	16.0	0.3333333333333333
TarvD7	ENSG00000135636.nuc.ord	ENSG00000135636.nuc.ord.treefile	10.0	0.1724137931034483
TarvD7	ENSG00000135637.nuc.ord	ENSG00000135637.nuc.ord.treefile	12.0	0.2222222222222222
TarvD7	ENSG00000135643.nuc.ord	ENSG00000135643.nuc.ord.treefile	18.0	0.5
TarvD7	ENSG00000135655.nuc.ord	ENSG00000135655.nuc.ord.treefile	12.0	0.1875
TarvD7	ENSG00000135677.nuc.ord	ENSG00000135677.nuc.ord.treefile	32.0	0.5161290322580645
TarvD7	ENSG00000135678.nuc.ord	ENSG00000135678.nuc.ord.treefile	14.0	0.30434782608695654
TarvD7	ENSG00000135686.nuc.ord	ENSG00000135686.nuc.ord.treefile	30.0	0.5
TarvD7	ENSG00000135697.nuc.ord	ENSG00000135697.nuc.ord.treefile	10.0	0.16129032258064516
TarvD7	ENSG00000135698.nuc.ord	ENSG00000135698.nuc.ord.treefile	30.0	0.6
TarvD7	ENSG00000135709.nuc.ord	ENSG00000135709.nuc.ord.treefile	16.0	0.27586206896551724
TarvD7	ENSG00000135720.nuc.ord	ENSG00000135720.nuc.ord.treefile	20.0	0.3125
TarvD7	ENSG00000135723.nuc.ord	ENSG00000135723.nuc.ord.treefile	4.0	0.07142857142857142
TarvD7	ENSG00000135736.nuc.ord	ENSG00000135736.nuc.ord.treefile	38.0	0.8636363636363636
TarvD7	ENSG00000135740.nuc.ord	ENSG00000135740.nuc.ord.treefile	18.0	0.3103448275862069
TarvD7	ENSG00000135744.nuc.ord	ENSG00000135744.nuc.ord.treefile	10.0	0.20833333333333334
TarvD7	ENSG00000135750.nuc.ord	ENSG00000135750.nuc.ord.treefile	32.0	0.5
TarvD7	ENSG00000135763.nuc.ord	ENSG00000135763.nuc.ord.treefile	20.0	0.3225806451612903
TarvD7	ENSG00000135766.nuc.ord	ENSG00000135766.nuc.ord.treefile	32.0	0.6666666666666666
TarvD7	ENSG00000135775.nuc.ord	ENSG00000135775.nuc.ord.treefile	22.0	0.3333333333333333
TarvD7	ENSG00000135776.nuc.ord	ENSG00000135776.nuc.ord.treefile	30.0	0.5
TarvD7	ENSG00000135778.nuc.ord	ENSG00000135778.nuc.ord.treefile	18.0	0.3333333333333333
TarvD7	ENSG00000135823.nuc.ord	ENSG00000135823.nuc.ord.treefile	38.0	0.59375
TarvD7	ENSG00000135824.nuc.ord	ENSG00000135824.nuc.ord.treefile	34.0	0.6296296296296297
TarvD7	ENSG00000135828.nuc.ord	ENSG00000135828.nuc.ord.treefile	20.0	0.3333333333333333
TarvD7	ENSG00000135829.nuc.ord	ENSG00000135829.nuc.ord.treefile	20.0	0.3225806451612903
TarvD7	ENSG00000135835.nuc.ord	ENSG00000135835.nuc.ord.treefile	6.0	0.1111111111111111
TarvD7	ENSG00000135837.nuc.ord	ENSG00000135837.nuc.ord.treefile	12.0	0.20689655172413793
TarvD7	ENSG00000135838.nuc.ord	ENSG00000135838.nuc.ord.treefile	16.0	0.27586206896551724
TarvD7	ENSG00000135842.nuc.ord	ENSG00000135842.nuc.ord.treefile	18.0	0.28125
TarvD7	ENSG00000135845.nuc.ord	ENSG00000135845.nuc.ord.treefile	14.0	0.3181818181818182
TarvD7	ENSG00000135847.nuc.ord	ENSG00000135847.nuc.ord.treefile	32.0	0.48484848484848486
TarvD7	ENSG00000135862.nuc.ord	ENSG00000135862.nuc.ord.treefile	16.0	0.26666666666666666
TarvD7	ENSG00000135870.nuc.ord	ENSG00000135870.nuc.ord.treefile	24.0	0.36363636363636365
TarvD7	ENSG00000135900.nuc.ord	ENSG00000135900.nuc.ord.treefile	22.0	0.3548387096774194
TarvD7	ENSG00000135902.nuc.ord	ENSG00000135902.nuc.ord.treefile	16.0	0.2857142857142857
TarvD7	ENSG00000135905.nuc.ord	ENSG00000135905.nuc.ord.treefile	10.0	0.15625
TarvD7	ENSG00000135914.nuc.ord	ENSG00000135914.nuc.ord.treefile	14.0	0.2413793103448276
TarvD7	ENSG00000135917.nuc.ord	ENSG00000135917.nuc.ord.treefile	18.0	0.32142857142857145
TarvD7	ENSG00000135919.nuc.ord	ENSG00000135919.nuc.ord.treefile	30.0	0.4838709677419355
TarvD7	ENSG00000135924.nuc.ord	ENSG00000135924.nuc.ord.treefile	32.0	0.5714285714285714
TarvD7	ENSG00000135925.nuc.ord	ENSG00000135925.nuc.ord.treefile	16.0	0.36363636363636365
TarvD7	ENSG00000135926.nuc.ord	ENSG00000135926.nuc.ord.treefile	18.0	0.3
TarvD7	ENSG00000135929.nuc.ord	ENSG00000135929.nuc.ord.treefile	14.0	0.2413793103448276
TarvD7	ENSG00000135930.nuc.ord	ENSG00000135930.nuc.ord.treefile	38.0	0.6551724137931034
TarvD7	ENSG00000135931.nuc.ord	ENSG00000135931.nuc.ord.treefile	14.0	0.22580645161290322
TarvD7	ENSG00000135932.nuc.ord	ENSG00000135932.nuc.ord.treefile	34.0	0.5666666666666667
TarvD7	ENSG00000135945.nuc.ord	ENSG00000135945.nuc.ord.treefile	14.0	0.21875
TarvD7	ENSG00000135951.nuc.ord	ENSG00000135951.nuc.ord.treefile	16.0	0.27586206896551724
TarvD7	ENSG00000135960.nuc.ord	ENSG00000135960.nuc.ord.treefile	16.0	0.27586206896551724
TarvD7	ENSG00000135966.nuc.ord	ENSG00000135966.nuc.ord.treefile	12.0	0.2
TarvD7	ENSG00000135968.nuc.ord	ENSG00000135968.nuc.ord.treefile	8.0	0.13793103448275862
TarvD7	ENSG00000135972.nuc.ord	ENSG00000135972.nuc.ord.treefile	12.0	0.1935483870967742
TarvD7	ENSG00000135974.nuc.ord	ENSG00000135974.nuc.ord.treefile	32.0	0.5925925925925926
TarvD7	ENSG00000135999.nuc.ord	ENSG00000135999.nuc.ord.treefile	22.0	0.34375
TarvD7	ENSG00000136003.nuc.ord	ENSG00000136003.nuc.ord.treefile	36.0	0.6428571428571429
TarvD7	ENSG00000136010.nuc.ord	ENSG00000136010.nuc.ord.treefile	18.0	0.2903225806451613
TarvD7	ENSG00000136011.nuc.ord	ENSG00000136011.nuc.ord.treefile	8.0	0.12121212121212122
TarvD7	ENSG00000136014.nuc.ord	ENSG00000136014.nuc.ord.treefile	14.0	0.2413793103448276
TarvD7	ENSG00000136026.nuc.ord	ENSG00000136026.nuc.ord.treefile	18.0	0.3
TarvD7	ENSG00000136040.nuc.ord	ENSG00000136040.nuc.ord.treefile	8.0	0.125
TarvD7	ENSG00000136044.nuc.ord	ENSG00000136044.nuc.ord.treefile	20.0	0.3125
TarvD7	ENSG00000136045.nuc.ord	ENSG00000136045.nuc.ord.treefile	36.0	0.5806451612903226
TarvD7	ENSG00000136048.nuc.ord	ENSG00000136048.nuc.ord.treefile	48.0	0.8
TarvD7	ENSG00000136051.nuc.ord	ENSG00000136051.nuc.ord.treefile	30.0	0.4838709677419355
TarvD7	ENSG00000136052.nuc.ord	ENSG00000136052.nuc.ord.treefile	20.0	0.30303030303030304
TarvD7	ENSG00000136059.nuc.ord	ENSG00000136059.nuc.ord.treefile	8.0	0.15384615384615385
TarvD7	ENSG00000136098.nuc.ord	ENSG00000136098.nuc.ord.treefile	12.0	0.2222222222222222
TarvD7	ENSG00000136100.nuc.ord	ENSG00000136100.nuc.ord.treefile	20.0	0.3448275862068966
TarvD7	ENSG00000136104.nuc.ord	ENSG00000136104.nuc.ord.treefile	18.0	0.3103448275862069
TarvD7	ENSG00000136108.nuc.ord	ENSG00000136108.nuc.ord.treefile	10.0	0.2
TarvD7	ENSG00000136110.nuc.ord	ENSG00000136110.nuc.ord.treefile	30.0	0.4838709677419355
TarvD7	ENSG00000136111.nuc.ord	ENSG00000136111.nuc.ord.treefile	4.0	0.0625
TarvD7	ENSG00000136114.nuc.ord	ENSG00000136114.nuc.ord.treefile	24.0	0.4444444444444444
TarvD7	ENSG00000136122.nuc.ord	ENSG00000136122.nuc.ord.treefile	12.0	0.1935483870967742
TarvD7	ENSG00000136141.nuc.ord	ENSG00000136141.nuc.ord.treefile	8.0	0.12121212121212122
TarvD7	ENSG00000136143.nuc.ord	ENSG00000136143.nuc.ord.treefile	16.0	0.26666666666666666
TarvD7	ENSG00000136146.nuc.ord	ENSG00000136146.nuc.ord.treefile	24.0	0.4
TarvD7	ENSG00000136152.nuc.ord	ENSG00000136152.nuc.ord.treefile	16.0	0.25
TarvD7	ENSG00000136153.nuc.ord	ENSG00000136153.nuc.ord.treefile	8.0	0.12121212121212122
TarvD7	ENSG00000136155.nuc.ord	ENSG00000136155.nuc.ord.treefile	14.0	0.22580645161290322
TarvD7	ENSG00000136156.nuc.ord	ENSG00000136156.nuc.ord.treefile	34.0	0.5666666666666667
TarvD7	ENSG00000136158.nuc.ord	ENSG00000136158.nuc.ord.treefile	18.0	0.42857142857142855
TarvD7	ENSG00000136160.nuc.ord	ENSG00000136160.nuc.ord.treefile	18.0	0.3
TarvD7	ENSG00000136161.nuc.ord	ENSG00000136161.nuc.ord.treefile	18.0	0.3
TarvD7	ENSG00000136167.nuc.ord	ENSG00000136167.nuc.ord.treefile	14.0	0.21212121212121213
TarvD7	ENSG00000136169.nuc.ord	ENSG00000136169.nuc.ord.treefile	14.0	0.22580645161290322
TarvD7	ENSG00000136193.nuc.ord	ENSG00000136193.nuc.ord.treefile	20.0	0.3225806451612903
TarvD7	ENSG00000136205.nuc.ord	ENSG00000136205.nuc.ord.treefile	18.0	0.3333333333333333
TarvD7	ENSG00000136235.nuc.ord	ENSG00000136235.nuc.ord.treefile	14.0	0.23333333333333334
TarvD7	ENSG00000136237.nuc.ord	ENSG00000136237.nuc.ord.treefile	32.0	0.48484848484848486
TarvD7	ENSG00000136238.nuc.ord	ENSG00000136238.nuc.ord.treefile	34.0	0.5666666666666667
TarvD7	ENSG00000136243.nuc.ord	ENSG00000136243.nuc.ord.treefile	12.0	0.1875
TarvD7	ENSG00000136244.nuc.ord	ENSG00000136244.nuc.ord.treefile	20.0	0.3448275862068966
TarvD7	ENSG00000136247.nuc.ord	ENSG00000136247.nuc.ord.treefile	14.0	0.25
TarvD7	ENSG00000136250.nuc.ord	ENSG00000136250.nuc.ord.treefile	12.0	0.1875
TarvD7	ENSG00000136261.nuc.ord	ENSG00000136261.nuc.ord.treefile	26.0	0.43333333333333335
TarvD7	ENSG00000136270.nuc.ord	ENSG00000136270.nuc.ord.treefile	8.0	0.14285714285714285
TarvD7	ENSG00000136271.nuc.ord	ENSG00000136271.nuc.ord.treefile	14.0	0.2413793103448276
TarvD7	ENSG00000136273.nuc.ord	ENSG00000136273.nuc.ord.treefile	20.0	0.38461538461538464
TarvD7	ENSG00000136279.nuc.ord	ENSG00000136279.nuc.ord.treefile	20.0	0.35714285714285715
TarvD7	ENSG00000136286.nuc.ord	ENSG00000136286.nuc.ord.treefile	14.0	0.25925925925925924
TarvD7	ENSG00000136305.nuc.ord	ENSG00000136305.nuc.ord.treefile	14.0	0.25
TarvD7	ENSG00000136327.nuc.ord	ENSG00000136327.nuc.ord.treefile	16.0	0.38095238095238093
TarvD7	ENSG00000136381.nuc.ord	ENSG00000136381.nuc.ord.treefile	18.0	0.2903225806451613
TarvD7	ENSG00000136383.nuc.ord	ENSG00000136383.nuc.ord.treefile	14.0	0.25925925925925924
TarvD7	ENSG00000136404.nuc.ord	ENSG00000136404.nuc.ord.treefile	30.0	0.45454545454545453
TarvD7	ENSG00000136425.nuc.ord	ENSG00000136425.nuc.ord.treefile	32.0	0.64
TarvD7	ENSG00000136436.nuc.ord	ENSG00000136436.nuc.ord.treefile	24.0	0.46153846153846156
TarvD7	ENSG00000136444.nuc.ord	ENSG00000136444.nuc.ord.treefile	22.0	0.4782608695652174
TarvD7	ENSG00000136448.nuc.ord	ENSG00000136448.nuc.ord.treefile	24.0	0.3870967741935484
TarvD7	ENSG00000136449.nuc.ord	ENSG00000136449.nuc.ord.treefile	4.0	0.06666666666666667
TarvD7	ENSG00000136451.nuc.ord	ENSG00000136451.nuc.ord.treefile	14.0	0.25925925925925924
TarvD7	ENSG00000136457.nuc.ord	ENSG00000136457.nuc.ord.treefile	24.0	0.5
TarvD7	ENSG00000136463.nuc.ord	ENSG00000136463.nuc.ord.treefile	22.0	0.36666666666666664
TarvD7	ENSG00000136478.nuc.ord	ENSG00000136478.nuc.ord.treefile	12.0	0.1875
TarvD7	ENSG00000136480.nuc.ord	ENSG00000136480.nuc.ord.treefile	26.0	0.41935483870967744
TarvD7	ENSG00000136485.nuc.ord	ENSG00000136485.nuc.ord.treefile	36.0	0.6923076923076923
TarvD7	ENSG00000136490.nuc.ord	ENSG00000136490.nuc.ord.treefile	38.0	0.7037037037037037
TarvD7	ENSG00000136492.nuc.ord	ENSG00000136492.nuc.ord.treefile	12.0	0.1875
TarvD7	ENSG00000136504.nuc.ord	ENSG00000136504.nuc.ord.treefile	32.0	0.5333333333333333
TarvD7	ENSG00000136518.nuc.ord	ENSG00000136518.nuc.ord.treefile	32.0	0.5
TarvD7	ENSG00000136522.nuc.ord	ENSG00000136522.nuc.ord.treefile	18.0	0.42857142857142855
TarvD7	ENSG00000136531.nuc.ord	ENSG00000136531.nuc.ord.treefile	18.0	0.2727272727272727
TarvD7	ENSG00000136535.nuc.ord	ENSG00000136535.nuc.ord.treefile	28.0	0.5833333333333334
TarvD7	ENSG00000136536.nuc.ord	ENSG00000136536.nuc.ord.treefile	12.0	0.2
TarvD7	ENSG00000136541.nuc.ord	ENSG00000136541.nuc.ord.treefile	14.0	0.21875
TarvD7	ENSG00000136542.nuc.ord	ENSG00000136542.nuc.ord.treefile	16.0	0.26666666666666666
TarvD7	ENSG00000136560.nuc.ord	ENSG00000136560.nuc.ord.treefile	12.0	0.1935483870967742
TarvD7	ENSG00000136574.nuc.ord	ENSG00000136574.nuc.ord.treefile	34.0	0.5862068965517241
TarvD7	ENSG00000136603.nuc.ord	ENSG00000136603.nuc.ord.treefile	14.0	0.22580645161290322
TarvD7	ENSG00000136628.nuc.ord	ENSG00000136628.nuc.ord.treefile	28.0	0.4375
TarvD7	ENSG00000136630.nuc.ord	ENSG00000136630.nuc.ord.treefile	18.0	0.32142857142857145
TarvD7	ENSG00000136631.nuc.ord	ENSG00000136631.nuc.ord.treefile	20.0	0.3125
TarvD7	ENSG00000136634.nuc.ord	ENSG00000136634.nuc.ord.treefile	32.0	0.48484848484848486
TarvD7	ENSG00000136636.nuc.ord	ENSG00000136636.nuc.ord.treefile	32.0	0.5
TarvD7	ENSG00000136643.nuc.ord	ENSG00000136643.nuc.ord.treefile	16.0	0.26666666666666666
TarvD7	ENSG00000136653.nuc.ord	ENSG00000136653.nuc.ord.treefile	24.0	0.4444444444444444
TarvD7	ENSG00000136709.nuc.ord	ENSG00000136709.nuc.ord.treefile	8.0	0.15384615384615385
TarvD7	ENSG00000136715.nuc.ord	ENSG00000136715.nuc.ord.treefile	20.0	0.30303030303030304
TarvD7	ENSG00000136718.nuc.ord	ENSG00000136718.nuc.ord.treefile	26.0	0.43333333333333335
TarvD7	ENSG00000136720.nuc.ord	ENSG00000136720.nuc.ord.treefile	34.0	0.68
TarvD7	ENSG00000136731.nuc.ord	ENSG00000136731.nuc.ord.treefile	16.0	0.25
TarvD7	ENSG00000136738.nuc.ord	ENSG00000136738.nuc.ord.treefile	28.0	0.42424242424242425
TarvD7	ENSG00000136750.nuc.ord	ENSG00000136750.nuc.ord.treefile	8.0	0.125
TarvD7	ENSG00000136754.nuc.ord	ENSG00000136754.nuc.ord.treefile	32.0	0.5161290322580645
TarvD7	ENSG00000136758.nuc.ord	ENSG00000136758.nuc.ord.treefile	14.0	0.22580645161290322
TarvD7	ENSG00000136770.nuc.ord	ENSG00000136770.nuc.ord.treefile	12.0	0.1875
TarvD7	ENSG00000136805.nuc.ord	ENSG00000136805.nuc.ord.treefile	40.0	0.6896551724137931
TarvD7	ENSG00000136807.nuc.ord	ENSG00000136807.nuc.ord.treefile	14.0	0.2916666666666667
TarvD7	ENSG00000136811.nuc.ord	ENSG00000136811.nuc.ord.treefile	24.0	0.3870967741935484
TarvD7	ENSG00000136813.nuc.ord	ENSG00000136813.nuc.ord.treefile	18.0	0.28125
TarvD7	ENSG00000136816.nuc.ord	ENSG00000136816.nuc.ord.treefile	18.0	0.32142857142857145
TarvD7	ENSG00000136824.nuc.ord	ENSG00000136824.nuc.ord.treefile	14.0	0.23333333333333334
TarvD7	ENSG00000136827.nuc.ord	ENSG00000136827.nuc.ord.treefile	32.0	0.5517241379310345
TarvD7	ENSG00000136828.nuc.ord	ENSG00000136828.nuc.ord.treefile	26.0	0.4642857142857143
TarvD7	ENSG00000136830.nuc.ord	ENSG00000136830.nuc.ord.treefile	16.0	0.2962962962962963
TarvD7	ENSG00000136840.nuc.ord	ENSG00000136840.nuc.ord.treefile	32.0	0.5714285714285714
TarvD7	ENSG00000136848.nuc.ord	ENSG00000136848.nuc.ord.treefile	16.0	0.3076923076923077
TarvD7	ENSG00000136854.nuc.ord	ENSG00000136854.nuc.ord.treefile	18.0	0.28125
TarvD7	ENSG00000136856.nuc.ord	ENSG00000136856.nuc.ord.treefile	12.0	0.21428571428571427
TarvD7	ENSG00000136859.nuc.ord	ENSG00000136859.nuc.ord.treefile	28.0	0.4666666666666667
TarvD7	ENSG00000136861.nuc.ord	ENSG00000136861.nuc.ord.treefile	6.0	0.0967741935483871
TarvD7	ENSG00000136867.nuc.ord	ENSG00000136867.nuc.ord.treefile	14.0	0.2413793103448276
TarvD7	ENSG00000136872.nuc.ord	ENSG00000136872.nuc.ord.treefile	24.0	0.41379310344827586
TarvD7	ENSG00000136874.nuc.ord	ENSG00000136874.nuc.ord.treefile	24.0	0.3870967741935484
TarvD7	ENSG00000136877.nuc.ord	ENSG00000136877.nuc.ord.treefile	12.0	0.21428571428571427
TarvD7	ENSG00000136881.nuc.ord	ENSG00000136881.nuc.ord.treefile	12.0	0.24
TarvD7	ENSG00000136883.nuc.ord	ENSG00000136883.nuc.ord.treefile	12.0	0.20689655172413793
TarvD7	ENSG00000136891.nuc.ord	ENSG00000136891.nuc.ord.treefile	16.0	0.25806451612903225
TarvD7	ENSG00000136895.nuc.ord	ENSG00000136895.nuc.ord.treefile	6.0	0.1
TarvD7	ENSG00000136897.nuc.ord	ENSG00000136897.nuc.ord.treefile	16.0	0.3076923076923077
TarvD7	ENSG00000136925.nuc.ord	ENSG00000136925.nuc.ord.treefile	22.0	0.34375
TarvD7	ENSG00000136928.nuc.ord	ENSG00000136928.nuc.ord.treefile	22.0	0.3548387096774194
TarvD7	ENSG00000136929.nuc.ord	ENSG00000136929.nuc.ord.treefile	22.0	0.3793103448275862
TarvD7	ENSG00000136930.nuc.ord	ENSG00000136930.nuc.ord.treefile	20.0	0.3125
TarvD7	ENSG00000136932.nuc.ord	ENSG00000136932.nuc.ord.treefile	12.0	0.21428571428571427
TarvD7	ENSG00000136933.nuc.ord	ENSG00000136933.nuc.ord.treefile	28.0	0.45161290322580644
TarvD7	ENSG00000136935.nuc.ord	ENSG00000136935.nuc.ord.treefile	20.0	0.30303030303030304
TarvD7	ENSG00000136936.nuc.ord	ENSG00000136936.nuc.ord.treefile	30.0	0.46875
TarvD7	ENSG00000136937.nuc.ord	ENSG00000136937.nuc.ord.treefile	12.0	0.18181818181818182
TarvD7	ENSG00000136940.nuc.ord	ENSG00000136940.nuc.ord.treefile	20.0	0.3448275862068966
TarvD7	ENSG00000136950.nuc.ord	ENSG00000136950.nuc.ord.treefile	34.0	0.5483870967741935
TarvD7	ENSG00000136960.nuc.ord	ENSG00000136960.nuc.ord.treefile	28.0	0.42424242424242425
TarvD7	ENSG00000136982.nuc.ord	ENSG00000136982.nuc.ord.treefile	20.0	0.3225806451612903
TarvD7	ENSG00000136986.nuc.ord	ENSG00000136986.nuc.ord.treefile	36.0	0.5454545454545454
TarvD7	ENSG00000136997.nuc.ord	ENSG00000136997.nuc.ord.treefile	22.0	0.4074074074074074
TarvD7	ENSG00000136999.nuc.ord	ENSG00000136999.nuc.ord.treefile	26.0	0.41935483870967744
TarvD7	ENSG00000137038.nuc.ord	ENSG00000137038.nuc.ord.treefile	14.0	0.2916666666666667
TarvD7	ENSG00000137054.nuc.ord	ENSG00000137054.nuc.ord.treefile	26.0	0.41935483870967744
TarvD7	ENSG00000137055.nuc.ord	ENSG00000137055.nuc.ord.treefile	18.0	0.2727272727272727
TarvD7	ENSG00000137073.nuc.ord	ENSG00000137073.nuc.ord.treefile	14.0	0.23333333333333334
TarvD7	ENSG00000137074.nuc.ord	ENSG00000137074.nuc.ord.treefile	20.0	0.3125
TarvD7	ENSG00000137075.nuc.ord	ENSG00000137075.nuc.ord.treefile	10.0	0.15625
TarvD7	ENSG00000137076.nuc.ord	ENSG00000137076.nuc.ord.treefile	16.0	0.25
TarvD7	ENSG00000137078.nuc.ord	ENSG00000137078.nuc.ord.treefile	18.0	0.36
TarvD7	ENSG00000137090.nuc.ord	ENSG00000137090.nuc.ord.treefile	16.0	0.42105263157894735
TarvD7	ENSG00000137094.nuc.ord	ENSG00000137094.nuc.ord.treefile	22.0	0.39285714285714285
TarvD7	ENSG00000137100.nuc.ord	ENSG00000137100.nuc.ord.treefile	38.0	0.6129032258064516
TarvD7	ENSG00000137101.nuc.ord	ENSG00000137101.nuc.ord.treefile	20.0	0.35714285714285715
TarvD7	ENSG00000137106.nuc.ord	ENSG00000137106.nuc.ord.treefile	40.0	0.6896551724137931
TarvD7	ENSG00000137133.nuc.ord	ENSG00000137133.nuc.ord.treefile	30.0	0.5769230769230769
TarvD7	ENSG00000137135.nuc.ord	ENSG00000137135.nuc.ord.treefile	22.0	0.3548387096774194
TarvD7	ENSG00000137145.nuc.ord	ENSG00000137145.nuc.ord.treefile	12.0	0.1935483870967742
TarvD7	ENSG00000137161.nuc.ord	ENSG00000137161.nuc.ord.treefile	26.0	0.48148148148148145
TarvD7	ENSG00000137168.nuc.ord	ENSG00000137168.nuc.ord.treefile	28.0	0.5
TarvD7	ENSG00000137171.nuc.ord	ENSG00000137171.nuc.ord.treefile	22.0	0.3333333333333333
TarvD7	ENSG00000137177.nuc.ord	ENSG00000137177.nuc.ord.treefile	22.0	0.36666666666666664
TarvD7	ENSG00000137198.nuc.ord	ENSG00000137198.nuc.ord.treefile	22.0	0.3333333333333333
TarvD7	ENSG00000137200.nuc.ord	ENSG00000137200.nuc.ord.treefile	18.0	0.2727272727272727
TarvD7	ENSG00000137203.nuc.ord	ENSG00000137203.nuc.ord.treefile	36.0	0.6206896551724138
TarvD7	ENSG00000137216.nuc.ord	ENSG00000137216.nuc.ord.treefile	18.0	0.32142857142857145
TarvD7	ENSG00000137218.nuc.ord	ENSG00000137218.nuc.ord.treefile	36.0	0.5806451612903226
TarvD7	ENSG00000137221.nuc.ord	ENSG00000137221.nuc.ord.treefile	18.0	0.3103448275862069
TarvD7	ENSG00000137251.nuc.ord	ENSG00000137251.nuc.ord.treefile	24.0	0.36363636363636365
TarvD7	ENSG00000137252.nuc.ord	ENSG00000137252.nuc.ord.treefile	30.0	0.5
TarvD7	ENSG00000137265.nuc.ord	ENSG00000137265.nuc.ord.treefile	26.0	0.41935483870967744
TarvD7	ENSG00000137266.nuc.ord	ENSG00000137266.nuc.ord.treefile	38.0	0.6129032258064516
TarvD7	ENSG00000137269.nuc.ord	ENSG00000137269.nuc.ord.treefile	28.0	0.4375
TarvD7	ENSG00000137270.nuc.ord	ENSG00000137270.nuc.ord.treefile	12.0	0.1875
TarvD7	ENSG00000137274.nuc.ord	ENSG00000137274.nuc.ord.treefile	20.0	0.3125
TarvD7	ENSG00000137275.nuc.ord	ENSG00000137275.nuc.ord.treefile	18.0	0.2727272727272727
TarvD7	ENSG00000137310.nuc.ord	ENSG00000137310.nuc.ord.treefile	14.0	0.25
TarvD7	ENSG00000137312.nuc.ord	ENSG00000137312.nuc.ord.treefile	22.0	0.4074074074074074
TarvD7	ENSG00000137331.nuc.ord	ENSG00000137331.nuc.ord.treefile	20.0	0.4166666666666667
TarvD7	ENSG00000137337.nuc.ord	ENSG00000137337.nuc.ord.treefile	12.0	0.23076923076923078
TarvD7	ENSG00000137338.nuc.ord	ENSG00000137338.nuc.ord.treefile	12.0	0.2608695652173913
TarvD7	ENSG00000137343.nuc.ord	ENSG00000137343.nuc.ord.treefile	26.0	0.5
TarvD7	ENSG00000137364.nuc.ord	ENSG00000137364.nuc.ord.treefile	22.0	0.3548387096774194
TarvD7	ENSG00000137393.nuc.ord	ENSG00000137393.nuc.ord.treefile	38.0	0.5757575757575758
TarvD7	ENSG00000137404.nuc.ord	ENSG00000137404.nuc.ord.treefile	28.0	0.56
TarvD7	ENSG00000137409.nuc.ord	ENSG00000137409.nuc.ord.treefile	28.0	0.5185185185185185
TarvD7	ENSG00000137413.nuc.ord	ENSG00000137413.nuc.ord.treefile	38.0	0.59375
TarvD7	ENSG00000137414.nuc.ord	ENSG00000137414.nuc.ord.treefile	28.0	0.5833333333333334
TarvD7	ENSG00000137449.nuc.ord	ENSG00000137449.nuc.ord.treefile	22.0	0.34375
TarvD7	ENSG00000137460.nuc.ord	ENSG00000137460.nuc.ord.treefile	10.0	0.17857142857142858
TarvD7	ENSG00000137463.nuc.ord	ENSG00000137463.nuc.ord.treefile	16.0	0.26666666666666666
TarvD7	ENSG00000137473.nuc.ord	ENSG00000137473.nuc.ord.treefile	22.0	0.3548387096774194
TarvD7	ENSG00000137474.nuc.ord	ENSG00000137474.nuc.ord.treefile	14.0	0.2692307692307692
TarvD7	ENSG00000137478.nuc.ord	ENSG00000137478.nuc.ord.treefile	18.0	0.2727272727272727
TarvD7	ENSG00000137486.nuc.ord	ENSG00000137486.nuc.ord.treefile	32.0	0.64
TarvD7	ENSG00000137491.nuc.ord	ENSG00000137491.nuc.ord.treefile	8.0	0.12903225806451613
TarvD7	ENSG00000137494.nuc.ord	ENSG00000137494.nuc.ord.treefile	16.0	0.24242424242424243
TarvD7	ENSG00000137497.nuc.ord	ENSG00000137497.nuc.ord.treefile	16.0	0.25
TarvD7	ENSG00000137500.nuc.ord	ENSG00000137500.nuc.ord.treefile	20.0	0.3225806451612903
TarvD7	ENSG00000137501.nuc.ord	ENSG00000137501.nuc.ord.treefile	26.0	0.40625
TarvD7	ENSG00000137504.nuc.ord	ENSG00000137504.nuc.ord.treefile	22.0	0.5789473684210527
TarvD7	ENSG00000137509.nuc.ord	ENSG00000137509.nuc.ord.treefile	18.0	0.28125
TarvD7	ENSG00000137513.nuc.ord	ENSG00000137513.nuc.ord.treefile	14.0	0.21875
TarvD7	ENSG00000137522.nuc.ord	ENSG00000137522.nuc.ord.treefile	22.0	0.3548387096774194
TarvD7	ENSG00000137547.nuc.ord	ENSG00000137547.nuc.ord.treefile	24.0	0.4
TarvD7	ENSG00000137558.nuc.ord	ENSG00000137558.nuc.ord.treefile	34.0	0.5666666666666667
TarvD7	ENSG00000137561.nuc.ord	ENSG00000137561.nuc.ord.treefile	22.0	0.3333333333333333
TarvD7	ENSG00000137563.nuc.ord	ENSG00000137563.nuc.ord.treefile	18.0	0.2727272727272727
TarvD7	ENSG00000137571.nuc.ord	ENSG00000137571.nuc.ord.treefile	14.0	0.2413793103448276
TarvD7	ENSG00000137574.nuc.ord	ENSG00000137574.nuc.ord.treefile	22.0	0.3333333333333333
TarvD7	ENSG00000137575.nuc.ord	ENSG00000137575.nuc.ord.treefile	20.0	0.3333333333333333
TarvD7	ENSG00000137601.nuc.ord	ENSG00000137601.nuc.ord.treefile	10.0	0.15625
TarvD7	ENSG00000137642.nuc.ord	ENSG00000137642.nuc.ord.treefile	16.0	0.25806451612903225
TarvD7	ENSG00000137656.nuc.ord	ENSG00000137656.nuc.ord.treefile	20.0	0.3225806451612903
TarvD7	ENSG00000137672.nuc.ord	ENSG00000137672.nuc.ord.treefile	24.0	0.375
TarvD7	ENSG00000137673.nuc.ord	ENSG00000137673.nuc.ord.treefile	16.0	0.32
TarvD7	ENSG00000137674.nuc.ord	ENSG00000137674.nuc.ord.treefile	10.0	0.16666666666666666
TarvD7	ENSG00000137675.nuc.ord	ENSG00000137675.nuc.ord.treefile	8.0	0.14814814814814814
TarvD7	ENSG00000137691.nuc.ord	ENSG00000137691.nuc.ord.treefile	20.0	0.3333333333333333
TarvD7	ENSG00000137692.nuc.ord	ENSG00000137692.nuc.ord.treefile	38.0	0.6333333333333333
TarvD7	ENSG00000137699.nuc.ord	ENSG00000137699.nuc.ord.treefile	20.0	0.37037037037037035
TarvD7	ENSG00000137700.nuc.ord	ENSG00000137700.nuc.ord.treefile	20.0	0.4
TarvD7	ENSG00000137707.nuc.ord	ENSG00000137707.nuc.ord.treefile	12.0	0.2222222222222222
TarvD7	ENSG00000137709.nuc.ord	ENSG00000137709.nuc.ord.treefile	12.0	0.2
TarvD7	ENSG00000137710.nuc.ord	ENSG00000137710.nuc.ord.treefile	22.0	0.3548387096774194
TarvD7	ENSG00000137713.nuc.ord	ENSG00000137713.nuc.ord.treefile	18.0	0.2903225806451613
TarvD7	ENSG00000137714.nuc.ord	ENSG00000137714.nuc.ord.treefile	24.0	0.5217391304347826
TarvD7	ENSG00000137720.nuc.ord	ENSG00000137720.nuc.ord.treefile	30.0	0.5555555555555556
TarvD7	ENSG00000137727.nuc.ord	ENSG00000137727.nuc.ord.treefile	8.0	0.13333333333333333
TarvD7	ENSG00000137745.nuc.ord	ENSG00000137745.nuc.ord.treefile	14.0	0.21875
TarvD7	ENSG00000137747.nuc.ord	ENSG00000137747.nuc.ord.treefile	20.0	0.3333333333333333
TarvD7	ENSG00000137760.nuc.ord	ENSG00000137760.nuc.ord.treefile	16.0	0.25806451612903225
TarvD7	ENSG00000137764.nuc.ord	ENSG00000137764.nuc.ord.treefile	38.0	0.5757575757575758
TarvD7	ENSG00000137766.nuc.ord	ENSG00000137766.nuc.ord.treefile	26.0	0.3939393939393939
TarvD7	ENSG00000137770.nuc.ord	ENSG00000137770.nuc.ord.treefile	22.0	0.3793103448275862
TarvD7	ENSG00000137776.nuc.ord	ENSG00000137776.nuc.ord.treefile	8.0	0.23529411764705882
TarvD7	ENSG00000137801.nuc.ord	ENSG00000137801.nuc.ord.treefile	20.0	0.3125
TarvD7	ENSG00000137802.nuc.ord	ENSG00000137802.nuc.ord.treefile	4.0	0.07407407407407407
TarvD7	ENSG00000137804.nuc.ord	ENSG00000137804.nuc.ord.treefile	12.0	0.2727272727272727
TarvD7	ENSG00000137806.nuc.ord	ENSG00000137806.nuc.ord.treefile	14.0	0.2692307692307692
TarvD7	ENSG00000137807.nuc.ord	ENSG00000137807.nuc.ord.treefile	18.0	0.3
TarvD7	ENSG00000137809.nuc.ord	ENSG00000137809.nuc.ord.treefile	6.0	0.10714285714285714
TarvD7	ENSG00000137812.nuc.ord	ENSG00000137812.nuc.ord.treefile	10.0	0.18518518518518517
TarvD7	ENSG00000137814.nuc.ord	ENSG00000137814.nuc.ord.treefile	14.0	0.23333333333333334
TarvD7	ENSG00000137815.nuc.ord	ENSG00000137815.nuc.ord.treefile	28.0	0.4375
TarvD7	ENSG00000137817.nuc.ord	ENSG00000137817.nuc.ord.treefile	34.0	0.5483870967741935
TarvD7	ENSG00000137819.nuc.ord	ENSG00000137819.nuc.ord.treefile	26.0	0.41935483870967744
TarvD7	ENSG00000137821.nuc.ord	ENSG00000137821.nuc.ord.treefile	20.0	0.3225806451612903
TarvD7	ENSG00000137822.nuc.ord	ENSG00000137822.nuc.ord.treefile	26.0	0.41935483870967744
TarvD7	ENSG00000137824.nuc.ord	ENSG00000137824.nuc.ord.treefile	8.0	0.13333333333333333
TarvD7	ENSG00000137831.nuc.ord	ENSG00000137831.nuc.ord.treefile	10.0	0.1724137931034483
TarvD7	ENSG00000137834.nuc.ord	ENSG00000137834.nuc.ord.treefile	24.0	0.4444444444444444
TarvD7	ENSG00000137841.nuc.ord	ENSG00000137841.nuc.ord.treefile	14.0	0.25925925925925924
TarvD7	ENSG00000137842.nuc.ord	ENSG00000137842.nuc.ord.treefile	26.0	0.43333333333333335
TarvD7	ENSG00000137843.nuc.ord	ENSG00000137843.nuc.ord.treefile	26.0	0.52
TarvD7	ENSG00000137845.nuc.ord	ENSG00000137845.nuc.ord.treefile	16.0	0.25
TarvD7	ENSG00000137868.nuc.ord	ENSG00000137868.nuc.ord.treefile	8.0	0.14814814814814814
TarvD7	ENSG00000137869.nuc.ord	ENSG00000137869.nuc.ord.treefile	18.0	0.3103448275862069
TarvD7	ENSG00000137872.nuc.ord	ENSG00000137872.nuc.ord.treefile	24.0	0.36363636363636365
TarvD7	ENSG00000137875.nuc.ord	ENSG00000137875.nuc.ord.treefile	14.0	0.35
TarvD7	ENSG00000137878.nuc.ord	ENSG00000137878.nuc.ord.treefile	26.0	0.3939393939393939
TarvD7	ENSG00000137936.nuc.ord	ENSG00000137936.nuc.ord.treefile	20.0	0.3125
TarvD7	ENSG00000137941.nuc.ord	ENSG00000137941.nuc.ord.treefile	16.0	0.25
TarvD7	ENSG00000137942.nuc.ord	ENSG00000137942.nuc.ord.treefile	26.0	0.3939393939393939
TarvD7	ENSG00000137944.nuc.ord	ENSG00000137944.nuc.ord.treefile	16.0	0.25
TarvD7	ENSG00000137947.nuc.ord	ENSG00000137947.nuc.ord.treefile	22.0	0.3548387096774194
TarvD7	ENSG00000137948.nuc.ord	ENSG00000137948.nuc.ord.treefile	14.0	0.23333333333333334
TarvD7	ENSG00000137955.nuc.ord	ENSG00000137955.nuc.ord.treefile	26.0	0.40625
TarvD7	ENSG00000137960.nuc.ord	ENSG00000137960.nuc.ord.treefile	26.0	0.41935483870967744
TarvD7	ENSG00000137962.nuc.ord	ENSG00000137962.nuc.ord.treefile	8.0	0.125
TarvD7	ENSG00000137968.nuc.ord	ENSG00000137968.nuc.ord.treefile	18.0	0.2903225806451613
TarvD7	ENSG00000137975.nuc.ord	ENSG00000137975.nuc.ord.treefile	16.0	0.24242424242424243
TarvD7	ENSG00000137976.nuc.ord	ENSG00000137976.nuc.ord.treefile	20.0	0.35714285714285715
TarvD7	ENSG00000137992.nuc.ord	ENSG00000137992.nuc.ord.treefile	20.0	0.3448275862068966
TarvD7	ENSG00000137996.nuc.ord	ENSG00000137996.nuc.ord.treefile	36.0	0.5806451612903226
TarvD7	ENSG00000138002.nuc.ord	ENSG00000138002.nuc.ord.treefile	12.0	0.2
TarvD7	ENSG00000138018.nuc.ord	ENSG00000138018.nuc.ord.treefile	24.0	0.3870967741935484
TarvD7	ENSG00000138028.nuc.ord	ENSG00000138028.nuc.ord.treefile	22.0	0.4074074074074074
TarvD7	ENSG00000138031.nuc.ord	ENSG00000138031.nuc.ord.treefile	26.0	0.41935483870967744
TarvD7	ENSG00000138032.nuc.ord	ENSG00000138032.nuc.ord.treefile	28.0	0.4666666666666667
TarvD7	ENSG00000138035.nuc.ord	ENSG00000138035.nuc.ord.treefile	8.0	0.12903225806451613
TarvD7	ENSG00000138036.nuc.ord	ENSG00000138036.nuc.ord.treefile	26.0	0.43333333333333335
TarvD7	ENSG00000138039.nuc.ord	ENSG00000138039.nuc.ord.treefile	22.0	0.34375
TarvD7	ENSG00000138041.nuc.ord	ENSG00000138041.nuc.ord.treefile	18.0	0.2903225806451613
TarvD7	ENSG00000138050.nuc.ord	ENSG00000138050.nuc.ord.treefile	16.0	0.25
TarvD7	ENSG00000138061.nuc.ord	ENSG00000138061.nuc.ord.treefile	20.0	0.37037037037037035
TarvD7	ENSG00000138068.nuc.ord	ENSG00000138068.nuc.ord.treefile	28.0	0.5833333333333334
TarvD7	ENSG00000138073.nuc.ord	ENSG00000138073.nuc.ord.treefile	16.0	0.25806451612903225
TarvD7	ENSG00000138074.nuc.ord	ENSG00000138074.nuc.ord.treefile	8.0	0.12903225806451613
TarvD7	ENSG00000138075.nuc.ord	ENSG00000138075.nuc.ord.treefile	16.0	0.25
TarvD7	ENSG00000138078.nuc.ord	ENSG00000138078.nuc.ord.treefile	26.0	0.41935483870967744
TarvD7	ENSG00000138079.nuc.ord	ENSG00000138079.nuc.ord.treefile	12.0	0.1935483870967742
TarvD7	ENSG00000138081.nuc.ord	ENSG00000138081.nuc.ord.treefile	26.0	0.41935483870967744
TarvD7	ENSG00000138085.nuc.ord	ENSG00000138085.nuc.ord.treefile	12.0	0.23076923076923078
TarvD7	ENSG00000138092.nuc.ord	ENSG00000138092.nuc.ord.treefile	16.0	0.27586206896551724
TarvD7	ENSG00000138095.nuc.ord	ENSG00000138095.nuc.ord.treefile	10.0	0.16129032258064516
TarvD7	ENSG00000138101.nuc.ord	ENSG00000138101.nuc.ord.treefile	20.0	0.3125
TarvD7	ENSG00000138107.nuc.ord	ENSG00000138107.nuc.ord.treefile	28.0	0.4375
TarvD7	ENSG00000138111.nuc.ord	ENSG00000138111.nuc.ord.treefile	18.0	0.3103448275862069
TarvD7	ENSG00000138119.nuc.ord	ENSG00000138119.nuc.ord.treefile	16.0	0.24242424242424243
TarvD7	ENSG00000138134.nuc.ord	ENSG00000138134.nuc.ord.treefile	24.0	0.41379310344827586
TarvD7	ENSG00000138138.nuc.ord	ENSG00000138138.nuc.ord.treefile	34.0	0.5666666666666667
TarvD7	ENSG00000138160.nuc.ord	ENSG00000138160.nuc.ord.treefile	16.0	0.24242424242424243
TarvD7	ENSG00000138161.nuc.ord	ENSG00000138161.nuc.ord.treefile	16.0	0.32
TarvD7	ENSG00000138162.nuc.ord	ENSG00000138162.nuc.ord.treefile	8.0	0.14285714285714285
TarvD7	ENSG00000138166.nuc.ord	ENSG00000138166.nuc.ord.treefile	22.0	0.39285714285714285
TarvD7	ENSG00000138172.nuc.ord	ENSG00000138172.nuc.ord.treefile	14.0	0.25925925925925924
TarvD7	ENSG00000138175.nuc.ord	ENSG00000138175.nuc.ord.treefile	28.0	0.4827586206896552
TarvD7	ENSG00000138180.nuc.ord	ENSG00000138180.nuc.ord.treefile	16.0	0.25806451612903225
TarvD7	ENSG00000138182.nuc.ord	ENSG00000138182.nuc.ord.treefile	12.0	0.2
TarvD7	ENSG00000138185.nuc.ord	ENSG00000138185.nuc.ord.treefile	16.0	0.24242424242424243
TarvD7	ENSG00000138190.nuc.ord	ENSG00000138190.nuc.ord.treefile	16.0	0.25
TarvD7	ENSG00000138193.nuc.ord	ENSG00000138193.nuc.ord.treefile	10.0	0.15151515151515152
TarvD7	ENSG00000138207.nuc.ord	ENSG00000138207.nuc.ord.treefile	18.0	0.3
TarvD7	ENSG00000138231.nuc.ord	ENSG00000138231.nuc.ord.treefile	16.0	0.2857142857142857
TarvD7	ENSG00000138271.nuc.ord	ENSG00000138271.nuc.ord.treefile	24.0	0.4444444444444444
TarvD7	ENSG00000138279.nuc.ord	ENSG00000138279.nuc.ord.treefile	12.0	0.23076923076923078
TarvD7	ENSG00000138294.nuc.ord	ENSG00000138294.nuc.ord.treefile	20.0	0.5555555555555556
TarvD7	ENSG00000138303.nuc.ord	ENSG00000138303.nuc.ord.treefile	26.0	0.3939393939393939
TarvD7	ENSG00000138308.nuc.ord	ENSG00000138308.nuc.ord.treefile	38.0	0.6129032258064516
TarvD7	ENSG00000138311.nuc.ord	ENSG00000138311.nuc.ord.treefile	18.0	0.3103448275862069
TarvD7	ENSG00000138315.nuc.ord	ENSG00000138315.nuc.ord.treefile	24.0	0.3870967741935484
TarvD7	ENSG00000138316.nuc.ord	ENSG00000138316.nuc.ord.treefile	8.0	0.13333333333333333
TarvD7	ENSG00000138336.nuc.ord	ENSG00000138336.nuc.ord.treefile	4.0	0.09090909090909091
TarvD7	ENSG00000138346.nuc.ord	ENSG00000138346.nuc.ord.treefile	16.0	0.27586206896551724
TarvD7	ENSG00000138347.nuc.ord	ENSG00000138347.nuc.ord.treefile	16.0	0.27586206896551724
TarvD7	ENSG00000138356.nuc.ord	ENSG00000138356.nuc.ord.treefile	20.0	0.3333333333333333
TarvD7	ENSG00000138363.nuc.ord	ENSG00000138363.nuc.ord.treefile	26.0	0.41935483870967744
TarvD7	ENSG00000138375.nuc.ord	ENSG00000138375.nuc.ord.treefile	12.0	0.1935483870967742
TarvD7	ENSG00000138378.nuc.ord	ENSG00000138378.nuc.ord.treefile	16.0	0.26666666666666666
TarvD7	ENSG00000138379.nuc.ord	ENSG00000138379.nuc.ord.treefile	28.0	0.4666666666666667
TarvD7	ENSG00000138380.nuc.ord	ENSG00000138380.nuc.ord.treefile	10.0	0.16129032258064516
TarvD7	ENSG00000138381.nuc.ord	ENSG00000138381.nuc.ord.treefile	22.0	0.39285714285714285
TarvD7	ENSG00000138382.nuc.ord	ENSG00000138382.nuc.ord.treefile	26.0	0.4482758620689655
TarvD7	ENSG00000138385.nuc.ord	ENSG00000138385.nuc.ord.treefile	14.0	0.25925925925925924
TarvD7	ENSG00000138386.nuc.ord	ENSG00000138386.nuc.ord.treefile	22.0	0.36666666666666664
TarvD7	ENSG00000138395.nuc.ord	ENSG00000138395.nuc.ord.treefile	22.0	0.3548387096774194
TarvD7	ENSG00000138400.nuc.ord	ENSG00000138400.nuc.ord.treefile	14.0	0.21875
TarvD7	ENSG00000138411.nuc.ord	ENSG00000138411.nuc.ord.treefile	30.0	0.45454545454545453
TarvD7	ENSG00000138413.nuc.ord	ENSG00000138413.nuc.ord.treefile	26.0	0.43333333333333335
TarvD7	ENSG00000138433.nuc.ord	ENSG00000138433.nuc.ord.treefile	24.0	0.41379310344827586
TarvD7	ENSG00000138434.nuc.ord	ENSG00000138434.nuc.ord.treefile	6.0	0.09090909090909091
TarvD7	ENSG00000138435.nuc.ord	ENSG00000138435.nuc.ord.treefile	20.0	0.37037037037037035
TarvD7	ENSG00000138439.nuc.ord	ENSG00000138439.nuc.ord.treefile	26.0	0.40625
TarvD7	ENSG00000138442.nuc.ord	ENSG00000138442.nuc.ord.treefile	18.0	0.3333333333333333
TarvD7	ENSG00000138443.nuc.ord	ENSG00000138443.nuc.ord.treefile	32.0	0.5
TarvD7	ENSG00000138448.nuc.ord	ENSG00000138448.nuc.ord.treefile	24.0	0.3870967741935484
TarvD7	ENSG00000138449.nuc.ord	ENSG00000138449.nuc.ord.treefile	20.0	0.35714285714285715
TarvD7	ENSG00000138459.nuc.ord	ENSG00000138459.nuc.ord.treefile	10.0	0.1724137931034483
TarvD7	ENSG00000138463.nuc.ord	ENSG00000138463.nuc.ord.treefile	28.0	0.4375
TarvD7	ENSG00000138468.nuc.ord	ENSG00000138468.nuc.ord.treefile	14.0	0.22580645161290322
TarvD7	ENSG00000138496.nuc.ord	ENSG00000138496.nuc.ord.treefile	12.0	0.2
TarvD7	ENSG00000138587.nuc.ord	ENSG00000138587.nuc.ord.treefile	20.0	0.3225806451612903
TarvD7	ENSG00000138592.nuc.ord	ENSG00000138592.nuc.ord.treefile	10.0	0.16129032258064516
TarvD7	ENSG00000138593.nuc.ord	ENSG00000138593.nuc.ord.treefile	28.0	0.4375
TarvD7	ENSG00000138594.nuc.ord	ENSG00000138594.nuc.ord.treefile	28.0	0.4375
TarvD7	ENSG00000138600.nuc.ord	ENSG00000138600.nuc.ord.treefile	18.0	0.2903225806451613
TarvD7	ENSG00000138604.nuc.ord	ENSG00000138604.nuc.ord.treefile	44.0	0.6875
TarvD7	ENSG00000138606.nuc.ord	ENSG00000138606.nuc.ord.treefile	32.0	0.5333333333333333
TarvD7	ENSG00000138614.nuc.ord	ENSG00000138614.nuc.ord.treefile	20.0	0.3333333333333333
TarvD7	ENSG00000138615.nuc.ord	ENSG00000138615.nuc.ord.treefile	16.0	0.26666666666666666
TarvD7	ENSG00000138617.nuc.ord	ENSG00000138617.nuc.ord.treefile	24.0	0.42857142857142855
TarvD7	ENSG00000138621.nuc.ord	ENSG00000138621.nuc.ord.treefile	26.0	0.4642857142857143
TarvD7	ENSG00000138622.nuc.ord	ENSG00000138622.nuc.ord.treefile	20.0	0.43478260869565216
TarvD7	ENSG00000138623.nuc.ord	ENSG00000138623.nuc.ord.treefile	16.0	0.3333333333333333
TarvD7	ENSG00000138629.nuc.ord	ENSG00000138629.nuc.ord.treefile	26.0	0.43333333333333335
TarvD7	ENSG00000138639.nuc.ord	ENSG00000138639.nuc.ord.treefile	32.0	0.5161290322580645
TarvD7	ENSG00000138640.nuc.ord	ENSG00000138640.nuc.ord.treefile	12.0	0.1935483870967742
TarvD7	ENSG00000138641.nuc.ord	ENSG00000138641.nuc.ord.treefile	14.0	0.22580645161290322
TarvD7	ENSG00000138650.nuc.ord	ENSG00000138650.nuc.ord.treefile	28.0	0.5384615384615384
TarvD7	ENSG00000138653.nuc.ord	ENSG00000138653.nuc.ord.treefile	20.0	0.3225806451612903
TarvD7	ENSG00000138663.nuc.ord	ENSG00000138663.nuc.ord.treefile	32.0	0.5714285714285714
TarvD7	ENSG00000138668.nuc.ord	ENSG00000138668.nuc.ord.treefile	42.0	0.7
TarvD7	ENSG00000138669.nuc.ord	ENSG00000138669.nuc.ord.treefile	12.0	0.1875
TarvD7	ENSG00000138670.nuc.ord	ENSG00000138670.nuc.ord.treefile	30.0	0.5357142857142857
TarvD7	ENSG00000138674.nuc.ord	ENSG00000138674.nuc.ord.treefile	22.0	0.34375
TarvD7	ENSG00000138675.nuc.ord	ENSG00000138675.nuc.ord.treefile	38.0	0.59375
TarvD7	ENSG00000138678.nuc.ord	ENSG00000138678.nuc.ord.treefile	36.0	0.5625
TarvD7	ENSG00000138684.nuc.ord	ENSG00000138684.nuc.ord.treefile	30.0	0.5
TarvD7	ENSG00000138686.nuc.ord	ENSG00000138686.nuc.ord.treefile	18.0	0.2903225806451613
TarvD7	ENSG00000138688.nuc.ord	ENSG00000138688.nuc.ord.treefile	18.0	0.32142857142857145
TarvD7	ENSG00000138698.nuc.ord	ENSG00000138698.nuc.ord.treefile	30.0	0.4838709677419355
TarvD7	ENSG00000138709.nuc.ord	ENSG00000138709.nuc.ord.treefile	8.0	0.17391304347826086
TarvD7	ENSG00000138722.nuc.ord	ENSG00000138722.nuc.ord.treefile	18.0	0.3
TarvD7	ENSG00000138741.nuc.ord	ENSG00000138741.nuc.ord.treefile	30.0	0.45454545454545453
TarvD7	ENSG00000138744.nuc.ord	ENSG00000138744.nuc.ord.treefile	30.0	0.5357142857142857
TarvD7	ENSG00000138750.nuc.ord	ENSG00000138750.nuc.ord.treefile	18.0	0.2903225806451613
TarvD7	ENSG00000138755.nuc.ord	ENSG00000138755.nuc.ord.treefile	30.0	0.5769230769230769
TarvD7	ENSG00000138757.nuc.ord	ENSG00000138757.nuc.ord.treefile	20.0	0.3448275862068966
TarvD7	ENSG00000138758.nuc.ord	ENSG00000138758.nuc.ord.treefile	42.0	0.6774193548387096
TarvD7	ENSG00000138759.nuc.ord	ENSG00000138759.nuc.ord.treefile	10.0	0.15625
TarvD7	ENSG00000138760.nuc.ord	ENSG00000138760.nuc.ord.treefile	12.0	0.18181818181818182
TarvD7	ENSG00000138764.nuc.ord	ENSG00000138764.nuc.ord.treefile	10.0	0.16129032258064516
TarvD7	ENSG00000138767.nuc.ord	ENSG00000138767.nuc.ord.treefile	42.0	0.6363636363636364
TarvD7	ENSG00000138768.nuc.ord	ENSG00000138768.nuc.ord.treefile	16.0	0.25806451612903225
TarvD7	ENSG00000138769.nuc.ord	ENSG00000138769.nuc.ord.treefile	12.0	0.20689655172413793
TarvD7	ENSG00000138771.nuc.ord	ENSG00000138771.nuc.ord.treefile	6.0	0.14285714285714285
TarvD7	ENSG00000138772.nuc.ord	ENSG00000138772.nuc.ord.treefile	28.0	0.4666666666666667
TarvD7	ENSG00000138777.nuc.ord	ENSG00000138777.nuc.ord.treefile	22.0	0.3793103448275862
TarvD7	ENSG00000138778.nuc.ord	ENSG00000138778.nuc.ord.treefile	2.0	0.038461538461538464
TarvD7	ENSG00000138780.nuc.ord	ENSG00000138780.nuc.ord.treefile	18.0	0.2903225806451613
TarvD7	ENSG00000138784.nuc.ord	ENSG00000138784.nuc.ord.treefile	20.0	0.47619047619047616
TarvD7	ENSG00000138785.nuc.ord	ENSG00000138785.nuc.ord.treefile	20.0	0.3225806451612903
TarvD7	ENSG00000138792.nuc.ord	ENSG00000138792.nuc.ord.treefile	24.0	0.375
TarvD7	ENSG00000138794.nuc.ord	ENSG00000138794.nuc.ord.treefile	30.0	0.5357142857142857
TarvD7	ENSG00000138795.nuc.ord	ENSG00000138795.nuc.ord.treefile	36.0	0.5625
TarvD7	ENSG00000138796.nuc.ord	ENSG00000138796.nuc.ord.treefile	26.0	0.40625
TarvD7	ENSG00000138798.nuc.ord	ENSG00000138798.nuc.ord.treefile	10.0	0.17857142857142858
TarvD7	ENSG00000138801.nuc.ord	ENSG00000138801.nuc.ord.treefile	26.0	0.4642857142857143
TarvD7	ENSG00000138802.nuc.ord	ENSG00000138802.nuc.ord.treefile	24.0	0.4
TarvD7	ENSG00000138813.nuc.ord	ENSG00000138813.nuc.ord.treefile	10.0	0.16666666666666666
TarvD7	ENSG00000138814.nuc.ord	ENSG00000138814.nuc.ord.treefile	28.0	0.45161290322580644
TarvD7	ENSG00000138821.nuc.ord	ENSG00000138821.nuc.ord.treefile	18.0	0.3
TarvD7	ENSG00000138823.nuc.ord	ENSG00000138823.nuc.ord.treefile	10.0	0.16129032258064516
TarvD7	ENSG00000138829.nuc.ord	ENSG00000138829.nuc.ord.treefile	10.0	0.16129032258064516
TarvD7	ENSG00000138942.nuc.ord	ENSG00000138942.nuc.ord.treefile	36.0	0.6206896551724138
TarvD7	ENSG00000138964.nuc.ord	ENSG00000138964.nuc.ord.treefile	24.0	0.5
TarvD7	ENSG00000139044.nuc.ord	ENSG00000139044.nuc.ord.treefile	18.0	0.3103448275862069
TarvD7	ENSG00000139055.nuc.ord	ENSG00000139055.nuc.ord.treefile	16.0	0.26666666666666666
TarvD7	ENSG00000139083.nuc.ord	ENSG00000139083.nuc.ord.treefile	36.0	0.5625
TarvD7	ENSG00000139116.nuc.ord	ENSG00000139116.nuc.ord.treefile	24.0	0.3870967741935484
TarvD7	ENSG00000139117.nuc.ord	ENSG00000139117.nuc.ord.treefile	18.0	0.3333333333333333
TarvD7	ENSG00000139131.nuc.ord	ENSG00000139131.nuc.ord.treefile	24.0	0.42857142857142855
TarvD7	ENSG00000139132.nuc.ord	ENSG00000139132.nuc.ord.treefile	14.0	0.23333333333333334
TarvD7	ENSG00000139151.nuc.ord	ENSG00000139151.nuc.ord.treefile	14.0	0.22580645161290322
TarvD7	ENSG00000139154.nuc.ord	ENSG00000139154.nuc.ord.treefile	50.0	0.8333333333333334
TarvD7	ENSG00000139155.nuc.ord	ENSG00000139155.nuc.ord.treefile	12.0	0.1935483870967742
TarvD7	ENSG00000139160.nuc.ord	ENSG00000139160.nuc.ord.treefile	24.0	0.46153846153846156
TarvD7	ENSG00000139163.nuc.ord	ENSG00000139163.nuc.ord.treefile	22.0	0.3793103448275862
TarvD7	ENSG00000139168.nuc.ord	ENSG00000139168.nuc.ord.treefile	28.0	0.45161290322580644
TarvD7	ENSG00000139173.nuc.ord	ENSG00000139173.nuc.ord.treefile	32.0	0.5161290322580645
TarvD7	ENSG00000139174.nuc.ord	ENSG00000139174.nuc.ord.treefile	30.0	0.5357142857142857
TarvD7	ENSG00000139178.nuc.ord	ENSG00000139178.nuc.ord.treefile	16.0	0.32
TarvD7	ENSG00000139180.nuc.ord	ENSG00000139180.nuc.ord.treefile	28.0	0.5
TarvD7	ENSG00000139190.nuc.ord	ENSG00000139190.nuc.ord.treefile	42.0	0.75
TarvD7	ENSG00000139197.nuc.ord	ENSG00000139197.nuc.ord.treefile	18.0	0.47368421052631576
TarvD7	ENSG00000139209.nuc.ord	ENSG00000139209.nuc.ord.treefile	14.0	0.22580645161290322
TarvD7	ENSG00000139211.nuc.ord	ENSG00000139211.nuc.ord.treefile	6.0	0.16666666666666666
TarvD7	ENSG00000139218.nuc.ord	ENSG00000139218.nuc.ord.treefile	12.0	0.1935483870967742
TarvD7	ENSG00000139219.nuc.ord	ENSG00000139219.nuc.ord.treefile	10.0	0.17857142857142858
TarvD7	ENSG00000139220.nuc.ord	ENSG00000139220.nuc.ord.treefile	14.0	0.21875
TarvD7	ENSG00000139233.nuc.ord	ENSG00000139233.nuc.ord.treefile	22.0	0.4583333333333333
TarvD7	ENSG00000139263.nuc.ord	ENSG00000139263.nuc.ord.treefile	10.0	0.15151515151515152
TarvD7	ENSG00000139266.nuc.ord	ENSG00000139266.nuc.ord.treefile	24.0	0.41379310344827586
TarvD7	ENSG00000139269.nuc.ord	ENSG00000139269.nuc.ord.treefile	16.0	0.2962962962962963
TarvD7	ENSG00000139278.nuc.ord	ENSG00000139278.nuc.ord.treefile	16.0	0.26666666666666666
TarvD7	ENSG00000139287.nuc.ord	ENSG00000139287.nuc.ord.treefile	22.0	0.34375
TarvD7	ENSG00000139291.nuc.ord	ENSG00000139291.nuc.ord.treefile	26.0	0.4482758620689655
TarvD7	ENSG00000139292.nuc.ord	ENSG00000139292.nuc.ord.treefile	20.0	0.3333333333333333
TarvD7	ENSG00000139304.nuc.ord	ENSG00000139304.nuc.ord.treefile	34.0	0.6071428571428571
TarvD7	ENSG00000139318.nuc.ord	ENSG00000139318.nuc.ord.treefile	16.0	0.2962962962962963
TarvD7	ENSG00000139323.nuc.ord	ENSG00000139323.nuc.ord.treefile	22.0	0.34375
TarvD7	ENSG00000139324.nuc.ord	ENSG00000139324.nuc.ord.treefile	8.0	0.12903225806451613
TarvD7	ENSG00000139329.nuc.ord	ENSG00000139329.nuc.ord.treefile	18.0	0.3333333333333333
TarvD7	ENSG00000139330.nuc.ord	ENSG00000139330.nuc.ord.treefile	10.0	0.16129032258064516
TarvD7	ENSG00000139344.nuc.ord	ENSG00000139344.nuc.ord.treefile	22.0	0.3333333333333333
TarvD7	ENSG00000139350.nuc.ord	ENSG00000139350.nuc.ord.treefile	6.0	0.10714285714285714
TarvD7	ENSG00000139354.nuc.ord	ENSG00000139354.nuc.ord.treefile	12.0	0.1875
TarvD7	ENSG00000139357.nuc.ord	ENSG00000139357.nuc.ord.treefile	16.0	0.27586206896551724
TarvD7	ENSG00000139370.nuc.ord	ENSG00000139370.nuc.ord.treefile	30.0	0.5
TarvD7	ENSG00000139405.nuc.ord	ENSG00000139405.nuc.ord.treefile	16.0	0.36363636363636365
TarvD7	ENSG00000139428.nuc.ord	ENSG00000139428.nuc.ord.treefile	26.0	0.43333333333333335
TarvD7	ENSG00000139433.nuc.ord	ENSG00000139433.nuc.ord.treefile	42.0	0.7777777777777778
TarvD7	ENSG00000139436.nuc.ord	ENSG00000139436.nuc.ord.treefile	22.0	0.3333333333333333
TarvD7	ENSG00000139437.nuc.ord	ENSG00000139437.nuc.ord.treefile	16.0	0.2857142857142857
TarvD7	ENSG00000139445.nuc.ord	ENSG00000139445.nuc.ord.treefile	16.0	0.2962962962962963
TarvD7	ENSG00000139496.nuc.ord	ENSG00000139496.nuc.ord.treefile	22.0	0.34375
TarvD7	ENSG00000139505.nuc.ord	ENSG00000139505.nuc.ord.treefile	18.0	0.32142857142857145
TarvD7	ENSG00000139508.nuc.ord	ENSG00000139508.nuc.ord.treefile	14.0	0.22580645161290322
TarvD7	ENSG00000139514.nuc.ord	ENSG00000139514.nuc.ord.treefile	24.0	0.41379310344827586
TarvD7	ENSG00000139515.nuc.ord	ENSG00000139515.nuc.ord.treefile	22.0	0.44
TarvD7	ENSG00000139517.nuc.ord	ENSG00000139517.nuc.ord.treefile	14.0	0.21212121212121213
TarvD7	ENSG00000139531.nuc.ord	ENSG00000139531.nuc.ord.treefile	12.0	0.21428571428571427
TarvD7	ENSG00000139537.nuc.ord	ENSG00000139537.nuc.ord.treefile	14.0	0.21875
TarvD7	ENSG00000139549.nuc.ord	ENSG00000139549.nuc.ord.treefile	26.0	0.48148148148148145
TarvD7	ENSG00000139567.nuc.ord	ENSG00000139567.nuc.ord.treefile	28.0	0.4375
TarvD7	ENSG00000139572.nuc.ord	ENSG00000139572.nuc.ord.treefile	18.0	0.47368421052631576
TarvD7	ENSG00000139574.nuc.ord	ENSG00000139574.nuc.ord.treefile	26.0	0.6842105263157895
TarvD7	ENSG00000139579.nuc.ord	ENSG00000139579.nuc.ord.treefile	16.0	0.34782608695652173
TarvD7	ENSG00000139610.nuc.ord	ENSG00000139610.nuc.ord.treefile	36.0	0.6923076923076923
TarvD7	ENSG00000139613.nuc.ord	ENSG00000139613.nuc.ord.treefile	28.0	0.4827586206896552
TarvD7	ENSG00000139618.nuc.ord	ENSG00000139618.nuc.ord.treefile	8.0	0.125
TarvD7	ENSG00000139624.nuc.ord	ENSG00000139624.nuc.ord.treefile	24.0	0.42857142857142855
TarvD7	ENSG00000139625.nuc.ord	ENSG00000139625.nuc.ord.treefile	10.0	0.17857142857142858
TarvD7	ENSG00000139626.nuc.ord	ENSG00000139626.nuc.ord.treefile	18.0	0.2903225806451613
TarvD7	ENSG00000139631.nuc.ord	ENSG00000139631.nuc.ord.treefile	18.0	0.3103448275862069
TarvD7	ENSG00000139636.nuc.ord	ENSG00000139636.nuc.ord.treefile	12.0	0.1875
TarvD7	ENSG00000139641.nuc.ord	ENSG00000139641.nuc.ord.treefile	10.0	0.16666666666666666
TarvD7	ENSG00000139645.nuc.ord	ENSG00000139645.nuc.ord.treefile	28.0	0.5384615384615384
TarvD7	ENSG00000139648.nuc.ord	ENSG00000139648.nuc.ord.treefile	18.0	0.42857142857142855
TarvD7	ENSG00000139651.nuc.ord	ENSG00000139651.nuc.ord.treefile	34.0	0.6071428571428571
TarvD7	ENSG00000139668.nuc.ord	ENSG00000139668.nuc.ord.treefile	28.0	0.45161290322580644
TarvD7	ENSG00000139684.nuc.ord	ENSG00000139684.nuc.ord.treefile	32.0	0.6153846153846154
TarvD7	ENSG00000139687.nuc.ord	ENSG00000139687.nuc.ord.treefile	16.0	0.25
TarvD7	ENSG00000139697.nuc.ord	ENSG00000139697.nuc.ord.treefile	12.0	0.1875
TarvD7	ENSG00000139719.nuc.ord	ENSG00000139719.nuc.ord.treefile	32.0	0.48484848484848486
TarvD7	ENSG00000139722.nuc.ord	ENSG00000139722.nuc.ord.treefile	10.0	0.1724137931034483
TarvD7	ENSG00000139725.nuc.ord	ENSG00000139725.nuc.ord.treefile	24.0	0.5217391304347826
TarvD7	ENSG00000139726.nuc.ord	ENSG00000139726.nuc.ord.treefile	32.0	0.6666666666666666
TarvD7	ENSG00000139734.nuc.ord	ENSG00000139734.nuc.ord.treefile	8.0	0.19047619047619047
TarvD7	ENSG00000139737.nuc.ord	ENSG00000139737.nuc.ord.treefile	22.0	0.3548387096774194
TarvD7	ENSG00000139746.nuc.ord	ENSG00000139746.nuc.ord.treefile	6.0	0.09375
TarvD7	ENSG00000139767.nuc.ord	ENSG00000139767.nuc.ord.treefile	24.0	0.375
TarvD7	ENSG00000139780.nuc.ord	ENSG00000139780.nuc.ord.treefile	18.0	0.28125
TarvD7	ENSG00000139793.nuc.ord	ENSG00000139793.nuc.ord.treefile	40.0	0.6060606060606061
TarvD7	ENSG00000139800.nuc.ord	ENSG00000139800.nuc.ord.treefile	14.0	0.3684210526315789
TarvD7	ENSG00000139826.nuc.ord	ENSG00000139826.nuc.ord.treefile	22.0	0.5238095238095238
TarvD7	ENSG00000139832.nuc.ord	ENSG00000139832.nuc.ord.treefile	24.0	0.5
TarvD7	ENSG00000139835.nuc.ord	ENSG00000139835.nuc.ord.treefile	24.0	0.46153846153846156
TarvD7	ENSG00000139842.nuc.ord	ENSG00000139842.nuc.ord.treefile	24.0	0.4
TarvD7	ENSG00000139874.nuc.ord	ENSG00000139874.nuc.ord.treefile	20.0	0.5555555555555556
TarvD7	ENSG00000139880.nuc.ord	ENSG00000139880.nuc.ord.treefile	18.0	0.3333333333333333
TarvD7	ENSG00000139899.nuc.ord	ENSG00000139899.nuc.ord.treefile	22.0	0.4074074074074074
TarvD7	ENSG00000139908.nuc.ord	ENSG00000139908.nuc.ord.treefile	22.0	0.4074074074074074
TarvD7	ENSG00000139910.nuc.ord	ENSG00000139910.nuc.ord.treefile	40.0	0.6896551724137931
TarvD7	ENSG00000139914.nuc.ord	ENSG00000139914.nuc.ord.treefile	30.0	0.5769230769230769
TarvD7	ENSG00000139915.nuc.ord	ENSG00000139915.nuc.ord.treefile	14.0	0.22580645161290322
TarvD7	ENSG00000139921.nuc.ord	ENSG00000139921.nuc.ord.treefile	16.0	0.24242424242424243
TarvD7	ENSG00000139946.nuc.ord	ENSG00000139946.nuc.ord.treefile	34.0	0.5483870967741935
TarvD7	ENSG00000139971.nuc.ord	ENSG00000139971.nuc.ord.treefile	10.0	0.15625
TarvD7	ENSG00000139973.nuc.ord	ENSG00000139973.nuc.ord.treefile	12.0	0.1875
TarvD7	ENSG00000139974.nuc.ord	ENSG00000139974.nuc.ord.treefile	14.0	0.25925925925925924
TarvD7	ENSG00000139977.nuc.ord	ENSG00000139977.nuc.ord.treefile	32.0	0.5517241379310345
TarvD7	ENSG00000139988.nuc.ord	ENSG00000139988.nuc.ord.treefile	20.0	0.3225806451612903
TarvD7	ENSG00000139990.nuc.ord	ENSG00000139990.nuc.ord.treefile	8.0	0.13793103448275862
TarvD7	ENSG00000140006.nuc.ord	ENSG00000140006.nuc.ord.treefile	18.0	0.3333333333333333
TarvD7	ENSG00000140009.nuc.ord	ENSG00000140009.nuc.ord.treefile	16.0	0.25
TarvD7	ENSG00000140015.nuc.ord	ENSG00000140015.nuc.ord.treefile	18.0	0.28125
TarvD7	ENSG00000140022.nuc.ord	ENSG00000140022.nuc.ord.treefile	20.0	0.3125
TarvD7	ENSG00000140025.nuc.ord	ENSG00000140025.nuc.ord.treefile	28.0	0.4375
TarvD7	ENSG00000140030.nuc.ord	ENSG00000140030.nuc.ord.treefile	16.0	0.42105263157894735
TarvD7	ENSG00000140043.nuc.ord	ENSG00000140043.nuc.ord.treefile	6.0	0.1111111111111111
TarvD7	ENSG00000140044.nuc.ord	ENSG00000140044.nuc.ord.treefile	24.0	0.5217391304347826
TarvD7	ENSG00000140057.nuc.ord	ENSG00000140057.nuc.ord.treefile	34.0	0.53125
TarvD7	ENSG00000140090.nuc.ord	ENSG00000140090.nuc.ord.treefile	16.0	0.26666666666666666
TarvD7	ENSG00000140092.nuc.ord	ENSG00000140092.nuc.ord.treefile	10.0	0.18518518518518517
TarvD7	ENSG00000140093.nuc.ord	ENSG00000140093.nuc.ord.treefile	10.0	0.22727272727272727
TarvD7	ENSG00000140157.nuc.ord	ENSG00000140157.nuc.ord.treefile	28.0	0.4666666666666667
TarvD7	ENSG00000140199.nuc.ord	ENSG00000140199.nuc.ord.treefile	24.0	0.36363636363636365
TarvD7	ENSG00000140254.nuc.ord	ENSG00000140254.nuc.ord.treefile	24.0	0.41379310344827586
TarvD7	ENSG00000140262.nuc.ord	ENSG00000140262.nuc.ord.treefile	16.0	0.25
TarvD7	ENSG00000140263.nuc.ord	ENSG00000140263.nuc.ord.treefile	12.0	0.23076923076923078
TarvD7	ENSG00000140265.nuc.ord	ENSG00000140265.nuc.ord.treefile	10.0	0.16129032258064516
TarvD7	ENSG00000140274.nuc.ord	ENSG00000140274.nuc.ord.treefile	10.0	0.16129032258064516
TarvD7	ENSG00000140279.nuc.ord	ENSG00000140279.nuc.ord.treefile	12.0	0.23076923076923078
TarvD7	ENSG00000140280.nuc.ord	ENSG00000140280.nuc.ord.treefile	24.0	0.5
TarvD7	ENSG00000140284.nuc.ord	ENSG00000140284.nuc.ord.treefile	28.0	0.4666666666666667
TarvD7	ENSG00000140285.nuc.ord	ENSG00000140285.nuc.ord.treefile	20.0	0.3448275862068966
TarvD7	ENSG00000140287.nuc.ord	ENSG00000140287.nuc.ord.treefile	16.0	0.25
TarvD7	ENSG00000140297.nuc.ord	ENSG00000140297.nuc.ord.treefile	4.0	0.08333333333333333
TarvD7	ENSG00000140307.nuc.ord	ENSG00000140307.nuc.ord.treefile	50.0	0.8928571428571429
TarvD7	ENSG00000140320.nuc.ord	ENSG00000140320.nuc.ord.treefile	6.0	0.1
TarvD7	ENSG00000140323.nuc.ord	ENSG00000140323.nuc.ord.treefile	2.0	0.037037037037037035
TarvD7	ENSG00000140332.nuc.ord	ENSG00000140332.nuc.ord.treefile	34.0	0.6071428571428571
TarvD7	ENSG00000140368.nuc.ord	ENSG00000140368.nuc.ord.treefile	10.0	0.19230769230769232
TarvD7	ENSG00000140374.nuc.ord	ENSG00000140374.nuc.ord.treefile	24.0	0.375
TarvD7	ENSG00000140382.nuc.ord	ENSG00000140382.nuc.ord.treefile	30.0	0.45454545454545453
TarvD7	ENSG00000140386.nuc.ord	ENSG00000140386.nuc.ord.treefile	16.0	0.26666666666666666
TarvD7	ENSG00000140391.nuc.ord	ENSG00000140391.nuc.ord.treefile	40.0	0.6451612903225806
TarvD7	ENSG00000140395.nuc.ord	ENSG00000140395.nuc.ord.treefile	44.0	0.7096774193548387
TarvD7	ENSG00000140396.nuc.ord	ENSG00000140396.nuc.ord.treefile	16.0	0.26666666666666666
TarvD7	ENSG00000140398.nuc.ord	ENSG00000140398.nuc.ord.treefile	28.0	0.5
TarvD7	ENSG00000140400.nuc.ord	ENSG00000140400.nuc.ord.treefile	18.0	0.32142857142857145
TarvD7	ENSG00000140443.nuc.ord	ENSG00000140443.nuc.ord.treefile	16.0	0.25806451612903225
TarvD7	ENSG00000140450.nuc.ord	ENSG00000140450.nuc.ord.treefile	22.0	0.34375
TarvD7	ENSG00000140451.nuc.ord	ENSG00000140451.nuc.ord.treefile	26.0	0.43333333333333335
TarvD7	ENSG00000140455.nuc.ord	ENSG00000140455.nuc.ord.treefile	24.0	0.36363636363636365
TarvD7	ENSG00000140459.nuc.ord	ENSG00000140459.nuc.ord.treefile	18.0	0.3333333333333333
TarvD7	ENSG00000140463.nuc.ord	ENSG00000140463.nuc.ord.treefile	24.0	0.3870967741935484
TarvD7	ENSG00000140464.nuc.ord	ENSG00000140464.nuc.ord.treefile	18.0	0.32142857142857145
TarvD7	ENSG00000140470.nuc.ord	ENSG00000140470.nuc.ord.treefile	22.0	0.3793103448275862
TarvD7	ENSG00000140471.nuc.ord	ENSG00000140471.nuc.ord.treefile	8.0	0.14285714285714285
TarvD7	ENSG00000140474.nuc.ord	ENSG00000140474.nuc.ord.treefile	30.0	0.5357142857142857
TarvD7	ENSG00000140479.nuc.ord	ENSG00000140479.nuc.ord.treefile	18.0	0.28125
TarvD7	ENSG00000140481.nuc.ord	ENSG00000140481.nuc.ord.treefile	14.0	0.35
TarvD7	ENSG00000140497.nuc.ord	ENSG00000140497.nuc.ord.treefile	20.0	0.3225806451612903
TarvD7	ENSG00000140506.nuc.ord	ENSG00000140506.nuc.ord.treefile	10.0	0.25
TarvD7	ENSG00000140511.nuc.ord	ENSG00000140511.nuc.ord.treefile	20.0	0.43478260869565216
TarvD7	ENSG00000140521.nuc.ord	ENSG00000140521.nuc.ord.treefile	28.0	0.4375
TarvD7	ENSG00000140525.nuc.ord	ENSG00000140525.nuc.ord.treefile	18.0	0.2727272727272727
TarvD7	ENSG00000140526.nuc.ord	ENSG00000140526.nuc.ord.treefile	22.0	0.3548387096774194
TarvD7	ENSG00000140527.nuc.ord	ENSG00000140527.nuc.ord.treefile	14.0	0.21212121212121213
TarvD7	ENSG00000140534.nuc.ord	ENSG00000140534.nuc.ord.treefile	16.0	0.27586206896551724
TarvD7	ENSG00000140538.nuc.ord	ENSG00000140538.nuc.ord.treefile	16.0	0.2857142857142857
TarvD7	ENSG00000140543.nuc.ord	ENSG00000140543.nuc.ord.treefile	32.0	0.5517241379310345
TarvD7	ENSG00000140545.nuc.ord	ENSG00000140545.nuc.ord.treefile	20.0	0.37037037037037035
TarvD7	ENSG00000140548.nuc.ord	ENSG00000140548.nuc.ord.treefile	32.0	0.5517241379310345
TarvD7	ENSG00000140553.nuc.ord	ENSG00000140553.nuc.ord.treefile	20.0	0.3125
TarvD7	ENSG00000140557.nuc.ord	ENSG00000140557.nuc.ord.treefile	28.0	0.45161290322580644
TarvD7	ENSG00000140563.nuc.ord	ENSG00000140563.nuc.ord.treefile	8.0	0.12121212121212122
TarvD7	ENSG00000140575.nuc.ord	ENSG00000140575.nuc.ord.treefile	20.0	0.3125
TarvD7	ENSG00000140577.nuc.ord	ENSG00000140577.nuc.ord.treefile	16.0	0.25806451612903225
TarvD7	ENSG00000140600.nuc.ord	ENSG00000140600.nuc.ord.treefile	34.0	0.5666666666666667
TarvD7	ENSG00000140612.nuc.ord	ENSG00000140612.nuc.ord.treefile	40.0	0.6896551724137931
TarvD7	ENSG00000140623.nuc.ord	ENSG00000140623.nuc.ord.treefile	30.0	0.5172413793103449
TarvD7	ENSG00000140632.nuc.ord	ENSG00000140632.nuc.ord.treefile	16.0	0.25806451612903225
TarvD7	ENSG00000140650.nuc.ord	ENSG00000140650.nuc.ord.treefile	28.0	0.4827586206896552
TarvD7	ENSG00000140682.nuc.ord	ENSG00000140682.nuc.ord.treefile	18.0	0.3333333333333333
TarvD7	ENSG00000140688.nuc.ord	ENSG00000140688.nuc.ord.treefile	26.0	0.41935483870967744
TarvD7	ENSG00000140691.nuc.ord	ENSG00000140691.nuc.ord.treefile	26.0	0.5
TarvD7	ENSG00000140694.nuc.ord	ENSG00000140694.nuc.ord.treefile	14.0	0.21875
TarvD7	ENSG00000140718.nuc.ord	ENSG00000140718.nuc.ord.treefile	12.0	0.1935483870967742
TarvD7	ENSG00000140740.nuc.ord	ENSG00000140740.nuc.ord.treefile	10.0	0.2
TarvD7	ENSG00000140743.nuc.ord	ENSG00000140743.nuc.ord.treefile	26.0	0.5
TarvD7	ENSG00000140749.nuc.ord	ENSG00000140749.nuc.ord.treefile	16.0	0.2962962962962963
TarvD7	ENSG00000140750.nuc.ord	ENSG00000140750.nuc.ord.treefile	16.0	0.24242424242424243
TarvD7	ENSG00000140795.nuc.ord	ENSG00000140795.nuc.ord.treefile	10.0	0.19230769230769232
TarvD7	ENSG00000140798.nuc.ord	ENSG00000140798.nuc.ord.treefile	12.0	0.1935483870967742
TarvD7	ENSG00000140807.nuc.ord	ENSG00000140807.nuc.ord.treefile	10.0	0.18518518518518517
TarvD7	ENSG00000140830.nuc.ord	ENSG00000140830.nuc.ord.treefile	28.0	0.45161290322580644
TarvD7	ENSG00000140832.nuc.ord	ENSG00000140832.nuc.ord.treefile	28.0	0.4666666666666667
TarvD7	ENSG00000140835.nuc.ord	ENSG00000140835.nuc.ord.treefile	14.0	0.30434782608695654
TarvD7	ENSG00000140836.nuc.ord	ENSG00000140836.nuc.ord.treefile	12.0	0.1875
TarvD7	ENSG00000140848.nuc.ord	ENSG00000140848.nuc.ord.treefile	30.0	0.46875
TarvD7	ENSG00000140853.nuc.ord	ENSG00000140853.nuc.ord.treefile	26.0	0.4482758620689655
TarvD7	ENSG00000140854.nuc.ord	ENSG00000140854.nuc.ord.treefile	18.0	0.3333333333333333
TarvD7	ENSG00000140873.nuc.ord	ENSG00000140873.nuc.ord.treefile	8.0	0.12903225806451613
TarvD7	ENSG00000140943.nuc.ord	ENSG00000140943.nuc.ord.treefile	6.0	0.0967741935483871
TarvD7	ENSG00000140945.nuc.ord	ENSG00000140945.nuc.ord.treefile	16.0	0.25806451612903225
TarvD7	ENSG00000140948.nuc.ord	ENSG00000140948.nuc.ord.treefile	10.0	0.17857142857142858
TarvD7	ENSG00000140950.nuc.ord	ENSG00000140950.nuc.ord.treefile	26.0	0.4642857142857143
TarvD7	ENSG00000140955.nuc.ord	ENSG00000140955.nuc.ord.treefile	8.0	0.16
TarvD7	ENSG00000140968.nuc.ord	ENSG00000140968.nuc.ord.treefile	24.0	0.46153846153846156
TarvD7	ENSG00000140986.nuc.ord	ENSG00000140986.nuc.ord.treefile	28.0	0.5384615384615384
TarvD7	ENSG00000140990.nuc.ord	ENSG00000140990.nuc.ord.treefile	30.0	0.5769230769230769
TarvD7	ENSG00000141002.nuc.ord	ENSG00000141002.nuc.ord.treefile	20.0	0.3448275862068966
TarvD7	ENSG00000141012.nuc.ord	ENSG00000141012.nuc.ord.treefile	26.0	0.5
TarvD7	ENSG00000141013.nuc.ord	ENSG00000141013.nuc.ord.treefile	20.0	0.3333333333333333
TarvD7	ENSG00000141026.nuc.ord	ENSG00000141026.nuc.ord.treefile	32.0	0.6153846153846154
TarvD7	ENSG00000141030.nuc.ord	ENSG00000141030.nuc.ord.treefile	28.0	0.45161290322580644
TarvD7	ENSG00000141052.nuc.ord	ENSG00000141052.nuc.ord.treefile	14.0	0.22580645161290322
TarvD7	ENSG00000141068.nuc.ord	ENSG00000141068.nuc.ord.treefile	12.0	0.23076923076923078
TarvD7	ENSG00000141076.nuc.ord	ENSG00000141076.nuc.ord.treefile	18.0	0.2903225806451613
TarvD7	ENSG00000141084.nuc.ord	ENSG00000141084.nuc.ord.treefile	26.0	0.3939393939393939
TarvD7	ENSG00000141086.nuc.ord	ENSG00000141086.nuc.ord.treefile	38.0	0.7916666666666666
TarvD7	ENSG00000141098.nuc.ord	ENSG00000141098.nuc.ord.treefile	22.0	0.4782608695652174
TarvD7	ENSG00000141101.nuc.ord	ENSG00000141101.nuc.ord.treefile	32.0	0.5925925925925926
TarvD7	ENSG00000141140.nuc.ord	ENSG00000141140.nuc.ord.treefile	18.0	0.2903225806451613
TarvD7	ENSG00000141141.nuc.ord	ENSG00000141141.nuc.ord.treefile	12.0	0.1935483870967742
TarvD7	ENSG00000141150.nuc.ord	ENSG00000141150.nuc.ord.treefile	40.0	0.7407407407407407
TarvD7	ENSG00000141161.nuc.ord	ENSG00000141161.nuc.ord.treefile	20.0	0.3225806451612903
TarvD7	ENSG00000141179.nuc.ord	ENSG00000141179.nuc.ord.treefile	20.0	0.4166666666666667
TarvD7	ENSG00000141198.nuc.ord	ENSG00000141198.nuc.ord.treefile	18.0	0.3
TarvD7	ENSG00000141200.nuc.ord	ENSG00000141200.nuc.ord.treefile	4.0	0.10526315789473684
TarvD7	ENSG00000141232.nuc.ord	ENSG00000141232.nuc.ord.treefile	32.0	0.7272727272727273
TarvD7	ENSG00000141252.nuc.ord	ENSG00000141252.nuc.ord.treefile	20.0	0.3125
TarvD7	ENSG00000141255.nuc.ord	ENSG00000141255.nuc.ord.treefile	14.0	0.2916666666666667
TarvD7	ENSG00000141258.nuc.ord	ENSG00000141258.nuc.ord.treefile	16.0	0.26666666666666666
TarvD7	ENSG00000141293.nuc.ord	ENSG00000141293.nuc.ord.treefile	18.0	0.2727272727272727
TarvD7	ENSG00000141298.nuc.ord	ENSG00000141298.nuc.ord.treefile	6.0	0.09090909090909091
TarvD7	ENSG00000141314.nuc.ord	ENSG00000141314.nuc.ord.treefile	32.0	0.48484848484848486
TarvD7	ENSG00000141316.nuc.ord	ENSG00000141316.nuc.ord.treefile	20.0	0.43478260869565216
TarvD7	ENSG00000141325.nuc.ord	ENSG00000141325.nuc.ord.treefile	12.0	0.2
TarvD7	ENSG00000141337.nuc.ord	ENSG00000141337.nuc.ord.treefile	18.0	0.2903225806451613
TarvD7	ENSG00000141349.nuc.ord	ENSG00000141349.nuc.ord.treefile	20.0	0.3333333333333333
TarvD7	ENSG00000141367.nuc.ord	ENSG00000141367.nuc.ord.treefile	16.0	0.25
TarvD7	ENSG00000141371.nuc.ord	ENSG00000141371.nuc.ord.treefile	30.0	0.5
TarvD7	ENSG00000141376.nuc.ord	ENSG00000141376.nuc.ord.treefile	8.0	0.12903225806451613
TarvD7	ENSG00000141378.nuc.ord	ENSG00000141378.nuc.ord.treefile	6.0	0.15789473684210525
TarvD7	ENSG00000141385.nuc.ord	ENSG00000141385.nuc.ord.treefile	10.0	0.16666666666666666
TarvD7	ENSG00000141391.nuc.ord	ENSG00000141391.nuc.ord.treefile	20.0	0.4
TarvD7	ENSG00000141401.nuc.ord	ENSG00000141401.nuc.ord.treefile	22.0	0.3793103448275862
TarvD7	ENSG00000141404.nuc.ord	ENSG00000141404.nuc.ord.treefile	30.0	0.4838709677419355
TarvD7	ENSG00000141424.nuc.ord	ENSG00000141424.nuc.ord.treefile	16.0	0.25806451612903225
TarvD7	ENSG00000141425.nuc.ord	ENSG00000141425.nuc.ord.treefile	32.0	0.5714285714285714
TarvD7	ENSG00000141428.nuc.ord	ENSG00000141428.nuc.ord.treefile	26.0	0.5
TarvD7	ENSG00000141429.nuc.ord	ENSG00000141429.nuc.ord.treefile	26.0	0.3939393939393939
TarvD7	ENSG00000141431.nuc.ord	ENSG00000141431.nuc.ord.treefile	26.0	0.41935483870967744
TarvD7	ENSG00000141433.nuc.ord	ENSG00000141433.nuc.ord.treefile	30.0	0.5769230769230769
TarvD7	ENSG00000141434.nuc.ord	ENSG00000141434.nuc.ord.treefile	22.0	0.3548387096774194
TarvD7	ENSG00000141441.nuc.ord	ENSG00000141441.nuc.ord.treefile	20.0	0.30303030303030304
TarvD7	ENSG00000141446.nuc.ord	ENSG00000141446.nuc.ord.treefile	12.0	0.20689655172413793
TarvD7	ENSG00000141447.nuc.ord	ENSG00000141447.nuc.ord.treefile	32.0	0.5
TarvD7	ENSG00000141449.nuc.ord	ENSG00000141449.nuc.ord.treefile	14.0	0.25
TarvD7	ENSG00000141452.nuc.ord	ENSG00000141452.nuc.ord.treefile	24.0	0.375
TarvD7	ENSG00000141458.nuc.ord	ENSG00000141458.nuc.ord.treefile	16.0	0.25
TarvD7	ENSG00000141469.nuc.ord	ENSG00000141469.nuc.ord.treefile	16.0	0.26666666666666666
TarvD7	ENSG00000141485.nuc.ord	ENSG00000141485.nuc.ord.treefile	14.0	0.21875
TarvD7	ENSG00000141497.nuc.ord	ENSG00000141497.nuc.ord.treefile	18.0	0.32142857142857145
TarvD7	ENSG00000141499.nuc.ord	ENSG00000141499.nuc.ord.treefile	16.0	0.26666666666666666
TarvD7	ENSG00000141503.nuc.ord	ENSG00000141503.nuc.ord.treefile	18.0	0.34615384615384615
TarvD7	ENSG00000141506.nuc.ord	ENSG00000141506.nuc.ord.treefile	28.0	0.5
TarvD7	ENSG00000141510.nuc.ord	ENSG00000141510.nuc.ord.treefile	24.0	0.48
TarvD7	ENSG00000141519.nuc.ord	ENSG00000141519.nuc.ord.treefile	22.0	0.39285714285714285
TarvD7	ENSG00000141524.nuc.ord	ENSG00000141524.nuc.ord.treefile	10.0	0.25
TarvD7	ENSG00000141527.nuc.ord	ENSG00000141527.nuc.ord.treefile	10.0	0.20833333333333334
TarvD7	ENSG00000141540.nuc.ord	ENSG00000141540.nuc.ord.treefile	16.0	0.26666666666666666
TarvD7	ENSG00000141551.nuc.ord	ENSG00000141551.nuc.ord.treefile	14.0	0.25
TarvD7	ENSG00000141556.nuc.ord	ENSG00000141556.nuc.ord.treefile	16.0	0.32
TarvD7	ENSG00000141560.nuc.ord	ENSG00000141560.nuc.ord.treefile	34.0	0.5862068965517241
TarvD7	ENSG00000141562.nuc.ord	ENSG00000141562.nuc.ord.treefile	22.0	0.39285714285714285
TarvD7	ENSG00000141576.nuc.ord	ENSG00000141576.nuc.ord.treefile	20.0	0.3125
TarvD7	ENSG00000141577.nuc.ord	ENSG00000141577.nuc.ord.treefile	20.0	0.4
TarvD7	ENSG00000141580.nuc.ord	ENSG00000141580.nuc.ord.treefile	26.0	0.5
TarvD7	ENSG00000141622.nuc.ord	ENSG00000141622.nuc.ord.treefile	34.0	0.5666666666666667
TarvD7	ENSG00000141627.nuc.ord	ENSG00000141627.nuc.ord.treefile	24.0	0.3870967741935484
TarvD7	ENSG00000141639.nuc.ord	ENSG00000141639.nuc.ord.treefile	30.0	0.5172413793103449
TarvD7	ENSG00000141642.nuc.ord	ENSG00000141642.nuc.ord.treefile	28.0	0.45161290322580644
TarvD7	ENSG00000141644.nuc.ord	ENSG00000141644.nuc.ord.treefile	16.0	0.27586206896551724
TarvD7	ENSG00000141646.nuc.ord	ENSG00000141646.nuc.ord.treefile	28.0	0.4375
TarvD7	ENSG00000141655.nuc.ord	ENSG00000141655.nuc.ord.treefile	20.0	0.37037037037037035
TarvD7	ENSG00000141664.nuc.ord	ENSG00000141664.nuc.ord.treefile	18.0	0.28125
TarvD7	ENSG00000141665.nuc.ord	ENSG00000141665.nuc.ord.treefile	10.0	0.15625
TarvD7	ENSG00000141668.nuc.ord	ENSG00000141668.nuc.ord.treefile	32.0	0.6956521739130435
TarvD7	ENSG00000141696.nuc.ord	ENSG00000141696.nuc.ord.treefile	34.0	0.5666666666666667
TarvD7	ENSG00000141698.nuc.ord	ENSG00000141698.nuc.ord.treefile	30.0	0.5357142857142857
TarvD7	ENSG00000141699.nuc.ord	ENSG00000141699.nuc.ord.treefile	26.0	0.40625
TarvD7	ENSG00000141720.nuc.ord	ENSG00000141720.nuc.ord.treefile	32.0	0.6153846153846154
TarvD7	ENSG00000141736.nuc.ord	ENSG00000141736.nuc.ord.treefile	12.0	0.1875
TarvD7	ENSG00000141738.nuc.ord	ENSG00000141738.nuc.ord.treefile	14.0	0.2413793103448276
TarvD7	ENSG00000141741.nuc.ord	ENSG00000141741.nuc.ord.treefile	22.0	0.55
TarvD7	ENSG00000141748.nuc.ord	ENSG00000141748.nuc.ord.treefile	16.0	0.4
TarvD7	ENSG00000141750.nuc.ord	ENSG00000141750.nuc.ord.treefile	30.0	0.5172413793103449
TarvD7	ENSG00000141753.nuc.ord	ENSG00000141753.nuc.ord.treefile	36.0	0.5806451612903226
TarvD7	ENSG00000141756.nuc.ord	ENSG00000141756.nuc.ord.treefile	22.0	0.3548387096774194
TarvD7	ENSG00000141873.nuc.ord	ENSG00000141873.nuc.ord.treefile	20.0	0.4166666666666667
TarvD7	ENSG00000141905.nuc.ord	ENSG00000141905.nuc.ord.treefile	24.0	0.5217391304347826
TarvD7	ENSG00000141968.nuc.ord	ENSG00000141968.nuc.ord.treefile	18.0	0.3333333333333333
TarvD7	ENSG00000141979.nuc.ord	ENSG00000141979.nuc.ord.treefile	28.0	0.4827586206896552
TarvD7	ENSG00000142046.nuc.ord	ENSG00000142046.nuc.ord.treefile	26.0	0.4482758620689655
TarvD7	ENSG00000142149.nuc.ord	ENSG00000142149.nuc.ord.treefile	14.0	0.2692307692307692
TarvD7	ENSG00000142166.nuc.ord	ENSG00000142166.nuc.ord.treefile	8.0	0.14285714285714285
TarvD7	ENSG00000142168.nuc.ord	ENSG00000142168.nuc.ord.treefile	32.0	0.5714285714285714
TarvD7	ENSG00000142178.nuc.ord	ENSG00000142178.nuc.ord.treefile	4.0	0.08
TarvD7	ENSG00000142182.nuc.ord	ENSG00000142182.nuc.ord.treefile	20.0	0.47619047619047616
TarvD7	ENSG00000142186.nuc.ord	ENSG00000142186.nuc.ord.treefile	20.0	0.4
TarvD7	ENSG00000142192.nuc.ord	ENSG00000142192.nuc.ord.treefile	18.0	0.3103448275862069
TarvD7	ENSG00000142197.nuc.ord	ENSG00000142197.nuc.ord.treefile	14.0	0.21875
TarvD7	ENSG00000142207.nuc.ord	ENSG00000142207.nuc.ord.treefile	10.0	0.16666666666666666
TarvD7	ENSG00000142224.nuc.ord	ENSG00000142224.nuc.ord.treefile	18.0	0.3
TarvD7	ENSG00000142227.nuc.ord	ENSG00000142227.nuc.ord.treefile	30.0	0.5769230769230769
TarvD7	ENSG00000142230.nuc.ord	ENSG00000142230.nuc.ord.treefile	24.0	0.375
TarvD7	ENSG00000142233.nuc.ord	ENSG00000142233.nuc.ord.treefile	20.0	0.38461538461538464
TarvD7	ENSG00000142273.nuc.ord	ENSG00000142273.nuc.ord.treefile	26.0	0.5909090909090909
TarvD7	ENSG00000142279.nuc.ord	ENSG00000142279.nuc.ord.treefile	10.0	0.3125
TarvD7	ENSG00000142303.nuc.ord	ENSG00000142303.nuc.ord.treefile	20.0	0.37037037037037035
TarvD7	ENSG00000142330.nuc.ord	ENSG00000142330.nuc.ord.treefile	10.0	0.22727272727272727
TarvD7	ENSG00000142405.nuc.ord	ENSG00000142405.nuc.ord.treefile	16.0	0.38095238095238093
TarvD7	ENSG00000142408.nuc.ord	ENSG00000142408.nuc.ord.treefile	12.0	0.6666666666666666
TarvD7	ENSG00000142459.nuc.ord	ENSG00000142459.nuc.ord.treefile	28.0	0.5185185185185185
TarvD7	ENSG00000142484.nuc.ord	ENSG00000142484.nuc.ord.treefile	24.0	0.46153846153846156
TarvD7	ENSG00000142494.nuc.ord	ENSG00000142494.nuc.ord.treefile	16.0	0.27586206896551724
TarvD7	ENSG00000142507.nuc.ord	ENSG00000142507.nuc.ord.treefile	22.0	0.4782608695652174
TarvD7	ENSG00000142528.nuc.ord	ENSG00000142528.nuc.ord.treefile	12.0	0.25
TarvD7	ENSG00000142583.nuc.ord	ENSG00000142583.nuc.ord.treefile	10.0	0.19230769230769232
TarvD7	ENSG00000142606.nuc.ord	ENSG00000142606.nuc.ord.treefile	18.0	0.32142857142857145
TarvD7	ENSG00000142609.nuc.ord	ENSG00000142609.nuc.ord.treefile	10.0	0.21739130434782608
TarvD7	ENSG00000142619.nuc.ord	ENSG00000142619.nuc.ord.treefile	20.0	0.3448275862068966
TarvD7	ENSG00000142621.nuc.ord	ENSG00000142621.nuc.ord.treefile	8.0	0.16
TarvD7	ENSG00000142623.nuc.ord	ENSG00000142623.nuc.ord.treefile	8.0	0.14285714285714285
TarvD7	ENSG00000142627.nuc.ord	ENSG00000142627.nuc.ord.treefile	16.0	0.25806451612903225
TarvD7	ENSG00000142634.nuc.ord	ENSG00000142634.nuc.ord.treefile	40.0	0.8695652173913043
TarvD7	ENSG00000142655.nuc.ord	ENSG00000142655.nuc.ord.treefile	28.0	0.5
TarvD7	ENSG00000142657.nuc.ord	ENSG00000142657.nuc.ord.treefile	28.0	0.4827586206896552
TarvD7	ENSG00000142661.nuc.ord	ENSG00000142661.nuc.ord.treefile	6.0	0.1
TarvD7	ENSG00000142675.nuc.ord	ENSG00000142675.nuc.ord.treefile	2.0	0.037037037037037035
TarvD7	ENSG00000142676.nuc.ord	ENSG00000142676.nuc.ord.treefile	22.0	0.6875
TarvD7	ENSG00000142677.nuc.ord	ENSG00000142677.nuc.ord.treefile	18.0	0.3333333333333333
TarvD7	ENSG00000142684.nuc.ord	ENSG00000142684.nuc.ord.treefile	34.0	0.7083333333333334
TarvD7	ENSG00000142686.nuc.ord	ENSG00000142686.nuc.ord.treefile	16.0	0.38095238095238093
TarvD7	ENSG00000142687.nuc.ord	ENSG00000142687.nuc.ord.treefile	18.0	0.2903225806451613
TarvD7	ENSG00000142694.nuc.ord	ENSG00000142694.nuc.ord.treefile	24.0	0.6
TarvD7	ENSG00000142698.nuc.ord	ENSG00000142698.nuc.ord.treefile	14.0	0.25925925925925924
TarvD7	ENSG00000142700.nuc.ord	ENSG00000142700.nuc.ord.treefile	34.0	0.7391304347826086
TarvD7	ENSG00000142731.nuc.ord	ENSG00000142731.nuc.ord.treefile	22.0	0.3548387096774194
TarvD7	ENSG00000142733.nuc.ord	ENSG00000142733.nuc.ord.treefile	10.0	0.16666666666666666
TarvD7	ENSG00000142751.nuc.ord	ENSG00000142751.nuc.ord.treefile	18.0	0.3103448275862069
TarvD7	ENSG00000142765.nuc.ord	ENSG00000142765.nuc.ord.treefile	12.0	0.2222222222222222
TarvD7	ENSG00000142784.nuc.ord	ENSG00000142784.nuc.ord.treefile	28.0	0.45161290322580644
TarvD7	ENSG00000142798.nuc.ord	ENSG00000142798.nuc.ord.treefile	6.0	0.10714285714285714
TarvD7	ENSG00000142856.nuc.ord	ENSG00000142856.nuc.ord.treefile	32.0	0.64
TarvD7	ENSG00000142864.nuc.ord	ENSG00000142864.nuc.ord.treefile	38.0	0.6551724137931034
TarvD7	ENSG00000142867.nuc.ord	ENSG00000142867.nuc.ord.treefile	30.0	0.5172413793103449
TarvD7	ENSG00000142871.nuc.ord	ENSG00000142871.nuc.ord.treefile	16.0	0.25
TarvD7	ENSG00000142875.nuc.ord	ENSG00000142875.nuc.ord.treefile	42.0	0.7
TarvD7	ENSG00000142892.nuc.ord	ENSG00000142892.nuc.ord.treefile	22.0	0.4074074074074074
TarvD7	ENSG00000142910.nuc.ord	ENSG00000142910.nuc.ord.treefile	18.0	0.32142857142857145
TarvD7	ENSG00000142920.nuc.ord	ENSG00000142920.nuc.ord.treefile	26.0	0.41935483870967744
TarvD7	ENSG00000142945.nuc.ord	ENSG00000142945.nuc.ord.treefile	14.0	0.23333333333333334
TarvD7	ENSG00000142949.nuc.ord	ENSG00000142949.nuc.ord.treefile	22.0	0.36666666666666664
TarvD7	ENSG00000142959.nuc.ord	ENSG00000142959.nuc.ord.treefile	26.0	0.4482758620689655
TarvD7	ENSG00000142973.nuc.ord	ENSG00000142973.nuc.ord.treefile	14.0	0.2413793103448276
TarvD7	ENSG00000143006.nuc.ord	ENSG00000143006.nuc.ord.treefile	20.0	0.4
TarvD7	ENSG00000143013.nuc.ord	ENSG00000143013.nuc.ord.treefile	48.0	0.7741935483870968
TarvD7	ENSG00000143028.nuc.ord	ENSG00000143028.nuc.ord.treefile	38.0	0.6333333333333333
TarvD7	ENSG00000143032.nuc.ord	ENSG00000143032.nuc.ord.treefile	24.0	0.3870967741935484
TarvD7	ENSG00000143033.nuc.ord	ENSG00000143033.nuc.ord.treefile	12.0	0.1935483870967742
TarvD7	ENSG00000143036.nuc.ord	ENSG00000143036.nuc.ord.treefile	14.0	0.30434782608695654
TarvD7	ENSG00000143061.nuc.ord	ENSG00000143061.nuc.ord.treefile	24.0	0.3870967741935484
TarvD7	ENSG00000143067.nuc.ord	ENSG00000143067.nuc.ord.treefile	28.0	0.6363636363636364
TarvD7	ENSG00000143079.nuc.ord	ENSG00000143079.nuc.ord.treefile	24.0	0.3870967741935484
TarvD7	ENSG00000143093.nuc.ord	ENSG00000143093.nuc.ord.treefile	28.0	0.42424242424242425
TarvD7	ENSG00000143107.nuc.ord	ENSG00000143107.nuc.ord.treefile	14.0	0.21875
TarvD7	ENSG00000143119.nuc.ord	ENSG00000143119.nuc.ord.treefile	30.0	0.45454545454545453
TarvD7	ENSG00000143125.nuc.ord	ENSG00000143125.nuc.ord.treefile	34.0	0.6071428571428571
TarvD7	ENSG00000143127.nuc.ord	ENSG00000143127.nuc.ord.treefile	16.0	0.2857142857142857
TarvD7	ENSG00000143140.nuc.ord	ENSG00000143140.nuc.ord.treefile	28.0	0.6086956521739131
TarvD7	ENSG00000143149.nuc.ord	ENSG00000143149.nuc.ord.treefile	30.0	0.4838709677419355
TarvD7	ENSG00000143153.nuc.ord	ENSG00000143153.nuc.ord.treefile	30.0	0.45454545454545453
TarvD7	ENSG00000143155.nuc.ord	ENSG00000143155.nuc.ord.treefile	36.0	0.5806451612903226
TarvD7	ENSG00000143156.nuc.ord	ENSG00000143156.nuc.ord.treefile	20.0	0.3225806451612903
TarvD7	ENSG00000143157.nuc.ord	ENSG00000143157.nuc.ord.treefile	28.0	0.5185185185185185
TarvD7	ENSG00000143158.nuc.ord	ENSG00000143158.nuc.ord.treefile	32.0	0.5925925925925926
TarvD7	ENSG00000143162.nuc.ord	ENSG00000143162.nuc.ord.treefile	18.0	0.3103448275862069
TarvD7	ENSG00000143164.nuc.ord	ENSG00000143164.nuc.ord.treefile	16.0	0.26666666666666666
TarvD7	ENSG00000143167.nuc.ord	ENSG00000143167.nuc.ord.treefile	26.0	0.4642857142857143
TarvD7	ENSG00000143171.nuc.ord	ENSG00000143171.nuc.ord.treefile	22.0	0.3793103448275862
TarvD7	ENSG00000143178.nuc.ord	ENSG00000143178.nuc.ord.treefile	24.0	0.3870967741935484
TarvD7	ENSG00000143179.nuc.ord	ENSG00000143179.nuc.ord.treefile	38.0	0.59375
TarvD7	ENSG00000143183.nuc.ord	ENSG00000143183.nuc.ord.treefile	30.0	0.46875
TarvD7	ENSG00000143190.nuc.ord	ENSG00000143190.nuc.ord.treefile	22.0	0.3793103448275862
TarvD7	ENSG00000143194.nuc.ord	ENSG00000143194.nuc.ord.treefile	26.0	0.43333333333333335
TarvD7	ENSG00000143195.nuc.ord	ENSG00000143195.nuc.ord.treefile	24.0	0.42857142857142855
TarvD7	ENSG00000143196.nuc.ord	ENSG00000143196.nuc.ord.treefile	32.0	0.64
TarvD7	ENSG00000143198.nuc.ord	ENSG00000143198.nuc.ord.treefile	38.0	0.6551724137931034
TarvD7	ENSG00000143199.nuc.ord	ENSG00000143199.nuc.ord.treefile	22.0	0.3548387096774194
TarvD7	ENSG00000143217.nuc.ord	ENSG00000143217.nuc.ord.treefile	18.0	0.32142857142857145
TarvD7	ENSG00000143224.nuc.ord	ENSG00000143224.nuc.ord.treefile	16.0	0.27586206896551724
TarvD7	ENSG00000143228.nuc.ord	ENSG00000143228.nuc.ord.treefile	22.0	0.3548387096774194
TarvD7	ENSG00000143248.nuc.ord	ENSG00000143248.nuc.ord.treefile	30.0	0.5769230769230769
TarvD7	ENSG00000143252.nuc.ord	ENSG00000143252.nuc.ord.treefile	20.0	0.5
TarvD7	ENSG00000143256.nuc.ord	ENSG00000143256.nuc.ord.treefile	30.0	0.4838709677419355
TarvD7	ENSG00000143257.nuc.ord	ENSG00000143257.nuc.ord.treefile	14.0	0.23333333333333334
TarvD7	ENSG00000143258.nuc.ord	ENSG00000143258.nuc.ord.treefile	10.0	0.19230769230769232
TarvD7	ENSG00000143278.nuc.ord	ENSG00000143278.nuc.ord.treefile	12.0	0.2
TarvD7	ENSG00000143294.nuc.ord	ENSG00000143294.nuc.ord.treefile	20.0	0.3448275862068966
TarvD7	ENSG00000143303.nuc.ord	ENSG00000143303.nuc.ord.treefile	12.0	0.21428571428571427
TarvD7	ENSG00000143315.nuc.ord	ENSG00000143315.nuc.ord.treefile	16.0	0.36363636363636365
TarvD7	ENSG00000143318.nuc.ord	ENSG00000143318.nuc.ord.treefile	30.0	0.5357142857142857
TarvD7	ENSG00000143319.nuc.ord	ENSG00000143319.nuc.ord.treefile	18.0	0.3103448275862069
TarvD7	ENSG00000143322.nuc.ord	ENSG00000143322.nuc.ord.treefile	30.0	0.5
TarvD7	ENSG00000143324.nuc.ord	ENSG00000143324.nuc.ord.treefile	20.0	0.3333333333333333
TarvD7	ENSG00000143333.nuc.ord	ENSG00000143333.nuc.ord.treefile	22.0	0.4583333333333333
TarvD7	ENSG00000143337.nuc.ord	ENSG00000143337.nuc.ord.treefile	20.0	0.3333333333333333
TarvD7	ENSG00000143341.nuc.ord	ENSG00000143341.nuc.ord.treefile	10.0	0.1724137931034483
TarvD7	ENSG00000143344.nuc.ord	ENSG00000143344.nuc.ord.treefile	22.0	0.36666666666666664
TarvD7	ENSG00000143353.nuc.ord	ENSG00000143353.nuc.ord.treefile	28.0	0.42424242424242425
TarvD7	ENSG00000143363.nuc.ord	ENSG00000143363.nuc.ord.treefile	16.0	0.25806451612903225
TarvD7	ENSG00000143365.nuc.ord	ENSG00000143365.nuc.ord.treefile	10.0	0.2631578947368421
TarvD7	ENSG00000143367.nuc.ord	ENSG00000143367.nuc.ord.treefile	30.0	0.4838709677419355
TarvD7	ENSG00000143369.nuc.ord	ENSG00000143369.nuc.ord.treefile	22.0	0.4583333333333333
TarvD7	ENSG00000143373.nuc.ord	ENSG00000143373.nuc.ord.treefile	12.0	0.21428571428571427
TarvD7	ENSG00000143374.nuc.ord	ENSG00000143374.nuc.ord.treefile	14.0	0.23333333333333334
TarvD7	ENSG00000143375.nuc.ord	ENSG00000143375.nuc.ord.treefile	10.0	0.16129032258064516
TarvD7	ENSG00000143376.nuc.ord	ENSG00000143376.nuc.ord.treefile	38.0	0.6129032258064516
TarvD7	ENSG00000143379.nuc.ord	ENSG00000143379.nuc.ord.treefile	14.0	0.23333333333333334
TarvD7	ENSG00000143384.nuc.ord	ENSG00000143384.nuc.ord.treefile	18.0	0.42857142857142855
TarvD7	ENSG00000143387.nuc.ord	ENSG00000143387.nuc.ord.treefile	30.0	0.4838709677419355
TarvD7	ENSG00000143390.nuc.ord	ENSG00000143390.nuc.ord.treefile	8.0	0.13793103448275862
TarvD7	ENSG00000143393.nuc.ord	ENSG00000143393.nuc.ord.treefile	20.0	0.3125
TarvD7	ENSG00000143401.nuc.ord	ENSG00000143401.nuc.ord.treefile	12.0	0.35294117647058826
TarvD7	ENSG00000143409.nuc.ord	ENSG00000143409.nuc.ord.treefile	22.0	0.34375
TarvD7	ENSG00000143412.nuc.ord	ENSG00000143412.nuc.ord.treefile	32.0	0.5333333333333333
TarvD7	ENSG00000143418.nuc.ord	ENSG00000143418.nuc.ord.treefile	24.0	0.4444444444444444
TarvD7	ENSG00000143436.nuc.ord	ENSG00000143436.nuc.ord.treefile	14.0	0.3333333333333333
TarvD7	ENSG00000143437.nuc.ord	ENSG00000143437.nuc.ord.treefile	18.0	0.28125
TarvD7	ENSG00000143442.nuc.ord	ENSG00000143442.nuc.ord.treefile	10.0	0.1724137931034483
TarvD7	ENSG00000143450.nuc.ord	ENSG00000143450.nuc.ord.treefile	22.0	0.3548387096774194
TarvD7	ENSG00000143452.nuc.ord	ENSG00000143452.nuc.ord.treefile	36.0	0.5625
TarvD7	ENSG00000143457.nuc.ord	ENSG00000143457.nuc.ord.treefile	22.0	0.39285714285714285
TarvD7	ENSG00000143458.nuc.ord	ENSG00000143458.nuc.ord.treefile	18.0	0.3103448275862069
TarvD7	ENSG00000143476.nuc.ord	ENSG00000143476.nuc.ord.treefile	20.0	0.3125
TarvD7	ENSG00000143479.nuc.ord	ENSG00000143479.nuc.ord.treefile	26.0	0.4642857142857143
TarvD7	ENSG00000143486.nuc.ord	ENSG00000143486.nuc.ord.treefile	10.0	0.16129032258064516
TarvD7	ENSG00000143493.nuc.ord	ENSG00000143493.nuc.ord.treefile	18.0	0.3
TarvD7	ENSG00000143494.nuc.ord	ENSG00000143494.nuc.ord.treefile	30.0	0.5172413793103449
TarvD7	ENSG00000143498.nuc.ord	ENSG00000143498.nuc.ord.treefile	12.0	0.18181818181818182
TarvD7	ENSG00000143499.nuc.ord	ENSG00000143499.nuc.ord.treefile	34.0	0.5483870967741935
TarvD7	ENSG00000143502.nuc.ord	ENSG00000143502.nuc.ord.treefile	30.0	0.4838709677419355
TarvD7	ENSG00000143507.nuc.ord	ENSG00000143507.nuc.ord.treefile	30.0	0.5357142857142857
TarvD7	ENSG00000143512.nuc.ord	ENSG00000143512.nuc.ord.treefile	28.0	0.5185185185185185
TarvD7	ENSG00000143514.nuc.ord	ENSG00000143514.nuc.ord.treefile	28.0	0.42424242424242425
TarvD7	ENSG00000143515.nuc.ord	ENSG00000143515.nuc.ord.treefile	20.0	0.3448275862068966
TarvD7	ENSG00000143536.nuc.ord	ENSG00000143536.nuc.ord.treefile	10.0	0.22727272727272727
TarvD7	ENSG00000143537.nuc.ord	ENSG00000143537.nuc.ord.treefile	8.0	0.13333333333333333
TarvD7	ENSG00000143543.nuc.ord	ENSG00000143543.nuc.ord.treefile	30.0	0.5555555555555556
TarvD7	ENSG00000143552.nuc.ord	ENSG00000143552.nuc.ord.treefile	10.0	0.15625
TarvD7	ENSG00000143553.nuc.ord	ENSG00000143553.nuc.ord.treefile	28.0	0.5384615384615384
TarvD7	ENSG00000143569.nuc.ord	ENSG00000143569.nuc.ord.treefile	18.0	0.32142857142857145
TarvD7	ENSG00000143570.nuc.ord	ENSG00000143570.nuc.ord.treefile	24.0	0.5
TarvD7	ENSG00000143575.nuc.ord	ENSG00000143575.nuc.ord.treefile	20.0	0.3333333333333333
TarvD7	ENSG00000143578.nuc.ord	ENSG00000143578.nuc.ord.treefile	22.0	0.36666666666666664
TarvD7	ENSG00000143590.nuc.ord	ENSG00000143590.nuc.ord.treefile	34.0	0.6538461538461539
TarvD7	ENSG00000143603.nuc.ord	ENSG00000143603.nuc.ord.treefile	28.0	0.4375
TarvD7	ENSG00000143612.nuc.ord	ENSG00000143612.nuc.ord.treefile	18.0	0.391304347826087
TarvD7	ENSG00000143614.nuc.ord	ENSG00000143614.nuc.ord.treefile	18.0	0.2903225806451613
TarvD7	ENSG00000143621.nuc.ord	ENSG00000143621.nuc.ord.treefile	18.0	0.47368421052631576
TarvD7	ENSG00000143622.nuc.ord	ENSG00000143622.nuc.ord.treefile	26.0	0.5
TarvD7	ENSG00000143624.nuc.ord	ENSG00000143624.nuc.ord.treefile	16.0	0.26666666666666666
TarvD7	ENSG00000143630.nuc.ord	ENSG00000143630.nuc.ord.treefile	10.0	0.1724137931034483
TarvD7	ENSG00000143632.nuc.ord	ENSG00000143632.nuc.ord.treefile	24.0	0.5
TarvD7	ENSG00000143633.nuc.ord	ENSG00000143633.nuc.ord.treefile	16.0	0.25806451612903225
TarvD7	ENSG00000143641.nuc.ord	ENSG00000143641.nuc.ord.treefile	26.0	0.48148148148148145
TarvD7	ENSG00000143643.nuc.ord	ENSG00000143643.nuc.ord.treefile	24.0	0.4
TarvD7	ENSG00000143653.nuc.ord	ENSG00000143653.nuc.ord.treefile	20.0	0.3333333333333333
TarvD7	ENSG00000143669.nuc.ord	ENSG00000143669.nuc.ord.treefile	18.0	0.2727272727272727
TarvD7	ENSG00000143674.nuc.ord	ENSG00000143674.nuc.ord.treefile	16.0	0.2962962962962963
TarvD7	ENSG00000143740.nuc.ord	ENSG00000143740.nuc.ord.treefile	14.0	0.28
TarvD7	ENSG00000143748.nuc.ord	ENSG00000143748.nuc.ord.treefile	14.0	0.22580645161290322
TarvD7	ENSG00000143751.nuc.ord	ENSG00000143751.nuc.ord.treefile	16.0	0.24242424242424243
TarvD7	ENSG00000143756.nuc.ord	ENSG00000143756.nuc.ord.treefile	20.0	0.3333333333333333
TarvD7	ENSG00000143771.nuc.ord	ENSG00000143771.nuc.ord.treefile	34.0	0.6071428571428571
TarvD7	ENSG00000143772.nuc.ord	ENSG00000143772.nuc.ord.treefile	18.0	0.3333333333333333
TarvD7	ENSG00000143776.nuc.ord	ENSG00000143776.nuc.ord.treefile	10.0	0.15151515151515152
TarvD7	ENSG00000143786.nuc.ord	ENSG00000143786.nuc.ord.treefile	40.0	0.7407407407407407
TarvD7	ENSG00000143797.nuc.ord	ENSG00000143797.nuc.ord.treefile	20.0	0.3333333333333333
TarvD7	ENSG00000143799.nuc.ord	ENSG00000143799.nuc.ord.treefile	12.0	0.1935483870967742
TarvD7	ENSG00000143811.nuc.ord	ENSG00000143811.nuc.ord.treefile	20.0	0.4
TarvD7	ENSG00000143815.nuc.ord	ENSG00000143815.nuc.ord.treefile	14.0	0.22580645161290322
TarvD7	ENSG00000143819.nuc.ord	ENSG00000143819.nuc.ord.treefile	32.0	0.5333333333333333
TarvD7	ENSG00000143845.nuc.ord	ENSG00000143845.nuc.ord.treefile	24.0	0.41379310344827586
TarvD7	ENSG00000143847.nuc.ord	ENSG00000143847.nuc.ord.treefile	16.0	0.26666666666666666
TarvD7	ENSG00000143850.nuc.ord	ENSG00000143850.nuc.ord.treefile	28.0	0.45161290322580644
TarvD7	ENSG00000143858.nuc.ord	ENSG00000143858.nuc.ord.treefile	34.0	0.6071428571428571
TarvD7	ENSG00000143862.nuc.ord	ENSG00000143862.nuc.ord.treefile	32.0	0.7619047619047619
TarvD7	ENSG00000143867.nuc.ord	ENSG00000143867.nuc.ord.treefile	32.0	0.64
TarvD7	ENSG00000143870.nuc.ord	ENSG00000143870.nuc.ord.treefile	16.0	0.26666666666666666
TarvD7	ENSG00000143882.nuc.ord	ENSG00000143882.nuc.ord.treefile	20.0	0.3448275862068966
TarvD7	ENSG00000143889.nuc.ord	ENSG00000143889.nuc.ord.treefile	26.0	0.41935483870967744
TarvD7	ENSG00000143891.nuc.ord	ENSG00000143891.nuc.ord.treefile	24.0	0.41379310344827586
TarvD7	ENSG00000143921.nuc.ord	ENSG00000143921.nuc.ord.treefile	12.0	0.2222222222222222
TarvD7	ENSG00000143924.nuc.ord	ENSG00000143924.nuc.ord.treefile	24.0	0.36363636363636365
TarvD7	ENSG00000143942.nuc.ord	ENSG00000143942.nuc.ord.treefile	24.0	0.41379310344827586
TarvD7	ENSG00000143951.nuc.ord	ENSG00000143951.nuc.ord.treefile	10.0	0.16666666666666666
TarvD7	ENSG00000143970.nuc.ord	ENSG00000143970.nuc.ord.treefile	10.0	0.15151515151515152
TarvD7	ENSG00000143971.nuc.ord	ENSG00000143971.nuc.ord.treefile	8.0	0.13333333333333333
TarvD7	ENSG00000143994.nuc.ord	ENSG00000143994.nuc.ord.treefile	6.0	0.11538461538461539
TarvD7	ENSG00000143995.nuc.ord	ENSG00000143995.nuc.ord.treefile	24.0	0.631578947368421
TarvD7	ENSG00000144021.nuc.ord	ENSG00000144021.nuc.ord.treefile	24.0	0.42857142857142855
TarvD7	ENSG00000144034.nuc.ord	ENSG00000144034.nuc.ord.treefile	28.0	0.5384615384615384
TarvD7	ENSG00000144036.nuc.ord	ENSG00000144036.nuc.ord.treefile	40.0	0.6451612903225806
TarvD7	ENSG00000144040.nuc.ord	ENSG00000144040.nuc.ord.treefile	30.0	0.46875
TarvD7	ENSG00000144043.nuc.ord	ENSG00000144043.nuc.ord.treefile	36.0	0.6428571428571429
TarvD7	ENSG00000144045.nuc.ord	ENSG00000144045.nuc.ord.treefile	12.0	0.20689655172413793
TarvD7	ENSG00000144048.nuc.ord	ENSG00000144048.nuc.ord.treefile	10.0	0.16129032258064516
TarvD7	ENSG00000144057.nuc.ord	ENSG00000144057.nuc.ord.treefile	16.0	0.26666666666666666
TarvD7	ENSG00000144061.nuc.ord	ENSG00000144061.nuc.ord.treefile	10.0	0.17857142857142858
TarvD7	ENSG00000144115.nuc.ord	ENSG00000144115.nuc.ord.treefile	24.0	0.4444444444444444
TarvD7	ENSG00000144118.nuc.ord	ENSG00000144118.nuc.ord.treefile	36.0	0.6206896551724138
TarvD7	ENSG00000144136.nuc.ord	ENSG00000144136.nuc.ord.treefile	22.0	0.3548387096774194
TarvD7	ENSG00000144161.nuc.ord	ENSG00000144161.nuc.ord.treefile	16.0	0.2962962962962963
TarvD7	ENSG00000144182.nuc.ord	ENSG00000144182.nuc.ord.treefile	10.0	0.22727272727272727
TarvD7	ENSG00000144191.nuc.ord	ENSG00000144191.nuc.ord.treefile	12.0	0.20689655172413793
TarvD7	ENSG00000144214.nuc.ord	ENSG00000144214.nuc.ord.treefile	10.0	0.22727272727272727
TarvD7	ENSG00000144218.nuc.ord	ENSG00000144218.nuc.ord.treefile	18.0	0.391304347826087
TarvD7	ENSG00000144224.nuc.ord	ENSG00000144224.nuc.ord.treefile	16.0	0.25
TarvD7	ENSG00000144227.nuc.ord	ENSG00000144227.nuc.ord.treefile	26.0	0.5416666666666666
TarvD7	ENSG00000144228.nuc.ord	ENSG00000144228.nuc.ord.treefile	30.0	0.5
TarvD7	ENSG00000144229.nuc.ord	ENSG00000144229.nuc.ord.treefile	6.0	0.1
TarvD7	ENSG00000144231.nuc.ord	ENSG00000144231.nuc.ord.treefile	34.0	0.6538461538461539
TarvD7	ENSG00000144233.nuc.ord	ENSG00000144233.nuc.ord.treefile	34.0	0.5483870967741935
TarvD7	ENSG00000144278.nuc.ord	ENSG00000144278.nuc.ord.treefile	34.0	0.5666666666666667
TarvD7	ENSG00000144283.nuc.ord	ENSG00000144283.nuc.ord.treefile	14.0	0.21875
TarvD7	ENSG00000144285.nuc.ord	ENSG00000144285.nuc.ord.treefile	10.0	0.16666666666666666
TarvD7	ENSG00000144290.nuc.ord	ENSG00000144290.nuc.ord.treefile	20.0	0.30303030303030304
TarvD7	ENSG00000144306.nuc.ord	ENSG00000144306.nuc.ord.treefile	30.0	0.46875
TarvD7	ENSG00000144320.nuc.ord	ENSG00000144320.nuc.ord.treefile	20.0	0.38461538461538464
TarvD7	ENSG00000144331.nuc.ord	ENSG00000144331.nuc.ord.treefile	16.0	0.25806451612903225
TarvD7	ENSG00000144339.nuc.ord	ENSG00000144339.nuc.ord.treefile	24.0	0.46153846153846156
TarvD7	ENSG00000144354.nuc.ord	ENSG00000144354.nuc.ord.treefile	14.0	0.22580645161290322
TarvD7	ENSG00000144355.nuc.ord	ENSG00000144355.nuc.ord.treefile	22.0	0.36666666666666664
TarvD7	ENSG00000144362.nuc.ord	ENSG00000144362.nuc.ord.treefile	4.0	0.15384615384615385
TarvD7	ENSG00000144366.nuc.ord	ENSG00000144366.nuc.ord.treefile	30.0	0.5357142857142857
TarvD7	ENSG00000144369.nuc.ord	ENSG00000144369.nuc.ord.treefile	18.0	0.2903225806451613
TarvD7	ENSG00000144401.nuc.ord	ENSG00000144401.nuc.ord.treefile	34.0	0.5483870967741935
TarvD7	ENSG00000144406.nuc.ord	ENSG00000144406.nuc.ord.treefile	26.0	0.40625
TarvD7	ENSG00000144407.nuc.ord	ENSG00000144407.nuc.ord.treefile	14.0	0.21875
TarvD7	ENSG00000144426.nuc.ord	ENSG00000144426.nuc.ord.treefile	8.0	0.13333333333333333
TarvD7	ENSG00000144445.nuc.ord	ENSG00000144445.nuc.ord.treefile	10.0	0.16666666666666666
TarvD7	ENSG00000144451.nuc.ord	ENSG00000144451.nuc.ord.treefile	14.0	0.2413793103448276
TarvD7	ENSG00000144452.nuc.ord	ENSG00000144452.nuc.ord.treefile	6.0	0.09090909090909091
TarvD7	ENSG00000144455.nuc.ord	ENSG00000144455.nuc.ord.treefile	28.0	0.45161290322580644
TarvD7	ENSG00000144460.nuc.ord	ENSG00000144460.nuc.ord.treefile	24.0	0.3870967741935484
TarvD7	ENSG00000144468.nuc.ord	ENSG00000144468.nuc.ord.treefile	26.0	0.3939393939393939
TarvD7	ENSG00000144481.nuc.ord	ENSG00000144481.nuc.ord.treefile	20.0	0.3125
TarvD7	ENSG00000144524.nuc.ord	ENSG00000144524.nuc.ord.treefile	38.0	0.6785714285714286
TarvD7	ENSG00000144550.nuc.ord	ENSG00000144550.nuc.ord.treefile	20.0	0.4166666666666667
TarvD7	ENSG00000144554.nuc.ord	ENSG00000144554.nuc.ord.treefile	10.0	0.16129032258064516
TarvD7	ENSG00000144559.nuc.ord	ENSG00000144559.nuc.ord.treefile	24.0	0.41379310344827586
TarvD7	ENSG00000144560.nuc.ord	ENSG00000144560.nuc.ord.treefile	22.0	0.4074074074074074
TarvD7	ENSG00000144567.nuc.ord	ENSG00000144567.nuc.ord.treefile	12.0	0.23076923076923078
TarvD7	ENSG00000144580.nuc.ord	ENSG00000144580.nuc.ord.treefile	42.0	0.6774193548387096
TarvD7	ENSG00000144583.nuc.ord	ENSG00000144583.nuc.ord.treefile	16.0	0.2857142857142857
TarvD7	ENSG00000144589.nuc.ord	ENSG00000144589.nuc.ord.treefile	10.0	0.16666666666666666
TarvD7	ENSG00000144597.nuc.ord	ENSG00000144597.nuc.ord.treefile	40.0	0.7407407407407407
TarvD7	ENSG00000144619.nuc.ord	ENSG00000144619.nuc.ord.treefile	20.0	0.3125
TarvD7	ENSG00000144635.nuc.ord	ENSG00000144635.nuc.ord.treefile	24.0	0.36363636363636365
TarvD7	ENSG00000144642.nuc.ord	ENSG00000144642.nuc.ord.treefile	30.0	0.46875
TarvD7	ENSG00000144645.nuc.ord	ENSG00000144645.nuc.ord.treefile	26.0	0.41935483870967744
TarvD7	ENSG00000144647.nuc.ord	ENSG00000144647.nuc.ord.treefile	24.0	0.5714285714285714
TarvD7	ENSG00000144649.nuc.ord	ENSG00000144649.nuc.ord.treefile	28.0	0.5185185185185185
TarvD7	ENSG00000144655.nuc.ord	ENSG00000144655.nuc.ord.treefile	18.0	0.375
TarvD7	ENSG00000144659.nuc.ord	ENSG00000144659.nuc.ord.treefile	16.0	0.2857142857142857
TarvD7	ENSG00000144668.nuc.ord	ENSG00000144668.nuc.ord.treefile	18.0	0.28125
TarvD7	ENSG00000144674.nuc.ord	ENSG00000144674.nuc.ord.treefile	14.0	0.23333333333333334
TarvD7	ENSG00000144677.nuc.ord	ENSG00000144677.nuc.ord.treefile	34.0	0.5483870967741935
TarvD7	ENSG00000144681.nuc.ord	ENSG00000144681.nuc.ord.treefile	22.0	0.34375
TarvD7	ENSG00000144711.nuc.ord	ENSG00000144711.nuc.ord.treefile	18.0	0.34615384615384615
TarvD7	ENSG00000144724.nuc.ord	ENSG00000144724.nuc.ord.treefile	14.0	0.21212121212121213
TarvD7	ENSG00000144730.nuc.ord	ENSG00000144730.nuc.ord.treefile	14.0	0.21875
TarvD7	ENSG00000144736.nuc.ord	ENSG00000144736.nuc.ord.treefile	12.0	0.1875
TarvD7	ENSG00000144741.nuc.ord	ENSG00000144741.nuc.ord.treefile	26.0	0.3939393939393939
TarvD7	ENSG00000144744.nuc.ord	ENSG00000144744.nuc.ord.treefile	16.0	0.26666666666666666
TarvD7	ENSG00000144746.nuc.ord	ENSG00000144746.nuc.ord.treefile	32.0	0.5517241379310345
TarvD7	ENSG00000144747.nuc.ord	ENSG00000144747.nuc.ord.treefile	16.0	0.25806451612903225
TarvD7	ENSG00000144749.nuc.ord	ENSG00000144749.nuc.ord.treefile	14.0	0.21875
TarvD7	ENSG00000144771.nuc.ord	ENSG00000144771.nuc.ord.treefile	12.0	0.21428571428571427
TarvD7	ENSG00000144785.nuc.ord	ENSG00000144785.nuc.ord.treefile	30.0	0.5555555555555556
TarvD7	ENSG00000144802.nuc.ord	ENSG00000144802.nuc.ord.treefile	8.0	0.12903225806451613
TarvD7	ENSG00000144810.nuc.ord	ENSG00000144810.nuc.ord.treefile	10.0	0.17857142857142858
TarvD7	ENSG00000144815.nuc.ord	ENSG00000144815.nuc.ord.treefile	22.0	0.3333333333333333
TarvD7	ENSG00000144820.nuc.ord	ENSG00000144820.nuc.ord.treefile	16.0	0.25
TarvD7	ENSG00000144824.nuc.ord	ENSG00000144824.nuc.ord.treefile	14.0	0.21875
TarvD7	ENSG00000144827.nuc.ord	ENSG00000144827.nuc.ord.treefile	16.0	0.3076923076923077
TarvD7	ENSG00000144834.nuc.ord	ENSG00000144834.nuc.ord.treefile	28.0	0.45161290322580644
TarvD7	ENSG00000144837.nuc.ord	ENSG00000144837.nuc.ord.treefile	10.0	0.1724137931034483
TarvD7	ENSG00000144840.nuc.ord	ENSG00000144840.nuc.ord.treefile	28.0	0.45161290322580644
TarvD7	ENSG00000144843.nuc.ord	ENSG00000144843.nuc.ord.treefile	30.0	0.45454545454545453
TarvD7	ENSG00000144847.nuc.ord	ENSG00000144847.nuc.ord.treefile	16.0	0.25806451612903225
TarvD7	ENSG00000144848.nuc.ord	ENSG00000144848.nuc.ord.treefile	24.0	0.41379310344827586
TarvD7	ENSG00000144867.nuc.ord	ENSG00000144867.nuc.ord.treefile	18.0	0.34615384615384615
TarvD7	ENSG00000144893.nuc.ord	ENSG00000144893.nuc.ord.treefile	20.0	0.3225806451612903
TarvD7	ENSG00000144895.nuc.ord	ENSG00000144895.nuc.ord.treefile	26.0	0.4482758620689655
TarvD7	ENSG00000144908.nuc.ord	ENSG00000144908.nuc.ord.treefile	18.0	0.34615384615384615
TarvD7	ENSG00000144909.nuc.ord	ENSG00000144909.nuc.ord.treefile	22.0	0.36666666666666664
TarvD7	ENSG00000144935.nuc.ord	ENSG00000144935.nuc.ord.treefile	24.0	0.3870967741935484
TarvD7	ENSG00000144959.nuc.ord	ENSG00000144959.nuc.ord.treefile	26.0	0.41935483870967744
TarvD7	ENSG00000144962.nuc.ord	ENSG00000144962.nuc.ord.treefile	24.0	0.4
TarvD7	ENSG00000145012.nuc.ord	ENSG00000145012.nuc.ord.treefile	14.0	0.21875
TarvD7	ENSG00000145014.nuc.ord	ENSG00000145014.nuc.ord.treefile	14.0	0.25
TarvD7	ENSG00000145016.nuc.ord	ENSG00000145016.nuc.ord.treefile	20.0	0.3125
TarvD7	ENSG00000145020.nuc.ord	ENSG00000145020.nuc.ord.treefile	18.0	0.3333333333333333
TarvD7	ENSG00000145022.nuc.ord	ENSG00000145022.nuc.ord.treefile	30.0	0.6
TarvD7	ENSG00000145029.nuc.ord	ENSG00000145029.nuc.ord.treefile	12.0	0.20689655172413793
TarvD7	ENSG00000145040.nuc.ord	ENSG00000145040.nuc.ord.treefile	26.0	0.65
TarvD7	ENSG00000145041.nuc.ord	ENSG00000145041.nuc.ord.treefile	12.0	0.1875
TarvD7	ENSG00000145075.nuc.ord	ENSG00000145075.nuc.ord.treefile	30.0	0.45454545454545453
TarvD7	ENSG00000145087.nuc.ord	ENSG00000145087.nuc.ord.treefile	20.0	0.3225806451612903
TarvD7	ENSG00000145088.nuc.ord	ENSG00000145088.nuc.ord.treefile	24.0	0.41379310344827586
TarvD7	ENSG00000145103.nuc.ord	ENSG00000145103.nuc.ord.treefile	2.0	0.03333333333333333
TarvD7	ENSG00000145107.nuc.ord	ENSG00000145107.nuc.ord.treefile	14.0	0.2916666666666667
TarvD7	ENSG00000145147.nuc.ord	ENSG00000145147.nuc.ord.treefile	20.0	0.30303030303030304
TarvD7	ENSG00000145191.nuc.ord	ENSG00000145191.nuc.ord.treefile	22.0	0.34375
TarvD7	ENSG00000145192.nuc.ord	ENSG00000145192.nuc.ord.treefile	12.0	0.1875
TarvD7	ENSG00000145194.nuc.ord	ENSG00000145194.nuc.ord.treefile	30.0	0.5172413793103449
TarvD7	ENSG00000145216.nuc.ord	ENSG00000145216.nuc.ord.treefile	34.0	0.5151515151515151
TarvD7	ENSG00000145217.nuc.ord	ENSG00000145217.nuc.ord.treefile	14.0	0.30434782608695654
TarvD7	ENSG00000145220.nuc.ord	ENSG00000145220.nuc.ord.treefile	24.0	0.42857142857142855
TarvD7	ENSG00000145242.nuc.ord	ENSG00000145242.nuc.ord.treefile	18.0	0.375
TarvD7	ENSG00000145244.nuc.ord	ENSG00000145244.nuc.ord.treefile	18.0	0.28125
TarvD7	ENSG00000145246.nuc.ord	ENSG00000145246.nuc.ord.treefile	24.0	0.375
TarvD7	ENSG00000145247.nuc.ord	ENSG00000145247.nuc.ord.treefile	26.0	0.4482758620689655
TarvD7	ENSG00000145283.nuc.ord	ENSG00000145283.nuc.ord.treefile	18.0	0.3
TarvD7	ENSG00000145287.nuc.ord	ENSG00000145287.nuc.ord.treefile	22.0	0.4230769230769231
TarvD7	ENSG00000145293.nuc.ord	ENSG00000145293.nuc.ord.treefile	42.0	0.7
TarvD7	ENSG00000145309.nuc.ord	ENSG00000145309.nuc.ord.treefile	10.0	0.25
TarvD7	ENSG00000145321.nuc.ord	ENSG00000145321.nuc.ord.treefile	12.0	0.21428571428571427
TarvD7	ENSG00000145332.nuc.ord	ENSG00000145332.nuc.ord.treefile	32.0	0.48484848484848486
TarvD7	ENSG00000145348.nuc.ord	ENSG00000145348.nuc.ord.treefile	18.0	0.3
TarvD7	ENSG00000145349.nuc.ord	ENSG00000145349.nuc.ord.treefile	30.0	0.4838709677419355
TarvD7	ENSG00000145358.nuc.ord	ENSG00000145358.nuc.ord.treefile	26.0	0.4482758620689655
TarvD7	ENSG00000145362.nuc.ord	ENSG00000145362.nuc.ord.treefile	8.0	0.12903225806451613
TarvD7	ENSG00000145365.nuc.ord	ENSG00000145365.nuc.ord.treefile	24.0	0.42857142857142855
TarvD7	ENSG00000145375.nuc.ord	ENSG00000145375.nuc.ord.treefile	14.0	0.22580645161290322
TarvD7	ENSG00000145384.nuc.ord	ENSG00000145384.nuc.ord.treefile	30.0	0.5769230769230769
TarvD7	ENSG00000145386.nuc.ord	ENSG00000145386.nuc.ord.treefile	18.0	0.32142857142857145
TarvD7	ENSG00000145388.nuc.ord	ENSG00000145388.nuc.ord.treefile	20.0	0.3125
TarvD7	ENSG00000145390.nuc.ord	ENSG00000145390.nuc.ord.treefile	8.0	0.14814814814814814
TarvD7	ENSG00000145391.nuc.ord	ENSG00000145391.nuc.ord.treefile	34.0	0.5483870967741935
TarvD7	ENSG00000145414.nuc.ord	ENSG00000145414.nuc.ord.treefile	20.0	0.3333333333333333
TarvD7	ENSG00000145416.nuc.ord	ENSG00000145416.nuc.ord.treefile	50.0	0.8064516129032258
TarvD7	ENSG00000145431.nuc.ord	ENSG00000145431.nuc.ord.treefile	32.0	0.5161290322580645
TarvD7	ENSG00000145439.nuc.ord	ENSG00000145439.nuc.ord.treefile	32.0	0.5333333333333333
TarvD7	ENSG00000145451.nuc.ord	ENSG00000145451.nuc.ord.treefile	20.0	0.3333333333333333
TarvD7	ENSG00000145476.nuc.ord	ENSG00000145476.nuc.ord.treefile	16.0	0.2962962962962963
TarvD7	ENSG00000145491.nuc.ord	ENSG00000145491.nuc.ord.treefile	30.0	0.5555555555555556
TarvD7	ENSG00000145494.nuc.ord	ENSG00000145494.nuc.ord.treefile	18.0	0.391304347826087
TarvD7	ENSG00000145495.nuc.ord	ENSG00000145495.nuc.ord.treefile	30.0	0.45454545454545453
TarvD7	ENSG00000145526.nuc.ord	ENSG00000145526.nuc.ord.treefile	16.0	0.27586206896551724
TarvD7	ENSG00000145536.nuc.ord	ENSG00000145536.nuc.ord.treefile	6.0	0.0967741935483871
TarvD7	ENSG00000145545.nuc.ord	ENSG00000145545.nuc.ord.treefile	26.0	0.48148148148148145
TarvD7	ENSG00000145555.nuc.ord	ENSG00000145555.nuc.ord.treefile	18.0	0.2903225806451613
TarvD7	ENSG00000145569.nuc.ord	ENSG00000145569.nuc.ord.treefile	28.0	0.4375
TarvD7	ENSG00000145604.nuc.ord	ENSG00000145604.nuc.ord.treefile	14.0	0.22580645161290322
TarvD7	ENSG00000145623.nuc.ord	ENSG00000145623.nuc.ord.treefile	10.0	0.16666666666666666
TarvD7	ENSG00000145632.nuc.ord	ENSG00000145632.nuc.ord.treefile	30.0	0.4838709677419355
TarvD7	ENSG00000145642.nuc.ord	ENSG00000145642.nuc.ord.treefile	24.0	0.42857142857142855
TarvD7	ENSG00000145649.nuc.ord	ENSG00000145649.nuc.ord.treefile	12.0	0.2222222222222222
TarvD7	ENSG00000145675.nuc.ord	ENSG00000145675.nuc.ord.treefile	24.0	0.36363636363636365
TarvD7	ENSG00000145681.nuc.ord	ENSG00000145681.nuc.ord.treefile	26.0	0.41935483870967744
TarvD7	ENSG00000145685.nuc.ord	ENSG00000145685.nuc.ord.treefile	16.0	0.2962962962962963
TarvD7	ENSG00000145687.nuc.ord	ENSG00000145687.nuc.ord.treefile	42.0	0.6774193548387096
TarvD7	ENSG00000145703.nuc.ord	ENSG00000145703.nuc.ord.treefile	20.0	0.3448275862068966
TarvD7	ENSG00000145708.nuc.ord	ENSG00000145708.nuc.ord.treefile	24.0	0.42857142857142855
TarvD7	ENSG00000145715.nuc.ord	ENSG00000145715.nuc.ord.treefile	22.0	0.34375
TarvD7	ENSG00000145721.nuc.ord	ENSG00000145721.nuc.ord.treefile	22.0	0.3548387096774194
TarvD7	ENSG00000145723.nuc.ord	ENSG00000145723.nuc.ord.treefile	20.0	0.37037037037037035
TarvD7	ENSG00000145725.nuc.ord	ENSG00000145725.nuc.ord.treefile	20.0	0.3225806451612903
TarvD7	ENSG00000145730.nuc.ord	ENSG00000145730.nuc.ord.treefile	10.0	0.15625
TarvD7	ENSG00000145734.nuc.ord	ENSG00000145734.nuc.ord.treefile	18.0	0.32142857142857145
TarvD7	ENSG00000145743.nuc.ord	ENSG00000145743.nuc.ord.treefile	42.0	0.6774193548387096
TarvD7	ENSG00000145780.nuc.ord	ENSG00000145780.nuc.ord.treefile	32.0	0.5714285714285714
TarvD7	ENSG00000145781.nuc.ord	ENSG00000145781.nuc.ord.treefile	46.0	0.696969696969697
TarvD7	ENSG00000145782.nuc.ord	ENSG00000145782.nuc.ord.treefile	22.0	0.4230769230769231
TarvD7	ENSG00000145794.nuc.ord	ENSG00000145794.nuc.ord.treefile	8.0	0.12121212121212122
TarvD7	ENSG00000145817.nuc.ord	ENSG00000145817.nuc.ord.treefile	28.0	0.56
TarvD7	ENSG00000145819.nuc.ord	ENSG00000145819.nuc.ord.treefile	24.0	0.36363636363636365
TarvD7	ENSG00000145824.nuc.ord	ENSG00000145824.nuc.ord.treefile	34.0	0.6296296296296297
TarvD7	ENSG00000145826.nuc.ord	ENSG00000145826.nuc.ord.treefile	26.0	0.40625
TarvD7	ENSG00000145832.nuc.ord	ENSG00000145832.nuc.ord.treefile	40.0	0.6896551724137931
TarvD7	ENSG00000145833.nuc.ord	ENSG00000145833.nuc.ord.treefile	16.0	0.27586206896551724
TarvD7	ENSG00000145850.nuc.ord	ENSG00000145850.nuc.ord.treefile	20.0	0.4166666666666667
TarvD7	ENSG00000145860.nuc.ord	ENSG00000145860.nuc.ord.treefile	34.0	0.53125
TarvD7	ENSG00000145861.nuc.ord	ENSG00000145861.nuc.ord.treefile	30.0	0.6
TarvD7	ENSG00000145863.nuc.ord	ENSG00000145863.nuc.ord.treefile	12.0	0.2
TarvD7	ENSG00000145864.nuc.ord	ENSG00000145864.nuc.ord.treefile	14.0	0.22580645161290322
TarvD7	ENSG00000145868.nuc.ord	ENSG00000145868.nuc.ord.treefile	18.0	0.2727272727272727
TarvD7	ENSG00000145882.nuc.ord	ENSG00000145882.nuc.ord.treefile	14.0	0.25
TarvD7	ENSG00000145888.nuc.ord	ENSG00000145888.nuc.ord.treefile	32.0	0.5333333333333333
TarvD7	ENSG00000145901.nuc.ord	ENSG00000145901.nuc.ord.treefile	12.0	0.2
TarvD7	ENSG00000145907.nuc.ord	ENSG00000145907.nuc.ord.treefile	14.0	0.3684210526315789
TarvD7	ENSG00000145911.nuc.ord	ENSG00000145911.nuc.ord.treefile	22.0	0.3548387096774194
TarvD7	ENSG00000145912.nuc.ord	ENSG00000145912.nuc.ord.treefile	32.0	0.6153846153846154
TarvD7	ENSG00000145916.nuc.ord	ENSG00000145916.nuc.ord.treefile	20.0	0.35714285714285715
TarvD7	ENSG00000145919.nuc.ord	ENSG00000145919.nuc.ord.treefile	26.0	0.5909090909090909
TarvD7	ENSG00000145920.nuc.ord	ENSG00000145920.nuc.ord.treefile	30.0	0.7894736842105263
TarvD7	ENSG00000145936.nuc.ord	ENSG00000145936.nuc.ord.treefile	28.0	0.4666666666666667
TarvD7	ENSG00000145975.nuc.ord	ENSG00000145975.nuc.ord.treefile	14.0	0.25
TarvD7	ENSG00000145979.nuc.ord	ENSG00000145979.nuc.ord.treefile	28.0	0.45161290322580644
TarvD7	ENSG00000145982.nuc.ord	ENSG00000145982.nuc.ord.treefile	26.0	0.41935483870967744
TarvD7	ENSG00000145990.nuc.ord	ENSG00000145990.nuc.ord.treefile	26.0	0.52
TarvD7	ENSG00000146007.nuc.ord	ENSG00000146007.nuc.ord.treefile	38.0	0.6785714285714286
TarvD7	ENSG00000146013.nuc.ord	ENSG00000146013.nuc.ord.treefile	8.0	0.13333333333333333
TarvD7	ENSG00000146021.nuc.ord	ENSG00000146021.nuc.ord.treefile	32.0	0.5161290322580645
TarvD7	ENSG00000146038.nuc.ord	ENSG00000146038.nuc.ord.treefile	30.0	0.4838709677419355
TarvD7	ENSG00000146070.nuc.ord	ENSG00000146070.nuc.ord.treefile	12.0	0.2
TarvD7	ENSG00000146072.nuc.ord	ENSG00000146072.nuc.ord.treefile	10.0	0.17857142857142858
TarvD7	ENSG00000146083.nuc.ord	ENSG00000146083.nuc.ord.treefile	24.0	0.4444444444444444
TarvD7	ENSG00000146085.nuc.ord	ENSG00000146085.nuc.ord.treefile	20.0	0.3225806451612903
TarvD7	ENSG00000146090.nuc.ord	ENSG00000146090.nuc.ord.treefile	20.0	0.38461538461538464
TarvD7	ENSG00000146109.nuc.ord	ENSG00000146109.nuc.ord.treefile	18.0	0.3333333333333333
TarvD7	ENSG00000146112.nuc.ord	ENSG00000146112.nuc.ord.treefile	20.0	0.37037037037037035
TarvD7	ENSG00000146122.nuc.ord	ENSG00000146122.nuc.ord.treefile	18.0	0.2727272727272727
TarvD7	ENSG00000146143.nuc.ord	ENSG00000146143.nuc.ord.treefile	32.0	0.5
TarvD7	ENSG00000146147.nuc.ord	ENSG00000146147.nuc.ord.treefile	16.0	0.26666666666666666
TarvD7	ENSG00000146151.nuc.ord	ENSG00000146151.nuc.ord.treefile	28.0	0.4666666666666667
TarvD7	ENSG00000146166.nuc.ord	ENSG00000146166.nuc.ord.treefile	24.0	0.4
TarvD7	ENSG00000146192.nuc.ord	ENSG00000146192.nuc.ord.treefile	30.0	0.45454545454545453
TarvD7	ENSG00000146197.nuc.ord	ENSG00000146197.nuc.ord.treefile	4.0	0.06451612903225806
TarvD7	ENSG00000146215.nuc.ord	ENSG00000146215.nuc.ord.treefile	30.0	0.5769230769230769
TarvD7	ENSG00000146221.nuc.ord	ENSG00000146221.nuc.ord.treefile	24.0	0.41379310344827586
TarvD7	ENSG00000146233.nuc.ord	ENSG00000146233.nuc.ord.treefile	18.0	0.28125
TarvD7	ENSG00000146242.nuc.ord	ENSG00000146242.nuc.ord.treefile	16.0	0.42105263157894735
TarvD7	ENSG00000146243.nuc.ord	ENSG00000146243.nuc.ord.treefile	28.0	0.5185185185185185
TarvD7	ENSG00000146247.nuc.ord	ENSG00000146247.nuc.ord.treefile	14.0	0.21212121212121213
TarvD7	ENSG00000146250.nuc.ord	ENSG00000146250.nuc.ord.treefile	8.0	0.2
TarvD7	ENSG00000146263.nuc.ord	ENSG00000146263.nuc.ord.treefile	8.0	0.13793103448275862
TarvD7	ENSG00000146267.nuc.ord	ENSG00000146267.nuc.ord.treefile	20.0	0.3333333333333333
TarvD7	ENSG00000146276.nuc.ord	ENSG00000146276.nuc.ord.treefile	22.0	0.3793103448275862
TarvD7	ENSG00000146278.nuc.ord	ENSG00000146278.nuc.ord.treefile	16.0	0.36363636363636365
TarvD7	ENSG00000146281.nuc.ord	ENSG00000146281.nuc.ord.treefile	16.0	0.25
TarvD7	ENSG00000146282.nuc.ord	ENSG00000146282.nuc.ord.treefile	10.0	0.16129032258064516
TarvD7	ENSG00000146285.nuc.ord	ENSG00000146285.nuc.ord.treefile	10.0	0.19230769230769232
TarvD7	ENSG00000146350.nuc.ord	ENSG00000146350.nuc.ord.treefile	10.0	0.18518518518518517
TarvD7	ENSG00000146352.nuc.ord	ENSG00000146352.nuc.ord.treefile	34.0	0.5666666666666667
TarvD7	ENSG00000146373.nuc.ord	ENSG00000146373.nuc.ord.treefile	34.0	0.5666666666666667
TarvD7	ENSG00000146374.nuc.ord	ENSG00000146374.nuc.ord.treefile	34.0	0.53125
TarvD7	ENSG00000146376.nuc.ord	ENSG00000146376.nuc.ord.treefile	4.0	0.06451612903225806
TarvD7	ENSG00000146378.nuc.ord	ENSG00000146378.nuc.ord.treefile	24.0	0.5
TarvD7	ENSG00000146399.nuc.ord	ENSG00000146399.nuc.ord.treefile	12.0	0.3
TarvD7	ENSG00000146409.nuc.ord	ENSG00000146409.nuc.ord.treefile	8.0	0.12121212121212122
TarvD7	ENSG00000146410.nuc.ord	ENSG00000146410.nuc.ord.treefile	24.0	0.4
TarvD7	ENSG00000146414.nuc.ord	ENSG00000146414.nuc.ord.treefile	4.0	0.06451612903225806
TarvD7	ENSG00000146416.nuc.ord	ENSG00000146416.nuc.ord.treefile	36.0	0.5454545454545454
TarvD7	ENSG00000146426.nuc.ord	ENSG00000146426.nuc.ord.treefile	14.0	0.21875
TarvD7	ENSG00000146453.nuc.ord	ENSG00000146453.nuc.ord.treefile	14.0	0.23333333333333334
TarvD7	ENSG00000146463.nuc.ord	ENSG00000146463.nuc.ord.treefile	6.0	0.0967741935483871
TarvD7	ENSG00000146469.nuc.ord	ENSG00000146469.nuc.ord.treefile	30.0	0.5357142857142857
TarvD7	ENSG00000146476.nuc.ord	ENSG00000146476.nuc.ord.treefile	18.0	0.32142857142857145
TarvD7	ENSG00000146477.nuc.ord	ENSG00000146477.nuc.ord.treefile	30.0	0.45454545454545453
TarvD7	ENSG00000146530.nuc.ord	ENSG00000146530.nuc.ord.treefile	22.0	0.5
TarvD7	ENSG00000146535.nuc.ord	ENSG00000146535.nuc.ord.treefile	40.0	0.6451612903225806
TarvD7	ENSG00000146555.nuc.ord	ENSG00000146555.nuc.ord.treefile	12.0	0.1935483870967742
TarvD7	ENSG00000146576.nuc.ord	ENSG00000146576.nuc.ord.treefile	26.0	0.4482758620689655
TarvD7	ENSG00000146592.nuc.ord	ENSG00000146592.nuc.ord.treefile	20.0	0.3448275862068966
TarvD7	ENSG00000146670.nuc.ord	ENSG00000146670.nuc.ord.treefile	24.0	0.46153846153846156
TarvD7	ENSG00000146674.nuc.ord	ENSG00000146674.nuc.ord.treefile	16.0	0.3076923076923077
TarvD7	ENSG00000146678.nuc.ord	ENSG00000146678.nuc.ord.treefile	22.0	0.4230769230769231
TarvD7	ENSG00000146701.nuc.ord	ENSG00000146701.nuc.ord.treefile	30.0	0.5172413793103449
TarvD7	ENSG00000146729.nuc.ord	ENSG00000146729.nuc.ord.treefile	34.0	0.5483870967741935
TarvD7	ENSG00000146776.nuc.ord	ENSG00000146776.nuc.ord.treefile	8.0	0.14285714285714285
TarvD7	ENSG00000146802.nuc.ord	ENSG00000146802.nuc.ord.treefile	16.0	0.25
TarvD7	ENSG00000146828.nuc.ord	ENSG00000146828.nuc.ord.treefile	18.0	0.34615384615384615
TarvD7	ENSG00000146830.nuc.ord	ENSG00000146830.nuc.ord.treefile	6.0	0.1111111111111111
TarvD7	ENSG00000146834.nuc.ord	ENSG00000146834.nuc.ord.treefile	14.0	0.2916666666666667
TarvD7	ENSG00000146842.nuc.ord	ENSG00000146842.nuc.ord.treefile	20.0	0.3225806451612903
TarvD7	ENSG00000146856.nuc.ord	ENSG00000146856.nuc.ord.treefile	28.0	0.4827586206896552
TarvD7	ENSG00000146858.nuc.ord	ENSG00000146858.nuc.ord.treefile	20.0	0.37037037037037035
TarvD7	ENSG00000146859.nuc.ord	ENSG00000146859.nuc.ord.treefile	10.0	0.21739130434782608
TarvD7	ENSG00000146904.nuc.ord	ENSG00000146904.nuc.ord.treefile	18.0	0.3103448275862069
TarvD7	ENSG00000146909.nuc.ord	ENSG00000146909.nuc.ord.treefile	12.0	0.2222222222222222
TarvD7	ENSG00000146910.nuc.ord	ENSG00000146910.nuc.ord.treefile	18.0	0.375
TarvD7	ENSG00000146918.nuc.ord	ENSG00000146918.nuc.ord.treefile	18.0	0.2727272727272727
TarvD7	ENSG00000146926.nuc.ord	ENSG00000146926.nuc.ord.treefile	18.0	0.34615384615384615
TarvD7	ENSG00000146950.nuc.ord	ENSG00000146950.nuc.ord.treefile	12.0	0.23076923076923078
TarvD7	ENSG00000146955.nuc.ord	ENSG00000146955.nuc.ord.treefile	20.0	0.35714285714285715
TarvD7	ENSG00000146963.nuc.ord	ENSG00000146963.nuc.ord.treefile	34.0	0.5483870967741935
TarvD7	ENSG00000146966.nuc.ord	ENSG00000146966.nuc.ord.treefile	10.0	0.16666666666666666
TarvD7	ENSG00000147003.nuc.ord	ENSG00000147003.nuc.ord.treefile	16.0	0.2857142857142857
TarvD7	ENSG00000147010.nuc.ord	ENSG00000147010.nuc.ord.treefile	4.0	0.0625
TarvD7	ENSG00000147027.nuc.ord	ENSG00000147027.nuc.ord.treefile	46.0	0.8846153846153846
TarvD7	ENSG00000147036.nuc.ord	ENSG00000147036.nuc.ord.treefile	18.0	0.34615384615384615
TarvD7	ENSG00000147041.nuc.ord	ENSG00000147041.nuc.ord.treefile	10.0	0.16129032258064516
TarvD7	ENSG00000147044.nuc.ord	ENSG00000147044.nuc.ord.treefile	18.0	0.28125
TarvD7	ENSG00000147065.nuc.ord	ENSG00000147065.nuc.ord.treefile	22.0	0.34375
TarvD7	ENSG00000147082.nuc.ord	ENSG00000147082.nuc.ord.treefile	22.0	0.39285714285714285
TarvD7	ENSG00000147099.nuc.ord	ENSG00000147099.nuc.ord.treefile	26.0	0.41935483870967744
TarvD7	ENSG00000147100.nuc.ord	ENSG00000147100.nuc.ord.treefile	22.0	0.3793103448275862
TarvD7	ENSG00000147113.nuc.ord	ENSG00000147113.nuc.ord.treefile	14.0	0.2413793103448276
TarvD7	ENSG00000147130.nuc.ord	ENSG00000147130.nuc.ord.treefile	10.0	0.1724137931034483
TarvD7	ENSG00000147144.nuc.ord	ENSG00000147144.nuc.ord.treefile	14.0	0.2692307692307692
TarvD7	ENSG00000147155.nuc.ord	ENSG00000147155.nuc.ord.treefile	16.0	0.3076923076923077
TarvD7	ENSG00000147162.nuc.ord	ENSG00000147162.nuc.ord.treefile	12.0	0.2857142857142857
TarvD7	ENSG00000147168.nuc.ord	ENSG00000147168.nuc.ord.treefile	8.0	0.14285714285714285
TarvD7	ENSG00000147180.nuc.ord	ENSG00000147180.nuc.ord.treefile	28.0	0.5
TarvD7	ENSG00000147202.nuc.ord	ENSG00000147202.nuc.ord.treefile	30.0	0.4838709677419355
TarvD7	ENSG00000147231.nuc.ord	ENSG00000147231.nuc.ord.treefile	14.0	0.28
TarvD7	ENSG00000147234.nuc.ord	ENSG00000147234.nuc.ord.treefile	8.0	0.16666666666666666
TarvD7	ENSG00000147246.nuc.ord	ENSG00000147246.nuc.ord.treefile	22.0	0.44
TarvD7	ENSG00000147251.nuc.ord	ENSG00000147251.nuc.ord.treefile	14.0	0.22580645161290322
TarvD7	ENSG00000147256.nuc.ord	ENSG00000147256.nuc.ord.treefile	26.0	0.4642857142857143
TarvD7	ENSG00000147257.nuc.ord	ENSG00000147257.nuc.ord.treefile	26.0	0.43333333333333335
TarvD7	ENSG00000147262.nuc.ord	ENSG00000147262.nuc.ord.treefile	14.0	0.3181818181818182
TarvD7	ENSG00000147324.nuc.ord	ENSG00000147324.nuc.ord.treefile	28.0	0.5185185185185185
TarvD7	ENSG00000147364.nuc.ord	ENSG00000147364.nuc.ord.treefile	22.0	0.4230769230769231
TarvD7	ENSG00000147383.nuc.ord	ENSG00000147383.nuc.ord.treefile	18.0	0.3103448275862069
TarvD7	ENSG00000147408.nuc.ord	ENSG00000147408.nuc.ord.treefile	26.0	0.3939393939393939
TarvD7	ENSG00000147416.nuc.ord	ENSG00000147416.nuc.ord.treefile	20.0	0.3225806451612903
TarvD7	ENSG00000147421.nuc.ord	ENSG00000147421.nuc.ord.treefile	28.0	0.45161290322580644
TarvD7	ENSG00000147432.nuc.ord	ENSG00000147432.nuc.ord.treefile	28.0	0.5185185185185185
TarvD7	ENSG00000147434.nuc.ord	ENSG00000147434.nuc.ord.treefile	8.0	0.15384615384615385
TarvD7	ENSG00000147437.nuc.ord	ENSG00000147437.nuc.ord.treefile	36.0	0.6428571428571429
TarvD7	ENSG00000147439.nuc.ord	ENSG00000147439.nuc.ord.treefile	22.0	0.39285714285714285
TarvD7	ENSG00000147454.nuc.ord	ENSG00000147454.nuc.ord.treefile	26.0	0.43333333333333335
TarvD7	ENSG00000147457.nuc.ord	ENSG00000147457.nuc.ord.treefile	16.0	0.26666666666666666
TarvD7	ENSG00000147459.nuc.ord	ENSG00000147459.nuc.ord.treefile	14.0	0.21875
TarvD7	ENSG00000147465.nuc.ord	ENSG00000147465.nuc.ord.treefile	24.0	0.4
TarvD7	ENSG00000147471.nuc.ord	ENSG00000147471.nuc.ord.treefile	30.0	0.4838709677419355
TarvD7	ENSG00000147475.nuc.ord	ENSG00000147475.nuc.ord.treefile	28.0	0.42424242424242425
TarvD7	ENSG00000147481.nuc.ord	ENSG00000147481.nuc.ord.treefile	30.0	0.46875
TarvD7	ENSG00000147488.nuc.ord	ENSG00000147488.nuc.ord.treefile	16.0	0.25806451612903225
TarvD7	ENSG00000147507.nuc.ord	ENSG00000147507.nuc.ord.treefile	16.0	0.26666666666666666
TarvD7	ENSG00000147509.nuc.ord	ENSG00000147509.nuc.ord.treefile	8.0	0.15384615384615385
TarvD7	ENSG00000147526.nuc.ord	ENSG00000147526.nuc.ord.treefile	8.0	0.13333333333333333
TarvD7	ENSG00000147533.nuc.ord	ENSG00000147533.nuc.ord.treefile	22.0	0.5
TarvD7	ENSG00000147535.nuc.ord	ENSG00000147535.nuc.ord.treefile	18.0	0.34615384615384615
TarvD7	ENSG00000147536.nuc.ord	ENSG00000147536.nuc.ord.treefile	20.0	0.3225806451612903
TarvD7	ENSG00000147548.nuc.ord	ENSG00000147548.nuc.ord.treefile	10.0	0.15151515151515152
TarvD7	ENSG00000147570.nuc.ord	ENSG00000147570.nuc.ord.treefile	24.0	0.36363636363636365
TarvD7	ENSG00000147571.nuc.ord	ENSG00000147571.nuc.ord.treefile	14.0	0.30434782608695654
TarvD7	ENSG00000147573.nuc.ord	ENSG00000147573.nuc.ord.treefile	12.0	0.1875
TarvD7	ENSG00000147576.nuc.ord	ENSG00000147576.nuc.ord.treefile	16.0	0.25
TarvD7	ENSG00000147586.nuc.ord	ENSG00000147586.nuc.ord.treefile	26.0	0.4482758620689655
TarvD7	ENSG00000147588.nuc.ord	ENSG00000147588.nuc.ord.treefile	22.0	0.3793103448275862
TarvD7	ENSG00000147592.nuc.ord	ENSG00000147592.nuc.ord.treefile	22.0	0.3333333333333333
TarvD7	ENSG00000147596.nuc.ord	ENSG00000147596.nuc.ord.treefile	14.0	0.22580645161290322
TarvD7	ENSG00000147606.nuc.ord	ENSG00000147606.nuc.ord.treefile	12.0	0.18181818181818182
TarvD7	ENSG00000147614.nuc.ord	ENSG00000147614.nuc.ord.treefile	20.0	0.30303030303030304
TarvD7	ENSG00000147642.nuc.ord	ENSG00000147642.nuc.ord.treefile	14.0	0.21875
TarvD7	ENSG00000147647.nuc.ord	ENSG00000147647.nuc.ord.treefile	24.0	0.36363636363636365
TarvD7	ENSG00000147649.nuc.ord	ENSG00000147649.nuc.ord.treefile	18.0	0.28125
TarvD7	ENSG00000147650.nuc.ord	ENSG00000147650.nuc.ord.treefile	26.0	0.40625
TarvD7	ENSG00000147654.nuc.ord	ENSG00000147654.nuc.ord.treefile	30.0	0.5172413793103449
TarvD7	ENSG00000147655.nuc.ord	ENSG00000147655.nuc.ord.treefile	30.0	0.5
TarvD7	ENSG00000147676.nuc.ord	ENSG00000147676.nuc.ord.treefile	26.0	0.48148148148148145
TarvD7	ENSG00000147677.nuc.ord	ENSG00000147677.nuc.ord.treefile	22.0	0.39285714285714285
TarvD7	ENSG00000147679.nuc.ord	ENSG00000147679.nuc.ord.treefile	22.0	0.36666666666666664
TarvD7	ENSG00000147684.nuc.ord	ENSG00000147684.nuc.ord.treefile	28.0	0.5384615384615384
TarvD7	ENSG00000147687.nuc.ord	ENSG00000147687.nuc.ord.treefile	40.0	0.6451612903225806
TarvD7	ENSG00000147689.nuc.ord	ENSG00000147689.nuc.ord.treefile	22.0	0.4074074074074074
TarvD7	ENSG00000147724.nuc.ord	ENSG00000147724.nuc.ord.treefile	12.0	0.1935483870967742
TarvD7	ENSG00000147799.nuc.ord	ENSG00000147799.nuc.ord.treefile	4.0	0.07407407407407407
TarvD7	ENSG00000147852.nuc.ord	ENSG00000147852.nuc.ord.treefile	28.0	0.45161290322580644
TarvD7	ENSG00000147854.nuc.ord	ENSG00000147854.nuc.ord.treefile	12.0	0.1935483870967742
TarvD7	ENSG00000147862.nuc.ord	ENSG00000147862.nuc.ord.treefile	32.0	0.5
TarvD7	ENSG00000147869.nuc.ord	ENSG00000147869.nuc.ord.treefile	14.0	0.25
TarvD7	ENSG00000147872.nuc.ord	ENSG00000147872.nuc.ord.treefile	22.0	0.3548387096774194
TarvD7	ENSG00000147874.nuc.ord	ENSG00000147874.nuc.ord.treefile	10.0	0.16129032258064516
TarvD7	ENSG00000147883.nuc.ord	ENSG00000147883.nuc.ord.treefile	12.0	0.5454545454545454
TarvD7	ENSG00000147894.nuc.ord	ENSG00000147894.nuc.ord.treefile	18.0	0.2727272727272727
TarvD7	ENSG00000147896.nuc.ord	ENSG00000147896.nuc.ord.treefile	10.0	0.2631578947368421
TarvD7	ENSG00000147905.nuc.ord	ENSG00000147905.nuc.ord.treefile	14.0	0.22580645161290322
TarvD7	ENSG00000147912.nuc.ord	ENSG00000147912.nuc.ord.treefile	22.0	0.36666666666666664
TarvD7	ENSG00000147955.nuc.ord	ENSG00000147955.nuc.ord.treefile	38.0	0.7307692307692307
TarvD7	ENSG00000148019.nuc.ord	ENSG00000148019.nuc.ord.treefile	8.0	0.12903225806451613
TarvD7	ENSG00000148053.nuc.ord	ENSG00000148053.nuc.ord.treefile	10.0	0.15625
TarvD7	ENSG00000148057.nuc.ord	ENSG00000148057.nuc.ord.treefile	34.0	0.6296296296296297
TarvD7	ENSG00000148082.nuc.ord	ENSG00000148082.nuc.ord.treefile	24.0	0.375
TarvD7	ENSG00000148090.nuc.ord	ENSG00000148090.nuc.ord.treefile	24.0	0.4
TarvD7	ENSG00000148120.nuc.ord	ENSG00000148120.nuc.ord.treefile	10.0	0.1724137931034483
TarvD7	ENSG00000148143.nuc.ord	ENSG00000148143.nuc.ord.treefile	6.0	0.1
TarvD7	ENSG00000148153.nuc.ord	ENSG00000148153.nuc.ord.treefile	46.0	0.7419354838709677
TarvD7	ENSG00000148154.nuc.ord	ENSG00000148154.nuc.ord.treefile	14.0	0.21875
TarvD7	ENSG00000148158.nuc.ord	ENSG00000148158.nuc.ord.treefile	20.0	0.3333333333333333
TarvD7	ENSG00000148180.nuc.ord	ENSG00000148180.nuc.ord.treefile	26.0	0.43333333333333335
TarvD7	ENSG00000148200.nuc.ord	ENSG00000148200.nuc.ord.treefile	24.0	0.41379310344827586
TarvD7	ENSG00000148218.nuc.ord	ENSG00000148218.nuc.ord.treefile	32.0	0.5714285714285714
TarvD7	ENSG00000148219.nuc.ord	ENSG00000148219.nuc.ord.treefile	30.0	0.45454545454545453
TarvD7	ENSG00000148225.nuc.ord	ENSG00000148225.nuc.ord.treefile	26.0	0.41935483870967744
TarvD7	ENSG00000148229.nuc.ord	ENSG00000148229.nuc.ord.treefile	44.0	0.9166666666666666
TarvD7	ENSG00000148248.nuc.ord	ENSG00000148248.nuc.ord.treefile	18.0	0.42857142857142855
TarvD7	ENSG00000148288.nuc.ord	ENSG00000148288.nuc.ord.treefile	16.0	0.34782608695652173
TarvD7	ENSG00000148290.nuc.ord	ENSG00000148290.nuc.ord.treefile	12.0	0.25
TarvD7	ENSG00000148296.nuc.ord	ENSG00000148296.nuc.ord.treefile	12.0	0.2608695652173913
TarvD7	ENSG00000148300.nuc.ord	ENSG00000148300.nuc.ord.treefile	12.0	0.23076923076923078
TarvD7	ENSG00000148308.nuc.ord	ENSG00000148308.nuc.ord.treefile	18.0	0.32142857142857145
TarvD7	ENSG00000148331.nuc.ord	ENSG00000148331.nuc.ord.treefile	16.0	0.2962962962962963
TarvD7	ENSG00000148334.nuc.ord	ENSG00000148334.nuc.ord.treefile	18.0	0.36
TarvD7	ENSG00000148335.nuc.ord	ENSG00000148335.nuc.ord.treefile	18.0	0.34615384615384615
TarvD7	ENSG00000148339.nuc.ord	ENSG00000148339.nuc.ord.treefile	14.0	0.2413793103448276
TarvD7	ENSG00000148343.nuc.ord	ENSG00000148343.nuc.ord.treefile	14.0	0.2413793103448276
TarvD7	ENSG00000148344.nuc.ord	ENSG00000148344.nuc.ord.treefile	20.0	0.43478260869565216
TarvD7	ENSG00000148356.nuc.ord	ENSG00000148356.nuc.ord.treefile	16.0	0.25
TarvD7	ENSG00000148357.nuc.ord	ENSG00000148357.nuc.ord.treefile	12.0	0.2608695652173913
TarvD7	ENSG00000148358.nuc.ord	ENSG00000148358.nuc.ord.treefile	12.0	0.1875
TarvD7	ENSG00000148362.nuc.ord	ENSG00000148362.nuc.ord.treefile	18.0	0.391304347826087
TarvD7	ENSG00000148384.nuc.ord	ENSG00000148384.nuc.ord.treefile	10.0	0.20833333333333334
TarvD7	ENSG00000148396.nuc.ord	ENSG00000148396.nuc.ord.treefile	10.0	0.17857142857142858
TarvD7	ENSG00000148399.nuc.ord	ENSG00000148399.nuc.ord.treefile	12.0	0.21428571428571427
TarvD7	ENSG00000148400.nuc.ord	ENSG00000148400.nuc.ord.treefile	16.0	0.3076923076923077
TarvD7	ENSG00000148408.nuc.ord	ENSG00000148408.nuc.ord.treefile	12.0	0.2222222222222222
TarvD7	ENSG00000148426.nuc.ord	ENSG00000148426.nuc.ord.treefile	18.0	0.375
TarvD7	ENSG00000148429.nuc.ord	ENSG00000148429.nuc.ord.treefile	24.0	0.3870967741935484
TarvD7	ENSG00000148444.nuc.ord	ENSG00000148444.nuc.ord.treefile	28.0	0.45161290322580644
TarvD7	ENSG00000148459.nuc.ord	ENSG00000148459.nuc.ord.treefile	32.0	0.5
TarvD7	ENSG00000148468.nuc.ord	ENSG00000148468.nuc.ord.treefile	12.0	0.1935483870967742
TarvD7	ENSG00000148481.nuc.ord	ENSG00000148481.nuc.ord.treefile	30.0	0.46875
TarvD7	ENSG00000148482.nuc.ord	ENSG00000148482.nuc.ord.treefile	18.0	0.28125
TarvD7	ENSG00000148488.nuc.ord	ENSG00000148488.nuc.ord.treefile	14.0	0.22580645161290322
TarvD7	ENSG00000148498.nuc.ord	ENSG00000148498.nuc.ord.treefile	26.0	0.3939393939393939
TarvD7	ENSG00000148516.nuc.ord	ENSG00000148516.nuc.ord.treefile	24.0	0.36363636363636365
TarvD7	ENSG00000148541.nuc.ord	ENSG00000148541.nuc.ord.treefile	16.0	0.25
TarvD7	ENSG00000148572.nuc.ord	ENSG00000148572.nuc.ord.treefile	28.0	0.45161290322580644
TarvD7	ENSG00000148584.nuc.ord	ENSG00000148584.nuc.ord.treefile	32.0	0.5161290322580645
TarvD7	ENSG00000148602.nuc.ord	ENSG00000148602.nuc.ord.treefile	16.0	0.25806451612903225
TarvD7	ENSG00000148604.nuc.ord	ENSG00000148604.nuc.ord.treefile	18.0	0.32142857142857145
TarvD7	ENSG00000148606.nuc.ord	ENSG00000148606.nuc.ord.treefile	28.0	0.4375
TarvD7	ENSG00000148634.nuc.ord	ENSG00000148634.nuc.ord.treefile	14.0	0.23333333333333334
TarvD7	ENSG00000148655.nuc.ord	ENSG00000148655.nuc.ord.treefile	28.0	0.4375
TarvD7	ENSG00000148660.nuc.ord	ENSG00000148660.nuc.ord.treefile	30.0	0.46875
TarvD7	ENSG00000148680.nuc.ord	ENSG00000148680.nuc.ord.treefile	30.0	0.5357142857142857
TarvD7	ENSG00000148688.nuc.ord	ENSG00000148688.nuc.ord.treefile	12.0	0.20689655172413793
TarvD7	ENSG00000148690.nuc.ord	ENSG00000148690.nuc.ord.treefile	18.0	0.2903225806451613
TarvD7	ENSG00000148700.nuc.ord	ENSG00000148700.nuc.ord.treefile	12.0	0.1875
TarvD7	ENSG00000148702.nuc.ord	ENSG00000148702.nuc.ord.treefile	10.0	0.15151515151515152
TarvD7	ENSG00000148730.nuc.ord	ENSG00000148730.nuc.ord.treefile	40.0	0.6666666666666666
TarvD7	ENSG00000148735.nuc.ord	ENSG00000148735.nuc.ord.treefile	20.0	0.3125
TarvD7	ENSG00000148737.nuc.ord	ENSG00000148737.nuc.ord.treefile	24.0	0.375
TarvD7	ENSG00000148795.nuc.ord	ENSG00000148795.nuc.ord.treefile	12.0	0.21428571428571427
TarvD7	ENSG00000148798.nuc.ord	ENSG00000148798.nuc.ord.treefile	22.0	0.5
TarvD7	ENSG00000148824.nuc.ord	ENSG00000148824.nuc.ord.treefile	18.0	0.3333333333333333
TarvD7	ENSG00000148826.nuc.ord	ENSG00000148826.nuc.ord.treefile	12.0	0.42857142857142855
TarvD7	ENSG00000148835.nuc.ord	ENSG00000148835.nuc.ord.treefile	22.0	0.34375
TarvD7	ENSG00000148840.nuc.ord	ENSG00000148840.nuc.ord.treefile	10.0	0.15625
TarvD7	ENSG00000148842.nuc.ord	ENSG00000148842.nuc.ord.treefile	12.0	0.24
TarvD7	ENSG00000148843.nuc.ord	ENSG00000148843.nuc.ord.treefile	10.0	0.1724137931034483
TarvD7	ENSG00000148848.nuc.ord	ENSG00000148848.nuc.ord.treefile	12.0	0.20689655172413793
TarvD7	ENSG00000148908.nuc.ord	ENSG00000148908.nuc.ord.treefile	34.0	0.5483870967741935
TarvD7	ENSG00000148925.nuc.ord	ENSG00000148925.nuc.ord.treefile	24.0	0.3870967741935484
TarvD7	ENSG00000148926.nuc.ord	ENSG00000148926.nuc.ord.treefile	26.0	0.4642857142857143
TarvD7	ENSG00000148935.nuc.ord	ENSG00000148935.nuc.ord.treefile	20.0	0.3225806451612903
TarvD7	ENSG00000148942.nuc.ord	ENSG00000148942.nuc.ord.treefile	26.0	0.3939393939393939
TarvD7	ENSG00000148943.nuc.ord	ENSG00000148943.nuc.ord.treefile	40.0	0.6451612903225806
TarvD7	ENSG00000148948.nuc.ord	ENSG00000148948.nuc.ord.treefile	26.0	0.5416666666666666
TarvD7	ENSG00000149084.nuc.ord	ENSG00000149084.nuc.ord.treefile	22.0	0.3548387096774194
TarvD7	ENSG00000149089.nuc.ord	ENSG00000149089.nuc.ord.treefile	24.0	0.4
TarvD7	ENSG00000149090.nuc.ord	ENSG00000149090.nuc.ord.treefile	4.0	0.06666666666666667
TarvD7	ENSG00000149091.nuc.ord	ENSG00000149091.nuc.ord.treefile	16.0	0.2857142857142857
TarvD7	ENSG00000149115.nuc.ord	ENSG00000149115.nuc.ord.treefile	12.0	0.2727272727272727
TarvD7	ENSG00000149131.nuc.ord	ENSG00000149131.nuc.ord.treefile	24.0	0.4444444444444444
TarvD7	ENSG00000149150.nuc.ord	ENSG00000149150.nuc.ord.treefile	16.0	0.27586206896551724
TarvD7	ENSG00000149177.nuc.ord	ENSG00000149177.nuc.ord.treefile	12.0	0.2
TarvD7	ENSG00000149179.nuc.ord	ENSG00000149179.nuc.ord.treefile	26.0	0.40625
TarvD7	ENSG00000149187.nuc.ord	ENSG00000149187.nuc.ord.treefile	34.0	0.5151515151515151
TarvD7	ENSG00000149196.nuc.ord	ENSG00000149196.nuc.ord.treefile	50.0	0.8333333333333334
TarvD7	ENSG00000149201.nuc.ord	ENSG00000149201.nuc.ord.treefile	14.0	0.22580645161290322
TarvD7	ENSG00000149212.nuc.ord	ENSG00000149212.nuc.ord.treefile	36.0	0.5625
TarvD7	ENSG00000149218.nuc.ord	ENSG00000149218.nuc.ord.treefile	26.0	0.5
TarvD7	ENSG00000149231.nuc.ord	ENSG00000149231.nuc.ord.treefile	16.0	0.26666666666666666
TarvD7	ENSG00000149256.nuc.ord	ENSG00000149256.nuc.ord.treefile	22.0	0.3793103448275862
TarvD7	ENSG00000149257.nuc.ord	ENSG00000149257.nuc.ord.treefile	28.0	0.5
TarvD7	ENSG00000149262.nuc.ord	ENSG00000149262.nuc.ord.treefile	24.0	0.41379310344827586
TarvD7	ENSG00000149269.nuc.ord	ENSG00000149269.nuc.ord.treefile	16.0	0.2962962962962963
TarvD7	ENSG00000149273.nuc.ord	ENSG00000149273.nuc.ord.treefile	28.0	0.56
TarvD7	ENSG00000149289.nuc.ord	ENSG00000149289.nuc.ord.treefile	34.0	0.53125
TarvD7	ENSG00000149292.nuc.ord	ENSG00000149292.nuc.ord.treefile	16.0	0.24242424242424243
TarvD7	ENSG00000149294.nuc.ord	ENSG00000149294.nuc.ord.treefile	20.0	0.3125
TarvD7	ENSG00000149295.nuc.ord	ENSG00000149295.nuc.ord.treefile	22.0	0.34375
TarvD7	ENSG00000149300.nuc.ord	ENSG00000149300.nuc.ord.treefile	18.0	0.36
TarvD7	ENSG00000149305.nuc.ord	ENSG00000149305.nuc.ord.treefile	18.0	0.28125
TarvD7	ENSG00000149308.nuc.ord	ENSG00000149308.nuc.ord.treefile	8.0	0.13333333333333333
TarvD7	ENSG00000149311.nuc.ord	ENSG00000149311.nuc.ord.treefile	8.0	0.12121212121212122
TarvD7	ENSG00000149313.nuc.ord	ENSG00000149313.nuc.ord.treefile	32.0	0.48484848484848486
TarvD7	ENSG00000149346.nuc.ord	ENSG00000149346.nuc.ord.treefile	16.0	0.25806451612903225
TarvD7	ENSG00000149403.nuc.ord	ENSG00000149403.nuc.ord.treefile	14.0	0.23333333333333334
TarvD7	ENSG00000149418.nuc.ord	ENSG00000149418.nuc.ord.treefile	14.0	0.25
TarvD7	ENSG00000149428.nuc.ord	ENSG00000149428.nuc.ord.treefile	12.0	0.1935483870967742
TarvD7	ENSG00000149452.nuc.ord	ENSG00000149452.nuc.ord.treefile	16.0	0.3076923076923077
TarvD7	ENSG00000149474.nuc.ord	ENSG00000149474.nuc.ord.treefile	24.0	0.36363636363636365
TarvD7	ENSG00000149476.nuc.ord	ENSG00000149476.nuc.ord.treefile	14.0	0.23333333333333334
TarvD7	ENSG00000149483.nuc.ord	ENSG00000149483.nuc.ord.treefile	40.0	0.625
TarvD7	ENSG00000149485.nuc.ord	ENSG00000149485.nuc.ord.treefile	36.0	0.72
TarvD7	ENSG00000149488.nuc.ord	ENSG00000149488.nuc.ord.treefile	10.0	0.16129032258064516
TarvD7	ENSG00000149489.nuc.ord	ENSG00000149489.nuc.ord.treefile	14.0	0.30434782608695654
TarvD7	ENSG00000149503.nuc.ord	ENSG00000149503.nuc.ord.treefile	20.0	0.3333333333333333
TarvD7	ENSG00000149506.nuc.ord	ENSG00000149506.nuc.ord.treefile	12.0	0.24
TarvD7	ENSG00000149516.nuc.ord	ENSG00000149516.nuc.ord.treefile	18.0	0.391304347826087
TarvD7	ENSG00000149532.nuc.ord	ENSG00000149532.nuc.ord.treefile	28.0	0.4666666666666667
TarvD7	ENSG00000149534.nuc.ord	ENSG00000149534.nuc.ord.treefile	16.0	0.2857142857142857
TarvD7	ENSG00000149547.nuc.ord	ENSG00000149547.nuc.ord.treefile	28.0	0.4375
TarvD7	ENSG00000149548.nuc.ord	ENSG00000149548.nuc.ord.treefile	20.0	0.35714285714285715
TarvD7	ENSG00000149557.nuc.ord	ENSG00000149557.nuc.ord.treefile	36.0	0.5454545454545454
TarvD7	ENSG00000149564.nuc.ord	ENSG00000149564.nuc.ord.treefile	14.0	0.2413793103448276
TarvD7	ENSG00000149571.nuc.ord	ENSG00000149571.nuc.ord.treefile	22.0	0.36666666666666664
TarvD7	ENSG00000149573.nuc.ord	ENSG00000149573.nuc.ord.treefile	30.0	0.4838709677419355
TarvD7	ENSG00000149582.nuc.ord	ENSG00000149582.nuc.ord.treefile	28.0	0.4666666666666667
TarvD7	ENSG00000149600.nuc.ord	ENSG00000149600.nuc.ord.treefile	28.0	0.4666666666666667
TarvD7	ENSG00000149609.nuc.ord	ENSG00000149609.nuc.ord.treefile	20.0	0.5555555555555556
TarvD7	ENSG00000149633.nuc.ord	ENSG00000149633.nuc.ord.treefile	14.0	0.22580645161290322
TarvD7	ENSG00000149634.nuc.ord	ENSG00000149634.nuc.ord.treefile	10.0	0.1724137931034483
TarvD7	ENSG00000149635.nuc.ord	ENSG00000149635.nuc.ord.treefile	12.0	0.2727272727272727
TarvD7	ENSG00000149636.nuc.ord	ENSG00000149636.nuc.ord.treefile	6.0	0.1
TarvD7	ENSG00000149639.nuc.ord	ENSG00000149639.nuc.ord.treefile	16.0	0.27586206896551724
TarvD7	ENSG00000149646.nuc.ord	ENSG00000149646.nuc.ord.treefile	10.0	0.15625
TarvD7	ENSG00000149657.nuc.ord	ENSG00000149657.nuc.ord.treefile	22.0	0.4230769230769231
TarvD7	ENSG00000149716.nuc.ord	ENSG00000149716.nuc.ord.treefile	32.0	0.64
TarvD7	ENSG00000149735.nuc.ord	ENSG00000149735.nuc.ord.treefile	24.0	0.46153846153846156
TarvD7	ENSG00000149743.nuc.ord	ENSG00000149743.nuc.ord.treefile	20.0	0.38461538461538464
TarvD7	ENSG00000149761.nuc.ord	ENSG00000149761.nuc.ord.treefile	16.0	0.3333333333333333
TarvD7	ENSG00000149782.nuc.ord	ENSG00000149782.nuc.ord.treefile	16.0	0.2857142857142857
TarvD7	ENSG00000149798.nuc.ord	ENSG00000149798.nuc.ord.treefile	22.0	0.4583333333333333
TarvD7	ENSG00000149823.nuc.ord	ENSG00000149823.nuc.ord.treefile	16.0	0.2962962962962963
TarvD7	ENSG00000149923.nuc.ord	ENSG00000149923.nuc.ord.treefile	26.0	0.4482758620689655
TarvD7	ENSG00000149929.nuc.ord	ENSG00000149929.nuc.ord.treefile	18.0	0.3333333333333333
TarvD7	ENSG00000149932.nuc.ord	ENSG00000149932.nuc.ord.treefile	30.0	0.4838709677419355
TarvD7	ENSG00000149948.nuc.ord	ENSG00000149948.nuc.ord.treefile	28.0	0.7777777777777778
TarvD7	ENSG00000149970.nuc.ord	ENSG00000149970.nuc.ord.treefile	18.0	0.3
TarvD7	ENSG00000150048.nuc.ord	ENSG00000150048.nuc.ord.treefile	18.0	0.3
TarvD7	ENSG00000150051.nuc.ord	ENSG00000150051.nuc.ord.treefile	22.0	0.3548387096774194
TarvD7	ENSG00000150054.nuc.ord	ENSG00000150054.nuc.ord.treefile	22.0	0.3333333333333333
TarvD7	ENSG00000150086.nuc.ord	ENSG00000150086.nuc.ord.treefile	34.0	0.53125
TarvD7	ENSG00000150093.nuc.ord	ENSG00000150093.nuc.ord.treefile	26.0	0.40625
TarvD7	ENSG00000150275.nuc.ord	ENSG00000150275.nuc.ord.treefile	10.0	0.16129032258064516
TarvD7	ENSG00000150281.nuc.ord	ENSG00000150281.nuc.ord.treefile	26.0	0.52
TarvD7	ENSG00000150347.nuc.ord	ENSG00000150347.nuc.ord.treefile	6.0	0.1
TarvD7	ENSG00000150361.nuc.ord	ENSG00000150361.nuc.ord.treefile	14.0	0.21875
TarvD7	ENSG00000150401.nuc.ord	ENSG00000150401.nuc.ord.treefile	8.0	0.16666666666666666
TarvD7	ENSG00000150403.nuc.ord	ENSG00000150403.nuc.ord.treefile	22.0	0.3793103448275862
TarvD7	ENSG00000150433.nuc.ord	ENSG00000150433.nuc.ord.treefile	20.0	0.4
TarvD7	ENSG00000150455.nuc.ord	ENSG00000150455.nuc.ord.treefile	26.0	0.4642857142857143
TarvD7	ENSG00000150456.nuc.ord	ENSG00000150456.nuc.ord.treefile	32.0	0.5333333333333333
TarvD7	ENSG00000150457.nuc.ord	ENSG00000150457.nuc.ord.treefile	22.0	0.3793103448275862
TarvD7	ENSG00000150471.nuc.ord	ENSG00000150471.nuc.ord.treefile	14.0	0.22580645161290322
TarvD7	ENSG00000150510.nuc.ord	ENSG00000150510.nuc.ord.treefile	18.0	0.32142857142857145
TarvD7	ENSG00000150526.nuc.ord	ENSG00000150526.nuc.ord.treefile	8.0	0.2222222222222222
TarvD7	ENSG00000150540.nuc.ord	ENSG00000150540.nuc.ord.treefile	22.0	0.3793103448275862
TarvD7	ENSG00000150551.nuc.ord	ENSG00000150551.nuc.ord.treefile	40.0	0.6896551724137931
TarvD7	ENSG00000150556.nuc.ord	ENSG00000150556.nuc.ord.treefile	20.0	0.3333333333333333
TarvD7	ENSG00000150593.nuc.ord	ENSG00000150593.nuc.ord.treefile	18.0	0.28125
TarvD7	ENSG00000150625.nuc.ord	ENSG00000150625.nuc.ord.treefile	34.0	0.5151515151515151
TarvD7	ENSG00000150627.nuc.ord	ENSG00000150627.nuc.ord.treefile	12.0	0.20689655172413793
TarvD7	ENSG00000150628.nuc.ord	ENSG00000150628.nuc.ord.treefile	22.0	0.39285714285714285
TarvD7	ENSG00000150630.nuc.ord	ENSG00000150630.nuc.ord.treefile	28.0	0.4375
TarvD7	ENSG00000150637.nuc.ord	ENSG00000150637.nuc.ord.treefile	14.0	0.25
TarvD7	ENSG00000150656.nuc.ord	ENSG00000150656.nuc.ord.treefile	16.0	0.27586206896551724
TarvD7	ENSG00000150672.nuc.ord	ENSG00000150672.nuc.ord.treefile	24.0	0.36363636363636365
TarvD7	ENSG00000150676.nuc.ord	ENSG00000150676.nuc.ord.treefile	12.0	0.18181818181818182
TarvD7	ENSG00000150681.nuc.ord	ENSG00000150681.nuc.ord.treefile	24.0	0.3870967741935484
TarvD7	ENSG00000150687.nuc.ord	ENSG00000150687.nuc.ord.treefile	30.0	0.7142857142857143
TarvD7	ENSG00000150712.nuc.ord	ENSG00000150712.nuc.ord.treefile	14.0	0.21212121212121213
TarvD7	ENSG00000150722.nuc.ord	ENSG00000150722.nuc.ord.treefile	40.0	0.625
TarvD7	ENSG00000150750.nuc.ord	ENSG00000150750.nuc.ord.treefile	22.0	0.3793103448275862
TarvD7	ENSG00000150753.nuc.ord	ENSG00000150753.nuc.ord.treefile	30.0	0.5555555555555556
TarvD7	ENSG00000150756.nuc.ord	ENSG00000150756.nuc.ord.treefile	18.0	0.3333333333333333
TarvD7	ENSG00000150760.nuc.ord	ENSG00000150760.nuc.ord.treefile	14.0	0.25
TarvD7	ENSG00000150764.nuc.ord	ENSG00000150764.nuc.ord.treefile	16.0	0.25
TarvD7	ENSG00000150773.nuc.ord	ENSG00000150773.nuc.ord.treefile	14.0	0.2413793103448276
TarvD7	ENSG00000150776.nuc.ord	ENSG00000150776.nuc.ord.treefile	24.0	0.42857142857142855
TarvD7	ENSG00000150782.nuc.ord	ENSG00000150782.nuc.ord.treefile	24.0	0.4444444444444444
TarvD7	ENSG00000150783.nuc.ord	ENSG00000150783.nuc.ord.treefile	36.0	0.72
TarvD7	ENSG00000150867.nuc.ord	ENSG00000150867.nuc.ord.treefile	26.0	0.40625
TarvD7	ENSG00000150893.nuc.ord	ENSG00000150893.nuc.ord.treefile	10.0	0.15625
TarvD7	ENSG00000150907.nuc.ord	ENSG00000150907.nuc.ord.treefile	22.0	0.4230769230769231
TarvD7	ENSG00000150938.nuc.ord	ENSG00000150938.nuc.ord.treefile	14.0	0.2413793103448276
TarvD7	ENSG00000150961.nuc.ord	ENSG00000150961.nuc.ord.treefile	16.0	0.24242424242424243
TarvD7	ENSG00000150967.nuc.ord	ENSG00000150967.nuc.ord.treefile	12.0	0.20689655172413793
TarvD7	ENSG00000150977.nuc.ord	ENSG00000150977.nuc.ord.treefile	34.0	0.6538461538461539
TarvD7	ENSG00000150990.nuc.ord	ENSG00000150990.nuc.ord.treefile	20.0	0.3333333333333333
TarvD7	ENSG00000150995.nuc.ord	ENSG00000150995.nuc.ord.treefile	22.0	0.3793103448275862
TarvD7	ENSG00000151006.nuc.ord	ENSG00000151006.nuc.ord.treefile	14.0	0.3333333333333333
TarvD7	ENSG00000151012.nuc.ord	ENSG00000151012.nuc.ord.treefile	24.0	0.3870967741935484
TarvD7	ENSG00000151023.nuc.ord	ENSG00000151023.nuc.ord.treefile	20.0	0.3225806451612903
TarvD7	ENSG00000151025.nuc.ord	ENSG00000151025.nuc.ord.treefile	4.0	0.125
TarvD7	ENSG00000151065.nuc.ord	ENSG00000151065.nuc.ord.treefile	30.0	0.5
TarvD7	ENSG00000151067.nuc.ord	ENSG00000151067.nuc.ord.treefile	40.0	0.6451612903225806
TarvD7	ENSG00000151090.nuc.ord	ENSG00000151090.nuc.ord.treefile	28.0	0.42424242424242425
TarvD7	ENSG00000151092.nuc.ord	ENSG00000151092.nuc.ord.treefile	16.0	0.25806451612903225
TarvD7	ENSG00000151093.nuc.ord	ENSG00000151093.nuc.ord.treefile	26.0	0.4482758620689655
TarvD7	ENSG00000151116.nuc.ord	ENSG00000151116.nuc.ord.treefile	24.0	0.375
TarvD7	ENSG00000151117.nuc.ord	ENSG00000151117.nuc.ord.treefile	26.0	0.4482758620689655
TarvD7	ENSG00000151131.nuc.ord	ENSG00000151131.nuc.ord.treefile	14.0	0.28
TarvD7	ENSG00000151135.nuc.ord	ENSG00000151135.nuc.ord.treefile	30.0	0.5
TarvD7	ENSG00000151148.nuc.ord	ENSG00000151148.nuc.ord.treefile	14.0	0.21875
TarvD7	ENSG00000151150.nuc.ord	ENSG00000151150.nuc.ord.treefile	24.0	0.375
TarvD7	ENSG00000151151.nuc.ord	ENSG00000151151.nuc.ord.treefile	24.0	0.375
TarvD7	ENSG00000151164.nuc.ord	ENSG00000151164.nuc.ord.treefile	20.0	0.3225806451612903
TarvD7	ENSG00000151176.nuc.ord	ENSG00000151176.nuc.ord.treefile	20.0	0.37037037037037035
TarvD7	ENSG00000151208.nuc.ord	ENSG00000151208.nuc.ord.treefile	14.0	0.2413793103448276
TarvD7	ENSG00000151224.nuc.ord	ENSG00000151224.nuc.ord.treefile	24.0	0.3870967741935484
TarvD7	ENSG00000151229.nuc.ord	ENSG00000151229.nuc.ord.treefile	22.0	0.3333333333333333
TarvD7	ENSG00000151233.nuc.ord	ENSG00000151233.nuc.ord.treefile	12.0	0.20689655172413793
TarvD7	ENSG00000151239.nuc.ord	ENSG00000151239.nuc.ord.treefile	24.0	0.3870967741935484
TarvD7	ENSG00000151247.nuc.ord	ENSG00000151247.nuc.ord.treefile	30.0	0.4838709677419355
TarvD7	ENSG00000151276.nuc.ord	ENSG00000151276.nuc.ord.treefile	16.0	0.25
TarvD7	ENSG00000151287.nuc.ord	ENSG00000151287.nuc.ord.treefile	36.0	0.6206896551724138
TarvD7	ENSG00000151292.nuc.ord	ENSG00000151292.nuc.ord.treefile	34.0	0.5666666666666667
TarvD7	ENSG00000151304.nuc.ord	ENSG00000151304.nuc.ord.treefile	22.0	0.39285714285714285
TarvD7	ENSG00000151332.nuc.ord	ENSG00000151332.nuc.ord.treefile	12.0	0.1875
TarvD7	ENSG00000151338.nuc.ord	ENSG00000151338.nuc.ord.treefile	26.0	0.40625
TarvD7	ENSG00000151348.nuc.ord	ENSG00000151348.nuc.ord.treefile	28.0	0.4375
TarvD7	ENSG00000151353.nuc.ord	ENSG00000151353.nuc.ord.treefile	28.0	0.5185185185185185
TarvD7	ENSG00000151360.nuc.ord	ENSG00000151360.nuc.ord.treefile	14.0	0.23333333333333334
TarvD7	ENSG00000151366.nuc.ord	ENSG00000151366.nuc.ord.treefile	44.0	0.7857142857142857
TarvD7	ENSG00000151376.nuc.ord	ENSG00000151376.nuc.ord.treefile	14.0	0.22580645161290322
TarvD7	ENSG00000151388.nuc.ord	ENSG00000151388.nuc.ord.treefile	12.0	0.1875
TarvD7	ENSG00000151413.nuc.ord	ENSG00000151413.nuc.ord.treefile	22.0	0.3333333333333333
TarvD7	ENSG00000151414.nuc.ord	ENSG00000151414.nuc.ord.treefile	38.0	0.6333333333333333
TarvD7	ENSG00000151418.nuc.ord	ENSG00000151418.nuc.ord.treefile	30.0	0.5555555555555556
TarvD7	ENSG00000151422.nuc.ord	ENSG00000151422.nuc.ord.treefile	18.0	0.2727272727272727
TarvD7	ENSG00000151445.nuc.ord	ENSG00000151445.nuc.ord.treefile	30.0	0.5172413793103449
TarvD7	ENSG00000151458.nuc.ord	ENSG00000151458.nuc.ord.treefile	20.0	0.3448275862068966
TarvD7	ENSG00000151461.nuc.ord	ENSG00000151461.nuc.ord.treefile	18.0	0.3103448275862069
TarvD7	ENSG00000151465.nuc.ord	ENSG00000151465.nuc.ord.treefile	32.0	0.5161290322580645
TarvD7	ENSG00000151466.nuc.ord	ENSG00000151466.nuc.ord.treefile	18.0	0.2903225806451613
TarvD7	ENSG00000151468.nuc.ord	ENSG00000151468.nuc.ord.treefile	24.0	0.46153846153846156
TarvD7	ENSG00000151470.nuc.ord	ENSG00000151470.nuc.ord.treefile	24.0	0.41379310344827586
TarvD7	ENSG00000151474.nuc.ord	ENSG00000151474.nuc.ord.treefile	22.0	0.3548387096774194
TarvD7	ENSG00000151475.nuc.ord	ENSG00000151475.nuc.ord.treefile	22.0	0.3548387096774194
TarvD7	ENSG00000151490.nuc.ord	ENSG00000151490.nuc.ord.treefile	4.0	0.1111111111111111
TarvD7	ENSG00000151491.nuc.ord	ENSG00000151491.nuc.ord.treefile	12.0	0.20689655172413793
TarvD7	ENSG00000151498.nuc.ord	ENSG00000151498.nuc.ord.treefile	16.0	0.27586206896551724
TarvD7	ENSG00000151500.nuc.ord	ENSG00000151500.nuc.ord.treefile	24.0	0.4444444444444444
TarvD7	ENSG00000151502.nuc.ord	ENSG00000151502.nuc.ord.treefile	22.0	0.3793103448275862
TarvD7	ENSG00000151503.nuc.ord	ENSG00000151503.nuc.ord.treefile	10.0	0.15625
TarvD7	ENSG00000151514.nuc.ord	ENSG00000151514.nuc.ord.treefile	18.0	0.32142857142857145
TarvD7	ENSG00000151532.nuc.ord	ENSG00000151532.nuc.ord.treefile	36.0	0.5454545454545454
TarvD7	ENSG00000151552.nuc.ord	ENSG00000151552.nuc.ord.treefile	20.0	0.3333333333333333
TarvD7	ENSG00000151553.nuc.ord	ENSG00000151553.nuc.ord.treefile	12.0	0.1875
TarvD7	ENSG00000151572.nuc.ord	ENSG00000151572.nuc.ord.treefile	12.0	0.18181818181818182
TarvD7	ENSG00000151575.nuc.ord	ENSG00000151575.nuc.ord.treefile	20.0	0.3125
TarvD7	ENSG00000151576.nuc.ord	ENSG00000151576.nuc.ord.treefile	22.0	0.3548387096774194
TarvD7	ENSG00000151577.nuc.ord	ENSG00000151577.nuc.ord.treefile	12.0	0.1875
TarvD7	ENSG00000151611.nuc.ord	ENSG00000151611.nuc.ord.treefile	26.0	0.41935483870967744
TarvD7	ENSG00000151612.nuc.ord	ENSG00000151612.nuc.ord.treefile	14.0	0.23333333333333334
TarvD7	ENSG00000151615.nuc.ord	ENSG00000151615.nuc.ord.treefile	24.0	0.4444444444444444
TarvD7	ENSG00000151617.nuc.ord	ENSG00000151617.nuc.ord.treefile	14.0	0.21212121212121213
TarvD7	ENSG00000151623.nuc.ord	ENSG00000151623.nuc.ord.treefile	24.0	0.4
TarvD7	ENSG00000151640.nuc.ord	ENSG00000151640.nuc.ord.treefile	22.0	0.44
TarvD7	ENSG00000151655.nuc.ord	ENSG00000151655.nuc.ord.treefile	18.0	0.3103448275862069
TarvD7	ENSG00000151657.nuc.ord	ENSG00000151657.nuc.ord.treefile	24.0	0.3870967741935484
TarvD7	ENSG00000151665.nuc.ord	ENSG00000151665.nuc.ord.treefile	40.0	0.6451612903225806
TarvD7	ENSG00000151687.nuc.ord	ENSG00000151687.nuc.ord.treefile	16.0	0.27586206896551724
TarvD7	ENSG00000151689.nuc.ord	ENSG00000151689.nuc.ord.treefile	20.0	0.3125
TarvD7	ENSG00000151690.nuc.ord	ENSG00000151690.nuc.ord.treefile	30.0	0.46875
TarvD7	ENSG00000151692.nuc.ord	ENSG00000151692.nuc.ord.treefile	28.0	0.4375
TarvD7	ENSG00000151693.nuc.ord	ENSG00000151693.nuc.ord.treefile	22.0	0.34375
TarvD7	ENSG00000151694.nuc.ord	ENSG00000151694.nuc.ord.treefile	22.0	0.34375
TarvD7	ENSG00000151704.nuc.ord	ENSG00000151704.nuc.ord.treefile	10.0	0.16666666666666666
TarvD7	ENSG00000151718.nuc.ord	ENSG00000151718.nuc.ord.treefile	14.0	0.23333333333333334
TarvD7	ENSG00000151725.nuc.ord	ENSG00000151725.nuc.ord.treefile	14.0	0.23333333333333334
TarvD7	ENSG00000151726.nuc.ord	ENSG00000151726.nuc.ord.treefile	18.0	0.28125
TarvD7	ENSG00000151729.nuc.ord	ENSG00000151729.nuc.ord.treefile	32.0	0.5517241379310345
TarvD7	ENSG00000151743.nuc.ord	ENSG00000151743.nuc.ord.treefile	18.0	0.375
TarvD7	ENSG00000151746.nuc.ord	ENSG00000151746.nuc.ord.treefile	32.0	0.5333333333333333
TarvD7	ENSG00000151748.nuc.ord	ENSG00000151748.nuc.ord.treefile	28.0	0.4666666666666667
TarvD7	ENSG00000151773.nuc.ord	ENSG00000151773.nuc.ord.treefile	24.0	0.4444444444444444
TarvD7	ENSG00000151778.nuc.ord	ENSG00000151778.nuc.ord.treefile	32.0	0.7272727272727273
TarvD7	ENSG00000151790.nuc.ord	ENSG00000151790.nuc.ord.treefile	30.0	0.4838709677419355
TarvD7	ENSG00000151792.nuc.ord	ENSG00000151792.nuc.ord.treefile	28.0	0.4375
TarvD7	ENSG00000151806.nuc.ord	ENSG00000151806.nuc.ord.treefile	16.0	0.25806451612903225
TarvD7	ENSG00000151812.nuc.ord	ENSG00000151812.nuc.ord.treefile	20.0	0.30303030303030304
TarvD7	ENSG00000151834.nuc.ord	ENSG00000151834.nuc.ord.treefile	30.0	0.5
TarvD7	ENSG00000151835.nuc.ord	ENSG00000151835.nuc.ord.treefile	26.0	0.41935483870967744
TarvD7	ENSG00000151838.nuc.ord	ENSG00000151838.nuc.ord.treefile	16.0	0.25806451612903225
TarvD7	ENSG00000151849.nuc.ord	ENSG00000151849.nuc.ord.treefile	4.0	0.06451612903225806
TarvD7	ENSG00000151876.nuc.ord	ENSG00000151876.nuc.ord.treefile	26.0	0.43333333333333335
TarvD7	ENSG00000151881.nuc.ord	ENSG00000151881.nuc.ord.treefile	38.0	0.59375
TarvD7	ENSG00000151882.nuc.ord	ENSG00000151882.nuc.ord.treefile	22.0	0.4230769230769231
TarvD7	ENSG00000151883.nuc.ord	ENSG00000151883.nuc.ord.treefile	12.0	0.1875
TarvD7	ENSG00000151892.nuc.ord	ENSG00000151892.nuc.ord.treefile	18.0	0.28125
TarvD7	ENSG00000151893.nuc.ord	ENSG00000151893.nuc.ord.treefile	34.0	0.53125
TarvD7	ENSG00000151914.nuc.ord	ENSG00000151914.nuc.ord.treefile	8.0	0.12903225806451613
TarvD7	ENSG00000151917.nuc.ord	ENSG00000151917.nuc.ord.treefile	36.0	0.6428571428571429
TarvD7	ENSG00000151923.nuc.ord	ENSG00000151923.nuc.ord.treefile	28.0	0.5185185185185185
TarvD7	ENSG00000151929.nuc.ord	ENSG00000151929.nuc.ord.treefile	10.0	0.16129032258064516
TarvD7	ENSG00000151948.nuc.ord	ENSG00000151948.nuc.ord.treefile	22.0	0.36666666666666664
TarvD7	ENSG00000151952.nuc.ord	ENSG00000151952.nuc.ord.treefile	28.0	0.5185185185185185
TarvD7	ENSG00000151962.nuc.ord	ENSG00000151962.nuc.ord.treefile	14.0	0.22580645161290322
TarvD7	ENSG00000152022.nuc.ord	ENSG00000152022.nuc.ord.treefile	16.0	0.27586206896551724
TarvD7	ENSG00000152049.nuc.ord	ENSG00000152049.nuc.ord.treefile	34.0	0.5666666666666667
TarvD7	ENSG00000152056.nuc.ord	ENSG00000152056.nuc.ord.treefile	20.0	0.35714285714285715
TarvD7	ENSG00000152061.nuc.ord	ENSG00000152061.nuc.ord.treefile	12.0	0.21428571428571427
TarvD7	ENSG00000152078.nuc.ord	ENSG00000152078.nuc.ord.treefile	28.0	0.45161290322580644
TarvD7	ENSG00000152092.nuc.ord	ENSG00000152092.nuc.ord.treefile	18.0	0.28125
TarvD7	ENSG00000152102.nuc.ord	ENSG00000152102.nuc.ord.treefile	38.0	0.6551724137931034
TarvD7	ENSG00000152104.nuc.ord	ENSG00000152104.nuc.ord.treefile	20.0	0.3225806451612903
TarvD7	ENSG00000152127.nuc.ord	ENSG00000152127.nuc.ord.treefile	20.0	0.30303030303030304
TarvD7	ENSG00000152128.nuc.ord	ENSG00000152128.nuc.ord.treefile	38.0	0.59375
TarvD7	ENSG00000152133.nuc.ord	ENSG00000152133.nuc.ord.treefile	40.0	0.6060606060606061
TarvD7	ENSG00000152147.nuc.ord	ENSG00000152147.nuc.ord.treefile	26.0	0.5
TarvD7	ENSG00000152154.nuc.ord	ENSG00000152154.nuc.ord.treefile	24.0	0.41379310344827586
TarvD7	ENSG00000152193.nuc.ord	ENSG00000152193.nuc.ord.treefile	12.0	0.2
TarvD7	ENSG00000152208.nuc.ord	ENSG00000152208.nuc.ord.treefile	8.0	0.15384615384615385
TarvD7	ENSG00000152213.nuc.ord	ENSG00000152213.nuc.ord.treefile	18.0	0.6428571428571429
TarvD7	ENSG00000152214.nuc.ord	ENSG00000152214.nuc.ord.treefile	28.0	0.5384615384615384
TarvD7	ENSG00000152217.nuc.ord	ENSG00000152217.nuc.ord.treefile	12.0	0.18181818181818182
TarvD7	ENSG00000152219.nuc.ord	ENSG00000152219.nuc.ord.treefile	28.0	0.5
TarvD7	ENSG00000152223.nuc.ord	ENSG00000152223.nuc.ord.treefile	6.0	0.1
TarvD7	ENSG00000152240.nuc.ord	ENSG00000152240.nuc.ord.treefile	18.0	0.3
TarvD7	ENSG00000152242.nuc.ord	ENSG00000152242.nuc.ord.treefile	24.0	0.375
TarvD7	ENSG00000152253.nuc.ord	ENSG00000152253.nuc.ord.treefile	22.0	0.3548387096774194
TarvD7	ENSG00000152254.nuc.ord	ENSG00000152254.nuc.ord.treefile	12.0	0.2
TarvD7	ENSG00000152256.nuc.ord	ENSG00000152256.nuc.ord.treefile	24.0	0.375
TarvD7	ENSG00000152266.nuc.ord	ENSG00000152266.nuc.ord.treefile	10.0	0.19230769230769232
TarvD7	ENSG00000152268.nuc.ord	ENSG00000152268.nuc.ord.treefile	20.0	0.30303030303030304
TarvD7	ENSG00000152270.nuc.ord	ENSG00000152270.nuc.ord.treefile	8.0	0.12121212121212122
TarvD7	ENSG00000152292.nuc.ord	ENSG00000152292.nuc.ord.treefile	24.0	0.5
TarvD7	ENSG00000152315.nuc.ord	ENSG00000152315.nuc.ord.treefile	14.0	0.2916666666666667
TarvD7	ENSG00000152348.nuc.ord	ENSG00000152348.nuc.ord.treefile	26.0	0.41935483870967744
TarvD7	ENSG00000152359.nuc.ord	ENSG00000152359.nuc.ord.treefile	14.0	0.21875
TarvD7	ENSG00000152377.nuc.ord	ENSG00000152377.nuc.ord.treefile	32.0	0.5
TarvD7	ENSG00000152380.nuc.ord	ENSG00000152380.nuc.ord.treefile	28.0	0.4375
TarvD7	ENSG00000152382.nuc.ord	ENSG00000152382.nuc.ord.treefile	28.0	0.4375
TarvD7	ENSG00000152409.nuc.ord	ENSG00000152409.nuc.ord.treefile	22.0	0.36666666666666664
TarvD7	ENSG00000152413.nuc.ord	ENSG00000152413.nuc.ord.treefile	22.0	0.3333333333333333
TarvD7	ENSG00000152422.nuc.ord	ENSG00000152422.nuc.ord.treefile	30.0	0.5
TarvD7	ENSG00000152428.nuc.ord	ENSG00000152428.nuc.ord.treefile	14.0	0.3181818181818182
TarvD7	ENSG00000152430.nuc.ord	ENSG00000152430.nuc.ord.treefile	38.0	0.59375
TarvD7	ENSG00000152455.nuc.ord	ENSG00000152455.nuc.ord.treefile	16.0	0.3076923076923077
TarvD7	ENSG00000152457.nuc.ord	ENSG00000152457.nuc.ord.treefile	18.0	0.2727272727272727
TarvD7	ENSG00000152463.nuc.ord	ENSG00000152463.nuc.ord.treefile	22.0	0.5
TarvD7	ENSG00000152464.nuc.ord	ENSG00000152464.nuc.ord.treefile	10.0	0.2631578947368421
TarvD7	ENSG00000152465.nuc.ord	ENSG00000152465.nuc.ord.treefile	10.0	0.1724137931034483
TarvD7	ENSG00000152492.nuc.ord	ENSG00000152492.nuc.ord.treefile	22.0	0.3548387096774194
TarvD7	ENSG00000152495.nuc.ord	ENSG00000152495.nuc.ord.treefile	18.0	0.3
TarvD7	ENSG00000152503.nuc.ord	ENSG00000152503.nuc.ord.treefile	30.0	0.45454545454545453
TarvD7	ENSG00000152520.nuc.ord	ENSG00000152520.nuc.ord.treefile	26.0	0.3939393939393939
TarvD7	ENSG00000152527.nuc.ord	ENSG00000152527.nuc.ord.treefile	14.0	0.23333333333333334
TarvD7	ENSG00000152556.nuc.ord	ENSG00000152556.nuc.ord.treefile	14.0	0.23333333333333334
TarvD7	ENSG00000152558.nuc.ord	ENSG00000152558.nuc.ord.treefile	22.0	0.4583333333333333
TarvD7	ENSG00000152578.nuc.ord	ENSG00000152578.nuc.ord.treefile	26.0	0.41935483870967744
TarvD7	ENSG00000152583.nuc.ord	ENSG00000152583.nuc.ord.treefile	16.0	0.2857142857142857
TarvD7	ENSG00000152592.nuc.ord	ENSG00000152592.nuc.ord.treefile	16.0	0.2857142857142857
TarvD7	ENSG00000152595.nuc.ord	ENSG00000152595.nuc.ord.treefile	12.0	0.21428571428571427
TarvD7	ENSG00000152601.nuc.ord	ENSG00000152601.nuc.ord.treefile	40.0	0.6451612903225806
TarvD7	ENSG00000152620.nuc.ord	ENSG00000152620.nuc.ord.treefile	26.0	0.3939393939393939
TarvD7	ENSG00000152669.nuc.ord	ENSG00000152669.nuc.ord.treefile	22.0	0.4074074074074074
TarvD7	ENSG00000152670.nuc.ord	ENSG00000152670.nuc.ord.treefile	14.0	0.21875
TarvD7	ENSG00000152672.nuc.ord	ENSG00000152672.nuc.ord.treefile	10.0	0.22727272727272727
TarvD7	ENSG00000152684.nuc.ord	ENSG00000152684.nuc.ord.treefile	18.0	0.5
TarvD7	ENSG00000152689.nuc.ord	ENSG00000152689.nuc.ord.treefile	30.0	0.46875
TarvD7	ENSG00000152700.nuc.ord	ENSG00000152700.nuc.ord.treefile	24.0	0.5217391304347826
TarvD7	ENSG00000152705.nuc.ord	ENSG00000152705.nuc.ord.treefile	16.0	0.27586206896551724
TarvD7	ENSG00000152749.nuc.ord	ENSG00000152749.nuc.ord.treefile	16.0	0.26666666666666666
TarvD7	ENSG00000152760.nuc.ord	ENSG00000152760.nuc.ord.treefile	20.0	0.3448275862068966
TarvD7	ENSG00000152763.nuc.ord	ENSG00000152763.nuc.ord.treefile	14.0	0.2413793103448276
TarvD7	ENSG00000152767.nuc.ord	ENSG00000152767.nuc.ord.treefile	16.0	0.25
TarvD7	ENSG00000152782.nuc.ord	ENSG00000152782.nuc.ord.treefile	14.0	0.22580645161290322
TarvD7	ENSG00000152784.nuc.ord	ENSG00000152784.nuc.ord.treefile	16.0	0.36363636363636365
TarvD7	ENSG00000152804.nuc.ord	ENSG00000152804.nuc.ord.treefile	32.0	0.5714285714285714
TarvD7	ENSG00000152818.nuc.ord	ENSG00000152818.nuc.ord.treefile	4.0	0.06060606060606061
TarvD7	ENSG00000152822.nuc.ord	ENSG00000152822.nuc.ord.treefile	18.0	0.36
TarvD7	ENSG00000152894.nuc.ord	ENSG00000152894.nuc.ord.treefile	12.0	0.2
TarvD7	ENSG00000152904.nuc.ord	ENSG00000152904.nuc.ord.treefile	32.0	0.5161290322580645
TarvD7	ENSG00000152932.nuc.ord	ENSG00000152932.nuc.ord.treefile	40.0	0.625
TarvD7	ENSG00000152936.nuc.ord	ENSG00000152936.nuc.ord.treefile	12.0	0.20689655172413793
TarvD7	ENSG00000152939.nuc.ord	ENSG00000152939.nuc.ord.treefile	30.0	0.4838709677419355
TarvD7	ENSG00000152942.nuc.ord	ENSG00000152942.nuc.ord.treefile	16.0	0.25
TarvD7	ENSG00000152952.nuc.ord	ENSG00000152952.nuc.ord.treefile	26.0	0.4482758620689655
TarvD7	ENSG00000152953.nuc.ord	ENSG00000152953.nuc.ord.treefile	24.0	0.4444444444444444
TarvD7	ENSG00000152954.nuc.ord	ENSG00000152954.nuc.ord.treefile	22.0	0.4074074074074074
TarvD7	ENSG00000152969.nuc.ord	ENSG00000152969.nuc.ord.treefile	34.0	0.5862068965517241
TarvD7	ENSG00000152990.nuc.ord	ENSG00000152990.nuc.ord.treefile	24.0	0.375
TarvD7	ENSG00000153002.nuc.ord	ENSG00000153002.nuc.ord.treefile	20.0	0.3225806451612903
TarvD7	ENSG00000153006.nuc.ord	ENSG00000153006.nuc.ord.treefile	40.0	0.7142857142857143
TarvD7	ENSG00000153012.nuc.ord	ENSG00000153012.nuc.ord.treefile	24.0	0.41379310344827586
TarvD7	ENSG00000153015.nuc.ord	ENSG00000153015.nuc.ord.treefile	18.0	0.32142857142857145
TarvD7	ENSG00000153029.nuc.ord	ENSG00000153029.nuc.ord.treefile	18.0	0.391304347826087
TarvD7	ENSG00000153037.nuc.ord	ENSG00000153037.nuc.ord.treefile	24.0	0.48
TarvD7	ENSG00000153044.nuc.ord	ENSG00000153044.nuc.ord.treefile	26.0	0.4642857142857143
TarvD7	ENSG00000153048.nuc.ord	ENSG00000153048.nuc.ord.treefile	30.0	0.5555555555555556
TarvD7	ENSG00000153060.nuc.ord	ENSG00000153060.nuc.ord.treefile	20.0	0.35714285714285715
TarvD7	ENSG00000153064.nuc.ord	ENSG00000153064.nuc.ord.treefile	8.0	0.2
TarvD7	ENSG00000153066.nuc.ord	ENSG00000153066.nuc.ord.treefile	26.0	0.3939393939393939
TarvD7	ENSG00000153071.nuc.ord	ENSG00000153071.nuc.ord.treefile	14.0	0.22580645161290322
TarvD7	ENSG00000153086.nuc.ord	ENSG00000153086.nuc.ord.treefile	16.0	0.25
TarvD7	ENSG00000153093.nuc.ord	ENSG00000153093.nuc.ord.treefile	32.0	0.5333333333333333
TarvD7	ENSG00000153113.nuc.ord	ENSG00000153113.nuc.ord.treefile	12.0	0.1875
TarvD7	ENSG00000153132.nuc.ord	ENSG00000153132.nuc.ord.treefile	14.0	0.22580645161290322
TarvD7	ENSG00000153140.nuc.ord	ENSG00000153140.nuc.ord.treefile	38.0	0.6129032258064516
TarvD7	ENSG00000153147.nuc.ord	ENSG00000153147.nuc.ord.treefile	18.0	0.28125
TarvD7	ENSG00000153157.nuc.ord	ENSG00000153157.nuc.ord.treefile	12.0	0.1935483870967742
TarvD7	ENSG00000153162.nuc.ord	ENSG00000153162.nuc.ord.treefile	18.0	0.391304347826087
TarvD7	ENSG00000153179.nuc.ord	ENSG00000153179.nuc.ord.treefile	32.0	0.64
TarvD7	ENSG00000153187.nuc.ord	ENSG00000153187.nuc.ord.treefile	24.0	0.375
TarvD7	ENSG00000153207.nuc.ord	ENSG00000153207.nuc.ord.treefile	10.0	0.15625
TarvD7	ENSG00000153208.nuc.ord	ENSG00000153208.nuc.ord.treefile	12.0	0.18181818181818182
TarvD7	ENSG00000153214.nuc.ord	ENSG00000153214.nuc.ord.treefile	20.0	0.3125
TarvD7	ENSG00000153233.nuc.ord	ENSG00000153233.nuc.ord.treefile	26.0	0.40625
TarvD7	ENSG00000153234.nuc.ord	ENSG00000153234.nuc.ord.treefile	14.0	0.21212121212121213
TarvD7	ENSG00000153237.nuc.ord	ENSG00000153237.nuc.ord.treefile	8.0	0.12903225806451613
TarvD7	ENSG00000153246.nuc.ord	ENSG00000153246.nuc.ord.treefile	10.0	0.15625
TarvD7	ENSG00000153250.nuc.ord	ENSG00000153250.nuc.ord.treefile	20.0	0.30303030303030304
TarvD7	ENSG00000153253.nuc.ord	ENSG00000153253.nuc.ord.treefile	16.0	0.25806451612903225
TarvD7	ENSG00000153283.nuc.ord	ENSG00000153283.nuc.ord.treefile	6.0	0.10714285714285714
TarvD7	ENSG00000153291.nuc.ord	ENSG00000153291.nuc.ord.treefile	32.0	0.5517241379310345
TarvD7	ENSG00000153292.nuc.ord	ENSG00000153292.nuc.ord.treefile	10.0	0.1724137931034483
TarvD7	ENSG00000153294.nuc.ord	ENSG00000153294.nuc.ord.treefile	6.0	0.10344827586206896
TarvD7	ENSG00000153310.nuc.ord	ENSG00000153310.nuc.ord.treefile	22.0	0.39285714285714285
TarvD7	ENSG00000153317.nuc.ord	ENSG00000153317.nuc.ord.treefile	14.0	0.22580645161290322
TarvD7	ENSG00000153339.nuc.ord	ENSG00000153339.nuc.ord.treefile	4.0	0.07407407407407407
TarvD7	ENSG00000153347.nuc.ord	ENSG00000153347.nuc.ord.treefile	14.0	0.21875
TarvD7	ENSG00000153406.nuc.ord	ENSG00000153406.nuc.ord.treefile	14.0	0.22580645161290322
TarvD7	ENSG00000153446.nuc.ord	ENSG00000153446.nuc.ord.treefile	10.0	0.21739130434782608
TarvD7	ENSG00000153485.nuc.ord	ENSG00000153485.nuc.ord.treefile	32.0	0.64
TarvD7	ENSG00000153531.nuc.ord	ENSG00000153531.nuc.ord.treefile	12.0	0.2857142857142857
TarvD7	ENSG00000153558.nuc.ord	ENSG00000153558.nuc.ord.treefile	36.0	0.6428571428571429
TarvD7	ENSG00000153560.nuc.ord	ENSG00000153560.nuc.ord.treefile	16.0	0.2857142857142857
TarvD7	ENSG00000153561.nuc.ord	ENSG00000153561.nuc.ord.treefile	30.0	0.46875
TarvD7	ENSG00000153563.nuc.ord	ENSG00000153563.nuc.ord.treefile	20.0	0.37037037037037035
TarvD7	ENSG00000153574.nuc.ord	ENSG00000153574.nuc.ord.treefile	22.0	0.3793103448275862
TarvD7	ENSG00000153575.nuc.ord	ENSG00000153575.nuc.ord.treefile	14.0	0.23333333333333334
TarvD7	ENSG00000153707.nuc.ord	ENSG00000153707.nuc.ord.treefile	20.0	0.3333333333333333
TarvD7	ENSG00000153714.nuc.ord	ENSG00000153714.nuc.ord.treefile	24.0	0.4444444444444444
TarvD7	ENSG00000153721.nuc.ord	ENSG00000153721.nuc.ord.treefile	16.0	0.24242424242424243
TarvD7	ENSG00000153767.nuc.ord	ENSG00000153767.nuc.ord.treefile	26.0	0.4482758620689655
TarvD7	ENSG00000153774.nuc.ord	ENSG00000153774.nuc.ord.treefile	16.0	0.25806451612903225
TarvD7	ENSG00000153786.nuc.ord	ENSG00000153786.nuc.ord.treefile	28.0	0.4666666666666667
TarvD7	ENSG00000153789.nuc.ord	ENSG00000153789.nuc.ord.treefile	24.0	0.4444444444444444
TarvD7	ENSG00000153790.nuc.ord	ENSG00000153790.nuc.ord.treefile	14.0	0.22580645161290322
TarvD7	ENSG00000153802.nuc.ord	ENSG00000153802.nuc.ord.treefile	24.0	0.375
TarvD7	ENSG00000153807.nuc.ord	ENSG00000153807.nuc.ord.treefile	20.0	0.45454545454545453
TarvD7	ENSG00000153814.nuc.ord	ENSG00000153814.nuc.ord.treefile	28.0	0.4666666666666667
TarvD7	ENSG00000153815.nuc.ord	ENSG00000153815.nuc.ord.treefile	28.0	0.5
TarvD7	ENSG00000153820.nuc.ord	ENSG00000153820.nuc.ord.treefile	14.0	0.21212121212121213
TarvD7	ENSG00000153823.nuc.ord	ENSG00000153823.nuc.ord.treefile	32.0	0.5161290322580645
TarvD7	ENSG00000153827.nuc.ord	ENSG00000153827.nuc.ord.treefile	10.0	0.15625
TarvD7	ENSG00000153832.nuc.ord	ENSG00000153832.nuc.ord.treefile	32.0	0.5714285714285714
TarvD7	ENSG00000153898.nuc.ord	ENSG00000153898.nuc.ord.treefile	14.0	0.23333333333333334
TarvD7	ENSG00000153904.nuc.ord	ENSG00000153904.nuc.ord.treefile	24.0	0.375
TarvD7	ENSG00000153914.nuc.ord	ENSG00000153914.nuc.ord.treefile	16.0	0.24242424242424243
TarvD7	ENSG00000153922.nuc.ord	ENSG00000153922.nuc.ord.treefile	16.0	0.25
TarvD7	ENSG00000153930.nuc.ord	ENSG00000153930.nuc.ord.treefile	16.0	0.24242424242424243
TarvD7	ENSG00000153933.nuc.ord	ENSG00000153933.nuc.ord.treefile	16.0	0.25
TarvD7	ENSG00000153936.nuc.ord	ENSG00000153936.nuc.ord.treefile	32.0	0.5517241379310345
TarvD7	ENSG00000153944.nuc.ord	ENSG00000153944.nuc.ord.treefile	36.0	0.5806451612903226
TarvD7	ENSG00000153956.nuc.ord	ENSG00000153956.nuc.ord.treefile	28.0	0.4375
TarvD7	ENSG00000153975.nuc.ord	ENSG00000153975.nuc.ord.treefile	16.0	0.25
TarvD7	ENSG00000153982.nuc.ord	ENSG00000153982.nuc.ord.treefile	32.0	0.5
TarvD7	ENSG00000153989.nuc.ord	ENSG00000153989.nuc.ord.treefile	24.0	0.375
TarvD7	ENSG00000153993.nuc.ord	ENSG00000153993.nuc.ord.treefile	22.0	0.3333333333333333
TarvD7	ENSG00000154001.nuc.ord	ENSG00000154001.nuc.ord.treefile	46.0	0.7666666666666667
TarvD7	ENSG00000154007.nuc.ord	ENSG00000154007.nuc.ord.treefile	26.0	0.5
TarvD7	ENSG00000154027.nuc.ord	ENSG00000154027.nuc.ord.treefile	12.0	0.1935483870967742
TarvD7	ENSG00000154035.nuc.ord	ENSG00000154035.nuc.ord.treefile	38.0	0.8260869565217391
TarvD7	ENSG00000154040.nuc.ord	ENSG00000154040.nuc.ord.treefile	30.0	0.5555555555555556
TarvD7	ENSG00000154065.nuc.ord	ENSG00000154065.nuc.ord.treefile	28.0	0.42424242424242425
TarvD7	ENSG00000154079.nuc.ord	ENSG00000154079.nuc.ord.treefile	20.0	0.38461538461538464
TarvD7	ENSG00000154080.nuc.ord	ENSG00000154080.nuc.ord.treefile	14.0	0.22580645161290322
TarvD7	ENSG00000154096.nuc.ord	ENSG00000154096.nuc.ord.treefile	18.0	0.36
TarvD7	ENSG00000154099.nuc.ord	ENSG00000154099.nuc.ord.treefile	14.0	0.2413793103448276
TarvD7	ENSG00000154102.nuc.ord	ENSG00000154102.nuc.ord.treefile	22.0	0.5
TarvD7	ENSG00000154114.nuc.ord	ENSG00000154114.nuc.ord.treefile	32.0	0.5333333333333333
TarvD7	ENSG00000154122.nuc.ord	ENSG00000154122.nuc.ord.treefile	24.0	0.3870967741935484
TarvD7	ENSG00000154124.nuc.ord	ENSG00000154124.nuc.ord.treefile	22.0	0.34375
TarvD7	ENSG00000154127.nuc.ord	ENSG00000154127.nuc.ord.treefile	22.0	0.34375
TarvD7	ENSG00000154133.nuc.ord	ENSG00000154133.nuc.ord.treefile	12.0	0.1875
TarvD7	ENSG00000154134.nuc.ord	ENSG00000154134.nuc.ord.treefile	6.0	0.10714285714285714
TarvD7	ENSG00000154143.nuc.ord	ENSG00000154143.nuc.ord.treefile	10.0	0.17857142857142858
TarvD7	ENSG00000154144.nuc.ord	ENSG00000154144.nuc.ord.treefile	24.0	0.375
TarvD7	ENSG00000154153.nuc.ord	ENSG00000154153.nuc.ord.treefile	22.0	0.36666666666666664
TarvD7	ENSG00000154162.nuc.ord	ENSG00000154162.nuc.ord.treefile	18.0	0.3
TarvD7	ENSG00000154165.nuc.ord	ENSG00000154165.nuc.ord.treefile	14.0	0.30434782608695654
TarvD7	ENSG00000154174.nuc.ord	ENSG00000154174.nuc.ord.treefile	26.0	0.3939393939393939
TarvD7	ENSG00000154175.nuc.ord	ENSG00000154175.nuc.ord.treefile	10.0	0.15625
TarvD7	ENSG00000154188.nuc.ord	ENSG00000154188.nuc.ord.treefile	34.0	0.53125
TarvD7	ENSG00000154217.nuc.ord	ENSG00000154217.nuc.ord.treefile	44.0	0.6666666666666666
TarvD7	ENSG00000154222.nuc.ord	ENSG00000154222.nuc.ord.treefile	12.0	0.21428571428571427
TarvD7	ENSG00000154227.nuc.ord	ENSG00000154227.nuc.ord.treefile	24.0	0.36363636363636365
TarvD7	ENSG00000154229.nuc.ord	ENSG00000154229.nuc.ord.treefile	22.0	0.4074074074074074
TarvD7	ENSG00000154237.nuc.ord	ENSG00000154237.nuc.ord.treefile	8.0	0.13333333333333333
TarvD7	ENSG00000154240.nuc.ord	ENSG00000154240.nuc.ord.treefile	18.0	0.28125
TarvD7	ENSG00000154265.nuc.ord	ENSG00000154265.nuc.ord.treefile	12.0	0.20689655172413793
TarvD7	ENSG00000154269.nuc.ord	ENSG00000154269.nuc.ord.treefile	6.0	0.1
TarvD7	ENSG00000154274.nuc.ord	ENSG00000154274.nuc.ord.treefile	20.0	0.43478260869565216
TarvD7	ENSG00000154277.nuc.ord	ENSG00000154277.nuc.ord.treefile	28.0	0.5384615384615384
TarvD7	ENSG00000154305.nuc.ord	ENSG00000154305.nuc.ord.treefile	12.0	0.23076923076923078
TarvD7	ENSG00000154309.nuc.ord	ENSG00000154309.nuc.ord.treefile	36.0	0.5806451612903226
TarvD7	ENSG00000154310.nuc.ord	ENSG00000154310.nuc.ord.treefile	24.0	0.375
TarvD7	ENSG00000154316.nuc.ord	ENSG00000154316.nuc.ord.treefile	40.0	0.7407407407407407
TarvD7	ENSG00000154319.nuc.ord	ENSG00000154319.nuc.ord.treefile	22.0	0.4074074074074074
TarvD7	ENSG00000154328.nuc.ord	ENSG00000154328.nuc.ord.treefile	30.0	0.5555555555555556
TarvD7	ENSG00000154359.nuc.ord	ENSG00000154359.nuc.ord.treefile	20.0	0.3333333333333333
TarvD7	ENSG00000154370.nuc.ord	ENSG00000154370.nuc.ord.treefile	16.0	0.38095238095238093
TarvD7	ENSG00000154380.nuc.ord	ENSG00000154380.nuc.ord.treefile	24.0	0.42857142857142855
TarvD7	ENSG00000154415.nuc.ord	ENSG00000154415.nuc.ord.treefile	4.0	0.06451612903225806
TarvD7	ENSG00000154429.nuc.ord	ENSG00000154429.nuc.ord.treefile	30.0	0.5555555555555556
TarvD7	ENSG00000154438.nuc.ord	ENSG00000154438.nuc.ord.treefile	16.0	0.25
TarvD7	ENSG00000154447.nuc.ord	ENSG00000154447.nuc.ord.treefile	18.0	0.28125
TarvD7	ENSG00000154479.nuc.ord	ENSG00000154479.nuc.ord.treefile	14.0	0.25
TarvD7	ENSG00000154493.nuc.ord	ENSG00000154493.nuc.ord.treefile	18.0	0.28125
TarvD7	ENSG00000154511.nuc.ord	ENSG00000154511.nuc.ord.treefile	18.0	0.32142857142857145
TarvD7	ENSG00000154518.nuc.ord	ENSG00000154518.nuc.ord.treefile	16.0	0.5
TarvD7	ENSG00000154548.nuc.ord	ENSG00000154548.nuc.ord.treefile	26.0	0.52
TarvD7	ENSG00000154553.nuc.ord	ENSG00000154553.nuc.ord.treefile	36.0	0.5625
TarvD7	ENSG00000154556.nuc.ord	ENSG00000154556.nuc.ord.treefile	28.0	0.4375
TarvD7	ENSG00000154589.nuc.ord	ENSG00000154589.nuc.ord.treefile	26.0	0.4482758620689655
TarvD7	ENSG00000154611.nuc.ord	ENSG00000154611.nuc.ord.treefile	26.0	0.43333333333333335
TarvD7	ENSG00000154639.nuc.ord	ENSG00000154639.nuc.ord.treefile	18.0	0.3
TarvD7	ENSG00000154642.nuc.ord	ENSG00000154642.nuc.ord.treefile	20.0	0.35714285714285715
TarvD7	ENSG00000154645.nuc.ord	ENSG00000154645.nuc.ord.treefile	22.0	0.36666666666666664
TarvD7	ENSG00000154646.nuc.ord	ENSG00000154646.nuc.ord.treefile	18.0	0.3
TarvD7	ENSG00000154654.nuc.ord	ENSG00000154654.nuc.ord.treefile	22.0	0.34375
TarvD7	ENSG00000154655.nuc.ord	ENSG00000154655.nuc.ord.treefile	16.0	0.2962962962962963
TarvD7	ENSG00000154678.nuc.ord	ENSG00000154678.nuc.ord.treefile	14.0	0.21875
TarvD7	ENSG00000154710.nuc.ord	ENSG00000154710.nuc.ord.treefile	38.0	0.5757575757575758
TarvD7	ENSG00000154719.nuc.ord	ENSG00000154719.nuc.ord.treefile	20.0	0.3333333333333333
TarvD7	ENSG00000154721.nuc.ord	ENSG00000154721.nuc.ord.treefile	34.0	0.5862068965517241
TarvD7	ENSG00000154723.nuc.ord	ENSG00000154723.nuc.ord.treefile	38.0	0.7037037037037037
TarvD7	ENSG00000154727.nuc.ord	ENSG00000154727.nuc.ord.treefile	24.0	0.375
TarvD7	ENSG00000154734.nuc.ord	ENSG00000154734.nuc.ord.treefile	14.0	0.22580645161290322
TarvD7	ENSG00000154736.nuc.ord	ENSG00000154736.nuc.ord.treefile	24.0	0.36363636363636365
TarvD7	ENSG00000154743.nuc.ord	ENSG00000154743.nuc.ord.treefile	10.0	0.1724137931034483
TarvD7	ENSG00000154767.nuc.ord	ENSG00000154767.nuc.ord.treefile	16.0	0.26666666666666666
TarvD7	ENSG00000154781.nuc.ord	ENSG00000154781.nuc.ord.treefile	26.0	0.4482758620689655
TarvD7	ENSG00000154783.nuc.ord	ENSG00000154783.nuc.ord.treefile	12.0	0.20689655172413793
TarvD7	ENSG00000154803.nuc.ord	ENSG00000154803.nuc.ord.treefile	28.0	0.45161290322580644
TarvD7	ENSG00000154814.nuc.ord	ENSG00000154814.nuc.ord.treefile	28.0	0.42424242424242425
TarvD7	ENSG00000154839.nuc.ord	ENSG00000154839.nuc.ord.treefile	22.0	0.34375
TarvD7	ENSG00000154845.nuc.ord	ENSG00000154845.nuc.ord.treefile	4.0	0.08695652173913043
TarvD7	ENSG00000154856.nuc.ord	ENSG00000154856.nuc.ord.treefile	10.0	0.17857142857142858
TarvD7	ENSG00000154889.nuc.ord	ENSG00000154889.nuc.ord.treefile	12.0	0.1935483870967742
TarvD7	ENSG00000154914.nuc.ord	ENSG00000154914.nuc.ord.treefile	6.0	0.1
TarvD7	ENSG00000154917.nuc.ord	ENSG00000154917.nuc.ord.treefile	38.0	0.7037037037037037
TarvD7	ENSG00000154920.nuc.ord	ENSG00000154920.nuc.ord.treefile	10.0	0.16666666666666666
TarvD7	ENSG00000154928.nuc.ord	ENSG00000154928.nuc.ord.treefile	16.0	0.26666666666666666
TarvD7	ENSG00000154945.nuc.ord	ENSG00000154945.nuc.ord.treefile	28.0	0.5185185185185185
TarvD7	ENSG00000154957.nuc.ord	ENSG00000154957.nuc.ord.treefile	10.0	0.19230769230769232
TarvD7	ENSG00000155011.nuc.ord	ENSG00000155011.nuc.ord.treefile	34.0	0.5862068965517241
TarvD7	ENSG00000155016.nuc.ord	ENSG00000155016.nuc.ord.treefile	22.0	0.3548387096774194
TarvD7	ENSG00000155093.nuc.ord	ENSG00000155093.nuc.ord.treefile	16.0	0.3333333333333333
TarvD7	ENSG00000155096.nuc.ord	ENSG00000155096.nuc.ord.treefile	20.0	0.37037037037037035
TarvD7	ENSG00000155097.nuc.ord	ENSG00000155097.nuc.ord.treefile	26.0	0.41935483870967744
TarvD7	ENSG00000155099.nuc.ord	ENSG00000155099.nuc.ord.treefile	36.0	0.5454545454545454
TarvD7	ENSG00000155100.nuc.ord	ENSG00000155100.nuc.ord.treefile	14.0	0.2413793103448276
TarvD7	ENSG00000155111.nuc.ord	ENSG00000155111.nuc.ord.treefile	32.0	0.48484848484848486
TarvD7	ENSG00000155115.nuc.ord	ENSG00000155115.nuc.ord.treefile	40.0	0.7692307692307693
TarvD7	ENSG00000155158.nuc.ord	ENSG00000155158.nuc.ord.treefile	10.0	0.15151515151515152
TarvD7	ENSG00000155229.nuc.ord	ENSG00000155229.nuc.ord.treefile	16.0	0.26666666666666666
TarvD7	ENSG00000155249.nuc.ord	ENSG00000155249.nuc.ord.treefile	12.0	0.375
TarvD7	ENSG00000155252.nuc.ord	ENSG00000155252.nuc.ord.treefile	24.0	0.42857142857142855
TarvD7	ENSG00000155256.nuc.ord	ENSG00000155256.nuc.ord.treefile	16.0	0.27586206896551724
TarvD7	ENSG00000155275.nuc.ord	ENSG00000155275.nuc.ord.treefile	16.0	0.3076923076923077
TarvD7	ENSG00000155287.nuc.ord	ENSG00000155287.nuc.ord.treefile	28.0	0.4827586206896552
TarvD7	ENSG00000155304.nuc.ord	ENSG00000155304.nuc.ord.treefile	22.0	0.3333333333333333
TarvD7	ENSG00000155307.nuc.ord	ENSG00000155307.nuc.ord.treefile	20.0	0.3125
TarvD7	ENSG00000155313.nuc.ord	ENSG00000155313.nuc.ord.treefile	10.0	0.16666666666666666
TarvD7	ENSG00000155324.nuc.ord	ENSG00000155324.nuc.ord.treefile	16.0	0.24242424242424243
TarvD7	ENSG00000155329.nuc.ord	ENSG00000155329.nuc.ord.treefile	34.0	0.7083333333333334
TarvD7	ENSG00000155330.nuc.ord	ENSG00000155330.nuc.ord.treefile	38.0	0.6551724137931034
TarvD7	ENSG00000155363.nuc.ord	ENSG00000155363.nuc.ord.treefile	16.0	0.26666666666666666
TarvD7	ENSG00000155367.nuc.ord	ENSG00000155367.nuc.ord.treefile	16.0	0.2962962962962963
TarvD7	ENSG00000155368.nuc.ord	ENSG00000155368.nuc.ord.treefile	36.0	0.6206896551724138
TarvD7	ENSG00000155393.nuc.ord	ENSG00000155393.nuc.ord.treefile	28.0	0.42424242424242425
TarvD7	ENSG00000155438.nuc.ord	ENSG00000155438.nuc.ord.treefile	14.0	0.25
TarvD7	ENSG00000155463.nuc.ord	ENSG00000155463.nuc.ord.treefile	18.0	0.2903225806451613
TarvD7	ENSG00000155465.nuc.ord	ENSG00000155465.nuc.ord.treefile	20.0	0.30303030303030304
TarvD7	ENSG00000155506.nuc.ord	ENSG00000155506.nuc.ord.treefile	24.0	0.3870967741935484
TarvD7	ENSG00000155508.nuc.ord	ENSG00000155508.nuc.ord.treefile	36.0	0.6206896551724138
TarvD7	ENSG00000155511.nuc.ord	ENSG00000155511.nuc.ord.treefile	48.0	0.8275862068965517
TarvD7	ENSG00000155530.nuc.ord	ENSG00000155530.nuc.ord.treefile	18.0	0.28125
TarvD7	ENSG00000155545.nuc.ord	ENSG00000155545.nuc.ord.treefile	32.0	0.5161290322580645
TarvD7	ENSG00000155561.nuc.ord	ENSG00000155561.nuc.ord.treefile	16.0	0.25806451612903225
TarvD7	ENSG00000155592.nuc.ord	ENSG00000155592.nuc.ord.treefile	12.0	0.1935483870967742
TarvD7	ENSG00000155621.nuc.ord	ENSG00000155621.nuc.ord.treefile	34.0	0.7083333333333334
TarvD7	ENSG00000155629.nuc.ord	ENSG00000155629.nuc.ord.treefile	12.0	0.1935483870967742
TarvD7	ENSG00000155636.nuc.ord	ENSG00000155636.nuc.ord.treefile	28.0	0.4375
TarvD7	ENSG00000155659.nuc.ord	ENSG00000155659.nuc.ord.treefile	10.0	0.18518518518518517
TarvD7	ENSG00000155660.nuc.ord	ENSG00000155660.nuc.ord.treefile	22.0	0.4230769230769231
TarvD7	ENSG00000155666.nuc.ord	ENSG00000155666.nuc.ord.treefile	20.0	0.3333333333333333
TarvD7	ENSG00000155714.nuc.ord	ENSG00000155714.nuc.ord.treefile	26.0	0.48148148148148145
TarvD7	ENSG00000155719.nuc.ord	ENSG00000155719.nuc.ord.treefile	14.0	0.2413793103448276
TarvD7	ENSG00000155729.nuc.ord	ENSG00000155729.nuc.ord.treefile	22.0	0.36666666666666664
TarvD7	ENSG00000155744.nuc.ord	ENSG00000155744.nuc.ord.treefile	30.0	0.4838709677419355
TarvD7	ENSG00000155749.nuc.ord	ENSG00000155749.nuc.ord.treefile	14.0	0.21875
TarvD7	ENSG00000155754.nuc.ord	ENSG00000155754.nuc.ord.treefile	10.0	0.16129032258064516
TarvD7	ENSG00000155755.nuc.ord	ENSG00000155755.nuc.ord.treefile	12.0	0.20689655172413793
TarvD7	ENSG00000155761.nuc.ord	ENSG00000155761.nuc.ord.treefile	6.0	0.1
TarvD7	ENSG00000155792.nuc.ord	ENSG00000155792.nuc.ord.treefile	38.0	0.5757575757575758
TarvD7	ENSG00000155816.nuc.ord	ENSG00000155816.nuc.ord.treefile	12.0	0.24
TarvD7	ENSG00000155827.nuc.ord	ENSG00000155827.nuc.ord.treefile	18.0	0.2727272727272727
TarvD7	ENSG00000155846.nuc.ord	ENSG00000155846.nuc.ord.treefile	12.0	0.1935483870967742
TarvD7	ENSG00000155849.nuc.ord	ENSG00000155849.nuc.ord.treefile	40.0	0.6451612903225806
TarvD7	ENSG00000155850.nuc.ord	ENSG00000155850.nuc.ord.treefile	20.0	0.35714285714285715
TarvD7	ENSG00000155858.nuc.ord	ENSG00000155858.nuc.ord.treefile	28.0	0.5185185185185185
TarvD7	ENSG00000155875.nuc.ord	ENSG00000155875.nuc.ord.treefile	14.0	0.2692307692307692
TarvD7	ENSG00000155890.nuc.ord	ENSG00000155890.nuc.ord.treefile	24.0	0.4
TarvD7	ENSG00000155893.nuc.ord	ENSG00000155893.nuc.ord.treefile	16.0	0.26666666666666666
TarvD7	ENSG00000155897.nuc.ord	ENSG00000155897.nuc.ord.treefile	14.0	0.21212121212121213
TarvD7	ENSG00000155903.nuc.ord	ENSG00000155903.nuc.ord.treefile	26.0	0.40625
TarvD7	ENSG00000155906.nuc.ord	ENSG00000155906.nuc.ord.treefile	12.0	0.1875
TarvD7	ENSG00000155926.nuc.ord	ENSG00000155926.nuc.ord.treefile	28.0	0.4375
TarvD7	ENSG00000155957.nuc.ord	ENSG00000155957.nuc.ord.treefile	30.0	0.45454545454545453
TarvD7	ENSG00000155959.nuc.ord	ENSG00000155959.nuc.ord.treefile	40.0	0.6896551724137931
TarvD7	ENSG00000155966.nuc.ord	ENSG00000155966.nuc.ord.treefile	14.0	0.2413793103448276
TarvD7	ENSG00000155970.nuc.ord	ENSG00000155970.nuc.ord.treefile	22.0	0.36666666666666664
TarvD7	ENSG00000155974.nuc.ord	ENSG00000155974.nuc.ord.treefile	20.0	0.30303030303030304
TarvD7	ENSG00000155975.nuc.ord	ENSG00000155975.nuc.ord.treefile	26.0	0.4482758620689655
TarvD7	ENSG00000155980.nuc.ord	ENSG00000155980.nuc.ord.treefile	30.0	0.5
TarvD7	ENSG00000156011.nuc.ord	ENSG00000156011.nuc.ord.treefile	12.0	0.2727272727272727
TarvD7	ENSG00000156017.nuc.ord	ENSG00000156017.nuc.ord.treefile	30.0	0.46875
TarvD7	ENSG00000156026.nuc.ord	ENSG00000156026.nuc.ord.treefile	26.0	0.43333333333333335
TarvD7	ENSG00000156030.nuc.ord	ENSG00000156030.nuc.ord.treefile	12.0	0.2857142857142857
TarvD7	ENSG00000156042.nuc.ord	ENSG00000156042.nuc.ord.treefile	6.0	0.09375
TarvD7	ENSG00000156050.nuc.ord	ENSG00000156050.nuc.ord.treefile	6.0	0.10714285714285714
TarvD7	ENSG00000156052.nuc.ord	ENSG00000156052.nuc.ord.treefile	38.0	0.59375
TarvD7	ENSG00000156076.nuc.ord	ENSG00000156076.nuc.ord.treefile	34.0	0.5151515151515151
TarvD7	ENSG00000156103.nuc.ord	ENSG00000156103.nuc.ord.treefile	20.0	0.3125
TarvD7	ENSG00000156113.nuc.ord	ENSG00000156113.nuc.ord.treefile	14.0	0.21212121212121213
TarvD7	ENSG00000156127.nuc.ord	ENSG00000156127.nuc.ord.treefile	30.0	0.5555555555555556
TarvD7	ENSG00000156136.nuc.ord	ENSG00000156136.nuc.ord.treefile	34.0	0.53125
TarvD7	ENSG00000156140.nuc.ord	ENSG00000156140.nuc.ord.treefile	18.0	0.28125
TarvD7	ENSG00000156162.nuc.ord	ENSG00000156162.nuc.ord.treefile	18.0	0.3
TarvD7	ENSG00000156170.nuc.ord	ENSG00000156170.nuc.ord.treefile	26.0	0.4482758620689655
TarvD7	ENSG00000156171.nuc.ord	ENSG00000156171.nuc.ord.treefile	18.0	0.28125
TarvD7	ENSG00000156172.nuc.ord	ENSG00000156172.nuc.ord.treefile	32.0	0.5161290322580645
TarvD7	ENSG00000156194.nuc.ord	ENSG00000156194.nuc.ord.treefile	30.0	0.4838709677419355
TarvD7	ENSG00000156206.nuc.ord	ENSG00000156206.nuc.ord.treefile	22.0	0.3548387096774194
TarvD7	ENSG00000156219.nuc.ord	ENSG00000156219.nuc.ord.treefile	16.0	0.25806451612903225
TarvD7	ENSG00000156222.nuc.ord	ENSG00000156222.nuc.ord.treefile	24.0	0.42857142857142855
TarvD7	ENSG00000156239.nuc.ord	ENSG00000156239.nuc.ord.treefile	22.0	0.36666666666666664
TarvD7	ENSG00000156253.nuc.ord	ENSG00000156253.nuc.ord.treefile	24.0	0.42857142857142855
TarvD7	ENSG00000156256.nuc.ord	ENSG00000156256.nuc.ord.treefile	16.0	0.26666666666666666
TarvD7	ENSG00000156261.nuc.ord	ENSG00000156261.nuc.ord.treefile	22.0	0.36666666666666664
TarvD7	ENSG00000156273.nuc.ord	ENSG00000156273.nuc.ord.treefile	12.0	0.1875
TarvD7	ENSG00000156298.nuc.ord	ENSG00000156298.nuc.ord.treefile	30.0	0.625
TarvD7	ENSG00000156299.nuc.ord	ENSG00000156299.nuc.ord.treefile	20.0	0.3225806451612903
TarvD7	ENSG00000156304.nuc.ord	ENSG00000156304.nuc.ord.treefile	14.0	0.22580645161290322
TarvD7	ENSG00000156313.nuc.ord	ENSG00000156313.nuc.ord.treefile	14.0	0.3333333333333333
TarvD7	ENSG00000156345.nuc.ord	ENSG00000156345.nuc.ord.treefile	34.0	0.6538461538461539
TarvD7	ENSG00000156384.nuc.ord	ENSG00000156384.nuc.ord.treefile	34.0	0.5666666666666667
TarvD7	ENSG00000156395.nuc.ord	ENSG00000156395.nuc.ord.treefile	12.0	0.1875
TarvD7	ENSG00000156398.nuc.ord	ENSG00000156398.nuc.ord.treefile	24.0	0.4
TarvD7	ENSG00000156414.nuc.ord	ENSG00000156414.nuc.ord.treefile	24.0	0.375
TarvD7	ENSG00000156427.nuc.ord	ENSG00000156427.nuc.ord.treefile	40.0	0.8
TarvD7	ENSG00000156463.nuc.ord	ENSG00000156463.nuc.ord.treefile	14.0	0.21212121212121213
TarvD7	ENSG00000156466.nuc.ord	ENSG00000156466.nuc.ord.treefile	20.0	0.47619047619047616
TarvD7	ENSG00000156469.nuc.ord	ENSG00000156469.nuc.ord.treefile	14.0	0.21212121212121213
TarvD7	ENSG00000156471.nuc.ord	ENSG00000156471.nuc.ord.treefile	12.0	0.2
TarvD7	ENSG00000156475.nuc.ord	ENSG00000156475.nuc.ord.treefile	36.0	0.5625
TarvD7	ENSG00000156486.nuc.ord	ENSG00000156486.nuc.ord.treefile	28.0	0.5833333333333334
TarvD7	ENSG00000156502.nuc.ord	ENSG00000156502.nuc.ord.treefile	16.0	0.24242424242424243
TarvD7	ENSG00000156504.nuc.ord	ENSG00000156504.nuc.ord.treefile	28.0	0.4827586206896552
TarvD7	ENSG00000156509.nuc.ord	ENSG00000156509.nuc.ord.treefile	14.0	0.25
TarvD7	ENSG00000156510.nuc.ord	ENSG00000156510.nuc.ord.treefile	12.0	0.21428571428571427
TarvD7	ENSG00000156515.nuc.ord	ENSG00000156515.nuc.ord.treefile	16.0	0.25806451612903225
TarvD7	ENSG00000156521.nuc.ord	ENSG00000156521.nuc.ord.treefile	16.0	0.3076923076923077
TarvD7	ENSG00000156531.nuc.ord	ENSG00000156531.nuc.ord.treefile	38.0	0.6129032258064516
TarvD7	ENSG00000156535.nuc.ord	ENSG00000156535.nuc.ord.treefile	8.0	0.125
TarvD7	ENSG00000156574.nuc.ord	ENSG00000156574.nuc.ord.treefile	16.0	0.27586206896551724
TarvD7	ENSG00000156587.nuc.ord	ENSG00000156587.nuc.ord.treefile	30.0	0.5357142857142857
TarvD7	ENSG00000156603.nuc.ord	ENSG00000156603.nuc.ord.treefile	30.0	0.5769230769230769
TarvD7	ENSG00000156639.nuc.ord	ENSG00000156639.nuc.ord.treefile	40.0	0.6666666666666666
TarvD7	ENSG00000156642.nuc.ord	ENSG00000156642.nuc.ord.treefile	32.0	0.48484848484848486
TarvD7	ENSG00000156650.nuc.ord	ENSG00000156650.nuc.ord.treefile	10.0	0.15151515151515152
TarvD7	ENSG00000156671.nuc.ord	ENSG00000156671.nuc.ord.treefile	22.0	0.34375
TarvD7	ENSG00000156675.nuc.ord	ENSG00000156675.nuc.ord.treefile	10.0	0.1724137931034483
TarvD7	ENSG00000156687.nuc.ord	ENSG00000156687.nuc.ord.treefile	12.0	0.18181818181818182
TarvD7	ENSG00000156709.nuc.ord	ENSG00000156709.nuc.ord.treefile	26.0	0.41935483870967744
TarvD7	ENSG00000156711.nuc.ord	ENSG00000156711.nuc.ord.treefile	26.0	0.52
TarvD7	ENSG00000156735.nuc.ord	ENSG00000156735.nuc.ord.treefile	24.0	0.42857142857142855
TarvD7	ENSG00000156738.nuc.ord	ENSG00000156738.nuc.ord.treefile	24.0	0.3870967741935484
TarvD7	ENSG00000156787.nuc.ord	ENSG00000156787.nuc.ord.treefile	14.0	0.22580645161290322
TarvD7	ENSG00000156802.nuc.ord	ENSG00000156802.nuc.ord.treefile	16.0	0.25806451612903225
TarvD7	ENSG00000156804.nuc.ord	ENSG00000156804.nuc.ord.treefile	30.0	0.4838709677419355
TarvD7	ENSG00000156831.nuc.ord	ENSG00000156831.nuc.ord.treefile	32.0	0.5517241379310345
TarvD7	ENSG00000156869.nuc.ord	ENSG00000156869.nuc.ord.treefile	24.0	0.375
TarvD7	ENSG00000156873.nuc.ord	ENSG00000156873.nuc.ord.treefile	12.0	0.20689655172413793
TarvD7	ENSG00000156875.nuc.ord	ENSG00000156875.nuc.ord.treefile	18.0	0.3333333333333333
TarvD7	ENSG00000156876.nuc.ord	ENSG00000156876.nuc.ord.treefile	18.0	0.3103448275862069
TarvD7	ENSG00000156925.nuc.ord	ENSG00000156925.nuc.ord.treefile	16.0	0.32
TarvD7	ENSG00000156928.nuc.ord	ENSG00000156928.nuc.ord.treefile	20.0	0.38461538461538464
TarvD7	ENSG00000156931.nuc.ord	ENSG00000156931.nuc.ord.treefile	24.0	0.3870967741935484
TarvD7	ENSG00000156958.nuc.ord	ENSG00000156958.nuc.ord.treefile	34.0	0.5151515151515151
TarvD7	ENSG00000156968.nuc.ord	ENSG00000156968.nuc.ord.treefile	16.0	0.4444444444444444
TarvD7	ENSG00000156970.nuc.ord	ENSG00000156970.nuc.ord.treefile	12.0	0.1875
TarvD7	ENSG00000156973.nuc.ord	ENSG00000156973.nuc.ord.treefile	22.0	0.3793103448275862
TarvD7	ENSG00000156983.nuc.ord	ENSG00000156983.nuc.ord.treefile	20.0	0.30303030303030304
TarvD7	ENSG00000156990.nuc.ord	ENSG00000156990.nuc.ord.treefile	22.0	0.3793103448275862
TarvD7	ENSG00000157005.nuc.ord	ENSG00000157005.nuc.ord.treefile	34.0	0.5862068965517241
TarvD7	ENSG00000157017.nuc.ord	ENSG00000157017.nuc.ord.treefile	20.0	0.37037037037037035
TarvD7	ENSG00000157020.nuc.ord	ENSG00000157020.nuc.ord.treefile	28.0	0.4827586206896552
TarvD7	ENSG00000157036.nuc.ord	ENSG00000157036.nuc.ord.treefile	26.0	0.41935483870967744
TarvD7	ENSG00000157045.nuc.ord	ENSG00000157045.nuc.ord.treefile	34.0	0.5666666666666667
TarvD7	ENSG00000157060.nuc.ord	ENSG00000157060.nuc.ord.treefile	18.0	0.3
TarvD7	ENSG00000157064.nuc.ord	ENSG00000157064.nuc.ord.treefile	26.0	0.40625
TarvD7	ENSG00000157087.nuc.ord	ENSG00000157087.nuc.ord.treefile	22.0	0.36666666666666664
TarvD7	ENSG00000157106.nuc.ord	ENSG00000157106.nuc.ord.treefile	2.0	0.06666666666666667
TarvD7	ENSG00000157110.nuc.ord	ENSG00000157110.nuc.ord.treefile	48.0	0.7741935483870968
TarvD7	ENSG00000157111.nuc.ord	ENSG00000157111.nuc.ord.treefile	14.0	0.25925925925925924
TarvD7	ENSG00000157131.nuc.ord	ENSG00000157131.nuc.ord.treefile	12.0	0.18181818181818182
TarvD7	ENSG00000157150.nuc.ord	ENSG00000157150.nuc.ord.treefile	20.0	0.35714285714285715
TarvD7	ENSG00000157152.nuc.ord	ENSG00000157152.nuc.ord.treefile	24.0	0.42857142857142855
TarvD7	ENSG00000157181.nuc.ord	ENSG00000157181.nuc.ord.treefile	16.0	0.27586206896551724
TarvD7	ENSG00000157184.nuc.ord	ENSG00000157184.nuc.ord.treefile	22.0	0.3793103448275862
TarvD7	ENSG00000157191.nuc.ord	ENSG00000157191.nuc.ord.treefile	30.0	0.4838709677419355
TarvD7	ENSG00000157193.nuc.ord	ENSG00000157193.nuc.ord.treefile	20.0	0.3448275862068966
TarvD7	ENSG00000157211.nuc.ord	ENSG00000157211.nuc.ord.treefile	32.0	0.5517241379310345
TarvD7	ENSG00000157212.nuc.ord	ENSG00000157212.nuc.ord.treefile	22.0	0.4074074074074074
TarvD7	ENSG00000157214.nuc.ord	ENSG00000157214.nuc.ord.treefile	16.0	0.25806451612903225
TarvD7	ENSG00000157216.nuc.ord	ENSG00000157216.nuc.ord.treefile	32.0	0.5925925925925926
TarvD7	ENSG00000157219.nuc.ord	ENSG00000157219.nuc.ord.treefile	12.0	0.24
TarvD7	ENSG00000157227.nuc.ord	ENSG00000157227.nuc.ord.treefile	20.0	0.37037037037037035
TarvD7	ENSG00000157240.nuc.ord	ENSG00000157240.nuc.ord.treefile	16.0	0.42105263157894735
TarvD7	ENSG00000157259.nuc.ord	ENSG00000157259.nuc.ord.treefile	30.0	0.5172413793103449
TarvD7	ENSG00000157303.nuc.ord	ENSG00000157303.nuc.ord.treefile	14.0	0.25925925925925924
TarvD7	ENSG00000157306.nuc.ord	ENSG00000157306.nuc.ord.treefile	12.0	0.2
TarvD7	ENSG00000157315.nuc.ord	ENSG00000157315.nuc.ord.treefile	10.0	0.15625
TarvD7	ENSG00000157330.nuc.ord	ENSG00000157330.nuc.ord.treefile	18.0	0.32142857142857145
TarvD7	ENSG00000157343.nuc.ord	ENSG00000157343.nuc.ord.treefile	22.0	0.4230769230769231
TarvD7	ENSG00000157350.nuc.ord	ENSG00000157350.nuc.ord.treefile	26.0	0.43333333333333335
TarvD7	ENSG00000157353.nuc.ord	ENSG00000157353.nuc.ord.treefile	12.0	0.2
TarvD7	ENSG00000157368.nuc.ord	ENSG00000157368.nuc.ord.treefile	18.0	0.3333333333333333
TarvD7	ENSG00000157379.nuc.ord	ENSG00000157379.nuc.ord.treefile	28.0	0.4666666666666667
TarvD7	ENSG00000157388.nuc.ord	ENSG00000157388.nuc.ord.treefile	14.0	0.21875
TarvD7	ENSG00000157404.nuc.ord	ENSG00000157404.nuc.ord.treefile	16.0	0.24242424242424243
TarvD7	ENSG00000157426.nuc.ord	ENSG00000157426.nuc.ord.treefile	8.0	0.125
TarvD7	ENSG00000157445.nuc.ord	ENSG00000157445.nuc.ord.treefile	12.0	0.23076923076923078
TarvD7	ENSG00000157450.nuc.ord	ENSG00000157450.nuc.ord.treefile	16.0	0.24242424242424243
TarvD7	ENSG00000157456.nuc.ord	ENSG00000157456.nuc.ord.treefile	28.0	0.4666666666666667
TarvD7	ENSG00000157470.nuc.ord	ENSG00000157470.nuc.ord.treefile	30.0	0.46875
TarvD7	ENSG00000157483.nuc.ord	ENSG00000157483.nuc.ord.treefile	14.0	0.21875
TarvD7	ENSG00000157500.nuc.ord	ENSG00000157500.nuc.ord.treefile	6.0	0.10344827586206896
TarvD7	ENSG00000157510.nuc.ord	ENSG00000157510.nuc.ord.treefile	12.0	0.1875
TarvD7	ENSG00000157538.nuc.ord	ENSG00000157538.nuc.ord.treefile	28.0	0.4666666666666667
TarvD7	ENSG00000157540.nuc.ord	ENSG00000157540.nuc.ord.treefile	24.0	0.375
TarvD7	ENSG00000157542.nuc.ord	ENSG00000157542.nuc.ord.treefile	38.0	0.5757575757575758
TarvD7	ENSG00000157551.nuc.ord	ENSG00000157551.nuc.ord.treefile	30.0	0.6818181818181818
TarvD7	ENSG00000157554.nuc.ord	ENSG00000157554.nuc.ord.treefile	24.0	0.41379310344827586
TarvD7	ENSG00000157570.nuc.ord	ENSG00000157570.nuc.ord.treefile	24.0	0.4444444444444444
TarvD7	ENSG00000157578.nuc.ord	ENSG00000157578.nuc.ord.treefile	18.0	0.3103448275862069
TarvD7	ENSG00000157593.nuc.ord	ENSG00000157593.nuc.ord.treefile	22.0	0.4074074074074074
TarvD7	ENSG00000157600.nuc.ord	ENSG00000157600.nuc.ord.treefile	24.0	0.5217391304347826
TarvD7	ENSG00000157613.nuc.ord	ENSG00000157613.nuc.ord.treefile	36.0	0.6
TarvD7	ENSG00000157617.nuc.ord	ENSG00000157617.nuc.ord.treefile	10.0	0.17857142857142858
TarvD7	ENSG00000157625.nuc.ord	ENSG00000157625.nuc.ord.treefile	30.0	0.5172413793103449
TarvD7	ENSG00000157637.nuc.ord	ENSG00000157637.nuc.ord.treefile	12.0	0.23076923076923078
TarvD7	ENSG00000157657.nuc.ord	ENSG00000157657.nuc.ord.treefile	20.0	0.38461538461538464
TarvD7	ENSG00000157680.nuc.ord	ENSG00000157680.nuc.ord.treefile	16.0	0.24242424242424243
TarvD7	ENSG00000157693.nuc.ord	ENSG00000157693.nuc.ord.treefile	24.0	0.3870967741935484
TarvD7	ENSG00000157703.nuc.ord	ENSG00000157703.nuc.ord.treefile	24.0	0.41379310344827586
TarvD7	ENSG00000157734.nuc.ord	ENSG00000157734.nuc.ord.treefile	14.0	0.28
TarvD7	ENSG00000157741.nuc.ord	ENSG00000157741.nuc.ord.treefile	14.0	0.23333333333333334
TarvD7	ENSG00000157764.nuc.ord	ENSG00000157764.nuc.ord.treefile	24.0	0.375
TarvD7	ENSG00000157766.nuc.ord	ENSG00000157766.nuc.ord.treefile	10.0	0.16666666666666666
TarvD7	ENSG00000157796.nuc.ord	ENSG00000157796.nuc.ord.treefile	12.0	0.1875
TarvD7	ENSG00000157800.nuc.ord	ENSG00000157800.nuc.ord.treefile	26.0	0.43333333333333335
TarvD7	ENSG00000157823.nuc.ord	ENSG00000157823.nuc.ord.treefile	18.0	0.42857142857142855
TarvD7	ENSG00000157837.nuc.ord	ENSG00000157837.nuc.ord.treefile	28.0	0.4827586206896552
TarvD7	ENSG00000157851.nuc.ord	ENSG00000157851.nuc.ord.treefile	28.0	0.4375
TarvD7	ENSG00000157856.nuc.ord	ENSG00000157856.nuc.ord.treefile	14.0	0.2413793103448276
TarvD7	ENSG00000157869.nuc.ord	ENSG00000157869.nuc.ord.treefile	32.0	0.5517241379310345
TarvD7	ENSG00000157870.nuc.ord	ENSG00000157870.nuc.ord.treefile	28.0	0.7
TarvD7	ENSG00000157881.nuc.ord	ENSG00000157881.nuc.ord.treefile	16.0	0.3333333333333333
TarvD7	ENSG00000157884.nuc.ord	ENSG00000157884.nuc.ord.treefile	44.0	0.7586206896551724
TarvD7	ENSG00000157890.nuc.ord	ENSG00000157890.nuc.ord.treefile	14.0	0.2692307692307692
TarvD7	ENSG00000157895.nuc.ord	ENSG00000157895.nuc.ord.treefile	16.0	0.2962962962962963
TarvD7	ENSG00000157916.nuc.ord	ENSG00000157916.nuc.ord.treefile	38.0	0.6785714285714286
TarvD7	ENSG00000157933.nuc.ord	ENSG00000157933.nuc.ord.treefile	6.0	0.13043478260869565
TarvD7	ENSG00000157954.nuc.ord	ENSG00000157954.nuc.ord.treefile	24.0	0.4
TarvD7	ENSG00000157978.nuc.ord	ENSG00000157978.nuc.ord.treefile	18.0	0.3103448275862069
TarvD7	ENSG00000157992.nuc.ord	ENSG00000157992.nuc.ord.treefile	18.0	0.3103448275862069
TarvD7	ENSG00000157999.nuc.ord	ENSG00000157999.nuc.ord.treefile	22.0	0.39285714285714285
TarvD7	ENSG00000158006.nuc.ord	ENSG00000158006.nuc.ord.treefile	20.0	0.3225806451612903
TarvD7	ENSG00000158008.nuc.ord	ENSG00000158008.nuc.ord.treefile	14.0	0.25
TarvD7	ENSG00000158014.nuc.ord	ENSG00000158014.nuc.ord.treefile	26.0	0.4482758620689655
TarvD7	ENSG00000158019.nuc.ord	ENSG00000158019.nuc.ord.treefile	26.0	0.3939393939393939
TarvD7	ENSG00000158022.nuc.ord	ENSG00000158022.nuc.ord.treefile	34.0	0.5666666666666667
TarvD7	ENSG00000158023.nuc.ord	ENSG00000158023.nuc.ord.treefile	18.0	0.28125
TarvD7	ENSG00000158042.nuc.ord	ENSG00000158042.nuc.ord.treefile	26.0	0.48148148148148145
TarvD7	ENSG00000158055.nuc.ord	ENSG00000158055.nuc.ord.treefile	6.0	0.09090909090909091
TarvD7	ENSG00000158062.nuc.ord	ENSG00000158062.nuc.ord.treefile	8.0	0.14814814814814814
TarvD7	ENSG00000158079.nuc.ord	ENSG00000158079.nuc.ord.treefile	8.0	0.125
TarvD7	ENSG00000158089.nuc.ord	ENSG00000158089.nuc.ord.treefile	22.0	0.44
TarvD7	ENSG00000158104.nuc.ord	ENSG00000158104.nuc.ord.treefile	26.0	0.4642857142857143
TarvD7	ENSG00000158122.nuc.ord	ENSG00000158122.nuc.ord.treefile	24.0	0.48
TarvD7	ENSG00000158125.nuc.ord	ENSG00000158125.nuc.ord.treefile	8.0	0.12903225806451613
TarvD7	ENSG00000158156.nuc.ord	ENSG00000158156.nuc.ord.treefile	16.0	0.38095238095238093
TarvD7	ENSG00000158161.nuc.ord	ENSG00000158161.nuc.ord.treefile	26.0	0.3939393939393939
TarvD7	ENSG00000158163.nuc.ord	ENSG00000158163.nuc.ord.treefile	10.0	0.18518518518518517
TarvD7	ENSG00000158169.nuc.ord	ENSG00000158169.nuc.ord.treefile	12.0	0.1935483870967742
TarvD7	ENSG00000158186.nuc.ord	ENSG00000158186.nuc.ord.treefile	34.0	0.6296296296296297
TarvD7	ENSG00000158201.nuc.ord	ENSG00000158201.nuc.ord.treefile	24.0	0.41379310344827586
TarvD7	ENSG00000158220.nuc.ord	ENSG00000158220.nuc.ord.treefile	8.0	0.14285714285714285
TarvD7	ENSG00000158246.nuc.ord	ENSG00000158246.nuc.ord.treefile	16.0	0.2857142857142857
TarvD7	ENSG00000158258.nuc.ord	ENSG00000158258.nuc.ord.treefile	16.0	0.24242424242424243
TarvD7	ENSG00000158270.nuc.ord	ENSG00000158270.nuc.ord.treefile	10.0	0.2
TarvD7	ENSG00000158290.nuc.ord	ENSG00000158290.nuc.ord.treefile	22.0	0.36666666666666664
TarvD7	ENSG00000158296.nuc.ord	ENSG00000158296.nuc.ord.treefile	22.0	0.34375
TarvD7	ENSG00000158315.nuc.ord	ENSG00000158315.nuc.ord.treefile	20.0	0.3125
TarvD7	ENSG00000158321.nuc.ord	ENSG00000158321.nuc.ord.treefile	28.0	0.45161290322580644
TarvD7	ENSG00000158352.nuc.ord	ENSG00000158352.nuc.ord.treefile	6.0	0.09375
TarvD7	ENSG00000158411.nuc.ord	ENSG00000158411.nuc.ord.treefile	24.0	0.4
TarvD7	ENSG00000158417.nuc.ord	ENSG00000158417.nuc.ord.treefile	16.0	0.27586206896551724
TarvD7	ENSG00000158435.nuc.ord	ENSG00000158435.nuc.ord.treefile	36.0	0.5454545454545454
TarvD7	ENSG00000158445.nuc.ord	ENSG00000158445.nuc.ord.treefile	30.0	0.5172413793103449
TarvD7	ENSG00000158457.nuc.ord	ENSG00000158457.nuc.ord.treefile	28.0	0.45161290322580644
TarvD7	ENSG00000158467.nuc.ord	ENSG00000158467.nuc.ord.treefile	32.0	0.5161290322580645
TarvD7	ENSG00000158470.nuc.ord	ENSG00000158470.nuc.ord.treefile	26.0	0.40625
TarvD7	ENSG00000158480.nuc.ord	ENSG00000158480.nuc.ord.treefile	12.0	0.2608695652173913
TarvD7	ENSG00000158516.nuc.ord	ENSG00000158516.nuc.ord.treefile	16.0	0.27586206896551724
TarvD7	ENSG00000158525.nuc.ord	ENSG00000158525.nuc.ord.treefile	10.0	0.15625
TarvD7	ENSG00000158526.nuc.ord	ENSG00000158526.nuc.ord.treefile	30.0	0.5769230769230769
TarvD7	ENSG00000158528.nuc.ord	ENSG00000158528.nuc.ord.treefile	24.0	0.375
TarvD7	ENSG00000158545.nuc.ord	ENSG00000158545.nuc.ord.treefile	14.0	0.25
TarvD7	ENSG00000158552.nuc.ord	ENSG00000158552.nuc.ord.treefile	14.0	0.23333333333333334
TarvD7	ENSG00000158555.nuc.ord	ENSG00000158555.nuc.ord.treefile	20.0	0.3448275862068966
TarvD7	ENSG00000158560.nuc.ord	ENSG00000158560.nuc.ord.treefile	28.0	0.42424242424242425
TarvD7	ENSG00000158571.nuc.ord	ENSG00000158571.nuc.ord.treefile	16.0	0.26666666666666666
TarvD7	ENSG00000158578.nuc.ord	ENSG00000158578.nuc.ord.treefile	16.0	0.25
TarvD7	ENSG00000158604.nuc.ord	ENSG00000158604.nuc.ord.treefile	14.0	0.25
TarvD7	ENSG00000158615.nuc.ord	ENSG00000158615.nuc.ord.treefile	10.0	0.20833333333333334
TarvD7	ENSG00000158636.nuc.ord	ENSG00000158636.nuc.ord.treefile	16.0	0.24242424242424243
TarvD7	ENSG00000158669.nuc.ord	ENSG00000158669.nuc.ord.treefile	30.0	0.5172413793103449
TarvD7	ENSG00000158711.nuc.ord	ENSG00000158711.nuc.ord.treefile	20.0	0.3333333333333333
TarvD7	ENSG00000158714.nuc.ord	ENSG00000158714.nuc.ord.treefile	28.0	0.5
TarvD7	ENSG00000158715.nuc.ord	ENSG00000158715.nuc.ord.treefile	18.0	0.32142857142857145
TarvD7	ENSG00000158769.nuc.ord	ENSG00000158769.nuc.ord.treefile	24.0	0.41379310344827586
TarvD7	ENSG00000158773.nuc.ord	ENSG00000158773.nuc.ord.treefile	24.0	0.41379310344827586
TarvD7	ENSG00000158786.nuc.ord	ENSG00000158786.nuc.ord.treefile	22.0	0.4074074074074074
TarvD7	ENSG00000158793.nuc.ord	ENSG00000158793.nuc.ord.treefile	32.0	0.5517241379310345
TarvD7	ENSG00000158796.nuc.ord	ENSG00000158796.nuc.ord.treefile	30.0	0.5555555555555556
TarvD7	ENSG00000158805.nuc.ord	ENSG00000158805.nuc.ord.treefile	14.0	0.23333333333333334
TarvD7	ENSG00000158806.nuc.ord	ENSG00000158806.nuc.ord.treefile	14.0	0.35
TarvD7	ENSG00000158813.nuc.ord	ENSG00000158813.nuc.ord.treefile	20.0	0.3448275862068966
TarvD7	ENSG00000158816.nuc.ord	ENSG00000158816.nuc.ord.treefile	12.0	0.1875
TarvD7	ENSG00000158825.nuc.ord	ENSG00000158825.nuc.ord.treefile	24.0	0.41379310344827586
TarvD7	ENSG00000158828.nuc.ord	ENSG00000158828.nuc.ord.treefile	22.0	0.36666666666666664
TarvD7	ENSG00000158850.nuc.ord	ENSG00000158850.nuc.ord.treefile	18.0	0.3103448275862069
TarvD7	ENSG00000158859.nuc.ord	ENSG00000158859.nuc.ord.treefile	12.0	0.21428571428571427
TarvD7	ENSG00000158864.nuc.ord	ENSG00000158864.nuc.ord.treefile	24.0	0.3870967741935484
TarvD7	ENSG00000158865.nuc.ord	ENSG00000158865.nuc.ord.treefile	12.0	0.2
TarvD7	ENSG00000158869.nuc.ord	ENSG00000158869.nuc.ord.treefile	28.0	0.5833333333333334
TarvD7	ENSG00000158882.nuc.ord	ENSG00000158882.nuc.ord.treefile	36.0	0.5806451612903226
TarvD7	ENSG00000158941.nuc.ord	ENSG00000158941.nuc.ord.treefile	12.0	0.1935483870967742
TarvD7	ENSG00000158955.nuc.ord	ENSG00000158955.nuc.ord.treefile	12.0	0.25
TarvD7	ENSG00000158966.nuc.ord	ENSG00000158966.nuc.ord.treefile	28.0	0.42424242424242425
TarvD7	ENSG00000158987.nuc.ord	ENSG00000158987.nuc.ord.treefile	8.0	0.125
TarvD7	ENSG00000159023.nuc.ord	ENSG00000159023.nuc.ord.treefile	16.0	0.25
TarvD7	ENSG00000159063.nuc.ord	ENSG00000159063.nuc.ord.treefile	14.0	0.21875
TarvD7	ENSG00000159069.nuc.ord	ENSG00000159069.nuc.ord.treefile	14.0	0.2916666666666667
TarvD7	ENSG00000159082.nuc.ord	ENSG00000159082.nuc.ord.treefile	22.0	0.34375
TarvD7	ENSG00000159086.nuc.ord	ENSG00000159086.nuc.ord.treefile	22.0	0.3333333333333333
TarvD7	ENSG00000159110.nuc.ord	ENSG00000159110.nuc.ord.treefile	16.0	0.2857142857142857
TarvD7	ENSG00000159128.nuc.ord	ENSG00000159128.nuc.ord.treefile	26.0	0.48148148148148145
TarvD7	ENSG00000159131.nuc.ord	ENSG00000159131.nuc.ord.treefile	12.0	0.1935483870967742
TarvD7	ENSG00000159140.nuc.ord	ENSG00000159140.nuc.ord.treefile	8.0	0.13793103448275862
TarvD7	ENSG00000159147.nuc.ord	ENSG00000159147.nuc.ord.treefile	16.0	0.26666666666666666
TarvD7	ENSG00000159164.nuc.ord	ENSG00000159164.nuc.ord.treefile	16.0	0.25806451612903225
TarvD7	ENSG00000159166.nuc.ord	ENSG00000159166.nuc.ord.treefile	28.0	0.4827586206896552
TarvD7	ENSG00000159167.nuc.ord	ENSG00000159167.nuc.ord.treefile	34.0	0.53125
TarvD7	ENSG00000159173.nuc.ord	ENSG00000159173.nuc.ord.treefile	22.0	0.5238095238095238
TarvD7	ENSG00000159176.nuc.ord	ENSG00000159176.nuc.ord.treefile	28.0	0.5
TarvD7	ENSG00000159184.nuc.ord	ENSG00000159184.nuc.ord.treefile	24.0	0.41379310344827586
TarvD7	ENSG00000159189.nuc.ord	ENSG00000159189.nuc.ord.treefile	20.0	0.47619047619047616
TarvD7	ENSG00000159197.nuc.ord	ENSG00000159197.nuc.ord.treefile	32.0	0.5517241379310345
TarvD7	ENSG00000159199.nuc.ord	ENSG00000159199.nuc.ord.treefile	26.0	0.6190476190476191
TarvD7	ENSG00000159200.nuc.ord	ENSG00000159200.nuc.ord.treefile	22.0	0.4074074074074074
TarvD7	ENSG00000159202.nuc.ord	ENSG00000159202.nuc.ord.treefile	48.0	0.75
TarvD7	ENSG00000159208.nuc.ord	ENSG00000159208.nuc.ord.treefile	20.0	0.3125
TarvD7	ENSG00000159210.nuc.ord	ENSG00000159210.nuc.ord.treefile	40.0	0.6451612903225806
TarvD7	ENSG00000159212.nuc.ord	ENSG00000159212.nuc.ord.treefile	18.0	0.45
TarvD7	ENSG00000159214.nuc.ord	ENSG00000159214.nuc.ord.treefile	16.0	0.36363636363636365
TarvD7	ENSG00000159216.nuc.ord	ENSG00000159216.nuc.ord.treefile	24.0	0.41379310344827586
TarvD7	ENSG00000159217.nuc.ord	ENSG00000159217.nuc.ord.treefile	24.0	0.36363636363636365
TarvD7	ENSG00000159224.nuc.ord	ENSG00000159224.nuc.ord.treefile	20.0	0.35714285714285715
TarvD7	ENSG00000159248.nuc.ord	ENSG00000159248.nuc.ord.treefile	18.0	0.36
TarvD7	ENSG00000159256.nuc.ord	ENSG00000159256.nuc.ord.treefile	24.0	0.3870967741935484
TarvD7	ENSG00000159259.nuc.ord	ENSG00000159259.nuc.ord.treefile	30.0	0.5
TarvD7	ENSG00000159261.nuc.ord	ENSG00000159261.nuc.ord.treefile	28.0	0.7
TarvD7	ENSG00000159263.nuc.ord	ENSG00000159263.nuc.ord.treefile	34.0	0.6296296296296297
TarvD7	ENSG00000159267.nuc.ord	ENSG00000159267.nuc.ord.treefile	16.0	0.26666666666666666
TarvD7	ENSG00000159314.nuc.ord	ENSG00000159314.nuc.ord.treefile	22.0	0.39285714285714285
TarvD7	ENSG00000159322.nuc.ord	ENSG00000159322.nuc.ord.treefile	26.0	0.41935483870967744
TarvD7	ENSG00000159335.nuc.ord	ENSG00000159335.nuc.ord.treefile	22.0	0.6111111111111112
TarvD7	ENSG00000159337.nuc.ord	ENSG00000159337.nuc.ord.treefile	20.0	0.35714285714285715
TarvD7	ENSG00000159339.nuc.ord	ENSG00000159339.nuc.ord.treefile	16.0	0.2962962962962963
TarvD7	ENSG00000159348.nuc.ord	ENSG00000159348.nuc.ord.treefile	24.0	0.375
TarvD7	ENSG00000159352.nuc.ord	ENSG00000159352.nuc.ord.treefile	26.0	0.48148148148148145
TarvD7	ENSG00000159363.nuc.ord	ENSG00000159363.nuc.ord.treefile	14.0	0.23333333333333334
TarvD7	ENSG00000159374.nuc.ord	ENSG00000159374.nuc.ord.treefile	14.0	0.22580645161290322
TarvD7	ENSG00000159377.nuc.ord	ENSG00000159377.nuc.ord.treefile	28.0	0.4666666666666667
TarvD7	ENSG00000159387.nuc.ord	ENSG00000159387.nuc.ord.treefile	20.0	0.35714285714285715
TarvD7	ENSG00000159399.nuc.ord	ENSG00000159399.nuc.ord.treefile	12.0	0.1935483870967742
TarvD7	ENSG00000159403.nuc.ord	ENSG00000159403.nuc.ord.treefile	24.0	0.42857142857142855
TarvD7	ENSG00000159450.nuc.ord	ENSG00000159450.nuc.ord.treefile	22.0	0.7333333333333333
TarvD7	ENSG00000159459.nuc.ord	ENSG00000159459.nuc.ord.treefile	12.0	0.1875
TarvD7	ENSG00000159461.nuc.ord	ENSG00000159461.nuc.ord.treefile	16.0	0.24242424242424243
TarvD7	ENSG00000159479.nuc.ord	ENSG00000159479.nuc.ord.treefile	24.0	0.4
TarvD7	ENSG00000159495.nuc.ord	ENSG00000159495.nuc.ord.treefile	14.0	0.23333333333333334
TarvD7	ENSG00000159556.nuc.ord	ENSG00000159556.nuc.ord.treefile	24.0	0.5217391304347826
TarvD7	ENSG00000159579.nuc.ord	ENSG00000159579.nuc.ord.treefile	22.0	0.36666666666666664
TarvD7	ENSG00000159588.nuc.ord	ENSG00000159588.nuc.ord.treefile	14.0	0.23333333333333334
TarvD7	ENSG00000159592.nuc.ord	ENSG00000159592.nuc.ord.treefile	12.0	0.21428571428571427
TarvD7	ENSG00000159593.nuc.ord	ENSG00000159593.nuc.ord.treefile	18.0	0.3103448275862069
TarvD7	ENSG00000159596.nuc.ord	ENSG00000159596.nuc.ord.treefile	16.0	0.3333333333333333
TarvD7	ENSG00000159625.nuc.ord	ENSG00000159625.nuc.ord.treefile	26.0	0.43333333333333335
TarvD7	ENSG00000159640.nuc.ord	ENSG00000159640.nuc.ord.treefile	20.0	0.3448275862068966
TarvD7	ENSG00000159648.nuc.ord	ENSG00000159648.nuc.ord.treefile	10.0	0.19230769230769232
TarvD7	ENSG00000159650.nuc.ord	ENSG00000159650.nuc.ord.treefile	6.0	0.125
TarvD7	ENSG00000159658.nuc.ord	ENSG00000159658.nuc.ord.treefile	14.0	0.22580645161290322
TarvD7	ENSG00000159674.nuc.ord	ENSG00000159674.nuc.ord.treefile	28.0	0.6086956521739131
TarvD7	ENSG00000159708.nuc.ord	ENSG00000159708.nuc.ord.treefile	8.0	0.12121212121212122
TarvD7	ENSG00000159713.nuc.ord	ENSG00000159713.nuc.ord.treefile	20.0	0.43478260869565216
TarvD7	ENSG00000159720.nuc.ord	ENSG00000159720.nuc.ord.treefile	30.0	0.5172413793103449
TarvD7	ENSG00000159723.nuc.ord	ENSG00000159723.nuc.ord.treefile	22.0	0.3793103448275862
TarvD7	ENSG00000159761.nuc.ord	ENSG00000159761.nuc.ord.treefile	14.0	0.3888888888888889
TarvD7	ENSG00000159788.nuc.ord	ENSG00000159788.nuc.ord.treefile	18.0	0.3333333333333333
TarvD7	ENSG00000159792.nuc.ord	ENSG00000159792.nuc.ord.treefile	22.0	0.44
TarvD7	ENSG00000159842.nuc.ord	ENSG00000159842.nuc.ord.treefile	26.0	0.43333333333333335
TarvD7	ENSG00000159873.nuc.ord	ENSG00000159873.nuc.ord.treefile	8.0	0.14285714285714285
TarvD7	ENSG00000159884.nuc.ord	ENSG00000159884.nuc.ord.treefile	22.0	0.4074074074074074
TarvD7	ENSG00000159899.nuc.ord	ENSG00000159899.nuc.ord.treefile	14.0	0.21212121212121213
TarvD7	ENSG00000159921.nuc.ord	ENSG00000159921.nuc.ord.treefile	18.0	0.2727272727272727
TarvD7	ENSG00000160007.nuc.ord	ENSG00000160007.nuc.ord.treefile	30.0	0.5
TarvD7	ENSG00000160049.nuc.ord	ENSG00000160049.nuc.ord.treefile	22.0	0.39285714285714285
TarvD7	ENSG00000160050.nuc.ord	ENSG00000160050.nuc.ord.treefile	20.0	0.4
TarvD7	ENSG00000160055.nuc.ord	ENSG00000160055.nuc.ord.treefile	42.0	0.7241379310344828
TarvD7	ENSG00000160058.nuc.ord	ENSG00000160058.nuc.ord.treefile	12.0	0.2
TarvD7	ENSG00000160062.nuc.ord	ENSG00000160062.nuc.ord.treefile	12.0	0.3
TarvD7	ENSG00000160094.nuc.ord	ENSG00000160094.nuc.ord.treefile	22.0	0.36666666666666664
TarvD7	ENSG00000160097.nuc.ord	ENSG00000160097.nuc.ord.treefile	32.0	0.6666666666666666
TarvD7	ENSG00000160131.nuc.ord	ENSG00000160131.nuc.ord.treefile	40.0	0.7407407407407407
TarvD7	ENSG00000160145.nuc.ord	ENSG00000160145.nuc.ord.treefile	16.0	0.26666666666666666
TarvD7	ENSG00000160180.nuc.ord	ENSG00000160180.nuc.ord.treefile	14.0	0.3888888888888889
TarvD7	ENSG00000160183.nuc.ord	ENSG00000160183.nuc.ord.treefile	14.0	0.2692307692307692
TarvD7	ENSG00000160185.nuc.ord	ENSG00000160185.nuc.ord.treefile	16.0	0.26666666666666666
TarvD7	ENSG00000160190.nuc.ord	ENSG00000160190.nuc.ord.treefile	10.0	0.17857142857142858
TarvD7	ENSG00000160191.nuc.ord	ENSG00000160191.nuc.ord.treefile	24.0	0.42857142857142855
TarvD7	ENSG00000160193.nuc.ord	ENSG00000160193.nuc.ord.treefile	12.0	0.23076923076923078
TarvD7	ENSG00000160194.nuc.ord	ENSG00000160194.nuc.ord.treefile	20.0	0.37037037037037035
TarvD7	ENSG00000160199.nuc.ord	ENSG00000160199.nuc.ord.treefile	24.0	0.4
TarvD7	ENSG00000160200.nuc.ord	ENSG00000160200.nuc.ord.treefile	12.0	0.25
TarvD7	ENSG00000160207.nuc.ord	ENSG00000160207.nuc.ord.treefile	30.0	0.5172413793103449
TarvD7	ENSG00000160208.nuc.ord	ENSG00000160208.nuc.ord.treefile	6.0	0.11538461538461539
TarvD7	ENSG00000160213.nuc.ord	ENSG00000160213.nuc.ord.treefile	16.0	0.5
TarvD7	ENSG00000160214.nuc.ord	ENSG00000160214.nuc.ord.treefile	22.0	0.44
TarvD7	ENSG00000160219.nuc.ord	ENSG00000160219.nuc.ord.treefile	24.0	0.4
TarvD7	ENSG00000160221.nuc.ord	ENSG00000160221.nuc.ord.treefile	24.0	0.46153846153846156
TarvD7	ENSG00000160223.nuc.ord	ENSG00000160223.nuc.ord.treefile	22.0	0.4583333333333333
TarvD7	ENSG00000160226.nuc.ord	ENSG00000160226.nuc.ord.treefile	10.0	0.20833333333333334
TarvD7	ENSG00000160233.nuc.ord	ENSG00000160233.nuc.ord.treefile	16.0	0.4
TarvD7	ENSG00000160285.nuc.ord	ENSG00000160285.nuc.ord.treefile	24.0	0.4
TarvD7	ENSG00000160294.nuc.ord	ENSG00000160294.nuc.ord.treefile	4.0	0.06451612903225806
TarvD7	ENSG00000160299.nuc.ord	ENSG00000160299.nuc.ord.treefile	10.0	0.17857142857142858
TarvD7	ENSG00000160305.nuc.ord	ENSG00000160305.nuc.ord.treefile	6.0	0.10344827586206896
TarvD7	ENSG00000160310.nuc.ord	ENSG00000160310.nuc.ord.treefile	12.0	0.20689655172413793
TarvD7	ENSG00000160318.nuc.ord	ENSG00000160318.nuc.ord.treefile	18.0	0.391304347826087
TarvD7	ENSG00000160323.nuc.ord	ENSG00000160323.nuc.ord.treefile	6.0	0.10344827586206896
TarvD7	ENSG00000160325.nuc.ord	ENSG00000160325.nuc.ord.treefile	20.0	0.4166666666666667
TarvD7	ENSG00000160392.nuc.ord	ENSG00000160392.nuc.ord.treefile	24.0	0.42857142857142855
TarvD7	ENSG00000160396.nuc.ord	ENSG00000160396.nuc.ord.treefile	14.0	0.25
TarvD7	ENSG00000160401.nuc.ord	ENSG00000160401.nuc.ord.treefile	16.0	0.2962962962962963
TarvD7	ENSG00000160404.nuc.ord	ENSG00000160404.nuc.ord.treefile	14.0	0.23333333333333334
TarvD7	ENSG00000160408.nuc.ord	ENSG00000160408.nuc.ord.treefile	42.0	0.7241379310344828
TarvD7	ENSG00000160410.nuc.ord	ENSG00000160410.nuc.ord.treefile	28.0	0.5384615384615384
TarvD7	ENSG00000160439.nuc.ord	ENSG00000160439.nuc.ord.treefile	26.0	0.48148148148148145
TarvD7	ENSG00000160445.nuc.ord	ENSG00000160445.nuc.ord.treefile	34.0	0.53125
TarvD7	ENSG00000160446.nuc.ord	ENSG00000160446.nuc.ord.treefile	34.0	0.7083333333333334
TarvD7	ENSG00000160447.nuc.ord	ENSG00000160447.nuc.ord.treefile	20.0	0.37037037037037035
TarvD7	ENSG00000160469.nuc.ord	ENSG00000160469.nuc.ord.treefile	32.0	0.5517241379310345
TarvD7	ENSG00000160539.nuc.ord	ENSG00000160539.nuc.ord.treefile	30.0	0.6
TarvD7	ENSG00000160551.nuc.ord	ENSG00000160551.nuc.ord.treefile	10.0	0.15151515151515152
TarvD7	ENSG00000160563.nuc.ord	ENSG00000160563.nuc.ord.treefile	32.0	0.5333333333333333
TarvD7	ENSG00000160588.nuc.ord	ENSG00000160588.nuc.ord.treefile	22.0	0.34375
TarvD7	ENSG00000160593.nuc.ord	ENSG00000160593.nuc.ord.treefile	28.0	0.4827586206896552
TarvD7	ENSG00000160602.nuc.ord	ENSG00000160602.nuc.ord.treefile	20.0	0.3333333333333333
TarvD7	ENSG00000160606.nuc.ord	ENSG00000160606.nuc.ord.treefile	16.0	0.27586206896551724
TarvD7	ENSG00000160613.nuc.ord	ENSG00000160613.nuc.ord.treefile	10.0	0.17857142857142858
TarvD7	ENSG00000160633.nuc.ord	ENSG00000160633.nuc.ord.treefile	12.0	0.2222222222222222
TarvD7	ENSG00000160654.nuc.ord	ENSG00000160654.nuc.ord.treefile	30.0	0.4838709677419355
TarvD7	ENSG00000160678.nuc.ord	ENSG00000160678.nuc.ord.treefile	28.0	0.6666666666666666
TarvD7	ENSG00000160688.nuc.ord	ENSG00000160688.nuc.ord.treefile	10.0	0.16666666666666666
TarvD7	ENSG00000160691.nuc.ord	ENSG00000160691.nuc.ord.treefile	24.0	0.41379310344827586
TarvD7	ENSG00000160695.nuc.ord	ENSG00000160695.nuc.ord.treefile	10.0	0.15625
TarvD7	ENSG00000160703.nuc.ord	ENSG00000160703.nuc.ord.treefile	26.0	0.43333333333333335
TarvD7	ENSG00000160710.nuc.ord	ENSG00000160710.nuc.ord.treefile	10.0	0.16666666666666666
TarvD7	ENSG00000160712.nuc.ord	ENSG00000160712.nuc.ord.treefile	22.0	0.39285714285714285
TarvD7	ENSG00000160714.nuc.ord	ENSG00000160714.nuc.ord.treefile	46.0	0.7666666666666667
TarvD7	ENSG00000160716.nuc.ord	ENSG00000160716.nuc.ord.treefile	16.0	0.36363636363636365
TarvD7	ENSG00000160746.nuc.ord	ENSG00000160746.nuc.ord.treefile	22.0	0.36666666666666664
TarvD7	ENSG00000160753.nuc.ord	ENSG00000160753.nuc.ord.treefile	28.0	0.6363636363636364
TarvD7	ENSG00000160785.nuc.ord	ENSG00000160785.nuc.ord.treefile	32.0	0.5714285714285714
TarvD7	ENSG00000160789.nuc.ord	ENSG00000160789.nuc.ord.treefile	20.0	0.3333333333333333
TarvD7	ENSG00000160796.nuc.ord	ENSG00000160796.nuc.ord.treefile	6.0	0.10344827586206896
TarvD7	ENSG00000160801.nuc.ord	ENSG00000160801.nuc.ord.treefile	20.0	0.3448275862068966
TarvD7	ENSG00000160808.nuc.ord	ENSG00000160808.nuc.ord.treefile	26.0	0.48148148148148145
TarvD7	ENSG00000160813.nuc.ord	ENSG00000160813.nuc.ord.treefile	26.0	0.52
TarvD7	ENSG00000160818.nuc.ord	ENSG00000160818.nuc.ord.treefile	24.0	0.5217391304347826
TarvD7	ENSG00000160867.nuc.ord	ENSG00000160867.nuc.ord.treefile	24.0	0.42857142857142855
TarvD7	ENSG00000160877.nuc.ord	ENSG00000160877.nuc.ord.treefile	30.0	0.625
TarvD7	ENSG00000160883.nuc.ord	ENSG00000160883.nuc.ord.treefile	18.0	0.32142857142857145
TarvD7	ENSG00000160948.nuc.ord	ENSG00000160948.nuc.ord.treefile	36.0	0.6923076923076923
TarvD7	ENSG00000160949.nuc.ord	ENSG00000160949.nuc.ord.treefile	20.0	0.37037037037037035
TarvD7	ENSG00000160951.nuc.ord	ENSG00000160951.nuc.ord.treefile	14.0	0.3684210526315789
TarvD7	ENSG00000160957.nuc.ord	ENSG00000160957.nuc.ord.treefile	6.0	0.10344827586206896
TarvD7	ENSG00000160967.nuc.ord	ENSG00000160967.nuc.ord.treefile	18.0	0.3
TarvD7	ENSG00000160991.nuc.ord	ENSG00000160991.nuc.ord.treefile	30.0	0.5555555555555556
TarvD7	ENSG00000160993.nuc.ord	ENSG00000160993.nuc.ord.treefile	22.0	0.4230769230769231
TarvD7	ENSG00000160994.nuc.ord	ENSG00000160994.nuc.ord.treefile	20.0	0.4166666666666667
TarvD7	ENSG00000161011.nuc.ord	ENSG00000161011.nuc.ord.treefile	24.0	0.46153846153846156
TarvD7	ENSG00000161016.nuc.ord	ENSG00000161016.nuc.ord.treefile	8.0	0.26666666666666666
TarvD7	ENSG00000161021.nuc.ord	ENSG00000161021.nuc.ord.treefile	14.0	0.25925925925925924
TarvD7	ENSG00000161036.nuc.ord	ENSG00000161036.nuc.ord.treefile	18.0	0.3333333333333333
TarvD7	ENSG00000161040.nuc.ord	ENSG00000161040.nuc.ord.treefile	16.0	0.2857142857142857
TarvD7	ENSG00000161048.nuc.ord	ENSG00000161048.nuc.ord.treefile	26.0	0.43333333333333335
TarvD7	ENSG00000161055.nuc.ord	ENSG00000161055.nuc.ord.treefile	14.0	0.3333333333333333
TarvD7	ENSG00000161057.nuc.ord	ENSG00000161057.nuc.ord.treefile	22.0	0.34375
TarvD7	ENSG00000161091.nuc.ord	ENSG00000161091.nuc.ord.treefile	22.0	0.44
TarvD7	ENSG00000161179.nuc.ord	ENSG00000161179.nuc.ord.treefile	22.0	0.4782608695652174
TarvD7	ENSG00000161202.nuc.ord	ENSG00000161202.nuc.ord.treefile	22.0	0.36666666666666664
TarvD7	ENSG00000161203.nuc.ord	ENSG00000161203.nuc.ord.treefile	26.0	0.48148148148148145
TarvD7	ENSG00000161204.nuc.ord	ENSG00000161204.nuc.ord.treefile	18.0	0.34615384615384615
TarvD7	ENSG00000161217.nuc.ord	ENSG00000161217.nuc.ord.treefile	28.0	0.45161290322580644
TarvD7	ENSG00000161243.nuc.ord	ENSG00000161243.nuc.ord.treefile	18.0	0.5
TarvD7	ENSG00000161249.nuc.ord	ENSG00000161249.nuc.ord.treefile	28.0	0.5
TarvD7	ENSG00000161265.nuc.ord	ENSG00000161265.nuc.ord.treefile	42.0	0.84
TarvD7	ENSG00000161267.nuc.ord	ENSG00000161267.nuc.ord.treefile	26.0	0.4642857142857143
TarvD7	ENSG00000161270.nuc.ord	ENSG00000161270.nuc.ord.treefile	8.0	0.17391304347826086
TarvD7	ENSG00000161326.nuc.ord	ENSG00000161326.nuc.ord.treefile	22.0	0.4230769230769231
TarvD7	ENSG00000161328.nuc.ord	ENSG00000161328.nuc.ord.treefile	20.0	0.4166666666666667
TarvD7	ENSG00000161381.nuc.ord	ENSG00000161381.nuc.ord.treefile	26.0	0.41935483870967744
TarvD7	ENSG00000161395.nuc.ord	ENSG00000161395.nuc.ord.treefile	30.0	0.5555555555555556
TarvD7	ENSG00000161405.nuc.ord	ENSG00000161405.nuc.ord.treefile	34.0	0.53125
TarvD7	ENSG00000161509.nuc.ord	ENSG00000161509.nuc.ord.treefile	14.0	0.28
TarvD7	ENSG00000161526.nuc.ord	ENSG00000161526.nuc.ord.treefile	34.0	0.53125
TarvD7	ENSG00000161533.nuc.ord	ENSG00000161533.nuc.ord.treefile	20.0	0.3225806451612903
TarvD7	ENSG00000161542.nuc.ord	ENSG00000161542.nuc.ord.treefile	30.0	0.4838709677419355
TarvD7	ENSG00000161544.nuc.ord	ENSG00000161544.nuc.ord.treefile	22.0	0.5
TarvD7	ENSG00000161558.nuc.ord	ENSG00000161558.nuc.ord.treefile	16.0	0.3076923076923077
TarvD7	ENSG00000161594.nuc.ord	ENSG00000161594.nuc.ord.treefile	28.0	0.4375
TarvD7	ENSG00000161638.nuc.ord	ENSG00000161638.nuc.ord.treefile	16.0	0.26666666666666666
TarvD7	ENSG00000161647.nuc.ord	ENSG00000161647.nuc.ord.treefile	14.0	0.21875
TarvD7	ENSG00000161664.nuc.ord	ENSG00000161664.nuc.ord.treefile	14.0	0.25
TarvD7	ENSG00000161677.nuc.ord	ENSG00000161677.nuc.ord.treefile	18.0	0.6428571428571429
TarvD7	ENSG00000161714.nuc.ord	ENSG00000161714.nuc.ord.treefile	24.0	0.46153846153846156
TarvD7	ENSG00000161791.nuc.ord	ENSG00000161791.nuc.ord.treefile	22.0	0.3793103448275862
TarvD7	ENSG00000161800.nuc.ord	ENSG00000161800.nuc.ord.treefile	16.0	0.26666666666666666
TarvD7	ENSG00000161813.nuc.ord	ENSG00000161813.nuc.ord.treefile	14.0	0.23333333333333334
TarvD7	ENSG00000161849.nuc.ord	ENSG00000161849.nuc.ord.treefile	10.0	0.2
TarvD7	ENSG00000161850.nuc.ord	ENSG00000161850.nuc.ord.treefile	16.0	0.2962962962962963
TarvD7	ENSG00000161860.nuc.ord	ENSG00000161860.nuc.ord.treefile	24.0	0.5
TarvD7	ENSG00000161896.nuc.ord	ENSG00000161896.nuc.ord.treefile	22.0	0.3548387096774194
TarvD7	ENSG00000161904.nuc.ord	ENSG00000161904.nuc.ord.treefile	12.0	0.21428571428571427
TarvD7	ENSG00000161905.nuc.ord	ENSG00000161905.nuc.ord.treefile	10.0	0.3125
TarvD7	ENSG00000161911.nuc.ord	ENSG00000161911.nuc.ord.treefile	24.0	0.375
TarvD7	ENSG00000161920.nuc.ord	ENSG00000161920.nuc.ord.treefile	22.0	0.4583333333333333
TarvD7	ENSG00000161921.nuc.ord	ENSG00000161921.nuc.ord.treefile	14.0	0.30434782608695654
TarvD7	ENSG00000161929.nuc.ord	ENSG00000161929.nuc.ord.treefile	20.0	0.38461538461538464
TarvD7	ENSG00000161939.nuc.ord	ENSG00000161939.nuc.ord.treefile	28.0	0.5833333333333334
TarvD7	ENSG00000161940.nuc.ord	ENSG00000161940.nuc.ord.treefile	14.0	0.21875
TarvD7	ENSG00000161960.nuc.ord	ENSG00000161960.nuc.ord.treefile	18.0	0.42857142857142855
TarvD7	ENSG00000161973.nuc.ord	ENSG00000161973.nuc.ord.treefile	20.0	0.3333333333333333
TarvD7	ENSG00000161981.nuc.ord	ENSG00000161981.nuc.ord.treefile	38.0	0.7037037037037037
TarvD7	ENSG00000162032.nuc.ord	ENSG00000162032.nuc.ord.treefile	10.0	0.25
TarvD7	ENSG00000162039.nuc.ord	ENSG00000162039.nuc.ord.treefile	18.0	0.28125
TarvD7	ENSG00000162040.nuc.ord	ENSG00000162040.nuc.ord.treefile	24.0	0.631578947368421
TarvD7	ENSG00000162063.nuc.ord	ENSG00000162063.nuc.ord.treefile	20.0	0.3448275862068966
TarvD7	ENSG00000162065.nuc.ord	ENSG00000162065.nuc.ord.treefile	28.0	0.5
TarvD7	ENSG00000162066.nuc.ord	ENSG00000162066.nuc.ord.treefile	18.0	0.3333333333333333
TarvD7	ENSG00000162068.nuc.ord	ENSG00000162068.nuc.ord.treefile	6.0	0.16666666666666666
TarvD7	ENSG00000162104.nuc.ord	ENSG00000162104.nuc.ord.treefile	10.0	0.18518518518518517
TarvD7	ENSG00000162105.nuc.ord	ENSG00000162105.nuc.ord.treefile	16.0	0.2962962962962963
TarvD7	ENSG00000162129.nuc.ord	ENSG00000162129.nuc.ord.treefile	8.0	0.12121212121212122
TarvD7	ENSG00000162139.nuc.ord	ENSG00000162139.nuc.ord.treefile	14.0	0.23333333333333334
TarvD7	ENSG00000162144.nuc.ord	ENSG00000162144.nuc.ord.treefile	20.0	0.3225806451612903
TarvD7	ENSG00000162174.nuc.ord	ENSG00000162174.nuc.ord.treefile	20.0	0.3448275862068966
TarvD7	ENSG00000162191.nuc.ord	ENSG00000162191.nuc.ord.treefile	30.0	0.4838709677419355
TarvD7	ENSG00000162222.nuc.ord	ENSG00000162222.nuc.ord.treefile	38.0	0.6785714285714286
TarvD7	ENSG00000162227.nuc.ord	ENSG00000162227.nuc.ord.treefile	26.0	0.5416666666666666
TarvD7	ENSG00000162236.nuc.ord	ENSG00000162236.nuc.ord.treefile	28.0	0.4666666666666667
TarvD7	ENSG00000162241.nuc.ord	ENSG00000162241.nuc.ord.treefile	28.0	0.5185185185185185
TarvD7	ENSG00000162267.nuc.ord	ENSG00000162267.nuc.ord.treefile	28.0	0.5
TarvD7	ENSG00000162290.nuc.ord	ENSG00000162290.nuc.ord.treefile	14.0	0.22580645161290322
TarvD7	ENSG00000162298.nuc.ord	ENSG00000162298.nuc.ord.treefile	30.0	0.6
TarvD7	ENSG00000162300.nuc.ord	ENSG00000162300.nuc.ord.treefile	12.0	0.21428571428571427
TarvD7	ENSG00000162337.nuc.ord	ENSG00000162337.nuc.ord.treefile	10.0	0.21739130434782608
TarvD7	ENSG00000162366.nuc.ord	ENSG00000162366.nuc.ord.treefile	30.0	0.6521739130434783
TarvD7	ENSG00000162368.nuc.ord	ENSG00000162368.nuc.ord.treefile	18.0	0.45
TarvD7	ENSG00000162373.nuc.ord	ENSG00000162373.nuc.ord.treefile	36.0	0.5625
TarvD7	ENSG00000162374.nuc.ord	ENSG00000162374.nuc.ord.treefile	34.0	0.5483870967741935
TarvD7	ENSG00000162377.nuc.ord	ENSG00000162377.nuc.ord.treefile	18.0	0.3333333333333333
TarvD7	ENSG00000162378.nuc.ord	ENSG00000162378.nuc.ord.treefile	18.0	0.3
TarvD7	ENSG00000162384.nuc.ord	ENSG00000162384.nuc.ord.treefile	24.0	0.42857142857142855
TarvD7	ENSG00000162390.nuc.ord	ENSG00000162390.nuc.ord.treefile	24.0	0.41379310344827586
TarvD7	ENSG00000162391.nuc.ord	ENSG00000162391.nuc.ord.treefile	16.0	0.3333333333333333
TarvD7	ENSG00000162398.nuc.ord	ENSG00000162398.nuc.ord.treefile	20.0	0.3448275862068966
TarvD7	ENSG00000162399.nuc.ord	ENSG00000162399.nuc.ord.treefile	16.0	0.32
TarvD7	ENSG00000162402.nuc.ord	ENSG00000162402.nuc.ord.treefile	16.0	0.25806451612903225
TarvD7	ENSG00000162407.nuc.ord	ENSG00000162407.nuc.ord.treefile	36.0	0.6206896551724138
TarvD7	ENSG00000162408.nuc.ord	ENSG00000162408.nuc.ord.treefile	10.0	0.16666666666666666
TarvD7	ENSG00000162409.nuc.ord	ENSG00000162409.nuc.ord.treefile	24.0	0.36363636363636365
TarvD7	ENSG00000162419.nuc.ord	ENSG00000162419.nuc.ord.treefile	24.0	0.4
TarvD7	ENSG00000162426.nuc.ord	ENSG00000162426.nuc.ord.treefile	18.0	0.3333333333333333
TarvD7	ENSG00000162430.nuc.ord	ENSG00000162430.nuc.ord.treefile	32.0	0.6153846153846154
TarvD7	ENSG00000162434.nuc.ord	ENSG00000162434.nuc.ord.treefile	30.0	0.45454545454545453
TarvD7	ENSG00000162437.nuc.ord	ENSG00000162437.nuc.ord.treefile	18.0	0.3
TarvD7	ENSG00000162438.nuc.ord	ENSG00000162438.nuc.ord.treefile	28.0	0.56
TarvD7	ENSG00000162441.nuc.ord	ENSG00000162441.nuc.ord.treefile	34.0	0.6538461538461539
TarvD7	ENSG00000162458.nuc.ord	ENSG00000162458.nuc.ord.treefile	28.0	0.5185185185185185
TarvD7	ENSG00000162461.nuc.ord	ENSG00000162461.nuc.ord.treefile	22.0	0.44
TarvD7	ENSG00000162490.nuc.ord	ENSG00000162490.nuc.ord.treefile	14.0	0.25925925925925924
TarvD7	ENSG00000162493.nuc.ord	ENSG00000162493.nuc.ord.treefile	22.0	0.4074074074074074
TarvD7	ENSG00000162496.nuc.ord	ENSG00000162496.nuc.ord.treefile	38.0	0.6129032258064516
TarvD7	ENSG00000162511.nuc.ord	ENSG00000162511.nuc.ord.treefile	22.0	0.4074074074074074
TarvD7	ENSG00000162517.nuc.ord	ENSG00000162517.nuc.ord.treefile	26.0	0.48148148148148145
TarvD7	ENSG00000162520.nuc.ord	ENSG00000162520.nuc.ord.treefile	18.0	0.391304347826087
TarvD7	ENSG00000162521.nuc.ord	ENSG00000162521.nuc.ord.treefile	22.0	0.5789473684210527
TarvD7	ENSG00000162522.nuc.ord	ENSG00000162522.nuc.ord.treefile	8.0	0.18181818181818182
TarvD7	ENSG00000162526.nuc.ord	ENSG00000162526.nuc.ord.treefile	28.0	0.5
TarvD7	ENSG00000162542.nuc.ord	ENSG00000162542.nuc.ord.treefile	20.0	0.3333333333333333
TarvD7	ENSG00000162543.nuc.ord	ENSG00000162543.nuc.ord.treefile	14.0	0.35
TarvD7	ENSG00000162551.nuc.ord	ENSG00000162551.nuc.ord.treefile	20.0	0.4
TarvD7	ENSG00000162571.nuc.ord	ENSG00000162571.nuc.ord.treefile	22.0	0.4583333333333333
TarvD7	ENSG00000162594.nuc.ord	ENSG00000162594.nuc.ord.treefile	20.0	0.3225806451612903
TarvD7	ENSG00000162598.nuc.ord	ENSG00000162598.nuc.ord.treefile	12.0	0.1875
TarvD7	ENSG00000162599.nuc.ord	ENSG00000162599.nuc.ord.treefile	28.0	0.5185185185185185
TarvD7	ENSG00000162600.nuc.ord	ENSG00000162600.nuc.ord.treefile	6.0	0.09375
TarvD7	ENSG00000162601.nuc.ord	ENSG00000162601.nuc.ord.treefile	14.0	0.2413793103448276
TarvD7	ENSG00000162604.nuc.ord	ENSG00000162604.nuc.ord.treefile	40.0	0.6666666666666666
TarvD7	ENSG00000162607.nuc.ord	ENSG00000162607.nuc.ord.treefile	22.0	0.3548387096774194
TarvD7	ENSG00000162614.nuc.ord	ENSG00000162614.nuc.ord.treefile	14.0	0.22580645161290322
TarvD7	ENSG00000162618.nuc.ord	ENSG00000162618.nuc.ord.treefile	12.0	0.1935483870967742
TarvD7	ENSG00000162620.nuc.ord	ENSG00000162620.nuc.ord.treefile	26.0	0.4642857142857143
TarvD7	ENSG00000162623.nuc.ord	ENSG00000162623.nuc.ord.treefile	28.0	0.4375
TarvD7	ENSG00000162624.nuc.ord	ENSG00000162624.nuc.ord.treefile	32.0	0.5714285714285714
TarvD7	ENSG00000162627.nuc.ord	ENSG00000162627.nuc.ord.treefile	32.0	0.5161290322580645
TarvD7	ENSG00000162630.nuc.ord	ENSG00000162630.nuc.ord.treefile	18.0	0.375
TarvD7	ENSG00000162631.nuc.ord	ENSG00000162631.nuc.ord.treefile	24.0	0.3870967741935484
TarvD7	ENSG00000162636.nuc.ord	ENSG00000162636.nuc.ord.treefile	32.0	0.5161290322580645
TarvD7	ENSG00000162639.nuc.ord	ENSG00000162639.nuc.ord.treefile	14.0	0.25
TarvD7	ENSG00000162641.nuc.ord	ENSG00000162641.nuc.ord.treefile	8.0	0.12121212121212122
TarvD7	ENSG00000162642.nuc.ord	ENSG00000162642.nuc.ord.treefile	28.0	0.56
TarvD7	ENSG00000162643.nuc.ord	ENSG00000162643.nuc.ord.treefile	20.0	0.3225806451612903
TarvD7	ENSG00000162650.nuc.ord	ENSG00000162650.nuc.ord.treefile	16.0	0.2857142857142857
TarvD7	ENSG00000162664.nuc.ord	ENSG00000162664.nuc.ord.treefile	26.0	0.43333333333333335
TarvD7	ENSG00000162670.nuc.ord	ENSG00000162670.nuc.ord.treefile	34.0	0.5666666666666667
TarvD7	ENSG00000162676.nuc.ord	ENSG00000162676.nuc.ord.treefile	10.0	0.2
TarvD7	ENSG00000162687.nuc.ord	ENSG00000162687.nuc.ord.treefile	14.0	0.21875
TarvD7	ENSG00000162688.nuc.ord	ENSG00000162688.nuc.ord.treefile	18.0	0.2903225806451613
TarvD7	ENSG00000162692.nuc.ord	ENSG00000162692.nuc.ord.treefile	16.0	0.25
TarvD7	ENSG00000162694.nuc.ord	ENSG00000162694.nuc.ord.treefile	16.0	0.25
TarvD7	ENSG00000162695.nuc.ord	ENSG00000162695.nuc.ord.treefile	38.0	0.5757575757575758
TarvD7	ENSG00000162704.nuc.ord	ENSG00000162704.nuc.ord.treefile	34.0	0.6538461538461539
TarvD7	ENSG00000162706.nuc.ord	ENSG00000162706.nuc.ord.treefile	24.0	0.41379310344827586
TarvD7	ENSG00000162714.nuc.ord	ENSG00000162714.nuc.ord.treefile	28.0	0.4666666666666667
TarvD7	ENSG00000162722.nuc.ord	ENSG00000162722.nuc.ord.treefile	14.0	0.25
TarvD7	ENSG00000162723.nuc.ord	ENSG00000162723.nuc.ord.treefile	16.0	0.2857142857142857
TarvD7	ENSG00000162733.nuc.ord	ENSG00000162733.nuc.ord.treefile	24.0	0.4
TarvD7	ENSG00000162736.nuc.ord	ENSG00000162736.nuc.ord.treefile	12.0	0.1935483870967742
TarvD7	ENSG00000162739.nuc.ord	ENSG00000162739.nuc.ord.treefile	20.0	0.38461538461538464
TarvD7	ENSG00000162745.nuc.ord	ENSG00000162745.nuc.ord.treefile	24.0	0.41379310344827586
TarvD7	ENSG00000162755.nuc.ord	ENSG00000162755.nuc.ord.treefile	18.0	0.34615384615384615
TarvD7	ENSG00000162757.nuc.ord	ENSG00000162757.nuc.ord.treefile	12.0	0.2608695652173913
TarvD7	ENSG00000162761.nuc.ord	ENSG00000162761.nuc.ord.treefile	24.0	0.41379310344827586
TarvD7	ENSG00000162763.nuc.ord	ENSG00000162763.nuc.ord.treefile	20.0	0.4
TarvD7	ENSG00000162769.nuc.ord	ENSG00000162769.nuc.ord.treefile	22.0	0.36666666666666664
TarvD7	ENSG00000162775.nuc.ord	ENSG00000162775.nuc.ord.treefile	12.0	0.23076923076923078
TarvD7	ENSG00000162777.nuc.ord	ENSG00000162777.nuc.ord.treefile	18.0	0.28125
TarvD7	ENSG00000162779.nuc.ord	ENSG00000162779.nuc.ord.treefile	14.0	0.22580645161290322
TarvD7	ENSG00000162782.nuc.ord	ENSG00000162782.nuc.ord.treefile	10.0	0.15625
TarvD7	ENSG00000162783.nuc.ord	ENSG00000162783.nuc.ord.treefile	14.0	0.7777777777777778
TarvD7	ENSG00000162813.nuc.ord	ENSG00000162813.nuc.ord.treefile	30.0	0.5
TarvD7	ENSG00000162814.nuc.ord	ENSG00000162814.nuc.ord.treefile	28.0	0.4666666666666667
TarvD7	ENSG00000162817.nuc.ord	ENSG00000162817.nuc.ord.treefile	26.0	0.6190476190476191
TarvD7	ENSG00000162819.nuc.ord	ENSG00000162819.nuc.ord.treefile	18.0	0.2727272727272727
TarvD7	ENSG00000162836.nuc.ord	ENSG00000162836.nuc.ord.treefile	10.0	0.16666666666666666
TarvD7	ENSG00000162843.nuc.ord	ENSG00000162843.nuc.ord.treefile	4.0	0.06451612903225806
TarvD7	ENSG00000162849.nuc.ord	ENSG00000162849.nuc.ord.treefile	18.0	0.32142857142857145
TarvD7	ENSG00000162851.nuc.ord	ENSG00000162851.nuc.ord.treefile	26.0	0.43333333333333335
TarvD7	ENSG00000162869.nuc.ord	ENSG00000162869.nuc.ord.treefile	22.0	0.3333333333333333
TarvD7	ENSG00000162873.nuc.ord	ENSG00000162873.nuc.ord.treefile	26.0	0.52
TarvD7	ENSG00000162877.nuc.ord	ENSG00000162877.nuc.ord.treefile	22.0	0.34375
TarvD7	ENSG00000162878.nuc.ord	ENSG00000162878.nuc.ord.treefile	18.0	0.3333333333333333
TarvD7	ENSG00000162885.nuc.ord	ENSG00000162885.nuc.ord.treefile	28.0	0.4375
TarvD7	ENSG00000162889.nuc.ord	ENSG00000162889.nuc.ord.treefile	36.0	0.5806451612903226
TarvD7	ENSG00000162891.nuc.ord	ENSG00000162891.nuc.ord.treefile	24.0	0.41379310344827586
TarvD7	ENSG00000162892.nuc.ord	ENSG00000162892.nuc.ord.treefile	14.0	0.25925925925925924
TarvD7	ENSG00000162894.nuc.ord	ENSG00000162894.nuc.ord.treefile	16.0	0.2962962962962963
TarvD7	ENSG00000162896.nuc.ord	ENSG00000162896.nuc.ord.treefile	10.0	0.16129032258064516
TarvD7	ENSG00000162897.nuc.ord	ENSG00000162897.nuc.ord.treefile	12.0	0.20689655172413793
TarvD7	ENSG00000162909.nuc.ord	ENSG00000162909.nuc.ord.treefile	28.0	0.4666666666666667
TarvD7	ENSG00000162910.nuc.ord	ENSG00000162910.nuc.ord.treefile	14.0	0.30434782608695654
TarvD7	ENSG00000162923.nuc.ord	ENSG00000162923.nuc.ord.treefile	28.0	0.4375
TarvD7	ENSG00000162924.nuc.ord	ENSG00000162924.nuc.ord.treefile	16.0	0.27586206896551724
TarvD7	ENSG00000162927.nuc.ord	ENSG00000162927.nuc.ord.treefile	18.0	0.28125
TarvD7	ENSG00000162928.nuc.ord	ENSG00000162928.nuc.ord.treefile	14.0	0.2413793103448276
TarvD7	ENSG00000162929.nuc.ord	ENSG00000162929.nuc.ord.treefile	20.0	0.3125
TarvD7	ENSG00000162944.nuc.ord	ENSG00000162944.nuc.ord.treefile	34.0	0.5151515151515151
TarvD7	ENSG00000162949.nuc.ord	ENSG00000162949.nuc.ord.treefile	16.0	0.3076923076923077
TarvD7	ENSG00000162951.nuc.ord	ENSG00000162951.nuc.ord.treefile	14.0	0.4666666666666667
TarvD7	ENSG00000162961.nuc.ord	ENSG00000162961.nuc.ord.treefile	38.0	0.6129032258064516
TarvD7	ENSG00000162971.nuc.ord	ENSG00000162971.nuc.ord.treefile	32.0	0.5925925925925926
TarvD7	ENSG00000162972.nuc.ord	ENSG00000162972.nuc.ord.treefile	26.0	0.4482758620689655
TarvD7	ENSG00000162975.nuc.ord	ENSG00000162975.nuc.ord.treefile	22.0	0.5238095238095238
TarvD7	ENSG00000162976.nuc.ord	ENSG00000162976.nuc.ord.treefile	16.0	0.2962962962962963
TarvD7	ENSG00000162981.nuc.ord	ENSG00000162981.nuc.ord.treefile	36.0	0.782608695652174
TarvD7	ENSG00000162989.nuc.ord	ENSG00000162989.nuc.ord.treefile	36.0	0.6
TarvD7	ENSG00000162994.nuc.ord	ENSG00000162994.nuc.ord.treefile	16.0	0.25
TarvD7	ENSG00000162998.nuc.ord	ENSG00000162998.nuc.ord.treefile	32.0	0.5714285714285714
TarvD7	ENSG00000162999.nuc.ord	ENSG00000162999.nuc.ord.treefile	44.0	0.6875
TarvD7	ENSG00000163001.nuc.ord	ENSG00000163001.nuc.ord.treefile	14.0	0.21875
TarvD7	ENSG00000163002.nuc.ord	ENSG00000163002.nuc.ord.treefile	20.0	0.3225806451612903
TarvD7	ENSG00000163006.nuc.ord	ENSG00000163006.nuc.ord.treefile	12.0	0.18181818181818182
TarvD7	ENSG00000163012.nuc.ord	ENSG00000163012.nuc.ord.treefile	18.0	0.3
TarvD7	ENSG00000163017.nuc.ord	ENSG00000163017.nuc.ord.treefile	32.0	0.6666666666666666
TarvD7	ENSG00000163026.nuc.ord	ENSG00000163026.nuc.ord.treefile	12.0	0.2222222222222222
TarvD7	ENSG00000163029.nuc.ord	ENSG00000163029.nuc.ord.treefile	14.0	0.22580645161290322
TarvD7	ENSG00000163053.nuc.ord	ENSG00000163053.nuc.ord.treefile	24.0	0.42857142857142855
TarvD7	ENSG00000163069.nuc.ord	ENSG00000163069.nuc.ord.treefile	30.0	0.5172413793103449
TarvD7	ENSG00000163071.nuc.ord	ENSG00000163071.nuc.ord.treefile	14.0	0.22580645161290322
TarvD7	ENSG00000163072.nuc.ord	ENSG00000163072.nuc.ord.treefile	6.0	0.09090909090909091
TarvD7	ENSG00000163075.nuc.ord	ENSG00000163075.nuc.ord.treefile	16.0	0.25
TarvD7	ENSG00000163082.nuc.ord	ENSG00000163082.nuc.ord.treefile	22.0	0.3793103448275862
TarvD7	ENSG00000163083.nuc.ord	ENSG00000163083.nuc.ord.treefile	12.0	0.2857142857142857
TarvD7	ENSG00000163092.nuc.ord	ENSG00000163092.nuc.ord.treefile	10.0	0.16666666666666666
TarvD7	ENSG00000163093.nuc.ord	ENSG00000163093.nuc.ord.treefile	34.0	0.53125
TarvD7	ENSG00000163104.nuc.ord	ENSG00000163104.nuc.ord.treefile	16.0	0.25
TarvD7	ENSG00000163106.nuc.ord	ENSG00000163106.nuc.ord.treefile	28.0	0.4666666666666667
TarvD7	ENSG00000163110.nuc.ord	ENSG00000163110.nuc.ord.treefile	20.0	0.3448275862068966
TarvD7	ENSG00000163113.nuc.ord	ENSG00000163113.nuc.ord.treefile	14.0	0.2692307692307692
TarvD7	ENSG00000163116.nuc.ord	ENSG00000163116.nuc.ord.treefile	12.0	0.2
TarvD7	ENSG00000163126.nuc.ord	ENSG00000163126.nuc.ord.treefile	10.0	0.18518518518518517
TarvD7	ENSG00000163131.nuc.ord	ENSG00000163131.nuc.ord.treefile	18.0	0.3103448275862069
TarvD7	ENSG00000163132.nuc.ord	ENSG00000163132.nuc.ord.treefile	18.0	0.36
TarvD7	ENSG00000163138.nuc.ord	ENSG00000163138.nuc.ord.treefile	34.0	0.5151515151515151
TarvD7	ENSG00000163141.nuc.ord	ENSG00000163141.nuc.ord.treefile	30.0	0.5
TarvD7	ENSG00000163145.nuc.ord	ENSG00000163145.nuc.ord.treefile	20.0	0.3225806451612903
TarvD7	ENSG00000163154.nuc.ord	ENSG00000163154.nuc.ord.treefile	24.0	0.46153846153846156
TarvD7	ENSG00000163155.nuc.ord	ENSG00000163155.nuc.ord.treefile	20.0	0.35714285714285715
TarvD7	ENSG00000163156.nuc.ord	ENSG00000163156.nuc.ord.treefile	20.0	0.35714285714285715
TarvD7	ENSG00000163157.nuc.ord	ENSG00000163157.nuc.ord.treefile	18.0	0.32142857142857145
TarvD7	ENSG00000163159.nuc.ord	ENSG00000163159.nuc.ord.treefile	24.0	0.42857142857142855
TarvD7	ENSG00000163161.nuc.ord	ENSG00000163161.nuc.ord.treefile	18.0	0.3
TarvD7	ENSG00000163162.nuc.ord	ENSG00000163162.nuc.ord.treefile	12.0	0.20689655172413793
TarvD7	ENSG00000163166.nuc.ord	ENSG00000163166.nuc.ord.treefile	24.0	0.3870967741935484
TarvD7	ENSG00000163171.nuc.ord	ENSG00000163171.nuc.ord.treefile	14.0	0.2692307692307692
TarvD7	ENSG00000163214.nuc.ord	ENSG00000163214.nuc.ord.treefile	12.0	0.1935483870967742
TarvD7	ENSG00000163217.nuc.ord	ENSG00000163217.nuc.ord.treefile	14.0	0.22580645161290322
TarvD7	ENSG00000163219.nuc.ord	ENSG00000163219.nuc.ord.treefile	18.0	0.28125
TarvD7	ENSG00000163235.nuc.ord	ENSG00000163235.nuc.ord.treefile	40.0	0.6451612903225806
TarvD7	ENSG00000163263.nuc.ord	ENSG00000163263.nuc.ord.treefile	30.0	0.5555555555555556
TarvD7	ENSG00000163273.nuc.ord	ENSG00000163273.nuc.ord.treefile	28.0	0.5833333333333334
TarvD7	ENSG00000163281.nuc.ord	ENSG00000163281.nuc.ord.treefile	28.0	0.4666666666666667
TarvD7	ENSG00000163285.nuc.ord	ENSG00000163285.nuc.ord.treefile	12.0	0.1875
TarvD7	ENSG00000163288.nuc.ord	ENSG00000163288.nuc.ord.treefile	28.0	0.5185185185185185
TarvD7	ENSG00000163291.nuc.ord	ENSG00000163291.nuc.ord.treefile	42.0	0.7
TarvD7	ENSG00000163293.nuc.ord	ENSG00000163293.nuc.ord.treefile	20.0	0.3225806451612903
TarvD7	ENSG00000163297.nuc.ord	ENSG00000163297.nuc.ord.treefile	24.0	0.3870967741935484
TarvD7	ENSG00000163312.nuc.ord	ENSG00000163312.nuc.ord.treefile	8.0	0.12121212121212122
TarvD7	ENSG00000163319.nuc.ord	ENSG00000163319.nuc.ord.treefile	34.0	0.6071428571428571
TarvD7	ENSG00000163328.nuc.ord	ENSG00000163328.nuc.ord.treefile	14.0	0.21212121212121213
TarvD7	ENSG00000163344.nuc.ord	ENSG00000163344.nuc.ord.treefile	40.0	0.6451612903225806
TarvD7	ENSG00000163347.nuc.ord	ENSG00000163347.nuc.ord.treefile	14.0	0.22580645161290322
TarvD7	ENSG00000163349.nuc.ord	ENSG00000163349.nuc.ord.treefile	32.0	0.5161290322580645
TarvD7	ENSG00000163357.nuc.ord	ENSG00000163357.nuc.ord.treefile	18.0	0.3103448275862069
TarvD7	ENSG00000163359.nuc.ord	ENSG00000163359.nuc.ord.treefile	6.0	0.1
TarvD7	ENSG00000163376.nuc.ord	ENSG00000163376.nuc.ord.treefile	20.0	0.35714285714285715
TarvD7	ENSG00000163377.nuc.ord	ENSG00000163377.nuc.ord.treefile	26.0	0.4482758620689655
TarvD7	ENSG00000163378.nuc.ord	ENSG00000163378.nuc.ord.treefile	14.0	0.22580645161290322
TarvD7	ENSG00000163380.nuc.ord	ENSG00000163380.nuc.ord.treefile	16.0	0.26666666666666666
TarvD7	ENSG00000163389.nuc.ord	ENSG00000163389.nuc.ord.treefile	24.0	0.375
TarvD7	ENSG00000163393.nuc.ord	ENSG00000163393.nuc.ord.treefile	24.0	0.42857142857142855
TarvD7	ENSG00000163394.nuc.ord	ENSG00000163394.nuc.ord.treefile	22.0	0.4074074074074074
TarvD7	ENSG00000163395.nuc.ord	ENSG00000163395.nuc.ord.treefile	8.0	0.18181818181818182
TarvD7	ENSG00000163399.nuc.ord	ENSG00000163399.nuc.ord.treefile	32.0	0.5333333333333333
TarvD7	ENSG00000163406.nuc.ord	ENSG00000163406.nuc.ord.treefile	6.0	0.0967741935483871
TarvD7	ENSG00000163412.nuc.ord	ENSG00000163412.nuc.ord.treefile	38.0	0.59375
TarvD7	ENSG00000163428.nuc.ord	ENSG00000163428.nuc.ord.treefile	26.0	0.4642857142857143
TarvD7	ENSG00000163430.nuc.ord	ENSG00000163430.nuc.ord.treefile	28.0	0.6086956521739131
TarvD7	ENSG00000163431.nuc.ord	ENSG00000163431.nuc.ord.treefile	28.0	0.5
TarvD7	ENSG00000163435.nuc.ord	ENSG00000163435.nuc.ord.treefile	10.0	0.1724137931034483
TarvD7	ENSG00000163440.nuc.ord	ENSG00000163440.nuc.ord.treefile	38.0	0.6333333333333333
TarvD7	ENSG00000163444.nuc.ord	ENSG00000163444.nuc.ord.treefile	16.0	0.26666666666666666
TarvD7	ENSG00000163449.nuc.ord	ENSG00000163449.nuc.ord.treefile	20.0	0.45454545454545453
TarvD7	ENSG00000163462.nuc.ord	ENSG00000163462.nuc.ord.treefile	22.0	0.4230769230769231
TarvD7	ENSG00000163463.nuc.ord	ENSG00000163463.nuc.ord.treefile	38.0	0.6333333333333333
TarvD7	ENSG00000163466.nuc.ord	ENSG00000163466.nuc.ord.treefile	40.0	0.6451612903225806
TarvD7	ENSG00000163467.nuc.ord	ENSG00000163467.nuc.ord.treefile	22.0	0.4230769230769231
TarvD7	ENSG00000163468.nuc.ord	ENSG00000163468.nuc.ord.treefile	20.0	0.35714285714285715
TarvD7	ENSG00000163472.nuc.ord	ENSG00000163472.nuc.ord.treefile	18.0	0.3103448275862069
TarvD7	ENSG00000163479.nuc.ord	ENSG00000163479.nuc.ord.treefile	20.0	0.38461538461538464
TarvD7	ENSG00000163481.nuc.ord	ENSG00000163481.nuc.ord.treefile	16.0	0.26666666666666666
TarvD7	ENSG00000163482.nuc.ord	ENSG00000163482.nuc.ord.treefile	16.0	0.25
TarvD7	ENSG00000163485.nuc.ord	ENSG00000163485.nuc.ord.treefile	28.0	0.5185185185185185
TarvD7	ENSG00000163486.nuc.ord	ENSG00000163486.nuc.ord.treefile	18.0	0.2903225806451613
TarvD7	ENSG00000163491.nuc.ord	ENSG00000163491.nuc.ord.treefile	22.0	0.36666666666666664
TarvD7	ENSG00000163492.nuc.ord	ENSG00000163492.nuc.ord.treefile	16.0	0.27586206896551724
TarvD7	ENSG00000163499.nuc.ord	ENSG00000163499.nuc.ord.treefile	10.0	0.21739130434782608
TarvD7	ENSG00000163501.nuc.ord	ENSG00000163501.nuc.ord.treefile	16.0	0.3076923076923077
TarvD7	ENSG00000163507.nuc.ord	ENSG00000163507.nuc.ord.treefile	10.0	0.16666666666666666
TarvD7	ENSG00000163508.nuc.ord	ENSG00000163508.nuc.ord.treefile	14.0	0.2916666666666667
TarvD7	ENSG00000163512.nuc.ord	ENSG00000163512.nuc.ord.treefile	22.0	0.34375
TarvD7	ENSG00000163513.nuc.ord	ENSG00000163513.nuc.ord.treefile	22.0	0.4074074074074074
TarvD7	ENSG00000163516.nuc.ord	ENSG00000163516.nuc.ord.treefile	6.0	0.09375
TarvD7	ENSG00000163517.nuc.ord	ENSG00000163517.nuc.ord.treefile	28.0	0.4666666666666667
TarvD7	ENSG00000163519.nuc.ord	ENSG00000163519.nuc.ord.treefile	24.0	0.375
TarvD7	ENSG00000163521.nuc.ord	ENSG00000163521.nuc.ord.treefile	16.0	0.25806451612903225
TarvD7	ENSG00000163527.nuc.ord	ENSG00000163527.nuc.ord.treefile	26.0	0.41935483870967744
TarvD7	ENSG00000163531.nuc.ord	ENSG00000163531.nuc.ord.treefile	16.0	0.2962962962962963
TarvD7	ENSG00000163535.nuc.ord	ENSG00000163535.nuc.ord.treefile	10.0	0.18518518518518517
TarvD7	ENSG00000163536.nuc.ord	ENSG00000163536.nuc.ord.treefile	14.0	0.23333333333333334
TarvD7	ENSG00000163539.nuc.ord	ENSG00000163539.nuc.ord.treefile	18.0	0.3
TarvD7	ENSG00000163541.nuc.ord	ENSG00000163541.nuc.ord.treefile	22.0	0.3333333333333333
TarvD7	ENSG00000163545.nuc.ord	ENSG00000163545.nuc.ord.treefile	8.0	0.15384615384615385
TarvD7	ENSG00000163554.nuc.ord	ENSG00000163554.nuc.ord.treefile	10.0	0.15151515151515152
TarvD7	ENSG00000163576.nuc.ord	ENSG00000163576.nuc.ord.treefile	18.0	0.2727272727272727
TarvD7	ENSG00000163577.nuc.ord	ENSG00000163577.nuc.ord.treefile	46.0	0.7666666666666667
TarvD7	ENSG00000163581.nuc.ord	ENSG00000163581.nuc.ord.treefile	18.0	0.2903225806451613
TarvD7	ENSG00000163584.nuc.ord	ENSG00000163584.nuc.ord.treefile	28.0	0.6363636363636364
TarvD7	ENSG00000163590.nuc.ord	ENSG00000163590.nuc.ord.treefile	32.0	0.5517241379310345
TarvD7	ENSG00000163596.nuc.ord	ENSG00000163596.nuc.ord.treefile	10.0	0.21739130434782608
TarvD7	ENSG00000163599.nuc.ord	ENSG00000163599.nuc.ord.treefile	20.0	0.35714285714285715
TarvD7	ENSG00000163600.nuc.ord	ENSG00000163600.nuc.ord.treefile	16.0	0.2962962962962963
TarvD7	ENSG00000163607.nuc.ord	ENSG00000163607.nuc.ord.treefile	18.0	0.2727272727272727
TarvD7	ENSG00000163608.nuc.ord	ENSG00000163608.nuc.ord.treefile	22.0	0.34375
TarvD7	ENSG00000163611.nuc.ord	ENSG00000163611.nuc.ord.treefile	10.0	0.16129032258064516
TarvD7	ENSG00000163617.nuc.ord	ENSG00000163617.nuc.ord.treefile	12.0	0.1875
TarvD7	ENSG00000163618.nuc.ord	ENSG00000163618.nuc.ord.treefile	10.0	0.22727272727272727
TarvD7	ENSG00000163624.nuc.ord	ENSG00000163624.nuc.ord.treefile	34.0	0.5666666666666667
TarvD7	ENSG00000163625.nuc.ord	ENSG00000163625.nuc.ord.treefile	32.0	0.48484848484848486
TarvD7	ENSG00000163629.nuc.ord	ENSG00000163629.nuc.ord.treefile	4.0	0.06451612903225806
TarvD7	ENSG00000163630.nuc.ord	ENSG00000163630.nuc.ord.treefile	36.0	0.5806451612903226
TarvD7	ENSG00000163631.nuc.ord	ENSG00000163631.nuc.ord.treefile	8.0	0.13793103448275862
TarvD7	ENSG00000163632.nuc.ord	ENSG00000163632.nuc.ord.treefile	32.0	0.48484848484848486
TarvD7	ENSG00000163633.nuc.ord	ENSG00000163633.nuc.ord.treefile	20.0	0.35714285714285715
TarvD7	ENSG00000163634.nuc.ord	ENSG00000163634.nuc.ord.treefile	30.0	0.625
TarvD7	ENSG00000163635.nuc.ord	ENSG00000163635.nuc.ord.treefile	22.0	0.4074074074074074
TarvD7	ENSG00000163636.nuc.ord	ENSG00000163636.nuc.ord.treefile	38.0	0.6129032258064516
TarvD7	ENSG00000163637.nuc.ord	ENSG00000163637.nuc.ord.treefile	10.0	0.16129032258064516
TarvD7	ENSG00000163638.nuc.ord	ENSG00000163638.nuc.ord.treefile	18.0	0.2903225806451613
TarvD7	ENSG00000163644.nuc.ord	ENSG00000163644.nuc.ord.treefile	26.0	0.4482758620689655
TarvD7	ENSG00000163645.nuc.ord	ENSG00000163645.nuc.ord.treefile	22.0	0.34375
TarvD7	ENSG00000163646.nuc.ord	ENSG00000163646.nuc.ord.treefile	32.0	0.5161290322580645
TarvD7	ENSG00000163655.nuc.ord	ENSG00000163655.nuc.ord.treefile	18.0	0.3
TarvD7	ENSG00000163659.nuc.ord	ENSG00000163659.nuc.ord.treefile	24.0	0.4
TarvD7	ENSG00000163660.nuc.ord	ENSG00000163660.nuc.ord.treefile	32.0	0.5161290322580645
TarvD7	ENSG00000163661.nuc.ord	ENSG00000163661.nuc.ord.treefile	30.0	0.5
TarvD7	ENSG00000163666.nuc.ord	ENSG00000163666.nuc.ord.treefile	28.0	0.4827586206896552
TarvD7	ENSG00000163673.nuc.ord	ENSG00000163673.nuc.ord.treefile	18.0	0.3103448275862069
TarvD7	ENSG00000163681.nuc.ord	ENSG00000163681.nuc.ord.treefile	24.0	0.375
TarvD7	ENSG00000163683.nuc.ord	ENSG00000163683.nuc.ord.treefile	32.0	0.6153846153846154
TarvD7	ENSG00000163684.nuc.ord	ENSG00000163684.nuc.ord.treefile	26.0	0.5
TarvD7	ENSG00000163686.nuc.ord	ENSG00000163686.nuc.ord.treefile	24.0	0.36363636363636365
TarvD7	ENSG00000163687.nuc.ord	ENSG00000163687.nuc.ord.treefile	30.0	0.46875
TarvD7	ENSG00000163689.nuc.ord	ENSG00000163689.nuc.ord.treefile	16.0	0.24242424242424243
TarvD7	ENSG00000163694.nuc.ord	ENSG00000163694.nuc.ord.treefile	26.0	0.43333333333333335
TarvD7	ENSG00000163697.nuc.ord	ENSG00000163697.nuc.ord.treefile	28.0	0.42424242424242425
TarvD7	ENSG00000163701.nuc.ord	ENSG00000163701.nuc.ord.treefile	16.0	0.32
TarvD7	ENSG00000163702.nuc.ord	ENSG00000163702.nuc.ord.treefile	14.0	0.25
TarvD7	ENSG00000163710.nuc.ord	ENSG00000163710.nuc.ord.treefile	28.0	0.45161290322580644
TarvD7	ENSG00000163714.nuc.ord	ENSG00000163714.nuc.ord.treefile	14.0	0.22580645161290322
TarvD7	ENSG00000163719.nuc.ord	ENSG00000163719.nuc.ord.treefile	12.0	0.1875
TarvD7	ENSG00000163728.nuc.ord	ENSG00000163728.nuc.ord.treefile	18.0	0.2727272727272727
TarvD7	ENSG00000163738.nuc.ord	ENSG00000163738.nuc.ord.treefile	24.0	0.375
TarvD7	ENSG00000163743.nuc.ord	ENSG00000163743.nuc.ord.treefile	18.0	0.3333333333333333
TarvD7	ENSG00000163749.nuc.ord	ENSG00000163749.nuc.ord.treefile	8.0	0.2
TarvD7	ENSG00000163751.nuc.ord	ENSG00000163751.nuc.ord.treefile	20.0	0.35714285714285715
TarvD7	ENSG00000163754.nuc.ord	ENSG00000163754.nuc.ord.treefile	24.0	0.375
TarvD7	ENSG00000163755.nuc.ord	ENSG00000163755.nuc.ord.treefile	14.0	0.21875
TarvD7	ENSG00000163781.nuc.ord	ENSG00000163781.nuc.ord.treefile	10.0	0.15625
TarvD7	ENSG00000163785.nuc.ord	ENSG00000163785.nuc.ord.treefile	36.0	0.5625
TarvD7	ENSG00000163788.nuc.ord	ENSG00000163788.nuc.ord.treefile	38.0	0.6551724137931034
TarvD7	ENSG00000163792.nuc.ord	ENSG00000163792.nuc.ord.treefile	24.0	0.42857142857142855
TarvD7	ENSG00000163793.nuc.ord	ENSG00000163793.nuc.ord.treefile	22.0	0.4583333333333333
TarvD7	ENSG00000163795.nuc.ord	ENSG00000163795.nuc.ord.treefile	30.0	0.5555555555555556
TarvD7	ENSG00000163798.nuc.ord	ENSG00000163798.nuc.ord.treefile	16.0	0.2857142857142857
TarvD7	ENSG00000163803.nuc.ord	ENSG00000163803.nuc.ord.treefile	10.0	0.16129032258064516
TarvD7	ENSG00000163806.nuc.ord	ENSG00000163806.nuc.ord.treefile	14.0	0.35
TarvD7	ENSG00000163808.nuc.ord	ENSG00000163808.nuc.ord.treefile	16.0	0.24242424242424243
TarvD7	ENSG00000163811.nuc.ord	ENSG00000163811.nuc.ord.treefile	14.0	0.21212121212121213
TarvD7	ENSG00000163812.nuc.ord	ENSG00000163812.nuc.ord.treefile	24.0	0.5714285714285714
TarvD7	ENSG00000163814.nuc.ord	ENSG00000163814.nuc.ord.treefile	24.0	0.375
TarvD7	ENSG00000163818.nuc.ord	ENSG00000163818.nuc.ord.treefile	22.0	0.4074074074074074
TarvD7	ENSG00000163820.nuc.ord	ENSG00000163820.nuc.ord.treefile	16.0	0.25806451612903225
TarvD7	ENSG00000163827.nuc.ord	ENSG00000163827.nuc.ord.treefile	18.0	0.3103448275862069
TarvD7	ENSG00000163832.nuc.ord	ENSG00000163832.nuc.ord.treefile	28.0	0.4375
TarvD7	ENSG00000163833.nuc.ord	ENSG00000163833.nuc.ord.treefile	6.0	0.0967741935483871
TarvD7	ENSG00000163840.nuc.ord	ENSG00000163840.nuc.ord.treefile	16.0	0.27586206896551724
TarvD7	ENSG00000163848.nuc.ord	ENSG00000163848.nuc.ord.treefile	22.0	0.34375
TarvD7	ENSG00000163864.nuc.ord	ENSG00000163864.nuc.ord.treefile	24.0	0.4444444444444444
TarvD7	ENSG00000163870.nuc.ord	ENSG00000163870.nuc.ord.treefile	22.0	0.4583333333333333
TarvD7	ENSG00000163872.nuc.ord	ENSG00000163872.nuc.ord.treefile	12.0	0.18181818181818182
TarvD7	ENSG00000163873.nuc.ord	ENSG00000163873.nuc.ord.treefile	26.0	0.41935483870967744
TarvD7	ENSG00000163874.nuc.ord	ENSG00000163874.nuc.ord.treefile	12.0	0.2222222222222222
TarvD7	ENSG00000163875.nuc.ord	ENSG00000163875.nuc.ord.treefile	44.0	0.7333333333333333
TarvD7	ENSG00000163877.nuc.ord	ENSG00000163877.nuc.ord.treefile	6.0	0.13636363636363635
TarvD7	ENSG00000163879.nuc.ord	ENSG00000163879.nuc.ord.treefile	32.0	0.5714285714285714
TarvD7	ENSG00000163882.nuc.ord	ENSG00000163882.nuc.ord.treefile	38.0	0.6129032258064516
TarvD7	ENSG00000163885.nuc.ord	ENSG00000163885.nuc.ord.treefile	18.0	0.34615384615384615
TarvD7	ENSG00000163898.nuc.ord	ENSG00000163898.nuc.ord.treefile	24.0	0.41379310344827586
TarvD7	ENSG00000163900.nuc.ord	ENSG00000163900.nuc.ord.treefile	24.0	0.4
TarvD7	ENSG00000163902.nuc.ord	ENSG00000163902.nuc.ord.treefile	18.0	0.3333333333333333
TarvD7	ENSG00000163904.nuc.ord	ENSG00000163904.nuc.ord.treefile	10.0	0.1724137931034483
TarvD7	ENSG00000163914.nuc.ord	ENSG00000163914.nuc.ord.treefile	24.0	0.4
TarvD7	ENSG00000163918.nuc.ord	ENSG00000163918.nuc.ord.treefile	22.0	0.36666666666666664
TarvD7	ENSG00000163930.nuc.ord	ENSG00000163930.nuc.ord.treefile	18.0	0.28125
TarvD7	ENSG00000163931.nuc.ord	ENSG00000163931.nuc.ord.treefile	20.0	0.3448275862068966
TarvD7	ENSG00000163932.nuc.ord	ENSG00000163932.nuc.ord.treefile	14.0	0.23333333333333334
TarvD7	ENSG00000163933.nuc.ord	ENSG00000163933.nuc.ord.treefile	20.0	0.3125
TarvD7	ENSG00000163935.nuc.ord	ENSG00000163935.nuc.ord.treefile	26.0	0.41935483870967744
TarvD7	ENSG00000163938.nuc.ord	ENSG00000163938.nuc.ord.treefile	10.0	0.15625
TarvD7	ENSG00000163939.nuc.ord	ENSG00000163939.nuc.ord.treefile	10.0	0.15151515151515152
TarvD7	ENSG00000163945.nuc.ord	ENSG00000163945.nuc.ord.treefile	22.0	0.3793103448275862
TarvD7	ENSG00000163946.nuc.ord	ENSG00000163946.nuc.ord.treefile	4.0	0.0625
TarvD7	ENSG00000163947.nuc.ord	ENSG00000163947.nuc.ord.treefile	34.0	0.53125
TarvD7	ENSG00000163950.nuc.ord	ENSG00000163950.nuc.ord.treefile	22.0	0.44
TarvD7	ENSG00000163956.nuc.ord	ENSG00000163956.nuc.ord.treefile	16.0	0.34782608695652173
TarvD7	ENSG00000163958.nuc.ord	ENSG00000163958.nuc.ord.treefile	22.0	0.4074074074074074
TarvD7	ENSG00000163959.nuc.ord	ENSG00000163959.nuc.ord.treefile	34.0	0.53125
TarvD7	ENSG00000163960.nuc.ord	ENSG00000163960.nuc.ord.treefile	30.0	0.46875
TarvD7	ENSG00000163964.nuc.ord	ENSG00000163964.nuc.ord.treefile	28.0	0.4827586206896552
TarvD7	ENSG00000163975.nuc.ord	ENSG00000163975.nuc.ord.treefile	14.0	0.22580645161290322
TarvD7	ENSG00000163982.nuc.ord	ENSG00000163982.nuc.ord.treefile	20.0	0.4166666666666667
TarvD7	ENSG00000163995.nuc.ord	ENSG00000163995.nuc.ord.treefile	20.0	0.4166666666666667
TarvD7	ENSG00000164007.nuc.ord	ENSG00000164007.nuc.ord.treefile	26.0	0.5652173913043478
TarvD7	ENSG00000164010.nuc.ord	ENSG00000164010.nuc.ord.treefile	20.0	0.4
TarvD7	ENSG00000164011.nuc.ord	ENSG00000164011.nuc.ord.treefile	30.0	0.5172413793103449
TarvD7	ENSG00000164022.nuc.ord	ENSG00000164022.nuc.ord.treefile	26.0	0.4642857142857143
TarvD7	ENSG00000164023.nuc.ord	ENSG00000164023.nuc.ord.treefile	38.0	0.5757575757575758
TarvD7	ENSG00000164024.nuc.ord	ENSG00000164024.nuc.ord.treefile	30.0	0.5357142857142857
TarvD7	ENSG00000164031.nuc.ord	ENSG00000164031.nuc.ord.treefile	32.0	0.5333333333333333
TarvD7	ENSG00000164038.nuc.ord	ENSG00000164038.nuc.ord.treefile	16.0	0.2857142857142857
TarvD7	ENSG00000164039.nuc.ord	ENSG00000164039.nuc.ord.treefile	22.0	0.3548387096774194
TarvD7	ENSG00000164040.nuc.ord	ENSG00000164040.nuc.ord.treefile	26.0	0.5652173913043478
TarvD7	ENSG00000164045.nuc.ord	ENSG00000164045.nuc.ord.treefile	18.0	0.2903225806451613
TarvD7	ENSG00000164047.nuc.ord	ENSG00000164047.nuc.ord.treefile	26.0	0.5416666666666666
TarvD7	ENSG00000164053.nuc.ord	ENSG00000164053.nuc.ord.treefile	14.0	0.22580645161290322
TarvD7	ENSG00000164056.nuc.ord	ENSG00000164056.nuc.ord.treefile	22.0	0.5
TarvD7	ENSG00000164066.nuc.ord	ENSG00000164066.nuc.ord.treefile	10.0	0.16666666666666666
TarvD7	ENSG00000164068.nuc.ord	ENSG00000164068.nuc.ord.treefile	20.0	0.3225806451612903
TarvD7	ENSG00000164070.nuc.ord	ENSG00000164070.nuc.ord.treefile	26.0	0.41935483870967744
TarvD7	ENSG00000164073.nuc.ord	ENSG00000164073.nuc.ord.treefile	16.0	0.26666666666666666
TarvD7	ENSG00000164076.nuc.ord	ENSG00000164076.nuc.ord.treefile	18.0	0.3103448275862069
TarvD7	ENSG00000164077.nuc.ord	ENSG00000164077.nuc.ord.treefile	16.0	0.27586206896551724
TarvD7	ENSG00000164078.nuc.ord	ENSG00000164078.nuc.ord.treefile	2.0	0.034482758620689655
TarvD7	ENSG00000164080.nuc.ord	ENSG00000164080.nuc.ord.treefile	6.0	0.09375
TarvD7	ENSG00000164081.nuc.ord	ENSG00000164081.nuc.ord.treefile	14.0	0.2692307692307692
TarvD7	ENSG00000164086.nuc.ord	ENSG00000164086.nuc.ord.treefile	22.0	0.4782608695652174
TarvD7	ENSG00000164087.nuc.ord	ENSG00000164087.nuc.ord.treefile	26.0	0.4482758620689655
TarvD7	ENSG00000164088.nuc.ord	ENSG00000164088.nuc.ord.treefile	20.0	0.38461538461538464
TarvD7	ENSG00000164089.nuc.ord	ENSG00000164089.nuc.ord.treefile	24.0	0.4
TarvD7	ENSG00000164091.nuc.ord	ENSG00000164091.nuc.ord.treefile	28.0	0.4666666666666667
TarvD7	ENSG00000164093.nuc.ord	ENSG00000164093.nuc.ord.treefile	28.0	0.45161290322580644
TarvD7	ENSG00000164099.nuc.ord	ENSG00000164099.nuc.ord.treefile	16.0	0.25
TarvD7	ENSG00000164100.nuc.ord	ENSG00000164100.nuc.ord.treefile	14.0	0.21875
TarvD7	ENSG00000164105.nuc.ord	ENSG00000164105.nuc.ord.treefile	42.0	0.75
TarvD7	ENSG00000164106.nuc.ord	ENSG00000164106.nuc.ord.treefile	32.0	0.5925925925925926
TarvD7	ENSG00000164107.nuc.ord	ENSG00000164107.nuc.ord.treefile	32.0	0.7272727272727273
TarvD7	ENSG00000164111.nuc.ord	ENSG00000164111.nuc.ord.treefile	32.0	0.5161290322580645
TarvD7	ENSG00000164113.nuc.ord	ENSG00000164113.nuc.ord.treefile	16.0	0.26666666666666666
TarvD7	ENSG00000164114.nuc.ord	ENSG00000164114.nuc.ord.treefile	16.0	0.25806451612903225
TarvD7	ENSG00000164116.nuc.ord	ENSG00000164116.nuc.ord.treefile	16.0	0.26666666666666666
TarvD7	ENSG00000164117.nuc.ord	ENSG00000164117.nuc.ord.treefile	20.0	0.5
TarvD7	ENSG00000164118.nuc.ord	ENSG00000164118.nuc.ord.treefile	20.0	0.3333333333333333
TarvD7	ENSG00000164120.nuc.ord	ENSG00000164120.nuc.ord.treefile	40.0	0.625
TarvD7	ENSG00000164122.nuc.ord	ENSG00000164122.nuc.ord.treefile	18.0	0.32142857142857145
TarvD7	ENSG00000164124.nuc.ord	ENSG00000164124.nuc.ord.treefile	20.0	0.30303030303030304
TarvD7	ENSG00000164125.nuc.ord	ENSG00000164125.nuc.ord.treefile	14.0	0.22580645161290322
TarvD7	ENSG00000164128.nuc.ord	ENSG00000164128.nuc.ord.treefile	26.0	0.43333333333333335
TarvD7	ENSG00000164134.nuc.ord	ENSG00000164134.nuc.ord.treefile	18.0	0.28125
TarvD7	ENSG00000164142.nuc.ord	ENSG00000164142.nuc.ord.treefile	18.0	0.2727272727272727
TarvD7	ENSG00000164144.nuc.ord	ENSG00000164144.nuc.ord.treefile	26.0	0.3939393939393939
TarvD7	ENSG00000164151.nuc.ord	ENSG00000164151.nuc.ord.treefile	16.0	0.3333333333333333
TarvD7	ENSG00000164161.nuc.ord	ENSG00000164161.nuc.ord.treefile	18.0	0.2727272727272727
TarvD7	ENSG00000164162.nuc.ord	ENSG00000164162.nuc.ord.treefile	38.0	0.6551724137931034
TarvD7	ENSG00000164163.nuc.ord	ENSG00000164163.nuc.ord.treefile	18.0	0.28125
TarvD7	ENSG00000164169.nuc.ord	ENSG00000164169.nuc.ord.treefile	16.0	0.24242424242424243
TarvD7	ENSG00000164171.nuc.ord	ENSG00000164171.nuc.ord.treefile	10.0	0.15625
TarvD7	ENSG00000164172.nuc.ord	ENSG00000164172.nuc.ord.treefile	40.0	0.6451612903225806
TarvD7	ENSG00000164175.nuc.ord	ENSG00000164175.nuc.ord.treefile	20.0	0.3225806451612903
TarvD7	ENSG00000164180.nuc.ord	ENSG00000164180.nuc.ord.treefile	16.0	0.26666666666666666
TarvD7	ENSG00000164181.nuc.ord	ENSG00000164181.nuc.ord.treefile	20.0	0.3333333333333333
TarvD7	ENSG00000164182.nuc.ord	ENSG00000164182.nuc.ord.treefile	16.0	0.2962962962962963
TarvD7	ENSG00000164187.nuc.ord	ENSG00000164187.nuc.ord.treefile	16.0	0.25806451612903225
TarvD7	ENSG00000164188.nuc.ord	ENSG00000164188.nuc.ord.treefile	6.0	0.09375
TarvD7	ENSG00000164190.nuc.ord	ENSG00000164190.nuc.ord.treefile	8.0	0.125
TarvD7	ENSG00000164197.nuc.ord	ENSG00000164197.nuc.ord.treefile	14.0	0.21875
TarvD7	ENSG00000164199.nuc.ord	ENSG00000164199.nuc.ord.treefile	8.0	0.13333333333333333
TarvD7	ENSG00000164209.nuc.ord	ENSG00000164209.nuc.ord.treefile	12.0	0.1935483870967742
TarvD7	ENSG00000164211.nuc.ord	ENSG00000164211.nuc.ord.treefile	20.0	0.3333333333333333
TarvD7	ENSG00000164220.nuc.ord	ENSG00000164220.nuc.ord.treefile	8.0	0.15384615384615385
TarvD7	ENSG00000164236.nuc.ord	ENSG00000164236.nuc.ord.treefile	14.0	0.2916666666666667
TarvD7	ENSG00000164241.nuc.ord	ENSG00000164241.nuc.ord.treefile	28.0	0.4827586206896552
TarvD7	ENSG00000164244.nuc.ord	ENSG00000164244.nuc.ord.treefile	12.0	0.1935483870967742
TarvD7	ENSG00000164251.nuc.ord	ENSG00000164251.nuc.ord.treefile	22.0	0.36666666666666664
TarvD7	ENSG00000164253.nuc.ord	ENSG00000164253.nuc.ord.treefile	24.0	0.3870967741935484
TarvD7	ENSG00000164258.nuc.ord	ENSG00000164258.nuc.ord.treefile	28.0	0.45161290322580644
TarvD7	ENSG00000164265.nuc.ord	ENSG00000164265.nuc.ord.treefile	34.0	0.68
TarvD7	ENSG00000164270.nuc.ord	ENSG00000164270.nuc.ord.treefile	26.0	0.40625
TarvD7	ENSG00000164283.nuc.ord	ENSG00000164283.nuc.ord.treefile	28.0	0.5185185185185185
TarvD7	ENSG00000164284.nuc.ord	ENSG00000164284.nuc.ord.treefile	12.0	0.24
TarvD7	ENSG00000164287.nuc.ord	ENSG00000164287.nuc.ord.treefile	10.0	0.18518518518518517
TarvD7	ENSG00000164291.nuc.ord	ENSG00000164291.nuc.ord.treefile	18.0	0.28125
TarvD7	ENSG00000164292.nuc.ord	ENSG00000164292.nuc.ord.treefile	38.0	0.5757575757575758
TarvD7	ENSG00000164294.nuc.ord	ENSG00000164294.nuc.ord.treefile	18.0	0.32142857142857145
TarvD7	ENSG00000164300.nuc.ord	ENSG00000164300.nuc.ord.treefile	30.0	0.46875
TarvD7	ENSG00000164303.nuc.ord	ENSG00000164303.nuc.ord.treefile	18.0	0.2727272727272727
TarvD7	ENSG00000164304.nuc.ord	ENSG00000164304.nuc.ord.treefile	8.0	0.12903225806451613
TarvD7	ENSG00000164305.nuc.ord	ENSG00000164305.nuc.ord.treefile	30.0	0.5555555555555556
TarvD7	ENSG00000164306.nuc.ord	ENSG00000164306.nuc.ord.treefile	10.0	0.15151515151515152
TarvD7	ENSG00000164307.nuc.ord	ENSG00000164307.nuc.ord.treefile	2.0	0.03125
TarvD7	ENSG00000164318.nuc.ord	ENSG00000164318.nuc.ord.treefile	22.0	0.3333333333333333
TarvD7	ENSG00000164323.nuc.ord	ENSG00000164323.nuc.ord.treefile	14.0	0.2413793103448276
TarvD7	ENSG00000164325.nuc.ord	ENSG00000164325.nuc.ord.treefile	22.0	0.3793103448275862
TarvD7	ENSG00000164326.nuc.ord	ENSG00000164326.nuc.ord.treefile	28.0	0.56
TarvD7	ENSG00000164327.nuc.ord	ENSG00000164327.nuc.ord.treefile	16.0	0.25
TarvD7	ENSG00000164329.nuc.ord	ENSG00000164329.nuc.ord.treefile	18.0	0.2903225806451613
TarvD7	ENSG00000164330.nuc.ord	ENSG00000164330.nuc.ord.treefile	42.0	0.65625
TarvD7	ENSG00000164331.nuc.ord	ENSG00000164331.nuc.ord.treefile	36.0	0.6
TarvD7	ENSG00000164332.nuc.ord	ENSG00000164332.nuc.ord.treefile	34.0	0.5862068965517241
TarvD7	ENSG00000164334.nuc.ord	ENSG00000164334.nuc.ord.treefile	18.0	0.32142857142857145
TarvD7	ENSG00000164338.nuc.ord	ENSG00000164338.nuc.ord.treefile	16.0	0.25
TarvD7	ENSG00000164342.nuc.ord	ENSG00000164342.nuc.ord.treefile	12.0	0.1935483870967742
TarvD7	ENSG00000164344.nuc.ord	ENSG00000164344.nuc.ord.treefile	8.0	0.13333333333333333
TarvD7	ENSG00000164347.nuc.ord	ENSG00000164347.nuc.ord.treefile	30.0	0.45454545454545453
TarvD7	ENSG00000164362.nuc.ord	ENSG00000164362.nuc.ord.treefile	6.0	0.125
TarvD7	ENSG00000164366.nuc.ord	ENSG00000164366.nuc.ord.treefile	34.0	0.5666666666666667
TarvD7	ENSG00000164393.nuc.ord	ENSG00000164393.nuc.ord.treefile	10.0	0.17857142857142858
TarvD7	ENSG00000164398.nuc.ord	ENSG00000164398.nuc.ord.treefile	22.0	0.3333333333333333
TarvD7	ENSG00000164402.nuc.ord	ENSG00000164402.nuc.ord.treefile	28.0	0.5384615384615384
TarvD7	ENSG00000164403.nuc.ord	ENSG00000164403.nuc.ord.treefile	10.0	0.19230769230769232
TarvD7	ENSG00000164404.nuc.ord	ENSG00000164404.nuc.ord.treefile	6.0	0.10344827586206896
TarvD7	ENSG00000164405.nuc.ord	ENSG00000164405.nuc.ord.treefile	26.0	0.48148148148148145
TarvD7	ENSG00000164414.nuc.ord	ENSG00000164414.nuc.ord.treefile	8.0	0.19047619047619047
TarvD7	ENSG00000164418.nuc.ord	ENSG00000164418.nuc.ord.treefile	12.0	0.18181818181818182
TarvD7	ENSG00000164430.nuc.ord	ENSG00000164430.nuc.ord.treefile	32.0	0.5925925925925926
TarvD7	ENSG00000164434.nuc.ord	ENSG00000164434.nuc.ord.treefile	20.0	0.43478260869565216
TarvD7	ENSG00000164438.nuc.ord	ENSG00000164438.nuc.ord.treefile	32.0	0.64
TarvD7	ENSG00000164440.nuc.ord	ENSG00000164440.nuc.ord.treefile	10.0	0.15151515151515152
TarvD7	ENSG00000164451.nuc.ord	ENSG00000164451.nuc.ord.treefile	14.0	0.2413793103448276
TarvD7	ENSG00000164458.nuc.ord	ENSG00000164458.nuc.ord.treefile	12.0	0.23076923076923078
TarvD7	ENSG00000164463.nuc.ord	ENSG00000164463.nuc.ord.treefile	24.0	0.3870967741935484
TarvD7	ENSG00000164465.nuc.ord	ENSG00000164465.nuc.ord.treefile	16.0	0.25806451612903225
TarvD7	ENSG00000164466.nuc.ord	ENSG00000164466.nuc.ord.treefile	30.0	0.4838709677419355
TarvD7	ENSG00000164483.nuc.ord	ENSG00000164483.nuc.ord.treefile	14.0	0.21875
TarvD7	ENSG00000164484.nuc.ord	ENSG00000164484.nuc.ord.treefile	6.0	0.12
TarvD7	ENSG00000164485.nuc.ord	ENSG00000164485.nuc.ord.treefile	24.0	0.41379310344827586
TarvD7	ENSG00000164488.nuc.ord	ENSG00000164488.nuc.ord.treefile	10.0	0.25
TarvD7	ENSG00000164494.nuc.ord	ENSG00000164494.nuc.ord.treefile	28.0	0.4375
TarvD7	ENSG00000164506.nuc.ord	ENSG00000164506.nuc.ord.treefile	16.0	0.24242424242424243
TarvD7	ENSG00000164512.nuc.ord	ENSG00000164512.nuc.ord.treefile	10.0	0.1724137931034483
TarvD7	ENSG00000164532.nuc.ord	ENSG00000164532.nuc.ord.treefile	26.0	0.43333333333333335
TarvD7	ENSG00000164535.nuc.ord	ENSG00000164535.nuc.ord.treefile	26.0	0.41935483870967744
TarvD7	ENSG00000164542.nuc.ord	ENSG00000164542.nuc.ord.treefile	30.0	0.46875
TarvD7	ENSG00000164548.nuc.ord	ENSG00000164548.nuc.ord.treefile	32.0	0.5333333333333333
TarvD7	ENSG00000164574.nuc.ord	ENSG00000164574.nuc.ord.treefile	26.0	0.41935483870967744
TarvD7	ENSG00000164576.nuc.ord	ENSG00000164576.nuc.ord.treefile	36.0	0.6428571428571429
TarvD7	ENSG00000164588.nuc.ord	ENSG00000164588.nuc.ord.treefile	28.0	0.5185185185185185
TarvD7	ENSG00000164591.nuc.ord	ENSG00000164591.nuc.ord.treefile	12.0	0.24
TarvD7	ENSG00000164597.nuc.ord	ENSG00000164597.nuc.ord.treefile	18.0	0.2727272727272727
TarvD7	ENSG00000164600.nuc.ord	ENSG00000164600.nuc.ord.treefile	28.0	0.6363636363636364
TarvD7	ENSG00000164603.nuc.ord	ENSG00000164603.nuc.ord.treefile	28.0	0.5
TarvD7	ENSG00000164609.nuc.ord	ENSG00000164609.nuc.ord.treefile	22.0	0.3793103448275862
TarvD7	ENSG00000164615.nuc.ord	ENSG00000164615.nuc.ord.treefile	20.0	0.37037037037037035
TarvD7	ENSG00000164619.nuc.ord	ENSG00000164619.nuc.ord.treefile	8.0	0.12903225806451613
TarvD7	ENSG00000164620.nuc.ord	ENSG00000164620.nuc.ord.treefile	10.0	0.19230769230769232
TarvD7	ENSG00000164626.nuc.ord	ENSG00000164626.nuc.ord.treefile	28.0	0.5
TarvD7	ENSG00000164627.nuc.ord	ENSG00000164627.nuc.ord.treefile	10.0	0.17857142857142858
TarvD7	ENSG00000164645.nuc.ord	ENSG00000164645.nuc.ord.treefile	14.0	0.2916666666666667
TarvD7	ENSG00000164649.nuc.ord	ENSG00000164649.nuc.ord.treefile	20.0	0.3333333333333333
TarvD7	ENSG00000164651.nuc.ord	ENSG00000164651.nuc.ord.treefile	14.0	0.5384615384615384
TarvD7	ENSG00000164654.nuc.ord	ENSG00000164654.nuc.ord.treefile	16.0	0.25
TarvD7	ENSG00000164659.nuc.ord	ENSG00000164659.nuc.ord.treefile	16.0	0.25
TarvD7	ENSG00000164663.nuc.ord	ENSG00000164663.nuc.ord.treefile	16.0	0.27586206896551724
TarvD7	ENSG00000164675.nuc.ord	ENSG00000164675.nuc.ord.treefile	16.0	0.25806451612903225
TarvD7	ENSG00000164683.nuc.ord	ENSG00000164683.nuc.ord.treefile	30.0	0.5172413793103449
TarvD7	ENSG00000164684.nuc.ord	ENSG00000164684.nuc.ord.treefile	28.0	0.4666666666666667
TarvD7	ENSG00000164690.nuc.ord	ENSG00000164690.nuc.ord.treefile	18.0	0.375
TarvD7	ENSG00000164692.nuc.ord	ENSG00000164692.nuc.ord.treefile	12.0	0.1935483870967742
TarvD7	ENSG00000164694.nuc.ord	ENSG00000164694.nuc.ord.treefile	10.0	0.19230769230769232
TarvD7	ENSG00000164707.nuc.ord	ENSG00000164707.nuc.ord.treefile	16.0	0.25806451612903225
TarvD7	ENSG00000164708.nuc.ord	ENSG00000164708.nuc.ord.treefile	28.0	0.5185185185185185
TarvD7	ENSG00000164715.nuc.ord	ENSG00000164715.nuc.ord.treefile	24.0	0.375
TarvD7	ENSG00000164733.nuc.ord	ENSG00000164733.nuc.ord.treefile	18.0	0.3
TarvD7	ENSG00000164741.nuc.ord	ENSG00000164741.nuc.ord.treefile	14.0	0.22580645161290322
TarvD7	ENSG00000164742.nuc.ord	ENSG00000164742.nuc.ord.treefile	16.0	0.26666666666666666
TarvD7	ENSG00000164744.nuc.ord	ENSG00000164744.nuc.ord.treefile	8.0	0.14285714285714285
TarvD7	ENSG00000164746.nuc.ord	ENSG00000164746.nuc.ord.treefile	28.0	0.4666666666666667
TarvD7	ENSG00000164749.nuc.ord	ENSG00000164749.nuc.ord.treefile	32.0	0.5161290322580645
TarvD7	ENSG00000164754.nuc.ord	ENSG00000164754.nuc.ord.treefile	22.0	0.3548387096774194
TarvD7	ENSG00000164756.nuc.ord	ENSG00000164756.nuc.ord.treefile	10.0	0.17857142857142858
TarvD7	ENSG00000164758.nuc.ord	ENSG00000164758.nuc.ord.treefile	36.0	0.6428571428571429
TarvD7	ENSG00000164761.nuc.ord	ENSG00000164761.nuc.ord.treefile	16.0	0.25
TarvD7	ENSG00000164764.nuc.ord	ENSG00000164764.nuc.ord.treefile	30.0	0.5172413793103449
TarvD7	ENSG00000164794.nuc.ord	ENSG00000164794.nuc.ord.treefile	14.0	0.2413793103448276
TarvD7	ENSG00000164796.nuc.ord	ENSG00000164796.nuc.ord.treefile	10.0	0.16129032258064516
TarvD7	ENSG00000164808.nuc.ord	ENSG00000164808.nuc.ord.treefile	12.0	0.1875
TarvD7	ENSG00000164815.nuc.ord	ENSG00000164815.nuc.ord.treefile	8.0	0.12903225806451613
TarvD7	ENSG00000164818.nuc.ord	ENSG00000164818.nuc.ord.treefile	18.0	0.3
TarvD7	ENSG00000164823.nuc.ord	ENSG00000164823.nuc.ord.treefile	22.0	0.36666666666666664
TarvD7	ENSG00000164828.nuc.ord	ENSG00000164828.nuc.ord.treefile	10.0	0.1724137931034483
TarvD7	ENSG00000164830.nuc.ord	ENSG00000164830.nuc.ord.treefile	14.0	0.21875
TarvD7	ENSG00000164841.nuc.ord	ENSG00000164841.nuc.ord.treefile	8.0	0.16
TarvD7	ENSG00000164850.nuc.ord	ENSG00000164850.nuc.ord.treefile	26.0	0.5909090909090909
TarvD7	ENSG00000164867.nuc.ord	ENSG00000164867.nuc.ord.treefile	12.0	0.21428571428571427
TarvD7	ENSG00000164879.nuc.ord	ENSG00000164879.nuc.ord.treefile	30.0	0.5357142857142857
TarvD7	ENSG00000164885.nuc.ord	ENSG00000164885.nuc.ord.treefile	24.0	0.5
TarvD7	ENSG00000164889.nuc.ord	ENSG00000164889.nuc.ord.treefile	14.0	0.25925925925925924
TarvD7	ENSG00000164893.nuc.ord	ENSG00000164893.nuc.ord.treefile	20.0	0.4
TarvD7	ENSG00000164897.nuc.ord	ENSG00000164897.nuc.ord.treefile	16.0	0.36363636363636365
TarvD7	ENSG00000164898.nuc.ord	ENSG00000164898.nuc.ord.treefile	38.0	0.7037037037037037
TarvD7	ENSG00000164900.nuc.ord	ENSG00000164900.nuc.ord.treefile	30.0	0.6818181818181818
TarvD7	ENSG00000164904.nuc.ord	ENSG00000164904.nuc.ord.treefile	20.0	0.3333333333333333
TarvD7	ENSG00000164929.nuc.ord	ENSG00000164929.nuc.ord.treefile	36.0	0.72
TarvD7	ENSG00000164930.nuc.ord	ENSG00000164930.nuc.ord.treefile	24.0	0.41379310344827586
TarvD7	ENSG00000164932.nuc.ord	ENSG00000164932.nuc.ord.treefile	38.0	0.6551724137931034
TarvD7	ENSG00000164933.nuc.ord	ENSG00000164933.nuc.ord.treefile	34.0	0.5666666666666667
TarvD7	ENSG00000164934.nuc.ord	ENSG00000164934.nuc.ord.treefile	26.0	0.4482758620689655
TarvD7	ENSG00000164935.nuc.ord	ENSG00000164935.nuc.ord.treefile	14.0	0.22580645161290322
TarvD7	ENSG00000164938.nuc.ord	ENSG00000164938.nuc.ord.treefile	30.0	0.45454545454545453
TarvD7	ENSG00000164941.nuc.ord	ENSG00000164941.nuc.ord.treefile	16.0	0.24242424242424243
TarvD7	ENSG00000164944.nuc.ord	ENSG00000164944.nuc.ord.treefile	18.0	0.28125
TarvD7	ENSG00000164946.nuc.ord	ENSG00000164946.nuc.ord.treefile	10.0	0.15151515151515152
TarvD7	ENSG00000164949.nuc.ord	ENSG00000164949.nuc.ord.treefile	38.0	0.6129032258064516
TarvD7	ENSG00000164951.nuc.ord	ENSG00000164951.nuc.ord.treefile	16.0	0.2857142857142857
TarvD7	ENSG00000164953.nuc.ord	ENSG00000164953.nuc.ord.treefile	10.0	0.16666666666666666
TarvD7	ENSG00000164961.nuc.ord	ENSG00000164961.nuc.ord.treefile	20.0	0.30303030303030304
TarvD7	ENSG00000164967.nuc.ord	ENSG00000164967.nuc.ord.treefile	18.0	0.5625
TarvD7	ENSG00000164970.nuc.ord	ENSG00000164970.nuc.ord.treefile	36.0	0.6428571428571429
TarvD7	ENSG00000164975.nuc.ord	ENSG00000164975.nuc.ord.treefile	16.0	0.25
TarvD7	ENSG00000164976.nuc.ord	ENSG00000164976.nuc.ord.treefile	12.0	0.3
TarvD7	ENSG00000164978.nuc.ord	ENSG00000164978.nuc.ord.treefile	32.0	0.5714285714285714
TarvD7	ENSG00000164989.nuc.ord	ENSG00000164989.nuc.ord.treefile	12.0	0.18181818181818182
TarvD7	ENSG00000165006.nuc.ord	ENSG00000165006.nuc.ord.treefile	18.0	0.3
TarvD7	ENSG00000165023.nuc.ord	ENSG00000165023.nuc.ord.treefile	34.0	0.68
TarvD7	ENSG00000165025.nuc.ord	ENSG00000165025.nuc.ord.treefile	20.0	0.35714285714285715
TarvD7	ENSG00000165029.nuc.ord	ENSG00000165029.nuc.ord.treefile	10.0	0.15151515151515152
TarvD7	ENSG00000165030.nuc.ord	ENSG00000165030.nuc.ord.treefile	24.0	0.5454545454545454
TarvD7	ENSG00000165046.nuc.ord	ENSG00000165046.nuc.ord.treefile	8.0	0.12121212121212122
TarvD7	ENSG00000165060.nuc.ord	ENSG00000165060.nuc.ord.treefile	26.0	0.48148148148148145
TarvD7	ENSG00000165061.nuc.ord	ENSG00000165061.nuc.ord.treefile	32.0	0.5
TarvD7	ENSG00000165071.nuc.ord	ENSG00000165071.nuc.ord.treefile	16.0	0.25806451612903225
TarvD7	ENSG00000165072.nuc.ord	ENSG00000165072.nuc.ord.treefile	22.0	0.34375
TarvD7	ENSG00000165076.nuc.ord	ENSG00000165076.nuc.ord.treefile	28.0	0.4827586206896552
TarvD7	ENSG00000165078.nuc.ord	ENSG00000165078.nuc.ord.treefile	22.0	0.3548387096774194
TarvD7	ENSG00000165084.nuc.ord	ENSG00000165084.nuc.ord.treefile	16.0	0.25
TarvD7	ENSG00000165091.nuc.ord	ENSG00000165091.nuc.ord.treefile	16.0	0.24242424242424243
TarvD7	ENSG00000165097.nuc.ord	ENSG00000165097.nuc.ord.treefile	12.0	0.18181818181818182
TarvD7	ENSG00000165102.nuc.ord	ENSG00000165102.nuc.ord.treefile	16.0	0.27586206896551724
TarvD7	ENSG00000165105.nuc.ord	ENSG00000165105.nuc.ord.treefile	16.0	0.25806451612903225
TarvD7	ENSG00000165113.nuc.ord	ENSG00000165113.nuc.ord.treefile	26.0	0.43333333333333335
TarvD7	ENSG00000165115.nuc.ord	ENSG00000165115.nuc.ord.treefile	12.0	0.20689655172413793
TarvD7	ENSG00000165118.nuc.ord	ENSG00000165118.nuc.ord.treefile	24.0	0.41379310344827586
TarvD7	ENSG00000165120.nuc.ord	ENSG00000165120.nuc.ord.treefile	14.0	0.23333333333333334
TarvD7	ENSG00000165124.nuc.ord	ENSG00000165124.nuc.ord.treefile	4.0	0.06060606060606061
TarvD7	ENSG00000165125.nuc.ord	ENSG00000165125.nuc.ord.treefile	12.0	0.21428571428571427
TarvD7	ENSG00000165138.nuc.ord	ENSG00000165138.nuc.ord.treefile	18.0	0.28125
TarvD7	ENSG00000165140.nuc.ord	ENSG00000165140.nuc.ord.treefile	24.0	0.41379310344827586
TarvD7	ENSG00000165152.nuc.ord	ENSG00000165152.nuc.ord.treefile	20.0	0.43478260869565216
TarvD7	ENSG00000165156.nuc.ord	ENSG00000165156.nuc.ord.treefile	22.0	0.5
TarvD7	ENSG00000165164.nuc.ord	ENSG00000165164.nuc.ord.treefile	10.0	0.16129032258064516
TarvD7	ENSG00000165168.nuc.ord	ENSG00000165168.nuc.ord.treefile	28.0	0.4375
TarvD7	ENSG00000165169.nuc.ord	ENSG00000165169.nuc.ord.treefile	32.0	0.6153846153846154
TarvD7	ENSG00000165181.nuc.ord	ENSG00000165181.nuc.ord.treefile	10.0	0.16666666666666666
TarvD7	ENSG00000165185.nuc.ord	ENSG00000165185.nuc.ord.treefile	48.0	0.75
TarvD7	ENSG00000165186.nuc.ord	ENSG00000165186.nuc.ord.treefile	24.0	0.4
TarvD7	ENSG00000165188.nuc.ord	ENSG00000165188.nuc.ord.treefile	34.0	0.7083333333333334
TarvD7	ENSG00000165192.nuc.ord	ENSG00000165192.nuc.ord.treefile	26.0	0.40625
TarvD7	ENSG00000165194.nuc.ord	ENSG00000165194.nuc.ord.treefile	18.0	0.2903225806451613
TarvD7	ENSG00000165195.nuc.ord	ENSG00000165195.nuc.ord.treefile	10.0	0.15151515151515152
TarvD7	ENSG00000165197.nuc.ord	ENSG00000165197.nuc.ord.treefile	20.0	0.3225806451612903
TarvD7	ENSG00000165202.nuc.ord	ENSG00000165202.nuc.ord.treefile	10.0	0.23809523809523808
TarvD7	ENSG00000165209.nuc.ord	ENSG00000165209.nuc.ord.treefile	28.0	0.4375
TarvD7	ENSG00000165215.nuc.ord	ENSG00000165215.nuc.ord.treefile	22.0	0.7333333333333333
TarvD7	ENSG00000165219.nuc.ord	ENSG00000165219.nuc.ord.treefile	2.0	0.03571428571428571
TarvD7	ENSG00000165238.nuc.ord	ENSG00000165238.nuc.ord.treefile	6.0	0.10714285714285714
TarvD7	ENSG00000165240.nuc.ord	ENSG00000165240.nuc.ord.treefile	12.0	0.20689655172413793
TarvD7	ENSG00000165244.nuc.ord	ENSG00000165244.nuc.ord.treefile	30.0	0.4838709677419355
TarvD7	ENSG00000165259.nuc.ord	ENSG00000165259.nuc.ord.treefile	16.0	0.26666666666666666
TarvD7	ENSG00000165264.nuc.ord	ENSG00000165264.nuc.ord.treefile	32.0	0.64
TarvD7	ENSG00000165269.nuc.ord	ENSG00000165269.nuc.ord.treefile	26.0	0.4642857142857143
TarvD7	ENSG00000165271.nuc.ord	ENSG00000165271.nuc.ord.treefile	18.0	0.3
TarvD7	ENSG00000165272.nuc.ord	ENSG00000165272.nuc.ord.treefile	34.0	0.53125
TarvD7	ENSG00000165275.nuc.ord	ENSG00000165275.nuc.ord.treefile	26.0	0.41935483870967744
TarvD7	ENSG00000165280.nuc.ord	ENSG00000165280.nuc.ord.treefile	12.0	0.18181818181818182
TarvD7	ENSG00000165282.nuc.ord	ENSG00000165282.nuc.ord.treefile	4.0	0.06451612903225806
TarvD7	ENSG00000165288.nuc.ord	ENSG00000165288.nuc.ord.treefile	28.0	0.4827586206896552
TarvD7	ENSG00000165300.nuc.ord	ENSG00000165300.nuc.ord.treefile	12.0	0.2608695652173913
TarvD7	ENSG00000165304.nuc.ord	ENSG00000165304.nuc.ord.treefile	14.0	0.21212121212121213
TarvD7	ENSG00000165309.nuc.ord	ENSG00000165309.nuc.ord.treefile	14.0	0.21212121212121213
TarvD7	ENSG00000165322.nuc.ord	ENSG00000165322.nuc.ord.treefile	18.0	0.3
TarvD7	ENSG00000165323.nuc.ord	ENSG00000165323.nuc.ord.treefile	22.0	0.3548387096774194
TarvD7	ENSG00000165325.nuc.ord	ENSG00000165325.nuc.ord.treefile	8.0	0.12903225806451613
TarvD7	ENSG00000165338.nuc.ord	ENSG00000165338.nuc.ord.treefile	20.0	0.3125
TarvD7	ENSG00000165349.nuc.ord	ENSG00000165349.nuc.ord.treefile	8.0	0.15384615384615385
TarvD7	ENSG00000165355.nuc.ord	ENSG00000165355.nuc.ord.treefile	18.0	0.2903225806451613
TarvD7	ENSG00000165379.nuc.ord	ENSG00000165379.nuc.ord.treefile	14.0	0.2413793103448276
TarvD7	ENSG00000165383.nuc.ord	ENSG00000165383.nuc.ord.treefile	30.0	0.5555555555555556
TarvD7	ENSG00000165392.nuc.ord	ENSG00000165392.nuc.ord.treefile	14.0	0.22580645161290322
TarvD7	ENSG00000165409.nuc.ord	ENSG00000165409.nuc.ord.treefile	20.0	0.3225806451612903
TarvD7	ENSG00000165410.nuc.ord	ENSG00000165410.nuc.ord.treefile	36.0	0.782608695652174
TarvD7	ENSG00000165417.nuc.ord	ENSG00000165417.nuc.ord.treefile	32.0	0.5
TarvD7	ENSG00000165424.nuc.ord	ENSG00000165424.nuc.ord.treefile	36.0	0.6428571428571429
TarvD7	ENSG00000165434.nuc.ord	ENSG00000165434.nuc.ord.treefile	24.0	0.3870967741935484
TarvD7	ENSG00000165443.nuc.ord	ENSG00000165443.nuc.ord.treefile	30.0	0.5
TarvD7	ENSG00000165449.nuc.ord	ENSG00000165449.nuc.ord.treefile	14.0	0.28
TarvD7	ENSG00000165458.nuc.ord	ENSG00000165458.nuc.ord.treefile	14.0	0.22580645161290322
TarvD7	ENSG00000165462.nuc.ord	ENSG00000165462.nuc.ord.treefile	20.0	0.43478260869565216
TarvD7	ENSG00000165474.nuc.ord	ENSG00000165474.nuc.ord.treefile	20.0	0.4166666666666667
TarvD7	ENSG00000165475.nuc.ord	ENSG00000165475.nuc.ord.treefile	16.0	0.25
TarvD7	ENSG00000165476.nuc.ord	ENSG00000165476.nuc.ord.treefile	20.0	0.3225806451612903
TarvD7	ENSG00000165478.nuc.ord	ENSG00000165478.nuc.ord.treefile	30.0	0.5
TarvD7	ENSG00000165480.nuc.ord	ENSG00000165480.nuc.ord.treefile	28.0	0.5384615384615384
TarvD7	ENSG00000165487.nuc.ord	ENSG00000165487.nuc.ord.treefile	22.0	0.3548387096774194
TarvD7	ENSG00000165490.nuc.ord	ENSG00000165490.nuc.ord.treefile	10.0	0.15151515151515152
TarvD7	ENSG00000165494.nuc.ord	ENSG00000165494.nuc.ord.treefile	10.0	0.16129032258064516
TarvD7	ENSG00000165495.nuc.ord	ENSG00000165495.nuc.ord.treefile	24.0	0.4
TarvD7	ENSG00000165501.nuc.ord	ENSG00000165501.nuc.ord.treefile	16.0	0.25806451612903225
TarvD7	ENSG00000165506.nuc.ord	ENSG00000165506.nuc.ord.treefile	12.0	0.23076923076923078
TarvD7	ENSG00000165512.nuc.ord	ENSG00000165512.nuc.ord.treefile	12.0	0.2608695652173913
TarvD7	ENSG00000165516.nuc.ord	ENSG00000165516.nuc.ord.treefile	34.0	0.5151515151515151
TarvD7	ENSG00000165521.nuc.ord	ENSG00000165521.nuc.ord.treefile	10.0	0.15625
TarvD7	ENSG00000165525.nuc.ord	ENSG00000165525.nuc.ord.treefile	12.0	0.20689655172413793
TarvD7	ENSG00000165526.nuc.ord	ENSG00000165526.nuc.ord.treefile	12.0	0.2
TarvD7	ENSG00000165527.nuc.ord	ENSG00000165527.nuc.ord.treefile	28.0	0.6363636363636364
TarvD7	ENSG00000165533.nuc.ord	ENSG00000165533.nuc.ord.treefile	28.0	0.4375
TarvD7	ENSG00000165548.nuc.ord	ENSG00000165548.nuc.ord.treefile	12.0	0.21428571428571427
TarvD7	ENSG00000165553.nuc.ord	ENSG00000165553.nuc.ord.treefile	28.0	0.5833333333333334
TarvD7	ENSG00000165555.nuc.ord	ENSG00000165555.nuc.ord.treefile	18.0	0.3103448275862069
TarvD7	ENSG00000165566.nuc.ord	ENSG00000165566.nuc.ord.treefile	20.0	0.47619047619047616
TarvD7	ENSG00000165568.nuc.ord	ENSG00000165568.nuc.ord.treefile	16.0	0.3333333333333333
TarvD7	ENSG00000165588.nuc.ord	ENSG00000165588.nuc.ord.treefile	34.0	0.6071428571428571
TarvD7	ENSG00000165609.nuc.ord	ENSG00000165609.nuc.ord.treefile	24.0	0.3870967741935484
TarvD7	ENSG00000165617.nuc.ord	ENSG00000165617.nuc.ord.treefile	12.0	0.23076923076923078
TarvD7	ENSG00000165621.nuc.ord	ENSG00000165621.nuc.ord.treefile	10.0	0.20833333333333334
TarvD7	ENSG00000165629.nuc.ord	ENSG00000165629.nuc.ord.treefile	24.0	0.42857142857142855
TarvD7	ENSG00000165630.nuc.ord	ENSG00000165630.nuc.ord.treefile	38.0	0.6551724137931034
TarvD7	ENSG00000165632.nuc.ord	ENSG00000165632.nuc.ord.treefile	18.0	0.3103448275862069
TarvD7	ENSG00000165633.nuc.ord	ENSG00000165633.nuc.ord.treefile	30.0	0.4838709677419355
TarvD7	ENSG00000165644.nuc.ord	ENSG00000165644.nuc.ord.treefile	18.0	0.36
TarvD7	ENSG00000165646.nuc.ord	ENSG00000165646.nuc.ord.treefile	28.0	0.45161290322580644
TarvD7	ENSG00000165650.nuc.ord	ENSG00000165650.nuc.ord.treefile	8.0	0.12903225806451613
TarvD7	ENSG00000165659.nuc.ord	ENSG00000165659.nuc.ord.treefile	32.0	0.5
TarvD7	ENSG00000165660.nuc.ord	ENSG00000165660.nuc.ord.treefile	20.0	0.3448275862068966
TarvD7	ENSG00000165669.nuc.ord	ENSG00000165669.nuc.ord.treefile	18.0	0.3
TarvD7	ENSG00000165671.nuc.ord	ENSG00000165671.nuc.ord.treefile	10.0	0.15625
TarvD7	ENSG00000165672.nuc.ord	ENSG00000165672.nuc.ord.treefile	26.0	0.41935483870967744
TarvD7	ENSG00000165675.nuc.ord	ENSG00000165675.nuc.ord.treefile	26.0	0.43333333333333335
TarvD7	ENSG00000165678.nuc.ord	ENSG00000165678.nuc.ord.treefile	20.0	0.4166666666666667
TarvD7	ENSG00000165682.nuc.ord	ENSG00000165682.nuc.ord.treefile	14.0	0.2916666666666667
TarvD7	ENSG00000165684.nuc.ord	ENSG00000165684.nuc.ord.treefile	12.0	0.25
TarvD7	ENSG00000165685.nuc.ord	ENSG00000165685.nuc.ord.treefile	22.0	0.3793103448275862
TarvD7	ENSG00000165688.nuc.ord	ENSG00000165688.nuc.ord.treefile	14.0	0.23333333333333334
TarvD7	ENSG00000165694.nuc.ord	ENSG00000165694.nuc.ord.treefile	10.0	0.16666666666666666
TarvD7	ENSG00000165695.nuc.ord	ENSG00000165695.nuc.ord.treefile	24.0	0.4
TarvD7	ENSG00000165698.nuc.ord	ENSG00000165698.nuc.ord.treefile	30.0	0.5172413793103449
TarvD7	ENSG00000165699.nuc.ord	ENSG00000165699.nuc.ord.treefile	6.0	0.1
TarvD7	ENSG00000165702.nuc.ord	ENSG00000165702.nuc.ord.treefile	26.0	0.4642857142857143
TarvD7	ENSG00000165704.nuc.ord	ENSG00000165704.nuc.ord.treefile	38.0	0.7037037037037037
TarvD7	ENSG00000165714.nuc.ord	ENSG00000165714.nuc.ord.treefile	48.0	0.8275862068965517
TarvD7	ENSG00000165724.nuc.ord	ENSG00000165724.nuc.ord.treefile	22.0	0.5
TarvD7	ENSG00000165730.nuc.ord	ENSG00000165730.nuc.ord.treefile	8.0	0.12903225806451613
TarvD7	ENSG00000165731.nuc.ord	ENSG00000165731.nuc.ord.treefile	10.0	0.18518518518518517
TarvD7	ENSG00000165732.nuc.ord	ENSG00000165732.nuc.ord.treefile	10.0	0.1724137931034483
TarvD7	ENSG00000165757.nuc.ord	ENSG00000165757.nuc.ord.treefile	8.0	0.13793103448275862
TarvD7	ENSG00000165762.nuc.ord	ENSG00000165762.nuc.ord.treefile	12.0	0.35294117647058826
TarvD7	ENSG00000165782.nuc.ord	ENSG00000165782.nuc.ord.treefile	24.0	0.42857142857142855
TarvD7	ENSG00000165792.nuc.ord	ENSG00000165792.nuc.ord.treefile	18.0	0.28125
TarvD7	ENSG00000165794.nuc.ord	ENSG00000165794.nuc.ord.treefile	16.0	0.38095238095238093
TarvD7	ENSG00000165795.nuc.ord	ENSG00000165795.nuc.ord.treefile	20.0	0.3448275862068966
TarvD7	ENSG00000165801.nuc.ord	ENSG00000165801.nuc.ord.treefile	12.0	0.20689655172413793
TarvD7	ENSG00000165804.nuc.ord	ENSG00000165804.nuc.ord.treefile	10.0	0.16129032258064516
TarvD7	ENSG00000165805.nuc.ord	ENSG00000165805.nuc.ord.treefile	6.0	0.0967741935483871
TarvD7	ENSG00000165806.nuc.ord	ENSG00000165806.nuc.ord.treefile	10.0	0.16129032258064516
TarvD7	ENSG00000165807.nuc.ord	ENSG00000165807.nuc.ord.treefile	18.0	0.2903225806451613
TarvD7	ENSG00000165810.nuc.ord	ENSG00000165810.nuc.ord.treefile	18.0	0.42857142857142855
TarvD7	ENSG00000165813.nuc.ord	ENSG00000165813.nuc.ord.treefile	16.0	0.25
TarvD7	ENSG00000165816.nuc.ord	ENSG00000165816.nuc.ord.treefile	8.0	0.13793103448275862
TarvD7	ENSG00000165819.nuc.ord	ENSG00000165819.nuc.ord.treefile	16.0	0.26666666666666666
TarvD7	ENSG00000165832.nuc.ord	ENSG00000165832.nuc.ord.treefile	34.0	0.53125
TarvD7	ENSG00000165861.nuc.ord	ENSG00000165861.nuc.ord.treefile	22.0	0.34375
TarvD7	ENSG00000165863.nuc.ord	ENSG00000165863.nuc.ord.treefile	40.0	0.6060606060606061
TarvD7	ENSG00000165868.nuc.ord	ENSG00000165868.nuc.ord.treefile	22.0	0.3333333333333333
TarvD7	ENSG00000165887.nuc.ord	ENSG00000165887.nuc.ord.treefile	18.0	0.3103448275862069
TarvD7	ENSG00000165891.nuc.ord	ENSG00000165891.nuc.ord.treefile	16.0	0.24242424242424243
TarvD7	ENSG00000165895.nuc.ord	ENSG00000165895.nuc.ord.treefile	36.0	0.5454545454545454
TarvD7	ENSG00000165898.nuc.ord	ENSG00000165898.nuc.ord.treefile	30.0	0.5172413793103449
TarvD7	ENSG00000165905.nuc.ord	ENSG00000165905.nuc.ord.treefile	14.0	0.2413793103448276
TarvD7	ENSG00000165914.nuc.ord	ENSG00000165914.nuc.ord.treefile	22.0	0.36666666666666664
TarvD7	ENSG00000165915.nuc.ord	ENSG00000165915.nuc.ord.treefile	16.0	0.2962962962962963
TarvD7	ENSG00000165916.nuc.ord	ENSG00000165916.nuc.ord.treefile	12.0	0.25
TarvD7	ENSG00000165923.nuc.ord	ENSG00000165923.nuc.ord.treefile	22.0	0.3548387096774194
TarvD7	ENSG00000165929.nuc.ord	ENSG00000165929.nuc.ord.treefile	26.0	0.41935483870967744
TarvD7	ENSG00000165953.nuc.ord	ENSG00000165953.nuc.ord.treefile	16.0	0.3076923076923077
TarvD7	ENSG00000165959.nuc.ord	ENSG00000165959.nuc.ord.treefile	8.0	0.13793103448275862
TarvD7	ENSG00000165966.nuc.ord	ENSG00000165966.nuc.ord.treefile	30.0	0.5172413793103449
TarvD7	ENSG00000165970.nuc.ord	ENSG00000165970.nuc.ord.treefile	14.0	0.22580645161290322
TarvD7	ENSG00000165972.nuc.ord	ENSG00000165972.nuc.ord.treefile	16.0	0.25806451612903225
TarvD7	ENSG00000165973.nuc.ord	ENSG00000165973.nuc.ord.treefile	22.0	0.3548387096774194
TarvD7	ENSG00000165983.nuc.ord	ENSG00000165983.nuc.ord.treefile	20.0	0.3225806451612903
TarvD7	ENSG00000165990.nuc.ord	ENSG00000165990.nuc.ord.treefile	14.0	0.22580645161290322
TarvD7	ENSG00000165995.nuc.ord	ENSG00000165995.nuc.ord.treefile	18.0	0.2727272727272727
TarvD7	ENSG00000165996.nuc.ord	ENSG00000165996.nuc.ord.treefile	30.0	0.5172413793103449
TarvD7	ENSG00000165997.nuc.ord	ENSG00000165997.nuc.ord.treefile	44.0	0.7096774193548387
TarvD7	ENSG00000166006.nuc.ord	ENSG00000166006.nuc.ord.treefile	30.0	0.5555555555555556
TarvD7	ENSG00000166012.nuc.ord	ENSG00000166012.nuc.ord.treefile	16.0	0.32
TarvD7	ENSG00000166016.nuc.ord	ENSG00000166016.nuc.ord.treefile	12.0	0.2222222222222222
TarvD7	ENSG00000166025.nuc.ord	ENSG00000166025.nuc.ord.treefile	18.0	0.2903225806451613
TarvD7	ENSG00000166033.nuc.ord	ENSG00000166033.nuc.ord.treefile	20.0	0.37037037037037035
TarvD7	ENSG00000166035.nuc.ord	ENSG00000166035.nuc.ord.treefile	28.0	0.45161290322580644
TarvD7	ENSG00000166037.nuc.ord	ENSG00000166037.nuc.ord.treefile	22.0	0.36666666666666664
TarvD7	ENSG00000166046.nuc.ord	ENSG00000166046.nuc.ord.treefile	8.0	0.12903225806451613
TarvD7	ENSG00000166068.nuc.ord	ENSG00000166068.nuc.ord.treefile	32.0	0.5
TarvD7	ENSG00000166069.nuc.ord	ENSG00000166069.nuc.ord.treefile	14.0	0.21875
TarvD7	ENSG00000166073.nuc.ord	ENSG00000166073.nuc.ord.treefile	22.0	0.34375
TarvD7	ENSG00000166086.nuc.ord	ENSG00000166086.nuc.ord.treefile	20.0	0.35714285714285715
TarvD7	ENSG00000166091.nuc.ord	ENSG00000166091.nuc.ord.treefile	42.0	0.7241379310344828
TarvD7	ENSG00000166106.nuc.ord	ENSG00000166106.nuc.ord.treefile	16.0	0.25
TarvD7	ENSG00000166111.nuc.ord	ENSG00000166111.nuc.ord.treefile	28.0	0.42424242424242425
TarvD7	ENSG00000166118.nuc.ord	ENSG00000166118.nuc.ord.treefile	14.0	0.25
TarvD7	ENSG00000166123.nuc.ord	ENSG00000166123.nuc.ord.treefile	38.0	0.59375
TarvD7	ENSG00000166128.nuc.ord	ENSG00000166128.nuc.ord.treefile	22.0	0.5238095238095238
TarvD7	ENSG00000166130.nuc.ord	ENSG00000166130.nuc.ord.treefile	38.0	0.6333333333333333
TarvD7	ENSG00000166133.nuc.ord	ENSG00000166133.nuc.ord.treefile	14.0	0.22580645161290322
TarvD7	ENSG00000166135.nuc.ord	ENSG00000166135.nuc.ord.treefile	34.0	0.6071428571428571
TarvD7	ENSG00000166136.nuc.ord	ENSG00000166136.nuc.ord.treefile	26.0	0.5416666666666666
TarvD7	ENSG00000166140.nuc.ord	ENSG00000166140.nuc.ord.treefile	30.0	0.5357142857142857
TarvD7	ENSG00000166143.nuc.ord	ENSG00000166143.nuc.ord.treefile	38.0	0.6333333333333333
TarvD7	ENSG00000166145.nuc.ord	ENSG00000166145.nuc.ord.treefile	22.0	0.36666666666666664
TarvD7	ENSG00000166148.nuc.ord	ENSG00000166148.nuc.ord.treefile	8.0	0.15384615384615385
TarvD7	ENSG00000166166.nuc.ord	ENSG00000166166.nuc.ord.treefile	16.0	0.38095238095238093
TarvD7	ENSG00000166167.nuc.ord	ENSG00000166167.nuc.ord.treefile	24.0	0.375
TarvD7	ENSG00000166169.nuc.ord	ENSG00000166169.nuc.ord.treefile	12.0	0.2
TarvD7	ENSG00000166171.nuc.ord	ENSG00000166171.nuc.ord.treefile	32.0	0.5161290322580645
TarvD7	ENSG00000166173.nuc.ord	ENSG00000166173.nuc.ord.treefile	16.0	0.36363636363636365
TarvD7	ENSG00000166181.nuc.ord	ENSG00000166181.nuc.ord.treefile	8.0	0.18181818181818182
TarvD7	ENSG00000166192.nuc.ord	ENSG00000166192.nuc.ord.treefile	32.0	0.6956521739130435
TarvD7	ENSG00000166199.nuc.ord	ENSG00000166199.nuc.ord.treefile	14.0	0.2413793103448276
TarvD7	ENSG00000166206.nuc.ord	ENSG00000166206.nuc.ord.treefile	32.0	0.48484848484848486
TarvD7	ENSG00000166211.nuc.ord	ENSG00000166211.nuc.ord.treefile	14.0	0.3181818181818182
TarvD7	ENSG00000166220.nuc.ord	ENSG00000166220.nuc.ord.treefile	26.0	0.4642857142857143
TarvD7	ENSG00000166224.nuc.ord	ENSG00000166224.nuc.ord.treefile	20.0	0.30303030303030304
TarvD7	ENSG00000166225.nuc.ord	ENSG00000166225.nuc.ord.treefile	34.0	0.53125
TarvD7	ENSG00000166226.nuc.ord	ENSG00000166226.nuc.ord.treefile	24.0	0.3870967741935484
TarvD7	ENSG00000166233.nuc.ord	ENSG00000166233.nuc.ord.treefile	36.0	0.5625
TarvD7	ENSG00000166250.nuc.ord	ENSG00000166250.nuc.ord.treefile	26.0	0.4482758620689655
TarvD7	ENSG00000166257.nuc.ord	ENSG00000166257.nuc.ord.treefile	34.0	0.53125
TarvD7	ENSG00000166260.nuc.ord	ENSG00000166260.nuc.ord.treefile	18.0	0.3333333333333333
TarvD7	ENSG00000166261.nuc.ord	ENSG00000166261.nuc.ord.treefile	24.0	0.4
TarvD7	ENSG00000166262.nuc.ord	ENSG00000166262.nuc.ord.treefile	18.0	0.28125
TarvD7	ENSG00000166263.nuc.ord	ENSG00000166263.nuc.ord.treefile	20.0	0.3125
TarvD7	ENSG00000166265.nuc.ord	ENSG00000166265.nuc.ord.treefile	28.0	0.4827586206896552
TarvD7	ENSG00000166266.nuc.ord	ENSG00000166266.nuc.ord.treefile	20.0	0.3125
TarvD7	ENSG00000166272.nuc.ord	ENSG00000166272.nuc.ord.treefile	20.0	0.37037037037037035
TarvD7	ENSG00000166275.nuc.ord	ENSG00000166275.nuc.ord.treefile	20.0	0.5
TarvD7	ENSG00000166278.nuc.ord	ENSG00000166278.nuc.ord.treefile	22.0	0.4230769230769231
TarvD7	ENSG00000166289.nuc.ord	ENSG00000166289.nuc.ord.treefile	20.0	0.45454545454545453
TarvD7	ENSG00000166295.nuc.ord	ENSG00000166295.nuc.ord.treefile	42.0	0.6774193548387096
TarvD7	ENSG00000166313.nuc.ord	ENSG00000166313.nuc.ord.treefile	26.0	0.48148148148148145
TarvD7	ENSG00000166317.nuc.ord	ENSG00000166317.nuc.ord.treefile	8.0	0.16666666666666666
TarvD7	ENSG00000166321.nuc.ord	ENSG00000166321.nuc.ord.treefile	16.0	0.26666666666666666
TarvD7	ENSG00000166323.nuc.ord	ENSG00000166323.nuc.ord.treefile	16.0	0.3076923076923077
TarvD7	ENSG00000166326.nuc.ord	ENSG00000166326.nuc.ord.treefile	28.0	0.5
TarvD7	ENSG00000166329.nuc.ord	ENSG00000166329.nuc.ord.treefile	26.0	0.5909090909090909
TarvD7	ENSG00000166333.nuc.ord	ENSG00000166333.nuc.ord.treefile	24.0	0.4
TarvD7	ENSG00000166340.nuc.ord	ENSG00000166340.nuc.ord.treefile	12.0	0.2222222222222222
TarvD7	ENSG00000166341.nuc.ord	ENSG00000166341.nuc.ord.treefile	10.0	0.18518518518518517
TarvD7	ENSG00000166342.nuc.ord	ENSG00000166342.nuc.ord.treefile	34.0	0.5483870967741935
TarvD7	ENSG00000166343.nuc.ord	ENSG00000166343.nuc.ord.treefile	8.0	0.12903225806451613
TarvD7	ENSG00000166347.nuc.ord	ENSG00000166347.nuc.ord.treefile	32.0	0.5333333333333333
TarvD7	ENSG00000166348.nuc.ord	ENSG00000166348.nuc.ord.treefile	22.0	0.3548387096774194
TarvD7	ENSG00000166352.nuc.ord	ENSG00000166352.nuc.ord.treefile	20.0	0.3225806451612903
TarvD7	ENSG00000166377.nuc.ord	ENSG00000166377.nuc.ord.treefile	8.0	0.13793103448275862
TarvD7	ENSG00000166387.nuc.ord	ENSG00000166387.nuc.ord.treefile	14.0	0.21212121212121213
TarvD7	ENSG00000166391.nuc.ord	ENSG00000166391.nuc.ord.treefile	22.0	0.4074074074074074
TarvD7	ENSG00000166394.nuc.ord	ENSG00000166394.nuc.ord.treefile	26.0	0.40625
TarvD7	ENSG00000166396.nuc.ord	ENSG00000166396.nuc.ord.treefile	20.0	0.3333333333333333
TarvD7	ENSG00000166398.nuc.ord	ENSG00000166398.nuc.ord.treefile	10.0	0.16129032258064516
TarvD7	ENSG00000166402.nuc.ord	ENSG00000166402.nuc.ord.treefile	16.0	0.27586206896551724
TarvD7	ENSG00000166405.nuc.ord	ENSG00000166405.nuc.ord.treefile	26.0	0.40625
TarvD7	ENSG00000166411.nuc.ord	ENSG00000166411.nuc.ord.treefile	30.0	0.5
TarvD7	ENSG00000166415.nuc.ord	ENSG00000166415.nuc.ord.treefile	10.0	0.15625
TarvD7	ENSG00000166426.nuc.ord	ENSG00000166426.nuc.ord.treefile	34.0	0.7391304347826086
TarvD7	ENSG00000166435.nuc.ord	ENSG00000166435.nuc.ord.treefile	20.0	0.3225806451612903
TarvD7	ENSG00000166436.nuc.ord	ENSG00000166436.nuc.ord.treefile	8.0	0.12903225806451613
TarvD7	ENSG00000166439.nuc.ord	ENSG00000166439.nuc.ord.treefile	22.0	0.34375
TarvD7	ENSG00000166444.nuc.ord	ENSG00000166444.nuc.ord.treefile	14.0	0.22580645161290322
TarvD7	ENSG00000166446.nuc.ord	ENSG00000166446.nuc.ord.treefile	12.0	0.2
TarvD7	ENSG00000166448.nuc.ord	ENSG00000166448.nuc.ord.treefile	20.0	0.38461538461538464
TarvD7	ENSG00000166450.nuc.ord	ENSG00000166450.nuc.ord.treefile	26.0	0.41935483870967744
TarvD7	ENSG00000166451.nuc.ord	ENSG00000166451.nuc.ord.treefile	26.0	0.40625
TarvD7	ENSG00000166452.nuc.ord	ENSG00000166452.nuc.ord.treefile	22.0	0.36666666666666664
TarvD7	ENSG00000166454.nuc.ord	ENSG00000166454.nuc.ord.treefile	18.0	0.3333333333333333
TarvD7	ENSG00000166455.nuc.ord	ENSG00000166455.nuc.ord.treefile	16.0	0.27586206896551724
TarvD7	ENSG00000166471.nuc.ord	ENSG00000166471.nuc.ord.treefile	38.0	0.59375
TarvD7	ENSG00000166478.nuc.ord	ENSG00000166478.nuc.ord.treefile	22.0	0.3548387096774194
TarvD7	ENSG00000166479.nuc.ord	ENSG00000166479.nuc.ord.treefile	12.0	0.23076923076923078
TarvD7	ENSG00000166483.nuc.ord	ENSG00000166483.nuc.ord.treefile	20.0	0.3225806451612903
TarvD7	ENSG00000166484.nuc.ord	ENSG00000166484.nuc.ord.treefile	16.0	0.32
TarvD7	ENSG00000166501.nuc.ord	ENSG00000166501.nuc.ord.treefile	20.0	0.35714285714285715
TarvD7	ENSG00000166503.nuc.ord	ENSG00000166503.nuc.ord.treefile	22.0	0.39285714285714285
TarvD7	ENSG00000166507.nuc.ord	ENSG00000166507.nuc.ord.treefile	16.0	0.25806451612903225
TarvD7	ENSG00000166508.nuc.ord	ENSG00000166508.nuc.ord.treefile	26.0	0.43333333333333335
TarvD7	ENSG00000166509.nuc.ord	ENSG00000166509.nuc.ord.treefile	14.0	0.23333333333333334
TarvD7	ENSG00000166510.nuc.ord	ENSG00000166510.nuc.ord.treefile	10.0	0.15625
TarvD7	ENSG00000166523.nuc.ord	ENSG00000166523.nuc.ord.treefile	28.0	0.4666666666666667
TarvD7	ENSG00000166529.nuc.ord	ENSG00000166529.nuc.ord.treefile	10.0	0.20833333333333334
TarvD7	ENSG00000166532.nuc.ord	ENSG00000166532.nuc.ord.treefile	30.0	0.5357142857142857
TarvD7	ENSG00000166548.nuc.ord	ENSG00000166548.nuc.ord.treefile	28.0	0.4666666666666667
TarvD7	ENSG00000166557.nuc.ord	ENSG00000166557.nuc.ord.treefile	18.0	0.45
TarvD7	ENSG00000166562.nuc.ord	ENSG00000166562.nuc.ord.treefile	44.0	0.7333333333333333
TarvD7	ENSG00000166569.nuc.ord	ENSG00000166569.nuc.ord.treefile	30.0	0.4838709677419355
TarvD7	ENSG00000166573.nuc.ord	ENSG00000166573.nuc.ord.treefile	20.0	0.5
TarvD7	ENSG00000166575.nuc.ord	ENSG00000166575.nuc.ord.treefile	20.0	0.3125
TarvD7	ENSG00000166579.nuc.ord	ENSG00000166579.nuc.ord.treefile	38.0	0.6333333333333333
TarvD7	ENSG00000166592.nuc.ord	ENSG00000166592.nuc.ord.treefile	18.0	0.34615384615384615
TarvD7	ENSG00000166595.nuc.ord	ENSG00000166595.nuc.ord.treefile	24.0	0.6
TarvD7	ENSG00000166596.nuc.ord	ENSG00000166596.nuc.ord.treefile	14.0	0.21875
TarvD7	ENSG00000166619.nuc.ord	ENSG00000166619.nuc.ord.treefile	42.0	0.84
TarvD7	ENSG00000166634.nuc.ord	ENSG00000166634.nuc.ord.treefile	12.0	0.23076923076923078
TarvD7	ENSG00000166669.nuc.ord	ENSG00000166669.nuc.ord.treefile	26.0	0.43333333333333335
TarvD7	ENSG00000166676.nuc.ord	ENSG00000166676.nuc.ord.treefile	34.0	0.5862068965517241
TarvD7	ENSG00000166682.nuc.ord	ENSG00000166682.nuc.ord.treefile	4.0	0.09523809523809523
TarvD7	ENSG00000166685.nuc.ord	ENSG00000166685.nuc.ord.treefile	14.0	0.23333333333333334
TarvD7	ENSG00000166689.nuc.ord	ENSG00000166689.nuc.ord.treefile	8.0	0.125
TarvD7	ENSG00000166710.nuc.ord	ENSG00000166710.nuc.ord.treefile	34.0	0.68
TarvD7	ENSG00000166716.nuc.ord	ENSG00000166716.nuc.ord.treefile	12.0	0.1935483870967742
TarvD7	ENSG00000166734.nuc.ord	ENSG00000166734.nuc.ord.treefile	16.0	0.24242424242424243
TarvD7	ENSG00000166736.nuc.ord	ENSG00000166736.nuc.ord.treefile	10.0	0.21739130434782608
TarvD7	ENSG00000166747.nuc.ord	ENSG00000166747.nuc.ord.treefile	28.0	0.4375
TarvD7	ENSG00000166748.nuc.ord	ENSG00000166748.nuc.ord.treefile	20.0	0.3225806451612903
TarvD7	ENSG00000166762.nuc.ord	ENSG00000166762.nuc.ord.treefile	10.0	0.2631578947368421
TarvD7	ENSG00000166780.nuc.ord	ENSG00000166780.nuc.ord.treefile	28.0	0.4666666666666667
TarvD7	ENSG00000166783.nuc.ord	ENSG00000166783.nuc.ord.treefile	14.0	0.22580645161290322
TarvD7	ENSG00000166788.nuc.ord	ENSG00000166788.nuc.ord.treefile	14.0	0.22580645161290322
TarvD7	ENSG00000166793.nuc.ord	ENSG00000166793.nuc.ord.treefile	34.0	0.6296296296296297
TarvD7	ENSG00000166794.nuc.ord	ENSG00000166794.nuc.ord.treefile	34.0	0.6071428571428571
TarvD7	ENSG00000166796.nuc.ord	ENSG00000166796.nuc.ord.treefile	22.0	0.4230769230769231
TarvD7	ENSG00000166797.nuc.ord	ENSG00000166797.nuc.ord.treefile	32.0	0.5161290322580645
TarvD7	ENSG00000166801.nuc.ord	ENSG00000166801.nuc.ord.treefile	14.0	0.2692307692307692
TarvD7	ENSG00000166803.nuc.ord	ENSG00000166803.nuc.ord.treefile	32.0	0.5714285714285714
TarvD7	ENSG00000166816.nuc.ord	ENSG00000166816.nuc.ord.treefile	16.0	0.3076923076923077
TarvD7	ENSG00000166821.nuc.ord	ENSG00000166821.nuc.ord.treefile	20.0	0.4
TarvD7	ENSG00000166822.nuc.ord	ENSG00000166822.nuc.ord.treefile	34.0	0.5151515151515151
TarvD7	ENSG00000166825.nuc.ord	ENSG00000166825.nuc.ord.treefile	10.0	0.18518518518518517
TarvD7	ENSG00000166828.nuc.ord	ENSG00000166828.nuc.ord.treefile	12.0	0.1935483870967742
TarvD7	ENSG00000166831.nuc.ord	ENSG00000166831.nuc.ord.treefile	28.0	0.5185185185185185
TarvD7	ENSG00000166833.nuc.ord	ENSG00000166833.nuc.ord.treefile	4.0	0.06060606060606061
TarvD7	ENSG00000166839.nuc.ord	ENSG00000166839.nuc.ord.treefile	32.0	0.5714285714285714
TarvD7	ENSG00000166845.nuc.ord	ENSG00000166845.nuc.ord.treefile	2.0	0.03333333333333333
TarvD7	ENSG00000166847.nuc.ord	ENSG00000166847.nuc.ord.treefile	42.0	0.65625
TarvD7	ENSG00000166848.nuc.ord	ENSG00000166848.nuc.ord.treefile	30.0	0.5172413793103449
TarvD7	ENSG00000166855.nuc.ord	ENSG00000166855.nuc.ord.treefile	28.0	0.4375
TarvD7	ENSG00000166860.nuc.ord	ENSG00000166860.nuc.ord.treefile	16.0	0.4
TarvD7	ENSG00000166862.nuc.ord	ENSG00000166862.nuc.ord.treefile	40.0	0.6666666666666666
TarvD7	ENSG00000166863.nuc.ord	ENSG00000166863.nuc.ord.treefile	20.0	0.3448275862068966
TarvD7	ENSG00000166866.nuc.ord	ENSG00000166866.nuc.ord.treefile	14.0	0.23333333333333334
TarvD7	ENSG00000166869.nuc.ord	ENSG00000166869.nuc.ord.treefile	28.0	0.5833333333333334
TarvD7	ENSG00000166881.nuc.ord	ENSG00000166881.nuc.ord.treefile	18.0	0.3
TarvD7	ENSG00000166886.nuc.ord	ENSG00000166886.nuc.ord.treefile	14.0	0.3333333333333333
TarvD7	ENSG00000166887.nuc.ord	ENSG00000166887.nuc.ord.treefile	24.0	0.3870967741935484
TarvD7	ENSG00000166888.nuc.ord	ENSG00000166888.nuc.ord.treefile	22.0	0.3793103448275862
TarvD7	ENSG00000166896.nuc.ord	ENSG00000166896.nuc.ord.treefile	34.0	0.53125
TarvD7	ENSG00000166900.nuc.ord	ENSG00000166900.nuc.ord.treefile	28.0	0.56
TarvD7	ENSG00000166902.nuc.ord	ENSG00000166902.nuc.ord.treefile	22.0	0.3548387096774194
TarvD7	ENSG00000166908.nuc.ord	ENSG00000166908.nuc.ord.treefile	20.0	0.37037037037037035
TarvD7	ENSG00000166912.nuc.ord	ENSG00000166912.nuc.ord.treefile	18.0	0.3103448275862069
TarvD7	ENSG00000166922.nuc.ord	ENSG00000166922.nuc.ord.treefile	34.0	0.5666666666666667
TarvD7	ENSG00000166923.nuc.ord	ENSG00000166923.nuc.ord.treefile	26.0	0.5652173913043478
TarvD7	ENSG00000166924.nuc.ord	ENSG00000166924.nuc.ord.treefile	8.0	0.16
TarvD7	ENSG00000166925.nuc.ord	ENSG00000166925.nuc.ord.treefile	16.0	0.36363636363636365
TarvD7	ENSG00000166938.nuc.ord	ENSG00000166938.nuc.ord.treefile	32.0	0.5333333333333333
TarvD7	ENSG00000166946.nuc.ord	ENSG00000166946.nuc.ord.treefile	12.0	0.1935483870967742
TarvD7	ENSG00000166947.nuc.ord	ENSG00000166947.nuc.ord.treefile	10.0	0.16129032258064516
TarvD7	ENSG00000166949.nuc.ord	ENSG00000166949.nuc.ord.treefile	20.0	0.35714285714285715
TarvD7	ENSG00000166960.nuc.ord	ENSG00000166960.nuc.ord.treefile	22.0	0.39285714285714285
TarvD7	ENSG00000166961.nuc.ord	ENSG00000166961.nuc.ord.treefile	34.0	0.7083333333333334
TarvD7	ENSG00000166963.nuc.ord	ENSG00000166963.nuc.ord.treefile	6.0	0.10714285714285714
TarvD7	ENSG00000166974.nuc.ord	ENSG00000166974.nuc.ord.treefile	10.0	0.1724137931034483
TarvD7	ENSG00000166986.nuc.ord	ENSG00000166986.nuc.ord.treefile	10.0	0.16129032258064516
TarvD7	ENSG00000166997.nuc.ord	ENSG00000166997.nuc.ord.treefile	34.0	0.5483870967741935
TarvD7	ENSG00000167004.nuc.ord	ENSG00000167004.nuc.ord.treefile	16.0	0.24242424242424243
TarvD7	ENSG00000167005.nuc.ord	ENSG00000167005.nuc.ord.treefile	18.0	0.32142857142857145
TarvD7	ENSG00000167014.nuc.ord	ENSG00000167014.nuc.ord.treefile	40.0	0.7407407407407407
TarvD7	ENSG00000167034.nuc.ord	ENSG00000167034.nuc.ord.treefile	12.0	0.1875
TarvD7	ENSG00000167037.nuc.ord	ENSG00000167037.nuc.ord.treefile	16.0	0.25806451612903225
TarvD7	ENSG00000167074.nuc.ord	ENSG00000167074.nuc.ord.treefile	30.0	0.5172413793103449
TarvD7	ENSG00000167077.nuc.ord	ENSG00000167077.nuc.ord.treefile	22.0	0.3333333333333333
TarvD7	ENSG00000167080.nuc.ord	ENSG00000167080.nuc.ord.treefile	20.0	0.35714285714285715
TarvD7	ENSG00000167081.nuc.ord	ENSG00000167081.nuc.ord.treefile	38.0	0.5757575757575758
TarvD7	ENSG00000167088.nuc.ord	ENSG00000167088.nuc.ord.treefile	36.0	0.72
TarvD7	ENSG00000167094.nuc.ord	ENSG00000167094.nuc.ord.treefile	8.0	0.13333333333333333
TarvD7	ENSG00000167098.nuc.ord	ENSG00000167098.nuc.ord.treefile	26.0	0.48148148148148145
TarvD7	ENSG00000167100.nuc.ord	ENSG00000167100.nuc.ord.treefile	24.0	0.46153846153846156
TarvD7	ENSG00000167103.nuc.ord	ENSG00000167103.nuc.ord.treefile	20.0	0.3448275862068966
TarvD7	ENSG00000167106.nuc.ord	ENSG00000167106.nuc.ord.treefile	28.0	0.5
TarvD7	ENSG00000167112.nuc.ord	ENSG00000167112.nuc.ord.treefile	14.0	0.2692307692307692
TarvD7	ENSG00000167113.nuc.ord	ENSG00000167113.nuc.ord.treefile	28.0	0.45161290322580644
TarvD7	ENSG00000167114.nuc.ord	ENSG00000167114.nuc.ord.treefile	12.0	0.2
TarvD7	ENSG00000167118.nuc.ord	ENSG00000167118.nuc.ord.treefile	46.0	0.8214285714285714
TarvD7	ENSG00000167123.nuc.ord	ENSG00000167123.nuc.ord.treefile	22.0	0.3793103448275862
TarvD7	ENSG00000167130.nuc.ord	ENSG00000167130.nuc.ord.treefile	36.0	0.6428571428571429
TarvD7	ENSG00000167131.nuc.ord	ENSG00000167131.nuc.ord.treefile	8.0	0.18181818181818182
TarvD7	ENSG00000167136.nuc.ord	ENSG00000167136.nuc.ord.treefile	12.0	0.2857142857142857
TarvD7	ENSG00000167139.nuc.ord	ENSG00000167139.nuc.ord.treefile	26.0	0.4642857142857143
TarvD7	ENSG00000167173.nuc.ord	ENSG00000167173.nuc.ord.treefile	20.0	0.43478260869565216
TarvD7	ENSG00000167178.nuc.ord	ENSG00000167178.nuc.ord.treefile	10.0	0.2631578947368421
TarvD7	ENSG00000167182.nuc.ord	ENSG00000167182.nuc.ord.treefile	22.0	0.36666666666666664
TarvD7	ENSG00000167183.nuc.ord	ENSG00000167183.nuc.ord.treefile	24.0	0.5714285714285714
TarvD7	ENSG00000167186.nuc.ord	ENSG00000167186.nuc.ord.treefile	32.0	0.5333333333333333
TarvD7	ENSG00000167193.nuc.ord	ENSG00000167193.nuc.ord.treefile	34.0	0.53125
TarvD7	ENSG00000167194.nuc.ord	ENSG00000167194.nuc.ord.treefile	30.0	0.625
TarvD7	ENSG00000167196.nuc.ord	ENSG00000167196.nuc.ord.treefile	26.0	0.4642857142857143
TarvD7	ENSG00000167202.nuc.ord	ENSG00000167202.nuc.ord.treefile	30.0	0.5
TarvD7	ENSG00000167207.nuc.ord	ENSG00000167207.nuc.ord.treefile	10.0	0.18518518518518517
TarvD7	ENSG00000167208.nuc.ord	ENSG00000167208.nuc.ord.treefile	24.0	0.42857142857142855
TarvD7	ENSG00000167210.nuc.ord	ENSG00000167210.nuc.ord.treefile	10.0	0.16666666666666666
TarvD7	ENSG00000167216.nuc.ord	ENSG00000167216.nuc.ord.treefile	8.0	0.125
TarvD7	ENSG00000167220.nuc.ord	ENSG00000167220.nuc.ord.treefile	38.0	0.59375
TarvD7	ENSG00000167230.nuc.ord	ENSG00000167230.nuc.ord.treefile	14.0	0.22580645161290322
TarvD7	ENSG00000167257.nuc.ord	ENSG00000167257.nuc.ord.treefile	22.0	0.3333333333333333
TarvD7	ENSG00000167258.nuc.ord	ENSG00000167258.nuc.ord.treefile	8.0	0.125
TarvD7	ENSG00000167264.nuc.ord	ENSG00000167264.nuc.ord.treefile	12.0	0.1935483870967742
TarvD7	ENSG00000167272.nuc.ord	ENSG00000167272.nuc.ord.treefile	24.0	0.3870967741935484
TarvD7	ENSG00000167280.nuc.ord	ENSG00000167280.nuc.ord.treefile	10.0	0.18518518518518517
TarvD7	ENSG00000167286.nuc.ord	ENSG00000167286.nuc.ord.treefile	14.0	0.22580645161290322
TarvD7	ENSG00000167306.nuc.ord	ENSG00000167306.nuc.ord.treefile	14.0	0.2413793103448276
TarvD7	ENSG00000167311.nuc.ord	ENSG00000167311.nuc.ord.treefile	16.0	0.2962962962962963
TarvD7	ENSG00000167315.nuc.ord	ENSG00000167315.nuc.ord.treefile	34.0	0.5483870967741935
TarvD7	ENSG00000167323.nuc.ord	ENSG00000167323.nuc.ord.treefile	24.0	0.375
TarvD7	ENSG00000167325.nuc.ord	ENSG00000167325.nuc.ord.treefile	22.0	0.34375
TarvD7	ENSG00000167332.nuc.ord	ENSG00000167332.nuc.ord.treefile	16.0	0.34782608695652173
TarvD7	ENSG00000167359.nuc.ord	ENSG00000167359.nuc.ord.treefile	14.0	0.3888888888888889
TarvD7	ENSG00000167363.nuc.ord	ENSG00000167363.nuc.ord.treefile	20.0	0.45454545454545453
TarvD7	ENSG00000167393.nuc.ord	ENSG00000167393.nuc.ord.treefile	4.0	0.15384615384615385
TarvD7	ENSG00000167394.nuc.ord	ENSG00000167394.nuc.ord.treefile	26.0	0.52
TarvD7	ENSG00000167395.nuc.ord	ENSG00000167395.nuc.ord.treefile	14.0	0.23333333333333334
TarvD7	ENSG00000167397.nuc.ord	ENSG00000167397.nuc.ord.treefile	16.0	0.2857142857142857
TarvD7	ENSG00000167419.nuc.ord	ENSG00000167419.nuc.ord.treefile	16.0	0.25806451612903225
TarvD7	ENSG00000167447.nuc.ord	ENSG00000167447.nuc.ord.treefile	8.0	0.125
TarvD7	ENSG00000167461.nuc.ord	ENSG00000167461.nuc.ord.treefile	24.0	0.5
TarvD7	ENSG00000167491.nuc.ord	ENSG00000167491.nuc.ord.treefile	26.0	0.43333333333333335
TarvD7	ENSG00000167508.nuc.ord	ENSG00000167508.nuc.ord.treefile	14.0	0.2692307692307692
TarvD7	ENSG00000167522.nuc.ord	ENSG00000167522.nuc.ord.treefile	10.0	0.18518518518518517
TarvD7	ENSG00000167524.nuc.ord	ENSG00000167524.nuc.ord.treefile	8.0	0.16
TarvD7	ENSG00000167528.nuc.ord	ENSG00000167528.nuc.ord.treefile	22.0	0.36666666666666664
TarvD7	ENSG00000167531.nuc.ord	ENSG00000167531.nuc.ord.treefile	24.0	0.5
TarvD7	ENSG00000167535.nuc.ord	ENSG00000167535.nuc.ord.treefile	26.0	0.41935483870967744
TarvD7	ENSG00000167536.nuc.ord	ENSG00000167536.nuc.ord.treefile	16.0	0.2962962962962963
TarvD7	ENSG00000167543.nuc.ord	ENSG00000167543.nuc.ord.treefile	16.0	0.34782608695652173
TarvD7	ENSG00000167548.nuc.ord	ENSG00000167548.nuc.ord.treefile	6.0	0.16666666666666666
TarvD7	ENSG00000167549.nuc.ord	ENSG00000167549.nuc.ord.treefile	34.0	0.5862068965517241
TarvD7	ENSG00000167550.nuc.ord	ENSG00000167550.nuc.ord.treefile	34.0	0.5483870967741935
TarvD7	ENSG00000167566.nuc.ord	ENSG00000167566.nuc.ord.treefile	10.0	0.2
TarvD7	ENSG00000167588.nuc.ord	ENSG00000167588.nuc.ord.treefile	36.0	0.6428571428571429
TarvD7	ENSG00000167601.nuc.ord	ENSG00000167601.nuc.ord.treefile	16.0	0.27586206896551724
TarvD7	ENSG00000167608.nuc.ord	ENSG00000167608.nuc.ord.treefile	22.0	0.3793103448275862
TarvD7	ENSG00000167612.nuc.ord	ENSG00000167612.nuc.ord.treefile	24.0	0.48
TarvD7	ENSG00000167614.nuc.ord	ENSG00000167614.nuc.ord.treefile	10.0	0.20833333333333334
TarvD7	ENSG00000167615.nuc.ord	ENSG00000167615.nuc.ord.treefile	12.0	0.23076923076923078
TarvD7	ENSG00000167617.nuc.ord	ENSG00000167617.nuc.ord.treefile	8.0	0.4444444444444444
TarvD7	ENSG00000167632.nuc.ord	ENSG00000167632.nuc.ord.treefile	14.0	0.23333333333333334
TarvD7	ENSG00000167642.nuc.ord	ENSG00000167642.nuc.ord.treefile	28.0	0.4666666666666667
TarvD7	ENSG00000167646.nuc.ord	ENSG00000167646.nuc.ord.treefile	18.0	0.34615384615384615
TarvD7	ENSG00000167656.nuc.ord	ENSG00000167656.nuc.ord.treefile	22.0	0.5789473684210527
TarvD7	ENSG00000167658.nuc.ord	ENSG00000167658.nuc.ord.treefile	28.0	0.5384615384615384
TarvD7	ENSG00000167670.nuc.ord	ENSG00000167670.nuc.ord.treefile	22.0	0.36666666666666664
TarvD7	ENSG00000167674.nuc.ord	ENSG00000167674.nuc.ord.treefile	8.0	0.18181818181818182
TarvD7	ENSG00000167680.nuc.ord	ENSG00000167680.nuc.ord.treefile	16.0	0.4444444444444444
TarvD7	ENSG00000167693.nuc.ord	ENSG00000167693.nuc.ord.treefile	34.0	0.6071428571428571
TarvD7	ENSG00000167695.nuc.ord	ENSG00000167695.nuc.ord.treefile	32.0	0.5
TarvD7	ENSG00000167699.nuc.ord	ENSG00000167699.nuc.ord.treefile	28.0	0.45161290322580644
TarvD7	ENSG00000167700.nuc.ord	ENSG00000167700.nuc.ord.treefile	12.0	0.2222222222222222
TarvD7	ENSG00000167703.nuc.ord	ENSG00000167703.nuc.ord.treefile	22.0	0.3548387096774194
TarvD7	ENSG00000167711.nuc.ord	ENSG00000167711.nuc.ord.treefile	8.0	0.13793103448275862
TarvD7	ENSG00000167720.nuc.ord	ENSG00000167720.nuc.ord.treefile	12.0	0.20689655172413793
TarvD7	ENSG00000167721.nuc.ord	ENSG00000167721.nuc.ord.treefile	16.0	0.24242424242424243
TarvD7	ENSG00000167723.nuc.ord	ENSG00000167723.nuc.ord.treefile	10.0	0.20833333333333334
TarvD7	ENSG00000167740.nuc.ord	ENSG00000167740.nuc.ord.treefile	16.0	0.2857142857142857
TarvD7	ENSG00000167754.nuc.ord	ENSG00000167754.nuc.ord.treefile	8.0	0.21052631578947367
TarvD7	ENSG00000167755.nuc.ord	ENSG00000167755.nuc.ord.treefile	18.0	0.47368421052631576
TarvD7	ENSG00000167769.nuc.ord	ENSG00000167769.nuc.ord.treefile	24.0	0.5
TarvD7	ENSG00000167771.nuc.ord	ENSG00000167771.nuc.ord.treefile	20.0	0.4166666666666667
TarvD7	ENSG00000167772.nuc.ord	ENSG00000167772.nuc.ord.treefile	16.0	0.2962962962962963
TarvD7	ENSG00000167774.nuc.ord	ENSG00000167774.nuc.ord.treefile	26.0	0.48148148148148145
TarvD7	ENSG00000167778.nuc.ord	ENSG00000167778.nuc.ord.treefile	30.0	0.5
TarvD7	ENSG00000167779.nuc.ord	ENSG00000167779.nuc.ord.treefile	22.0	0.4074074074074074
TarvD7	ENSG00000167780.nuc.ord	ENSG00000167780.nuc.ord.treefile	24.0	0.375
TarvD7	ENSG00000167792.nuc.ord	ENSG00000167792.nuc.ord.treefile	24.0	0.4444444444444444
TarvD7	ENSG00000167797.nuc.ord	ENSG00000167797.nuc.ord.treefile	24.0	0.5454545454545454
TarvD7	ENSG00000167799.nuc.ord	ENSG00000167799.nuc.ord.treefile	24.0	0.5714285714285714
TarvD7	ENSG00000167815.nuc.ord	ENSG00000167815.nuc.ord.treefile	18.0	0.3333333333333333
TarvD7	ENSG00000167825.nuc.ord	ENSG00000167825.nuc.ord.treefile	8.0	0.2857142857142857
TarvD7	ENSG00000167858.nuc.ord	ENSG00000167858.nuc.ord.treefile	12.0	0.23076923076923078
TarvD7	ENSG00000167862.nuc.ord	ENSG00000167862.nuc.ord.treefile	34.0	0.5483870967741935
TarvD7	ENSG00000167874.nuc.ord	ENSG00000167874.nuc.ord.treefile	24.0	0.4444444444444444
TarvD7	ENSG00000167880.nuc.ord	ENSG00000167880.nuc.ord.treefile	12.0	0.20689655172413793
TarvD7	ENSG00000167881.nuc.ord	ENSG00000167881.nuc.ord.treefile	30.0	0.46875
TarvD7	ENSG00000167889.nuc.ord	ENSG00000167889.nuc.ord.treefile	12.0	0.2222222222222222
TarvD7	ENSG00000167904.nuc.ord	ENSG00000167904.nuc.ord.treefile	32.0	0.5161290322580645
TarvD7	ENSG00000167910.nuc.ord	ENSG00000167910.nuc.ord.treefile	18.0	0.28125
TarvD7	ENSG00000167916.nuc.ord	ENSG00000167916.nuc.ord.treefile	14.0	0.2916666666666667
TarvD7	ENSG00000167930.nuc.ord	ENSG00000167930.nuc.ord.treefile	12.0	0.20689655172413793
TarvD7	ENSG00000167962.nuc.ord	ENSG00000167962.nuc.ord.treefile	22.0	0.44
TarvD7	ENSG00000167965.nuc.ord	ENSG00000167965.nuc.ord.treefile	28.0	0.5833333333333334
TarvD7	ENSG00000167967.nuc.ord	ENSG00000167967.nuc.ord.treefile	18.0	0.3333333333333333
TarvD7	ENSG00000167969.nuc.ord	ENSG00000167969.nuc.ord.treefile	22.0	0.44
TarvD7	ENSG00000167972.nuc.ord	ENSG00000167972.nuc.ord.treefile	24.0	0.36363636363636365
TarvD7	ENSG00000167977.nuc.ord	ENSG00000167977.nuc.ord.treefile	22.0	0.55
TarvD7	ENSG00000167978.nuc.ord	ENSG00000167978.nuc.ord.treefile	12.0	0.2
TarvD7	ENSG00000167981.nuc.ord	ENSG00000167981.nuc.ord.treefile	16.0	0.2857142857142857
TarvD7	ENSG00000167984.nuc.ord	ENSG00000167984.nuc.ord.treefile	6.0	0.10344827586206896
TarvD7	ENSG00000167985.nuc.ord	ENSG00000167985.nuc.ord.treefile	24.0	0.4
TarvD7	ENSG00000167986.nuc.ord	ENSG00000167986.nuc.ord.treefile	24.0	0.3870967741935484
TarvD7	ENSG00000167992.nuc.ord	ENSG00000167992.nuc.ord.treefile	14.0	0.25
TarvD7	ENSG00000167994.nuc.ord	ENSG00000167994.nuc.ord.treefile	24.0	0.4444444444444444
TarvD7	ENSG00000168002.nuc.ord	ENSG00000168002.nuc.ord.treefile	36.0	0.6428571428571429
TarvD7	ENSG00000168003.nuc.ord	ENSG00000168003.nuc.ord.treefile	14.0	0.2692307692307692
TarvD7	ENSG00000168005.nuc.ord	ENSG00000168005.nuc.ord.treefile	20.0	0.37037037037037035
TarvD7	ENSG00000168010.nuc.ord	ENSG00000168010.nuc.ord.treefile	4.0	0.06666666666666667
TarvD7	ENSG00000168014.nuc.ord	ENSG00000168014.nuc.ord.treefile	6.0	0.1
TarvD7	ENSG00000168026.nuc.ord	ENSG00000168026.nuc.ord.treefile	14.0	0.2413793103448276
TarvD7	ENSG00000168032.nuc.ord	ENSG00000168032.nuc.ord.treefile	20.0	0.3333333333333333
TarvD7	ENSG00000168036.nuc.ord	ENSG00000168036.nuc.ord.treefile	28.0	0.4375
TarvD7	ENSG00000168060.nuc.ord	ENSG00000168060.nuc.ord.treefile	14.0	0.25
TarvD7	ENSG00000168061.nuc.ord	ENSG00000168061.nuc.ord.treefile	6.0	0.17647058823529413
TarvD7	ENSG00000168066.nuc.ord	ENSG00000168066.nuc.ord.treefile	28.0	0.4827586206896552
TarvD7	ENSG00000168077.nuc.ord	ENSG00000168077.nuc.ord.treefile	10.0	0.17857142857142858
TarvD7	ENSG00000168078.nuc.ord	ENSG00000168078.nuc.ord.treefile	16.0	0.26666666666666666
TarvD7	ENSG00000168079.nuc.ord	ENSG00000168079.nuc.ord.treefile	18.0	0.36
TarvD7	ENSG00000168081.nuc.ord	ENSG00000168081.nuc.ord.treefile	16.0	0.2962962962962963
TarvD7	ENSG00000168090.nuc.ord	ENSG00000168090.nuc.ord.treefile	36.0	0.6923076923076923
TarvD7	ENSG00000168092.nuc.ord	ENSG00000168092.nuc.ord.treefile	38.0	0.6785714285714286
TarvD7	ENSG00000168096.nuc.ord	ENSG00000168096.nuc.ord.treefile	16.0	0.27586206896551724
TarvD7	ENSG00000168118.nuc.ord	ENSG00000168118.nuc.ord.treefile	34.0	0.5862068965517241
TarvD7	ENSG00000168135.nuc.ord	ENSG00000168135.nuc.ord.treefile	18.0	0.5625
TarvD7	ENSG00000168137.nuc.ord	ENSG00000168137.nuc.ord.treefile	12.0	0.2222222222222222
TarvD7	ENSG00000168143.nuc.ord	ENSG00000168143.nuc.ord.treefile	16.0	0.25
TarvD7	ENSG00000168172.nuc.ord	ENSG00000168172.nuc.ord.treefile	18.0	0.2903225806451613
TarvD7	ENSG00000168209.nuc.ord	ENSG00000168209.nuc.ord.treefile	26.0	0.48148148148148145
TarvD7	ENSG00000168216.nuc.ord	ENSG00000168216.nuc.ord.treefile	36.0	0.5625
TarvD7	ENSG00000168228.nuc.ord	ENSG00000168228.nuc.ord.treefile	10.0	0.15625
TarvD7	ENSG00000168234.nuc.ord	ENSG00000168234.nuc.ord.treefile	26.0	0.41935483870967744
TarvD7	ENSG00000168237.nuc.ord	ENSG00000168237.nuc.ord.treefile	20.0	0.3333333333333333
TarvD7	ENSG00000168246.nuc.ord	ENSG00000168246.nuc.ord.treefile	18.0	0.5
TarvD7	ENSG00000168256.nuc.ord	ENSG00000168256.nuc.ord.treefile	36.0	0.6
TarvD7	ENSG00000168259.nuc.ord	ENSG00000168259.nuc.ord.treefile	36.0	0.5625
TarvD7	ENSG00000168263.nuc.ord	ENSG00000168263.nuc.ord.treefile	10.0	0.2
TarvD7	ENSG00000168264.nuc.ord	ENSG00000168264.nuc.ord.treefile	22.0	0.55
TarvD7	ENSG00000168273.nuc.ord	ENSG00000168273.nuc.ord.treefile	24.0	0.6
TarvD7	ENSG00000168282.nuc.ord	ENSG00000168282.nuc.ord.treefile	14.0	0.3181818181818182
TarvD7	ENSG00000168286.nuc.ord	ENSG00000168286.nuc.ord.treefile	10.0	0.25
TarvD7	ENSG00000168288.nuc.ord	ENSG00000168288.nuc.ord.treefile	14.0	0.25925925925925924
TarvD7	ENSG00000168291.nuc.ord	ENSG00000168291.nuc.ord.treefile	16.0	0.26666666666666666
TarvD7	ENSG00000168297.nuc.ord	ENSG00000168297.nuc.ord.treefile	18.0	0.3
TarvD7	ENSG00000168300.nuc.ord	ENSG00000168300.nuc.ord.treefile	46.0	0.71875
TarvD7	ENSG00000168301.nuc.ord	ENSG00000168301.nuc.ord.treefile	40.0	0.6896551724137931
TarvD7	ENSG00000168303.nuc.ord	ENSG00000168303.nuc.ord.treefile	26.0	0.5
TarvD7	ENSG00000168306.nuc.ord	ENSG00000168306.nuc.ord.treefile	14.0	0.25
TarvD7	ENSG00000168309.nuc.ord	ENSG00000168309.nuc.ord.treefile	34.0	0.6296296296296297
TarvD7	ENSG00000168310.nuc.ord	ENSG00000168310.nuc.ord.treefile	28.0	0.4666666666666667
TarvD7	ENSG00000168356.nuc.ord	ENSG00000168356.nuc.ord.treefile	6.0	0.10714285714285714
TarvD7	ENSG00000168374.nuc.ord	ENSG00000168374.nuc.ord.treefile	32.0	0.5333333333333333
TarvD7	ENSG00000168385.nuc.ord	ENSG00000168385.nuc.ord.treefile	34.0	0.5483870967741935
TarvD7	ENSG00000168386.nuc.ord	ENSG00000168386.nuc.ord.treefile	12.0	0.2
TarvD7	ENSG00000168389.nuc.ord	ENSG00000168389.nuc.ord.treefile	18.0	0.2727272727272727
TarvD7	ENSG00000168394.nuc.ord	ENSG00000168394.nuc.ord.treefile	12.0	0.2
TarvD7	ENSG00000168397.nuc.ord	ENSG00000168397.nuc.ord.treefile	24.0	0.48
TarvD7	ENSG00000168404.nuc.ord	ENSG00000168404.nuc.ord.treefile	12.0	0.24
TarvD7	ENSG00000168411.nuc.ord	ENSG00000168411.nuc.ord.treefile	12.0	0.1875
TarvD7	ENSG00000168412.nuc.ord	ENSG00000168412.nuc.ord.treefile	24.0	0.5714285714285714
TarvD7	ENSG00000168418.nuc.ord	ENSG00000168418.nuc.ord.treefile	16.0	0.3333333333333333
TarvD7	ENSG00000168421.nuc.ord	ENSG00000168421.nuc.ord.treefile	18.0	0.4090909090909091
TarvD7	ENSG00000168427.nuc.ord	ENSG00000168427.nuc.ord.treefile	24.0	0.5
TarvD7	ENSG00000168434.nuc.ord	ENSG00000168434.nuc.ord.treefile	22.0	0.34375
TarvD7	ENSG00000168438.nuc.ord	ENSG00000168438.nuc.ord.treefile	22.0	0.34375
TarvD7	ENSG00000168439.nuc.ord	ENSG00000168439.nuc.ord.treefile	22.0	0.3793103448275862
TarvD7	ENSG00000168447.nuc.ord	ENSG00000168447.nuc.ord.treefile	8.0	0.14814814814814814
TarvD7	ENSG00000168453.nuc.ord	ENSG00000168453.nuc.ord.treefile	8.0	0.13793103448275862
TarvD7	ENSG00000168461.nuc.ord	ENSG00000168461.nuc.ord.treefile	38.0	0.6129032258064516
TarvD7	ENSG00000168481.nuc.ord	ENSG00000168481.nuc.ord.treefile	18.0	0.4090909090909091
TarvD7	ENSG00000168484.nuc.ord	ENSG00000168484.nuc.ord.treefile	20.0	0.35714285714285715
TarvD7	ENSG00000168488.nuc.ord	ENSG00000168488.nuc.ord.treefile	14.0	0.2413793103448276
TarvD7	ENSG00000168491.nuc.ord	ENSG00000168491.nuc.ord.treefile	10.0	0.17857142857142858
TarvD7	ENSG00000168495.nuc.ord	ENSG00000168495.nuc.ord.treefile	10.0	0.16129032258064516
TarvD7	ENSG00000168496.nuc.ord	ENSG00000168496.nuc.ord.treefile	22.0	0.4583333333333333
TarvD7	ENSG00000168497.nuc.ord	ENSG00000168497.nuc.ord.treefile	18.0	0.34615384615384615
TarvD7	ENSG00000168505.nuc.ord	ENSG00000168505.nuc.ord.treefile	18.0	0.4090909090909091
TarvD7	ENSG00000168509.nuc.ord	ENSG00000168509.nuc.ord.treefile	24.0	0.46153846153846156
TarvD7	ENSG00000168517.nuc.ord	ENSG00000168517.nuc.ord.treefile	16.0	0.3076923076923077
TarvD7	ENSG00000168522.nuc.ord	ENSG00000168522.nuc.ord.treefile	20.0	0.3333333333333333
TarvD7	ENSG00000168528.nuc.ord	ENSG00000168528.nuc.ord.treefile	30.0	0.5172413793103449
TarvD7	ENSG00000168530.nuc.ord	ENSG00000168530.nuc.ord.treefile	42.0	0.7
TarvD7	ENSG00000168538.nuc.ord	ENSG00000168538.nuc.ord.treefile	16.0	0.25806451612903225
TarvD7	ENSG00000168542.nuc.ord	ENSG00000168542.nuc.ord.treefile	12.0	0.18181818181818182
TarvD7	ENSG00000168556.nuc.ord	ENSG00000168556.nuc.ord.treefile	26.0	0.48148148148148145
TarvD7	ENSG00000168564.nuc.ord	ENSG00000168564.nuc.ord.treefile	20.0	0.3225806451612903
TarvD7	ENSG00000168566.nuc.ord	ENSG00000168566.nuc.ord.treefile	14.0	0.21875
TarvD7	ENSG00000168569.nuc.ord	ENSG00000168569.nuc.ord.treefile	18.0	0.375
TarvD7	ENSG00000168575.nuc.ord	ENSG00000168575.nuc.ord.treefile	34.0	0.53125
TarvD7	ENSG00000168591.nuc.ord	ENSG00000168591.nuc.ord.treefile	18.0	0.3333333333333333
TarvD7	ENSG00000168610.nuc.ord	ENSG00000168610.nuc.ord.treefile	22.0	0.4230769230769231
TarvD7	ENSG00000168615.nuc.ord	ENSG00000168615.nuc.ord.treefile	12.0	0.1875
TarvD7	ENSG00000168619.nuc.ord	ENSG00000168619.nuc.ord.treefile	6.0	0.1
TarvD7	ENSG00000168646.nuc.ord	ENSG00000168646.nuc.ord.treefile	16.0	0.25806451612903225
TarvD7	ENSG00000168658.nuc.ord	ENSG00000168658.nuc.ord.treefile	22.0	0.3548387096774194
TarvD7	ENSG00000168672.nuc.ord	ENSG00000168672.nuc.ord.treefile	24.0	0.7058823529411765
TarvD7	ENSG00000168676.nuc.ord	ENSG00000168676.nuc.ord.treefile	22.0	0.36666666666666664
TarvD7	ENSG00000168679.nuc.ord	ENSG00000168679.nuc.ord.treefile	14.0	0.22580645161290322
TarvD7	ENSG00000168685.nuc.ord	ENSG00000168685.nuc.ord.treefile	10.0	0.15151515151515152
TarvD7	ENSG00000168701.nuc.ord	ENSG00000168701.nuc.ord.treefile	36.0	0.72
TarvD7	ENSG00000168710.nuc.ord	ENSG00000168710.nuc.ord.treefile	28.0	0.4375
TarvD7	ENSG00000168724.nuc.ord	ENSG00000168724.nuc.ord.treefile	18.0	0.3103448275862069
TarvD7	ENSG00000168738.nuc.ord	ENSG00000168738.nuc.ord.treefile	16.0	0.2962962962962963
TarvD7	ENSG00000168743.nuc.ord	ENSG00000168743.nuc.ord.treefile	24.0	0.4
TarvD7	ENSG00000168748.nuc.ord	ENSG00000168748.nuc.ord.treefile	26.0	0.4482758620689655
TarvD7	ENSG00000168758.nuc.ord	ENSG00000168758.nuc.ord.treefile	18.0	0.3103448275862069
TarvD7	ENSG00000168778.nuc.ord	ENSG00000168778.nuc.ord.treefile	20.0	0.3225806451612903
TarvD7	ENSG00000168779.nuc.ord	ENSG00000168779.nuc.ord.treefile	32.0	0.64
TarvD7	ENSG00000168781.nuc.ord	ENSG00000168781.nuc.ord.treefile	8.0	0.12903225806451613
TarvD7	ENSG00000168785.nuc.ord	ENSG00000168785.nuc.ord.treefile	28.0	0.4666666666666667
TarvD7	ENSG00000168792.nuc.ord	ENSG00000168792.nuc.ord.treefile	18.0	0.34615384615384615
TarvD7	ENSG00000168795.nuc.ord	ENSG00000168795.nuc.ord.treefile	16.0	0.32
TarvD7	ENSG00000168807.nuc.ord	ENSG00000168807.nuc.ord.treefile	30.0	0.5
TarvD7	ENSG00000168813.nuc.ord	ENSG00000168813.nuc.ord.treefile	6.0	0.09090909090909091
TarvD7	ENSG00000168818.nuc.ord	ENSG00000168818.nuc.ord.treefile	26.0	0.43333333333333335
TarvD7	ENSG00000168826.nuc.ord	ENSG00000168826.nuc.ord.treefile	24.0	0.48
TarvD7	ENSG00000168827.nuc.ord	ENSG00000168827.nuc.ord.treefile	24.0	0.4
TarvD7	ENSG00000168828.nuc.ord	ENSG00000168828.nuc.ord.treefile	18.0	0.5625
TarvD7	ENSG00000168874.nuc.ord	ENSG00000168874.nuc.ord.treefile	26.0	0.5909090909090909
TarvD7	ENSG00000168876.nuc.ord	ENSG00000168876.nuc.ord.treefile	40.0	0.6451612903225806
TarvD7	ENSG00000168878.nuc.ord	ENSG00000168878.nuc.ord.treefile	16.0	0.2962962962962963
TarvD7	ENSG00000168883.nuc.ord	ENSG00000168883.nuc.ord.treefile	34.0	0.53125
TarvD7	ENSG00000168887.nuc.ord	ENSG00000168887.nuc.ord.treefile	38.0	0.7037037037037037
TarvD7	ENSG00000168904.nuc.ord	ENSG00000168904.nuc.ord.treefile	34.0	0.5483870967741935
TarvD7	ENSG00000168907.nuc.ord	ENSG00000168907.nuc.ord.treefile	8.0	0.13333333333333333
TarvD7	ENSG00000168916.nuc.ord	ENSG00000168916.nuc.ord.treefile	22.0	0.34375
TarvD7	ENSG00000168918.nuc.ord	ENSG00000168918.nuc.ord.treefile	14.0	0.2413793103448276
TarvD7	ENSG00000168924.nuc.ord	ENSG00000168924.nuc.ord.treefile	16.0	0.27586206896551724
TarvD7	ENSG00000168938.nuc.ord	ENSG00000168938.nuc.ord.treefile	22.0	0.3548387096774194
TarvD7	ENSG00000168944.nuc.ord	ENSG00000168944.nuc.ord.treefile	8.0	0.125
TarvD7	ENSG00000168952.nuc.ord	ENSG00000168952.nuc.ord.treefile	44.0	0.7333333333333333
TarvD7	ENSG00000168955.nuc.ord	ENSG00000168955.nuc.ord.treefile	20.0	0.30303030303030304
TarvD7	ENSG00000168958.nuc.ord	ENSG00000168958.nuc.ord.treefile	22.0	0.4230769230769231
TarvD7	ENSG00000168994.nuc.ord	ENSG00000168994.nuc.ord.treefile	28.0	0.5
TarvD7	ENSG00000169018.nuc.ord	ENSG00000169018.nuc.ord.treefile	32.0	0.5714285714285714
TarvD7	ENSG00000169019.nuc.ord	ENSG00000169019.nuc.ord.treefile	30.0	0.4838709677419355
TarvD7	ENSG00000169021.nuc.ord	ENSG00000169021.nuc.ord.treefile	30.0	0.6521739130434783
TarvD7	ENSG00000169031.nuc.ord	ENSG00000169031.nuc.ord.treefile	10.0	0.15625
TarvD7	ENSG00000169032.nuc.ord	ENSG00000169032.nuc.ord.treefile	36.0	0.5625
TarvD7	ENSG00000169047.nuc.ord	ENSG00000169047.nuc.ord.treefile	20.0	0.5263157894736842
TarvD7	ENSG00000169057.nuc.ord	ENSG00000169057.nuc.ord.treefile	26.0	0.4642857142857143
TarvD7	ENSG00000169062.nuc.ord	ENSG00000169062.nuc.ord.treefile	10.0	0.17857142857142858
TarvD7	ENSG00000169064.nuc.ord	ENSG00000169064.nuc.ord.treefile	12.0	0.2
TarvD7	ENSG00000169067.nuc.ord	ENSG00000169067.nuc.ord.treefile	18.0	0.47368421052631576
TarvD7	ENSG00000169071.nuc.ord	ENSG00000169071.nuc.ord.treefile	14.0	0.25925925925925924
TarvD7	ENSG00000169083.nuc.ord	ENSG00000169083.nuc.ord.treefile	6.0	0.13636363636363635
TarvD7	ENSG00000169084.nuc.ord	ENSG00000169084.nuc.ord.treefile	12.0	0.42857142857142855
TarvD7	ENSG00000169087.nuc.ord	ENSG00000169087.nuc.ord.treefile	14.0	0.21875
TarvD7	ENSG00000169105.nuc.ord	ENSG00000169105.nuc.ord.treefile	18.0	0.47368421052631576
TarvD7	ENSG00000169116.nuc.ord	ENSG00000169116.nuc.ord.treefile	22.0	0.4074074074074074
TarvD7	ENSG00000169118.nuc.ord	ENSG00000169118.nuc.ord.treefile	28.0	0.42424242424242425
TarvD7	ENSG00000169122.nuc.ord	ENSG00000169122.nuc.ord.treefile	14.0	0.4117647058823529
TarvD7	ENSG00000169126.nuc.ord	ENSG00000169126.nuc.ord.treefile	4.0	0.07692307692307693
TarvD7	ENSG00000169129.nuc.ord	ENSG00000169129.nuc.ord.treefile	10.0	0.15625
TarvD7	ENSG00000169174.nuc.ord	ENSG00000169174.nuc.ord.treefile	8.0	0.2222222222222222
TarvD7	ENSG00000169180.nuc.ord	ENSG00000169180.nuc.ord.treefile	14.0	0.21875
TarvD7	ENSG00000169181.nuc.ord	ENSG00000169181.nuc.ord.treefile	22.0	0.55
TarvD7	ENSG00000169184.nuc.ord	ENSG00000169184.nuc.ord.treefile	16.0	0.38095238095238093
TarvD7	ENSG00000169188.nuc.ord	ENSG00000169188.nuc.ord.treefile	18.0	0.36
TarvD7	ENSG00000169189.nuc.ord	ENSG00000169189.nuc.ord.treefile	32.0	0.5333333333333333
TarvD7	ENSG00000169193.nuc.ord	ENSG00000169193.nuc.ord.treefile	36.0	0.6666666666666666
TarvD7	ENSG00000169213.nuc.ord	ENSG00000169213.nuc.ord.treefile	26.0	0.40625
TarvD7	ENSG00000169217.nuc.ord	ENSG00000169217.nuc.ord.treefile	20.0	0.35714285714285715
TarvD7	ENSG00000169218.nuc.ord	ENSG00000169218.nuc.ord.treefile	24.0	0.4
TarvD7	ENSG00000169221.nuc.ord	ENSG00000169221.nuc.ord.treefile	36.0	0.6666666666666666
TarvD7	ENSG00000169228.nuc.ord	ENSG00000169228.nuc.ord.treefile	14.0	0.3888888888888889
TarvD7	ENSG00000169231.nuc.ord	ENSG00000169231.nuc.ord.treefile	18.0	0.3
TarvD7	ENSG00000169239.nuc.ord	ENSG00000169239.nuc.ord.treefile	8.0	0.18181818181818182
TarvD7	ENSG00000169241.nuc.ord	ENSG00000169241.nuc.ord.treefile	26.0	0.4642857142857143
TarvD7	ENSG00000169242.nuc.ord	ENSG00000169242.nuc.ord.treefile	22.0	0.44
TarvD7	ENSG00000169245.nuc.ord	ENSG00000169245.nuc.ord.treefile	36.0	0.6666666666666666
TarvD7	ENSG00000169247.nuc.ord	ENSG00000169247.nuc.ord.treefile	8.0	0.12903225806451613
TarvD7	ENSG00000169251.nuc.ord	ENSG00000169251.nuc.ord.treefile	16.0	0.26666666666666666
TarvD7	ENSG00000169255.nuc.ord	ENSG00000169255.nuc.ord.treefile	20.0	0.37037037037037035
TarvD7	ENSG00000169271.nuc.ord	ENSG00000169271.nuc.ord.treefile	22.0	0.44
TarvD7	ENSG00000169282.nuc.ord	ENSG00000169282.nuc.ord.treefile	36.0	0.6
TarvD7	ENSG00000169288.nuc.ord	ENSG00000169288.nuc.ord.treefile	28.0	0.45161290322580644
TarvD7	ENSG00000169291.nuc.ord	ENSG00000169291.nuc.ord.treefile	22.0	0.3548387096774194
TarvD7	ENSG00000169297.nuc.ord	ENSG00000169297.nuc.ord.treefile	12.0	0.21428571428571427
TarvD7	ENSG00000169299.nuc.ord	ENSG00000169299.nuc.ord.treefile	10.0	0.16129032258064516
TarvD7	ENSG00000169302.nuc.ord	ENSG00000169302.nuc.ord.treefile	26.0	0.3939393939393939
TarvD7	ENSG00000169306.nuc.ord	ENSG00000169306.nuc.ord.treefile	10.0	0.15151515151515152
TarvD7	ENSG00000169313.nuc.ord	ENSG00000169313.nuc.ord.treefile	14.0	0.28
TarvD7	ENSG00000169330.nuc.ord	ENSG00000169330.nuc.ord.treefile	22.0	0.44
TarvD7	ENSG00000169340.nuc.ord	ENSG00000169340.nuc.ord.treefile	22.0	0.3793103448275862
TarvD7	ENSG00000169344.nuc.ord	ENSG00000169344.nuc.ord.treefile	18.0	0.32142857142857145
TarvD7	ENSG00000169347.nuc.ord	ENSG00000169347.nuc.ord.treefile	16.0	0.25806451612903225
TarvD7	ENSG00000169359.nuc.ord	ENSG00000169359.nuc.ord.treefile	32.0	0.5161290322580645
TarvD7	ENSG00000169371.nuc.ord	ENSG00000169371.nuc.ord.treefile	40.0	0.6896551724137931
TarvD7	ENSG00000169372.nuc.ord	ENSG00000169372.nuc.ord.treefile	28.0	0.4827586206896552
TarvD7	ENSG00000169375.nuc.ord	ENSG00000169375.nuc.ord.treefile	14.0	0.21212121212121213
TarvD7	ENSG00000169398.nuc.ord	ENSG00000169398.nuc.ord.treefile	20.0	0.30303030303030304
TarvD7	ENSG00000169403.nuc.ord	ENSG00000169403.nuc.ord.treefile	18.0	0.4090909090909091
TarvD7	ENSG00000169410.nuc.ord	ENSG00000169410.nuc.ord.treefile	28.0	0.42424242424242425
TarvD7	ENSG00000169418.nuc.ord	ENSG00000169418.nuc.ord.treefile	14.0	0.2692307692307692
TarvD7	ENSG00000169427.nuc.ord	ENSG00000169427.nuc.ord.treefile	22.0	0.4583333333333333
TarvD7	ENSG00000169432.nuc.ord	ENSG00000169432.nuc.ord.treefile	12.0	0.1875
TarvD7	ENSG00000169435.nuc.ord	ENSG00000169435.nuc.ord.treefile	16.0	0.24242424242424243
TarvD7	ENSG00000169436.nuc.ord	ENSG00000169436.nuc.ord.treefile	8.0	0.13333333333333333
TarvD7	ENSG00000169439.nuc.ord	ENSG00000169439.nuc.ord.treefile	40.0	0.625
TarvD7	ENSG00000169490.nuc.ord	ENSG00000169490.nuc.ord.treefile	20.0	0.3333333333333333
TarvD7	ENSG00000169495.nuc.ord	ENSG00000169495.nuc.ord.treefile	24.0	0.42857142857142855
TarvD7	ENSG00000169499.nuc.ord	ENSG00000169499.nuc.ord.treefile	10.0	0.15151515151515152
TarvD7	ENSG00000169504.nuc.ord	ENSG00000169504.nuc.ord.treefile	40.0	0.625
TarvD7	ENSG00000169507.nuc.ord	ENSG00000169507.nuc.ord.treefile	18.0	0.28125
TarvD7	ENSG00000169508.nuc.ord	ENSG00000169508.nuc.ord.treefile	20.0	0.38461538461538464
TarvD7	ENSG00000169550.nuc.ord	ENSG00000169550.nuc.ord.treefile	6.0	0.125
TarvD7	ENSG00000169554.nuc.ord	ENSG00000169554.nuc.ord.treefile	28.0	0.4666666666666667
TarvD7	ENSG00000169562.nuc.ord	ENSG00000169562.nuc.ord.treefile	18.0	0.4090909090909091
TarvD7	ENSG00000169570.nuc.ord	ENSG00000169570.nuc.ord.treefile	30.0	0.45454545454545453
TarvD7	ENSG00000169594.nuc.ord	ENSG00000169594.nuc.ord.treefile	26.0	0.41935483870967744
TarvD7	ENSG00000169598.nuc.ord	ENSG00000169598.nuc.ord.treefile	14.0	0.2413793103448276
TarvD7	ENSG00000169599.nuc.ord	ENSG00000169599.nuc.ord.treefile	30.0	0.4838709677419355
TarvD7	ENSG00000169604.nuc.ord	ENSG00000169604.nuc.ord.treefile	12.0	0.1875
TarvD7	ENSG00000169605.nuc.ord	ENSG00000169605.nuc.ord.treefile	22.0	0.3793103448275862
TarvD7	ENSG00000169607.nuc.ord	ENSG00000169607.nuc.ord.treefile	18.0	0.32142857142857145
TarvD7	ENSG00000169609.nuc.ord	ENSG00000169609.nuc.ord.treefile	26.0	0.5
TarvD7	ENSG00000169621.nuc.ord	ENSG00000169621.nuc.ord.treefile	14.0	0.2413793103448276
TarvD7	ENSG00000169635.nuc.ord	ENSG00000169635.nuc.ord.treefile	14.0	0.3333333333333333
TarvD7	ENSG00000169641.nuc.ord	ENSG00000169641.nuc.ord.treefile	22.0	0.3793103448275862
TarvD7	ENSG00000169660.nuc.ord	ENSG00000169660.nuc.ord.treefile	32.0	0.5333333333333333
TarvD7	ENSG00000169676.nuc.ord	ENSG00000169676.nuc.ord.treefile	16.0	0.47058823529411764
TarvD7	ENSG00000169679.nuc.ord	ENSG00000169679.nuc.ord.treefile	8.0	0.12903225806451613
TarvD7	ENSG00000169682.nuc.ord	ENSG00000169682.nuc.ord.treefile	20.0	0.4
TarvD7	ENSG00000169683.nuc.ord	ENSG00000169683.nuc.ord.treefile	18.0	0.34615384615384615
TarvD7	ENSG00000169684.nuc.ord	ENSG00000169684.nuc.ord.treefile	18.0	0.36
TarvD7	ENSG00000169704.nuc.ord	ENSG00000169704.nuc.ord.treefile	12.0	0.46153846153846156
TarvD7	ENSG00000169727.nuc.ord	ENSG00000169727.nuc.ord.treefile	18.0	0.391304347826087
TarvD7	ENSG00000169738.nuc.ord	ENSG00000169738.nuc.ord.treefile	10.0	0.2631578947368421
TarvD7	ENSG00000169744.nuc.ord	ENSG00000169744.nuc.ord.treefile	42.0	0.65625
TarvD7	ENSG00000169752.nuc.ord	ENSG00000169752.nuc.ord.treefile	12.0	0.35294117647058826
TarvD7	ENSG00000169760.nuc.ord	ENSG00000169760.nuc.ord.treefile	16.0	0.26666666666666666
TarvD7	ENSG00000169762.nuc.ord	ENSG00000169762.nuc.ord.treefile	30.0	0.46875
TarvD7	ENSG00000169764.nuc.ord	ENSG00000169764.nuc.ord.treefile	12.0	0.1935483870967742
TarvD7	ENSG00000169783.nuc.ord	ENSG00000169783.nuc.ord.treefile	20.0	0.47619047619047616
TarvD7	ENSG00000169814.nuc.ord	ENSG00000169814.nuc.ord.treefile	30.0	0.5555555555555556
TarvD7	ENSG00000169836.nuc.ord	ENSG00000169836.nuc.ord.treefile	20.0	0.3448275862068966
TarvD7	ENSG00000169851.nuc.ord	ENSG00000169851.nuc.ord.treefile	26.0	0.4642857142857143
TarvD7	ENSG00000169855.nuc.ord	ENSG00000169855.nuc.ord.treefile	20.0	0.3333333333333333
TarvD7	ENSG00000169856.nuc.ord	ENSG00000169856.nuc.ord.treefile	26.0	0.5416666666666666
TarvD7	ENSG00000169857.nuc.ord	ENSG00000169857.nuc.ord.treefile	20.0	0.30303030303030304
TarvD7	ENSG00000169862.nuc.ord	ENSG00000169862.nuc.ord.treefile	12.0	0.18181818181818182
TarvD7	ENSG00000169884.nuc.ord	ENSG00000169884.nuc.ord.treefile	30.0	0.6521739130434783
TarvD7	ENSG00000169891.nuc.ord	ENSG00000169891.nuc.ord.treefile	16.0	0.25806451612903225
TarvD7	ENSG00000169895.nuc.ord	ENSG00000169895.nuc.ord.treefile	18.0	0.28125
TarvD7	ENSG00000169902.nuc.ord	ENSG00000169902.nuc.ord.treefile	28.0	0.5
TarvD7	ENSG00000169903.nuc.ord	ENSG00000169903.nuc.ord.treefile	26.0	0.41935483870967744
TarvD7	ENSG00000169905.nuc.ord	ENSG00000169905.nuc.ord.treefile	14.0	0.25925925925925924
TarvD7	ENSG00000169908.nuc.ord	ENSG00000169908.nuc.ord.treefile	26.0	0.4482758620689655
TarvD7	ENSG00000169914.nuc.ord	ENSG00000169914.nuc.ord.treefile	32.0	0.5333333333333333
TarvD7	ENSG00000169918.nuc.ord	ENSG00000169918.nuc.ord.treefile	18.0	0.3333333333333333
TarvD7	ENSG00000169925.nuc.ord	ENSG00000169925.nuc.ord.treefile	12.0	0.24
TarvD7	ENSG00000169933.nuc.ord	ENSG00000169933.nuc.ord.treefile	8.0	0.13333333333333333
TarvD7	ENSG00000169946.nuc.ord	ENSG00000169946.nuc.ord.treefile	36.0	0.5625
TarvD7	ENSG00000169957.nuc.ord	ENSG00000169957.nuc.ord.treefile	18.0	0.4090909090909091
TarvD7	ENSG00000169964.nuc.ord	ENSG00000169964.nuc.ord.treefile	20.0	0.4166666666666667
TarvD7	ENSG00000169967.nuc.ord	ENSG00000169967.nuc.ord.treefile	22.0	0.3793103448275862
TarvD7	ENSG00000169989.nuc.ord	ENSG00000169989.nuc.ord.treefile	16.0	0.3076923076923077
TarvD7	ENSG00000169991.nuc.ord	ENSG00000169991.nuc.ord.treefile	26.0	0.4482758620689655
TarvD7	ENSG00000170006.nuc.ord	ENSG00000170006.nuc.ord.treefile	22.0	0.3793103448275862
TarvD7	ENSG00000170017.nuc.ord	ENSG00000170017.nuc.ord.treefile	12.0	0.18181818181818182
TarvD7	ENSG00000170037.nuc.ord	ENSG00000170037.nuc.ord.treefile	6.0	0.1
TarvD7	ENSG00000170043.nuc.ord	ENSG00000170043.nuc.ord.treefile	48.0	0.8571428571428571
TarvD7	ENSG00000170044.nuc.ord	ENSG00000170044.nuc.ord.treefile	14.0	0.21875
TarvD7	ENSG00000170049.nuc.ord	ENSG00000170049.nuc.ord.treefile	14.0	0.25
TarvD7	ENSG00000170075.nuc.ord	ENSG00000170075.nuc.ord.treefile	24.0	0.5
TarvD7	ENSG00000170085.nuc.ord	ENSG00000170085.nuc.ord.treefile	14.0	0.25925925925925924
TarvD7	ENSG00000170088.nuc.ord	ENSG00000170088.nuc.ord.treefile	30.0	0.4838709677419355
TarvD7	ENSG00000170091.nuc.ord	ENSG00000170091.nuc.ord.treefile	36.0	0.6428571428571429
TarvD7	ENSG00000170099.nuc.ord	ENSG00000170099.nuc.ord.treefile	14.0	0.25
TarvD7	ENSG00000170113.nuc.ord	ENSG00000170113.nuc.ord.treefile	32.0	0.5333333333333333
TarvD7	ENSG00000170145.nuc.ord	ENSG00000170145.nuc.ord.treefile	10.0	0.16129032258064516
TarvD7	ENSG00000170153.nuc.ord	ENSG00000170153.nuc.ord.treefile	32.0	0.5333333333333333
TarvD7	ENSG00000170166.nuc.ord	ENSG00000170166.nuc.ord.treefile	24.0	0.5
TarvD7	ENSG00000170175.nuc.ord	ENSG00000170175.nuc.ord.treefile	10.0	0.18518518518518517
TarvD7	ENSG00000170178.nuc.ord	ENSG00000170178.nuc.ord.treefile	6.0	0.10714285714285714
TarvD7	ENSG00000170185.nuc.ord	ENSG00000170185.nuc.ord.treefile	22.0	0.36666666666666664
TarvD7	ENSG00000170209.nuc.ord	ENSG00000170209.nuc.ord.treefile	14.0	0.2916666666666667
TarvD7	ENSG00000170214.nuc.ord	ENSG00000170214.nuc.ord.treefile	30.0	0.5555555555555556
TarvD7	ENSG00000170222.nuc.ord	ENSG00000170222.nuc.ord.treefile	12.0	0.2
TarvD7	ENSG00000170231.nuc.ord	ENSG00000170231.nuc.ord.treefile	26.0	0.52
TarvD7	ENSG00000170234.nuc.ord	ENSG00000170234.nuc.ord.treefile	50.0	0.8620689655172413
TarvD7	ENSG00000170236.nuc.ord	ENSG00000170236.nuc.ord.treefile	34.0	0.53125
TarvD7	ENSG00000170242.nuc.ord	ENSG00000170242.nuc.ord.treefile	12.0	0.1875
TarvD7	ENSG00000170262.nuc.ord	ENSG00000170262.nuc.ord.treefile	26.0	0.5909090909090909
TarvD7	ENSG00000170264.nuc.ord	ENSG00000170264.nuc.ord.treefile	10.0	0.18518518518518517
TarvD7	ENSG00000170265.nuc.ord	ENSG00000170265.nuc.ord.treefile	28.0	0.6086956521739131
TarvD7	ENSG00000170266.nuc.ord	ENSG00000170266.nuc.ord.treefile	18.0	0.2903225806451613
TarvD7	ENSG00000170276.nuc.ord	ENSG00000170276.nuc.ord.treefile	38.0	0.76
TarvD7	ENSG00000170289.nuc.ord	ENSG00000170289.nuc.ord.treefile	8.0	0.125
TarvD7	ENSG00000170291.nuc.ord	ENSG00000170291.nuc.ord.treefile	14.0	0.28
TarvD7	ENSG00000170293.nuc.ord	ENSG00000170293.nuc.ord.treefile	40.0	0.6896551724137931
TarvD7	ENSG00000170310.nuc.ord	ENSG00000170310.nuc.ord.treefile	28.0	0.4666666666666667
TarvD7	ENSG00000170312.nuc.ord	ENSG00000170312.nuc.ord.treefile	30.0	0.5769230769230769
TarvD7	ENSG00000170322.nuc.ord	ENSG00000170322.nuc.ord.treefile	16.0	0.26666666666666666
TarvD7	ENSG00000170323.nuc.ord	ENSG00000170323.nuc.ord.treefile	38.0	0.7037037037037037
TarvD7	ENSG00000170325.nuc.ord	ENSG00000170325.nuc.ord.treefile	14.0	0.22580645161290322
TarvD7	ENSG00000170340.nuc.ord	ENSG00000170340.nuc.ord.treefile	20.0	0.4166666666666667
TarvD7	ENSG00000170345.nuc.ord	ENSG00000170345.nuc.ord.treefile	34.0	0.5666666666666667
TarvD7	ENSG00000170348.nuc.ord	ENSG00000170348.nuc.ord.treefile	16.0	0.2857142857142857
TarvD7	ENSG00000170370.nuc.ord	ENSG00000170370.nuc.ord.treefile	28.0	0.4666666666666667
TarvD7	ENSG00000170381.nuc.ord	ENSG00000170381.nuc.ord.treefile	14.0	0.23333333333333334
TarvD7	ENSG00000170382.nuc.ord	ENSG00000170382.nuc.ord.treefile	22.0	0.5
TarvD7	ENSG00000170385.nuc.ord	ENSG00000170385.nuc.ord.treefile	18.0	0.36
TarvD7	ENSG00000170390.nuc.ord	ENSG00000170390.nuc.ord.treefile	28.0	0.4375
TarvD7	ENSG00000170396.nuc.ord	ENSG00000170396.nuc.ord.treefile	24.0	0.4
TarvD7	ENSG00000170412.nuc.ord	ENSG00000170412.nuc.ord.treefile	20.0	0.35714285714285715
TarvD7	ENSG00000170417.nuc.ord	ENSG00000170417.nuc.ord.treefile	36.0	0.5625
TarvD7	ENSG00000170423.nuc.ord	ENSG00000170423.nuc.ord.treefile	8.0	0.19047619047619047
TarvD7	ENSG00000170426.nuc.ord	ENSG00000170426.nuc.ord.treefile	24.0	0.4
TarvD7	ENSG00000170430.nuc.ord	ENSG00000170430.nuc.ord.treefile	26.0	0.48148148148148145
TarvD7	ENSG00000170445.nuc.ord	ENSG00000170445.nuc.ord.treefile	12.0	0.2
TarvD7	ENSG00000170448.nuc.ord	ENSG00000170448.nuc.ord.treefile	16.0	0.25806451612903225
TarvD7	ENSG00000170454.nuc.ord	ENSG00000170454.nuc.ord.treefile	6.0	0.10714285714285714
TarvD7	ENSG00000170456.nuc.ord	ENSG00000170456.nuc.ord.treefile	28.0	0.5
TarvD7	ENSG00000170464.nuc.ord	ENSG00000170464.nuc.ord.treefile	22.0	0.3548387096774194
TarvD7	ENSG00000170469.nuc.ord	ENSG00000170469.nuc.ord.treefile	32.0	0.5333333333333333
TarvD7	ENSG00000170471.nuc.ord	ENSG00000170471.nuc.ord.treefile	10.0	0.16129032258064516
TarvD7	ENSG00000170473.nuc.ord	ENSG00000170473.nuc.ord.treefile	26.0	0.52
TarvD7	ENSG00000170477.nuc.ord	ENSG00000170477.nuc.ord.treefile	18.0	0.32142857142857145
TarvD7	ENSG00000170482.nuc.ord	ENSG00000170482.nuc.ord.treefile	22.0	0.39285714285714285
TarvD7	ENSG00000170485.nuc.ord	ENSG00000170485.nuc.ord.treefile	16.0	0.25806451612903225
TarvD7	ENSG00000170500.nuc.ord	ENSG00000170500.nuc.ord.treefile	10.0	0.2
TarvD7	ENSG00000170502.nuc.ord	ENSG00000170502.nuc.ord.treefile	20.0	0.3333333333333333
TarvD7	ENSG00000170509.nuc.ord	ENSG00000170509.nuc.ord.treefile	18.0	0.3333333333333333
TarvD7	ENSG00000170522.nuc.ord	ENSG00000170522.nuc.ord.treefile	32.0	0.5333333333333333
TarvD7	ENSG00000170525.nuc.ord	ENSG00000170525.nuc.ord.treefile	24.0	0.41379310344827586
TarvD7	ENSG00000170537.nuc.ord	ENSG00000170537.nuc.ord.treefile	16.0	0.26666666666666666
TarvD7	ENSG00000170540.nuc.ord	ENSG00000170540.nuc.ord.treefile	24.0	0.46153846153846156
TarvD7	ENSG00000170545.nuc.ord	ENSG00000170545.nuc.ord.treefile	14.0	0.3181818181818182
TarvD7	ENSG00000170549.nuc.ord	ENSG00000170549.nuc.ord.treefile	18.0	0.42857142857142855
TarvD7	ENSG00000170558.nuc.ord	ENSG00000170558.nuc.ord.treefile	18.0	0.2903225806451613
TarvD7	ENSG00000170561.nuc.ord	ENSG00000170561.nuc.ord.treefile	22.0	0.4782608695652174
TarvD7	ENSG00000170571.nuc.ord	ENSG00000170571.nuc.ord.treefile	14.0	0.3181818181818182
TarvD7	ENSG00000170577.nuc.ord	ENSG00000170577.nuc.ord.treefile	20.0	0.47619047619047616
TarvD7	ENSG00000170579.nuc.ord	ENSG00000170579.nuc.ord.treefile	22.0	0.34375
TarvD7	ENSG00000170581.nuc.ord	ENSG00000170581.nuc.ord.treefile	12.0	0.1935483870967742
TarvD7	ENSG00000170584.nuc.ord	ENSG00000170584.nuc.ord.treefile	36.0	0.6
TarvD7	ENSG00000170615.nuc.ord	ENSG00000170615.nuc.ord.treefile	24.0	0.375
TarvD7	ENSG00000170624.nuc.ord	ENSG00000170624.nuc.ord.treefile	28.0	0.4375
TarvD7	ENSG00000170627.nuc.ord	ENSG00000170627.nuc.ord.treefile	22.0	0.3793103448275862
TarvD7	ENSG00000170633.nuc.ord	ENSG00000170633.nuc.ord.treefile	20.0	0.3333333333333333
TarvD7	ENSG00000170634.nuc.ord	ENSG00000170634.nuc.ord.treefile	30.0	0.5172413793103449
TarvD7	ENSG00000170653.nuc.ord	ENSG00000170653.nuc.ord.treefile	20.0	0.3225806451612903
TarvD7	ENSG00000170677.nuc.ord	ENSG00000170677.nuc.ord.treefile	30.0	0.625
TarvD7	ENSG00000170681.nuc.ord	ENSG00000170681.nuc.ord.treefile	16.0	0.2962962962962963
TarvD7	ENSG00000170684.nuc.ord	ENSG00000170684.nuc.ord.treefile	24.0	0.5
TarvD7	ENSG00000170689.nuc.ord	ENSG00000170689.nuc.ord.treefile	30.0	0.6818181818181818
TarvD7	ENSG00000170703.nuc.ord	ENSG00000170703.nuc.ord.treefile	16.0	0.25
TarvD7	ENSG00000170734.nuc.ord	ENSG00000170734.nuc.ord.treefile	10.0	0.15625
TarvD7	ENSG00000170743.nuc.ord	ENSG00000170743.nuc.ord.treefile	26.0	0.40625
TarvD7	ENSG00000170745.nuc.ord	ENSG00000170745.nuc.ord.treefile	24.0	0.48
TarvD7	ENSG00000170759.nuc.ord	ENSG00000170759.nuc.ord.treefile	18.0	0.2903225806451613
TarvD7	ENSG00000170776.nuc.ord	ENSG00000170776.nuc.ord.treefile	8.0	0.14285714285714285
TarvD7	ENSG00000170786.nuc.ord	ENSG00000170786.nuc.ord.treefile	24.0	0.42857142857142855
TarvD7	ENSG00000170788.nuc.ord	ENSG00000170788.nuc.ord.treefile	24.0	0.42857142857142855
TarvD7	ENSG00000170791.nuc.ord	ENSG00000170791.nuc.ord.treefile	24.0	0.46153846153846156
TarvD7	ENSG00000170802.nuc.ord	ENSG00000170802.nuc.ord.treefile	18.0	0.28125
TarvD7	ENSG00000170807.nuc.ord	ENSG00000170807.nuc.ord.treefile	46.0	0.7931034482758621
TarvD7	ENSG00000170819.nuc.ord	ENSG00000170819.nuc.ord.treefile	14.0	0.22580645161290322
TarvD7	ENSG00000170820.nuc.ord	ENSG00000170820.nuc.ord.treefile	8.0	0.13793103448275862
TarvD7	ENSG00000170835.nuc.ord	ENSG00000170835.nuc.ord.treefile	16.0	0.4
TarvD7	ENSG00000170836.nuc.ord	ENSG00000170836.nuc.ord.treefile	16.0	0.24242424242424243
TarvD7	ENSG00000170852.nuc.ord	ENSG00000170852.nuc.ord.treefile	32.0	0.5714285714285714
TarvD7	ENSG00000170854.nuc.ord	ENSG00000170854.nuc.ord.treefile	16.0	0.27586206896551724
TarvD7	ENSG00000170860.nuc.ord	ENSG00000170860.nuc.ord.treefile	42.0	0.7241379310344828
TarvD7	ENSG00000170871.nuc.ord	ENSG00000170871.nuc.ord.treefile	32.0	0.5161290322580645
TarvD7	ENSG00000170873.nuc.ord	ENSG00000170873.nuc.ord.treefile	14.0	0.22580645161290322
TarvD7	ENSG00000170876.nuc.ord	ENSG00000170876.nuc.ord.treefile	14.0	0.25
TarvD7	ENSG00000170881.nuc.ord	ENSG00000170881.nuc.ord.treefile	22.0	0.4583333333333333
TarvD7	ENSG00000170889.nuc.ord	ENSG00000170889.nuc.ord.treefile	32.0	0.6956521739130435
TarvD7	ENSG00000170891.nuc.ord	ENSG00000170891.nuc.ord.treefile	26.0	0.52
TarvD7	ENSG00000170893.nuc.ord	ENSG00000170893.nuc.ord.treefile	18.0	0.391304347826087
TarvD7	ENSG00000170903.nuc.ord	ENSG00000170903.nuc.ord.treefile	30.0	0.5769230769230769
TarvD7	ENSG00000170909.nuc.ord	ENSG00000170909.nuc.ord.treefile	12.0	0.4
TarvD7	ENSG00000170915.nuc.ord	ENSG00000170915.nuc.ord.treefile	24.0	0.5454545454545454
TarvD7	ENSG00000170917.nuc.ord	ENSG00000170917.nuc.ord.treefile	20.0	0.38461538461538464
TarvD7	ENSG00000170921.nuc.ord	ENSG00000170921.nuc.ord.treefile	24.0	0.375
TarvD7	ENSG00000170929.nuc.ord	ENSG00000170929.nuc.ord.treefile	14.0	0.4375
TarvD7	ENSG00000170941.nuc.ord	ENSG00000170941.nuc.ord.treefile	24.0	0.3870967741935484
TarvD7	ENSG00000170946.nuc.ord	ENSG00000170946.nuc.ord.treefile	30.0	0.4838709677419355
TarvD7	ENSG00000170955.nuc.ord	ENSG00000170955.nuc.ord.treefile	20.0	0.4
TarvD7	ENSG00000170961.nuc.ord	ENSG00000170961.nuc.ord.treefile	24.0	0.4444444444444444
TarvD7	ENSG00000170962.nuc.ord	ENSG00000170962.nuc.ord.treefile	28.0	0.42424242424242425
TarvD7	ENSG00000170989.nuc.ord	ENSG00000170989.nuc.ord.treefile	24.0	0.6
TarvD7	ENSG00000171004.nuc.ord	ENSG00000171004.nuc.ord.treefile	24.0	0.41379310344827586
TarvD7	ENSG00000171014.nuc.ord	ENSG00000171014.nuc.ord.treefile	6.0	0.1875
TarvD7	ENSG00000171016.nuc.ord	ENSG00000171016.nuc.ord.treefile	10.0	0.19230769230769232
TarvD7	ENSG00000171055.nuc.ord	ENSG00000171055.nuc.ord.treefile	28.0	0.45161290322580644
TarvD7	ENSG00000171060.nuc.ord	ENSG00000171060.nuc.ord.treefile	34.0	0.6296296296296297
TarvD7	ENSG00000171067.nuc.ord	ENSG00000171067.nuc.ord.treefile	12.0	0.3157894736842105
TarvD7	ENSG00000171094.nuc.ord	ENSG00000171094.nuc.ord.treefile	14.0	0.21875
TarvD7	ENSG00000171097.nuc.ord	ENSG00000171097.nuc.ord.treefile	20.0	0.38461538461538464
TarvD7	ENSG00000171100.nuc.ord	ENSG00000171100.nuc.ord.treefile	32.0	0.5
TarvD7	ENSG00000171109.nuc.ord	ENSG00000171109.nuc.ord.treefile	18.0	0.3
TarvD7	ENSG00000171126.nuc.ord	ENSG00000171126.nuc.ord.treefile	34.0	0.7083333333333334
TarvD7	ENSG00000171132.nuc.ord	ENSG00000171132.nuc.ord.treefile	14.0	0.22580645161290322
TarvD7	ENSG00000171135.nuc.ord	ENSG00000171135.nuc.ord.treefile	32.0	0.6153846153846154
TarvD7	ENSG00000171148.nuc.ord	ENSG00000171148.nuc.ord.treefile	16.0	0.2857142857142857
TarvD7	ENSG00000171155.nuc.ord	ENSG00000171155.nuc.ord.treefile	14.0	0.3181818181818182
TarvD7	ENSG00000171160.nuc.ord	ENSG00000171160.nuc.ord.treefile	34.0	0.5666666666666667
TarvD7	ENSG00000171163.nuc.ord	ENSG00000171163.nuc.ord.treefile	12.0	0.23076923076923078
TarvD7	ENSG00000171169.nuc.ord	ENSG00000171169.nuc.ord.treefile	30.0	0.5555555555555556
TarvD7	ENSG00000171174.nuc.ord	ENSG00000171174.nuc.ord.treefile	24.0	0.36363636363636365
TarvD7	ENSG00000171189.nuc.ord	ENSG00000171189.nuc.ord.treefile	14.0	0.22580645161290322
TarvD7	ENSG00000171202.nuc.ord	ENSG00000171202.nuc.ord.treefile	14.0	0.23333333333333334
TarvD7	ENSG00000171204.nuc.ord	ENSG00000171204.nuc.ord.treefile	32.0	0.5333333333333333
TarvD7	ENSG00000171208.nuc.ord	ENSG00000171208.nuc.ord.treefile	22.0	0.34375
TarvD7	ENSG00000171222.nuc.ord	ENSG00000171222.nuc.ord.treefile	22.0	0.6470588235294118
TarvD7	ENSG00000171224.nuc.ord	ENSG00000171224.nuc.ord.treefile	28.0	0.5185185185185185
TarvD7	ENSG00000171227.nuc.ord	ENSG00000171227.nuc.ord.treefile	16.0	0.4
TarvD7	ENSG00000171236.nuc.ord	ENSG00000171236.nuc.ord.treefile	20.0	0.4166666666666667
TarvD7	ENSG00000171241.nuc.ord	ENSG00000171241.nuc.ord.treefile	16.0	0.2962962962962963
TarvD7	ENSG00000171243.nuc.ord	ENSG00000171243.nuc.ord.treefile	44.0	0.7586206896551724
TarvD7	ENSG00000171262.nuc.ord	ENSG00000171262.nuc.ord.treefile	38.0	0.6333333333333333
TarvD7	ENSG00000171302.nuc.ord	ENSG00000171302.nuc.ord.treefile	30.0	0.6
TarvD7	ENSG00000171303.nuc.ord	ENSG00000171303.nuc.ord.treefile	24.0	0.5
TarvD7	ENSG00000171307.nuc.ord	ENSG00000171307.nuc.ord.treefile	12.0	0.3157894736842105
TarvD7	ENSG00000171310.nuc.ord	ENSG00000171310.nuc.ord.treefile	32.0	0.5925925925925926
TarvD7	ENSG00000171316.nuc.ord	ENSG00000171316.nuc.ord.treefile	18.0	0.2727272727272727
TarvD7	ENSG00000171320.nuc.ord	ENSG00000171320.nuc.ord.treefile	10.0	0.17857142857142858
TarvD7	ENSG00000171357.nuc.ord	ENSG00000171357.nuc.ord.treefile	28.0	0.5384615384615384
TarvD7	ENSG00000171365.nuc.ord	ENSG00000171365.nuc.ord.treefile	18.0	0.2903225806451613
TarvD7	ENSG00000171385.nuc.ord	ENSG00000171385.nuc.ord.treefile	34.0	0.5862068965517241
TarvD7	ENSG00000171401.nuc.ord	ENSG00000171401.nuc.ord.treefile	20.0	0.5
TarvD7	ENSG00000171408.nuc.ord	ENSG00000171408.nuc.ord.treefile	24.0	0.375
TarvD7	ENSG00000171421.nuc.ord	ENSG00000171421.nuc.ord.treefile	14.0	0.4375
TarvD7	ENSG00000171431.nuc.ord	ENSG00000171431.nuc.ord.treefile	14.0	0.28
TarvD7	ENSG00000171444.nuc.ord	ENSG00000171444.nuc.ord.treefile	20.0	0.3125
TarvD7	ENSG00000171446.nuc.ord	ENSG00000171446.nuc.ord.treefile	12.0	0.25
TarvD7	ENSG00000171451.nuc.ord	ENSG00000171451.nuc.ord.treefile	26.0	0.7222222222222222
TarvD7	ENSG00000171453.nuc.ord	ENSG00000171453.nuc.ord.treefile	22.0	0.4074074074074074
TarvD7	ENSG00000171456.nuc.ord	ENSG00000171456.nuc.ord.treefile	4.0	0.06451612903225806
TarvD7	ENSG00000171467.nuc.ord	ENSG00000171467.nuc.ord.treefile	8.0	0.12121212121212122
TarvD7	ENSG00000171475.nuc.ord	ENSG00000171475.nuc.ord.treefile	30.0	0.5172413793103449
TarvD7	ENSG00000171476.nuc.ord	ENSG00000171476.nuc.ord.treefile	34.0	0.7391304347826086
TarvD7	ENSG00000171484.nuc.ord	ENSG00000171484.nuc.ord.treefile	6.0	0.23076923076923078
TarvD7	ENSG00000171488.nuc.ord	ENSG00000171488.nuc.ord.treefile	28.0	0.45161290322580644
TarvD7	ENSG00000171490.nuc.ord	ENSG00000171490.nuc.ord.treefile	12.0	0.24
TarvD7	ENSG00000171492.nuc.ord	ENSG00000171492.nuc.ord.treefile	8.0	0.2222222222222222
TarvD7	ENSG00000171495.nuc.ord	ENSG00000171495.nuc.ord.treefile	4.0	0.0625
TarvD7	ENSG00000171502.nuc.ord	ENSG00000171502.nuc.ord.treefile	6.0	0.0967741935483871
TarvD7	ENSG00000171503.nuc.ord	ENSG00000171503.nuc.ord.treefile	30.0	0.5172413793103449
TarvD7	ENSG00000171509.nuc.ord	ENSG00000171509.nuc.ord.treefile	16.0	0.26666666666666666
TarvD7	ENSG00000171517.nuc.ord	ENSG00000171517.nuc.ord.treefile	26.0	0.41935483870967744
TarvD7	ENSG00000171522.nuc.ord	ENSG00000171522.nuc.ord.treefile	24.0	0.4444444444444444
TarvD7	ENSG00000171530.nuc.ord	ENSG00000171530.nuc.ord.treefile	28.0	0.5
TarvD7	ENSG00000171532.nuc.ord	ENSG00000171532.nuc.ord.treefile	14.0	0.4375
TarvD7	ENSG00000171533.nuc.ord	ENSG00000171533.nuc.ord.treefile	22.0	0.3793103448275862
TarvD7	ENSG00000171540.nuc.ord	ENSG00000171540.nuc.ord.treefile	12.0	0.3333333333333333
TarvD7	ENSG00000171551.nuc.ord	ENSG00000171551.nuc.ord.treefile	16.0	0.26666666666666666
TarvD7	ENSG00000171557.nuc.ord	ENSG00000171557.nuc.ord.treefile	12.0	0.18181818181818182
TarvD7	ENSG00000171560.nuc.ord	ENSG00000171560.nuc.ord.treefile	8.0	0.15384615384615385
TarvD7	ENSG00000171564.nuc.ord	ENSG00000171564.nuc.ord.treefile	14.0	0.23333333333333334
TarvD7	ENSG00000171566.nuc.ord	ENSG00000171566.nuc.ord.treefile	14.0	0.21875
TarvD7	ENSG00000171587.nuc.ord	ENSG00000171587.nuc.ord.treefile	30.0	0.45454545454545453
TarvD7	ENSG00000171595.nuc.ord	ENSG00000171595.nuc.ord.treefile	22.0	0.39285714285714285
TarvD7	ENSG00000171596.nuc.ord	ENSG00000171596.nuc.ord.treefile	24.0	0.5
TarvD7	ENSG00000171603.nuc.ord	ENSG00000171603.nuc.ord.treefile	12.0	0.1875
TarvD7	ENSG00000171604.nuc.ord	ENSG00000171604.nuc.ord.treefile	26.0	0.48148148148148145
TarvD7	ENSG00000171608.nuc.ord	ENSG00000171608.nuc.ord.treefile	14.0	0.2413793103448276
TarvD7	ENSG00000171612.nuc.ord	ENSG00000171612.nuc.ord.treefile	30.0	0.5
TarvD7	ENSG00000171617.nuc.ord	ENSG00000171617.nuc.ord.treefile	24.0	0.5
TarvD7	ENSG00000171631.nuc.ord	ENSG00000171631.nuc.ord.treefile	12.0	0.375
TarvD7	ENSG00000171643.nuc.ord	ENSG00000171643.nuc.ord.treefile	28.0	0.6086956521739131
TarvD7	ENSG00000171659.nuc.ord	ENSG00000171659.nuc.ord.treefile	16.0	0.36363636363636365
TarvD7	ENSG00000171681.nuc.ord	ENSG00000171681.nuc.ord.treefile	14.0	0.21212121212121213
TarvD7	ENSG00000171700.nuc.ord	ENSG00000171700.nuc.ord.treefile	26.0	0.5416666666666666
TarvD7	ENSG00000171703.nuc.ord	ENSG00000171703.nuc.ord.treefile	30.0	0.625
TarvD7	ENSG00000171714.nuc.ord	ENSG00000171714.nuc.ord.treefile	8.0	0.125
TarvD7	ENSG00000171723.nuc.ord	ENSG00000171723.nuc.ord.treefile	14.0	0.21212121212121213
TarvD7	ENSG00000171724.nuc.ord	ENSG00000171724.nuc.ord.treefile	26.0	0.3939393939393939
TarvD7	ENSG00000171729.nuc.ord	ENSG00000171729.nuc.ord.treefile	26.0	0.48148148148148145
TarvD7	ENSG00000171735.nuc.ord	ENSG00000171735.nuc.ord.treefile	10.0	0.17857142857142858
TarvD7	ENSG00000171757.nuc.ord	ENSG00000171757.nuc.ord.treefile	24.0	0.4
TarvD7	ENSG00000171759.nuc.ord	ENSG00000171759.nuc.ord.treefile	22.0	0.3333333333333333
TarvD7	ENSG00000171763.nuc.ord	ENSG00000171763.nuc.ord.treefile	24.0	0.3870967741935484
TarvD7	ENSG00000171766.nuc.ord	ENSG00000171766.nuc.ord.treefile	38.0	0.59375
TarvD7	ENSG00000171777.nuc.ord	ENSG00000171777.nuc.ord.treefile	12.0	0.20689655172413793
TarvD7	ENSG00000171790.nuc.ord	ENSG00000171790.nuc.ord.treefile	18.0	0.3333333333333333
TarvD7	ENSG00000171792.nuc.ord	ENSG00000171792.nuc.ord.treefile	10.0	0.2
TarvD7	ENSG00000171793.nuc.ord	ENSG00000171793.nuc.ord.treefile	30.0	0.46875
TarvD7	ENSG00000171806.nuc.ord	ENSG00000171806.nuc.ord.treefile	8.0	0.2
TarvD7	ENSG00000171823.nuc.ord	ENSG00000171823.nuc.ord.treefile	16.0	0.5
TarvD7	ENSG00000171824.nuc.ord	ENSG00000171824.nuc.ord.treefile	14.0	0.21212121212121213
TarvD7	ENSG00000171840.nuc.ord	ENSG00000171840.nuc.ord.treefile	28.0	0.5833333333333334
TarvD7	ENSG00000171843.nuc.ord	ENSG00000171843.nuc.ord.treefile	34.0	0.5483870967741935
TarvD7	ENSG00000171848.nuc.ord	ENSG00000171848.nuc.ord.treefile	30.0	0.5172413793103449
TarvD7	ENSG00000171853.nuc.ord	ENSG00000171853.nuc.ord.treefile	24.0	0.3870967741935484
TarvD7	ENSG00000171855.nuc.ord	ENSG00000171855.nuc.ord.treefile	8.0	0.2222222222222222
TarvD7	ENSG00000171861.nuc.ord	ENSG00000171861.nuc.ord.treefile	16.0	0.25806451612903225
TarvD7	ENSG00000171862.nuc.ord	ENSG00000171862.nuc.ord.treefile	38.0	0.7037037037037037
TarvD7	ENSG00000171864.nuc.ord	ENSG00000171864.nuc.ord.treefile	18.0	0.5294117647058824
TarvD7	ENSG00000171865.nuc.ord	ENSG00000171865.nuc.ord.treefile	14.0	0.28
TarvD7	ENSG00000171877.nuc.ord	ENSG00000171877.nuc.ord.treefile	30.0	0.46875
TarvD7	ENSG00000171885.nuc.ord	ENSG00000171885.nuc.ord.treefile	30.0	0.4838709677419355
TarvD7	ENSG00000171914.nuc.ord	ENSG00000171914.nuc.ord.treefile	12.0	0.18181818181818182
TarvD7	ENSG00000171940.nuc.ord	ENSG00000171940.nuc.ord.treefile	6.0	0.10714285714285714
TarvD7	ENSG00000171953.nuc.ord	ENSG00000171953.nuc.ord.treefile	18.0	0.32142857142857145
TarvD7	ENSG00000171954.nuc.ord	ENSG00000171954.nuc.ord.treefile	22.0	0.4782608695652174
TarvD7	ENSG00000171962.nuc.ord	ENSG00000171962.nuc.ord.treefile	24.0	0.42857142857142855
TarvD7	ENSG00000171984.nuc.ord	ENSG00000171984.nuc.ord.treefile	16.0	0.3076923076923077
TarvD7	ENSG00000171988.nuc.ord	ENSG00000171988.nuc.ord.treefile	10.0	0.15625
TarvD7	ENSG00000172007.nuc.ord	ENSG00000172007.nuc.ord.treefile	20.0	0.37037037037037035
TarvD7	ENSG00000172009.nuc.ord	ENSG00000172009.nuc.ord.treefile	12.0	0.2222222222222222
TarvD7	ENSG00000172020.nuc.ord	ENSG00000172020.nuc.ord.treefile	26.0	0.4642857142857143
TarvD7	ENSG00000172031.nuc.ord	ENSG00000172031.nuc.ord.treefile	22.0	0.3548387096774194
TarvD7	ENSG00000172037.nuc.ord	ENSG00000172037.nuc.ord.treefile	6.0	0.0967741935483871
TarvD7	ENSG00000172046.nuc.ord	ENSG00000172046.nuc.ord.treefile	16.0	0.25
TarvD7	ENSG00000172053.nuc.ord	ENSG00000172053.nuc.ord.treefile	14.0	0.21212121212121213
TarvD7	ENSG00000172057.nuc.ord	ENSG00000172057.nuc.ord.treefile	28.0	0.5384615384615384
TarvD7	ENSG00000172059.nuc.ord	ENSG00000172059.nuc.ord.treefile	18.0	0.391304347826087
TarvD7	ENSG00000172061.nuc.ord	ENSG00000172061.nuc.ord.treefile	24.0	0.5217391304347826
TarvD7	ENSG00000172070.nuc.ord	ENSG00000172070.nuc.ord.treefile	22.0	0.6111111111111112
TarvD7	ENSG00000172071.nuc.ord	ENSG00000172071.nuc.ord.treefile	16.0	0.24242424242424243
TarvD7	ENSG00000172113.nuc.ord	ENSG00000172113.nuc.ord.treefile	32.0	0.5925925925925926
TarvD7	ENSG00000172137.nuc.ord	ENSG00000172137.nuc.ord.treefile	30.0	0.4838709677419355
TarvD7	ENSG00000172139.nuc.ord	ENSG00000172139.nuc.ord.treefile	8.0	0.125
TarvD7	ENSG00000172159.nuc.ord	ENSG00000172159.nuc.ord.treefile	16.0	0.25
TarvD7	ENSG00000172164.nuc.ord	ENSG00000172164.nuc.ord.treefile	20.0	0.3225806451612903
TarvD7	ENSG00000172167.nuc.ord	ENSG00000172167.nuc.ord.treefile	10.0	0.16129032258064516
TarvD7	ENSG00000172171.nuc.ord	ENSG00000172171.nuc.ord.treefile	16.0	0.2962962962962963
TarvD7	ENSG00000172172.nuc.ord	ENSG00000172172.nuc.ord.treefile	32.0	0.5161290322580645
TarvD7	ENSG00000172175.nuc.ord	ENSG00000172175.nuc.ord.treefile	32.0	0.5333333333333333
TarvD7	ENSG00000172197.nuc.ord	ENSG00000172197.nuc.ord.treefile	22.0	0.3333333333333333
TarvD7	ENSG00000172201.nuc.ord	ENSG00000172201.nuc.ord.treefile	22.0	0.6875
TarvD7	ENSG00000172215.nuc.ord	ENSG00000172215.nuc.ord.treefile	34.0	0.6296296296296297
TarvD7	ENSG00000172238.nuc.ord	ENSG00000172238.nuc.ord.treefile	12.0	0.3157894736842105
TarvD7	ENSG00000172239.nuc.ord	ENSG00000172239.nuc.ord.treefile	16.0	0.36363636363636365
TarvD7	ENSG00000172243.nuc.ord	ENSG00000172243.nuc.ord.treefile	26.0	0.48148148148148145
TarvD7	ENSG00000172244.nuc.ord	ENSG00000172244.nuc.ord.treefile	8.0	0.13333333333333333
TarvD7	ENSG00000172260.nuc.ord	ENSG00000172260.nuc.ord.treefile	38.0	0.6129032258064516
TarvD7	ENSG00000172264.nuc.ord	ENSG00000172264.nuc.ord.treefile	10.0	0.2
TarvD7	ENSG00000172269.nuc.ord	ENSG00000172269.nuc.ord.treefile	14.0	0.2413793103448276
TarvD7	ENSG00000172273.nuc.ord	ENSG00000172273.nuc.ord.treefile	12.0	0.1935483870967742
TarvD7	ENSG00000172289.nuc.ord	ENSG00000172289.nuc.ord.treefile	10.0	0.2631578947368421
TarvD7	ENSG00000172292.nuc.ord	ENSG00000172292.nuc.ord.treefile	20.0	0.30303030303030304
TarvD7	ENSG00000172296.nuc.ord	ENSG00000172296.nuc.ord.treefile	12.0	0.1935483870967742
TarvD7	ENSG00000172301.nuc.ord	ENSG00000172301.nuc.ord.treefile	28.0	0.5
TarvD7	ENSG00000172318.nuc.ord	ENSG00000172318.nuc.ord.treefile	16.0	0.32
TarvD7	ENSG00000172331.nuc.ord	ENSG00000172331.nuc.ord.treefile	24.0	0.41379310344827586
TarvD7	ENSG00000172336.nuc.ord	ENSG00000172336.nuc.ord.treefile	28.0	0.6363636363636364
TarvD7	ENSG00000172339.nuc.ord	ENSG00000172339.nuc.ord.treefile	14.0	0.21212121212121213
TarvD7	ENSG00000172340.nuc.ord	ENSG00000172340.nuc.ord.treefile	22.0	0.36666666666666664
TarvD7	ENSG00000172345.nuc.ord	ENSG00000172345.nuc.ord.treefile	28.0	0.5
TarvD7	ENSG00000172346.nuc.ord	ENSG00000172346.nuc.ord.treefile	30.0	0.5769230769230769
TarvD7	ENSG00000172348.nuc.ord	ENSG00000172348.nuc.ord.treefile	30.0	0.5769230769230769
TarvD7	ENSG00000172349.nuc.ord	ENSG00000172349.nuc.ord.treefile	14.0	0.25925925925925924
TarvD7	ENSG00000172350.nuc.ord	ENSG00000172350.nuc.ord.treefile	34.0	0.5666666666666667
TarvD7	ENSG00000172361.nuc.ord	ENSG00000172361.nuc.ord.treefile	8.0	0.125
TarvD7	ENSG00000172379.nuc.ord	ENSG00000172379.nuc.ord.treefile	34.0	0.5862068965517241
TarvD7	ENSG00000172403.nuc.ord	ENSG00000172403.nuc.ord.treefile	26.0	0.41935483870967744
TarvD7	ENSG00000172410.nuc.ord	ENSG00000172410.nuc.ord.treefile	14.0	0.3181818181818182
TarvD7	ENSG00000172426.nuc.ord	ENSG00000172426.nuc.ord.treefile	38.0	0.6551724137931034
TarvD7	ENSG00000172432.nuc.ord	ENSG00000172432.nuc.ord.treefile	24.0	0.42857142857142855
TarvD7	ENSG00000172456.nuc.ord	ENSG00000172456.nuc.ord.treefile	16.0	0.27586206896551724
TarvD7	ENSG00000172458.nuc.ord	ENSG00000172458.nuc.ord.treefile	24.0	0.5714285714285714
TarvD7	ENSG00000172459.nuc.ord	ENSG00000172459.nuc.ord.treefile	8.0	0.2222222222222222
TarvD7	ENSG00000172461.nuc.ord	ENSG00000172461.nuc.ord.treefile	18.0	0.3333333333333333
TarvD7	ENSG00000172464.nuc.ord	ENSG00000172464.nuc.ord.treefile	12.0	0.46153846153846156
TarvD7	ENSG00000172493.nuc.ord	ENSG00000172493.nuc.ord.treefile	10.0	0.15151515151515152
TarvD7	ENSG00000172497.nuc.ord	ENSG00000172497.nuc.ord.treefile	14.0	0.21212121212121213
TarvD7	ENSG00000172500.nuc.ord	ENSG00000172500.nuc.ord.treefile	20.0	0.38461538461538464
TarvD7	ENSG00000172534.nuc.ord	ENSG00000172534.nuc.ord.treefile	6.0	0.1
TarvD7	ENSG00000172538.nuc.ord	ENSG00000172538.nuc.ord.treefile	24.0	0.5
TarvD7	ENSG00000172548.nuc.ord	ENSG00000172548.nuc.ord.treefile	20.0	0.3225806451612903
TarvD7	ENSG00000172554.nuc.ord	ENSG00000172554.nuc.ord.treefile	12.0	0.23076923076923078
TarvD7	ENSG00000172568.nuc.ord	ENSG00000172568.nuc.ord.treefile	22.0	0.5238095238095238
TarvD7	ENSG00000172572.nuc.ord	ENSG00000172572.nuc.ord.treefile	10.0	0.16666666666666666
TarvD7	ENSG00000172575.nuc.ord	ENSG00000172575.nuc.ord.treefile	24.0	0.375
TarvD7	ENSG00000172578.nuc.ord	ENSG00000172578.nuc.ord.treefile	30.0	0.5
TarvD7	ENSG00000172594.nuc.ord	ENSG00000172594.nuc.ord.treefile	12.0	0.1935483870967742
TarvD7	ENSG00000172602.nuc.ord	ENSG00000172602.nuc.ord.treefile	30.0	0.5357142857142857
TarvD7	ENSG00000172653.nuc.ord	ENSG00000172653.nuc.ord.treefile	16.0	0.2857142857142857
TarvD7	ENSG00000172660.nuc.ord	ENSG00000172660.nuc.ord.treefile	20.0	0.3448275862068966
TarvD7	ENSG00000172667.nuc.ord	ENSG00000172667.nuc.ord.treefile	26.0	0.41935483870967744
TarvD7	ENSG00000172671.nuc.ord	ENSG00000172671.nuc.ord.treefile	24.0	0.4
TarvD7	ENSG00000172673.nuc.ord	ENSG00000172673.nuc.ord.treefile	12.0	0.1875
TarvD7	ENSG00000172680.nuc.ord	ENSG00000172680.nuc.ord.treefile	18.0	0.47368421052631576
TarvD7	ENSG00000172725.nuc.ord	ENSG00000172725.nuc.ord.treefile	16.0	0.3333333333333333
TarvD7	ENSG00000172728.nuc.ord	ENSG00000172728.nuc.ord.treefile	14.0	0.2692307692307692
TarvD7	ENSG00000172732.nuc.ord	ENSG00000172732.nuc.ord.treefile	20.0	0.37037037037037035
TarvD7	ENSG00000172733.nuc.ord	ENSG00000172733.nuc.ord.treefile	30.0	0.625
TarvD7	ENSG00000172765.nuc.ord	ENSG00000172765.nuc.ord.treefile	24.0	0.41379310344827586
TarvD7	ENSG00000172766.nuc.ord	ENSG00000172766.nuc.ord.treefile	14.0	0.23333333333333334
TarvD7	ENSG00000172771.nuc.ord	ENSG00000172771.nuc.ord.treefile	24.0	0.42857142857142855
TarvD7	ENSG00000172772.nuc.ord	ENSG00000172772.nuc.ord.treefile	10.0	0.2777777777777778
TarvD7	ENSG00000172775.nuc.ord	ENSG00000172775.nuc.ord.treefile	30.0	0.5769230769230769
TarvD7	ENSG00000172789.nuc.ord	ENSG00000172789.nuc.ord.treefile	42.0	0.84
TarvD7	ENSG00000172794.nuc.ord	ENSG00000172794.nuc.ord.treefile	28.0	0.5833333333333334
TarvD7	ENSG00000172795.nuc.ord	ENSG00000172795.nuc.ord.treefile	10.0	0.18518518518518517
TarvD7	ENSG00000172803.nuc.ord	ENSG00000172803.nuc.ord.treefile	28.0	0.5
TarvD7	ENSG00000172817.nuc.ord	ENSG00000172817.nuc.ord.treefile	16.0	0.24242424242424243
TarvD7	ENSG00000172818.nuc.ord	ENSG00000172818.nuc.ord.treefile	26.0	0.5416666666666666
TarvD7	ENSG00000172819.nuc.ord	ENSG00000172819.nuc.ord.treefile	30.0	0.5555555555555556
TarvD7	ENSG00000172845.nuc.ord	ENSG00000172845.nuc.ord.treefile	22.0	0.39285714285714285
TarvD7	ENSG00000172869.nuc.ord	ENSG00000172869.nuc.ord.treefile	12.0	0.18181818181818182
TarvD7	ENSG00000172878.nuc.ord	ENSG00000172878.nuc.ord.treefile	26.0	0.3939393939393939
TarvD7	ENSG00000172890.nuc.ord	ENSG00000172890.nuc.ord.treefile	20.0	0.4
TarvD7	ENSG00000172893.nuc.ord	ENSG00000172893.nuc.ord.treefile	30.0	0.5769230769230769
TarvD7	ENSG00000172901.nuc.ord	ENSG00000172901.nuc.ord.treefile	10.0	0.15151515151515152
TarvD7	ENSG00000172915.nuc.ord	ENSG00000172915.nuc.ord.treefile	6.0	0.09375
TarvD7	ENSG00000172922.nuc.ord	ENSG00000172922.nuc.ord.treefile	14.0	0.30434782608695654
TarvD7	ENSG00000172932.nuc.ord	ENSG00000172932.nuc.ord.treefile	26.0	0.4642857142857143
TarvD7	ENSG00000172939.nuc.ord	ENSG00000172939.nuc.ord.treefile	24.0	0.3870967741935484
TarvD7	ENSG00000172954.nuc.ord	ENSG00000172954.nuc.ord.treefile	28.0	0.45161290322580644
TarvD7	ENSG00000172977.nuc.ord	ENSG00000172977.nuc.ord.treefile	24.0	0.42857142857142855
TarvD7	ENSG00000172986.nuc.ord	ENSG00000172986.nuc.ord.treefile	24.0	0.36363636363636365
TarvD7	ENSG00000172987.nuc.ord	ENSG00000172987.nuc.ord.treefile	24.0	0.3870967741935484
TarvD7	ENSG00000172992.nuc.ord	ENSG00000172992.nuc.ord.treefile	34.0	0.5862068965517241
TarvD7	ENSG00000173011.nuc.ord	ENSG00000173011.nuc.ord.treefile	38.0	0.8260869565217391
TarvD7	ENSG00000173013.nuc.ord	ENSG00000173013.nuc.ord.treefile	14.0	0.5
TarvD7	ENSG00000173020.nuc.ord	ENSG00000173020.nuc.ord.treefile	18.0	0.4090909090909091
TarvD7	ENSG00000173039.nuc.ord	ENSG00000173039.nuc.ord.treefile	26.0	0.4642857142857143
TarvD7	ENSG00000173040.nuc.ord	ENSG00000173040.nuc.ord.treefile	14.0	0.2692307692307692
TarvD7	ENSG00000173064.nuc.ord	ENSG00000173064.nuc.ord.treefile	32.0	0.5
TarvD7	ENSG00000173065.nuc.ord	ENSG00000173065.nuc.ord.treefile	24.0	0.5714285714285714
TarvD7	ENSG00000173068.nuc.ord	ENSG00000173068.nuc.ord.treefile	14.0	0.2413793103448276
TarvD7	ENSG00000173080.nuc.ord	ENSG00000173080.nuc.ord.treefile	16.0	0.5333333333333333
TarvD7	ENSG00000173083.nuc.ord	ENSG00000173083.nuc.ord.treefile	12.0	0.1935483870967742
TarvD7	ENSG00000173085.nuc.ord	ENSG00000173085.nuc.ord.treefile	22.0	0.36666666666666664
TarvD7	ENSG00000173093.nuc.ord	ENSG00000173093.nuc.ord.treefile	24.0	0.41379310344827586
TarvD7	ENSG00000173114.nuc.ord	ENSG00000173114.nuc.ord.treefile	10.0	0.22727272727272727
TarvD7	ENSG00000173120.nuc.ord	ENSG00000173120.nuc.ord.treefile	28.0	0.4375
TarvD7	ENSG00000173141.nuc.ord	ENSG00000173141.nuc.ord.treefile	20.0	0.5555555555555556
TarvD7	ENSG00000173145.nuc.ord	ENSG00000173145.nuc.ord.treefile	12.0	0.1935483870967742
TarvD7	ENSG00000173153.nuc.ord	ENSG00000173153.nuc.ord.treefile	12.0	0.2857142857142857
TarvD7	ENSG00000173156.nuc.ord	ENSG00000173156.nuc.ord.treefile	24.0	0.5217391304347826
TarvD7	ENSG00000173163.nuc.ord	ENSG00000173163.nuc.ord.treefile	28.0	0.4666666666666667
TarvD7	ENSG00000173166.nuc.ord	ENSG00000173166.nuc.ord.treefile	28.0	0.5
TarvD7	ENSG00000173171.nuc.ord	ENSG00000173171.nuc.ord.treefile	24.0	0.48
TarvD7	ENSG00000173175.nuc.ord	ENSG00000173175.nuc.ord.treefile	24.0	0.42857142857142855
TarvD7	ENSG00000173193.nuc.ord	ENSG00000173193.nuc.ord.treefile	6.0	0.10714285714285714
TarvD7	ENSG00000173198.nuc.ord	ENSG00000173198.nuc.ord.treefile	10.0	0.2631578947368421
TarvD7	ENSG00000173208.nuc.ord	ENSG00000173208.nuc.ord.treefile	18.0	0.4090909090909091
TarvD7	ENSG00000173209.nuc.ord	ENSG00000173209.nuc.ord.treefile	34.0	0.5666666666666667
TarvD7	ENSG00000173210.nuc.ord	ENSG00000173210.nuc.ord.treefile	12.0	0.1935483870967742
TarvD7	ENSG00000173212.nuc.ord	ENSG00000173212.nuc.ord.treefile	24.0	0.4
TarvD7	ENSG00000173218.nuc.ord	ENSG00000173218.nuc.ord.treefile	34.0	0.5483870967741935
TarvD7	ENSG00000173226.nuc.ord	ENSG00000173226.nuc.ord.treefile	12.0	0.1875
TarvD7	ENSG00000173227.nuc.ord	ENSG00000173227.nuc.ord.treefile	14.0	0.2692307692307692
TarvD7	ENSG00000173230.nuc.ord	ENSG00000173230.nuc.ord.treefile	8.0	0.13333333333333333
TarvD7	ENSG00000173239.nuc.ord	ENSG00000173239.nuc.ord.treefile	20.0	0.3125
TarvD7	ENSG00000173250.nuc.ord	ENSG00000173250.nuc.ord.treefile	16.0	0.2962962962962963
TarvD7	ENSG00000173253.nuc.ord	ENSG00000173253.nuc.ord.treefile	14.0	0.23333333333333334
TarvD7	ENSG00000173261.nuc.ord	ENSG00000173261.nuc.ord.treefile	36.0	0.6
TarvD7	ENSG00000173264.nuc.ord	ENSG00000173264.nuc.ord.treefile	36.0	0.6428571428571429
TarvD7	ENSG00000173269.nuc.ord	ENSG00000173269.nuc.ord.treefile	8.0	0.13793103448275862
TarvD7	ENSG00000173273.nuc.ord	ENSG00000173273.nuc.ord.treefile	20.0	0.30303030303030304
TarvD7	ENSG00000173281.nuc.ord	ENSG00000173281.nuc.ord.treefile	22.0	0.5
TarvD7	ENSG00000173320.nuc.ord	ENSG00000173320.nuc.ord.treefile	20.0	0.3225806451612903
TarvD7	ENSG00000173334.nuc.ord	ENSG00000173334.nuc.ord.treefile	30.0	0.6
TarvD7	ENSG00000173369.nuc.ord	ENSG00000173369.nuc.ord.treefile	20.0	0.4166666666666667
TarvD7	ENSG00000173376.nuc.ord	ENSG00000173376.nuc.ord.treefile	18.0	0.28125
TarvD7	ENSG00000173391.nuc.ord	ENSG00000173391.nuc.ord.treefile	18.0	0.3103448275862069
TarvD7	ENSG00000173402.nuc.ord	ENSG00000173402.nuc.ord.treefile	10.0	0.16666666666666666
TarvD7	ENSG00000173406.nuc.ord	ENSG00000173406.nuc.ord.treefile	20.0	0.3225806451612903
TarvD7	ENSG00000173418.nuc.ord	ENSG00000173418.nuc.ord.treefile	38.0	0.7037037037037037
TarvD7	ENSG00000173421.nuc.ord	ENSG00000173421.nuc.ord.treefile	8.0	0.13333333333333333
TarvD7	ENSG00000173465.nuc.ord	ENSG00000173465.nuc.ord.treefile	22.0	0.44
TarvD7	ENSG00000173467.nuc.ord	ENSG00000173467.nuc.ord.treefile	16.0	0.34782608695652173
TarvD7	ENSG00000173473.nuc.ord	ENSG00000173473.nuc.ord.treefile	24.0	0.36363636363636365
TarvD7	ENSG00000173482.nuc.ord	ENSG00000173482.nuc.ord.treefile	8.0	0.12903225806451613
TarvD7	ENSG00000173511.nuc.ord	ENSG00000173511.nuc.ord.treefile	28.0	0.5185185185185185
TarvD7	ENSG00000173517.nuc.ord	ENSG00000173517.nuc.ord.treefile	16.0	0.4444444444444444
TarvD7	ENSG00000173540.nuc.ord	ENSG00000173540.nuc.ord.treefile	8.0	0.14814814814814814
TarvD7	ENSG00000173542.nuc.ord	ENSG00000173542.nuc.ord.treefile	34.0	0.5151515151515151
TarvD7	ENSG00000173545.nuc.ord	ENSG00000173545.nuc.ord.treefile	32.0	0.5714285714285714
TarvD7	ENSG00000173548.nuc.ord	ENSG00000173548.nuc.ord.treefile	20.0	0.4166666666666667
TarvD7	ENSG00000173559.nuc.ord	ENSG00000173559.nuc.ord.treefile	34.0	0.5483870967741935
TarvD7	ENSG00000173567.nuc.ord	ENSG00000173567.nuc.ord.treefile	12.0	0.2
TarvD7	ENSG00000173581.nuc.ord	ENSG00000173581.nuc.ord.treefile	22.0	0.44
TarvD7	ENSG00000173585.nuc.ord	ENSG00000173585.nuc.ord.treefile	20.0	0.4
TarvD7	ENSG00000173588.nuc.ord	ENSG00000173588.nuc.ord.treefile	16.0	0.26666666666666666
TarvD7	ENSG00000173597.nuc.ord	ENSG00000173597.nuc.ord.treefile	24.0	0.5217391304347826
TarvD7	ENSG00000173598.nuc.ord	ENSG00000173598.nuc.ord.treefile	36.0	0.6
TarvD7	ENSG00000173599.nuc.ord	ENSG00000173599.nuc.ord.treefile	10.0	0.2
TarvD7	ENSG00000173611.nuc.ord	ENSG00000173611.nuc.ord.treefile	32.0	0.5
TarvD7	ENSG00000173612.nuc.ord	ENSG00000173612.nuc.ord.treefile	8.0	0.13793103448275862
TarvD7	ENSG00000173614.nuc.ord	ENSG00000173614.nuc.ord.treefile	24.0	0.46153846153846156
TarvD7	ENSG00000173621.nuc.ord	ENSG00000173621.nuc.ord.treefile	26.0	0.5652173913043478
TarvD7	ENSG00000173626.nuc.ord	ENSG00000173626.nuc.ord.treefile	34.0	0.5151515151515151
TarvD7	ENSG00000173627.nuc.ord	ENSG00000173627.nuc.ord.treefile	6.0	0.14285714285714285
TarvD7	ENSG00000173641.nuc.ord	ENSG00000173641.nuc.ord.treefile	24.0	0.5454545454545454
TarvD7	ENSG00000173653.nuc.ord	ENSG00000173653.nuc.ord.treefile	20.0	0.38461538461538464
TarvD7	ENSG00000173662.nuc.ord	ENSG00000173662.nuc.ord.treefile	12.0	0.24
TarvD7	ENSG00000173674.nuc.ord	ENSG00000173674.nuc.ord.treefile	10.0	0.38461538461538464
TarvD7	ENSG00000173681.nuc.ord	ENSG00000173681.nuc.ord.treefile	6.0	0.09375
TarvD7	ENSG00000173692.nuc.ord	ENSG00000173692.nuc.ord.treefile	14.0	0.21212121212121213
TarvD7	ENSG00000173698.nuc.ord	ENSG00000173698.nuc.ord.treefile	8.0	0.125
TarvD7	ENSG00000173702.nuc.ord	ENSG00000173702.nuc.ord.treefile	30.0	0.4838709677419355
TarvD7	ENSG00000173706.nuc.ord	ENSG00000173706.nuc.ord.treefile	32.0	0.48484848484848486
TarvD7	ENSG00000173714.nuc.ord	ENSG00000173714.nuc.ord.treefile	18.0	0.391304347826087
TarvD7	ENSG00000173715.nuc.ord	ENSG00000173715.nuc.ord.treefile	34.0	0.53125
TarvD7	ENSG00000173728.nuc.ord	ENSG00000173728.nuc.ord.treefile	22.0	0.3793103448275862
TarvD7	ENSG00000173744.nuc.ord	ENSG00000173744.nuc.ord.treefile	24.0	0.3870967741935484
TarvD7	ENSG00000173762.nuc.ord	ENSG00000173762.nuc.ord.treefile	14.0	0.4375
TarvD7	ENSG00000173786.nuc.ord	ENSG00000173786.nuc.ord.treefile	22.0	0.4583333333333333
TarvD7	ENSG00000173801.nuc.ord	ENSG00000173801.nuc.ord.treefile	34.0	0.5666666666666667
TarvD7	ENSG00000173809.nuc.ord	ENSG00000173809.nuc.ord.treefile	16.0	0.25
TarvD7	ENSG00000173821.nuc.ord	ENSG00000173821.nuc.ord.treefile	10.0	0.16666666666666666
TarvD7	ENSG00000173826.nuc.ord	ENSG00000173826.nuc.ord.treefile	8.0	0.16
TarvD7	ENSG00000173846.nuc.ord	ENSG00000173846.nuc.ord.treefile	18.0	0.3103448275862069
TarvD7	ENSG00000173848.nuc.ord	ENSG00000173848.nuc.ord.treefile	22.0	0.3793103448275862
TarvD7	ENSG00000173852.nuc.ord	ENSG00000173852.nuc.ord.treefile	22.0	0.44
TarvD7	ENSG00000173867.nuc.ord	ENSG00000173867.nuc.ord.treefile	22.0	0.3548387096774194
TarvD7	ENSG00000173868.nuc.ord	ENSG00000173868.nuc.ord.treefile	22.0	0.4583333333333333
TarvD7	ENSG00000173889.nuc.ord	ENSG00000173889.nuc.ord.treefile	26.0	0.4482758620689655
TarvD7	ENSG00000173890.nuc.ord	ENSG00000173890.nuc.ord.treefile	22.0	0.5238095238095238
TarvD7	ENSG00000173894.nuc.ord	ENSG00000173894.nuc.ord.treefile	26.0	0.5
TarvD7	ENSG00000173898.nuc.ord	ENSG00000173898.nuc.ord.treefile	12.0	0.20689655172413793
TarvD7	ENSG00000173905.nuc.ord	ENSG00000173905.nuc.ord.treefile	14.0	0.21875
TarvD7	ENSG00000173928.nuc.ord	ENSG00000173928.nuc.ord.treefile	18.0	0.3333333333333333
TarvD7	ENSG00000173930.nuc.ord	ENSG00000173930.nuc.ord.treefile	6.0	0.12
TarvD7	ENSG00000173933.nuc.ord	ENSG00000173933.nuc.ord.treefile	16.0	0.4444444444444444
TarvD7	ENSG00000173947.nuc.ord	ENSG00000173947.nuc.ord.treefile	16.0	0.27586206896551724
TarvD7	ENSG00000173950.nuc.ord	ENSG00000173950.nuc.ord.treefile	26.0	0.43333333333333335
TarvD7	ENSG00000173960.nuc.ord	ENSG00000173960.nuc.ord.treefile	22.0	0.4074074074074074
TarvD7	ENSG00000173991.nuc.ord	ENSG00000173991.nuc.ord.treefile	28.0	0.5384615384615384
TarvD7	ENSG00000173992.nuc.ord	ENSG00000173992.nuc.ord.treefile	18.0	0.3333333333333333
TarvD7	ENSG00000174004.nuc.ord	ENSG00000174004.nuc.ord.treefile	26.0	0.4482758620689655
TarvD7	ENSG00000174007.nuc.ord	ENSG00000174007.nuc.ord.treefile	26.0	0.4642857142857143
TarvD7	ENSG00000174010.nuc.ord	ENSG00000174010.nuc.ord.treefile	28.0	0.4827586206896552
TarvD7	ENSG00000174013.nuc.ord	ENSG00000174013.nuc.ord.treefile	40.0	0.7692307692307693
TarvD7	ENSG00000174015.nuc.ord	ENSG00000174015.nuc.ord.treefile	20.0	0.37037037037037035
TarvD7	ENSG00000174016.nuc.ord	ENSG00000174016.nuc.ord.treefile	8.0	0.2222222222222222
TarvD7	ENSG00000174032.nuc.ord	ENSG00000174032.nuc.ord.treefile	26.0	0.41935483870967744
TarvD7	ENSG00000174038.nuc.ord	ENSG00000174038.nuc.ord.treefile	10.0	0.18518518518518517
TarvD7	ENSG00000174059.nuc.ord	ENSG00000174059.nuc.ord.treefile	16.0	0.27586206896551724
TarvD7	ENSG00000174080.nuc.ord	ENSG00000174080.nuc.ord.treefile	18.0	0.3333333333333333
TarvD7	ENSG00000174099.nuc.ord	ENSG00000174099.nuc.ord.treefile	40.0	0.6451612903225806
TarvD7	ENSG00000174106.nuc.ord	ENSG00000174106.nuc.ord.treefile	22.0	0.39285714285714285
TarvD7	ENSG00000174111.nuc.ord	ENSG00000174111.nuc.ord.treefile	32.0	0.5161290322580645
TarvD7	ENSG00000174132.nuc.ord	ENSG00000174132.nuc.ord.treefile	20.0	0.47619047619047616
TarvD7	ENSG00000174136.nuc.ord	ENSG00000174136.nuc.ord.treefile	34.0	0.5666666666666667
TarvD7	ENSG00000174151.nuc.ord	ENSG00000174151.nuc.ord.treefile	34.0	0.6071428571428571
TarvD7	ENSG00000174173.nuc.ord	ENSG00000174173.nuc.ord.treefile	12.0	0.24
TarvD7	ENSG00000174175.nuc.ord	ENSG00000174175.nuc.ord.treefile	10.0	0.16129032258064516
TarvD7	ENSG00000174197.nuc.ord	ENSG00000174197.nuc.ord.treefile	6.0	0.1
TarvD7	ENSG00000174206.nuc.ord	ENSG00000174206.nuc.ord.treefile	32.0	0.5517241379310345
TarvD7	ENSG00000174226.nuc.ord	ENSG00000174226.nuc.ord.treefile	14.0	0.22580645161290322
TarvD7	ENSG00000174227.nuc.ord	ENSG00000174227.nuc.ord.treefile	6.0	0.1111111111111111
TarvD7	ENSG00000174231.nuc.ord	ENSG00000174231.nuc.ord.treefile	10.0	0.15151515151515152
TarvD7	ENSG00000174243.nuc.ord	ENSG00000174243.nuc.ord.treefile	24.0	0.375
TarvD7	ENSG00000174282.nuc.ord	ENSG00000174282.nuc.ord.treefile	8.0	0.15384615384615385
TarvD7	ENSG00000174306.nuc.ord	ENSG00000174306.nuc.ord.treefile	12.0	0.2608695652173913
TarvD7	ENSG00000174326.nuc.ord	ENSG00000174326.nuc.ord.treefile	18.0	0.3103448275862069
TarvD7	ENSG00000174327.nuc.ord	ENSG00000174327.nuc.ord.treefile	18.0	0.3103448275862069
TarvD7	ENSG00000174348.nuc.ord	ENSG00000174348.nuc.ord.treefile	18.0	0.34615384615384615
TarvD7	ENSG00000174371.nuc.ord	ENSG00000174371.nuc.ord.treefile	10.0	0.15625
TarvD7	ENSG00000174373.nuc.ord	ENSG00000174373.nuc.ord.treefile	10.0	0.15625
TarvD7	ENSG00000174417.nuc.ord	ENSG00000174417.nuc.ord.treefile	26.0	0.40625
TarvD7	ENSG00000174429.nuc.ord	ENSG00000174429.nuc.ord.treefile	18.0	0.2903225806451613
TarvD7	ENSG00000174437.nuc.ord	ENSG00000174437.nuc.ord.treefile	24.0	0.375
TarvD7	ENSG00000174442.nuc.ord	ENSG00000174442.nuc.ord.treefile	18.0	0.28125
TarvD7	ENSG00000174444.nuc.ord	ENSG00000174444.nuc.ord.treefile	12.0	0.375
TarvD7	ENSG00000174453.nuc.ord	ENSG00000174453.nuc.ord.treefile	38.0	0.6785714285714286
TarvD7	ENSG00000174473.nuc.ord	ENSG00000174473.nuc.ord.treefile	40.0	0.6060606060606061
TarvD7	ENSG00000174482.nuc.ord	ENSG00000174482.nuc.ord.treefile	18.0	0.36
TarvD7	ENSG00000174483.nuc.ord	ENSG00000174483.nuc.ord.treefile	14.0	0.23333333333333334
TarvD7	ENSG00000174485.nuc.ord	ENSG00000174485.nuc.ord.treefile	12.0	0.18181818181818182
TarvD7	ENSG00000174498.nuc.ord	ENSG00000174498.nuc.ord.treefile	14.0	0.2413793103448276
TarvD7	ENSG00000174502.nuc.ord	ENSG00000174502.nuc.ord.treefile	6.0	0.10714285714285714
TarvD7	ENSG00000174514.nuc.ord	ENSG00000174514.nuc.ord.treefile	12.0	0.1935483870967742
TarvD7	ENSG00000174516.nuc.ord	ENSG00000174516.nuc.ord.treefile	26.0	0.4482758620689655
TarvD7	ENSG00000174547.nuc.ord	ENSG00000174547.nuc.ord.treefile	20.0	0.4166666666666667
TarvD7	ENSG00000174562.nuc.ord	ENSG00000174562.nuc.ord.treefile	24.0	0.5714285714285714
TarvD7	ENSG00000174564.nuc.ord	ENSG00000174564.nuc.ord.treefile	24.0	0.4
TarvD7	ENSG00000174567.nuc.ord	ENSG00000174567.nuc.ord.treefile	22.0	0.4230769230769231
TarvD7	ENSG00000174574.nuc.ord	ENSG00000174574.nuc.ord.treefile	40.0	0.6896551724137931
TarvD7	ENSG00000174576.nuc.ord	ENSG00000174576.nuc.ord.treefile	4.0	0.07407407407407407
TarvD7	ENSG00000174579.nuc.ord	ENSG00000174579.nuc.ord.treefile	22.0	0.4230769230769231
TarvD7	ENSG00000174606.nuc.ord	ENSG00000174606.nuc.ord.treefile	32.0	0.5
TarvD7	ENSG00000174607.nuc.ord	ENSG00000174607.nuc.ord.treefile	20.0	0.37037037037037035
TarvD7	ENSG00000174611.nuc.ord	ENSG00000174611.nuc.ord.treefile	20.0	0.35714285714285715
TarvD7	ENSG00000174628.nuc.ord	ENSG00000174628.nuc.ord.treefile	36.0	0.6
TarvD7	ENSG00000174640.nuc.ord	ENSG00000174640.nuc.ord.treefile	26.0	0.4482758620689655
TarvD7	ENSG00000174684.nuc.ord	ENSG00000174684.nuc.ord.treefile	16.0	0.2962962962962963
TarvD7	ENSG00000174697.nuc.ord	ENSG00000174697.nuc.ord.treefile	20.0	0.37037037037037035
TarvD7	ENSG00000174705.nuc.ord	ENSG00000174705.nuc.ord.treefile	10.0	0.16666666666666666
TarvD7	ENSG00000174718.nuc.ord	ENSG00000174718.nuc.ord.treefile	8.0	0.16
TarvD7	ENSG00000174738.nuc.ord	ENSG00000174738.nuc.ord.treefile	20.0	0.35714285714285715
TarvD7	ENSG00000174744.nuc.ord	ENSG00000174744.nuc.ord.treefile	32.0	0.6956521739130435
TarvD7	ENSG00000174749.nuc.ord	ENSG00000174749.nuc.ord.treefile	30.0	0.5555555555555556
TarvD7	ENSG00000174775.nuc.ord	ENSG00000174775.nuc.ord.treefile	24.0	0.75
TarvD7	ENSG00000174780.nuc.ord	ENSG00000174780.nuc.ord.treefile	14.0	0.23333333333333334
TarvD7	ENSG00000174788.nuc.ord	ENSG00000174788.nuc.ord.treefile	28.0	0.5384615384615384
TarvD7	ENSG00000174791.nuc.ord	ENSG00000174791.nuc.ord.treefile	14.0	0.2916666666666667
TarvD7	ENSG00000174796.nuc.ord	ENSG00000174796.nuc.ord.treefile	32.0	0.5333333333333333
TarvD7	ENSG00000174799.nuc.ord	ENSG00000174799.nuc.ord.treefile	10.0	0.15625
TarvD7	ENSG00000174808.nuc.ord	ENSG00000174808.nuc.ord.treefile	28.0	0.4827586206896552
TarvD7	ENSG00000174827.nuc.ord	ENSG00000174827.nuc.ord.treefile	24.0	0.48
TarvD7	ENSG00000174837.nuc.ord	ENSG00000174837.nuc.ord.treefile	12.0	0.23076923076923078
TarvD7	ENSG00000174839.nuc.ord	ENSG00000174839.nuc.ord.treefile	6.0	0.0967741935483871
TarvD7	ENSG00000174840.nuc.ord	ENSG00000174840.nuc.ord.treefile	18.0	0.32142857142857145
TarvD7	ENSG00000174842.nuc.ord	ENSG00000174842.nuc.ord.treefile	10.0	0.16666666666666666
TarvD7	ENSG00000174844.nuc.ord	ENSG00000174844.nuc.ord.treefile	24.0	0.375
TarvD7	ENSG00000174871.nuc.ord	ENSG00000174871.nuc.ord.treefile	48.0	0.8888888888888888
TarvD7	ENSG00000174885.nuc.ord	ENSG00000174885.nuc.ord.treefile	16.0	0.4444444444444444
TarvD7	ENSG00000174915.nuc.ord	ENSG00000174915.nuc.ord.treefile	10.0	0.22727272727272727
TarvD7	ENSG00000174928.nuc.ord	ENSG00000174928.nuc.ord.treefile	26.0	0.5
TarvD7	ENSG00000174938.nuc.ord	ENSG00000174938.nuc.ord.treefile	6.0	0.10344827586206896
TarvD7	ENSG00000174939.nuc.ord	ENSG00000174939.nuc.ord.treefile	20.0	0.4166666666666667
TarvD7	ENSG00000174943.nuc.ord	ENSG00000174943.nuc.ord.treefile	24.0	0.4
TarvD7	ENSG00000174944.nuc.ord	ENSG00000174944.nuc.ord.treefile	8.0	0.15384615384615385
TarvD7	ENSG00000174948.nuc.ord	ENSG00000174948.nuc.ord.treefile	22.0	0.3548387096774194
TarvD7	ENSG00000174951.nuc.ord	ENSG00000174951.nuc.ord.treefile	20.0	0.4166666666666667
TarvD7	ENSG00000174953.nuc.ord	ENSG00000174953.nuc.ord.treefile	26.0	0.41935483870967744
TarvD7	ENSG00000174963.nuc.ord	ENSG00000174963.nuc.ord.treefile	24.0	0.42857142857142855
TarvD7	ENSG00000174982.nuc.ord	ENSG00000174982.nuc.ord.treefile	10.0	0.29411764705882354
TarvD7	ENSG00000174989.nuc.ord	ENSG00000174989.nuc.ord.treefile	16.0	0.25
TarvD7	ENSG00000174992.nuc.ord	ENSG00000174992.nuc.ord.treefile	26.0	0.6190476190476191
TarvD7	ENSG00000175003.nuc.ord	ENSG00000175003.nuc.ord.treefile	10.0	0.17857142857142858
TarvD7	ENSG00000175054.nuc.ord	ENSG00000175054.nuc.ord.treefile	18.0	0.2903225806451613
TarvD7	ENSG00000175065.nuc.ord	ENSG00000175065.nuc.ord.treefile	4.0	0.06666666666666667
TarvD7	ENSG00000175066.nuc.ord	ENSG00000175066.nuc.ord.treefile	20.0	0.3333333333333333
TarvD7	ENSG00000175073.nuc.ord	ENSG00000175073.nuc.ord.treefile	8.0	0.125
TarvD7	ENSG00000175087.nuc.ord	ENSG00000175087.nuc.ord.treefile	28.0	0.5
TarvD7	ENSG00000175093.nuc.ord	ENSG00000175093.nuc.ord.treefile	28.0	0.5833333333333334
TarvD7	ENSG00000175097.nuc.ord	ENSG00000175097.nuc.ord.treefile	6.0	0.14285714285714285
TarvD7	ENSG00000175104.nuc.ord	ENSG00000175104.nuc.ord.treefile	16.0	0.25806451612903225
TarvD7	ENSG00000175105.nuc.ord	ENSG00000175105.nuc.ord.treefile	8.0	0.19047619047619047
TarvD7	ENSG00000175115.nuc.ord	ENSG00000175115.nuc.ord.treefile	26.0	0.43333333333333335
TarvD7	ENSG00000175121.nuc.ord	ENSG00000175121.nuc.ord.treefile	18.0	0.375
TarvD7	ENSG00000175137.nuc.ord	ENSG00000175137.nuc.ord.treefile	30.0	0.5769230769230769
TarvD7	ENSG00000175155.nuc.ord	ENSG00000175155.nuc.ord.treefile	34.0	0.6071428571428571
TarvD7	ENSG00000175161.nuc.ord	ENSG00000175161.nuc.ord.treefile	20.0	0.3225806451612903
TarvD7	ENSG00000175166.nuc.ord	ENSG00000175166.nuc.ord.treefile	24.0	0.4
TarvD7	ENSG00000175175.nuc.ord	ENSG00000175175.nuc.ord.treefile	24.0	0.4
TarvD7	ENSG00000175182.nuc.ord	ENSG00000175182.nuc.ord.treefile	42.0	0.8076923076923077
TarvD7	ENSG00000175183.nuc.ord	ENSG00000175183.nuc.ord.treefile	50.0	0.78125
TarvD7	ENSG00000175193.nuc.ord	ENSG00000175193.nuc.ord.treefile	38.0	0.6785714285714286
TarvD7	ENSG00000175197.nuc.ord	ENSG00000175197.nuc.ord.treefile	26.0	0.5
TarvD7	ENSG00000175198.nuc.ord	ENSG00000175198.nuc.ord.treefile	18.0	0.28125
TarvD7	ENSG00000175203.nuc.ord	ENSG00000175203.nuc.ord.treefile	32.0	0.5517241379310345
TarvD7	ENSG00000175206.nuc.ord	ENSG00000175206.nuc.ord.treefile	22.0	0.3793103448275862
TarvD7	ENSG00000175213.nuc.ord	ENSG00000175213.nuc.ord.treefile	16.0	0.32
TarvD7	ENSG00000175215.nuc.ord	ENSG00000175215.nuc.ord.treefile	32.0	0.5925925925925926
TarvD7	ENSG00000175216.nuc.ord	ENSG00000175216.nuc.ord.treefile	12.0	0.1875
TarvD7	ENSG00000175220.nuc.ord	ENSG00000175220.nuc.ord.treefile	20.0	0.38461538461538464
TarvD7	ENSG00000175224.nuc.ord	ENSG00000175224.nuc.ord.treefile	20.0	0.30303030303030304
TarvD7	ENSG00000175229.nuc.ord	ENSG00000175229.nuc.ord.treefile	14.0	0.3181818181818182
TarvD7	ENSG00000175262.nuc.ord	ENSG00000175262.nuc.ord.treefile	16.0	0.3333333333333333
TarvD7	ENSG00000175264.nuc.ord	ENSG00000175264.nuc.ord.treefile	18.0	0.47368421052631576
TarvD7	ENSG00000175267.nuc.ord	ENSG00000175267.nuc.ord.treefile	12.0	0.20689655172413793
TarvD7	ENSG00000175274.nuc.ord	ENSG00000175274.nuc.ord.treefile	30.0	0.6
TarvD7	ENSG00000175283.nuc.ord	ENSG00000175283.nuc.ord.treefile	14.0	0.35
TarvD7	ENSG00000175287.nuc.ord	ENSG00000175287.nuc.ord.treefile	38.0	0.7307692307692307
TarvD7	ENSG00000175305.nuc.ord	ENSG00000175305.nuc.ord.treefile	16.0	0.25
TarvD7	ENSG00000175309.nuc.ord	ENSG00000175309.nuc.ord.treefile	18.0	0.2903225806451613
TarvD7	ENSG00000175311.nuc.ord	ENSG00000175311.nuc.ord.treefile	18.0	0.3
TarvD7	ENSG00000175315.nuc.ord	ENSG00000175315.nuc.ord.treefile	24.0	0.5
TarvD7	ENSG00000175318.nuc.ord	ENSG00000175318.nuc.ord.treefile	24.0	0.41379310344827586
TarvD7	ENSG00000175324.nuc.ord	ENSG00000175324.nuc.ord.treefile	44.0	0.7586206896551724
TarvD7	ENSG00000175348.nuc.ord	ENSG00000175348.nuc.ord.treefile	26.0	0.41935483870967744
TarvD7	ENSG00000175352.nuc.ord	ENSG00000175352.nuc.ord.treefile	38.0	0.59375
TarvD7	ENSG00000175356.nuc.ord	ENSG00000175356.nuc.ord.treefile	18.0	0.28125
TarvD7	ENSG00000175374.nuc.ord	ENSG00000175374.nuc.ord.treefile	10.0	0.3125
TarvD7	ENSG00000175414.nuc.ord	ENSG00000175414.nuc.ord.treefile	28.0	0.5384615384615384
TarvD7	ENSG00000175416.nuc.ord	ENSG00000175416.nuc.ord.treefile	34.0	0.7391304347826086
TarvD7	ENSG00000175426.nuc.ord	ENSG00000175426.nuc.ord.treefile	20.0	0.30303030303030304
TarvD7	ENSG00000175445.nuc.ord	ENSG00000175445.nuc.ord.treefile	14.0	0.22580645161290322
TarvD7	ENSG00000175455.nuc.ord	ENSG00000175455.nuc.ord.treefile	8.0	0.13333333333333333
TarvD7	ENSG00000175470.nuc.ord	ENSG00000175470.nuc.ord.treefile	14.0	0.30434782608695654
TarvD7	ENSG00000175471.nuc.ord	ENSG00000175471.nuc.ord.treefile	18.0	0.2727272727272727
TarvD7	ENSG00000175482.nuc.ord	ENSG00000175482.nuc.ord.treefile	32.0	0.6666666666666666
TarvD7	ENSG00000175485.nuc.ord	ENSG00000175485.nuc.ord.treefile	12.0	0.3333333333333333
TarvD7	ENSG00000175497.nuc.ord	ENSG00000175497.nuc.ord.treefile	32.0	0.5
TarvD7	ENSG00000175505.nuc.ord	ENSG00000175505.nuc.ord.treefile	20.0	0.4
TarvD7	ENSG00000175513.nuc.ord	ENSG00000175513.nuc.ord.treefile	18.0	0.36
TarvD7	ENSG00000175514.nuc.ord	ENSG00000175514.nuc.ord.treefile	12.0	0.375
TarvD7	ENSG00000175518.nuc.ord	ENSG00000175518.nuc.ord.treefile	6.0	0.1875
TarvD7	ENSG00000175520.nuc.ord	ENSG00000175520.nuc.ord.treefile	14.0	0.30434782608695654
TarvD7	ENSG00000175535.nuc.ord	ENSG00000175535.nuc.ord.treefile	12.0	0.21428571428571427
TarvD7	ENSG00000175536.nuc.ord	ENSG00000175536.nuc.ord.treefile	18.0	0.36
TarvD7	ENSG00000175538.nuc.ord	ENSG00000175538.nuc.ord.treefile	38.0	0.7037037037037037
TarvD7	ENSG00000175556.nuc.ord	ENSG00000175556.nuc.ord.treefile	16.0	0.25
TarvD7	ENSG00000175564.nuc.ord	ENSG00000175564.nuc.ord.treefile	28.0	0.4375
TarvD7	ENSG00000175567.nuc.ord	ENSG00000175567.nuc.ord.treefile	28.0	0.4666666666666667
TarvD7	ENSG00000175573.nuc.ord	ENSG00000175573.nuc.ord.treefile	12.0	0.2727272727272727
TarvD7	ENSG00000175581.nuc.ord	ENSG00000175581.nuc.ord.treefile	46.0	0.7419354838709677
TarvD7	ENSG00000175592.nuc.ord	ENSG00000175592.nuc.ord.treefile	12.0	0.21428571428571427
TarvD7	ENSG00000175595.nuc.ord	ENSG00000175595.nuc.ord.treefile	24.0	0.3870967741935484
TarvD7	ENSG00000175600.nuc.ord	ENSG00000175600.nuc.ord.treefile	28.0	0.4375
TarvD7	ENSG00000175643.nuc.ord	ENSG00000175643.nuc.ord.treefile	18.0	0.5294117647058824
TarvD7	ENSG00000175662.nuc.ord	ENSG00000175662.nuc.ord.treefile	22.0	0.3548387096774194
TarvD7	ENSG00000175664.nuc.ord	ENSG00000175664.nuc.ord.treefile	12.0	0.21428571428571427
TarvD7	ENSG00000175697.nuc.ord	ENSG00000175697.nuc.ord.treefile	6.0	0.09375
TarvD7	ENSG00000175707.nuc.ord	ENSG00000175707.nuc.ord.treefile	20.0	0.35714285714285715
TarvD7	ENSG00000175711.nuc.ord	ENSG00000175711.nuc.ord.treefile	22.0	0.44
TarvD7	ENSG00000175727.nuc.ord	ENSG00000175727.nuc.ord.treefile	12.0	0.21428571428571427
TarvD7	ENSG00000175745.nuc.ord	ENSG00000175745.nuc.ord.treefile	26.0	0.6190476190476191
TarvD7	ENSG00000175764.nuc.ord	ENSG00000175764.nuc.ord.treefile	38.0	0.7307692307692307
TarvD7	ENSG00000175768.nuc.ord	ENSG00000175768.nuc.ord.treefile	38.0	0.76
TarvD7	ENSG00000175782.nuc.ord	ENSG00000175782.nuc.ord.treefile	24.0	0.41379310344827586
TarvD7	ENSG00000175785.nuc.ord	ENSG00000175785.nuc.ord.treefile	32.0	0.6153846153846154
TarvD7	ENSG00000175818.nuc.ord	ENSG00000175818.nuc.ord.treefile	36.0	0.6
TarvD7	ENSG00000175826.nuc.ord	ENSG00000175826.nuc.ord.treefile	20.0	0.37037037037037035
TarvD7	ENSG00000175832.nuc.ord	ENSG00000175832.nuc.ord.treefile	26.0	0.41935483870967744
TarvD7	ENSG00000175854.nuc.ord	ENSG00000175854.nuc.ord.treefile	20.0	0.47619047619047616
TarvD7	ENSG00000175857.nuc.ord	ENSG00000175857.nuc.ord.treefile	20.0	0.37037037037037035
TarvD7	ENSG00000175877.nuc.ord	ENSG00000175877.nuc.ord.treefile	32.0	0.64
TarvD7	ENSG00000175879.nuc.ord	ENSG00000175879.nuc.ord.treefile	22.0	0.5238095238095238
TarvD7	ENSG00000175893.nuc.ord	ENSG00000175893.nuc.ord.treefile	34.0	0.5483870967741935
TarvD7	ENSG00000175894.nuc.ord	ENSG00000175894.nuc.ord.treefile	10.0	0.17857142857142858
TarvD7	ENSG00000175895.nuc.ord	ENSG00000175895.nuc.ord.treefile	30.0	0.625
TarvD7	ENSG00000175898.nuc.ord	ENSG00000175898.nuc.ord.treefile	18.0	0.42857142857142855
TarvD7	ENSG00000175906.nuc.ord	ENSG00000175906.nuc.ord.treefile	26.0	0.5909090909090909
TarvD7	ENSG00000175928.nuc.ord	ENSG00000175928.nuc.ord.treefile	14.0	0.3684210526315789
TarvD7	ENSG00000175931.nuc.ord	ENSG00000175931.nuc.ord.treefile	16.0	0.32
TarvD7	ENSG00000175946.nuc.ord	ENSG00000175946.nuc.ord.treefile	8.0	0.18181818181818182
TarvD7	ENSG00000175970.nuc.ord	ENSG00000175970.nuc.ord.treefile	42.0	0.6774193548387096
TarvD7	ENSG00000175984.nuc.ord	ENSG00000175984.nuc.ord.treefile	14.0	0.21875
TarvD7	ENSG00000175985.nuc.ord	ENSG00000175985.nuc.ord.treefile	32.0	0.5714285714285714
TarvD7	ENSG00000176018.nuc.ord	ENSG00000176018.nuc.ord.treefile	28.0	0.56
TarvD7	ENSG00000176029.nuc.ord	ENSG00000176029.nuc.ord.treefile	16.0	0.26666666666666666
TarvD7	ENSG00000176040.nuc.ord	ENSG00000176040.nuc.ord.treefile	12.0	0.20689655172413793
TarvD7	ENSG00000176046.nuc.ord	ENSG00000176046.nuc.ord.treefile	34.0	0.68
TarvD7	ENSG00000176049.nuc.ord	ENSG00000176049.nuc.ord.treefile	16.0	0.24242424242424243
TarvD7	ENSG00000176055.nuc.ord	ENSG00000176055.nuc.ord.treefile	22.0	0.4230769230769231
TarvD7	ENSG00000176095.nuc.ord	ENSG00000176095.nuc.ord.treefile	30.0	0.46875
TarvD7	ENSG00000176101.nuc.ord	ENSG00000176101.nuc.ord.treefile	26.0	0.6190476190476191
TarvD7	ENSG00000176102.nuc.ord	ENSG00000176102.nuc.ord.treefile	20.0	0.3333333333333333
TarvD7	ENSG00000176105.nuc.ord	ENSG00000176105.nuc.ord.treefile	20.0	0.35714285714285715
TarvD7	ENSG00000176136.nuc.ord	ENSG00000176136.nuc.ord.treefile	16.0	0.5333333333333333
TarvD7	ENSG00000176142.nuc.ord	ENSG00000176142.nuc.ord.treefile	28.0	0.4375
TarvD7	ENSG00000176148.nuc.ord	ENSG00000176148.nuc.ord.treefile	14.0	0.22580645161290322
TarvD7	ENSG00000176153.nuc.ord	ENSG00000176153.nuc.ord.treefile	30.0	0.5769230769230769
TarvD7	ENSG00000176155.nuc.ord	ENSG00000176155.nuc.ord.treefile	4.0	0.07407407407407407
TarvD7	ENSG00000176160.nuc.ord	ENSG00000176160.nuc.ord.treefile	18.0	0.3103448275862069
TarvD7	ENSG00000176170.nuc.ord	ENSG00000176170.nuc.ord.treefile	12.0	0.24
TarvD7	ENSG00000176177.nuc.ord	ENSG00000176177.nuc.ord.treefile	14.0	0.22580645161290322
TarvD7	ENSG00000176194.nuc.ord	ENSG00000176194.nuc.ord.treefile	14.0	0.2413793103448276
TarvD7	ENSG00000176204.nuc.ord	ENSG00000176204.nuc.ord.treefile	18.0	0.34615384615384615
TarvD7	ENSG00000176208.nuc.ord	ENSG00000176208.nuc.ord.treefile	6.0	0.1
TarvD7	ENSG00000176209.nuc.ord	ENSG00000176209.nuc.ord.treefile	38.0	0.6129032258064516
TarvD7	ENSG00000176219.nuc.ord	ENSG00000176219.nuc.ord.treefile	10.0	0.3125
TarvD7	ENSG00000176225.nuc.ord	ENSG00000176225.nuc.ord.treefile	14.0	0.21875
TarvD7	ENSG00000176248.nuc.ord	ENSG00000176248.nuc.ord.treefile	18.0	0.36
TarvD7	ENSG00000176273.nuc.ord	ENSG00000176273.nuc.ord.treefile	16.0	0.26666666666666666
TarvD7	ENSG00000176274.nuc.ord	ENSG00000176274.nuc.ord.treefile	16.0	0.38095238095238093
TarvD7	ENSG00000176302.nuc.ord	ENSG00000176302.nuc.ord.treefile	24.0	0.3870967741935484
TarvD7	ENSG00000176387.nuc.ord	ENSG00000176387.nuc.ord.treefile	16.0	0.2962962962962963
TarvD7	ENSG00000176390.nuc.ord	ENSG00000176390.nuc.ord.treefile	32.0	0.5517241379310345
TarvD7	ENSG00000176393.nuc.ord	ENSG00000176393.nuc.ord.treefile	20.0	0.4
TarvD7	ENSG00000176399.nuc.ord	ENSG00000176399.nuc.ord.treefile	6.0	0.09090909090909091
TarvD7	ENSG00000176406.nuc.ord	ENSG00000176406.nuc.ord.treefile	10.0	0.1724137931034483
TarvD7	ENSG00000176407.nuc.ord	ENSG00000176407.nuc.ord.treefile	36.0	0.6666666666666666
TarvD7	ENSG00000176410.nuc.ord	ENSG00000176410.nuc.ord.treefile	24.0	0.6
TarvD7	ENSG00000176422.nuc.ord	ENSG00000176422.nuc.ord.treefile	16.0	0.2857142857142857
TarvD7	ENSG00000176438.nuc.ord	ENSG00000176438.nuc.ord.treefile	14.0	0.23333333333333334
TarvD7	ENSG00000176444.nuc.ord	ENSG00000176444.nuc.ord.treefile	20.0	0.47619047619047616
TarvD7	ENSG00000176454.nuc.ord	ENSG00000176454.nuc.ord.treefile	14.0	0.2413793103448276
TarvD7	ENSG00000176463.nuc.ord	ENSG00000176463.nuc.ord.treefile	24.0	0.42857142857142855
TarvD7	ENSG00000176472.nuc.ord	ENSG00000176472.nuc.ord.treefile	12.0	0.25
TarvD7	ENSG00000176485.nuc.ord	ENSG00000176485.nuc.ord.treefile	36.0	0.72
TarvD7	ENSG00000176532.nuc.ord	ENSG00000176532.nuc.ord.treefile	20.0	0.5263157894736842
TarvD7	ENSG00000176563.nuc.ord	ENSG00000176563.nuc.ord.treefile	20.0	0.3448275862068966
TarvD7	ENSG00000176571.nuc.ord	ENSG00000176571.nuc.ord.treefile	20.0	0.3448275862068966
TarvD7	ENSG00000176595.nuc.ord	ENSG00000176595.nuc.ord.treefile	18.0	0.47368421052631576
TarvD7	ENSG00000176597.nuc.ord	ENSG00000176597.nuc.ord.treefile	16.0	0.42105263157894735
TarvD7	ENSG00000176623.nuc.ord	ENSG00000176623.nuc.ord.treefile	12.0	0.1935483870967742
TarvD7	ENSG00000176624.nuc.ord	ENSG00000176624.nuc.ord.treefile	18.0	0.36
TarvD7	ENSG00000176635.nuc.ord	ENSG00000176635.nuc.ord.treefile	32.0	0.5333333333333333
TarvD7	ENSG00000176641.nuc.ord	ENSG00000176641.nuc.ord.treefile	32.0	0.6666666666666666
TarvD7	ENSG00000176658.nuc.ord	ENSG00000176658.nuc.ord.treefile	16.0	0.2962962962962963
TarvD7	ENSG00000176692.nuc.ord	ENSG00000176692.nuc.ord.treefile	26.0	0.8666666666666667
TarvD7	ENSG00000176697.nuc.ord	ENSG00000176697.nuc.ord.treefile	40.0	0.7142857142857143
TarvD7	ENSG00000176731.nuc.ord	ENSG00000176731.nuc.ord.treefile	40.0	0.9090909090909091
TarvD7	ENSG00000176732.nuc.ord	ENSG00000176732.nuc.ord.treefile	26.0	0.5
TarvD7	ENSG00000176749.nuc.ord	ENSG00000176749.nuc.ord.treefile	22.0	0.55
TarvD7	ENSG00000176769.nuc.ord	ENSG00000176769.nuc.ord.treefile	20.0	0.37037037037037035
TarvD7	ENSG00000176771.nuc.ord	ENSG00000176771.nuc.ord.treefile	12.0	0.20689655172413793
TarvD7	ENSG00000176783.nuc.ord	ENSG00000176783.nuc.ord.treefile	14.0	0.23333333333333334
TarvD7	ENSG00000176834.nuc.ord	ENSG00000176834.nuc.ord.treefile	16.0	0.26666666666666666
TarvD7	ENSG00000176853.nuc.ord	ENSG00000176853.nuc.ord.treefile	18.0	0.42857142857142855
TarvD7	ENSG00000176871.nuc.ord	ENSG00000176871.nuc.ord.treefile	14.0	0.23333333333333334
TarvD7	ENSG00000176890.nuc.ord	ENSG00000176890.nuc.ord.treefile	14.0	0.25925925925925924
TarvD7	ENSG00000176894.nuc.ord	ENSG00000176894.nuc.ord.treefile	12.0	0.2608695652173913
TarvD7	ENSG00000176907.nuc.ord	ENSG00000176907.nuc.ord.treefile	42.0	0.7241379310344828
TarvD7	ENSG00000176909.nuc.ord	ENSG00000176909.nuc.ord.treefile	16.0	0.2962962962962963
TarvD7	ENSG00000176915.nuc.ord	ENSG00000176915.nuc.ord.treefile	6.0	0.0967741935483871
TarvD7	ENSG00000176919.nuc.ord	ENSG00000176919.nuc.ord.treefile	20.0	0.4
TarvD7	ENSG00000176927.nuc.ord	ENSG00000176927.nuc.ord.treefile	8.0	0.12903225806451613
TarvD7	ENSG00000176946.nuc.ord	ENSG00000176946.nuc.ord.treefile	20.0	0.3448275862068966
TarvD7	ENSG00000176953.nuc.ord	ENSG00000176953.nuc.ord.treefile	12.0	0.2
TarvD7	ENSG00000176971.nuc.ord	ENSG00000176971.nuc.ord.treefile	28.0	0.6666666666666666
TarvD7	ENSG00000176973.nuc.ord	ENSG00000176973.nuc.ord.treefile	14.0	0.3888888888888889
TarvD7	ENSG00000176974.nuc.ord	ENSG00000176974.nuc.ord.treefile	14.0	0.23333333333333334
TarvD7	ENSG00000176978.nuc.ord	ENSG00000176978.nuc.ord.treefile	24.0	0.5454545454545454
TarvD7	ENSG00000176986.nuc.ord	ENSG00000176986.nuc.ord.treefile	10.0	0.1724137931034483
TarvD7	ENSG00000176994.nuc.ord	ENSG00000176994.nuc.ord.treefile	12.0	0.24
TarvD7	ENSG00000177030.nuc.ord	ENSG00000177030.nuc.ord.treefile	26.0	0.5416666666666666
TarvD7	ENSG00000177034.nuc.ord	ENSG00000177034.nuc.ord.treefile	40.0	0.6666666666666666
TarvD7	ENSG00000177045.nuc.ord	ENSG00000177045.nuc.ord.treefile	16.0	0.38095238095238093
TarvD7	ENSG00000177054.nuc.ord	ENSG00000177054.nuc.ord.treefile	18.0	0.2727272727272727
TarvD7	ENSG00000177058.nuc.ord	ENSG00000177058.nuc.ord.treefile	16.0	0.25
TarvD7	ENSG00000177076.nuc.ord	ENSG00000177076.nuc.ord.treefile	30.0	0.4838709677419355
TarvD7	ENSG00000177082.nuc.ord	ENSG00000177082.nuc.ord.treefile	16.0	0.2857142857142857
TarvD7	ENSG00000177084.nuc.ord	ENSG00000177084.nuc.ord.treefile	10.0	0.1724137931034483
TarvD7	ENSG00000177103.nuc.ord	ENSG00000177103.nuc.ord.treefile	24.0	0.5217391304347826
TarvD7	ENSG00000177105.nuc.ord	ENSG00000177105.nuc.ord.treefile	30.0	0.6521739130434783
TarvD7	ENSG00000177108.nuc.ord	ENSG00000177108.nuc.ord.treefile	46.0	0.8518518518518519
TarvD7	ENSG00000177119.nuc.ord	ENSG00000177119.nuc.ord.treefile	14.0	0.23333333333333334
TarvD7	ENSG00000177125.nuc.ord	ENSG00000177125.nuc.ord.treefile	22.0	0.4782608695652174
TarvD7	ENSG00000177150.nuc.ord	ENSG00000177150.nuc.ord.treefile	16.0	0.32
TarvD7	ENSG00000177181.nuc.ord	ENSG00000177181.nuc.ord.treefile	18.0	0.3
TarvD7	ENSG00000177182.nuc.ord	ENSG00000177182.nuc.ord.treefile	26.0	0.40625
TarvD7	ENSG00000177189.nuc.ord	ENSG00000177189.nuc.ord.treefile	16.0	0.26666666666666666
TarvD7	ENSG00000177200.nuc.ord	ENSG00000177200.nuc.ord.treefile	12.0	0.1935483870967742
TarvD7	ENSG00000177238.nuc.ord	ENSG00000177238.nuc.ord.treefile	26.0	0.4482758620689655
TarvD7	ENSG00000177291.nuc.ord	ENSG00000177291.nuc.ord.treefile	22.0	0.3793103448275862
TarvD7	ENSG00000177294.nuc.ord	ENSG00000177294.nuc.ord.treefile	24.0	0.4444444444444444
TarvD7	ENSG00000177301.nuc.ord	ENSG00000177301.nuc.ord.treefile	24.0	0.5714285714285714
TarvD7	ENSG00000177302.nuc.ord	ENSG00000177302.nuc.ord.treefile	16.0	0.26666666666666666
TarvD7	ENSG00000177352.nuc.ord	ENSG00000177352.nuc.ord.treefile	12.0	0.3157894736842105
TarvD7	ENSG00000177363.nuc.ord	ENSG00000177363.nuc.ord.treefile	8.0	0.2857142857142857
TarvD7	ENSG00000177370.nuc.ord	ENSG00000177370.nuc.ord.treefile	34.0	0.6296296296296297
TarvD7	ENSG00000177374.nuc.ord	ENSG00000177374.nuc.ord.treefile	24.0	0.7058823529411765
TarvD7	ENSG00000177414.nuc.ord	ENSG00000177414.nuc.ord.treefile	32.0	0.5333333333333333
TarvD7	ENSG00000177425.nuc.ord	ENSG00000177425.nuc.ord.treefile	22.0	0.4583333333333333
TarvD7	ENSG00000177427.nuc.ord	ENSG00000177427.nuc.ord.treefile	12.0	0.24
TarvD7	ENSG00000177455.nuc.ord	ENSG00000177455.nuc.ord.treefile	10.0	0.18518518518518517
TarvD7	ENSG00000177459.nuc.ord	ENSG00000177459.nuc.ord.treefile	16.0	0.26666666666666666
TarvD7	ENSG00000177461.nuc.ord	ENSG00000177461.nuc.ord.treefile	10.0	0.17857142857142858
TarvD7	ENSG00000177463.nuc.ord	ENSG00000177463.nuc.ord.treefile	18.0	0.3
TarvD7	ENSG00000177468.nuc.ord	ENSG00000177468.nuc.ord.treefile	26.0	0.6842105263157895
TarvD7	ENSG00000177469.nuc.ord	ENSG00000177469.nuc.ord.treefile	28.0	0.56
TarvD7	ENSG00000177479.nuc.ord	ENSG00000177479.nuc.ord.treefile	22.0	0.3333333333333333
TarvD7	ENSG00000177483.nuc.ord	ENSG00000177483.nuc.ord.treefile	14.0	0.25
TarvD7	ENSG00000177485.nuc.ord	ENSG00000177485.nuc.ord.treefile	10.0	0.2
TarvD7	ENSG00000177508.nuc.ord	ENSG00000177508.nuc.ord.treefile	14.0	0.3333333333333333
TarvD7	ENSG00000177511.nuc.ord	ENSG00000177511.nuc.ord.treefile	24.0	0.375
TarvD7	ENSG00000177535.nuc.ord	ENSG00000177535.nuc.ord.treefile	20.0	0.5
TarvD7	ENSG00000177551.nuc.ord	ENSG00000177551.nuc.ord.treefile	32.0	0.8
TarvD7	ENSG00000177556.nuc.ord	ENSG00000177556.nuc.ord.treefile	26.0	0.5416666666666666
TarvD7	ENSG00000177565.nuc.ord	ENSG00000177565.nuc.ord.treefile	34.0	0.5666666666666667
TarvD7	ENSG00000177570.nuc.ord	ENSG00000177570.nuc.ord.treefile	22.0	0.3548387096774194
TarvD7	ENSG00000177600.nuc.ord	ENSG00000177600.nuc.ord.treefile	32.0	0.8421052631578947
TarvD7	ENSG00000177614.nuc.ord	ENSG00000177614.nuc.ord.treefile	18.0	0.3103448275862069
TarvD7	ENSG00000177646.nuc.ord	ENSG00000177646.nuc.ord.treefile	10.0	0.18518518518518517
TarvD7	ENSG00000177692.nuc.ord	ENSG00000177692.nuc.ord.treefile	22.0	0.5789473684210527
TarvD7	ENSG00000177694.nuc.ord	ENSG00000177694.nuc.ord.treefile	18.0	0.3103448275862069
TarvD7	ENSG00000177697.nuc.ord	ENSG00000177697.nuc.ord.treefile	24.0	0.48
TarvD7	ENSG00000177707.nuc.ord	ENSG00000177707.nuc.ord.treefile	28.0	0.45161290322580644
TarvD7	ENSG00000177728.nuc.ord	ENSG00000177728.nuc.ord.treefile	16.0	0.2857142857142857
TarvD7	ENSG00000177752.nuc.ord	ENSG00000177752.nuc.ord.treefile	42.0	0.7241379310344828
TarvD7	ENSG00000177791.nuc.ord	ENSG00000177791.nuc.ord.treefile	22.0	0.34375
TarvD7	ENSG00000177853.nuc.ord	ENSG00000177853.nuc.ord.treefile	4.0	0.1111111111111111
TarvD7	ENSG00000177868.nuc.ord	ENSG00000177868.nuc.ord.treefile	32.0	0.6956521739130435
TarvD7	ENSG00000177875.nuc.ord	ENSG00000177875.nuc.ord.treefile	20.0	0.45454545454545453
TarvD7	ENSG00000177879.nuc.ord	ENSG00000177879.nuc.ord.treefile	40.0	0.6666666666666666
TarvD7	ENSG00000177885.nuc.ord	ENSG00000177885.nuc.ord.treefile	32.0	0.5
TarvD7	ENSG00000177888.nuc.ord	ENSG00000177888.nuc.ord.treefile	14.0	0.23333333333333334
TarvD7	ENSG00000177947.nuc.ord	ENSG00000177947.nuc.ord.treefile	32.0	0.5925925925925926
TarvD7	ENSG00000177963.nuc.ord	ENSG00000177963.nuc.ord.treefile	18.0	0.375
TarvD7	ENSG00000177971.nuc.ord	ENSG00000177971.nuc.ord.treefile	20.0	0.43478260869565216
TarvD7	ENSG00000177981.nuc.ord	ENSG00000177981.nuc.ord.treefile	38.0	0.6785714285714286
TarvD7	ENSG00000177994.nuc.ord	ENSG00000177994.nuc.ord.treefile	20.0	0.37037037037037035
TarvD7	ENSG00000178028.nuc.ord	ENSG00000178028.nuc.ord.treefile	20.0	0.35714285714285715
TarvD7	ENSG00000178033.nuc.ord	ENSG00000178033.nuc.ord.treefile	20.0	0.3448275862068966
TarvD7	ENSG00000178035.nuc.ord	ENSG00000178035.nuc.ord.treefile	24.0	0.4
TarvD7	ENSG00000178053.nuc.ord	ENSG00000178053.nuc.ord.treefile	18.0	0.3103448275862069
TarvD7	ENSG00000178055.nuc.ord	ENSG00000178055.nuc.ord.treefile	10.0	0.2777777777777778
TarvD7	ENSG00000178057.nuc.ord	ENSG00000178057.nuc.ord.treefile	24.0	0.42857142857142855
TarvD7	ENSG00000178074.nuc.ord	ENSG00000178074.nuc.ord.treefile	22.0	0.34375
TarvD7	ENSG00000178075.nuc.ord	ENSG00000178075.nuc.ord.treefile	10.0	0.15625
TarvD7	ENSG00000178105.nuc.ord	ENSG00000178105.nuc.ord.treefile	18.0	0.28125
TarvD7	ENSG00000178125.nuc.ord	ENSG00000178125.nuc.ord.treefile	18.0	0.32142857142857145
TarvD7	ENSG00000178149.nuc.ord	ENSG00000178149.nuc.ord.treefile	24.0	0.42857142857142855
TarvD7	ENSG00000178163.nuc.ord	ENSG00000178163.nuc.ord.treefile	16.0	0.36363636363636365
TarvD7	ENSG00000178171.nuc.ord	ENSG00000178171.nuc.ord.treefile	6.0	0.13043478260869565
TarvD7	ENSG00000178172.nuc.ord	ENSG00000178172.nuc.ord.treefile	42.0	0.7
TarvD7	ENSG00000178175.nuc.ord	ENSG00000178175.nuc.ord.treefile	26.0	0.41935483870967744
TarvD7	ENSG00000178177.nuc.ord	ENSG00000178177.nuc.ord.treefile	24.0	0.41379310344827586
TarvD7	ENSG00000178188.nuc.ord	ENSG00000178188.nuc.ord.treefile	10.0	0.20833333333333334
TarvD7	ENSG00000178202.nuc.ord	ENSG00000178202.nuc.ord.treefile	20.0	0.3225806451612903
TarvD7	ENSG00000178217.nuc.ord	ENSG00000178217.nuc.ord.treefile	28.0	0.42424242424242425
TarvD7	ENSG00000178226.nuc.ord	ENSG00000178226.nuc.ord.treefile	24.0	0.42857142857142855
TarvD7	ENSG00000178233.nuc.ord	ENSG00000178233.nuc.ord.treefile	28.0	0.5384615384615384
TarvD7	ENSG00000178235.nuc.ord	ENSG00000178235.nuc.ord.treefile	20.0	0.43478260869565216
TarvD7	ENSG00000178252.nuc.ord	ENSG00000178252.nuc.ord.treefile	10.0	0.1724137931034483
TarvD7	ENSG00000178295.nuc.ord	ENSG00000178295.nuc.ord.treefile	10.0	0.1724137931034483
TarvD7	ENSG00000178301.nuc.ord	ENSG00000178301.nuc.ord.treefile	10.0	0.19230769230769232
TarvD7	ENSG00000178307.nuc.ord	ENSG00000178307.nuc.ord.treefile	26.0	0.5652173913043478
TarvD7	ENSG00000178343.nuc.ord	ENSG00000178343.nuc.ord.treefile	28.0	0.56
TarvD7	ENSG00000178363.nuc.ord	ENSG00000178363.nuc.ord.treefile	18.0	0.45
TarvD7	ENSG00000178381.nuc.ord	ENSG00000178381.nuc.ord.treefile	26.0	0.5
TarvD7	ENSG00000178385.nuc.ord	ENSG00000178385.nuc.ord.treefile	20.0	0.35714285714285715
TarvD7	ENSG00000178401.nuc.ord	ENSG00000178401.nuc.ord.treefile	14.0	0.28
TarvD7	ENSG00000178404.nuc.ord	ENSG00000178404.nuc.ord.treefile	14.0	0.4375
TarvD7	ENSG00000178409.nuc.ord	ENSG00000178409.nuc.ord.treefile	18.0	0.32142857142857145
TarvD7	ENSG00000178445.nuc.ord	ENSG00000178445.nuc.ord.treefile	18.0	0.28125
TarvD7	ENSG00000178460.nuc.ord	ENSG00000178460.nuc.ord.treefile	12.0	0.1935483870967742
TarvD7	ENSG00000178467.nuc.ord	ENSG00000178467.nuc.ord.treefile	18.0	0.28125
TarvD7	ENSG00000178473.nuc.ord	ENSG00000178473.nuc.ord.treefile	20.0	0.45454545454545453
TarvD7	ENSG00000178502.nuc.ord	ENSG00000178502.nuc.ord.treefile	22.0	0.4074074074074074
TarvD7	ENSG00000178522.nuc.ord	ENSG00000178522.nuc.ord.treefile	10.0	0.15625
TarvD7	ENSG00000178537.nuc.ord	ENSG00000178537.nuc.ord.treefile	26.0	0.43333333333333335
TarvD7	ENSG00000178538.nuc.ord	ENSG00000178538.nuc.ord.treefile	26.0	0.41935483870967744
TarvD7	ENSG00000178562.nuc.ord	ENSG00000178562.nuc.ord.treefile	24.0	0.375
TarvD7	ENSG00000178568.nuc.ord	ENSG00000178568.nuc.ord.treefile	16.0	0.25
TarvD7	ENSG00000178585.nuc.ord	ENSG00000178585.nuc.ord.treefile	18.0	0.47368421052631576
TarvD7	ENSG00000178605.nuc.ord	ENSG00000178605.nuc.ord.treefile	18.0	0.6
TarvD7	ENSG00000178607.nuc.ord	ENSG00000178607.nuc.ord.treefile	10.0	0.16129032258064516
TarvD7	ENSG00000178662.nuc.ord	ENSG00000178662.nuc.ord.treefile	12.0	0.2
TarvD7	ENSG00000178694.nuc.ord	ENSG00000178694.nuc.ord.treefile	22.0	0.3548387096774194
TarvD7	ENSG00000178718.nuc.ord	ENSG00000178718.nuc.ord.treefile	22.0	0.5238095238095238
TarvD7	ENSG00000178719.nuc.ord	ENSG00000178719.nuc.ord.treefile	24.0	0.5
TarvD7	ENSG00000178741.nuc.ord	ENSG00000178741.nuc.ord.treefile	32.0	0.6153846153846154
TarvD7	ENSG00000178750.nuc.ord	ENSG00000178750.nuc.ord.treefile	14.0	0.35
TarvD7	ENSG00000178761.nuc.ord	ENSG00000178761.nuc.ord.treefile	34.0	0.6538461538461539
TarvD7	ENSG00000178776.nuc.ord	ENSG00000178776.nuc.ord.treefile	38.0	0.7307692307692307
TarvD7	ENSG00000178795.nuc.ord	ENSG00000178795.nuc.ord.treefile	18.0	0.3103448275862069
TarvD7	ENSG00000178802.nuc.ord	ENSG00000178802.nuc.ord.treefile	16.0	0.3333333333333333
TarvD7	ENSG00000178826.nuc.ord	ENSG00000178826.nuc.ord.treefile	14.0	0.25925925925925924
TarvD7	ENSG00000178828.nuc.ord	ENSG00000178828.nuc.ord.treefile	14.0	0.3684210526315789
TarvD7	ENSG00000178852.nuc.ord	ENSG00000178852.nuc.ord.treefile	22.0	0.4230769230769231
TarvD7	ENSG00000178860.nuc.ord	ENSG00000178860.nuc.ord.treefile	22.0	0.4583333333333333
TarvD7	ENSG00000178882.nuc.ord	ENSG00000178882.nuc.ord.treefile	26.0	0.5652173913043478
TarvD7	ENSG00000178896.nuc.ord	ENSG00000178896.nuc.ord.treefile	26.0	0.5416666666666666
TarvD7	ENSG00000178904.nuc.ord	ENSG00000178904.nuc.ord.treefile	14.0	0.21875
TarvD7	ENSG00000178913.nuc.ord	ENSG00000178913.nuc.ord.treefile	18.0	0.45
TarvD7	ENSG00000178919.nuc.ord	ENSG00000178919.nuc.ord.treefile	16.0	0.5
TarvD7	ENSG00000178921.nuc.ord	ENSG00000178921.nuc.ord.treefile	2.0	0.03333333333333333
TarvD7	ENSG00000178922.nuc.ord	ENSG00000178922.nuc.ord.treefile	28.0	0.5
TarvD7	ENSG00000178950.nuc.ord	ENSG00000178950.nuc.ord.treefile	12.0	0.2222222222222222
TarvD7	ENSG00000178965.nuc.ord	ENSG00000178965.nuc.ord.treefile	8.0	0.12903225806451613
TarvD7	ENSG00000178996.nuc.ord	ENSG00000178996.nuc.ord.treefile	22.0	0.6875
TarvD7	ENSG00000178997.nuc.ord	ENSG00000178997.nuc.ord.treefile	14.0	0.23333333333333334
TarvD7	ENSG00000179008.nuc.ord	ENSG00000179008.nuc.ord.treefile	10.0	0.15625
TarvD7	ENSG00000179021.nuc.ord	ENSG00000179021.nuc.ord.treefile	16.0	0.2857142857142857
TarvD7	ENSG00000179023.nuc.ord	ENSG00000179023.nuc.ord.treefile	4.0	0.11764705882352941
TarvD7	ENSG00000179029.nuc.ord	ENSG00000179029.nuc.ord.treefile	32.0	0.6666666666666666
TarvD7	ENSG00000179041.nuc.ord	ENSG00000179041.nuc.ord.treefile	14.0	0.3181818181818182
TarvD7	ENSG00000179044.nuc.ord	ENSG00000179044.nuc.ord.treefile	6.0	0.10714285714285714
TarvD7	ENSG00000179051.nuc.ord	ENSG00000179051.nuc.ord.treefile	32.0	0.5714285714285714
TarvD7	ENSG00000179055.nuc.ord	ENSG00000179055.nuc.ord.treefile	12.0	0.375
TarvD7	ENSG00000179091.nuc.ord	ENSG00000179091.nuc.ord.treefile	20.0	0.45454545454545453
TarvD7	ENSG00000179094.nuc.ord	ENSG00000179094.nuc.ord.treefile	4.0	0.07142857142857142
TarvD7	ENSG00000179097.nuc.ord	ENSG00000179097.nuc.ord.treefile	14.0	0.3684210526315789
TarvD7	ENSG00000179104.nuc.ord	ENSG00000179104.nuc.ord.treefile	22.0	0.3548387096774194
TarvD7	ENSG00000179111.nuc.ord	ENSG00000179111.nuc.ord.treefile	18.0	0.391304347826087
TarvD7	ENSG00000179119.nuc.ord	ENSG00000179119.nuc.ord.treefile	14.0	0.2413793103448276
TarvD7	ENSG00000179133.nuc.ord	ENSG00000179133.nuc.ord.treefile	26.0	0.43333333333333335
TarvD7	ENSG00000179148.nuc.ord	ENSG00000179148.nuc.ord.treefile	14.0	0.22580645161290322
TarvD7	ENSG00000179151.nuc.ord	ENSG00000179151.nuc.ord.treefile	40.0	0.6451612903225806
TarvD7	ENSG00000179152.nuc.ord	ENSG00000179152.nuc.ord.treefile	24.0	0.3870967741935484
TarvD7	ENSG00000179163.nuc.ord	ENSG00000179163.nuc.ord.treefile	26.0	0.41935483870967744
TarvD7	ENSG00000179168.nuc.ord	ENSG00000179168.nuc.ord.treefile	8.0	0.2222222222222222
TarvD7	ENSG00000179218.nuc.ord	ENSG00000179218.nuc.ord.treefile	14.0	0.25925925925925924
TarvD7	ENSG00000179241.nuc.ord	ENSG00000179241.nuc.ord.treefile	28.0	0.5384615384615384
TarvD7	ENSG00000179256.nuc.ord	ENSG00000179256.nuc.ord.treefile	10.0	0.29411764705882354
TarvD7	ENSG00000179270.nuc.ord	ENSG00000179270.nuc.ord.treefile	12.0	0.2
TarvD7	ENSG00000179295.nuc.ord	ENSG00000179295.nuc.ord.treefile	28.0	0.7
TarvD7	ENSG00000179299.nuc.ord	ENSG00000179299.nuc.ord.treefile	22.0	0.36666666666666664
TarvD7	ENSG00000179314.nuc.ord	ENSG00000179314.nuc.ord.treefile	18.0	0.28125
TarvD7	ENSG00000179331.nuc.ord	ENSG00000179331.nuc.ord.treefile	42.0	0.7777777777777778
TarvD7	ENSG00000179335.nuc.ord	ENSG00000179335.nuc.ord.treefile	24.0	0.3870967741935484
TarvD7	ENSG00000179348.nuc.ord	ENSG00000179348.nuc.ord.treefile	20.0	0.43478260869565216
TarvD7	ENSG00000179361.nuc.ord	ENSG00000179361.nuc.ord.treefile	12.0	0.1935483870967742
TarvD7	ENSG00000179387.nuc.ord	ENSG00000179387.nuc.ord.treefile	18.0	0.28125
TarvD7	ENSG00000179388.nuc.ord	ENSG00000179388.nuc.ord.treefile	24.0	0.42857142857142855
TarvD7	ENSG00000179397.nuc.ord	ENSG00000179397.nuc.ord.treefile	16.0	0.26666666666666666
TarvD7	ENSG00000179399.nuc.ord	ENSG00000179399.nuc.ord.treefile	12.0	0.21428571428571427
TarvD7	ENSG00000179409.nuc.ord	ENSG00000179409.nuc.ord.treefile	8.0	0.18181818181818182
TarvD7	ENSG00000179454.nuc.ord	ENSG00000179454.nuc.ord.treefile	22.0	0.3548387096774194
TarvD7	ENSG00000179455.nuc.ord	ENSG00000179455.nuc.ord.treefile	10.0	0.2631578947368421
TarvD7	ENSG00000179476.nuc.ord	ENSG00000179476.nuc.ord.treefile	28.0	0.5
TarvD7	ENSG00000179520.nuc.ord	ENSG00000179520.nuc.ord.treefile	22.0	0.3333333333333333
TarvD7	ENSG00000179528.nuc.ord	ENSG00000179528.nuc.ord.treefile	10.0	0.22727272727272727
TarvD7	ENSG00000179532.nuc.ord	ENSG00000179532.nuc.ord.treefile	16.0	0.32
TarvD7	ENSG00000179546.nuc.ord	ENSG00000179546.nuc.ord.treefile	16.0	0.34782608695652173
TarvD7	ENSG00000179562.nuc.ord	ENSG00000179562.nuc.ord.treefile	18.0	0.3
TarvD7	ENSG00000179598.nuc.ord	ENSG00000179598.nuc.ord.treefile	12.0	0.35294117647058826
TarvD7	ENSG00000179600.nuc.ord	ENSG00000179600.nuc.ord.treefile	36.0	0.6206896551724138
TarvD7	ENSG00000179603.nuc.ord	ENSG00000179603.nuc.ord.treefile	14.0	0.23333333333333334
TarvD7	ENSG00000179630.nuc.ord	ENSG00000179630.nuc.ord.treefile	10.0	0.15625
TarvD7	ENSG00000179636.nuc.ord	ENSG00000179636.nuc.ord.treefile	26.0	0.48148148148148145
TarvD7	ENSG00000179639.nuc.ord	ENSG00000179639.nuc.ord.treefile	12.0	0.2857142857142857
TarvD7	ENSG00000179674.nuc.ord	ENSG00000179674.nuc.ord.treefile	24.0	0.48
TarvD7	ENSG00000179761.nuc.ord	ENSG00000179761.nuc.ord.treefile	10.0	0.15625
TarvD7	ENSG00000179774.nuc.ord	ENSG00000179774.nuc.ord.treefile	6.0	0.15
TarvD7	ENSG00000179796.nuc.ord	ENSG00000179796.nuc.ord.treefile	28.0	0.5
TarvD7	ENSG00000179833.nuc.ord	ENSG00000179833.nuc.ord.treefile	24.0	0.4444444444444444
TarvD7	ENSG00000179846.nuc.ord	ENSG00000179846.nuc.ord.treefile	10.0	0.23809523809523808
TarvD7	ENSG00000179869.nuc.ord	ENSG00000179869.nuc.ord.treefile	20.0	0.3225806451612903
TarvD7	ENSG00000179902.nuc.ord	ENSG00000179902.nuc.ord.treefile	24.0	0.46153846153846156
TarvD7	ENSG00000179912.nuc.ord	ENSG00000179912.nuc.ord.treefile	16.0	0.26666666666666666
TarvD7	ENSG00000179915.nuc.ord	ENSG00000179915.nuc.ord.treefile	24.0	0.6
TarvD7	ENSG00000179933.nuc.ord	ENSG00000179933.nuc.ord.treefile	26.0	0.5652173913043478
TarvD7	ENSG00000179941.nuc.ord	ENSG00000179941.nuc.ord.treefile	6.0	0.125
TarvD7	ENSG00000179950.nuc.ord	ENSG00000179950.nuc.ord.treefile	10.0	0.21739130434782608
TarvD7	ENSG00000179965.nuc.ord	ENSG00000179965.nuc.ord.treefile	26.0	0.5909090909090909
TarvD7	ENSG00000180008.nuc.ord	ENSG00000180008.nuc.ord.treefile	26.0	0.5416666666666666
TarvD7	ENSG00000180043.nuc.ord	ENSG00000180043.nuc.ord.treefile	20.0	0.5263157894736842
TarvD7	ENSG00000180096.nuc.ord	ENSG00000180096.nuc.ord.treefile	28.0	0.5
TarvD7	ENSG00000180098.nuc.ord	ENSG00000180098.nuc.ord.treefile	42.0	0.7
TarvD7	ENSG00000180104.nuc.ord	ENSG00000180104.nuc.ord.treefile	20.0	0.3448275862068966
TarvD7	ENSG00000180113.nuc.ord	ENSG00000180113.nuc.ord.treefile	6.0	0.1
TarvD7	ENSG00000180116.nuc.ord	ENSG00000180116.nuc.ord.treefile	14.0	0.23333333333333334
TarvD7	ENSG00000180182.nuc.ord	ENSG00000180182.nuc.ord.treefile	18.0	0.3
TarvD7	ENSG00000180190.nuc.ord	ENSG00000180190.nuc.ord.treefile	22.0	0.4230769230769231
TarvD7	ENSG00000180198.nuc.ord	ENSG00000180198.nuc.ord.treefile	18.0	0.3
TarvD7	ENSG00000180209.nuc.ord	ENSG00000180209.nuc.ord.treefile	30.0	0.5555555555555556
TarvD7	ENSG00000180210.nuc.ord	ENSG00000180210.nuc.ord.treefile	22.0	0.39285714285714285
TarvD7	ENSG00000180228.nuc.ord	ENSG00000180228.nuc.ord.treefile	24.0	0.41379310344827586
TarvD7	ENSG00000180233.nuc.ord	ENSG00000180233.nuc.ord.treefile	28.0	0.875
TarvD7	ENSG00000180245.nuc.ord	ENSG00000180245.nuc.ord.treefile	20.0	0.3225806451612903
TarvD7	ENSG00000180251.nuc.ord	ENSG00000180251.nuc.ord.treefile	12.0	0.1875
TarvD7	ENSG00000180263.nuc.ord	ENSG00000180263.nuc.ord.treefile	12.0	0.25
TarvD7	ENSG00000180269.nuc.ord	ENSG00000180269.nuc.ord.treefile	32.0	0.5714285714285714
TarvD7	ENSG00000180304.nuc.ord	ENSG00000180304.nuc.ord.treefile	44.0	0.7333333333333333
TarvD7	ENSG00000180318.nuc.ord	ENSG00000180318.nuc.ord.treefile	34.0	0.5151515151515151
TarvD7	ENSG00000180329.nuc.ord	ENSG00000180329.nuc.ord.treefile	28.0	0.5
TarvD7	ENSG00000180332.nuc.ord	ENSG00000180332.nuc.ord.treefile	26.0	0.52
TarvD7	ENSG00000180336.nuc.ord	ENSG00000180336.nuc.ord.treefile	26.0	0.4482758620689655
TarvD7	ENSG00000180347.nuc.ord	ENSG00000180347.nuc.ord.treefile	6.0	0.09375
TarvD7	ENSG00000180353.nuc.ord	ENSG00000180353.nuc.ord.treefile	22.0	0.34375
TarvD7	ENSG00000180357.nuc.ord	ENSG00000180357.nuc.ord.treefile	34.0	0.53125
TarvD7	ENSG00000180370.nuc.ord	ENSG00000180370.nuc.ord.treefile	16.0	0.27586206896551724
TarvD7	ENSG00000180376.nuc.ord	ENSG00000180376.nuc.ord.treefile	10.0	0.16129032258064516
TarvD7	ENSG00000180408.nuc.ord	ENSG00000180408.nuc.ord.treefile	36.0	0.6428571428571429
TarvD7	ENSG00000180440.nuc.ord	ENSG00000180440.nuc.ord.treefile	24.0	0.48
TarvD7	ENSG00000180481.nuc.ord	ENSG00000180481.nuc.ord.treefile	12.0	0.24
TarvD7	ENSG00000180488.nuc.ord	ENSG00000180488.nuc.ord.treefile	28.0	0.42424242424242425
TarvD7	ENSG00000180509.nuc.ord	ENSG00000180509.nuc.ord.treefile	14.0	0.2916666666666667
TarvD7	ENSG00000180537.nuc.ord	ENSG00000180537.nuc.ord.treefile	24.0	0.5
TarvD7	ENSG00000180611.nuc.ord	ENSG00000180611.nuc.ord.treefile	36.0	0.6
TarvD7	ENSG00000180644.nuc.ord	ENSG00000180644.nuc.ord.treefile	10.0	0.18518518518518517
TarvD7	ENSG00000180667.nuc.ord	ENSG00000180667.nuc.ord.treefile	22.0	0.36666666666666664
TarvD7	ENSG00000180694.nuc.ord	ENSG00000180694.nuc.ord.treefile	22.0	0.5789473684210527
TarvD7	ENSG00000180730.nuc.ord	ENSG00000180730.nuc.ord.treefile	22.0	0.4230769230769231
TarvD7	ENSG00000180745.nuc.ord	ENSG00000180745.nuc.ord.treefile	18.0	0.34615384615384615
TarvD7	ENSG00000180767.nuc.ord	ENSG00000180767.nuc.ord.treefile	16.0	0.42105263157894735
TarvD7	ENSG00000180773.nuc.ord	ENSG00000180773.nuc.ord.treefile	14.0	0.22580645161290322
TarvD7	ENSG00000180776.nuc.ord	ENSG00000180776.nuc.ord.treefile	38.0	0.59375
TarvD7	ENSG00000180785.nuc.ord	ENSG00000180785.nuc.ord.treefile	18.0	0.34615384615384615
TarvD7	ENSG00000180801.nuc.ord	ENSG00000180801.nuc.ord.treefile	26.0	0.6190476190476191
TarvD7	ENSG00000180806.nuc.ord	ENSG00000180806.nuc.ord.treefile	32.0	0.7272727272727273
TarvD7	ENSG00000180815.nuc.ord	ENSG00000180815.nuc.ord.treefile	16.0	0.25806451612903225
TarvD7	ENSG00000180817.nuc.ord	ENSG00000180817.nuc.ord.treefile	32.0	0.5333333333333333
TarvD7	ENSG00000180818.nuc.ord	ENSG00000180818.nuc.ord.treefile	22.0	0.5
TarvD7	ENSG00000180822.nuc.ord	ENSG00000180822.nuc.ord.treefile	26.0	0.5652173913043478
TarvD7	ENSG00000180878.nuc.ord	ENSG00000180878.nuc.ord.treefile	20.0	0.35714285714285715
TarvD7	ENSG00000180879.nuc.ord	ENSG00000180879.nuc.ord.treefile	26.0	0.52
TarvD7	ENSG00000180881.nuc.ord	ENSG00000180881.nuc.ord.treefile	8.0	0.12903225806451613
TarvD7	ENSG00000180901.nuc.ord	ENSG00000180901.nuc.ord.treefile	24.0	0.48
TarvD7	ENSG00000180914.nuc.ord	ENSG00000180914.nuc.ord.treefile	22.0	0.4583333333333333
TarvD7	ENSG00000180917.nuc.ord	ENSG00000180917.nuc.ord.treefile	14.0	0.4117647058823529
TarvD7	ENSG00000180957.nuc.ord	ENSG00000180957.nuc.ord.treefile	44.0	0.7096774193548387
TarvD7	ENSG00000180974.nuc.ord	ENSG00000180974.nuc.ord.treefile	6.0	0.21428571428571427
TarvD7	ENSG00000180979.nuc.ord	ENSG00000180979.nuc.ord.treefile	16.0	0.3076923076923077
TarvD7	ENSG00000180992.nuc.ord	ENSG00000180992.nuc.ord.treefile	36.0	0.6923076923076923
TarvD7	ENSG00000180998.nuc.ord	ENSG00000180998.nuc.ord.treefile	14.0	0.3333333333333333
TarvD7	ENSG00000181001.nuc.ord	ENSG00000181001.nuc.ord.treefile	14.0	0.3888888888888889
TarvD7	ENSG00000181004.nuc.ord	ENSG00000181004.nuc.ord.treefile	6.0	0.16666666666666666
TarvD7	ENSG00000181013.nuc.ord	ENSG00000181013.nuc.ord.treefile	10.0	0.2
TarvD7	ENSG00000181016.nuc.ord	ENSG00000181016.nuc.ord.treefile	28.0	0.4666666666666667
TarvD7	ENSG00000181019.nuc.ord	ENSG00000181019.nuc.ord.treefile	26.0	0.40625
TarvD7	ENSG00000181026.nuc.ord	ENSG00000181026.nuc.ord.treefile	30.0	0.625
TarvD7	ENSG00000181031.nuc.ord	ENSG00000181031.nuc.ord.treefile	28.0	0.6086956521739131
TarvD7	ENSG00000181038.nuc.ord	ENSG00000181038.nuc.ord.treefile	28.0	0.4666666666666667
TarvD7	ENSG00000181045.nuc.ord	ENSG00000181045.nuc.ord.treefile	24.0	0.42857142857142855
TarvD7	ENSG00000181072.nuc.ord	ENSG00000181072.nuc.ord.treefile	6.0	0.14285714285714285
TarvD7	ENSG00000181090.nuc.ord	ENSG00000181090.nuc.ord.treefile	8.0	0.13793103448275862
TarvD7	ENSG00000181092.nuc.ord	ENSG00000181092.nuc.ord.treefile	18.0	0.34615384615384615
TarvD7	ENSG00000181104.nuc.ord	ENSG00000181104.nuc.ord.treefile	14.0	0.28
TarvD7	ENSG00000181192.nuc.ord	ENSG00000181192.nuc.ord.treefile	18.0	0.28125
TarvD7	ENSG00000181195.nuc.ord	ENSG00000181195.nuc.ord.treefile	12.0	0.1875
TarvD7	ENSG00000181222.nuc.ord	ENSG00000181222.nuc.ord.treefile	28.0	0.4827586206896552
TarvD7	ENSG00000181240.nuc.ord	ENSG00000181240.nuc.ord.treefile	12.0	0.35294117647058826
TarvD7	ENSG00000181264.nuc.ord	ENSG00000181264.nuc.ord.treefile	16.0	0.26666666666666666
TarvD7	ENSG00000181284.nuc.ord	ENSG00000181284.nuc.ord.treefile	12.0	0.24
TarvD7	ENSG00000181291.nuc.ord	ENSG00000181291.nuc.ord.treefile	24.0	0.41379310344827586
TarvD7	ENSG00000181323.nuc.ord	ENSG00000181323.nuc.ord.treefile	12.0	0.2608695652173913
TarvD7	ENSG00000181333.nuc.ord	ENSG00000181333.nuc.ord.treefile	20.0	0.3225806451612903
TarvD7	ENSG00000181378.nuc.ord	ENSG00000181378.nuc.ord.treefile	4.0	0.06666666666666667
TarvD7	ENSG00000181392.nuc.ord	ENSG00000181392.nuc.ord.treefile	18.0	0.34615384615384615
TarvD7	ENSG00000181396.nuc.ord	ENSG00000181396.nuc.ord.treefile	22.0	0.4583333333333333
TarvD7	ENSG00000181408.nuc.ord	ENSG00000181408.nuc.ord.treefile	16.0	0.5
TarvD7	ENSG00000181437.nuc.ord	ENSG00000181437.nuc.ord.treefile	14.0	0.7
TarvD7	ENSG00000181449.nuc.ord	ENSG00000181449.nuc.ord.treefile	24.0	0.631578947368421
TarvD7	ENSG00000181458.nuc.ord	ENSG00000181458.nuc.ord.treefile	12.0	0.2222222222222222
TarvD7	ENSG00000181472.nuc.ord	ENSG00000181472.nuc.ord.treefile	36.0	0.6206896551724138
TarvD7	ENSG00000181481.nuc.ord	ENSG00000181481.nuc.ord.treefile	24.0	0.46153846153846156
TarvD7	ENSG00000181513.nuc.ord	ENSG00000181513.nuc.ord.treefile	36.0	0.6428571428571429
TarvD7	ENSG00000181544.nuc.ord	ENSG00000181544.nuc.ord.treefile	10.0	0.16129032258064516
TarvD7	ENSG00000181555.nuc.ord	ENSG00000181555.nuc.ord.treefile	20.0	0.3225806451612903
TarvD7	ENSG00000181585.nuc.ord	ENSG00000181585.nuc.ord.treefile	32.0	0.5714285714285714
TarvD7	ENSG00000181610.nuc.ord	ENSG00000181610.nuc.ord.treefile	24.0	0.41379310344827586
TarvD7	ENSG00000181616.nuc.ord	ENSG00000181616.nuc.ord.treefile	18.0	0.5294117647058824
TarvD7	ENSG00000181634.nuc.ord	ENSG00000181634.nuc.ord.treefile	14.0	0.23333333333333334
TarvD7	ENSG00000181652.nuc.ord	ENSG00000181652.nuc.ord.treefile	14.0	0.28
TarvD7	ENSG00000181656.nuc.ord	ENSG00000181656.nuc.ord.treefile	10.0	0.45454545454545453
TarvD7	ENSG00000181690.nuc.ord	ENSG00000181690.nuc.ord.treefile	24.0	0.41379310344827586
TarvD7	ENSG00000181704.nuc.ord	ENSG00000181704.nuc.ord.treefile	30.0	0.5
TarvD7	ENSG00000181722.nuc.ord	ENSG00000181722.nuc.ord.treefile	20.0	0.3448275862068966
TarvD7	ENSG00000181744.nuc.ord	ENSG00000181744.nuc.ord.treefile	30.0	0.5769230769230769
TarvD7	ENSG00000181751.nuc.ord	ENSG00000181751.nuc.ord.treefile	38.0	0.7307692307692307
TarvD7	ENSG00000181754.nuc.ord	ENSG00000181754.nuc.ord.treefile	4.0	0.11764705882352941
TarvD7	ENSG00000181778.nuc.ord	ENSG00000181778.nuc.ord.treefile	26.0	0.41935483870967744
TarvD7	ENSG00000181784.nuc.ord	ENSG00000181784.nuc.ord.treefile	24.0	0.6
TarvD7	ENSG00000181785.nuc.ord	ENSG00000181785.nuc.ord.treefile	10.0	0.35714285714285715
TarvD7	ENSG00000181788.nuc.ord	ENSG00000181788.nuc.ord.treefile	28.0	0.56
TarvD7	ENSG00000181789.nuc.ord	ENSG00000181789.nuc.ord.treefile	34.0	0.5862068965517241
TarvD7	ENSG00000181803.nuc.ord	ENSG00000181803.nuc.ord.treefile	18.0	0.42857142857142855
TarvD7	ENSG00000181804.nuc.ord	ENSG00000181804.nuc.ord.treefile	28.0	0.4375
TarvD7	ENSG00000181817.nuc.ord	ENSG00000181817.nuc.ord.treefile	22.0	0.4074074074074074
TarvD7	ENSG00000181826.nuc.ord	ENSG00000181826.nuc.ord.treefile	22.0	0.3548387096774194
TarvD7	ENSG00000181827.nuc.ord	ENSG00000181827.nuc.ord.treefile	26.0	0.40625
TarvD7	ENSG00000181830.nuc.ord	ENSG00000181830.nuc.ord.treefile	20.0	0.37037037037037035
TarvD7	ENSG00000181852.nuc.ord	ENSG00000181852.nuc.ord.treefile	38.0	0.6129032258064516
TarvD7	ENSG00000181856.nuc.ord	ENSG00000181856.nuc.ord.treefile	22.0	0.39285714285714285
TarvD7	ENSG00000181873.nuc.ord	ENSG00000181873.nuc.ord.treefile	10.0	0.2
TarvD7	ENSG00000181904.nuc.ord	ENSG00000181904.nuc.ord.treefile	36.0	0.72
TarvD7	ENSG00000181924.nuc.ord	ENSG00000181924.nuc.ord.treefile	24.0	0.46153846153846156
TarvD7	ENSG00000181929.nuc.ord	ENSG00000181929.nuc.ord.treefile	34.0	0.5862068965517241
TarvD7	ENSG00000181938.nuc.ord	ENSG00000181938.nuc.ord.treefile	24.0	0.36363636363636365
TarvD7	ENSG00000181982.nuc.ord	ENSG00000181982.nuc.ord.treefile	32.0	0.5
TarvD7	ENSG00000181991.nuc.ord	ENSG00000181991.nuc.ord.treefile	20.0	0.43478260869565216
TarvD7	ENSG00000182010.nuc.ord	ENSG00000182010.nuc.ord.treefile	14.0	0.21875
TarvD7	ENSG00000182022.nuc.ord	ENSG00000182022.nuc.ord.treefile	22.0	0.3548387096774194
TarvD7	ENSG00000182050.nuc.ord	ENSG00000182050.nuc.ord.treefile	12.0	0.2
TarvD7	ENSG00000182054.nuc.ord	ENSG00000182054.nuc.ord.treefile	32.0	0.5714285714285714
TarvD7	ENSG00000182077.nuc.ord	ENSG00000182077.nuc.ord.treefile	12.0	0.3157894736842105
TarvD7	ENSG00000182093.nuc.ord	ENSG00000182093.nuc.ord.treefile	22.0	0.4230769230769231
TarvD7	ENSG00000182107.nuc.ord	ENSG00000182107.nuc.ord.treefile	18.0	0.6428571428571429
TarvD7	ENSG00000182118.nuc.ord	ENSG00000182118.nuc.ord.treefile	24.0	0.6
TarvD7	ENSG00000182132.nuc.ord	ENSG00000182132.nuc.ord.treefile	36.0	0.5806451612903226
TarvD7	ENSG00000182134.nuc.ord	ENSG00000182134.nuc.ord.treefile	16.0	0.27586206896551724
TarvD7	ENSG00000182149.nuc.ord	ENSG00000182149.nuc.ord.treefile	20.0	0.3125
TarvD7	ENSG00000182150.nuc.ord	ENSG00000182150.nuc.ord.treefile	22.0	0.34375
TarvD7	ENSG00000182154.nuc.ord	ENSG00000182154.nuc.ord.treefile	18.0	0.5294117647058824
TarvD7	ENSG00000182156.nuc.ord	ENSG00000182156.nuc.ord.treefile	24.0	0.5217391304347826
TarvD7	ENSG00000182158.nuc.ord	ENSG00000182158.nuc.ord.treefile	18.0	0.28125
TarvD7	ENSG00000182168.nuc.ord	ENSG00000182168.nuc.ord.treefile	28.0	0.4375
TarvD7	ENSG00000182173.nuc.ord	ENSG00000182173.nuc.ord.treefile	12.0	0.2
TarvD7	ENSG00000182179.nuc.ord	ENSG00000182179.nuc.ord.treefile	6.0	0.09375
TarvD7	ENSG00000182180.nuc.ord	ENSG00000182180.nuc.ord.treefile	14.0	0.3181818181818182
TarvD7	ENSG00000182185.nuc.ord	ENSG00000182185.nuc.ord.treefile	20.0	0.35714285714285715
TarvD7	ENSG00000182196.nuc.ord	ENSG00000182196.nuc.ord.treefile	44.0	0.8461538461538461
TarvD7	ENSG00000182197.nuc.ord	ENSG00000182197.nuc.ord.treefile	30.0	0.4838709677419355
TarvD7	ENSG00000182220.nuc.ord	ENSG00000182220.nuc.ord.treefile	26.0	0.41935483870967744
TarvD7	ENSG00000182223.nuc.ord	ENSG00000182223.nuc.ord.treefile	18.0	0.47368421052631576
TarvD7	ENSG00000182240.nuc.ord	ENSG00000182240.nuc.ord.treefile	24.0	0.42857142857142855
TarvD7	ENSG00000182247.nuc.ord	ENSG00000182247.nuc.ord.treefile	22.0	0.8461538461538461
TarvD7	ENSG00000182253.nuc.ord	ENSG00000182253.nuc.ord.treefile	10.0	0.19230769230769232
TarvD7	ENSG00000182256.nuc.ord	ENSG00000182256.nuc.ord.treefile	28.0	0.4666666666666667
TarvD7	ENSG00000182263.nuc.ord	ENSG00000182263.nuc.ord.treefile	28.0	0.5
TarvD7	ENSG00000182264.nuc.ord	ENSG00000182264.nuc.ord.treefile	20.0	0.37037037037037035
TarvD7	ENSG00000182271.nuc.ord	ENSG00000182271.nuc.ord.treefile	18.0	0.2727272727272727
TarvD7	ENSG00000182319.nuc.ord	ENSG00000182319.nuc.ord.treefile	14.0	0.25
TarvD7	ENSG00000182324.nuc.ord	ENSG00000182324.nuc.ord.treefile	26.0	0.48148148148148145
TarvD7	ENSG00000182327.nuc.ord	ENSG00000182327.nuc.ord.treefile	8.0	0.17391304347826086
TarvD7	ENSG00000182329.nuc.ord	ENSG00000182329.nuc.ord.treefile	14.0	0.22580645161290322
TarvD7	ENSG00000182359.nuc.ord	ENSG00000182359.nuc.ord.treefile	14.0	0.23333333333333334
TarvD7	ENSG00000182362.nuc.ord	ENSG00000182362.nuc.ord.treefile	26.0	0.5416666666666666
TarvD7	ENSG00000182372.nuc.ord	ENSG00000182372.nuc.ord.treefile	10.0	0.3125
TarvD7	ENSG00000182389.nuc.ord	ENSG00000182389.nuc.ord.treefile	22.0	0.34375
TarvD7	ENSG00000182400.nuc.ord	ENSG00000182400.nuc.ord.treefile	44.0	0.7586206896551724
TarvD7	ENSG00000182446.nuc.ord	ENSG00000182446.nuc.ord.treefile	24.0	0.42857142857142855
TarvD7	ENSG00000182447.nuc.ord	ENSG00000182447.nuc.ord.treefile	8.0	0.16666666666666666
TarvD7	ENSG00000182463.nuc.ord	ENSG00000182463.nuc.ord.treefile	16.0	0.2857142857142857
TarvD7	ENSG00000182489.nuc.ord	ENSG00000182489.nuc.ord.treefile	24.0	0.41379310344827586
TarvD7	ENSG00000182500.nuc.ord	ENSG00000182500.nuc.ord.treefile	30.0	0.5769230769230769
TarvD7	ENSG00000182504.nuc.ord	ENSG00000182504.nuc.ord.treefile	10.0	0.16666666666666666
TarvD7	ENSG00000182508.nuc.ord	ENSG00000182508.nuc.ord.treefile	44.0	0.7333333333333333
TarvD7	ENSG00000182511.nuc.ord	ENSG00000182511.nuc.ord.treefile	26.0	0.40625
TarvD7	ENSG00000182512.nuc.ord	ENSG00000182512.nuc.ord.treefile	24.0	0.46153846153846156
TarvD7	ENSG00000182521.nuc.ord	ENSG00000182521.nuc.ord.treefile	20.0	0.3125
TarvD7	ENSG00000182533.nuc.ord	ENSG00000182533.nuc.ord.treefile	34.0	0.7391304347826086
TarvD7	ENSG00000182541.nuc.ord	ENSG00000182541.nuc.ord.treefile	18.0	0.3103448275862069
TarvD7	ENSG00000182551.nuc.ord	ENSG00000182551.nuc.ord.treefile	40.0	0.8
TarvD7	ENSG00000182552.nuc.ord	ENSG00000182552.nuc.ord.treefile	40.0	0.7407407407407407
TarvD7	ENSG00000182557.nuc.ord	ENSG00000182557.nuc.ord.treefile	18.0	0.3
TarvD7	ENSG00000182568.nuc.ord	ENSG00000182568.nuc.ord.treefile	40.0	0.625
TarvD7	ENSG00000182578.nuc.ord	ENSG00000182578.nuc.ord.treefile	8.0	0.14285714285714285
TarvD7	ENSG00000182580.nuc.ord	ENSG00000182580.nuc.ord.treefile	20.0	0.4166666666666667
TarvD7	ENSG00000182585.nuc.ord	ENSG00000182585.nuc.ord.treefile	40.0	0.6451612903225806
TarvD7	ENSG00000182601.nuc.ord	ENSG00000182601.nuc.ord.treefile	20.0	0.5882352941176471
TarvD7	ENSG00000182621.nuc.ord	ENSG00000182621.nuc.ord.treefile	14.0	0.21212121212121213
TarvD7	ENSG00000182631.nuc.ord	ENSG00000182631.nuc.ord.treefile	8.0	0.2
TarvD7	ENSG00000182645.nuc.ord	ENSG00000182645.nuc.ord.treefile	18.0	0.2903225806451613
TarvD7	ENSG00000182667.nuc.ord	ENSG00000182667.nuc.ord.treefile	22.0	0.34375
TarvD7	ENSG00000182685.nuc.ord	ENSG00000182685.nuc.ord.treefile	26.0	0.41935483870967744
TarvD7	ENSG00000182732.nuc.ord	ENSG00000182732.nuc.ord.treefile	40.0	0.625
TarvD7	ENSG00000182742.nuc.ord	ENSG00000182742.nuc.ord.treefile	24.0	0.5714285714285714
TarvD7	ENSG00000182749.nuc.ord	ENSG00000182749.nuc.ord.treefile	14.0	0.3333333333333333
TarvD7	ENSG00000182752.nuc.ord	ENSG00000182752.nuc.ord.treefile	8.0	0.12121212121212122
TarvD7	ENSG00000182771.nuc.ord	ENSG00000182771.nuc.ord.treefile	24.0	0.4444444444444444
TarvD7	ENSG00000182782.nuc.ord	ENSG00000182782.nuc.ord.treefile	20.0	0.5882352941176471
TarvD7	ENSG00000182791.nuc.ord	ENSG00000182791.nuc.ord.treefile	6.0	0.15789473684210525
TarvD7	ENSG00000182795.nuc.ord	ENSG00000182795.nuc.ord.treefile	14.0	0.25
TarvD7	ENSG00000182810.nuc.ord	ENSG00000182810.nuc.ord.treefile	8.0	0.23529411764705882
TarvD7	ENSG00000182827.nuc.ord	ENSG00000182827.nuc.ord.treefile	30.0	0.5172413793103449
TarvD7	ENSG00000182831.nuc.ord	ENSG00000182831.nuc.ord.treefile	36.0	0.72
TarvD7	ENSG00000182836.nuc.ord	ENSG00000182836.nuc.ord.treefile	20.0	0.3225806451612903
TarvD7	ENSG00000182853.nuc.ord	ENSG00000182853.nuc.ord.treefile	14.0	0.2916666666666667
TarvD7	ENSG00000182858.nuc.ord	ENSG00000182858.nuc.ord.treefile	8.0	0.14285714285714285
TarvD7	ENSG00000182866.nuc.ord	ENSG00000182866.nuc.ord.treefile	22.0	0.4074074074074074
TarvD7	ENSG00000182872.nuc.ord	ENSG00000182872.nuc.ord.treefile	20.0	0.3333333333333333
TarvD7	ENSG00000182885.nuc.ord	ENSG00000182885.nuc.ord.treefile	10.0	0.16666666666666666
TarvD7	ENSG00000182898.nuc.ord	ENSG00000182898.nuc.ord.treefile	4.0	0.08
TarvD7	ENSG00000182901.nuc.ord	ENSG00000182901.nuc.ord.treefile	14.0	0.21212121212121213
TarvD7	ENSG00000182902.nuc.ord	ENSG00000182902.nuc.ord.treefile	28.0	0.5833333333333334
TarvD7	ENSG00000182909.nuc.ord	ENSG00000182909.nuc.ord.treefile	12.0	0.42857142857142855
TarvD7	ENSG00000182919.nuc.ord	ENSG00000182919.nuc.ord.treefile	24.0	0.3870967741935484
TarvD7	ENSG00000182923.nuc.ord	ENSG00000182923.nuc.ord.treefile	10.0	0.15625
TarvD7	ENSG00000182934.nuc.ord	ENSG00000182934.nuc.ord.treefile	16.0	0.27586206896551724
TarvD7	ENSG00000182963.nuc.ord	ENSG00000182963.nuc.ord.treefile	28.0	0.5384615384615384
TarvD7	ENSG00000182968.nuc.ord	ENSG00000182968.nuc.ord.treefile	10.0	0.625
TarvD7	ENSG00000182973.nuc.ord	ENSG00000182973.nuc.ord.treefile	20.0	0.3333333333333333
TarvD7	ENSG00000182979.nuc.ord	ENSG00000182979.nuc.ord.treefile	26.0	0.48148148148148145
TarvD7	ENSG00000182985.nuc.ord	ENSG00000182985.nuc.ord.treefile	28.0	0.45161290322580644
TarvD7	ENSG00000183011.nuc.ord	ENSG00000183011.nuc.ord.treefile	32.0	0.6666666666666666
TarvD7	ENSG00000183020.nuc.ord	ENSG00000183020.nuc.ord.treefile	16.0	0.3076923076923077
TarvD7	ENSG00000183023.nuc.ord	ENSG00000183023.nuc.ord.treefile	22.0	0.36666666666666664
TarvD7	ENSG00000183032.nuc.ord	ENSG00000183032.nuc.ord.treefile	24.0	0.375
TarvD7	ENSG00000183044.nuc.ord	ENSG00000183044.nuc.ord.treefile	26.0	0.4482758620689655
TarvD7	ENSG00000183049.nuc.ord	ENSG00000183049.nuc.ord.treefile	28.0	0.5
TarvD7	ENSG00000183060.nuc.ord	ENSG00000183060.nuc.ord.treefile	22.0	0.4583333333333333
TarvD7	ENSG00000183067.nuc.ord	ENSG00000183067.nuc.ord.treefile	8.0	0.14285714285714285
TarvD7	ENSG00000183072.nuc.ord	ENSG00000183072.nuc.ord.treefile	20.0	0.45454545454545453
TarvD7	ENSG00000183077.nuc.ord	ENSG00000183077.nuc.ord.treefile	32.0	0.6153846153846154
TarvD7	ENSG00000183087.nuc.ord	ENSG00000183087.nuc.ord.treefile	10.0	0.2
TarvD7	ENSG00000183090.nuc.ord	ENSG00000183090.nuc.ord.treefile	6.0	0.14285714285714285
TarvD7	ENSG00000183091.nuc.ord	ENSG00000183091.nuc.ord.treefile	6.0	0.1
TarvD7	ENSG00000183092.nuc.ord	ENSG00000183092.nuc.ord.treefile	30.0	0.6521739130434783
TarvD7	ENSG00000183093.nuc.ord	ENSG00000183093.nuc.ord.treefile	30.0	0.6
TarvD7	ENSG00000183098.nuc.ord	ENSG00000183098.nuc.ord.treefile	28.0	0.4666666666666667
TarvD7	ENSG00000183111.nuc.ord	ENSG00000183111.nuc.ord.treefile	18.0	0.28125
TarvD7	ENSG00000183117.nuc.ord	ENSG00000183117.nuc.ord.treefile	24.0	0.36363636363636365
TarvD7	ENSG00000183137.nuc.ord	ENSG00000183137.nuc.ord.treefile	10.0	0.16666666666666666
TarvD7	ENSG00000183145.nuc.ord	ENSG00000183145.nuc.ord.treefile	24.0	0.48
TarvD7	ENSG00000183150.nuc.ord	ENSG00000183150.nuc.ord.treefile	28.0	0.7368421052631579
TarvD7	ENSG00000183155.nuc.ord	ENSG00000183155.nuc.ord.treefile	30.0	0.625
TarvD7	ENSG00000183172.nuc.ord	ENSG00000183172.nuc.ord.treefile	28.0	0.4827586206896552
TarvD7	ENSG00000183207.nuc.ord	ENSG00000183207.nuc.ord.treefile	28.0	0.56
TarvD7	ENSG00000183208.nuc.ord	ENSG00000183208.nuc.ord.treefile	14.0	0.4117647058823529
TarvD7	ENSG00000183230.nuc.ord	ENSG00000183230.nuc.ord.treefile	16.0	0.26666666666666666
TarvD7	ENSG00000183258.nuc.ord	ENSG00000183258.nuc.ord.treefile	18.0	0.375
TarvD7	ENSG00000183273.nuc.ord	ENSG00000183273.nuc.ord.treefile	24.0	0.4
TarvD7	ENSG00000183283.nuc.ord	ENSG00000183283.nuc.ord.treefile	32.0	0.6153846153846154
TarvD7	ENSG00000183287.nuc.ord	ENSG00000183287.nuc.ord.treefile	14.0	0.22580645161290322
TarvD7	ENSG00000183291.nuc.ord	ENSG00000183291.nuc.ord.treefile	22.0	0.39285714285714285
TarvD7	ENSG00000183323.nuc.ord	ENSG00000183323.nuc.ord.treefile	10.0	0.16129032258064516
TarvD7	ENSG00000183324.nuc.ord	ENSG00000183324.nuc.ord.treefile	26.0	0.43333333333333335
TarvD7	ENSG00000183337.nuc.ord	ENSG00000183337.nuc.ord.treefile	8.0	0.18181818181818182
TarvD7	ENSG00000183346.nuc.ord	ENSG00000183346.nuc.ord.treefile	32.0	0.5
TarvD7	ENSG00000183354.nuc.ord	ENSG00000183354.nuc.ord.treefile	8.0	0.16
TarvD7	ENSG00000183378.nuc.ord	ENSG00000183378.nuc.ord.treefile	26.0	0.4482758620689655
TarvD7	ENSG00000183379.nuc.ord	ENSG00000183379.nuc.ord.treefile	14.0	0.30434782608695654
TarvD7	ENSG00000183395.nuc.ord	ENSG00000183395.nuc.ord.treefile	24.0	0.5217391304347826
TarvD7	ENSG00000183421.nuc.ord	ENSG00000183421.nuc.ord.treefile	14.0	0.25
TarvD7	ENSG00000183431.nuc.ord	ENSG00000183431.nuc.ord.treefile	32.0	0.5
TarvD7	ENSG00000183454.nuc.ord	ENSG00000183454.nuc.ord.treefile	10.0	0.17857142857142858
TarvD7	ENSG00000183475.nuc.ord	ENSG00000183475.nuc.ord.treefile	22.0	0.4230769230769231
TarvD7	ENSG00000183495.nuc.ord	ENSG00000183495.nuc.ord.treefile	4.0	0.08
TarvD7	ENSG00000183496.nuc.ord	ENSG00000183496.nuc.ord.treefile	22.0	0.5
TarvD7	ENSG00000183508.nuc.ord	ENSG00000183508.nuc.ord.treefile	34.0	0.68
TarvD7	ENSG00000183520.nuc.ord	ENSG00000183520.nuc.ord.treefile	22.0	0.3793103448275862
TarvD7	ENSG00000183527.nuc.ord	ENSG00000183527.nuc.ord.treefile	24.0	0.4
TarvD7	ENSG00000183530.nuc.ord	ENSG00000183530.nuc.ord.treefile	28.0	0.5
TarvD7	ENSG00000183549.nuc.ord	ENSG00000183549.nuc.ord.treefile	14.0	0.30434782608695654
TarvD7	ENSG00000183559.nuc.ord	ENSG00000183559.nuc.ord.treefile	18.0	0.4090909090909091
TarvD7	ENSG00000183560.nuc.ord	ENSG00000183560.nuc.ord.treefile	18.0	0.375
TarvD7	ENSG00000183571.nuc.ord	ENSG00000183571.nuc.ord.treefile	22.0	0.44
TarvD7	ENSG00000183576.nuc.ord	ENSG00000183576.nuc.ord.treefile	28.0	0.4827586206896552
TarvD7	ENSG00000183578.nuc.ord	ENSG00000183578.nuc.ord.treefile	32.0	0.5925925925925926
TarvD7	ENSG00000183579.nuc.ord	ENSG00000183579.nuc.ord.treefile	18.0	0.3
TarvD7	ENSG00000183580.nuc.ord	ENSG00000183580.nuc.ord.treefile	34.0	0.6071428571428571
TarvD7	ENSG00000183597.nuc.ord	ENSG00000183597.nuc.ord.treefile	20.0	0.35714285714285715
TarvD7	ENSG00000183605.nuc.ord	ENSG00000183605.nuc.ord.treefile	20.0	0.35714285714285715
TarvD7	ENSG00000183607.nuc.ord	ENSG00000183607.nuc.ord.treefile	26.0	0.4482758620689655
TarvD7	ENSG00000183615.nuc.ord	ENSG00000183615.nuc.ord.treefile	28.0	0.5185185185185185
TarvD7	ENSG00000183617.nuc.ord	ENSG00000183617.nuc.ord.treefile	28.0	0.6666666666666666
TarvD7	ENSG00000183621.nuc.ord	ENSG00000183621.nuc.ord.treefile	14.0	0.23333333333333334
TarvD7	ENSG00000183624.nuc.ord	ENSG00000183624.nuc.ord.treefile	24.0	0.4444444444444444
TarvD7	ENSG00000183644.nuc.ord	ENSG00000183644.nuc.ord.treefile	22.0	0.36666666666666664
TarvD7	ENSG00000183662.nuc.ord	ENSG00000183662.nuc.ord.treefile	34.0	0.5483870967741935
TarvD7	ENSG00000183671.nuc.ord	ENSG00000183671.nuc.ord.treefile	14.0	0.2916666666666667
TarvD7	ENSG00000183688.nuc.ord	ENSG00000183688.nuc.ord.treefile	26.0	0.48148148148148145
TarvD7	ENSG00000183690.nuc.ord	ENSG00000183690.nuc.ord.treefile	12.0	0.1935483870967742
TarvD7	ENSG00000183696.nuc.ord	ENSG00000183696.nuc.ord.treefile	22.0	0.4230769230769231
TarvD7	ENSG00000183715.nuc.ord	ENSG00000183715.nuc.ord.treefile	30.0	0.4838709677419355
TarvD7	ENSG00000183722.nuc.ord	ENSG00000183722.nuc.ord.treefile	26.0	0.6190476190476191
TarvD7	ENSG00000183723.nuc.ord	ENSG00000183723.nuc.ord.treefile	36.0	0.6
TarvD7	ENSG00000183729.nuc.ord	ENSG00000183729.nuc.ord.treefile	14.0	0.4375
TarvD7	ENSG00000183733.nuc.ord	ENSG00000183733.nuc.ord.treefile	32.0	0.64
TarvD7	ENSG00000183735.nuc.ord	ENSG00000183735.nuc.ord.treefile	28.0	0.4666666666666667
TarvD7	ENSG00000183742.nuc.ord	ENSG00000183742.nuc.ord.treefile	10.0	0.16666666666666666
TarvD7	ENSG00000183751.nuc.ord	ENSG00000183751.nuc.ord.treefile	20.0	0.37037037037037035
TarvD7	ENSG00000183760.nuc.ord	ENSG00000183760.nuc.ord.treefile	26.0	0.4482758620689655
TarvD7	ENSG00000183762.nuc.ord	ENSG00000183762.nuc.ord.treefile	26.0	0.41935483870967744
TarvD7	ENSG00000183763.nuc.ord	ENSG00000183763.nuc.ord.treefile	14.0	0.23333333333333334
TarvD7	ENSG00000183765.nuc.ord	ENSG00000183765.nuc.ord.treefile	8.0	0.12903225806451613
TarvD7	ENSG00000183775.nuc.ord	ENSG00000183775.nuc.ord.treefile	26.0	0.4642857142857143
TarvD7	ENSG00000183780.nuc.ord	ENSG00000183780.nuc.ord.treefile	36.0	0.5806451612903226
TarvD7	ENSG00000183783.nuc.ord	ENSG00000183783.nuc.ord.treefile	16.0	0.42105263157894735
TarvD7	ENSG00000183798.nuc.ord	ENSG00000183798.nuc.ord.treefile	12.0	0.23076923076923078
TarvD7	ENSG00000183801.nuc.ord	ENSG00000183801.nuc.ord.treefile	12.0	0.2222222222222222
TarvD7	ENSG00000183813.nuc.ord	ENSG00000183813.nuc.ord.treefile	20.0	0.4166666666666667
TarvD7	ENSG00000183814.nuc.ord	ENSG00000183814.nuc.ord.treefile	20.0	0.3225806451612903
TarvD7	ENSG00000183831.nuc.ord	ENSG00000183831.nuc.ord.treefile	22.0	0.3548387096774194
TarvD7	ENSG00000183833.nuc.ord	ENSG00000183833.nuc.ord.treefile	10.0	0.15151515151515152
TarvD7	ENSG00000183844.nuc.ord	ENSG00000183844.nuc.ord.treefile	30.0	0.5172413793103449
TarvD7	ENSG00000183853.nuc.ord	ENSG00000183853.nuc.ord.treefile	34.0	0.5862068965517241
TarvD7	ENSG00000183856.nuc.ord	ENSG00000183856.nuc.ord.treefile	20.0	0.35714285714285715
TarvD7	ENSG00000183876.nuc.ord	ENSG00000183876.nuc.ord.treefile	24.0	0.5
TarvD7	ENSG00000183891.nuc.ord	ENSG00000183891.nuc.ord.treefile	24.0	0.5714285714285714
TarvD7	ENSG00000183908.nuc.ord	ENSG00000183908.nuc.ord.treefile	24.0	0.41379310344827586
TarvD7	ENSG00000183914.nuc.ord	ENSG00000183914.nuc.ord.treefile	8.0	0.125
TarvD7	ENSG00000183918.nuc.ord	ENSG00000183918.nuc.ord.treefile	36.0	0.6206896551724138
TarvD7	ENSG00000183977.nuc.ord	ENSG00000183977.nuc.ord.treefile	18.0	0.36
TarvD7	ENSG00000183978.nuc.ord	ENSG00000183978.nuc.ord.treefile	16.0	0.4444444444444444
TarvD7	ENSG00000184007.nuc.ord	ENSG00000184007.nuc.ord.treefile	38.0	0.6129032258064516
TarvD7	ENSG00000184012.nuc.ord	ENSG00000184012.nuc.ord.treefile	6.0	0.13043478260869565
TarvD7	ENSG00000184014.nuc.ord	ENSG00000184014.nuc.ord.treefile	10.0	0.15151515151515152
TarvD7	ENSG00000184047.nuc.ord	ENSG00000184047.nuc.ord.treefile	26.0	0.4642857142857143
TarvD7	ENSG00000184056.nuc.ord	ENSG00000184056.nuc.ord.treefile	22.0	0.3548387096774194
TarvD7	ENSG00000184060.nuc.ord	ENSG00000184060.nuc.ord.treefile	18.0	0.3
TarvD7	ENSG00000184083.nuc.ord	ENSG00000184083.nuc.ord.treefile	24.0	0.4
TarvD7	ENSG00000184156.nuc.ord	ENSG00000184156.nuc.ord.treefile	18.0	0.2727272727272727
TarvD7	ENSG00000184162.nuc.ord	ENSG00000184162.nuc.ord.treefile	26.0	0.5416666666666666
TarvD7	ENSG00000184178.nuc.ord	ENSG00000184178.nuc.ord.treefile	24.0	0.41379310344827586
TarvD7	ENSG00000184182.nuc.ord	ENSG00000184182.nuc.ord.treefile	24.0	0.41379310344827586
TarvD7	ENSG00000184194.nuc.ord	ENSG00000184194.nuc.ord.treefile	26.0	0.7647058823529411
TarvD7	ENSG00000184210.nuc.ord	ENSG00000184210.nuc.ord.treefile	18.0	0.3103448275862069
TarvD7	ENSG00000184216.nuc.ord	ENSG00000184216.nuc.ord.treefile	12.0	0.23076923076923078
TarvD7	ENSG00000184220.nuc.ord	ENSG00000184220.nuc.ord.treefile	22.0	0.34375
TarvD7	ENSG00000184226.nuc.ord	ENSG00000184226.nuc.ord.treefile	16.0	0.27586206896551724
TarvD7	ENSG00000184254.nuc.ord	ENSG00000184254.nuc.ord.treefile	22.0	0.36666666666666664
TarvD7	ENSG00000184261.nuc.ord	ENSG00000184261.nuc.ord.treefile	28.0	0.6363636363636364
TarvD7	ENSG00000184270.nuc.ord	ENSG00000184270.nuc.ord.treefile	24.0	0.5454545454545454
TarvD7	ENSG00000184271.nuc.ord	ENSG00000184271.nuc.ord.treefile	16.0	0.25806451612903225
TarvD7	ENSG00000184277.nuc.ord	ENSG00000184277.nuc.ord.treefile	18.0	0.32142857142857145
TarvD7	ENSG00000184302.nuc.ord	ENSG00000184302.nuc.ord.treefile	12.0	0.20689655172413793
TarvD7	ENSG00000184307.nuc.ord	ENSG00000184307.nuc.ord.treefile	18.0	0.3
TarvD7	ENSG00000184313.nuc.ord	ENSG00000184313.nuc.ord.treefile	14.0	0.2413793103448276
TarvD7	ENSG00000184344.nuc.ord	ENSG00000184344.nuc.ord.treefile	12.0	0.23076923076923078
TarvD7	ENSG00000184347.nuc.ord	ENSG00000184347.nuc.ord.treefile	12.0	0.20689655172413793
TarvD7	ENSG00000184349.nuc.ord	ENSG00000184349.nuc.ord.treefile	52.0	0.8387096774193549
TarvD7	ENSG00000184363.nuc.ord	ENSG00000184363.nuc.ord.treefile	16.0	0.47058823529411764
TarvD7	ENSG00000184368.nuc.ord	ENSG00000184368.nuc.ord.treefile	14.0	0.22580645161290322
TarvD7	ENSG00000184371.nuc.ord	ENSG00000184371.nuc.ord.treefile	12.0	0.2857142857142857
TarvD7	ENSG00000184374.nuc.ord	ENSG00000184374.nuc.ord.treefile	24.0	0.4
TarvD7	ENSG00000184378.nuc.ord	ENSG00000184378.nuc.ord.treefile	12.0	0.23076923076923078
TarvD7	ENSG00000184381.nuc.ord	ENSG00000184381.nuc.ord.treefile	14.0	0.21875
TarvD7	ENSG00000184384.nuc.ord	ENSG00000184384.nuc.ord.treefile	18.0	0.3
TarvD7	ENSG00000184408.nuc.ord	ENSG00000184408.nuc.ord.treefile	32.0	0.5517241379310345
TarvD7	ENSG00000184432.nuc.ord	ENSG00000184432.nuc.ord.treefile	28.0	0.4375
TarvD7	ENSG00000184434.nuc.ord	ENSG00000184434.nuc.ord.treefile	12.0	0.2222222222222222
TarvD7	ENSG00000184445.nuc.ord	ENSG00000184445.nuc.ord.treefile	10.0	0.15151515151515152
TarvD7	ENSG00000184451.nuc.ord	ENSG00000184451.nuc.ord.treefile	14.0	0.35
TarvD7	ENSG00000184454.nuc.ord	ENSG00000184454.nuc.ord.treefile	36.0	0.5454545454545454
TarvD7	ENSG00000184459.nuc.ord	ENSG00000184459.nuc.ord.treefile	18.0	0.28125
TarvD7	ENSG00000184465.nuc.ord	ENSG00000184465.nuc.ord.treefile	6.0	0.1111111111111111
TarvD7	ENSG00000184502.nuc.ord	ENSG00000184502.nuc.ord.treefile	26.0	0.5652173913043478
TarvD7	ENSG00000184507.nuc.ord	ENSG00000184507.nuc.ord.treefile	6.0	0.10344827586206896
TarvD7	ENSG00000184508.nuc.ord	ENSG00000184508.nuc.ord.treefile	30.0	0.5555555555555556
TarvD7	ENSG00000184530.nuc.ord	ENSG00000184530.nuc.ord.treefile	6.0	0.12
TarvD7	ENSG00000184544.nuc.ord	ENSG00000184544.nuc.ord.treefile	22.0	0.3793103448275862
TarvD7	ENSG00000184564.nuc.ord	ENSG00000184564.nuc.ord.treefile	18.0	0.375
TarvD7	ENSG00000184574.nuc.ord	ENSG00000184574.nuc.ord.treefile	12.0	0.42857142857142855
TarvD7	ENSG00000184575.nuc.ord	ENSG00000184575.nuc.ord.treefile	36.0	0.6
TarvD7	ENSG00000184584.nuc.ord	ENSG00000184584.nuc.ord.treefile	18.0	0.3
TarvD7	ENSG00000184588.nuc.ord	ENSG00000184588.nuc.ord.treefile	26.0	0.3939393939393939
TarvD7	ENSG00000184599.nuc.ord	ENSG00000184599.nuc.ord.treefile	36.0	0.6
TarvD7	ENSG00000184611.nuc.ord	ENSG00000184611.nuc.ord.treefile	12.0	0.1875
TarvD7	ENSG00000184613.nuc.ord	ENSG00000184613.nuc.ord.treefile	18.0	0.2727272727272727
TarvD7	ENSG00000184634.nuc.ord	ENSG00000184634.nuc.ord.treefile	16.0	0.2857142857142857
TarvD7	ENSG00000184640.nuc.ord	ENSG00000184640.nuc.ord.treefile	22.0	0.4583333333333333
TarvD7	ENSG00000184647.nuc.ord	ENSG00000184647.nuc.ord.treefile	10.0	0.18518518518518517
TarvD7	ENSG00000184661.nuc.ord	ENSG00000184661.nuc.ord.treefile	10.0	0.16129032258064516
TarvD7	ENSG00000184675.nuc.ord	ENSG00000184675.nuc.ord.treefile	18.0	0.32142857142857145
TarvD7	ENSG00000184677.nuc.ord	ENSG00000184677.nuc.ord.treefile	22.0	0.3548387096774194
TarvD7	ENSG00000184708.nuc.ord	ENSG00000184708.nuc.ord.treefile	10.0	0.15625
TarvD7	ENSG00000184716.nuc.ord	ENSG00000184716.nuc.ord.treefile	16.0	0.25806451612903225
TarvD7	ENSG00000184731.nuc.ord	ENSG00000184731.nuc.ord.treefile	18.0	0.5625
TarvD7	ENSG00000184743.nuc.ord	ENSG00000184743.nuc.ord.treefile	22.0	0.34375
TarvD7	ENSG00000184752.nuc.ord	ENSG00000184752.nuc.ord.treefile	34.0	0.5862068965517241
TarvD7	ENSG00000184787.nuc.ord	ENSG00000184787.nuc.ord.treefile	40.0	0.6666666666666666
TarvD7	ENSG00000184788.nuc.ord	ENSG00000184788.nuc.ord.treefile	28.0	0.6666666666666666
TarvD7	ENSG00000184792.nuc.ord	ENSG00000184792.nuc.ord.treefile	22.0	0.36666666666666664
TarvD7	ENSG00000184811.nuc.ord	ENSG00000184811.nuc.ord.treefile	10.0	0.2631578947368421
TarvD7	ENSG00000184838.nuc.ord	ENSG00000184838.nuc.ord.treefile	28.0	0.5384615384615384
TarvD7	ENSG00000184840.nuc.ord	ENSG00000184840.nuc.ord.treefile	32.0	0.5714285714285714
TarvD7	ENSG00000184860.nuc.ord	ENSG00000184860.nuc.ord.treefile	26.0	0.4482758620689655
TarvD7	ENSG00000184886.nuc.ord	ENSG00000184886.nuc.ord.treefile	8.0	0.19047619047619047
TarvD7	ENSG00000184898.nuc.ord	ENSG00000184898.nuc.ord.treefile	12.0	0.24
TarvD7	ENSG00000184903.nuc.ord	ENSG00000184903.nuc.ord.treefile	24.0	0.5217391304347826
TarvD7	ENSG00000184922.nuc.ord	ENSG00000184922.nuc.ord.treefile	10.0	0.19230769230769232
TarvD7	ENSG00000184924.nuc.ord	ENSG00000184924.nuc.ord.treefile	22.0	0.4230769230769231
TarvD7	ENSG00000184933.nuc.ord	ENSG00000184933.nuc.ord.treefile	20.0	0.5
TarvD7	ENSG00000184949.nuc.ord	ENSG00000184949.nuc.ord.treefile	20.0	0.3448275862068966
TarvD7	ENSG00000184967.nuc.ord	ENSG00000184967.nuc.ord.treefile	4.0	0.08333333333333333
TarvD7	ENSG00000184983.nuc.ord	ENSG00000184983.nuc.ord.treefile	28.0	0.4666666666666667
TarvD7	ENSG00000184984.nuc.ord	ENSG00000184984.nuc.ord.treefile	14.0	0.30434782608695654
TarvD7	ENSG00000184988.nuc.ord	ENSG00000184988.nuc.ord.treefile	22.0	0.5
TarvD7	ENSG00000184990.nuc.ord	ENSG00000184990.nuc.ord.treefile	20.0	0.4
TarvD7	ENSG00000184992.nuc.ord	ENSG00000184992.nuc.ord.treefile	26.0	0.48148148148148145
TarvD7	ENSG00000185002.nuc.ord	ENSG00000185002.nuc.ord.treefile	16.0	0.24242424242424243
TarvD7	ENSG00000185008.nuc.ord	ENSG00000185008.nuc.ord.treefile	16.0	0.27586206896551724
TarvD7	ENSG00000185009.nuc.ord	ENSG00000185009.nuc.ord.treefile	18.0	0.3103448275862069
TarvD7	ENSG00000185010.nuc.ord	ENSG00000185010.nuc.ord.treefile	8.0	0.12903225806451613
TarvD7	ENSG00000185013.nuc.ord	ENSG00000185013.nuc.ord.treefile	20.0	0.3225806451612903
TarvD7	ENSG00000185015.nuc.ord	ENSG00000185015.nuc.ord.treefile	22.0	0.36666666666666664
TarvD7	ENSG00000185019.nuc.ord	ENSG00000185019.nuc.ord.treefile	10.0	0.25
TarvD7	ENSG00000185028.nuc.ord	ENSG00000185028.nuc.ord.treefile	16.0	0.3076923076923077
TarvD7	ENSG00000185033.nuc.ord	ENSG00000185033.nuc.ord.treefile	22.0	0.36666666666666664
TarvD7	ENSG00000185051.nuc.ord	ENSG00000185051.nuc.ord.treefile	10.0	0.38461538461538464
TarvD7	ENSG00000185052.nuc.ord	ENSG00000185052.nuc.ord.treefile	10.0	0.16129032258064516
TarvD7	ENSG00000185053.nuc.ord	ENSG00000185053.nuc.ord.treefile	36.0	0.6666666666666666
TarvD7	ENSG00000185055.nuc.ord	ENSG00000185055.nuc.ord.treefile	18.0	0.3103448275862069
TarvD7	ENSG00000185057.nuc.ord	ENSG00000185057.nuc.ord.treefile	6.0	0.1875
TarvD7	ENSG00000185070.nuc.ord	ENSG00000185070.nuc.ord.treefile	22.0	0.4583333333333333
TarvD7	ENSG00000185085.nuc.ord	ENSG00000185085.nuc.ord.treefile	14.0	0.30434782608695654
TarvD7	ENSG00000185088.nuc.ord	ENSG00000185088.nuc.ord.treefile	32.0	0.8888888888888888
TarvD7	ENSG00000185090.nuc.ord	ENSG00000185090.nuc.ord.treefile	28.0	0.4666666666666667
TarvD7	ENSG00000185104.nuc.ord	ENSG00000185104.nuc.ord.treefile	16.0	0.26666666666666666
TarvD7	ENSG00000185133.nuc.ord	ENSG00000185133.nuc.ord.treefile	14.0	0.25
TarvD7	ENSG00000185149.nuc.ord	ENSG00000185149.nuc.ord.treefile	14.0	0.3181818181818182
TarvD7	ENSG00000185156.nuc.ord	ENSG00000185156.nuc.ord.treefile	8.0	0.18181818181818182
TarvD7	ENSG00000185163.nuc.ord	ENSG00000185163.nuc.ord.treefile	4.0	0.09523809523809523
TarvD7	ENSG00000185238.nuc.ord	ENSG00000185238.nuc.ord.treefile	14.0	0.21875
TarvD7	ENSG00000185246.nuc.ord	ENSG00000185246.nuc.ord.treefile	16.0	0.2962962962962963
TarvD7	ENSG00000185250.nuc.ord	ENSG00000185250.nuc.ord.treefile	14.0	0.21875
TarvD7	ENSG00000185261.nuc.ord	ENSG00000185261.nuc.ord.treefile	20.0	0.3125
TarvD7	ENSG00000185267.nuc.ord	ENSG00000185267.nuc.ord.treefile	30.0	0.45454545454545453
TarvD7	ENSG00000185272.nuc.ord	ENSG00000185272.nuc.ord.treefile	28.0	0.4666666666666667
TarvD7	ENSG00000185274.nuc.ord	ENSG00000185274.nuc.ord.treefile	30.0	0.5
TarvD7	ENSG00000185278.nuc.ord	ENSG00000185278.nuc.ord.treefile	34.0	0.53125
TarvD7	ENSG00000185298.nuc.ord	ENSG00000185298.nuc.ord.treefile	26.0	0.52
TarvD7	ENSG00000185305.nuc.ord	ENSG00000185305.nuc.ord.treefile	34.0	0.5862068965517241
TarvD7	ENSG00000185306.nuc.ord	ENSG00000185306.nuc.ord.treefile	16.0	0.26666666666666666
TarvD7	ENSG00000185313.nuc.ord	ENSG00000185313.nuc.ord.treefile	24.0	0.41379310344827586
TarvD7	ENSG00000185324.nuc.ord	ENSG00000185324.nuc.ord.treefile	28.0	0.5
TarvD7	ENSG00000185339.nuc.ord	ENSG00000185339.nuc.ord.treefile	24.0	0.36363636363636365
TarvD7	ENSG00000185340.nuc.ord	ENSG00000185340.nuc.ord.treefile	10.0	0.2777777777777778
TarvD7	ENSG00000185344.nuc.ord	ENSG00000185344.nuc.ord.treefile	28.0	0.42424242424242425
TarvD7	ENSG00000185345.nuc.ord	ENSG00000185345.nuc.ord.treefile	24.0	0.4
TarvD7	ENSG00000185347.nuc.ord	ENSG00000185347.nuc.ord.treefile	18.0	0.36
TarvD7	ENSG00000185352.nuc.ord	ENSG00000185352.nuc.ord.treefile	28.0	0.6363636363636364
TarvD7	ENSG00000185379.nuc.ord	ENSG00000185379.nuc.ord.treefile	18.0	0.32142857142857145
TarvD7	ENSG00000185418.nuc.ord	ENSG00000185418.nuc.ord.treefile	20.0	0.3333333333333333
TarvD7	ENSG00000185436.nuc.ord	ENSG00000185436.nuc.ord.treefile	16.0	0.26666666666666666
TarvD7	ENSG00000185437.nuc.ord	ENSG00000185437.nuc.ord.treefile	22.0	0.4230769230769231
TarvD7	ENSG00000185467.nuc.ord	ENSG00000185467.nuc.ord.treefile	10.0	0.1724137931034483
TarvD7	ENSG00000185475.nuc.ord	ENSG00000185475.nuc.ord.treefile	32.0	0.5714285714285714
TarvD7	ENSG00000185480.nuc.ord	ENSG00000185480.nuc.ord.treefile	14.0	0.21875
TarvD7	ENSG00000185482.nuc.ord	ENSG00000185482.nuc.ord.treefile	12.0	0.2222222222222222
TarvD7	ENSG00000185483.nuc.ord	ENSG00000185483.nuc.ord.treefile	34.0	0.53125
TarvD7	ENSG00000185499.nuc.ord	ENSG00000185499.nuc.ord.treefile	14.0	0.35
TarvD7	ENSG00000185504.nuc.ord	ENSG00000185504.nuc.ord.treefile	10.0	0.20833333333333334
TarvD7	ENSG00000185507.nuc.ord	ENSG00000185507.nuc.ord.treefile	10.0	0.2631578947368421
TarvD7	ENSG00000185513.nuc.ord	ENSG00000185513.nuc.ord.treefile	16.0	0.2857142857142857
TarvD7	ENSG00000185515.nuc.ord	ENSG00000185515.nuc.ord.treefile	34.0	0.6071428571428571
TarvD7	ENSG00000185518.nuc.ord	ENSG00000185518.nuc.ord.treefile	26.0	0.40625
TarvD7	ENSG00000185532.nuc.ord	ENSG00000185532.nuc.ord.treefile	24.0	0.36363636363636365
TarvD7	ENSG00000185559.nuc.ord	ENSG00000185559.nuc.ord.treefile	12.0	0.3
TarvD7	ENSG00000185561.nuc.ord	ENSG00000185561.nuc.ord.treefile	18.0	0.3333333333333333
TarvD7	ENSG00000185565.nuc.ord	ENSG00000185565.nuc.ord.treefile	34.0	0.6071428571428571
TarvD7	ENSG00000185585.nuc.ord	ENSG00000185585.nuc.ord.treefile	32.0	0.48484848484848486
TarvD7	ENSG00000185591.nuc.ord	ENSG00000185591.nuc.ord.treefile	18.0	0.3333333333333333
TarvD7	ENSG00000185608.nuc.ord	ENSG00000185608.nuc.ord.treefile	30.0	0.5769230769230769
TarvD7	ENSG00000185610.nuc.ord	ENSG00000185610.nuc.ord.treefile	22.0	0.39285714285714285
TarvD7	ENSG00000185614.nuc.ord	ENSG00000185614.nuc.ord.treefile	10.0	0.17857142857142858
TarvD7	ENSG00000185619.nuc.ord	ENSG00000185619.nuc.ord.treefile	24.0	0.46153846153846156
TarvD7	ENSG00000185621.nuc.ord	ENSG00000185621.nuc.ord.treefile	12.0	0.1875
TarvD7	ENSG00000185624.nuc.ord	ENSG00000185624.nuc.ord.treefile	24.0	0.48
TarvD7	ENSG00000185630.nuc.ord	ENSG00000185630.nuc.ord.treefile	32.0	0.5
TarvD7	ENSG00000185634.nuc.ord	ENSG00000185634.nuc.ord.treefile	12.0	0.1875
TarvD7	ENSG00000185640.nuc.ord	ENSG00000185640.nuc.ord.treefile	14.0	0.3333333333333333
TarvD7	ENSG00000185650.nuc.ord	ENSG00000185650.nuc.ord.treefile	22.0	0.5789473684210527
TarvD7	ENSG00000185652.nuc.ord	ENSG00000185652.nuc.ord.treefile	22.0	0.4583333333333333
TarvD7	ENSG00000185658.nuc.ord	ENSG00000185658.nuc.ord.treefile	10.0	0.1724137931034483
TarvD7	ENSG00000185664.nuc.ord	ENSG00000185664.nuc.ord.treefile	14.0	0.22580645161290322
TarvD7	ENSG00000185666.nuc.ord	ENSG00000185666.nuc.ord.treefile	20.0	0.3125
TarvD7	ENSG00000185674.nuc.ord	ENSG00000185674.nuc.ord.treefile	16.0	0.26666666666666666
TarvD7	ENSG00000185681.nuc.ord	ENSG00000185681.nuc.ord.treefile	30.0	0.5555555555555556
TarvD7	ENSG00000185697.nuc.ord	ENSG00000185697.nuc.ord.treefile	8.0	0.125
TarvD7	ENSG00000185701.nuc.ord	ENSG00000185701.nuc.ord.treefile	14.0	0.4117647058823529
TarvD7	ENSG00000185721.nuc.ord	ENSG00000185721.nuc.ord.treefile	20.0	0.35714285714285715
TarvD7	ENSG00000185722.nuc.ord	ENSG00000185722.nuc.ord.treefile	24.0	0.36363636363636365
TarvD7	ENSG00000185728.nuc.ord	ENSG00000185728.nuc.ord.treefile	30.0	0.5
TarvD7	ENSG00000185736.nuc.ord	ENSG00000185736.nuc.ord.treefile	22.0	0.3793103448275862
TarvD7	ENSG00000185737.nuc.ord	ENSG00000185737.nuc.ord.treefile	18.0	0.3
TarvD7	ENSG00000185739.nuc.ord	ENSG00000185739.nuc.ord.treefile	8.0	0.18181818181818182
TarvD7	ENSG00000185753.nuc.ord	ENSG00000185753.nuc.ord.treefile	14.0	0.2413793103448276
TarvD7	ENSG00000185760.nuc.ord	ENSG00000185760.nuc.ord.treefile	16.0	0.25806451612903225
TarvD7	ENSG00000185761.nuc.ord	ENSG00000185761.nuc.ord.treefile	32.0	0.64
TarvD7	ENSG00000185774.nuc.ord	ENSG00000185774.nuc.ord.treefile	34.0	0.5862068965517241
TarvD7	ENSG00000185787.nuc.ord	ENSG00000185787.nuc.ord.treefile	14.0	0.3333333333333333
TarvD7	ENSG00000185808.nuc.ord	ENSG00000185808.nuc.ord.treefile	28.0	0.4827586206896552
TarvD7	ENSG00000185811.nuc.ord	ENSG00000185811.nuc.ord.treefile	30.0	0.4838709677419355
TarvD7	ENSG00000185813.nuc.ord	ENSG00000185813.nuc.ord.treefile	24.0	0.5454545454545454
TarvD7	ENSG00000185818.nuc.ord	ENSG00000185818.nuc.ord.treefile	18.0	0.47368421052631576
TarvD7	ENSG00000185838.nuc.ord	ENSG00000185838.nuc.ord.treefile	10.0	0.2777777777777778
TarvD7	ENSG00000185842.nuc.ord	ENSG00000185842.nuc.ord.treefile	12.0	0.2727272727272727
TarvD7	ENSG00000185860.nuc.ord	ENSG00000185860.nuc.ord.treefile	18.0	0.375
TarvD7	ENSG00000185862.nuc.ord	ENSG00000185862.nuc.ord.treefile	12.0	0.25
TarvD7	ENSG00000185880.nuc.ord	ENSG00000185880.nuc.ord.treefile	10.0	0.1724137931034483
TarvD7	ENSG00000185900.nuc.ord	ENSG00000185900.nuc.ord.treefile	18.0	0.32142857142857145
TarvD7	ENSG00000185905.nuc.ord	ENSG00000185905.nuc.ord.treefile	8.0	0.26666666666666666
TarvD7	ENSG00000185917.nuc.ord	ENSG00000185917.nuc.ord.treefile	6.0	0.1111111111111111
TarvD7	ENSG00000185920.nuc.ord	ENSG00000185920.nuc.ord.treefile	24.0	0.3870967741935484
TarvD7	ENSG00000185933.nuc.ord	ENSG00000185933.nuc.ord.treefile	26.0	0.48148148148148145
TarvD7	ENSG00000185942.nuc.ord	ENSG00000185942.nuc.ord.treefile	24.0	0.41379310344827586
TarvD7	ENSG00000185946.nuc.ord	ENSG00000185946.nuc.ord.treefile	32.0	0.64
TarvD7	ENSG00000185950.nuc.ord	ENSG00000185950.nuc.ord.treefile	10.0	0.35714285714285715
TarvD7	ENSG00000185963.nuc.ord	ENSG00000185963.nuc.ord.treefile	12.0	0.2222222222222222
TarvD7	ENSG00000185973.nuc.ord	ENSG00000185973.nuc.ord.treefile	24.0	0.48
TarvD7	ENSG00000185974.nuc.ord	ENSG00000185974.nuc.ord.treefile	8.0	0.16666666666666666
TarvD7	ENSG00000185988.nuc.ord	ENSG00000185988.nuc.ord.treefile	30.0	0.6
TarvD7	ENSG00000185989.nuc.ord	ENSG00000185989.nuc.ord.treefile	18.0	0.32142857142857145
TarvD7	ENSG00000186001.nuc.ord	ENSG00000186001.nuc.ord.treefile	16.0	0.25
TarvD7	ENSG00000186007.nuc.ord	ENSG00000186007.nuc.ord.treefile	24.0	0.41379310344827586
TarvD7	ENSG00000186009.nuc.ord	ENSG00000186009.nuc.ord.treefile	14.0	0.2916666666666667
TarvD7	ENSG00000186073.nuc.ord	ENSG00000186073.nuc.ord.treefile	58.0	0.90625
TarvD7	ENSG00000186075.nuc.ord	ENSG00000186075.nuc.ord.treefile	16.0	0.3076923076923077
TarvD7	ENSG00000186081.nuc.ord	ENSG00000186081.nuc.ord.treefile	24.0	0.41379310344827586
TarvD7	ENSG00000186088.nuc.ord	ENSG00000186088.nuc.ord.treefile	12.0	0.3157894736842105
TarvD7	ENSG00000186094.nuc.ord	ENSG00000186094.nuc.ord.treefile	16.0	0.25806451612903225
TarvD7	ENSG00000186104.nuc.ord	ENSG00000186104.nuc.ord.treefile	20.0	0.3225806451612903
TarvD7	ENSG00000186106.nuc.ord	ENSG00000186106.nuc.ord.treefile	28.0	0.4666666666666667
TarvD7	ENSG00000186130.nuc.ord	ENSG00000186130.nuc.ord.treefile	12.0	0.24
TarvD7	ENSG00000186132.nuc.ord	ENSG00000186132.nuc.ord.treefile	34.0	0.5483870967741935
TarvD7	ENSG00000186141.nuc.ord	ENSG00000186141.nuc.ord.treefile	16.0	0.27586206896551724
TarvD7	ENSG00000186153.nuc.ord	ENSG00000186153.nuc.ord.treefile	16.0	0.2962962962962963
TarvD7	ENSG00000186166.nuc.ord	ENSG00000186166.nuc.ord.treefile	22.0	0.36666666666666664
TarvD7	ENSG00000186174.nuc.ord	ENSG00000186174.nuc.ord.treefile	14.0	0.2916666666666667
TarvD7	ENSG00000186185.nuc.ord	ENSG00000186185.nuc.ord.treefile	28.0	0.4666666666666667
TarvD7	ENSG00000186187.nuc.ord	ENSG00000186187.nuc.ord.treefile	46.0	0.8214285714285714
TarvD7	ENSG00000186188.nuc.ord	ENSG00000186188.nuc.ord.treefile	18.0	0.3
TarvD7	ENSG00000186190.nuc.ord	ENSG00000186190.nuc.ord.treefile	14.0	0.28
TarvD7	ENSG00000186191.nuc.ord	ENSG00000186191.nuc.ord.treefile	36.0	0.6206896551724138
TarvD7	ENSG00000186197.nuc.ord	ENSG00000186197.nuc.ord.treefile	16.0	0.38095238095238093
TarvD7	ENSG00000186198.nuc.ord	ENSG00000186198.nuc.ord.treefile	14.0	0.25925925925925924
TarvD7	ENSG00000186231.nuc.ord	ENSG00000186231.nuc.ord.treefile	34.0	0.53125
TarvD7	ENSG00000186260.nuc.ord	ENSG00000186260.nuc.ord.treefile	16.0	0.25806451612903225
TarvD7	ENSG00000186265.nuc.ord	ENSG00000186265.nuc.ord.treefile	14.0	0.2916666666666667
TarvD7	ENSG00000186283.nuc.ord	ENSG00000186283.nuc.ord.treefile	10.0	0.17857142857142858
TarvD7	ENSG00000186297.nuc.ord	ENSG00000186297.nuc.ord.treefile	24.0	0.4444444444444444
TarvD7	ENSG00000186298.nuc.ord	ENSG00000186298.nuc.ord.treefile	30.0	0.5555555555555556
TarvD7	ENSG00000186314.nuc.ord	ENSG00000186314.nuc.ord.treefile	26.0	0.3939393939393939
TarvD7	ENSG00000186318.nuc.ord	ENSG00000186318.nuc.ord.treefile	34.0	0.5483870967741935
TarvD7	ENSG00000186326.nuc.ord	ENSG00000186326.nuc.ord.treefile	8.0	0.25
TarvD7	ENSG00000186329.nuc.ord	ENSG00000186329.nuc.ord.treefile	36.0	0.6428571428571429
TarvD7	ENSG00000186334.nuc.ord	ENSG00000186334.nuc.ord.treefile	26.0	0.4482758620689655
TarvD7	ENSG00000186340.nuc.ord	ENSG00000186340.nuc.ord.treefile	10.0	0.18518518518518517
TarvD7	ENSG00000186352.nuc.ord	ENSG00000186352.nuc.ord.treefile	38.0	0.6551724137931034
TarvD7	ENSG00000186364.nuc.ord	ENSG00000186364.nuc.ord.treefile	22.0	0.44
TarvD7	ENSG00000186367.nuc.ord	ENSG00000186367.nuc.ord.treefile	18.0	0.34615384615384615
TarvD7	ENSG00000186369.nuc.ord	ENSG00000186369.nuc.ord.treefile	42.0	0.75
TarvD7	ENSG00000186409.nuc.ord	ENSG00000186409.nuc.ord.treefile	30.0	0.45454545454545453
TarvD7	ENSG00000186416.nuc.ord	ENSG00000186416.nuc.ord.treefile	16.0	0.32
TarvD7	ENSG00000186417.nuc.ord	ENSG00000186417.nuc.ord.treefile	20.0	0.30303030303030304
TarvD7	ENSG00000186432.nuc.ord	ENSG00000186432.nuc.ord.treefile	30.0	0.5172413793103449
TarvD7	ENSG00000186439.nuc.ord	ENSG00000186439.nuc.ord.treefile	32.0	0.5333333333333333
TarvD7	ENSG00000186440.nuc.ord	ENSG00000186440.nuc.ord.treefile	12.0	0.3157894736842105
TarvD7	ENSG00000186452.nuc.ord	ENSG00000186452.nuc.ord.treefile	10.0	0.1724137931034483
TarvD7	ENSG00000186471.nuc.ord	ENSG00000186471.nuc.ord.treefile	26.0	0.5
TarvD7	ENSG00000186472.nuc.ord	ENSG00000186472.nuc.ord.treefile	10.0	0.16129032258064516
TarvD7	ENSG00000186479.nuc.ord	ENSG00000186479.nuc.ord.treefile	26.0	0.41935483870967744
TarvD7	ENSG00000186487.nuc.ord	ENSG00000186487.nuc.ord.treefile	32.0	0.5
TarvD7	ENSG00000186530.nuc.ord	ENSG00000186530.nuc.ord.treefile	14.0	0.23333333333333334
TarvD7	ENSG00000186532.nuc.ord	ENSG00000186532.nuc.ord.treefile	10.0	0.15151515151515152
TarvD7	ENSG00000186566.nuc.ord	ENSG00000186566.nuc.ord.treefile	20.0	0.37037037037037035
TarvD7	ENSG00000186567.nuc.ord	ENSG00000186567.nuc.ord.treefile	10.0	0.2777777777777778
TarvD7	ENSG00000186575.nuc.ord	ENSG00000186575.nuc.ord.treefile	30.0	0.5
TarvD7	ENSG00000186603.nuc.ord	ENSG00000186603.nuc.ord.treefile	20.0	0.43478260869565216
TarvD7	ENSG00000186625.nuc.ord	ENSG00000186625.nuc.ord.treefile	16.0	0.24242424242424243
TarvD7	ENSG00000186628.nuc.ord	ENSG00000186628.nuc.ord.treefile	22.0	0.3548387096774194
TarvD7	ENSG00000186629.nuc.ord	ENSG00000186629.nuc.ord.treefile	16.0	0.3076923076923077
TarvD7	ENSG00000186635.nuc.ord	ENSG00000186635.nuc.ord.treefile	20.0	0.3448275862068966
TarvD7	ENSG00000186638.nuc.ord	ENSG00000186638.nuc.ord.treefile	10.0	0.1724137931034483
TarvD7	ENSG00000186648.nuc.ord	ENSG00000186648.nuc.ord.treefile	22.0	0.4074074074074074
TarvD7	ENSG00000186660.nuc.ord	ENSG00000186660.nuc.ord.treefile	20.0	0.3225806451612903
TarvD7	ENSG00000186687.nuc.ord	ENSG00000186687.nuc.ord.treefile	48.0	0.8571428571428571
TarvD7	ENSG00000186714.nuc.ord	ENSG00000186714.nuc.ord.treefile	8.0	0.15384615384615385
TarvD7	ENSG00000186732.nuc.ord	ENSG00000186732.nuc.ord.treefile	34.0	0.6538461538461539
TarvD7	ENSG00000186792.nuc.ord	ENSG00000186792.nuc.ord.treefile	12.0	0.3333333333333333
TarvD7	ENSG00000186812.nuc.ord	ENSG00000186812.nuc.ord.treefile	10.0	0.29411764705882354
TarvD7	ENSG00000186815.nuc.ord	ENSG00000186815.nuc.ord.treefile	26.0	0.43333333333333335
TarvD7	ENSG00000186832.nuc.ord	ENSG00000186832.nuc.ord.treefile	26.0	0.6190476190476191
TarvD7	ENSG00000186847.nuc.ord	ENSG00000186847.nuc.ord.treefile	32.0	0.6666666666666666
TarvD7	ENSG00000186866.nuc.ord	ENSG00000186866.nuc.ord.treefile	26.0	0.48148148148148145
TarvD7	ENSG00000186868.nuc.ord	ENSG00000186868.nuc.ord.treefile	14.0	0.23333333333333334
TarvD7	ENSG00000186871.nuc.ord	ENSG00000186871.nuc.ord.treefile	10.0	0.21739130434782608
TarvD7	ENSG00000186889.nuc.ord	ENSG00000186889.nuc.ord.treefile	18.0	0.3
TarvD7	ENSG00000186895.nuc.ord	ENSG00000186895.nuc.ord.treefile	18.0	0.5
TarvD7	ENSG00000186897.nuc.ord	ENSG00000186897.nuc.ord.treefile	26.0	0.5416666666666666
TarvD7	ENSG00000186908.nuc.ord	ENSG00000186908.nuc.ord.treefile	32.0	0.5333333333333333
TarvD7	ENSG00000186910.nuc.ord	ENSG00000186910.nuc.ord.treefile	16.0	0.2857142857142857
TarvD7	ENSG00000186918.nuc.ord	ENSG00000186918.nuc.ord.treefile	20.0	0.3333333333333333
TarvD7	ENSG00000186951.nuc.ord	ENSG00000186951.nuc.ord.treefile	28.0	0.4666666666666667
TarvD7	ENSG00000186952.nuc.ord	ENSG00000186952.nuc.ord.treefile	24.0	0.36363636363636365
TarvD7	ENSG00000186976.nuc.ord	ENSG00000186976.nuc.ord.treefile	0.0	0.0
TarvD7	ENSG00000186994.nuc.ord	ENSG00000186994.nuc.ord.treefile	14.0	0.2916666666666667
TarvD7	ENSG00000186998.nuc.ord	ENSG00000186998.nuc.ord.treefile	30.0	0.6521739130434783
TarvD7	ENSG00000187003.nuc.ord	ENSG00000187003.nuc.ord.treefile	4.0	0.09523809523809523
TarvD7	ENSG00000187017.nuc.ord	ENSG00000187017.nuc.ord.treefile	20.0	0.43478260869565216
TarvD7	ENSG00000187021.nuc.ord	ENSG00000187021.nuc.ord.treefile	8.0	0.15384615384615385
TarvD7	ENSG00000187024.nuc.ord	ENSG00000187024.nuc.ord.treefile	24.0	0.5
TarvD7	ENSG00000187033.nuc.ord	ENSG00000187033.nuc.ord.treefile	12.0	0.1935483870967742
TarvD7	ENSG00000187037.nuc.ord	ENSG00000187037.nuc.ord.treefile	24.0	0.5217391304347826
TarvD7	ENSG00000187049.nuc.ord	ENSG00000187049.nuc.ord.treefile	34.0	0.6538461538461539
TarvD7	ENSG00000187054.nuc.ord	ENSG00000187054.nuc.ord.treefile	16.0	0.2857142857142857
TarvD7	ENSG00000187068.nuc.ord	ENSG00000187068.nuc.ord.treefile	40.0	0.6896551724137931
TarvD7	ENSG00000187079.nuc.ord	ENSG00000187079.nuc.ord.treefile	36.0	0.5454545454545454
TarvD7	ENSG00000187091.nuc.ord	ENSG00000187091.nuc.ord.treefile	18.0	0.375
TarvD7	ENSG00000187094.nuc.ord	ENSG00000187094.nuc.ord.treefile	28.0	0.4827586206896552
TarvD7	ENSG00000187097.nuc.ord	ENSG00000187097.nuc.ord.treefile	12.0	0.20689655172413793
TarvD7	ENSG00000187098.nuc.ord	ENSG00000187098.nuc.ord.treefile	22.0	0.3548387096774194
TarvD7	ENSG00000187122.nuc.ord	ENSG00000187122.nuc.ord.treefile	6.0	0.11538461538461539
TarvD7	ENSG00000187123.nuc.ord	ENSG00000187123.nuc.ord.treefile	30.0	0.5172413793103449
TarvD7	ENSG00000187135.nuc.ord	ENSG00000187135.nuc.ord.treefile	30.0	0.75
TarvD7	ENSG00000187164.nuc.ord	ENSG00000187164.nuc.ord.treefile	18.0	0.2727272727272727
TarvD7	ENSG00000187210.nuc.ord	ENSG00000187210.nuc.ord.treefile	12.0	0.23076923076923078
TarvD7	ENSG00000187231.nuc.ord	ENSG00000187231.nuc.ord.treefile	18.0	0.2727272727272727
TarvD7	ENSG00000187257.nuc.ord	ENSG00000187257.nuc.ord.treefile	18.0	0.2903225806451613
TarvD7	ENSG00000187258.nuc.ord	ENSG00000187258.nuc.ord.treefile	18.0	0.28125
TarvD7	ENSG00000187260.nuc.ord	ENSG00000187260.nuc.ord.treefile	10.0	0.20833333333333334
TarvD7	ENSG00000187288.nuc.ord	ENSG00000187288.nuc.ord.treefile	14.0	0.22580645161290322
TarvD7	ENSG00000187323.nuc.ord	ENSG00000187323.nuc.ord.treefile	14.0	0.21212121212121213
TarvD7	ENSG00000187398.nuc.ord	ENSG00000187398.nuc.ord.treefile	32.0	0.5333333333333333
TarvD7	ENSG00000187416.nuc.ord	ENSG00000187416.nuc.ord.treefile	30.0	0.7894736842105263
TarvD7	ENSG00000187446.nuc.ord	ENSG00000187446.nuc.ord.treefile	30.0	0.4838709677419355
TarvD7	ENSG00000187456.nuc.ord	ENSG00000187456.nuc.ord.treefile	16.0	0.3333333333333333
TarvD7	ENSG00000187486.nuc.ord	ENSG00000187486.nuc.ord.treefile	14.0	0.3333333333333333
TarvD7	ENSG00000187522.nuc.ord	ENSG00000187522.nuc.ord.treefile	12.0	0.1875
TarvD7	ENSG00000187527.nuc.ord	ENSG00000187527.nuc.ord.treefile	12.0	0.1935483870967742
TarvD7	ENSG00000187531.nuc.ord	ENSG00000187531.nuc.ord.treefile	14.0	0.30434782608695654
TarvD7	ENSG00000187546.nuc.ord	ENSG00000187546.nuc.ord.treefile	12.0	0.20689655172413793
TarvD7	ENSG00000187554.nuc.ord	ENSG00000187554.nuc.ord.treefile	6.0	0.16666666666666666
TarvD7	ENSG00000187555.nuc.ord	ENSG00000187555.nuc.ord.treefile	16.0	0.25
TarvD7	ENSG00000187566.nuc.ord	ENSG00000187566.nuc.ord.treefile	12.0	0.2857142857142857
TarvD7	ENSG00000187595.nuc.ord	ENSG00000187595.nuc.ord.treefile	20.0	0.4166666666666667
TarvD7	ENSG00000187605.nuc.ord	ENSG00000187605.nuc.ord.treefile	30.0	0.4838709677419355
TarvD7	ENSG00000187616.nuc.ord	ENSG00000187616.nuc.ord.treefile	22.0	0.5238095238095238
TarvD7	ENSG00000187642.nuc.ord	ENSG00000187642.nuc.ord.treefile	22.0	0.4583333333333333
TarvD7	ENSG00000187650.nuc.ord	ENSG00000187650.nuc.ord.treefile	22.0	0.55
TarvD7	ENSG00000187672.nuc.ord	ENSG00000187672.nuc.ord.treefile	12.0	0.1875
TarvD7	ENSG00000187676.nuc.ord	ENSG00000187676.nuc.ord.treefile	26.0	0.3939393939393939
TarvD7	ENSG00000187678.nuc.ord	ENSG00000187678.nuc.ord.treefile	16.0	0.4
TarvD7	ENSG00000187682.nuc.ord	ENSG00000187682.nuc.ord.treefile	16.0	0.4
TarvD7	ENSG00000187688.nuc.ord	ENSG00000187688.nuc.ord.treefile	22.0	0.3548387096774194
TarvD7	ENSG00000187689.nuc.ord	ENSG00000187689.nuc.ord.treefile	14.0	0.21875
TarvD7	ENSG00000187699.nuc.ord	ENSG00000187699.nuc.ord.treefile	20.0	0.45454545454545453
TarvD7	ENSG00000187715.nuc.ord	ENSG00000187715.nuc.ord.treefile	16.0	0.42105263157894735
TarvD7	ENSG00000187720.nuc.ord	ENSG00000187720.nuc.ord.treefile	6.0	0.10714285714285714
TarvD7	ENSG00000187726.nuc.ord	ENSG00000187726.nuc.ord.treefile	30.0	0.5172413793103449
TarvD7	ENSG00000187735.nuc.ord	ENSG00000187735.nuc.ord.treefile	20.0	0.43478260869565216
TarvD7	ENSG00000187736.nuc.ord	ENSG00000187736.nuc.ord.treefile	10.0	0.23809523809523808
TarvD7	ENSG00000187741.nuc.ord	ENSG00000187741.nuc.ord.treefile	4.0	0.06896551724137931
TarvD7	ENSG00000187742.nuc.ord	ENSG00000187742.nuc.ord.treefile	8.0	0.13333333333333333
TarvD7	ENSG00000187764.nuc.ord	ENSG00000187764.nuc.ord.treefile	12.0	0.21428571428571427
TarvD7	ENSG00000187772.nuc.ord	ENSG00000187772.nuc.ord.treefile	24.0	0.375
TarvD7	ENSG00000187778.nuc.ord	ENSG00000187778.nuc.ord.treefile	28.0	0.5
TarvD7	ENSG00000187790.nuc.ord	ENSG00000187790.nuc.ord.treefile	14.0	0.22580645161290322
TarvD7	ENSG00000187800.nuc.ord	ENSG00000187800.nuc.ord.treefile	10.0	0.17857142857142858
TarvD7	ENSG00000187806.nuc.ord	ENSG00000187806.nuc.ord.treefile	26.0	0.4642857142857143
TarvD7	ENSG00000187808.nuc.ord	ENSG00000187808.nuc.ord.treefile	8.0	0.4
TarvD7	ENSG00000187809.nuc.ord	ENSG00000187809.nuc.ord.treefile	12.0	0.3157894736842105
TarvD7	ENSG00000187821.nuc.ord	ENSG00000187821.nuc.ord.treefile	26.0	0.5416666666666666
TarvD7	ENSG00000187824.nuc.ord	ENSG00000187824.nuc.ord.treefile	16.0	0.27586206896551724
TarvD7	ENSG00000187857.nuc.ord	ENSG00000187857.nuc.ord.treefile	12.0	0.6
TarvD7	ENSG00000187860.nuc.ord	ENSG00000187860.nuc.ord.treefile	20.0	0.3225806451612903
TarvD7	ENSG00000187867.nuc.ord	ENSG00000187867.nuc.ord.treefile	24.0	0.6
TarvD7	ENSG00000187871.nuc.ord	ENSG00000187871.nuc.ord.treefile	18.0	0.2903225806451613
TarvD7	ENSG00000187918.nuc.ord	ENSG00000187918.nuc.ord.treefile	20.0	0.5263157894736842
TarvD7	ENSG00000187939.nuc.ord	ENSG00000187939.nuc.ord.treefile	18.0	0.5625
TarvD7	ENSG00000187942.nuc.ord	ENSG00000187942.nuc.ord.treefile	26.0	0.5416666666666666
TarvD7	ENSG00000187954.nuc.ord	ENSG00000187954.nuc.ord.treefile	28.0	0.5185185185185185
TarvD7	ENSG00000187955.nuc.ord	ENSG00000187955.nuc.ord.treefile	8.0	0.125
TarvD7	ENSG00000187957.nuc.ord	ENSG00000187957.nuc.ord.treefile	12.0	0.18181818181818182
TarvD7	ENSG00000187959.nuc.ord	ENSG00000187959.nuc.ord.treefile	30.0	0.7142857142857143
TarvD7	ENSG00000187980.nuc.ord	ENSG00000187980.nuc.ord.treefile	38.0	0.6551724137931034
TarvD7	ENSG00000187994.nuc.ord	ENSG00000187994.nuc.ord.treefile	20.0	0.4
TarvD7	ENSG00000187997.nuc.ord	ENSG00000187997.nuc.ord.treefile	18.0	0.5
TarvD7	ENSG00000188001.nuc.ord	ENSG00000188001.nuc.ord.treefile	18.0	0.2727272727272727
TarvD7	ENSG00000188010.nuc.ord	ENSG00000188010.nuc.ord.treefile	40.0	0.8
TarvD7	ENSG00000188022.nuc.ord	ENSG00000188022.nuc.ord.treefile	36.0	0.6206896551724138
TarvD7	ENSG00000188026.nuc.ord	ENSG00000188026.nuc.ord.treefile	32.0	0.5517241379310345
TarvD7	ENSG00000188032.nuc.ord	ENSG00000188032.nuc.ord.treefile	28.0	0.6363636363636364
TarvD7	ENSG00000188037.nuc.ord	ENSG00000188037.nuc.ord.treefile	16.0	0.27586206896551724
TarvD7	ENSG00000188038.nuc.ord	ENSG00000188038.nuc.ord.treefile	22.0	0.5238095238095238
TarvD7	ENSG00000188039.nuc.ord	ENSG00000188039.nuc.ord.treefile	16.0	0.3076923076923077
TarvD7	ENSG00000188051.nuc.ord	ENSG00000188051.nuc.ord.treefile	16.0	0.36363636363636365
TarvD7	ENSG00000188086.nuc.ord	ENSG00000188086.nuc.ord.treefile	20.0	0.38461538461538464
TarvD7	ENSG00000188089.nuc.ord	ENSG00000188089.nuc.ord.treefile	8.0	0.13333333333333333
TarvD7	ENSG00000188130.nuc.ord	ENSG00000188130.nuc.ord.treefile	22.0	0.4074074074074074
TarvD7	ENSG00000188133.nuc.ord	ENSG00000188133.nuc.ord.treefile	24.0	0.48
TarvD7	ENSG00000188153.nuc.ord	ENSG00000188153.nuc.ord.treefile	8.0	0.13333333333333333
TarvD7	ENSG00000188158.nuc.ord	ENSG00000188158.nuc.ord.treefile	10.0	0.15625
TarvD7	ENSG00000188162.nuc.ord	ENSG00000188162.nuc.ord.treefile	8.0	0.13333333333333333
TarvD7	ENSG00000188167.nuc.ord	ENSG00000188167.nuc.ord.treefile	6.0	0.1875
TarvD7	ENSG00000188175.nuc.ord	ENSG00000188175.nuc.ord.treefile	20.0	0.3225806451612903
TarvD7	ENSG00000188176.nuc.ord	ENSG00000188176.nuc.ord.treefile	20.0	0.37037037037037035
TarvD7	ENSG00000188177.nuc.ord	ENSG00000188177.nuc.ord.treefile	10.0	0.15625
TarvD7	ENSG00000188186.nuc.ord	ENSG00000188186.nuc.ord.treefile	24.0	0.5217391304347826
TarvD7	ENSG00000188215.nuc.ord	ENSG00000188215.nuc.ord.treefile	24.0	0.4444444444444444
TarvD7	ENSG00000188243.nuc.ord	ENSG00000188243.nuc.ord.treefile	32.0	0.6956521739130435
TarvD7	ENSG00000188266.nuc.ord	ENSG00000188266.nuc.ord.treefile	16.0	0.2857142857142857
TarvD7	ENSG00000188282.nuc.ord	ENSG00000188282.nuc.ord.treefile	12.0	0.25
TarvD7	ENSG00000188306.nuc.ord	ENSG00000188306.nuc.ord.treefile	16.0	0.26666666666666666
TarvD7	ENSG00000188312.nuc.ord	ENSG00000188312.nuc.ord.treefile	32.0	0.5517241379310345
TarvD7	ENSG00000188315.nuc.ord	ENSG00000188315.nuc.ord.treefile	20.0	0.4
TarvD7	ENSG00000188316.nuc.ord	ENSG00000188316.nuc.ord.treefile	12.0	0.18181818181818182
TarvD7	ENSG00000188334.nuc.ord	ENSG00000188334.nuc.ord.treefile	30.0	0.7894736842105263
TarvD7	ENSG00000188342.nuc.ord	ENSG00000188342.nuc.ord.treefile	32.0	0.5714285714285714
TarvD7	ENSG00000188352.nuc.ord	ENSG00000188352.nuc.ord.treefile	10.0	0.15151515151515152
TarvD7	ENSG00000188368.nuc.ord	ENSG00000188368.nuc.ord.treefile	20.0	0.45454545454545453
TarvD7	ENSG00000188372.nuc.ord	ENSG00000188372.nuc.ord.treefile	18.0	0.3
TarvD7	ENSG00000188394.nuc.ord	ENSG00000188394.nuc.ord.treefile	14.0	0.35
TarvD7	ENSG00000188396.nuc.ord	ENSG00000188396.nuc.ord.treefile	16.0	0.38095238095238093
TarvD7	ENSG00000188404.nuc.ord	ENSG00000188404.nuc.ord.treefile	8.0	0.14285714285714285
TarvD7	ENSG00000188452.nuc.ord	ENSG00000188452.nuc.ord.treefile	16.0	0.25
TarvD7	ENSG00000188467.nuc.ord	ENSG00000188467.nuc.ord.treefile	8.0	0.12903225806451613
TarvD7	ENSG00000188486.nuc.ord	ENSG00000188486.nuc.ord.treefile	32.0	0.8421052631578947
TarvD7	ENSG00000188487.nuc.ord	ENSG00000188487.nuc.ord.treefile	32.0	0.48484848484848486
TarvD7	ENSG00000188488.nuc.ord	ENSG00000188488.nuc.ord.treefile	8.0	0.16666666666666666
TarvD7	ENSG00000188493.nuc.ord	ENSG00000188493.nuc.ord.treefile	36.0	0.6206896551724138
TarvD7	ENSG00000188501.nuc.ord	ENSG00000188501.nuc.ord.treefile	26.0	0.41935483870967744
TarvD7	ENSG00000188505.nuc.ord	ENSG00000188505.nuc.ord.treefile	26.0	0.6190476190476191
TarvD7	ENSG00000188508.nuc.ord	ENSG00000188508.nuc.ord.treefile	34.0	0.6071428571428571
TarvD7	ENSG00000188517.nuc.ord	ENSG00000188517.nuc.ord.treefile	22.0	0.34375
TarvD7	ENSG00000188542.nuc.ord	ENSG00000188542.nuc.ord.treefile	18.0	0.47368421052631576
TarvD7	ENSG00000188549.nuc.ord	ENSG00000188549.nuc.ord.treefile	10.0	0.18518518518518517
TarvD7	ENSG00000188559.nuc.ord	ENSG00000188559.nuc.ord.treefile	12.0	0.18181818181818182
TarvD7	ENSG00000188596.nuc.ord	ENSG00000188596.nuc.ord.treefile	28.0	0.42424242424242425
TarvD7	ENSG00000188603.nuc.ord	ENSG00000188603.nuc.ord.treefile	12.0	0.20689655172413793
TarvD7	ENSG00000188620.nuc.ord	ENSG00000188620.nuc.ord.treefile	24.0	0.5714285714285714
TarvD7	ENSG00000188641.nuc.ord	ENSG00000188641.nuc.ord.treefile	24.0	0.375
TarvD7	ENSG00000188647.nuc.ord	ENSG00000188647.nuc.ord.treefile	18.0	0.3
TarvD7	ENSG00000188674.nuc.ord	ENSG00000188674.nuc.ord.treefile	32.0	0.5517241379310345
TarvD7	ENSG00000188677.nuc.ord	ENSG00000188677.nuc.ord.treefile	32.0	0.5517241379310345
TarvD7	ENSG00000188687.nuc.ord	ENSG00000188687.nuc.ord.treefile	18.0	0.3
TarvD7	ENSG00000188690.nuc.ord	ENSG00000188690.nuc.ord.treefile	30.0	0.5172413793103449
TarvD7	ENSG00000188706.nuc.ord	ENSG00000188706.nuc.ord.treefile	12.0	0.2
TarvD7	ENSG00000188710.nuc.ord	ENSG00000188710.nuc.ord.treefile	8.0	0.21052631578947367
TarvD7	ENSG00000188716.nuc.ord	ENSG00000188716.nuc.ord.treefile	32.0	0.6153846153846154
TarvD7	ENSG00000188729.nuc.ord	ENSG00000188729.nuc.ord.treefile	20.0	0.3333333333333333
TarvD7	ENSG00000188730.nuc.ord	ENSG00000188730.nuc.ord.treefile	26.0	0.52
TarvD7	ENSG00000188732.nuc.ord	ENSG00000188732.nuc.ord.treefile	20.0	0.35714285714285715
TarvD7	ENSG00000188735.nuc.ord	ENSG00000188735.nuc.ord.treefile	32.0	0.5517241379310345
TarvD7	ENSG00000188738.nuc.ord	ENSG00000188738.nuc.ord.treefile	10.0	0.18518518518518517
TarvD7	ENSG00000188739.nuc.ord	ENSG00000188739.nuc.ord.treefile	10.0	0.1724137931034483
TarvD7	ENSG00000188761.nuc.ord	ENSG00000188761.nuc.ord.treefile	24.0	0.41379310344827586
TarvD7	ENSG00000188771.nuc.ord	ENSG00000188771.nuc.ord.treefile	16.0	0.3333333333333333
TarvD7	ENSG00000188779.nuc.ord	ENSG00000188779.nuc.ord.treefile	16.0	0.3076923076923077
TarvD7	ENSG00000188782.nuc.ord	ENSG00000188782.nuc.ord.treefile	10.0	0.1724137931034483
TarvD7	ENSG00000188784.nuc.ord	ENSG00000188784.nuc.ord.treefile	36.0	0.72
TarvD7	ENSG00000188786.nuc.ord	ENSG00000188786.nuc.ord.treefile	26.0	0.3939393939393939
TarvD7	ENSG00000188800.nuc.ord	ENSG00000188800.nuc.ord.treefile	24.0	0.46153846153846156
TarvD7	ENSG00000188811.nuc.ord	ENSG00000188811.nuc.ord.treefile	18.0	0.3
TarvD7	ENSG00000188816.nuc.ord	ENSG00000188816.nuc.ord.treefile	30.0	0.5769230769230769
TarvD7	ENSG00000188817.nuc.ord	ENSG00000188817.nuc.ord.treefile	22.0	0.3793103448275862
TarvD7	ENSG00000188820.nuc.ord	ENSG00000188820.nuc.ord.treefile	20.0	0.4166666666666667
TarvD7	ENSG00000188822.nuc.ord	ENSG00000188822.nuc.ord.treefile	16.0	0.34782608695652173
TarvD7	ENSG00000188828.nuc.ord	ENSG00000188828.nuc.ord.treefile	26.0	0.40625
TarvD7	ENSG00000188859.nuc.ord	ENSG00000188859.nuc.ord.treefile	40.0	0.6451612903225806
TarvD7	ENSG00000188869.nuc.ord	ENSG00000188869.nuc.ord.treefile	28.0	0.5
TarvD7	ENSG00000188878.nuc.ord	ENSG00000188878.nuc.ord.treefile	10.0	0.19230769230769232
TarvD7	ENSG00000188883.nuc.ord	ENSG00000188883.nuc.ord.treefile	12.0	0.3333333333333333
TarvD7	ENSG00000188888.nuc.ord	ENSG00000188888.nuc.ord.treefile	6.0	0.10714285714285714
TarvD7	ENSG00000188895.nuc.ord	ENSG00000188895.nuc.ord.treefile	32.0	0.5
TarvD7	ENSG00000188906.nuc.ord	ENSG00000188906.nuc.ord.treefile	22.0	0.3548387096774194
TarvD7	ENSG00000188909.nuc.ord	ENSG00000188909.nuc.ord.treefile	14.0	0.2413793103448276
TarvD7	ENSG00000188910.nuc.ord	ENSG00000188910.nuc.ord.treefile	22.0	0.5238095238095238
TarvD7	ENSG00000188917.nuc.ord	ENSG00000188917.nuc.ord.treefile	16.0	0.3076923076923077
TarvD7	ENSG00000188921.nuc.ord	ENSG00000188921.nuc.ord.treefile	24.0	0.375
TarvD7	ENSG00000188931.nuc.ord	ENSG00000188931.nuc.ord.treefile	28.0	0.5833333333333334
TarvD7	ENSG00000188981.nuc.ord	ENSG00000188981.nuc.ord.treefile	30.0	0.6
TarvD7	ENSG00000188986.nuc.ord	ENSG00000188986.nuc.ord.treefile	16.0	0.3076923076923077
TarvD7	ENSG00000188991.nuc.ord	ENSG00000188991.nuc.ord.treefile	16.0	0.25806451612903225
TarvD7	ENSG00000188994.nuc.ord	ENSG00000188994.nuc.ord.treefile	6.0	0.10714285714285714
TarvD7	ENSG00000188997.nuc.ord	ENSG00000188997.nuc.ord.treefile	26.0	0.5909090909090909
TarvD7	ENSG00000189007.nuc.ord	ENSG00000189007.nuc.ord.treefile	40.0	0.6451612903225806
TarvD7	ENSG00000189045.nuc.ord	ENSG00000189045.nuc.ord.treefile	24.0	0.4
TarvD7	ENSG00000189046.nuc.ord	ENSG00000189046.nuc.ord.treefile	20.0	0.3448275862068966
TarvD7	ENSG00000189050.nuc.ord	ENSG00000189050.nuc.ord.treefile	16.0	0.3076923076923077
TarvD7	ENSG00000189056.nuc.ord	ENSG00000189056.nuc.ord.treefile	8.0	0.13333333333333333
TarvD7	ENSG00000189058.nuc.ord	ENSG00000189058.nuc.ord.treefile	16.0	0.26666666666666666
TarvD7	ENSG00000189067.nuc.ord	ENSG00000189067.nuc.ord.treefile	24.0	0.46153846153846156
TarvD7	ENSG00000189079.nuc.ord	ENSG00000189079.nuc.ord.treefile	12.0	0.1875
TarvD7	ENSG00000189091.nuc.ord	ENSG00000189091.nuc.ord.treefile	16.0	0.24242424242424243
TarvD7	ENSG00000189099.nuc.ord	ENSG00000189099.nuc.ord.treefile	14.0	0.3333333333333333
TarvD7	ENSG00000189108.nuc.ord	ENSG00000189108.nuc.ord.treefile	12.0	0.2608695652173913
TarvD7	ENSG00000189114.nuc.ord	ENSG00000189114.nuc.ord.treefile	6.0	0.2727272727272727
TarvD7	ENSG00000189139.nuc.ord	ENSG00000189139.nuc.ord.treefile	20.0	0.5555555555555556
TarvD7	ENSG00000189159.nuc.ord	ENSG00000189159.nuc.ord.treefile	36.0	0.6428571428571429
TarvD7	ENSG00000189171.nuc.ord	ENSG00000189171.nuc.ord.treefile	34.0	0.7391304347826086
TarvD7	ENSG00000189184.nuc.ord	ENSG00000189184.nuc.ord.treefile	36.0	0.5625
TarvD7	ENSG00000189195.nuc.ord	ENSG00000189195.nuc.ord.treefile	20.0	0.3333333333333333
TarvD7	ENSG00000189221.nuc.ord	ENSG00000189221.nuc.ord.treefile	20.0	0.3125
TarvD7	ENSG00000189233.nuc.ord	ENSG00000189233.nuc.ord.treefile	14.0	0.23333333333333334
TarvD7	ENSG00000189280.nuc.ord	ENSG00000189280.nuc.ord.treefile	20.0	0.5
TarvD7	ENSG00000189283.nuc.ord	ENSG00000189283.nuc.ord.treefile	34.0	0.53125
TarvD7	ENSG00000189292.nuc.ord	ENSG00000189292.nuc.ord.treefile	24.0	0.5217391304347826
TarvD7	ENSG00000189308.nuc.ord	ENSG00000189308.nuc.ord.treefile	34.0	0.5151515151515151
TarvD7	ENSG00000189320.nuc.ord	ENSG00000189320.nuc.ord.treefile	24.0	0.4
TarvD7	ENSG00000189337.nuc.ord	ENSG00000189337.nuc.ord.treefile	28.0	0.5
TarvD7	ENSG00000189350.nuc.ord	ENSG00000189350.nuc.ord.treefile	20.0	0.3333333333333333
TarvD7	ENSG00000189367.nuc.ord	ENSG00000189367.nuc.ord.treefile	10.0	0.2631578947368421
TarvD7	ENSG00000189376.nuc.ord	ENSG00000189376.nuc.ord.treefile	16.0	0.27586206896551724
TarvD7	ENSG00000196074.nuc.ord	ENSG00000196074.nuc.ord.treefile	10.0	0.15625
TarvD7	ENSG00000196083.nuc.ord	ENSG00000196083.nuc.ord.treefile	44.0	0.6875
TarvD7	ENSG00000196091.nuc.ord	ENSG00000196091.nuc.ord.treefile	18.0	0.28125
TarvD7	ENSG00000196092.nuc.ord	ENSG00000196092.nuc.ord.treefile	28.0	0.45161290322580644
TarvD7	ENSG00000196104.nuc.ord	ENSG00000196104.nuc.ord.treefile	32.0	0.5714285714285714
TarvD7	ENSG00000196116.nuc.ord	ENSG00000196116.nuc.ord.treefile	4.0	0.0625
TarvD7	ENSG00000196118.nuc.ord	ENSG00000196118.nuc.ord.treefile	16.0	0.2857142857142857
TarvD7	ENSG00000196132.nuc.ord	ENSG00000196132.nuc.ord.treefile	8.0	0.14814814814814814
TarvD7	ENSG00000196141.nuc.ord	ENSG00000196141.nuc.ord.treefile	24.0	0.375
TarvD7	ENSG00000196151.nuc.ord	ENSG00000196151.nuc.ord.treefile	12.0	0.1935483870967742
TarvD7	ENSG00000196154.nuc.ord	ENSG00000196154.nuc.ord.treefile	26.0	0.5
TarvD7	ENSG00000196155.nuc.ord	ENSG00000196155.nuc.ord.treefile	12.0	0.23076923076923078
TarvD7	ENSG00000196159.nuc.ord	ENSG00000196159.nuc.ord.treefile	12.0	0.2222222222222222
TarvD7	ENSG00000196169.nuc.ord	ENSG00000196169.nuc.ord.treefile	34.0	0.68
TarvD7	ENSG00000196171.nuc.ord	ENSG00000196171.nuc.ord.treefile	12.0	0.5454545454545454
TarvD7	ENSG00000196177.nuc.ord	ENSG00000196177.nuc.ord.treefile	26.0	0.41935483870967744
TarvD7	ENSG00000196187.nuc.ord	ENSG00000196187.nuc.ord.treefile	26.0	0.43333333333333335
TarvD7	ENSG00000196188.nuc.ord	ENSG00000196188.nuc.ord.treefile	24.0	0.4444444444444444
TarvD7	ENSG00000196189.nuc.ord	ENSG00000196189.nuc.ord.treefile	6.0	0.1111111111111111
TarvD7	ENSG00000196199.nuc.ord	ENSG00000196199.nuc.ord.treefile	14.0	0.23333333333333334
TarvD7	ENSG00000196220.nuc.ord	ENSG00000196220.nuc.ord.treefile	22.0	0.36666666666666664
TarvD7	ENSG00000196227.nuc.ord	ENSG00000196227.nuc.ord.treefile	8.0	0.19047619047619047
TarvD7	ENSG00000196233.nuc.ord	ENSG00000196233.nuc.ord.treefile	38.0	0.6785714285714286
TarvD7	ENSG00000196236.nuc.ord	ENSG00000196236.nuc.ord.treefile	20.0	0.3225806451612903
TarvD7	ENSG00000196277.nuc.ord	ENSG00000196277.nuc.ord.treefile	28.0	0.4375
TarvD7	ENSG00000196284.nuc.ord	ENSG00000196284.nuc.ord.treefile	28.0	0.42424242424242425
TarvD7	ENSG00000196290.nuc.ord	ENSG00000196290.nuc.ord.treefile	32.0	0.5333333333333333
TarvD7	ENSG00000196296.nuc.ord	ENSG00000196296.nuc.ord.treefile	26.0	0.4642857142857143
TarvD7	ENSG00000196305.nuc.ord	ENSG00000196305.nuc.ord.treefile	20.0	0.3125
TarvD7	ENSG00000196323.nuc.ord	ENSG00000196323.nuc.ord.treefile	30.0	0.5357142857142857
TarvD7	ENSG00000196335.nuc.ord	ENSG00000196335.nuc.ord.treefile	10.0	0.16129032258064516
TarvD7	ENSG00000196338.nuc.ord	ENSG00000196338.nuc.ord.treefile	14.0	0.2692307692307692
TarvD7	ENSG00000196344.nuc.ord	ENSG00000196344.nuc.ord.treefile	26.0	0.6190476190476191
TarvD7	ENSG00000196353.nuc.ord	ENSG00000196353.nuc.ord.treefile	32.0	0.5
TarvD7	ENSG00000196365.nuc.ord	ENSG00000196365.nuc.ord.treefile	12.0	0.2727272727272727
TarvD7	ENSG00000196367.nuc.ord	ENSG00000196367.nuc.ord.treefile	28.0	0.4375
TarvD7	ENSG00000196372.nuc.ord	ENSG00000196372.nuc.ord.treefile	32.0	0.5714285714285714
TarvD7	ENSG00000196376.nuc.ord	ENSG00000196376.nuc.ord.treefile	20.0	0.3125
TarvD7	ENSG00000196396.nuc.ord	ENSG00000196396.nuc.ord.treefile	24.0	0.42857142857142855
TarvD7	ENSG00000196405.nuc.ord	ENSG00000196405.nuc.ord.treefile	14.0	0.2692307692307692
TarvD7	ENSG00000196408.nuc.ord	ENSG00000196408.nuc.ord.treefile	8.0	0.15384615384615385
TarvD7	ENSG00000196411.nuc.ord	ENSG00000196411.nuc.ord.treefile	12.0	0.21428571428571427
TarvD7	ENSG00000196419.nuc.ord	ENSG00000196419.nuc.ord.treefile	18.0	0.32142857142857145
TarvD7	ENSG00000196420.nuc.ord	ENSG00000196420.nuc.ord.treefile	30.0	0.625
TarvD7	ENSG00000196422.nuc.ord	ENSG00000196422.nuc.ord.treefile	14.0	0.28
TarvD7	ENSG00000196428.nuc.ord	ENSG00000196428.nuc.ord.treefile	26.0	0.5416666666666666
TarvD7	ENSG00000196431.nuc.ord	ENSG00000196431.nuc.ord.treefile	22.0	0.4583333333333333
TarvD7	ENSG00000196449.nuc.ord	ENSG00000196449.nuc.ord.treefile	26.0	0.4482758620689655
TarvD7	ENSG00000196453.nuc.ord	ENSG00000196453.nuc.ord.treefile	16.0	0.2857142857142857
TarvD7	ENSG00000196455.nuc.ord	ENSG00000196455.nuc.ord.treefile	22.0	0.34375
TarvD7	ENSG00000196465.nuc.ord	ENSG00000196465.nuc.ord.treefile	24.0	0.5
TarvD7	ENSG00000196476.nuc.ord	ENSG00000196476.nuc.ord.treefile	12.0	0.24
TarvD7	ENSG00000196482.nuc.ord	ENSG00000196482.nuc.ord.treefile	30.0	0.5555555555555556
TarvD7	ENSG00000196497.nuc.ord	ENSG00000196497.nuc.ord.treefile	10.0	0.17857142857142858
TarvD7	ENSG00000196503.nuc.ord	ENSG00000196503.nuc.ord.treefile	26.0	0.48148148148148145
TarvD7	ENSG00000196504.nuc.ord	ENSG00000196504.nuc.ord.treefile	16.0	0.25
TarvD7	ENSG00000196505.nuc.ord	ENSG00000196505.nuc.ord.treefile	18.0	0.28125
TarvD7	ENSG00000196510.nuc.ord	ENSG00000196510.nuc.ord.treefile	22.0	0.36666666666666664
TarvD7	ENSG00000196511.nuc.ord	ENSG00000196511.nuc.ord.treefile	16.0	0.25806451612903225
TarvD7	ENSG00000196526.nuc.ord	ENSG00000196526.nuc.ord.treefile	22.0	0.3793103448275862
TarvD7	ENSG00000196535.nuc.ord	ENSG00000196535.nuc.ord.treefile	16.0	0.25
TarvD7	ENSG00000196547.nuc.ord	ENSG00000196547.nuc.ord.treefile	24.0	0.41379310344827586
TarvD7	ENSG00000196549.nuc.ord	ENSG00000196549.nuc.ord.treefile	28.0	0.4375
TarvD7	ENSG00000196569.nuc.ord	ENSG00000196569.nuc.ord.treefile	6.0	0.09375
TarvD7	ENSG00000196570.nuc.ord	ENSG00000196570.nuc.ord.treefile	16.0	0.5714285714285714
TarvD7	ENSG00000196576.nuc.ord	ENSG00000196576.nuc.ord.treefile	20.0	0.35714285714285715
TarvD7	ENSG00000196581.nuc.ord	ENSG00000196581.nuc.ord.treefile	10.0	0.2
TarvD7	ENSG00000196584.nuc.ord	ENSG00000196584.nuc.ord.treefile	12.0	0.23076923076923078
TarvD7	ENSG00000196586.nuc.ord	ENSG00000196586.nuc.ord.treefile	24.0	0.3870967741935484
TarvD7	ENSG00000196588.nuc.ord	ENSG00000196588.nuc.ord.treefile	8.0	0.13793103448275862
TarvD7	ENSG00000196591.nuc.ord	ENSG00000196591.nuc.ord.treefile	12.0	0.2857142857142857
TarvD7	ENSG00000196628.nuc.ord	ENSG00000196628.nuc.ord.treefile	20.0	0.3225806451612903
TarvD7	ENSG00000196632.nuc.ord	ENSG00000196632.nuc.ord.treefile	10.0	0.16666666666666666
TarvD7	ENSG00000196636.nuc.ord	ENSG00000196636.nuc.ord.treefile	28.0	0.5384615384615384
TarvD7	ENSG00000196639.nuc.ord	ENSG00000196639.nuc.ord.treefile	20.0	0.47619047619047616
TarvD7	ENSG00000196652.nuc.ord	ENSG00000196652.nuc.ord.treefile	22.0	0.39285714285714285
TarvD7	ENSG00000196660.nuc.ord	ENSG00000196660.nuc.ord.treefile	14.0	0.21875
TarvD7	ENSG00000196663.nuc.ord	ENSG00000196663.nuc.ord.treefile	10.0	0.16129032258064516
TarvD7	ENSG00000196678.nuc.ord	ENSG00000196678.nuc.ord.treefile	8.0	0.14285714285714285
TarvD7	ENSG00000196684.nuc.ord	ENSG00000196684.nuc.ord.treefile	18.0	0.34615384615384615
TarvD7	ENSG00000196689.nuc.ord	ENSG00000196689.nuc.ord.treefile	10.0	0.16666666666666666
TarvD7	ENSG00000196704.nuc.ord	ENSG00000196704.nuc.ord.treefile	14.0	0.2916666666666667
TarvD7	ENSG00000196730.nuc.ord	ENSG00000196730.nuc.ord.treefile	28.0	0.42424242424242425
TarvD7	ENSG00000196739.nuc.ord	ENSG00000196739.nuc.ord.treefile	10.0	0.18518518518518517
TarvD7	ENSG00000196743.nuc.ord	ENSG00000196743.nuc.ord.treefile	32.0	0.5333333333333333
TarvD7	ENSG00000196767.nuc.ord	ENSG00000196767.nuc.ord.treefile	18.0	0.42857142857142855
TarvD7	ENSG00000196781.nuc.ord	ENSG00000196781.nuc.ord.treefile	18.0	0.2727272727272727
TarvD7	ENSG00000196782.nuc.ord	ENSG00000196782.nuc.ord.treefile	14.0	0.25
TarvD7	ENSG00000196792.nuc.ord	ENSG00000196792.nuc.ord.treefile	16.0	0.25
TarvD7	ENSG00000196811.nuc.ord	ENSG00000196811.nuc.ord.treefile	22.0	0.44
TarvD7	ENSG00000196814.nuc.ord	ENSG00000196814.nuc.ord.treefile	16.0	0.25
TarvD7	ENSG00000196821.nuc.ord	ENSG00000196821.nuc.ord.treefile	34.0	0.5862068965517241
TarvD7	ENSG00000196839.nuc.ord	ENSG00000196839.nuc.ord.treefile	22.0	0.36666666666666664
TarvD7	ENSG00000196844.nuc.ord	ENSG00000196844.nuc.ord.treefile	32.0	0.5925925925925926
TarvD7	ENSG00000196850.nuc.ord	ENSG00000196850.nuc.ord.treefile	36.0	0.5625
TarvD7	ENSG00000196859.nuc.ord	ENSG00000196859.nuc.ord.treefile	10.0	0.18518518518518517
TarvD7	ENSG00000196860.nuc.ord	ENSG00000196860.nuc.ord.treefile	20.0	0.4166666666666667
TarvD7	ENSG00000196865.nuc.ord	ENSG00000196865.nuc.ord.treefile	20.0	0.30303030303030304
TarvD7	ENSG00000196872.nuc.ord	ENSG00000196872.nuc.ord.treefile	28.0	0.5384615384615384
TarvD7	ENSG00000196876.nuc.ord	ENSG00000196876.nuc.ord.treefile	28.0	0.4666666666666667
TarvD7	ENSG00000196878.nuc.ord	ENSG00000196878.nuc.ord.treefile	8.0	0.14285714285714285
TarvD7	ENSG00000196900.nuc.ord	ENSG00000196900.nuc.ord.treefile	24.0	0.5454545454545454
TarvD7	ENSG00000196914.nuc.ord	ENSG00000196914.nuc.ord.treefile	14.0	0.21875
TarvD7	ENSG00000196917.nuc.ord	ENSG00000196917.nuc.ord.treefile	24.0	0.5454545454545454
TarvD7	ENSG00000196932.nuc.ord	ENSG00000196932.nuc.ord.treefile	18.0	0.2903225806451613
TarvD7	ENSG00000196935.nuc.ord	ENSG00000196935.nuc.ord.treefile	30.0	0.46875
TarvD7	ENSG00000196937.nuc.ord	ENSG00000196937.nuc.ord.treefile	32.0	0.5161290322580645
TarvD7	ENSG00000196943.nuc.ord	ENSG00000196943.nuc.ord.treefile	10.0	0.16666666666666666
TarvD7	ENSG00000196950.nuc.ord	ENSG00000196950.nuc.ord.treefile	30.0	0.5357142857142857
TarvD7	ENSG00000196968.nuc.ord	ENSG00000196968.nuc.ord.treefile	24.0	0.41379310344827586
TarvD7	ENSG00000196975.nuc.ord	ENSG00000196975.nuc.ord.treefile	34.0	0.53125
TarvD7	ENSG00000196981.nuc.ord	ENSG00000196981.nuc.ord.treefile	18.0	0.375
TarvD7	ENSG00000196998.nuc.ord	ENSG00000196998.nuc.ord.treefile	20.0	0.43478260869565216
TarvD7	ENSG00000197006.nuc.ord	ENSG00000197006.nuc.ord.treefile	30.0	0.5
TarvD7	ENSG00000197024.nuc.ord	ENSG00000197024.nuc.ord.treefile	16.0	0.32
TarvD7	ENSG00000197037.nuc.ord	ENSG00000197037.nuc.ord.treefile	10.0	0.21739130434782608
TarvD7	ENSG00000197043.nuc.ord	ENSG00000197043.nuc.ord.treefile	20.0	0.38461538461538464
TarvD7	ENSG00000197065.nuc.ord	ENSG00000197065.nuc.ord.treefile	26.0	0.52
TarvD7	ENSG00000197070.nuc.ord	ENSG00000197070.nuc.ord.treefile	22.0	0.4583333333333333
TarvD7	ENSG00000197079.nuc.ord	ENSG00000197079.nuc.ord.treefile	10.0	0.18518518518518517
TarvD7	ENSG00000197081.nuc.ord	ENSG00000197081.nuc.ord.treefile	10.0	0.16666666666666666
TarvD7	ENSG00000197102.nuc.ord	ENSG00000197102.nuc.ord.treefile	30.0	0.4838709677419355
TarvD7	ENSG00000197106.nuc.ord	ENSG00000197106.nuc.ord.treefile	26.0	0.4482758620689655
TarvD7	ENSG00000197111.nuc.ord	ENSG00000197111.nuc.ord.treefile	34.0	0.68
TarvD7	ENSG00000197114.nuc.ord	ENSG00000197114.nuc.ord.treefile	8.0	0.13793103448275862
TarvD7	ENSG00000197119.nuc.ord	ENSG00000197119.nuc.ord.treefile	30.0	0.6
TarvD7	ENSG00000197121.nuc.ord	ENSG00000197121.nuc.ord.treefile	8.0	0.14814814814814814
TarvD7	ENSG00000197140.nuc.ord	ENSG00000197140.nuc.ord.treefile	12.0	0.2
TarvD7	ENSG00000197142.nuc.ord	ENSG00000197142.nuc.ord.treefile	14.0	0.23333333333333334
TarvD7	ENSG00000197147.nuc.ord	ENSG00000197147.nuc.ord.treefile	12.0	0.2222222222222222
TarvD7	ENSG00000197150.nuc.ord	ENSG00000197150.nuc.ord.treefile	10.0	0.17857142857142858
TarvD7	ENSG00000197157.nuc.ord	ENSG00000197157.nuc.ord.treefile	10.0	0.15625
TarvD7	ENSG00000197168.nuc.ord	ENSG00000197168.nuc.ord.treefile	10.0	0.16666666666666666
TarvD7	ENSG00000197170.nuc.ord	ENSG00000197170.nuc.ord.treefile	32.0	0.5
TarvD7	ENSG00000197181.nuc.ord	ENSG00000197181.nuc.ord.treefile	10.0	0.15625
TarvD7	ENSG00000197208.nuc.ord	ENSG00000197208.nuc.ord.treefile	18.0	0.2903225806451613
TarvD7	ENSG00000197217.nuc.ord	ENSG00000197217.nuc.ord.treefile	14.0	0.21212121212121213
TarvD7	ENSG00000197223.nuc.ord	ENSG00000197223.nuc.ord.treefile	16.0	0.6666666666666666
TarvD7	ENSG00000197241.nuc.ord	ENSG00000197241.nuc.ord.treefile	16.0	0.36363636363636365
TarvD7	ENSG00000197265.nuc.ord	ENSG00000197265.nuc.ord.treefile	26.0	0.41935483870967744
TarvD7	ENSG00000197272.nuc.ord	ENSG00000197272.nuc.ord.treefile	14.0	0.4117647058823529
TarvD7	ENSG00000197273.nuc.ord	ENSG00000197273.nuc.ord.treefile	30.0	0.5555555555555556
TarvD7	ENSG00000197275.nuc.ord	ENSG00000197275.nuc.ord.treefile	12.0	0.1935483870967742
TarvD7	ENSG00000197283.nuc.ord	ENSG00000197283.nuc.ord.treefile	26.0	0.4642857142857143
TarvD7	ENSG00000197296.nuc.ord	ENSG00000197296.nuc.ord.treefile	32.0	0.5714285714285714
TarvD7	ENSG00000197299.nuc.ord	ENSG00000197299.nuc.ord.treefile	8.0	0.12903225806451613
TarvD7	ENSG00000197312.nuc.ord	ENSG00000197312.nuc.ord.treefile	10.0	0.21739130434782608
TarvD7	ENSG00000197321.nuc.ord	ENSG00000197321.nuc.ord.treefile	8.0	0.14814814814814814
TarvD7	ENSG00000197323.nuc.ord	ENSG00000197323.nuc.ord.treefile	20.0	0.3225806451612903
TarvD7	ENSG00000197324.nuc.ord	ENSG00000197324.nuc.ord.treefile	18.0	0.3103448275862069
TarvD7	ENSG00000197329.nuc.ord	ENSG00000197329.nuc.ord.treefile	14.0	0.22580645161290322
TarvD7	ENSG00000197345.nuc.ord	ENSG00000197345.nuc.ord.treefile	32.0	0.5714285714285714
TarvD7	ENSG00000197355.nuc.ord	ENSG00000197355.nuc.ord.treefile	20.0	0.43478260869565216
TarvD7	ENSG00000197361.nuc.ord	ENSG00000197361.nuc.ord.treefile	22.0	0.6875
TarvD7	ENSG00000197380.nuc.ord	ENSG00000197380.nuc.ord.treefile	14.0	0.5384615384615384
TarvD7	ENSG00000197381.nuc.ord	ENSG00000197381.nuc.ord.treefile	24.0	0.4
TarvD7	ENSG00000197386.nuc.ord	ENSG00000197386.nuc.ord.treefile	24.0	0.4
TarvD7	ENSG00000197403.nuc.ord	ENSG00000197403.nuc.ord.treefile	6.0	0.14285714285714285
TarvD7	ENSG00000197415.nuc.ord	ENSG00000197415.nuc.ord.treefile	30.0	0.46875
TarvD7	ENSG00000197416.nuc.ord	ENSG00000197416.nuc.ord.treefile	22.0	0.4230769230769231
TarvD7	ENSG00000197417.nuc.ord	ENSG00000197417.nuc.ord.treefile	22.0	0.36666666666666664
TarvD7	ENSG00000197428.nuc.ord	ENSG00000197428.nuc.ord.treefile	8.0	0.23529411764705882
TarvD7	ENSG00000197429.nuc.ord	ENSG00000197429.nuc.ord.treefile	22.0	0.44
TarvD7	ENSG00000197430.nuc.ord	ENSG00000197430.nuc.ord.treefile	22.0	0.3793103448275862
TarvD7	ENSG00000197437.nuc.ord	ENSG00000197437.nuc.ord.treefile	16.0	0.5714285714285714
TarvD7	ENSG00000197442.nuc.ord	ENSG00000197442.nuc.ord.treefile	4.0	0.06060606060606061
TarvD7	ENSG00000197444.nuc.ord	ENSG00000197444.nuc.ord.treefile	22.0	0.34375
TarvD7	ENSG00000197448.nuc.ord	ENSG00000197448.nuc.ord.treefile	20.0	0.35714285714285715
TarvD7	ENSG00000197451.nuc.ord	ENSG00000197451.nuc.ord.treefile	12.0	0.2857142857142857
TarvD7	ENSG00000197467.nuc.ord	ENSG00000197467.nuc.ord.treefile	20.0	0.3125
TarvD7	ENSG00000197471.nuc.ord	ENSG00000197471.nuc.ord.treefile	14.0	0.3181818181818182
TarvD7	ENSG00000197496.nuc.ord	ENSG00000197496.nuc.ord.treefile	22.0	0.36666666666666664
TarvD7	ENSG00000197498.nuc.ord	ENSG00000197498.nuc.ord.treefile	22.0	0.3793103448275862
TarvD7	ENSG00000197506.nuc.ord	ENSG00000197506.nuc.ord.treefile	10.0	0.16129032258064516
TarvD7	ENSG00000197532.nuc.ord	ENSG00000197532.nuc.ord.treefile	10.0	0.25
TarvD7	ENSG00000197535.nuc.ord	ENSG00000197535.nuc.ord.treefile	14.0	0.21875
TarvD7	ENSG00000197555.nuc.ord	ENSG00000197555.nuc.ord.treefile	14.0	0.21212121212121213
TarvD7	ENSG00000197558.nuc.ord	ENSG00000197558.nuc.ord.treefile	34.0	0.68
TarvD7	ENSG00000197563.nuc.ord	ENSG00000197563.nuc.ord.treefile	12.0	0.1935483870967742
TarvD7	ENSG00000197565.nuc.ord	ENSG00000197565.nuc.ord.treefile	18.0	0.3
TarvD7	ENSG00000197576.nuc.ord	ENSG00000197576.nuc.ord.treefile	24.0	0.5217391304347826
TarvD7	ENSG00000197579.nuc.ord	ENSG00000197579.nuc.ord.treefile	12.0	0.2
TarvD7	ENSG00000197580.nuc.ord	ENSG00000197580.nuc.ord.treefile	8.0	0.12903225806451613
TarvD7	ENSG00000197584.nuc.ord	ENSG00000197584.nuc.ord.treefile	42.0	0.65625
TarvD7	ENSG00000197594.nuc.ord	ENSG00000197594.nuc.ord.treefile	12.0	0.18181818181818182
TarvD7	ENSG00000197601.nuc.ord	ENSG00000197601.nuc.ord.treefile	20.0	0.3448275862068966
TarvD7	ENSG00000197603.nuc.ord	ENSG00000197603.nuc.ord.treefile	10.0	0.17857142857142858
TarvD7	ENSG00000197614.nuc.ord	ENSG00000197614.nuc.ord.treefile	26.0	0.4482758620689655
TarvD7	ENSG00000197632.nuc.ord	ENSG00000197632.nuc.ord.treefile	16.0	0.3076923076923077
TarvD7	ENSG00000197635.nuc.ord	ENSG00000197635.nuc.ord.treefile	8.0	0.125
TarvD7	ENSG00000197646.nuc.ord	ENSG00000197646.nuc.ord.treefile	16.0	0.2962962962962963
TarvD7	ENSG00000197653.nuc.ord	ENSG00000197653.nuc.ord.treefile	30.0	0.4838709677419355
TarvD7	ENSG00000197694.nuc.ord	ENSG00000197694.nuc.ord.treefile	22.0	0.3333333333333333
TarvD7	ENSG00000197696.nuc.ord	ENSG00000197696.nuc.ord.treefile	40.0	0.7407407407407407
TarvD7	ENSG00000197702.nuc.ord	ENSG00000197702.nuc.ord.treefile	32.0	0.5161290322580645
TarvD7	ENSG00000197705.nuc.ord	ENSG00000197705.nuc.ord.treefile	8.0	0.19047619047619047
TarvD7	ENSG00000197706.nuc.ord	ENSG00000197706.nuc.ord.treefile	16.0	0.5
TarvD7	ENSG00000197712.nuc.ord	ENSG00000197712.nuc.ord.treefile	20.0	0.3125
TarvD7	ENSG00000197724.nuc.ord	ENSG00000197724.nuc.ord.treefile	4.0	0.07692307692307693
TarvD7	ENSG00000197757.nuc.ord	ENSG00000197757.nuc.ord.treefile	38.0	0.6129032258064516
TarvD7	ENSG00000197763.nuc.ord	ENSG00000197763.nuc.ord.treefile	26.0	0.4482758620689655
TarvD7	ENSG00000197771.nuc.ord	ENSG00000197771.nuc.ord.treefile	30.0	0.45454545454545453
TarvD7	ENSG00000197774.nuc.ord	ENSG00000197774.nuc.ord.treefile	6.0	0.15789473684210525
TarvD7	ENSG00000197776.nuc.ord	ENSG00000197776.nuc.ord.treefile	10.0	0.16129032258064516
TarvD7	ENSG00000197790.nuc.ord	ENSG00000197790.nuc.ord.treefile	14.0	0.3888888888888889
TarvD7	ENSG00000197798.nuc.ord	ENSG00000197798.nuc.ord.treefile	28.0	0.45161290322580644
TarvD7	ENSG00000197816.nuc.ord	ENSG00000197816.nuc.ord.treefile	8.0	0.12903225806451613
TarvD7	ENSG00000197818.nuc.ord	ENSG00000197818.nuc.ord.treefile	20.0	0.3225806451612903
TarvD7	ENSG00000197826.nuc.ord	ENSG00000197826.nuc.ord.treefile	26.0	0.4482758620689655
TarvD7	ENSG00000197852.nuc.ord	ENSG00000197852.nuc.ord.treefile	4.0	0.09523809523809523
TarvD7	ENSG00000197858.nuc.ord	ENSG00000197858.nuc.ord.treefile	26.0	0.4642857142857143
TarvD7	ENSG00000197860.nuc.ord	ENSG00000197860.nuc.ord.treefile	20.0	0.3448275862068966
TarvD7	ENSG00000197872.nuc.ord	ENSG00000197872.nuc.ord.treefile	30.0	0.5
TarvD7	ENSG00000197879.nuc.ord	ENSG00000197879.nuc.ord.treefile	12.0	0.20689655172413793
TarvD7	ENSG00000197885.nuc.ord	ENSG00000197885.nuc.ord.treefile	30.0	0.5555555555555556
TarvD7	ENSG00000197892.nuc.ord	ENSG00000197892.nuc.ord.treefile	22.0	0.3333333333333333
TarvD7	ENSG00000197893.nuc.ord	ENSG00000197893.nuc.ord.treefile	8.0	0.12121212121212122
TarvD7	ENSG00000197894.nuc.ord	ENSG00000197894.nuc.ord.treefile	18.0	0.34615384615384615
TarvD7	ENSG00000197912.nuc.ord	ENSG00000197912.nuc.ord.treefile	12.0	0.20689655172413793
TarvD7	ENSG00000197930.nuc.ord	ENSG00000197930.nuc.ord.treefile	20.0	0.3225806451612903
TarvD7	ENSG00000197943.nuc.ord	ENSG00000197943.nuc.ord.treefile	4.0	0.0625
TarvD7	ENSG00000197948.nuc.ord	ENSG00000197948.nuc.ord.treefile	10.0	0.2
TarvD7	ENSG00000197959.nuc.ord	ENSG00000197959.nuc.ord.treefile	18.0	0.3333333333333333
TarvD7	ENSG00000197969.nuc.ord	ENSG00000197969.nuc.ord.treefile	6.0	0.09375
TarvD7	ENSG00000197977.nuc.ord	ENSG00000197977.nuc.ord.treefile	32.0	0.5161290322580645
TarvD7	ENSG00000197991.nuc.ord	ENSG00000197991.nuc.ord.treefile	14.0	0.25
TarvD7	ENSG00000197993.nuc.ord	ENSG00000197993.nuc.ord.treefile	12.0	0.20689655172413793
TarvD7	ENSG00000197996.nuc.ord	ENSG00000197996.nuc.ord.treefile	24.0	0.4444444444444444
TarvD7	ENSG00000198000.nuc.ord	ENSG00000198000.nuc.ord.treefile	8.0	0.12903225806451613
TarvD7	ENSG00000198001.nuc.ord	ENSG00000198001.nuc.ord.treefile	32.0	0.5
TarvD7	ENSG00000198010.nuc.ord	ENSG00000198010.nuc.ord.treefile	26.0	0.41935483870967744
TarvD7	ENSG00000198018.nuc.ord	ENSG00000198018.nuc.ord.treefile	18.0	0.36
TarvD7	ENSG00000198026.nuc.ord	ENSG00000198026.nuc.ord.treefile	20.0	0.3333333333333333
TarvD7	ENSG00000198042.nuc.ord	ENSG00000198042.nuc.ord.treefile	22.0	0.44
TarvD7	ENSG00000198049.nuc.ord	ENSG00000198049.nuc.ord.treefile	20.0	0.3333333333333333
TarvD7	ENSG00000198056.nuc.ord	ENSG00000198056.nuc.ord.treefile	38.0	0.6129032258064516
TarvD7	ENSG00000198060.nuc.ord	ENSG00000198060.nuc.ord.treefile	30.0	0.4838709677419355
TarvD7	ENSG00000198087.nuc.ord	ENSG00000198087.nuc.ord.treefile	12.0	0.1875
TarvD7	ENSG00000198089.nuc.ord	ENSG00000198089.nuc.ord.treefile	8.0	0.12903225806451613
TarvD7	ENSG00000198092.nuc.ord	ENSG00000198092.nuc.ord.treefile	14.0	0.22580645161290322
TarvD7	ENSG00000198125.nuc.ord	ENSG00000198125.nuc.ord.treefile	30.0	0.5769230769230769
TarvD7	ENSG00000198130.nuc.ord	ENSG00000198130.nuc.ord.treefile	28.0	0.4375
TarvD7	ENSG00000198160.nuc.ord	ENSG00000198160.nuc.ord.treefile	34.0	0.5483870967741935
TarvD7	ENSG00000198162.nuc.ord	ENSG00000198162.nuc.ord.treefile	12.0	0.18181818181818182
TarvD7	ENSG00000198169.nuc.ord	ENSG00000198169.nuc.ord.treefile	6.0	0.23076923076923078
TarvD7	ENSG00000198171.nuc.ord	ENSG00000198171.nuc.ord.treefile	22.0	0.36666666666666664
TarvD7	ENSG00000198189.nuc.ord	ENSG00000198189.nuc.ord.treefile	12.0	0.21428571428571427
TarvD7	ENSG00000198203.nuc.ord	ENSG00000198203.nuc.ord.treefile	34.0	0.6071428571428571
TarvD7	ENSG00000198208.nuc.ord	ENSG00000198208.nuc.ord.treefile	12.0	0.23076923076923078
TarvD7	ENSG00000198216.nuc.ord	ENSG00000198216.nuc.ord.treefile	20.0	0.3125
TarvD7	ENSG00000198218.nuc.ord	ENSG00000198218.nuc.ord.treefile	22.0	0.3333333333333333
TarvD7	ENSG00000198231.nuc.ord	ENSG00000198231.nuc.ord.treefile	16.0	0.25
TarvD7	ENSG00000198246.nuc.ord	ENSG00000198246.nuc.ord.treefile	8.0	0.13333333333333333
TarvD7	ENSG00000198265.nuc.ord	ENSG00000198265.nuc.ord.treefile	8.0	0.125
TarvD7	ENSG00000198283.nuc.ord	ENSG00000198283.nuc.ord.treefile	12.0	0.42857142857142855
TarvD7	ENSG00000198286.nuc.ord	ENSG00000198286.nuc.ord.treefile	18.0	0.3333333333333333
TarvD7	ENSG00000198301.nuc.ord	ENSG00000198301.nuc.ord.treefile	22.0	0.3793103448275862
TarvD7	ENSG00000198315.nuc.ord	ENSG00000198315.nuc.ord.treefile	22.0	0.3548387096774194
TarvD7	ENSG00000198336.nuc.ord	ENSG00000198336.nuc.ord.treefile	38.0	0.6333333333333333
TarvD7	ENSG00000198363.nuc.ord	ENSG00000198363.nuc.ord.treefile	16.0	0.25
TarvD7	ENSG00000198373.nuc.ord	ENSG00000198373.nuc.ord.treefile	16.0	0.25806451612903225
TarvD7	ENSG00000198380.nuc.ord	ENSG00000198380.nuc.ord.treefile	16.0	0.25806451612903225
TarvD7	ENSG00000198382.nuc.ord	ENSG00000198382.nuc.ord.treefile	26.0	0.40625
TarvD7	ENSG00000198399.nuc.ord	ENSG00000198399.nuc.ord.treefile	18.0	0.2903225806451613
TarvD7	ENSG00000198400.nuc.ord	ENSG00000198400.nuc.ord.treefile	18.0	0.34615384615384615
TarvD7	ENSG00000198408.nuc.ord	ENSG00000198408.nuc.ord.treefile	10.0	0.15151515151515152
TarvD7	ENSG00000198431.nuc.ord	ENSG00000198431.nuc.ord.treefile	36.0	0.5454545454545454
TarvD7	ENSG00000198478.nuc.ord	ENSG00000198478.nuc.ord.treefile	36.0	0.6428571428571429
TarvD7	ENSG00000198483.nuc.ord	ENSG00000198483.nuc.ord.treefile	8.0	0.13793103448275862
TarvD7	ENSG00000198492.nuc.ord	ENSG00000198492.nuc.ord.treefile	10.0	0.17857142857142858
TarvD7	ENSG00000198498.nuc.ord	ENSG00000198498.nuc.ord.treefile	32.0	0.5161290322580645
TarvD7	ENSG00000198513.nuc.ord	ENSG00000198513.nuc.ord.treefile	26.0	0.41935483870967744
TarvD7	ENSG00000198515.nuc.ord	ENSG00000198515.nuc.ord.treefile	24.0	0.42857142857142855
TarvD7	ENSG00000198517.nuc.ord	ENSG00000198517.nuc.ord.treefile	32.0	0.7619047619047619
TarvD7	ENSG00000198520.nuc.ord	ENSG00000198520.nuc.ord.treefile	14.0	0.22580645161290322
TarvD7	ENSG00000198522.nuc.ord	ENSG00000198522.nuc.ord.treefile	14.0	0.21875
TarvD7	ENSG00000198542.nuc.ord	ENSG00000198542.nuc.ord.treefile	18.0	0.28125
TarvD7	ENSG00000198553.nuc.ord	ENSG00000198553.nuc.ord.treefile	16.0	0.27586206896551724
TarvD7	ENSG00000198554.nuc.ord	ENSG00000198554.nuc.ord.treefile	14.0	0.22580645161290322
TarvD7	ENSG00000198561.nuc.ord	ENSG00000198561.nuc.ord.treefile	10.0	0.15625
TarvD7	ENSG00000198570.nuc.ord	ENSG00000198570.nuc.ord.treefile	30.0	0.6521739130434783
TarvD7	ENSG00000198586.nuc.ord	ENSG00000198586.nuc.ord.treefile	22.0	0.3333333333333333
TarvD7	ENSG00000198589.nuc.ord	ENSG00000198589.nuc.ord.treefile	8.0	0.12903225806451613
TarvD7	ENSG00000198597.nuc.ord	ENSG00000198597.nuc.ord.treefile	26.0	0.4482758620689655
TarvD7	ENSG00000198624.nuc.ord	ENSG00000198624.nuc.ord.treefile	22.0	0.39285714285714285
TarvD7	ENSG00000198625.nuc.ord	ENSG00000198625.nuc.ord.treefile	8.0	0.17391304347826086
TarvD7	ENSG00000198626.nuc.ord	ENSG00000198626.nuc.ord.treefile	22.0	0.3333333333333333
TarvD7	ENSG00000198643.nuc.ord	ENSG00000198643.nuc.ord.treefile	28.0	0.4375
TarvD7	ENSG00000198646.nuc.ord	ENSG00000198646.nuc.ord.treefile	8.0	0.12903225806451613
TarvD7	ENSG00000198648.nuc.ord	ENSG00000198648.nuc.ord.treefile	22.0	0.34375
TarvD7	ENSG00000198650.nuc.ord	ENSG00000198650.nuc.ord.treefile	20.0	0.30303030303030304
TarvD7	ENSG00000198663.nuc.ord	ENSG00000198663.nuc.ord.treefile	16.0	0.24242424242424243
TarvD7	ENSG00000198674.nuc.ord	ENSG00000198674.nuc.ord.treefile	8.0	0.26666666666666666
TarvD7	ENSG00000198677.nuc.ord	ENSG00000198677.nuc.ord.treefile	8.0	0.13333333333333333
TarvD7	ENSG00000198682.nuc.ord	ENSG00000198682.nuc.ord.treefile	18.0	0.2727272727272727
TarvD7	ENSG00000198689.nuc.ord	ENSG00000198689.nuc.ord.treefile	20.0	0.3125
TarvD7	ENSG00000198690.nuc.ord	ENSG00000198690.nuc.ord.treefile	14.0	0.22580645161290322
TarvD7	ENSG00000198691.nuc.ord	ENSG00000198691.nuc.ord.treefile	10.0	0.15151515151515152
TarvD7	ENSG00000198700.nuc.ord	ENSG00000198700.nuc.ord.treefile	30.0	0.46875
TarvD7	ENSG00000198707.nuc.ord	ENSG00000198707.nuc.ord.treefile	6.0	0.10344827586206896
TarvD7	ENSG00000198715.nuc.ord	ENSG00000198715.nuc.ord.treefile	22.0	0.4074074074074074
TarvD7	ENSG00000198718.nuc.ord	ENSG00000198718.nuc.ord.treefile	4.0	0.0625
TarvD7	ENSG00000198719.nuc.ord	ENSG00000198719.nuc.ord.treefile	18.0	0.391304347826087
TarvD7	ENSG00000198720.nuc.ord	ENSG00000198720.nuc.ord.treefile	22.0	0.3793103448275862
TarvD7	ENSG00000198722.nuc.ord	ENSG00000198722.nuc.ord.treefile	10.0	0.15625
TarvD7	ENSG00000198723.nuc.ord	ENSG00000198723.nuc.ord.treefile	12.0	0.23076923076923078
TarvD7	ENSG00000198728.nuc.ord	ENSG00000198728.nuc.ord.treefile	32.0	0.5333333333333333
TarvD7	ENSG00000198729.nuc.ord	ENSG00000198729.nuc.ord.treefile	26.0	0.6190476190476191
TarvD7	ENSG00000198730.nuc.ord	ENSG00000198730.nuc.ord.treefile	16.0	0.25
TarvD7	ENSG00000198732.nuc.ord	ENSG00000198732.nuc.ord.treefile	24.0	0.3870967741935484
TarvD7	ENSG00000198734.nuc.ord	ENSG00000198734.nuc.ord.treefile	10.0	0.16129032258064516
TarvD7	ENSG00000198739.nuc.ord	ENSG00000198739.nuc.ord.treefile	30.0	0.5
TarvD7	ENSG00000198740.nuc.ord	ENSG00000198740.nuc.ord.treefile	28.0	0.45161290322580644
TarvD7	ENSG00000198742.nuc.ord	ENSG00000198742.nuc.ord.treefile	34.0	0.5151515151515151
TarvD7	ENSG00000198743.nuc.ord	ENSG00000198743.nuc.ord.treefile	22.0	0.55
TarvD7	ENSG00000198746.nuc.ord	ENSG00000198746.nuc.ord.treefile	20.0	0.3225806451612903
TarvD7	ENSG00000198752.nuc.ord	ENSG00000198752.nuc.ord.treefile	22.0	0.3548387096774194
TarvD7	ENSG00000198756.nuc.ord	ENSG00000198756.nuc.ord.treefile	16.0	0.25806451612903225
TarvD7	ENSG00000198758.nuc.ord	ENSG00000198758.nuc.ord.treefile	18.0	0.3
TarvD7	ENSG00000198759.nuc.ord	ENSG00000198759.nuc.ord.treefile	12.0	0.2222222222222222
TarvD7	ENSG00000198765.nuc.ord	ENSG00000198765.nuc.ord.treefile	10.0	0.16129032258064516
TarvD7	ENSG00000198771.nuc.ord	ENSG00000198771.nuc.ord.treefile	12.0	0.24
TarvD7	ENSG00000198783.nuc.ord	ENSG00000198783.nuc.ord.treefile	10.0	0.2631578947368421
TarvD7	ENSG00000198785.nuc.ord	ENSG00000198785.nuc.ord.treefile	8.0	0.12121212121212122
TarvD7	ENSG00000198791.nuc.ord	ENSG00000198791.nuc.ord.treefile	30.0	0.625
TarvD7	ENSG00000198792.nuc.ord	ENSG00000198792.nuc.ord.treefile	26.0	0.4482758620689655
TarvD7	ENSG00000198794.nuc.ord	ENSG00000198794.nuc.ord.treefile	30.0	0.5555555555555556
TarvD7	ENSG00000198795.nuc.ord	ENSG00000198795.nuc.ord.treefile	28.0	0.45161290322580644
TarvD7	ENSG00000198796.nuc.ord	ENSG00000198796.nuc.ord.treefile	8.0	0.13333333333333333
TarvD7	ENSG00000198797.nuc.ord	ENSG00000198797.nuc.ord.treefile	20.0	0.3333333333333333
TarvD7	ENSG00000198799.nuc.ord	ENSG00000198799.nuc.ord.treefile	10.0	0.15625
TarvD7	ENSG00000198807.nuc.ord	ENSG00000198807.nuc.ord.treefile	16.0	0.2962962962962963
TarvD7	ENSG00000198812.nuc.ord	ENSG00000198812.nuc.ord.treefile	20.0	0.43478260869565216
TarvD7	ENSG00000198815.nuc.ord	ENSG00000198815.nuc.ord.treefile	34.0	0.5483870967741935
TarvD7	ENSG00000198822.nuc.ord	ENSG00000198822.nuc.ord.treefile	18.0	0.32142857142857145
TarvD7	ENSG00000198824.nuc.ord	ENSG00000198824.nuc.ord.treefile	10.0	0.22727272727272727
TarvD7	ENSG00000198825.nuc.ord	ENSG00000198825.nuc.ord.treefile	6.0	0.1
TarvD7	ENSG00000198829.nuc.ord	ENSG00000198829.nuc.ord.treefile	10.0	0.3333333333333333
TarvD7	ENSG00000198832.nuc.ord	ENSG00000198832.nuc.ord.treefile	20.0	0.45454545454545453
TarvD7	ENSG00000198836.nuc.ord	ENSG00000198836.nuc.ord.treefile	8.0	0.125
TarvD7	ENSG00000198837.nuc.ord	ENSG00000198837.nuc.ord.treefile	14.0	0.2413793103448276
TarvD7	ENSG00000198838.nuc.ord	ENSG00000198838.nuc.ord.treefile	14.0	0.22580645161290322
TarvD7	ENSG00000198839.nuc.ord	ENSG00000198839.nuc.ord.treefile	14.0	0.2413793103448276
TarvD7	ENSG00000198842.nuc.ord	ENSG00000198842.nuc.ord.treefile	16.0	0.27586206896551724
TarvD7	ENSG00000198843.nuc.ord	ENSG00000198843.nuc.ord.treefile	40.0	0.7692307692307693
TarvD7	ENSG00000198846.nuc.ord	ENSG00000198846.nuc.ord.treefile	20.0	0.3125
TarvD7	ENSG00000198851.nuc.ord	ENSG00000198851.nuc.ord.treefile	26.0	0.4482758620689655
TarvD7	ENSG00000198853.nuc.ord	ENSG00000198853.nuc.ord.treefile	8.0	0.12903225806451613
TarvD7	ENSG00000198860.nuc.ord	ENSG00000198860.nuc.ord.treefile	32.0	0.5925925925925926
TarvD7	ENSG00000198862.nuc.ord	ENSG00000198862.nuc.ord.treefile	12.0	0.1935483870967742
TarvD7	ENSG00000198863.nuc.ord	ENSG00000198863.nuc.ord.treefile	14.0	0.22580645161290322
TarvD7	ENSG00000198870.nuc.ord	ENSG00000198870.nuc.ord.treefile	16.0	0.3076923076923077
TarvD7	ENSG00000198873.nuc.ord	ENSG00000198873.nuc.ord.treefile	20.0	0.3448275862068966
TarvD7	ENSG00000198876.nuc.ord	ENSG00000198876.nuc.ord.treefile	24.0	0.3870967741935484
TarvD7	ENSG00000198879.nuc.ord	ENSG00000198879.nuc.ord.treefile	16.0	0.25806451612903225
TarvD7	ENSG00000198887.nuc.ord	ENSG00000198887.nuc.ord.treefile	20.0	0.30303030303030304
TarvD7	ENSG00000198890.nuc.ord	ENSG00000198890.nuc.ord.treefile	20.0	0.47619047619047616
TarvD7	ENSG00000198892.nuc.ord	ENSG00000198892.nuc.ord.treefile	34.0	0.6538461538461539
TarvD7	ENSG00000198894.nuc.ord	ENSG00000198894.nuc.ord.treefile	22.0	0.36666666666666664
TarvD7	ENSG00000198898.nuc.ord	ENSG00000198898.nuc.ord.treefile	36.0	0.6206896551724138
TarvD7	ENSG00000198900.nuc.ord	ENSG00000198900.nuc.ord.treefile	18.0	0.28125
TarvD7	ENSG00000198909.nuc.ord	ENSG00000198909.nuc.ord.treefile	22.0	0.34375
TarvD7	ENSG00000198912.nuc.ord	ENSG00000198912.nuc.ord.treefile	22.0	0.4074074074074074
TarvD7	ENSG00000198915.nuc.ord	ENSG00000198915.nuc.ord.treefile	16.0	0.27586206896551724
TarvD7	ENSG00000198917.nuc.ord	ENSG00000198917.nuc.ord.treefile	48.0	0.8
TarvD7	ENSG00000198919.nuc.ord	ENSG00000198919.nuc.ord.treefile	16.0	0.25
TarvD7	ENSG00000198920.nuc.ord	ENSG00000198920.nuc.ord.treefile	10.0	0.15625
TarvD7	ENSG00000198924.nuc.ord	ENSG00000198924.nuc.ord.treefile	12.0	0.1935483870967742
TarvD7	ENSG00000198925.nuc.ord	ENSG00000198925.nuc.ord.treefile	18.0	0.3
TarvD7	ENSG00000198929.nuc.ord	ENSG00000198929.nuc.ord.treefile	22.0	0.34375
TarvD7	ENSG00000198944.nuc.ord	ENSG00000198944.nuc.ord.treefile	14.0	0.3333333333333333
TarvD7	ENSG00000198945.nuc.ord	ENSG00000198945.nuc.ord.treefile	10.0	0.15151515151515152
TarvD7	ENSG00000198947.nuc.ord	ENSG00000198947.nuc.ord.treefile	10.0	0.16666666666666666
TarvD7	ENSG00000198948.nuc.ord	ENSG00000198948.nuc.ord.treefile	16.0	0.4
TarvD7	ENSG00000198951.nuc.ord	ENSG00000198951.nuc.ord.treefile	26.0	0.4482758620689655
TarvD7	ENSG00000198952.nuc.ord	ENSG00000198952.nuc.ord.treefile	20.0	0.3125
TarvD7	ENSG00000198954.nuc.ord	ENSG00000198954.nuc.ord.treefile	26.0	0.3939393939393939
TarvD7	ENSG00000198959.nuc.ord	ENSG00000198959.nuc.ord.treefile	24.0	0.4
TarvD7	ENSG00000198963.nuc.ord	ENSG00000198963.nuc.ord.treefile	24.0	0.375
TarvD7	ENSG00000198964.nuc.ord	ENSG00000198964.nuc.ord.treefile	24.0	0.42857142857142855
TarvD7	ENSG00000198967.nuc.ord	ENSG00000198967.nuc.ord.treefile	16.0	0.38095238095238093
TarvD7	ENSG00000203666.nuc.ord	ENSG00000203666.nuc.ord.treefile	26.0	0.6190476190476191
TarvD7	ENSG00000203667.nuc.ord	ENSG00000203667.nuc.ord.treefile	36.0	0.6666666666666666
TarvD7	ENSG00000203697.nuc.ord	ENSG00000203697.nuc.ord.treefile	26.0	0.4642857142857143
TarvD7	ENSG00000203705.nuc.ord	ENSG00000203705.nuc.ord.treefile	20.0	0.3333333333333333
TarvD7	ENSG00000203740.nuc.ord	ENSG00000203740.nuc.ord.treefile	32.0	0.5333333333333333
TarvD7	ENSG00000203760.nuc.ord	ENSG00000203760.nuc.ord.treefile	32.0	0.6153846153846154
TarvD7	ENSG00000203780.nuc.ord	ENSG00000203780.nuc.ord.treefile	28.0	0.4666666666666667
TarvD7	ENSG00000203782.nuc.ord	ENSG00000203782.nuc.ord.treefile	8.0	0.4444444444444444
TarvD7	ENSG00000203783.nuc.ord	ENSG00000203783.nuc.ord.treefile	22.0	0.4782608695652174
TarvD7	ENSG00000203784.nuc.ord	ENSG00000203784.nuc.ord.treefile	26.0	0.6842105263157895
TarvD7	ENSG00000203786.nuc.ord	ENSG00000203786.nuc.ord.treefile	12.0	0.2857142857142857
TarvD7	ENSG00000203791.nuc.ord	ENSG00000203791.nuc.ord.treefile	10.0	0.2
TarvD7	ENSG00000203797.nuc.ord	ENSG00000203797.nuc.ord.treefile	20.0	0.3448275862068966
TarvD7	ENSG00000203798.nuc.ord	ENSG00000203798.nuc.ord.treefile	16.0	0.3076923076923077
TarvD7	ENSG00000203805.nuc.ord	ENSG00000203805.nuc.ord.treefile	36.0	0.5806451612903226
TarvD7	ENSG00000203867.nuc.ord	ENSG00000203867.nuc.ord.treefile	10.0	0.15151515151515152
TarvD7	ENSG00000203872.nuc.ord	ENSG00000203872.nuc.ord.treefile	18.0	0.28125
TarvD7	ENSG00000203877.nuc.ord	ENSG00000203877.nuc.ord.treefile	32.0	0.7272727272727273
TarvD7	ENSG00000203880.nuc.ord	ENSG00000203880.nuc.ord.treefile	24.0	0.4444444444444444
TarvD7	ENSG00000203910.nuc.ord	ENSG00000203910.nuc.ord.treefile	18.0	0.3
TarvD7	ENSG00000203952.nuc.ord	ENSG00000203952.nuc.ord.treefile	20.0	0.43478260869565216
TarvD7	ENSG00000203965.nuc.ord	ENSG00000203965.nuc.ord.treefile	14.0	0.22580645161290322
TarvD7	ENSG00000203995.nuc.ord	ENSG00000203995.nuc.ord.treefile	18.0	0.3103448275862069
TarvD7	ENSG00000204007.nuc.ord	ENSG00000204007.nuc.ord.treefile	14.0	0.3181818181818182
TarvD7	ENSG00000204020.nuc.ord	ENSG00000204020.nuc.ord.treefile	18.0	0.2903225806451613
TarvD7	ENSG00000204021.nuc.ord	ENSG00000204021.nuc.ord.treefile	26.0	0.41935483870967744
TarvD7	ENSG00000204033.nuc.ord	ENSG00000204033.nuc.ord.treefile	10.0	0.18518518518518517
TarvD7	ENSG00000204052.nuc.ord	ENSG00000204052.nuc.ord.treefile	26.0	0.4642857142857143
TarvD7	ENSG00000204070.nuc.ord	ENSG00000204070.nuc.ord.treefile	36.0	0.6428571428571429
TarvD7	ENSG00000204084.nuc.ord	ENSG00000204084.nuc.ord.treefile	10.0	0.15625
TarvD7	ENSG00000204103.nuc.ord	ENSG00000204103.nuc.ord.treefile	18.0	0.6
TarvD7	ENSG00000204104.nuc.ord	ENSG00000204104.nuc.ord.treefile	22.0	0.36666666666666664
TarvD7	ENSG00000204116.nuc.ord	ENSG00000204116.nuc.ord.treefile	38.0	0.7037037037037037
TarvD7	ENSG00000204120.nuc.ord	ENSG00000204120.nuc.ord.treefile	16.0	0.25
TarvD7	ENSG00000204128.nuc.ord	ENSG00000204128.nuc.ord.treefile	8.0	0.2
TarvD7	ENSG00000204130.nuc.ord	ENSG00000204130.nuc.ord.treefile	24.0	0.3870967741935484
TarvD7	ENSG00000204131.nuc.ord	ENSG00000204131.nuc.ord.treefile	16.0	0.38095238095238093
TarvD7	ENSG00000204138.nuc.ord	ENSG00000204138.nuc.ord.treefile	12.0	0.20689655172413793
TarvD7	ENSG00000204160.nuc.ord	ENSG00000204160.nuc.ord.treefile	38.0	0.6333333333333333
TarvD7	ENSG00000204186.nuc.ord	ENSG00000204186.nuc.ord.treefile	14.0	0.25925925925925924
TarvD7	ENSG00000204193.nuc.ord	ENSG00000204193.nuc.ord.treefile	20.0	0.4166666666666667
TarvD7	ENSG00000204195.nuc.ord	ENSG00000204195.nuc.ord.treefile	22.0	0.4074074074074074
TarvD7	ENSG00000204217.nuc.ord	ENSG00000204217.nuc.ord.treefile	18.0	0.2727272727272727
TarvD7	ENSG00000204219.nuc.ord	ENSG00000204219.nuc.ord.treefile	22.0	0.3793103448275862
TarvD7	ENSG00000204227.nuc.ord	ENSG00000204227.nuc.ord.treefile	28.0	0.5384615384615384
TarvD7	ENSG00000204231.nuc.ord	ENSG00000204231.nuc.ord.treefile	16.0	0.27586206896551724
TarvD7	ENSG00000204256.nuc.ord	ENSG00000204256.nuc.ord.treefile	12.0	0.1935483870967742
TarvD7	ENSG00000204257.nuc.ord	ENSG00000204257.nuc.ord.treefile	22.0	0.4074074074074074
TarvD7	ENSG00000204262.nuc.ord	ENSG00000204262.nuc.ord.treefile	10.0	0.15625
TarvD7	ENSG00000204264.nuc.ord	ENSG00000204264.nuc.ord.treefile	26.0	0.4482758620689655
TarvD7	ENSG00000204267.nuc.ord	ENSG00000204267.nuc.ord.treefile	14.0	0.3333333333333333
TarvD7	ENSG00000204287.nuc.ord	ENSG00000204287.nuc.ord.treefile	26.0	0.4642857142857143
TarvD7	ENSG00000204291.nuc.ord	ENSG00000204291.nuc.ord.treefile	8.0	0.13793103448275862
TarvD7	ENSG00000204305.nuc.ord	ENSG00000204305.nuc.ord.treefile	18.0	0.3
TarvD7	ENSG00000204310.nuc.ord	ENSG00000204310.nuc.ord.treefile	28.0	0.5185185185185185
TarvD7	ENSG00000204311.nuc.ord	ENSG00000204311.nuc.ord.treefile	44.0	0.7096774193548387
TarvD7	ENSG00000204315.nuc.ord	ENSG00000204315.nuc.ord.treefile	8.0	0.18181818181818182
TarvD7	ENSG00000204316.nuc.ord	ENSG00000204316.nuc.ord.treefile	24.0	0.42857142857142855
TarvD7	ENSG00000204334.nuc.ord	ENSG00000204334.nuc.ord.treefile	34.0	0.6071428571428571
TarvD7	ENSG00000204344.nuc.ord	ENSG00000204344.nuc.ord.treefile	28.0	0.56
TarvD7	ENSG00000204356.nuc.ord	ENSG00000204356.nuc.ord.treefile	30.0	0.5769230769230769
TarvD7	ENSG00000204381.nuc.ord	ENSG00000204381.nuc.ord.treefile	30.0	0.5
TarvD7	ENSG00000204386.nuc.ord	ENSG00000204386.nuc.ord.treefile	18.0	0.2903225806451613
TarvD7	ENSG00000204390.nuc.ord	ENSG00000204390.nuc.ord.treefile	16.0	0.5
TarvD7	ENSG00000204392.nuc.ord	ENSG00000204392.nuc.ord.treefile	38.0	0.76
TarvD7	ENSG00000204396.nuc.ord	ENSG00000204396.nuc.ord.treefile	14.0	0.25925925925925924
TarvD7	ENSG00000204406.nuc.ord	ENSG00000204406.nuc.ord.treefile	14.0	0.23333333333333334
TarvD7	ENSG00000204410.nuc.ord	ENSG00000204410.nuc.ord.treefile	14.0	0.2413793103448276
TarvD7	ENSG00000204420.nuc.ord	ENSG00000204420.nuc.ord.treefile	24.0	0.5
TarvD7	ENSG00000204427.nuc.ord	ENSG00000204427.nuc.ord.treefile	34.0	0.5862068965517241
TarvD7	ENSG00000204435.nuc.ord	ENSG00000204435.nuc.ord.treefile	26.0	0.52
TarvD7	ENSG00000204438.nuc.ord	ENSG00000204438.nuc.ord.treefile	6.0	0.12
TarvD7	ENSG00000204439.nuc.ord	ENSG00000204439.nuc.ord.treefile	10.0	0.25
TarvD7	ENSG00000204442.nuc.ord	ENSG00000204442.nuc.ord.treefile	30.0	0.5172413793103449
TarvD7	ENSG00000204444.nuc.ord	ENSG00000204444.nuc.ord.treefile	20.0	0.37037037037037035
TarvD7	ENSG00000204469.nuc.ord	ENSG00000204469.nuc.ord.treefile	10.0	0.16129032258064516
TarvD7	ENSG00000204472.nuc.ord	ENSG00000204472.nuc.ord.treefile	24.0	0.5454545454545454
TarvD7	ENSG00000204498.nuc.ord	ENSG00000204498.nuc.ord.treefile	26.0	0.41935483870967744
TarvD7	ENSG00000204536.nuc.ord	ENSG00000204536.nuc.ord.treefile	18.0	0.3103448275862069
TarvD7	ENSG00000204538.nuc.ord	ENSG00000204538.nuc.ord.treefile	24.0	0.5454545454545454
TarvD7	ENSG00000204542.nuc.ord	ENSG00000204542.nuc.ord.treefile	14.0	0.2916666666666667
TarvD7	ENSG00000204564.nuc.ord	ENSG00000204564.nuc.ord.treefile	20.0	0.3333333333333333
TarvD7	ENSG00000204568.nuc.ord	ENSG00000204568.nuc.ord.treefile	26.0	0.4482758620689655
TarvD7	ENSG00000204569.nuc.ord	ENSG00000204569.nuc.ord.treefile	14.0	0.25925925925925924
TarvD7	ENSG00000204576.nuc.ord	ENSG00000204576.nuc.ord.treefile	20.0	0.4166666666666667
TarvD7	ENSG00000204590.nuc.ord	ENSG00000204590.nuc.ord.treefile	24.0	0.4444444444444444
TarvD7	ENSG00000204599.nuc.ord	ENSG00000204599.nuc.ord.treefile	26.0	0.4642857142857143
TarvD7	ENSG00000204613.nuc.ord	ENSG00000204613.nuc.ord.treefile	26.0	0.40625
TarvD7	ENSG00000204614.nuc.ord	ENSG00000204614.nuc.ord.treefile	16.0	0.32
TarvD7	ENSG00000204616.nuc.ord	ENSG00000204616.nuc.ord.treefile	12.0	0.42857142857142855
TarvD7	ENSG00000204619.nuc.ord	ENSG00000204619.nuc.ord.treefile	30.0	0.6
TarvD7	ENSG00000204624.nuc.ord	ENSG00000204624.nuc.ord.treefile	14.0	0.23333333333333334
TarvD7	ENSG00000204628.nuc.ord	ENSG00000204628.nuc.ord.treefile	26.0	0.52
TarvD7	ENSG00000204634.nuc.ord	ENSG00000204634.nuc.ord.treefile	12.0	0.1875
TarvD7	ENSG00000204640.nuc.ord	ENSG00000204640.nuc.ord.treefile	22.0	0.4074074074074074
TarvD7	ENSG00000204681.nuc.ord	ENSG00000204681.nuc.ord.treefile	18.0	0.3103448275862069
TarvD7	ENSG00000204694.nuc.ord	ENSG00000204694.nuc.ord.treefile	6.0	0.2727272727272727
TarvD7	ENSG00000204711.nuc.ord	ENSG00000204711.nuc.ord.treefile	20.0	0.30303030303030304
TarvD7	ENSG00000204764.nuc.ord	ENSG00000204764.nuc.ord.treefile	14.0	0.23333333333333334
TarvD7	ENSG00000204767.nuc.ord	ENSG00000204767.nuc.ord.treefile	12.0	0.2
TarvD7	ENSG00000204815.nuc.ord	ENSG00000204815.nuc.ord.treefile	36.0	0.5454545454545454
TarvD7	ENSG00000204842.nuc.ord	ENSG00000204842.nuc.ord.treefile	14.0	0.21212121212121213
TarvD7	ENSG00000204843.nuc.ord	ENSG00000204843.nuc.ord.treefile	22.0	0.44
TarvD7	ENSG00000204852.nuc.ord	ENSG00000204852.nuc.ord.treefile	32.0	0.5
TarvD7	ENSG00000204856.nuc.ord	ENSG00000204856.nuc.ord.treefile	16.0	0.32
TarvD7	ENSG00000204859.nuc.ord	ENSG00000204859.nuc.ord.treefile	22.0	0.3548387096774194
TarvD7	ENSG00000204889.nuc.ord	ENSG00000204889.nuc.ord.treefile	10.0	0.17857142857142858
TarvD7	ENSG00000204897.nuc.ord	ENSG00000204897.nuc.ord.treefile	10.0	0.1724137931034483
TarvD7	ENSG00000204922.nuc.ord	ENSG00000204922.nuc.ord.treefile	24.0	0.46153846153846156
TarvD7	ENSG00000204923.nuc.ord	ENSG00000204923.nuc.ord.treefile	28.0	0.5185185185185185
TarvD7	ENSG00000204928.nuc.ord	ENSG00000204928.nuc.ord.treefile	22.0	0.3548387096774194
TarvD7	ENSG00000204952.nuc.ord	ENSG00000204952.nuc.ord.treefile	16.0	0.26666666666666666
TarvD7	ENSG00000204977.nuc.ord	ENSG00000204977.nuc.ord.treefile	22.0	0.44
TarvD7	ENSG00000204978.nuc.ord	ENSG00000204978.nuc.ord.treefile	22.0	0.55
TarvD7	ENSG00000204991.nuc.ord	ENSG00000204991.nuc.ord.treefile	12.0	0.2
TarvD7	ENSG00000205038.nuc.ord	ENSG00000205038.nuc.ord.treefile	6.0	0.1
TarvD7	ENSG00000205060.nuc.ord	ENSG00000205060.nuc.ord.treefile	34.0	0.5151515151515151
TarvD7	ENSG00000205081.nuc.ord	ENSG00000205081.nuc.ord.treefile	24.0	0.41379310344827586
TarvD7	ENSG00000205084.nuc.ord	ENSG00000205084.nuc.ord.treefile	44.0	0.8148148148148148
TarvD7	ENSG00000205085.nuc.ord	ENSG00000205085.nuc.ord.treefile	34.0	0.6296296296296297
TarvD7	ENSG00000205111.nuc.ord	ENSG00000205111.nuc.ord.treefile	38.0	0.6333333333333333
TarvD7	ENSG00000205126.nuc.ord	ENSG00000205126.nuc.ord.treefile	16.0	0.3076923076923077
TarvD7	ENSG00000205129.nuc.ord	ENSG00000205129.nuc.ord.treefile	32.0	0.6153846153846154
TarvD7	ENSG00000205143.nuc.ord	ENSG00000205143.nuc.ord.treefile	12.0	0.20689655172413793
TarvD7	ENSG00000205155.nuc.ord	ENSG00000205155.nuc.ord.treefile	32.0	0.6666666666666666
TarvD7	ENSG00000205184.nuc.ord	ENSG00000205184.nuc.ord.treefile	8.0	0.18181818181818182
TarvD7	ENSG00000205186.nuc.ord	ENSG00000205186.nuc.ord.treefile	22.0	0.4230769230769231
TarvD7	ENSG00000205213.nuc.ord	ENSG00000205213.nuc.ord.treefile	16.0	0.26666666666666666
TarvD7	ENSG00000205220.nuc.ord	ENSG00000205220.nuc.ord.treefile	20.0	0.3448275862068966
TarvD7	ENSG00000205221.nuc.ord	ENSG00000205221.nuc.ord.treefile	16.0	0.2962962962962963
TarvD7	ENSG00000205268.nuc.ord	ENSG00000205268.nuc.ord.treefile	16.0	0.25
TarvD7	ENSG00000205309.nuc.ord	ENSG00000205309.nuc.ord.treefile	28.0	0.5833333333333334
TarvD7	ENSG00000205336.nuc.ord	ENSG00000205336.nuc.ord.treefile	22.0	0.36666666666666664
TarvD7	ENSG00000205339.nuc.ord	ENSG00000205339.nuc.ord.treefile	10.0	0.1724137931034483
TarvD7	ENSG00000205352.nuc.ord	ENSG00000205352.nuc.ord.treefile	16.0	0.5714285714285714
TarvD7	ENSG00000205363.nuc.ord	ENSG00000205363.nuc.ord.treefile	10.0	0.2
TarvD7	ENSG00000205403.nuc.ord	ENSG00000205403.nuc.ord.treefile	12.0	0.18181818181818182
TarvD7	ENSG00000205464.nuc.ord	ENSG00000205464.nuc.ord.treefile	26.0	0.4482758620689655
TarvD7	ENSG00000205531.nuc.ord	ENSG00000205531.nuc.ord.treefile	30.0	0.5357142857142857
TarvD7	ENSG00000205560.nuc.ord	ENSG00000205560.nuc.ord.treefile	8.0	0.15384615384615385
TarvD7	ENSG00000205629.nuc.ord	ENSG00000205629.nuc.ord.treefile	24.0	0.3870967741935484
TarvD7	ENSG00000205639.nuc.ord	ENSG00000205639.nuc.ord.treefile	30.0	0.5
TarvD7	ENSG00000205659.nuc.ord	ENSG00000205659.nuc.ord.treefile	42.0	0.6774193548387096
TarvD7	ENSG00000205678.nuc.ord	ENSG00000205678.nuc.ord.treefile	24.0	0.4
TarvD7	ENSG00000205693.nuc.ord	ENSG00000205693.nuc.ord.treefile	26.0	0.4482758620689655
TarvD7	ENSG00000205726.nuc.ord	ENSG00000205726.nuc.ord.treefile	8.0	0.14285714285714285
TarvD7	ENSG00000205758.nuc.ord	ENSG00000205758.nuc.ord.treefile	24.0	0.42857142857142855
TarvD7	ENSG00000205765.nuc.ord	ENSG00000205765.nuc.ord.treefile	24.0	0.36363636363636365
TarvD7	ENSG00000205808.nuc.ord	ENSG00000205808.nuc.ord.treefile	14.0	0.3888888888888889
TarvD7	ENSG00000205832.nuc.ord	ENSG00000205832.nuc.ord.treefile	40.0	0.7142857142857143
TarvD7	ENSG00000205835.nuc.ord	ENSG00000205835.nuc.ord.treefile	18.0	0.2903225806451613
TarvD7	ENSG00000205838.nuc.ord	ENSG00000205838.nuc.ord.treefile	16.0	0.27586206896551724
TarvD7	ENSG00000205858.nuc.ord	ENSG00000205858.nuc.ord.treefile	28.0	0.5185185185185185
TarvD7	ENSG00000206044.nuc.ord	ENSG00000206044.nuc.ord.treefile	16.0	0.27586206896551724
TarvD7	ENSG00000206052.nuc.ord	ENSG00000206052.nuc.ord.treefile	38.0	0.6333333333333333
TarvD7	ENSG00000206075.nuc.ord	ENSG00000206075.nuc.ord.treefile	6.0	0.1111111111111111
TarvD7	ENSG00000206190.nuc.ord	ENSG00000206190.nuc.ord.treefile	22.0	0.34375
TarvD7	ENSG00000206199.nuc.ord	ENSG00000206199.nuc.ord.treefile	34.0	0.53125
TarvD7	ENSG00000206203.nuc.ord	ENSG00000206203.nuc.ord.treefile	24.0	0.6
TarvD7	ENSG00000206384.nuc.ord	ENSG00000206384.nuc.ord.treefile	8.0	0.18181818181818182
TarvD7	ENSG00000206418.nuc.ord	ENSG00000206418.nuc.ord.treefile	22.0	0.5
TarvD7	ENSG00000206422.nuc.ord	ENSG00000206422.nuc.ord.treefile	20.0	0.45454545454545453
TarvD7	ENSG00000206474.nuc.ord	ENSG00000206474.nuc.ord.treefile	12.0	0.5454545454545454
TarvD7	ENSG00000206527.nuc.ord	ENSG00000206527.nuc.ord.treefile	50.0	0.8333333333333334
TarvD7	ENSG00000206557.nuc.ord	ENSG00000206557.nuc.ord.treefile	28.0	0.5185185185185185
TarvD7	ENSG00000206559.nuc.ord	ENSG00000206559.nuc.ord.treefile	32.0	0.5161290322580645
TarvD7	ENSG00000206560.nuc.ord	ENSG00000206560.nuc.ord.treefile	18.0	0.2727272727272727
TarvD7	ENSG00000206561.nuc.ord	ENSG00000206561.nuc.ord.treefile	12.0	0.2
TarvD7	ENSG00000206562.nuc.ord	ENSG00000206562.nuc.ord.treefile	20.0	0.35714285714285715
TarvD7	ENSG00000211445.nuc.ord	ENSG00000211445.nuc.ord.treefile	26.0	0.5416666666666666
TarvD7	ENSG00000211450.nuc.ord	ENSG00000211450.nuc.ord.treefile	24.0	0.5
TarvD7	ENSG00000211452.nuc.ord	ENSG00000211452.nuc.ord.treefile	18.0	0.3333333333333333
TarvD7	ENSG00000211455.nuc.ord	ENSG00000211455.nuc.ord.treefile	26.0	0.5
TarvD7	ENSG00000211456.nuc.ord	ENSG00000211456.nuc.ord.treefile	26.0	0.41935483870967744
TarvD7	ENSG00000211460.nuc.ord	ENSG00000211460.nuc.ord.treefile	32.0	0.5517241379310345
TarvD7	ENSG00000212657.nuc.ord	ENSG00000212657.nuc.ord.treefile	10.0	0.35714285714285715
TarvD7	ENSG00000212658.nuc.ord	ENSG00000212658.nuc.ord.treefile	2.0	0.14285714285714285
TarvD7	ENSG00000212901.nuc.ord	ENSG00000212901.nuc.ord.treefile	24.0	0.6
TarvD7	ENSG00000212916.nuc.ord	ENSG00000212916.nuc.ord.treefile	10.0	0.2777777777777778
TarvD7	ENSG00000213015.nuc.ord	ENSG00000213015.nuc.ord.treefile	10.0	0.5
TarvD7	ENSG00000213022.nuc.ord	ENSG00000213022.nuc.ord.treefile	14.0	0.4375
TarvD7	ENSG00000213047.nuc.ord	ENSG00000213047.nuc.ord.treefile	28.0	0.5833333333333334
TarvD7	ENSG00000213054.nuc.ord	ENSG00000213054.nuc.ord.treefile	22.0	0.5238095238095238
TarvD7	ENSG00000213064.nuc.ord	ENSG00000213064.nuc.ord.treefile	16.0	0.38095238095238093
TarvD7	ENSG00000213066.nuc.ord	ENSG00000213066.nuc.ord.treefile	16.0	0.3333333333333333
TarvD7	ENSG00000213085.nuc.ord	ENSG00000213085.nuc.ord.treefile	26.0	0.40625
TarvD7	ENSG00000213123.nuc.ord	ENSG00000213123.nuc.ord.treefile	20.0	0.5263157894736842
TarvD7	ENSG00000213139.nuc.ord	ENSG00000213139.nuc.ord.treefile	18.0	0.47368421052631576
TarvD7	ENSG00000213160.nuc.ord	ENSG00000213160.nuc.ord.treefile	22.0	0.3548387096774194
TarvD7	ENSG00000213199.nuc.ord	ENSG00000213199.nuc.ord.treefile	16.0	0.42105263157894735
TarvD7	ENSG00000213204.nuc.ord	ENSG00000213204.nuc.ord.treefile	22.0	0.36666666666666664
TarvD7	ENSG00000213213.nuc.ord	ENSG00000213213.nuc.ord.treefile	10.0	0.25
TarvD7	ENSG00000213246.nuc.ord	ENSG00000213246.nuc.ord.treefile	22.0	0.5238095238095238
TarvD7	ENSG00000213265.nuc.ord	ENSG00000213265.nuc.ord.treefile	14.0	0.25
TarvD7	ENSG00000213281.nuc.ord	ENSG00000213281.nuc.ord.treefile	22.0	0.55
TarvD7	ENSG00000213337.nuc.ord	ENSG00000213337.nuc.ord.treefile	24.0	0.5714285714285714
TarvD7	ENSG00000213341.nuc.ord	ENSG00000213341.nuc.ord.treefile	16.0	0.25
TarvD7	ENSG00000213347.nuc.ord	ENSG00000213347.nuc.ord.treefile	28.0	0.6363636363636364
TarvD7	ENSG00000213380.nuc.ord	ENSG00000213380.nuc.ord.treefile	12.0	0.2
TarvD7	ENSG00000213390.nuc.ord	ENSG00000213390.nuc.ord.treefile	14.0	0.3181818181818182
TarvD7	ENSG00000213397.nuc.ord	ENSG00000213397.nuc.ord.treefile	16.0	0.32
TarvD7	ENSG00000213398.nuc.ord	ENSG00000213398.nuc.ord.treefile	18.0	0.4090909090909091
TarvD7	ENSG00000213420.nuc.ord	ENSG00000213420.nuc.ord.treefile	12.0	0.2222222222222222
TarvD7	ENSG00000213424.nuc.ord	ENSG00000213424.nuc.ord.treefile	14.0	0.2916666666666667
TarvD7	ENSG00000213445.nuc.ord	ENSG00000213445.nuc.ord.treefile	4.0	0.1
TarvD7	ENSG00000213463.nuc.ord	ENSG00000213463.nuc.ord.treefile	38.0	0.59375
TarvD7	ENSG00000213465.nuc.ord	ENSG00000213465.nuc.ord.treefile	20.0	0.625
TarvD7	ENSG00000213471.nuc.ord	ENSG00000213471.nuc.ord.treefile	32.0	0.5517241379310345
TarvD7	ENSG00000213523.nuc.ord	ENSG00000213523.nuc.ord.treefile	14.0	0.30434782608695654
TarvD7	ENSG00000213533.nuc.ord	ENSG00000213533.nuc.ord.treefile	14.0	0.3333333333333333
TarvD7	ENSG00000213585.nuc.ord	ENSG00000213585.nuc.ord.treefile	32.0	0.6153846153846154
TarvD7	ENSG00000213593.nuc.ord	ENSG00000213593.nuc.ord.treefile	16.0	0.38095238095238093
TarvD7	ENSG00000213614.nuc.ord	ENSG00000213614.nuc.ord.treefile	14.0	0.23333333333333334
TarvD7	ENSG00000213619.nuc.ord	ENSG00000213619.nuc.ord.treefile	26.0	0.3939393939393939
TarvD7	ENSG00000213625.nuc.ord	ENSG00000213625.nuc.ord.treefile	22.0	0.6111111111111112
TarvD7	ENSG00000213626.nuc.ord	ENSG00000213626.nuc.ord.treefile	36.0	0.6923076923076923
TarvD7	ENSG00000213638.nuc.ord	ENSG00000213638.nuc.ord.treefile	12.0	0.35294117647058826
TarvD7	ENSG00000213639.nuc.ord	ENSG00000213639.nuc.ord.treefile	30.0	0.5
TarvD7	ENSG00000213672.nuc.ord	ENSG00000213672.nuc.ord.treefile	4.0	0.1
TarvD7	ENSG00000213719.nuc.ord	ENSG00000213719.nuc.ord.treefile	14.0	0.3888888888888889
TarvD7	ENSG00000213722.nuc.ord	ENSG00000213722.nuc.ord.treefile	18.0	0.36
TarvD7	ENSG00000213760.nuc.ord	ENSG00000213760.nuc.ord.treefile	14.0	0.3888888888888889
TarvD7	ENSG00000213780.nuc.ord	ENSG00000213780.nuc.ord.treefile	12.0	0.3
TarvD7	ENSG00000213782.nuc.ord	ENSG00000213782.nuc.ord.treefile	28.0	0.4827586206896552
TarvD7	ENSG00000213809.nuc.ord	ENSG00000213809.nuc.ord.treefile	12.0	0.23076923076923078
TarvD7	ENSG00000213853.nuc.ord	ENSG00000213853.nuc.ord.treefile	16.0	0.4
TarvD7	ENSG00000213886.nuc.ord	ENSG00000213886.nuc.ord.treefile	14.0	0.5833333333333334
TarvD7	ENSG00000213892.nuc.ord	ENSG00000213892.nuc.ord.treefile	22.0	0.4583333333333333
TarvD7	ENSG00000213920.nuc.ord	ENSG00000213920.nuc.ord.treefile	12.0	0.35294117647058826
TarvD7	ENSG00000213923.nuc.ord	ENSG00000213923.nuc.ord.treefile	28.0	0.5185185185185185
TarvD7	ENSG00000213937.nuc.ord	ENSG00000213937.nuc.ord.treefile	16.0	0.5333333333333333
TarvD7	ENSG00000213949.nuc.ord	ENSG00000213949.nuc.ord.treefile	16.0	0.25
TarvD7	ENSG00000213965.nuc.ord	ENSG00000213965.nuc.ord.treefile	10.0	0.29411764705882354
TarvD7	ENSG00000213977.nuc.ord	ENSG00000213977.nuc.ord.treefile	26.0	0.65
TarvD7	ENSG00000213983.nuc.ord	ENSG00000213983.nuc.ord.treefile	12.0	0.2
TarvD7	ENSG00000213995.nuc.ord	ENSG00000213995.nuc.ord.treefile	22.0	0.4074074074074074
TarvD7	ENSG00000214013.nuc.ord	ENSG00000214013.nuc.ord.treefile	12.0	0.18181818181818182
TarvD7	ENSG00000214021.nuc.ord	ENSG00000214021.nuc.ord.treefile	12.0	0.25
TarvD7	ENSG00000214022.nuc.ord	ENSG00000214022.nuc.ord.treefile	8.0	0.26666666666666666
TarvD7	ENSG00000214087.nuc.ord	ENSG00000214087.nuc.ord.treefile	10.0	0.3125
TarvD7	ENSG00000214097.nuc.ord	ENSG00000214097.nuc.ord.treefile	16.0	0.42105263157894735
TarvD7	ENSG00000214102.nuc.ord	ENSG00000214102.nuc.ord.treefile	6.0	0.13636363636363635
TarvD7	ENSG00000214113.nuc.ord	ENSG00000214113.nuc.ord.treefile	22.0	0.6111111111111112
TarvD7	ENSG00000214114.nuc.ord	ENSG00000214114.nuc.ord.treefile	26.0	0.6842105263157895
TarvD7	ENSG00000214128.nuc.ord	ENSG00000214128.nuc.ord.treefile	20.0	0.5
TarvD7	ENSG00000214143.nuc.ord	ENSG00000214143.nuc.ord.treefile	14.0	0.3684210526315789
TarvD7	ENSG00000214160.nuc.ord	ENSG00000214160.nuc.ord.treefile	10.0	0.2631578947368421
TarvD7	ENSG00000214237.nuc.ord	ENSG00000214237.nuc.ord.treefile	0.0	0.0
TarvD7	ENSG00000214272.nuc.ord	ENSG00000214272.nuc.ord.treefile	6.0	0.14285714285714285
TarvD7	ENSG00000214290.nuc.ord	ENSG00000214290.nuc.ord.treefile	12.0	0.2727272727272727
TarvD7	ENSG00000214338.nuc.ord	ENSG00000214338.nuc.ord.treefile	32.0	0.5333333333333333
TarvD7	ENSG00000214357.nuc.ord	ENSG00000214357.nuc.ord.treefile	8.0	0.21052631578947367
TarvD7	ENSG00000214360.nuc.ord	ENSG00000214360.nuc.ord.treefile	6.0	0.14285714285714285
TarvD7	ENSG00000214367.nuc.ord	ENSG00000214367.nuc.ord.treefile	6.0	0.15
TarvD7	ENSG00000214376.nuc.ord	ENSG00000214376.nuc.ord.treefile	28.0	0.7
TarvD7	ENSG00000214415.nuc.ord	ENSG00000214415.nuc.ord.treefile	18.0	0.4090909090909091
TarvD7	ENSG00000214435.nuc.ord	ENSG00000214435.nuc.ord.treefile	22.0	0.4230769230769231
TarvD7	ENSG00000214447.nuc.ord	ENSG00000214447.nuc.ord.treefile	24.0	0.5217391304347826
TarvD7	ENSG00000214517.nuc.ord	ENSG00000214517.nuc.ord.treefile	42.0	0.6774193548387096
TarvD7	ENSG00000214530.nuc.ord	ENSG00000214530.nuc.ord.treefile	24.0	0.5714285714285714
TarvD7	ENSG00000214556.nuc.ord	ENSG00000214556.nuc.ord.treefile	12.0	0.3157894736842105
TarvD7	ENSG00000214575.nuc.ord	ENSG00000214575.nuc.ord.treefile	12.0	0.25
TarvD7	ENSG00000214595.nuc.ord	ENSG00000214595.nuc.ord.treefile	32.0	0.5
TarvD7	ENSG00000214655.nuc.ord	ENSG00000214655.nuc.ord.treefile	8.0	0.17391304347826086
TarvD7	ENSG00000214694.nuc.ord	ENSG00000214694.nuc.ord.treefile	16.0	0.3333333333333333
TarvD7	ENSG00000214706.nuc.ord	ENSG00000214706.nuc.ord.treefile	30.0	0.5
TarvD7	ENSG00000214732.nuc.ord	ENSG00000214732.nuc.ord.treefile	14.0	0.4666666666666667
TarvD7	ENSG00000214753.nuc.ord	ENSG00000214753.nuc.ord.treefile	22.0	0.36666666666666664
TarvD7	ENSG00000214814.nuc.ord	ENSG00000214814.nuc.ord.treefile	8.0	0.17391304347826086
TarvD7	ENSG00000214827.nuc.ord	ENSG00000214827.nuc.ord.treefile	44.0	0.7857142857142857
TarvD7	ENSG00000214866.nuc.ord	ENSG00000214866.nuc.ord.treefile	14.0	0.3684210526315789
TarvD7	ENSG00000214882.nuc.ord	ENSG00000214882.nuc.ord.treefile	12.0	0.1935483870967742
TarvD7	ENSG00000214941.nuc.ord	ENSG00000214941.nuc.ord.treefile	24.0	0.5217391304347826
TarvD7	ENSG00000214954.nuc.ord	ENSG00000214954.nuc.ord.treefile	16.0	0.38095238095238093
TarvD7	ENSG00000214960.nuc.ord	ENSG00000214960.nuc.ord.treefile	16.0	0.38095238095238093
TarvD7	ENSG00000215009.nuc.ord	ENSG00000215009.nuc.ord.treefile	4.0	0.13333333333333333
TarvD7	ENSG00000215018.nuc.ord	ENSG00000215018.nuc.ord.treefile	2.0	0.05263157894736842
TarvD7	ENSG00000215041.nuc.ord	ENSG00000215041.nuc.ord.treefile	12.0	0.20689655172413793
TarvD7	ENSG00000215103.nuc.ord	ENSG00000215103.nuc.ord.treefile	24.0	0.6666666666666666
TarvD7	ENSG00000215114.nuc.ord	ENSG00000215114.nuc.ord.treefile	20.0	0.4166666666666667
TarvD7	ENSG00000215183.nuc.ord	ENSG00000215183.nuc.ord.treefile	16.0	0.4444444444444444
TarvD7	ENSG00000215187.nuc.ord	ENSG00000215187.nuc.ord.treefile	24.0	0.6
TarvD7	ENSG00000215193.nuc.ord	ENSG00000215193.nuc.ord.treefile	8.0	0.2222222222222222
TarvD7	ENSG00000215203.nuc.ord	ENSG00000215203.nuc.ord.treefile	20.0	0.43478260869565216
TarvD7	ENSG00000215251.nuc.ord	ENSG00000215251.nuc.ord.treefile	20.0	0.45454545454545453
TarvD7	ENSG00000215262.nuc.ord	ENSG00000215262.nuc.ord.treefile	10.0	0.23809523809523808
TarvD7	ENSG00000215271.nuc.ord	ENSG00000215271.nuc.ord.treefile	12.0	0.3
TarvD7	ENSG00000215277.nuc.ord	ENSG00000215277.nuc.ord.treefile	8.0	0.18181818181818182
TarvD7	ENSG00000215296.nuc.ord	ENSG00000215296.nuc.ord.treefile	6.0	0.14285714285714285
TarvD7	ENSG00000215305.nuc.ord	ENSG00000215305.nuc.ord.treefile	8.0	0.12903225806451613
TarvD7	ENSG00000215367.nuc.ord	ENSG00000215367.nuc.ord.treefile	22.0	0.4782608695652174
TarvD7	ENSG00000215421.nuc.ord	ENSG00000215421.nuc.ord.treefile	20.0	0.3333333333333333
TarvD7	ENSG00000215440.nuc.ord	ENSG00000215440.nuc.ord.treefile	18.0	0.3333333333333333
TarvD7	ENSG00000215695.nuc.ord	ENSG00000215695.nuc.ord.treefile	8.0	0.2222222222222222
TarvD7	ENSG00000215712.nuc.ord	ENSG00000215712.nuc.ord.treefile	28.0	0.6666666666666666
TarvD7	ENSG00000215788.nuc.ord	ENSG00000215788.nuc.ord.treefile	4.0	0.10526315789473684
TarvD7	ENSG00000215831.nuc.ord	ENSG00000215831.nuc.ord.treefile	22.0	0.5789473684210527
TarvD7	ENSG00000215853.nuc.ord	ENSG00000215853.nuc.ord.treefile	10.0	0.29411764705882354
TarvD7	ENSG00000215883.nuc.ord	ENSG00000215883.nuc.ord.treefile	18.0	0.5625
TarvD7	ENSG00000215897.nuc.ord	ENSG00000215897.nuc.ord.treefile	22.0	0.3793103448275862
TarvD7	ENSG00000217128.nuc.ord	ENSG00000217128.nuc.ord.treefile	6.0	0.15
TarvD7	ENSG00000217236.nuc.ord	ENSG00000217236.nuc.ord.treefile	4.0	0.2222222222222222
TarvD7	ENSG00000218336.nuc.ord	ENSG00000218336.nuc.ord.treefile	20.0	0.4
TarvD7	ENSG00000219200.nuc.ord	ENSG00000219200.nuc.ord.treefile	28.0	0.7368421052631579
TarvD7	ENSG00000220205.nuc.ord	ENSG00000220205.nuc.ord.treefile	46.0	0.7931034482758621
TarvD7	ENSG00000221813.nuc.ord	ENSG00000221813.nuc.ord.treefile	14.0	0.4117647058823529
TarvD7	ENSG00000221818.nuc.ord	ENSG00000221818.nuc.ord.treefile	20.0	0.35714285714285715
TarvD7	ENSG00000221829.nuc.ord	ENSG00000221829.nuc.ord.treefile	10.0	0.1724137931034483
TarvD7	ENSG00000221838.nuc.ord	ENSG00000221838.nuc.ord.treefile	10.0	0.1724137931034483
TarvD7	ENSG00000221855.nuc.ord	ENSG00000221855.nuc.ord.treefile	6.0	0.17647058823529413
TarvD7	ENSG00000221914.nuc.ord	ENSG00000221914.nuc.ord.treefile	10.0	0.23809523809523808
TarvD7	ENSG00000221947.nuc.ord	ENSG00000221947.nuc.ord.treefile	14.0	0.25
TarvD7	ENSG00000221955.nuc.ord	ENSG00000221955.nuc.ord.treefile	10.0	0.2777777777777778
TarvD7	ENSG00000221968.nuc.ord	ENSG00000221968.nuc.ord.treefile	16.0	0.42105263157894735
TarvD7	ENSG00000221986.nuc.ord	ENSG00000221986.nuc.ord.treefile	6.0	0.13636363636363635
TarvD7	ENSG00000221988.nuc.ord	ENSG00000221988.nuc.ord.treefile	32.0	0.5517241379310345
TarvD7	ENSG00000222011.nuc.ord	ENSG00000222011.nuc.ord.treefile	12.0	0.35294117647058826
TarvD7	ENSG00000223501.nuc.ord	ENSG00000223501.nuc.ord.treefile	20.0	0.3333333333333333
TarvD7	ENSG00000223953.nuc.ord	ENSG00000223953.nuc.ord.treefile	16.0	0.5714285714285714
TarvD7	ENSG00000224296.nuc.ord	ENSG00000224296.nuc.ord.treefile	32.0	0.5714285714285714
TarvD7	ENSG00000225830.nuc.ord	ENSG00000225830.nuc.ord.treefile	12.0	0.18181818181818182
TarvD7	ENSG00000225921.nuc.ord	ENSG00000225921.nuc.ord.treefile	16.0	0.2857142857142857
TarvD7	ENSG00000226979.nuc.ord	ENSG00000226979.nuc.ord.treefile	26.0	0.4482758620689655
TarvD7	ENSG00000227057.nuc.ord	ENSG00000227057.nuc.ord.treefile	16.0	0.27586206896551724
TarvD7	ENSG00000227507.nuc.ord	ENSG00000227507.nuc.ord.treefile	28.0	0.5
TarvD7	ENSG00000227768.nuc.ord	ENSG00000227768.nuc.ord.treefile	12.0	0.4
TarvD7	ENSG00000231925.nuc.ord	ENSG00000231925.nuc.ord.treefile	16.0	0.3076923076923077
TarvD7	ENSG00000232329.nuc.ord	ENSG00000232329.nuc.ord.treefile	14.0	0.28
TarvD7	ENSG00000233276.nuc.ord	ENSG00000233276.nuc.ord.treefile	18.0	0.42857142857142855
TarvD7	ENSG00000234127.nuc.ord	ENSG00000234127.nuc.ord.treefile	30.0	0.5769230769230769
TarvD7	ENSG00000235568.nuc.ord	ENSG00000235568.nuc.ord.treefile	14.0	0.35
TarvD7	ENSG00000235718.nuc.ord	ENSG00000235718.nuc.ord.treefile	18.0	0.34615384615384615
TarvD7	ENSG00000236104.nuc.ord	ENSG00000236104.nuc.ord.treefile	2.0	0.045454545454545456
TarvD7	ENSG00000237441.nuc.ord	ENSG00000237441.nuc.ord.treefile	8.0	0.14285714285714285
TarvD7	ENSG00000239282.nuc.ord	ENSG00000239282.nuc.ord.treefile	22.0	0.4230769230769231
TarvD7	ENSG00000239305.nuc.ord	ENSG00000239305.nuc.ord.treefile	30.0	0.5172413793103449
TarvD7	ENSG00000239382.nuc.ord	ENSG00000239382.nuc.ord.treefile	28.0	0.6363636363636364
TarvD7	ENSG00000239388.nuc.ord	ENSG00000239388.nuc.ord.treefile	24.0	0.4
TarvD7	ENSG00000239704.nuc.ord	ENSG00000239704.nuc.ord.treefile	16.0	0.3333333333333333
TarvD7	ENSG00000239779.nuc.ord	ENSG00000239779.nuc.ord.treefile	14.0	0.2692307692307692
TarvD7	ENSG00000239857.nuc.ord	ENSG00000239857.nuc.ord.treefile	28.0	0.5185185185185185
TarvD7	ENSG00000239900.nuc.ord	ENSG00000239900.nuc.ord.treefile	32.0	0.5
TarvD7	ENSG00000240065.nuc.ord	ENSG00000240065.nuc.ord.treefile	24.0	0.42857142857142855
TarvD7	ENSG00000240230.nuc.ord	ENSG00000240230.nuc.ord.treefile	28.0	0.6363636363636364
TarvD7	ENSG00000240344.nuc.ord	ENSG00000240344.nuc.ord.treefile	28.0	0.56
TarvD7	ENSG00000240583.nuc.ord	ENSG00000240583.nuc.ord.treefile	22.0	0.44
TarvD7	ENSG00000240771.nuc.ord	ENSG00000240771.nuc.ord.treefile	18.0	0.34615384615384615
TarvD7	ENSG00000240857.nuc.ord	ENSG00000240857.nuc.ord.treefile	10.0	0.3125
TarvD7	ENSG00000241058.nuc.ord	ENSG00000241058.nuc.ord.treefile	12.0	0.1875
TarvD7	ENSG00000241106.nuc.ord	ENSG00000241106.nuc.ord.treefile	6.0	0.13043478260869565
TarvD7	ENSG00000241258.nuc.ord	ENSG00000241258.nuc.ord.treefile	32.0	0.6153846153846154
TarvD7	ENSG00000241360.nuc.ord	ENSG00000241360.nuc.ord.treefile	14.0	0.7
TarvD7	ENSG00000241399.nuc.ord	ENSG00000241399.nuc.ord.treefile	20.0	0.43478260869565216
TarvD7	ENSG00000241404.nuc.ord	ENSG00000241404.nuc.ord.treefile	8.0	0.26666666666666666
TarvD7	ENSG00000241685.nuc.ord	ENSG00000241685.nuc.ord.treefile	34.0	0.5483870967741935
TarvD7	ENSG00000241697.nuc.ord	ENSG00000241697.nuc.ord.treefile	20.0	0.3225806451612903
TarvD7	ENSG00000241839.nuc.ord	ENSG00000241839.nuc.ord.treefile	14.0	0.22580645161290322
TarvD7	ENSG00000241852.nuc.ord	ENSG00000241852.nuc.ord.treefile	14.0	0.3181818181818182
TarvD7	ENSG00000241878.nuc.ord	ENSG00000241878.nuc.ord.treefile	34.0	0.6296296296296297
TarvD7	ENSG00000241935.nuc.ord	ENSG00000241935.nuc.ord.treefile	28.0	0.4666666666666667
TarvD7	ENSG00000241945.nuc.ord	ENSG00000241945.nuc.ord.treefile	8.0	0.14285714285714285
TarvD7	ENSG00000242110.nuc.ord	ENSG00000242110.nuc.ord.treefile	12.0	0.20689655172413793
TarvD7	ENSG00000242247.nuc.ord	ENSG00000242247.nuc.ord.treefile	18.0	0.3
TarvD7	ENSG00000242372.nuc.ord	ENSG00000242372.nuc.ord.treefile	28.0	0.56
TarvD7	ENSG00000242485.nuc.ord	ENSG00000242485.nuc.ord.treefile	16.0	0.4
TarvD7	ENSG00000242715.nuc.ord	ENSG00000242715.nuc.ord.treefile	28.0	0.7
TarvD7	ENSG00000243156.nuc.ord	ENSG00000243156.nuc.ord.treefile	28.0	0.42424242424242425
TarvD7	ENSG00000243232.nuc.ord	ENSG00000243232.nuc.ord.treefile	12.0	0.23076923076923078
TarvD7	ENSG00000243284.nuc.ord	ENSG00000243284.nuc.ord.treefile	16.0	0.2857142857142857
TarvD7	ENSG00000243566.nuc.ord	ENSG00000243566.nuc.ord.treefile	28.0	0.5833333333333334
TarvD7	ENSG00000243646.nuc.ord	ENSG00000243646.nuc.ord.treefile	22.0	0.36666666666666664
TarvD7	ENSG00000243710.nuc.ord	ENSG00000243710.nuc.ord.treefile	24.0	0.3870967741935484
TarvD7	ENSG00000243725.nuc.ord	ENSG00000243725.nuc.ord.treefile	14.0	0.3888888888888889
TarvD7	ENSG00000243927.nuc.ord	ENSG00000243927.nuc.ord.treefile	24.0	0.5714285714285714
TarvD7	ENSG00000243943.nuc.ord	ENSG00000243943.nuc.ord.treefile	22.0	0.34375
TarvD7	ENSG00000244005.nuc.ord	ENSG00000244005.nuc.ord.treefile	16.0	0.26666666666666666
TarvD7	ENSG00000244038.nuc.ord	ENSG00000244038.nuc.ord.treefile	30.0	0.4838709677419355
TarvD7	ENSG00000244045.nuc.ord	ENSG00000244045.nuc.ord.treefile	16.0	0.2962962962962963
TarvD7	ENSG00000244274.nuc.ord	ENSG00000244274.nuc.ord.treefile	28.0	0.6086956521739131
TarvD7	ENSG00000244486.nuc.ord	ENSG00000244486.nuc.ord.treefile	8.0	0.16666666666666666
